v 0.0006565263611264527 0.007103271782398224 0.003945754840970039
v 0.0006565271760337055 0.0025499993935227394 0.003945754840970039
v -9.484194015385583e-05 0.007238929159939289 0.003998871892690659
v -0.0008566334727220237 0.0025500005576759577 0.0039071980863809586
v -0.0009092440013773739 0.007298678625375032 0.0038952911272644997
v -0.0009552923147566617 0.007298808544874191 0.003884249832481146
v -0.001627560006454587 0.0072689363732934 0.0036539058201014996
v -0.002247126307338476 0.0025500005576759577 0.003309141844511032
v -0.0022471249103546143 0.007188605610281229 0.0033091416116803885
v -0.003190360264852643 0.006965605076402426 0.0026686221826821566
v -0.004904079716652632 0.002550000324845314 0.0015048951609060168
v -0.004904080182313919 0.006205206271260977 0.0015048953937366605
v 0.0014999997802078724 0.0025500000920146704 -1.5689127774720646e-09
v 0.0012990371324121952 0.0025500007905066013 0.0007499983767047524
v 0.005549999885261059 0.0025499998591840267 0.005586475599557161
v -0.0007500007632188499 0.0025500007905066013 0.001299039926379919
v 5.317292717244015e-10 0.0025500000920146704 0.0015000036219134927
v 0.0007499994826503098 0.002550000324845314 0.0012990405084565282
v 0.002439370146021247 0.0025500005576759577 0.003942038863897324
v 0.004129732958972454 0.0025499991606920958 0.004508799407631159
v 0.0039100199937820435 0.00254999753087759 -0.002638912759721279
v 0.0012990370159968734 0.002550001023337245 -0.0007499991916120052
v 0.005137942265719175 0.002549998927861452 -0.0009556146687828004
v 0.005550000816583633 0.002550000324845314 4.413859187479829e-06
v -0.007649470120668411 0.002549998462200165 2.8705874228762696e-06
v -0.006734105292707682 0.0025500019546598196 0.0012883958406746387
v -0.005792670883238316 0.0025500005576759577 0.0011733189458027482
v -0.0074402326717972755 0.0025499986950308084 -0.000533405807800591
v -0.0014999989653006196 0.002549998229369521 -1.5768738537147442e-09
v -0.006327953189611435 0.002550000324845314 -0.002295255893841386
v -0.001299038645811379 0.0025500000920146704 -0.0007500028004869819
v -0.004480165895074606 0.002549999626353383 -0.0038074920885264874
v -0.00474505964666605 0.0025500014889985323 -0.0036501435097306967
v -0.005907323677092791 0.0025499991606920958 -0.002740569645538926
v -0.007516663521528244 0.0025499991606920958 0.0018242455553263426
v -0.00798271968960762 0.002549999626353383 0.001478310558013618
v -0.007958541624248028 0.002550001721829176 0.0026382808573544025
v -0.0012990377144888043 0.0025499993935227394 0.0007500030333176255
v 0.002407769439741969 0.0025500014889985323 -0.0037918253801763058
v 0.0007500000647269189 0.0025499993935227394 -0.0012990360846742988
v 0.0028671957552433014 0.0025499998591840267 -0.00350553379394114
v 0.0038206479512155056 0.0025500019546598196 -0.0027276163455098867
v -0.0019529398996382952 0.002549999626353383 -0.00465016532689333
v -0.00231257826089859 0.002549999626353383 -0.0045936498790979385
v -0.0007500001811422408 0.0025500000920146704 -0.001299036666750908
v -0.0026553068310022354 0.0025500005576759577 -0.0045216623693704605
v -0.002832686295732856 0.0025499991606920958 -0.0044772629626095295
v 0.0002969340421259403 0.0025500005576759577 -0.004577597603201866
v 0.0002762997173704207 0.0025500000920146704 -0.004581626038998365
v -5.433795080556081e-10 0.002550001023337245 -0.0014999997802078724
v -0.0007613604539074004 0.002549998462200165 -0.004702863283455372
v -0.0018054922111332417 0.0025499993935227394 -0.004667812958359718
v 0.002239828696474433 0.0025500005576759577 -0.0038846044335514307
v 0.001573474844917655 0.0025499993935227394 -0.004196858499199152
v 0.0006008892669342458 0.002549998462200165 -0.004510725848376751
v 0.00038300425512716174 0.000438012822996825 -0.00506531773135066
v 0.00048433939809910953 0.00012613368744496256 -0.005065320525318384
v -0.0010500021744519472 -0.00019999819051008672 -0.005231187213212252
v 0.00021903957531321794 0.0007220087572932243 -0.0050653209909796715
v -3.88641069548612e-07 0.0009657088085077703 -0.0050653195939958096
v -0.00026569070178084075 0.0011584620224311948 -0.005065320525318384
v -0.0008860359666869044 0.001360025955364108 -0.00506531773135066
v -0.0005652699619531631 0.0012918435968458652 -0.005065321456640959
v -0.0012139639584347606 0.001360023394227028 -0.005065317265689373
v -0.0015347314765676856 0.0012918455759063363 -0.005065316334366798
v -0.0018343075644224882 0.0011584608582779765 -0.0050653209909796715
v -0.002099609700962901 0.000965709681622684 -0.005065318197011948
v -0.0023190381471067667 0.0007220102706924081 -0.005065316334366798
v -0.0024830021429806948 0.0004380124737508595 -0.005065320525318384
v -0.0025843384210020304 0.00012613269791472703 -0.0050653195939958096
v -0.002618617145344615 -0.00020000131917186081 -0.00506531773135066
v -0.0025843381881713867 -0.0005261360784061253 -0.0050653209909796715
v -0.002483004704117775 -0.0008380132494494319 -0.005065316800028086
v -0.0023190383799374104 -0.0011220111045986414 -0.005065320525318384
v -0.002099611097946763 -0.0013657085364684463 -0.0050653149373829365
v -0.0018343081464990973 -0.0015584643697366118 -0.0050653209909796715
v -0.0015347281005233526 -0.0016918453620746732 -0.005065320059657097
v -0.0012139660539105535 -0.001760023063980043 -0.005065318197011948
v -0.0008860357338562608 -0.0017600231803953648 -0.005065317265689373
v -0.0005652713007293642 -0.001691843499429524 -0.005065320059657097
v -0.00026569125475361943 -0.0015584633219987154 -0.0050653209909796715
v -3.901245975157508e-07 -0.0013657094677910209 -0.005065316334366798
v 0.00021903833840042353 -0.001122010056860745 -0.005065318662673235
v 0.00038300338201224804 -0.0008380148792639375 -0.0050653209909796715
v 0.0004843386705033481 -0.0005261325277388096 -0.0050653149373829365
v 0.0005186166381463408 -0.0001999991072807461 -0.005065317265689373
v -0.006164859049022198 -0.0024772833567112684 -0.0027214016299694777
v -0.007005203980952501 -0.002851427299901843 -0.0014400319196283817
v -0.00742633081972599 -0.0015553314005956054 -0.001440029707737267
v 0.004586704075336456 -0.002950000111013651 -0.001843983423896134
v 0.004905203357338905 -0.0028514277655631304 -0.0014400244690477848
v 0.005549999885261059 -0.002950000576674938 4.41021711594658e-06
v 0.00380835123360157 -0.0029499991796910763 -0.002739572897553444
v 0.004064860288053751 -0.0024772826582193375 -0.0027214009314775467
v 0.0023502325639128685 -0.0029500010423362255 -0.0038242966402322054
v 0.0025350674986839294 -0.0028047047089785337 -0.0037820416036993265
v 0.0028370581567287445 -0.0029500003438442945 -0.003525865962728858
v -0.008485094644129276 0.0003592853609006852 0.0014585298486053944
v -0.00831853412091732 0.00146479404065758 0.001464511500671506
v -0.008044061250984669 0.0012866350589320064 5.3958710850565694e-06
v -0.0025839258451014757 0.002456837799400091 -0.0045750439167022705
v -0.00310279312543571 0.0020798572804778814 -0.004575043451040983
v 0.002535066567361355 0.0024047044571489096 -0.0037820388097316027
v 0.005549999885261059 -0.0019982897210866213 -0.0008062745328061283
v 0.005326332990080118 0.0011553296353667974 -0.0014400300569832325
v 0.004905203823000193 0.002451428445056081 -0.0014400291256606579
v 0.005549999885261059 -0.001625262200832367 -0.0009959437884390354
v 0.0053263320587575436 -0.0015553329139947891 -0.0014400294749066234
v 0.0055499994195997715 -0.0008250920218415558 -0.0012382178101688623
v 0.005468782037496567 -0.00020000006770715117 -0.0014400313375517726
v 0.005549998953938484 0.00042509310878813267 -0.001238220022059977
v 0.005550001282244921 0.0015982880722731352 -0.0008062778506428003
v 0.004064859822392464 0.0020772835705429316 -0.0027213962748646736
v 0.002998272655531764 0.0016024087090045214 -0.003782042069360614
v 0.00143194361589849 0.001603238401003182 -0.0045750378631055355
v 0.001002793782390654 0.0020798579789698124 -0.004575042519718409
v 0.0004839249304495752 0.002456837799400091 -0.004575036931782961
v -0.006164859980344772 0.002077281940728426 -0.002721396740525961
v -0.007005203515291214 0.002451427513733506 -0.001440028310753405
v -0.008200310170650482 -0.00020000030053779483 5.39405027666362e-06
v -0.008506077341735363 -0.00020000030053779483 0.0014583033043891191
v -0.00804405938833952 -0.0016866340301930904 5.39212669536937e-06
v -0.008317778818309307 -0.0018700958462432027 0.0014687046641483903
v -0.008484646677970886 -0.0007672671927139163 0.0014599435962736607
v -0.007983512245118618 -0.002950000576674938 0.0014852855820208788
v -0.007649479433894157 -0.002950001275166869 2.896320211220882e-06
v -0.007442736532539129 -0.0029500019736588 -0.0005276887095533311
v -0.004749029874801636 -0.0029499996453523636 -0.003647663863375783
v -0.0059072477743029594 -0.002949998714029789 -0.002740643685683608
v -0.006331525277346373 -0.002950000809505582 -0.0022911238484084606
v -0.0023125631269067526 -0.0029499996453523636 -0.00459365826100111
v -0.002655588323250413 -0.002950000576674938 -0.0045215957798063755
v -0.0025839265435934067 -0.002856836887076497 -0.004575040191411972
v -0.002836459083482623 -0.0029500010423362255 -0.004476266913115978
v 0.0002736173919402063 -0.0029499998781830072 -0.004582137335091829
v 0.00048392644384875894 -0.002856838284060359 -0.004575040657073259
v 0.0012820216361433268 -0.002950000111013651 -0.004307598806917667
v 0.0010027930838987231 -0.0024798584636300802 -0.004575041122734547
v 0.0014749024994671345 -0.00294999941252172 -0.004235988017171621
v 0.003120432374998927 -0.002950000809505582 -0.003325383411720395
v 0.0029982752166688442 -0.0020024089608341455 -0.003782043233513832
v -0.00756878312677145 -0.0001999993692152202 -0.001440029707737267
v -0.0066489106975495815 -0.00020000088261440396 -0.002721397904679179
v -0.006526562850922346 -0.00136407813988626 -0.002721400000154972
v -0.006526560988277197 0.0009640778880566359 -0.002721398836001754
v -0.00742633081972599 0.0011553309159353375 -0.0014400302898138762
v 0.004426560830324888 -0.0013640787219628692 -0.0027213990688323975
v 0.00454891100525856 -0.00019999989308416843 -0.0027213997673243284
v 0.004426559899002314 0.0009640796342864633 -0.0027213990688323975
v -0.005098271649330854 -0.002002409193664789 -0.003782044630497694
v -0.005384551826864481 -0.0011213362449780107 -0.0037820388097316027
v -0.005481387954205275 -0.00019999916548840702 -0.003782042069360614
v -0.005384551826864481 0.0007213379140011966 -0.003782039973884821
v -0.005098272114992142 0.0016024059150367975 -0.0037820423021912575
v -0.004635067190974951 0.002404703525826335 -0.0037820450961589813
v 0.0032845502719283104 -0.0011213370598852634 -0.0037820397410541773
v 0.0033813882619142532 -0.00020000194490421563 -0.003782044630497694
v 0.0032845502719283104 0.0007213370408862829 -0.0037820409052073956
v -0.003531943541020155 0.0016032374696806073 -0.00457503879442811
v -0.003852622117847204 0.0010478077456355095 -0.004575041588395834
v -0.004050812683999538 0.00043784285662695765 -0.00457503879442811
v -0.004117852542549372 -0.00019999954383820295 -0.0045750378631055355
v -0.004050812218338251 -0.000837842293549329 -0.004575042054057121
v -0.003852622816339135 -0.0014478061348199844 -0.0045750378631055355
v -0.0035319447051733732 -0.0020032369066029787 -0.004575039725750685
v -0.004635068122297525 -0.002804703777655959 -0.0037820409052073956
v -0.00310279312543571 -0.0024798584636300802 -0.004575042054057121
v 0.00143194489646703 -0.0020032385364174843 -0.004575037397444248
v 0.0017526226583868265 -0.0014478082302957773 -0.004575042985379696
v 0.001950811012648046 -0.0008378420025110245 -0.004575038328766823
v 0.002017850987613201 -0.00019999960204586387 -0.004575039725750685
v 0.0019508122932165861 0.0004378412268124521 -0.004575042519718409
v 0.0017526218434795737 0.0010478076292201877 -0.004575039725750685
v -0.001952751656062901 -0.0029500003438442945 -0.004650189075618982
v -0.0018089846707880497 -0.0029499998781830072 -0.00466743391007185
v -0.0007644810248166323 -0.0029499991796910763 -0.0047029852867126465
v -0.0014999998966231942 -0.00294999941252172 1.7632264537326137e-09
v -0.0012990377144888043 -0.002950000809505582 0.000749999366234988
v 5.133137803703391e-10 -0.002950000111013651 0.001500000013038516
v -0.0008566334727220237 -0.0029499996453523636 0.00390719436109066
v -0.0007500007632188499 -0.0029499991796910763 0.0012990363175049424
v -0.0022471279371529818 -0.0029499975498765707 0.003309145336970687
v 0.00129903934430331 -0.0029500017408281565 -0.0007500015781261027
v 0.0015000005951151252 -0.002950000576674938 3.0484683666287538e-09
v 0.001299037947319448 -0.0029499998781830072 0.0007500030333176255
v -0.004904081579297781 -0.0029499982483685017 0.0015048985369503498
v -0.0057764858938753605 -0.0029499998781830072 0.0011752961436286569
v -0.006724976003170013 -0.002950000111013651 0.0012849759077653289
v -0.007514534052461386 -0.0029499998781830072 0.0018218726618215442
v -0.007959411479532719 -0.0029499989468604326 0.002641514874994755
v 0.000750000006519258 -0.002950000809505582 -0.0012990396935492754
v 1.7853996059358224e-09 -0.0029500017408281565 -0.0015000022249296308
v -0.0007500001811422408 -0.002950000111013651 -0.0012990403920412064
v -0.001299037947319448 -0.002950000809505582 -0.0007499982020817697
v 0.005549999885261059 -0.0029500003438442945 0.005586471874266863
v 0.0041297320276498795 -0.0029499984811991453 0.00450880266726017
v 0.0007499994244426489 -0.0029499998781830072 0.0012990368995815516
v 0.002439370146021247 -0.0029500010423362255 0.003942043520510197
v 0.0006565271760337055 -0.002950000809505582 0.003945751115679741
v -0.004904080647975206 -0.006607584189623594 0.0015048949280753732
v -0.004242673981934786 -0.006961473263800144 0.0019540356006473303
v -0.003270351327955723 -0.007343189790844917 0.002614302560687065
v -0.002247126307338476 -0.007590985391288996 0.0033091434743255377
v -0.002081705257296562 -0.007617421448230743 0.0034156269393861294
v -0.0010959369828924537 -0.00769985793158412 0.0038469373248517513
v -0.0008566333563067019 -0.007697506807744503 0.003907192498445511
v -0.00010074937017634511 -0.007639685180038214 0.003998730797320604
v 0.0006565279327332973 -0.007503272965550423 0.003945751115679741
v 0.005549998488277197 0.0033623031340539455 0.005586476996541023
v 0.005549999885261059 0.00336230150423944 0.00664967717602849
v 0.005549998953938484 -0.003762301057577133 0.006649676710367203
v 0.005549999885261059 -0.003762301988899708 0.005586477927863598
v 0.005723284091800451 -0.0034206570126116276 0.006649675313383341
v 0.005798058584332466 0.002858448773622513 0.006649671588093042
v 0.006384683772921562 0.0007876731106080115 0.006649672985076904
v 0.0063590542413294315 -0.0013644364662468433 0.006649671122431755
v -7.026825649125712e-11 -0.005199999548494816 -0.0009667497943155468
v -7.636541399236307e-10 -0.005199999548494816 -0.001499997335486114
v 0.0004833748971577734 -0.0052000004798173904 -0.0008372330339625478
v 0.0007499997736886144 -0.005199999548494816 -0.0012990419054403901
v 0.0008372292504645884 -0.005199999548494816 -0.0004833727434743196
v 0.0012990374816581607 -0.005199998617172241 -0.0007499968050979078
v 0.0009667503763921559 -0.005200000014156103 3.088256317340665e-09
v 0.0014999996637925506 -0.005200000014156103 8.369315795953014e-10
v 0.0008372293668799102 -0.0051999990828335285 0.00048337725456804037
v 0.0012990377144888043 -0.0051999990828335285 0.0007500007632188499
v 0.00048337652697227895 -0.005200000945478678 0.0008372293086722493
v 0.0007500015781261027 -0.005200001411139965 0.001299035968258977
v -4.190884306254361e-10 -0.0051999990828335285 0.0009667502017691731
v -4.2014142165314183e-10 -0.005199999548494816 0.0014999978011474013
v -0.0004833760904148221 -0.0051999990828335285 0.0008372333832085133
v -0.000749999366234988 -0.005200001411139965 0.001299035269767046
v -0.0008372304146178067 -0.005199999548494816 0.00048337315092794597
v -0.001299037947319448 -0.005200000014156103 0.0007499971543438733
v -0.0009667485137470067 -0.005200001411139965 -1.447288178191286e-09
v -0.0015000008279457688 -0.0051999990828335285 -4.4831027778968746e-10
v -0.0008372305892407894 -0.005200000014156103 -0.000483376847114414
v -0.0012990381801500916 -0.005199999548494816 -0.0007500004139728844
v -0.0004833746643271297 -0.005200000014156103 -0.0008372276206500828
v -0.0007499997154809535 -0.005199999548494816 -0.0012990343384444714
v 0.0011085133301094174 0.006900000385940075 -0.0006400023703463376
v 0.0006399986450560391 0.006900000851601362 -0.0011085094884037971
v -2.0982198617458536e-11 0.006899999920278788 -9.329303995997407e-10
v 8.033622656000716e-10 0.0068999994546175 -0.0012799986870959401
v -0.0006399993435479701 0.006899999920278788 -0.0011085100704804063
v 0.000640000042039901 0.0068999994546175 0.0011085164733231068
v 0.0011085132136940956 0.006900000385940075 0.0006400037091225386
v 0.0012800003169104457 0.006899998523294926 8.862308664703278e-10
v -0.0011085133301094174 0.006899999920278788 0.0006400005077011883
v -0.0006400002748705447 0.0069000013172626495 0.0011085146106779575
v 1.5018679633271859e-09 0.006899998057633638 0.001279998105019331
v -0.0011085125152021646 0.006899998988956213 -0.0006399973062798381
v -0.0012799979886040092 0.006899998988956213 -1.487277634382167e-09
v 0.0004833739949390292 -0.00549999950453639 -0.0008372310549020767
v 0.0009500014712102711 -0.0055000013671815395 -0.0016454494325444102
v -9.823333257941158e-10 -0.005499998573213816 -0.0009667478734627366
v 5.4238068897261016e-11 -0.005499999970197678 -0.0019000035244971514
v -0.00048337396583519876 -0.0055000013671815395 -0.0008372326847165823
v -0.0009499991429038346 -0.0055000013671815395 -0.0016454469878226519
v -0.0008372308220714331 -0.005499998573213816 -0.0004833748971577734
v -0.0016454476863145828 -0.005500000901520252 -0.0009500014712102711
v -0.0009667494450695813 -0.005500000435858965 5.109467293706871e-10
v -0.0019000001484528184 -0.005499999970197678 -2.442135826896674e-09
v -0.0008372313459403813 -0.005499999038875103 0.00048337510088458657
v -0.0016454472206532955 -0.0055000013671815395 0.0009499972220510244
v -0.0004833753628190607 -0.005499999970197678 0.0008372283773496747
v -0.0009499997831881046 -0.005499999970197678 0.0016454479191452265
v -1.331153409722674e-09 -0.005499998107552528 0.0009667521226219833
v -7.521262501697379e-10 -0.005499999038875103 0.0019000008469447494
v 0.0004833756247535348 -0.005500000435858965 0.0008372312295250595
v 0.0009500007727183402 -0.005500000435858965 0.0016454454744234681
v 0.0008372301235795021 -0.005500000435858965 0.0004833721905015409
v 0.0016454493161290884 -0.005500000901520252 0.0009500000160187483
v 0.0009667510748840868 -0.005500000901520252 -1.9608039636409558e-09
v 0.001899999100714922 -0.005499999038875103 -2.6630198046717624e-10
v 0.0008372306474484503 -0.005499999970197678 -0.00048337780754081905
v 0.0016454486176371574 -0.005500000435858965 -0.0009499986772425473
v -0.0016420731553807855 -0.007500000763684511 0.00043999418267048895
v -0.0016999985091388226 -0.007500001695007086 -3.0498854552973853e-09
v -0.000866025744471699 -0.007499999832361937 -3.860419095502721e-09
v 0.00043301197001710534 -0.007499999366700649 -0.0007500008214265108
v 0.0008500000112690032 -0.007499999366700649 -0.0014722408959642053
v 0.0012020814465358853 -0.007499999366700649 -0.0012020800495520234
v -0.0016420739702880383 -0.007500000298023224 -0.0004399954923428595
v -0.0014722434571012855 -0.007499999832361937 -0.0008500037947669625
v -0.00043301223195157945 -0.007500000763684511 -0.0007499988423660398
v -0.0012020826106891036 -0.007499998901039362 -0.0012020792346447706
v -0.0008500019321218133 -0.007499997969716787 -0.0014722406631335616
v -0.0004399916506372392 -0.007500000763684511 0.0016420759493485093
v -0.0008500013500452042 -0.007499998435378075 0.001472245785407722
v -0.0004330120573285967 -0.007500000763684511 0.0007499987259507179
v -0.0012020815629512072 -0.007500000298023224 0.0012020779540762305
v -0.001472243806347251 -0.007499999366700649 0.0008499978575855494
v 0.0014722440391778946 -0.007500000298023224 -0.0008499999530613422
v 0.0016420757165178657 -0.0075000012293457985 -0.00043999505578540266
v 0.0008660256862640381 -0.007500000298023224 1.7269030649913475e-09
v 0.0017000007210299373 -0.007500000763684511 2.1811832340290493e-09
v 0.0016420736210420728 -0.007499999832361937 0.00043999336776323617
v 0.0014722433406859636 -0.007499999832361937 0.0008500016410835087
v 0.001202080980874598 -0.007499998901039362 0.0012020841240882874
v 0.0004330144729465246 -0.007500001695007086 0.000749998027458787
v -0.0004399932804517448 -0.007499998901039362 -0.0016420709434896708
v -5.026037364075364e-10 -0.007499999832361937 -0.0016999992076307535
v 0.00043999392073601484 -0.0075000012293457985 -0.001642076764255762
v 0.0008499998366460204 -0.007500000298023224 0.0014722455525770783
v 0.0004399915924295783 -0.007499998901039362 0.0016420758329331875
v 7.376976113304679e-11 -0.007500000298023224 0.0016999971121549606
v -0.00043301354162395 -0.006499999202787876 0.0007499979110434651
v -0.0008660249295644462 -0.006500001065433025 -3.370184131767928e-09
v 0.0004330129886511713 -0.006500000599771738 0.0007499972125515342
v 0.0008660245221108198 -0.0064999982714653015 9.460906502667399e-10
v 0.0004330128140281886 -0.006500000599771738 -0.0007500003557652235
v -0.00043301371624693274 -0.006499999202787876 -0.0007499996572732925
v 1.6578854955540123e-09 -0.0064343856647610664 -2.913651542257867e-09
v -0.008541753515601158 -0.0005515905795618892 0.019407646730542183
v -0.008481823839247227 0.0008089583134278655 0.019886303693056107
v -0.008549986407160759 -0.00021398821263574064 0.019161155447363853
v -0.008549986407160759 -0.00018601292686071247 0.0191611610352993
v -0.008549998514354229 -0.0002000019740080461 0.01915094070136547
v -0.008529075421392918 -0.0007598274387419224 0.019559528678655624
v -0.008425896055996418 -0.0015587405068799853 0.020139599218964577
v -0.008362345397472382 0.0014672199031338096 0.02036173827946186
v -0.008175231516361237 -0.002541170222684741 0.020841412246227264
v -0.008282927796244621 0.0017836210317909718 0.020588036626577377
v -0.008175230585038662 0.002141170436516404 0.020841415971517563
v -0.008031554520130157 -0.0029400561470538378 0.021149534732103348
v -0.007545190863311291 -0.003949999809265137 0.022192543372511864
v -0.007261928170919418 -0.0031500007025897503 0.02279999852180481
v -0.006151295267045498 -0.005697889719158411 0.025181757286190987
v -0.005274899769574404 -0.006396791432052851 0.02706119790673256
v -0.0033986528869718313 -0.0031500018667429686 0.0310848169028759
v -0.0043692272156476974 -0.006925527937710285 0.02900342084467411
v -0.0033986542839556932 -0.007322768215090036 0.0310848169028759
v -0.007896543480455875 0.0028618336655199528 0.02143905870616436
v -0.0033986526541411877 0.006922766100615263 0.0310848169028759
v -0.004304126836359501 0.00655726483091712 0.029143022373318672
v -0.003398654516786337 0.0031500007025897503 0.0310848206281662
v -0.005274899769574404 0.005996790248900652 0.02706119604408741
v -0.006913737393915653 -0.004876172170042992 0.023546703159809113
v -0.007545189466327429 0.003549998626112938 0.022192539647221565
v -0.00726192956790328 0.003150001633912325 0.022800002247095108
v -0.006913735996931791 0.004476173315197229 0.023546701297163963
v -0.006151295267045498 0.005297888536006212 0.025181759148836136
v 0.0035886457189917564 -0.006093467120081186 0.028411826118826866
v 0.0035886457189917564 -0.003249999601393938 0.028411826118826866
v 0.0037284493446350098 -0.0059806909412145615 0.02909856289625168
v 0.0037264011334627867 -0.0031499990727752447 0.029079969972372055
v 0.0037371532525867224 -0.005973486229777336 0.02981012687087059
v 0.0037371551152318716 -0.0031500004697591066 0.029810123145580292
v 0.0036103338934481144 -0.006076331250369549 0.03051389381289482
v 0.0033601911272853613 -0.0031500014010816813 0.03116481564939022
v 0.0033601894974708557 -0.00626631872728467 0.03116481564939022
v 0.0031748993787914515 -0.006396789103746414 0.03149562329053879
v 0.0025107574183493853 -0.0031499997712671757 0.032285425812006
v 0.0025107581168413162 -0.006800833158195019 0.0322854220867157
v 0.0019501229980960488 -0.007073814049363136 0.03270304948091507
v 0.0013082941295579076 -0.0031499997712671757 0.03301437944173813
v 0.0011606634361669421 -0.0073667955584824085 0.033065859228372574
v 0.0005576060502789915 -0.007525679189711809 0.03320831060409546
v -7.812518015271053e-05 -0.003150000236928463 0.03324918821454048
v -7.812605326762423e-05 -0.007636763155460358 0.03324918821454048
v -0.001050000311806798 -0.007699999958276749 0.03310000151395798
v -0.0014535587979480624 -0.003150001633912325 0.03295682743191719
v -0.0014535607770085335 -0.0076891337521374226 0.03295683115720749
v -0.0020778162870556116 -0.007629240397363901 0.03262172266840935
v -0.002624614629894495 -0.0031499983742833138 0.03217841684818268
v -0.0026246134657412767 -0.007532842922955751 0.03217841684818268
v -0.0032606639433652163 -0.0073667955584824085 0.03135218098759651
v 0.004170084837824106 -0.005585233680903912 0.02360965870320797
v 0.004484621807932854 -0.005261416081339121 0.023132724687457085
v 0.0041700853034853935 -0.0032500019297003746 0.02360965497791767
v 0.004813736770302057 -0.004876174032688141 0.022721191868185997
v 0.004746021702885628 -0.0032500012312084436 0.02279999665915966
v 0.005202192347496748 -0.004342473577708006 0.022316763177514076
v 0.0047460198402404785 0.0031500004697591066 0.02280000038444996
v 0.005202190484851599 0.003942475188523531 0.022316763177514076
v 0.004170083440840244 0.0031499997712671757 0.02360965870320797
v 0.004675569478422403 0.00464436411857605 0.022885018959641457
v 0.004170082975178957 0.0051852320320904255 0.02360965870320797
v 0.003530283458530903 0.0031499990727752447 0.02513526938855648
v 0.004037702456116676 0.00531047023832798 0.023844709619879723
v 0.0037563403602689505 0.0055575259029865265 0.024450629949569702
v 0.003530283458530903 0.0057389396242797375 0.02513526752591133
v 0.0033743518870323896 0.005855998955667019 0.025946499779820442
v 0.003331430722028017 0.003150002099573612 0.026777612045407295
v 0.003588647348806262 0.0056934659369289875 0.028411826118826866
v 0.0035886461846530437 0.0031499993056058884 0.028411831706762314
v 0.003404285991564393 0.005834016017615795 0.027608953416347504
v 0.0033314311876893044 0.005887122359126806 0.026777612045407295
v 0.0038055882323533297 -0.0059160529635846615 0.024330757558345795
v 0.0035302829928696156 -0.0032500000670552254 0.025135265663266182
v 0.003530282760038972 -0.006138939410448074 0.02513526938855648
v 0.0033746478147804737 -0.0062557789497077465 0.025944063439965248
v 0.0033314318861812353 -0.0032500000670552254 0.026777608320116997
v 0.003331432119011879 -0.0062871226109564304 0.026777612045407295
v 0.003403646871447563 -0.006234484724700451 0.02760491706430912
v 0.005576994735747576 -0.0037118284963071346 0.0219084732234478
v 0.00593193992972374 -0.002939073834568262 0.021382879465818405
v 0.005962340626865625 -0.0028602785896509886 0.021328115835785866
v 0.006062318570911884 0.002180110663175583 0.02113199047744274
v 0.005689837969839573 0.003090075682848692 0.021760044619441032
v 0.00544735137373209 0.0035462540108710527 0.02206284925341606
v 0.006125220097601414 0.001983162248507142 0.02099294401705265
v 0.00612582778558135 -0.0023811731953173876 0.020991532132029533
v 0.006238893605768681 0.001566923689097166 0.02069639414548874
v 0.006238893605768681 -0.0019669244065880775 0.02069639414548874
v 0.006262107752263546 0.0014682576293125749 0.0206256415694952
v 0.006449998822063208 -0.0001999978703679517 0.019414100795984268
v 0.0064499881118535995 -0.0001860137126641348 0.019424309954047203
v 0.00644998624920845 -0.00021398735407274216 0.019424311816692352
v 0.00643211230635643 -0.0007162480615079403 0.01979195699095726
v 0.006429079454392195 -0.0007597915828227997 0.01982266642153263
v 0.006380518898367882 -0.001218509511090815 0.02015639841556549
v 0.00641061132773757 0.000567638548091054 0.019974054768681526
v 0.003610471962019801 0.005676222965121269 0.03051340952515602
v 0.0033601908944547176 0.0058663166128098965 0.03116481564939022
v 0.003360189963132143 0.0031500014010816813 0.03116482123732567
v -0.0030609227251261473 0.007025382947176695 0.03166639059782028
v -0.0026246127672493458 0.0031499993056058884 0.03217841312289238
v -0.002624612068757415 0.0071328431367874146 0.03217841684818268
v -0.0021678160410374403 0.007216229569166899 0.03255991265177727
v -0.0014535607770085335 0.0031500004697591066 0.03295683115720749
v -0.0014535592636093497 0.007289134431630373 0.03295683115720749
v -0.0007755354163236916 0.007294976618140936 0.03316893428564072
v -7.812554395059124e-05 0.0031500000040978193 0.03324918821454048
v 6.781701813451946e-05 0.007216230034828186 0.0332493856549263
v 0.0007031323038972914 0.007092223968356848 0.033183492720127106
v 0.001308293780311942 0.0031500004697591066 0.03301437571644783
v 0.0013082942459732294 0.006919582840055227 0.03301437944173813
v 0.002204127609729767 0.006557266227900982 0.03253386542201042
v 0.0025107571855187416 0.0031500004697591066 0.0322854220867157
v 0.002510757651180029 0.006400833837687969 0.0322854220867157
v 0.0029848823323845863 0.006122163496911526 0.0317700169980526
v 0.0037371530197560787 0.005573487840592861 0.02981012687087059
v 0.0037371523212641478 0.0031500011682510376 0.02981012873351574
v 0.0037285862490534782 0.005580579861998558 0.02909981459379196
v 0.00129903934430331 -0.0055000013671815395 0.028749996796250343
v 0.001732051488943398 -0.005500000435858965 0.02850000001490116
v 0.0015000004786998034 -0.005499999970197678 0.029500002041459084
v 0.001999998465180397 -0.005499999038875103 0.029500002041459084
v 0.0012990378309041262 -0.00549999950453639 0.030250001698732376
v 0.0017320523038506508 -0.005500001832842827 0.030499998480081558
v 0.0007499994244426489 -0.00549999950453639 0.030799034982919693
v 0.0010000003967434168 -0.005499999970197678 0.031232047826051712
v -1.9894041969337195e-10 -0.005500000435858965 0.03099999949336052
v 1.1036691560661893e-09 -0.005500000901520252 0.03149999678134918
v -0.0007499987841583788 -0.005500001832842827 0.030799036845564842
v -0.000999998883344233 -0.0055000013671815395 0.031232047826051712
v -0.0012990377144888043 -0.005500000435858965 0.030249997973442078
v -0.001732051488943398 -0.00549999950453639 0.030500002205371857
v -0.0015000005951151252 -0.00549999950453639 0.029500000178813934
v -0.0019999989308416843 -0.005500000901520252 0.029500002041459084
v -0.001299037947319448 -0.005500000435858965 0.028750000521540642
v -0.0017320506740361452 -0.005499999970197678 0.028499998152256012
v -0.0007500001811422408 -0.00549999950453639 0.02820095792412758
v -0.0009999984176829457 -0.0055000013671815395 0.02776794694364071
v 1.519857295573246e-10 -0.00549999950453639 0.0280000027269125
v 4.6497469763373545e-10 -0.005500000901520252 0.02749999612569809
v 0.000750000006519258 -0.005500000435858965 0.028200959786772728
v 0.0010000001639127731 -0.005500000901520252 0.02776794694364071
v 0.00461589964106679 -0.0031499986071139574 0.022800002247095108
v 0.004680892918258905 -0.003200091188773513 0.02279999852180481
v 0.0007500009960494936 -0.0031500011682510376 0.028200959786772728
v 0.001299037947319448 -0.003149999538436532 0.028749996796250343
v 0.0032314483541995287 -0.003150000935420394 0.02677939087152481
v 0.0034336145035922527 -0.0031500014010816813 0.02510967291891575
v 0.004084076266735792 -0.0031499986071139574 0.023558642715215683
v -0.0014999995473772287 -0.0031500004697591066 0.029500002041459084
v 0.0014999991981312633 -0.0031499986071139574 0.029500002041459084
v 0.003492948831990361 -0.0031500000040978193 0.028440842404961586
v -0.0012990367831662297 -0.0031500014010816813 0.030249999836087227
v -0.0007499997736886144 -0.0031499997712671757 0.030799036845564842
v 8.07056810270268e-10 -0.0031500011682510376 0.03099999949336052
v 0.0007500004139728844 -0.003150000236928463 0.030799036845564842
v -0.001299039227887988 -0.0031499986071139574 0.028750000521540642
v -0.0007499991916120052 -0.0031500007025897503 0.028200959786772728
v -2.6805196950974164e-10 -0.003150000236928463 0.02799999713897705
v 0.001299036550335586 -0.0031499979086220264 0.030250001698732376
v 0.0007499990169890225 0.003150000935420394 0.028200965374708176
v 1.0397914473880832e-10 0.0031499993056058884 0.0280000027269125
v -0.0012990371324121952 0.003149998839944601 0.03024999611079693
v -0.0007500017527490854 0.0031500025652348995 0.03079904057085514
v -0.0007500011706724763 0.003150001633912325 0.028200963512063026
v -0.001299037248827517 0.0031499990727752447 0.028749998658895493
v -0.0014999998966231942 0.0031499997712671757 0.029500000178813934
v 0.0012990385293960571 0.0031499997712671757 0.030249999836087227
v 0.0007500000647269189 0.0031500000040978193 0.030799034982919693
v 4.4749187688708503e-10 0.0031499990727752447 0.03099999763071537
v 0.0012990382965654135 0.0031500000040978193 0.02875000238418579
v 0.0015000011771917343 0.0031499990727752447 0.029500000178813934
v 0.0019308682531118393 -0.007082183379679918 0.030021294951438904
v 0.0017320510232821107 -0.007164926268160343 0.030499998480081558
v -0.0017320505576208234 -0.007668923120945692 0.028499998152256012
v -0.001453204546123743 -0.007689152378588915 0.028125884011387825
v -0.001453203847631812 -0.007633625529706478 0.028125880286097527
v -0.0010330395307391882 -0.00767893623560667 0.027787450700998306
v -0.0019318235572427511 -0.007647979073226452 0.0289822556078434
v -0.0020000014919787645 -0.007639588788151741 0.029500002041459084
v -0.0019317815313115716 -0.007647984195500612 0.030017897486686707
v -0.0017320513725280762 -0.007668922655284405 0.030500002205371857
v -0.001434841426089406 -0.007690119557082653 0.03089327923953533
v -0.0010547792771831155 -0.007699998561292887 0.031199248507618904
v -0.0005164531175978482 -0.007680996786803007 0.031432170420885086
v -0.000999998883344233 -0.007699835114181042 0.03123204968869686
v 0.001160663552582264 -0.007366795092821121 0.031128762289881706
v 0.0010005407966673374 -0.007414242718368769 0.03123173676431179
v 0.0005196378333494067 -0.007533910218626261 0.03143131732940674
v -2.1139312522677756e-10 -0.0076261358335614204 0.03149999678134918
v 0.0014794401358813047 -0.007260590326040983 0.030845828354358673
v 0.001999998465180397 -0.007051822263747454 0.029500002041459084
v 0.001931150327436626 -0.007082056719809771 0.02897975966334343
v 0.001732050208374858 -0.007164924871176481 0.02850000187754631
v 0.0014792722649872303 -0.007260649465024471 0.02815398946404457
v 0.0011727642267942429 -0.007363051641732454 0.027879929170012474
v 0.0005217022844590247 -0.007533468771725893 0.02756923995912075
v 0.000999998883344233 -0.007414393592625856 0.027767948806285858
v -0.0009574507130309939 -0.007699429057538509 0.027744075283408165
v -0.0004911154392175376 -0.007679147645831108 0.027561238035559654
v 2.2872791161088202e-10 -0.007626136299222708 0.027500003576278687
v -0.0009031261433847249 0.007298560347408056 0.009249615482985973
v -0.0009015672840178013 0.007298531010746956 0.009499998763203621
v 0.0010747731430456042 0.00699272844940424 0.00950000248849392
v -0.0009889345383271575 -0.007699750829488039 0.009249619208276272
v -0.0009926378261297941 -0.007699779700487852 0.009000001475214958
v 0.0009902146412059665 -0.007417168002575636 0.009000003337860107
v -0.0009852746734395623 -0.007699720095843077 0.00950000248849392
v -0.0009046257473528385 0.007298589684069157 0.008999998681247234
v 0.0010747718624770641 0.006992728915065527 0.009000003337860107
v 0.0030210516415536404 0.006098931189626455 0.009000000543892384
v 0.002204128308221698 0.006557267624884844 0.009499996900558472
v 0.0030210530385375023 0.006098930723965168 0.00950000062584877
v 0.004635362420231104 0.00469148950651288 0.008999998681247234
v 0.0040512969717383385 0.005297888070344925 0.009499997831881046
v 0.004635362420231104 0.004691487643867731 0.009499997831881046
v 0.005786059889942408 0.00288517028093338 0.009000003337860107
v 0.005445190239697695 0.0035500000230968 0.009499997831881046
v 0.005786058958619833 0.002885172376409173 0.009500001557171345
v 0.006379312369972467 0.0008272751583717763 0.009000001475214958
v 0.006261957343667746 0.0014689078088849783 0.009500001557171345
v 0.006379313766956329 0.0008272746345028281 0.009500001557171345
v 0.006366748362779617 -0.0013143926626071334 0.00899999774992466
v 0.0064290305599570274 -0.000760477501899004 0.009499997831881046
v 0.006366746034473181 -0.0013143885880708694 0.00950000248849392
v 0.005749383941292763 -0.0033651827834546566 0.009000001475214958
v 0.0059315524995327 -0.002940056612715125 0.00950000248849392
v 0.00574938440695405 -0.003365183947607875 0.00950000062584877
v 0.0045775678008794785 -0.005157872568815947 0.00899999774992466
v 0.00481373630464077 -0.004876174032688141 0.00950000248849392
v 0.004577568266540766 -0.0051578739657998085 0.009499997831881046
v 0.0031749007757753134 -0.006396791432052851 0.00950000062584877
v 0.0029468517750501633 -0.006546271499246359 0.009000003337860107
v 0.0029468524735420942 -0.0065462724305689335 0.00950000248849392
v 0.0011606633197516203 -0.0073667955584824085 0.009500003419816494
v 0.0009902159217745066 -0.007417168468236923 0.00950000248849392
v -0.0004917572368867695 -0.00729999877512455 0.0018352606566622853
v -0.0013435040600597858 -0.0072999983094632626 0.001343505922704935
v -0.0009499990264885128 -0.007300001103430986 0.0016454469878226519
v -0.0018352598417550325 -0.00729999877512455 0.0004917577025480568
v -0.0016454476863145828 -0.007300000172108412 0.0009500032174400985
v -0.001835260191000998 -0.0072999983094632626 -0.0004917553742416203
v -0.0019000006141141057 -0.00729999877512455 3.5460916425478217e-09
v -0.001343503245152533 -0.0072999997064471245 -0.0013435018481686711
v -0.00164544687140733 -0.007300002034753561 -0.0009500024607405066
v -0.0004917565383948386 -0.0072999997064471245 -0.001835260191000998
v -0.0009500003070570529 -0.007299999240785837 -0.0016454493161290884
v 0.0004917565383948386 -0.007300000172108412 -0.0018352584447711706
v -7.609201047031888e-10 -0.00729999877512455 -0.0018999975873157382
v 0.0013435037108138204 -0.007300000172108412 -0.0013435037108138204
v 0.0009499998996034265 -0.007300000172108412 -0.001645451644435525
v 0.001835259492509067 -0.0072999997064471245 -0.0004917554324492812
v 0.0016454469878226519 -0.00729999877512455 -0.0009500009473413229
v 0.001835259492509067 -0.007300000637769699 0.0004917576443403959
v 0.0018999999156221747 -0.007300000172108412 -1.279136463416819e-09
v 0.0013435021974146366 -0.0072999997064471245 0.0013435040600597858
v 0.0016454478027299047 -0.007299999240785837 0.0009499977459199727
v 4.831411312689049e-11 -0.007300000172108412 0.001899999799206853
v 0.0004917557816952467 -0.0072999997064471245 0.0018352624028921127
v 0.0009499999578110874 -0.007299999240785837 0.0016454515280202031
v -9.709445469852085e-10 0.006679999642074108 -0.0015000031562522054
v 0.0007500009960494936 0.006679999642074108 -0.0012990394607186317
v 0.001299037248827517 0.006680000573396683 -0.0007500025676563382
v 0.0014999991981312633 0.006680002436041832 2.0246404552892727e-09
v 0.0012990381801500916 0.006679999642074108 0.0007500032661482692
v 0.0007499997154809535 0.006679999642074108 0.0012990371324121952
v 1.0416428830595237e-10 0.0066799987107515335 0.0015000002458691597
v -0.0007500004721805453 0.006680000573396683 0.001299036550335586
v -0.0012990367831662297 0.006679999642074108 0.0007499996572732925
v -0.0014999995473772287 0.006680000107735395 2.0166792680242906e-09
v -0.0012990368995815516 0.006679999642074108 -0.000749997969251126
v -0.0007499991916120052 0.006680000107735395 -0.0012990401592105627
v 0.004529728088527918 -0.005211653653532267 0.004742312710732222
v 0.004142341669648886 -0.005611985921859741 0.004515489097684622
v 0.002876675222069025 -0.006589933298528194 0.004031275864690542
v 0.0024393689818680286 -0.006838847417384386 0.003942037466913462
v 0.0016849273815751076 -0.00718356529250741 0.0038726029451936483
v 0.0009002561564557254 -0.00744199613109231 0.003910783678293228
v 0.0035353873390704393 -0.006134997121989727 0.0042384411208331585
v 0.005084329284727573 -0.004515090957283974 0.0051493411883711815
v -0.005336207803338766 -0.006327010225504637 0.0012827892787754536
v -0.007771506905555725 -0.0034063400235027075 0.0021802172996103764
v -0.007514532655477524 -0.003914476837962866 0.0018218711484223604
v -0.007494515739381313 -0.003950170241296291 0.0017999495612457395
v -0.007143919821828604 -0.004509621765464544 0.0014999681152403355
v -0.005776486825197935 -0.005992888007313013 0.0011753028957173228
v -0.006113041192293167 -0.005699080415070057 0.001161289168521762
v -0.006724976003170013 -0.0050572240725159645 0.0012849739287048578
v -0.006734102498739958 0.004643997643142939 0.0012883940944448113
v -0.006289241369813681 0.005127512849867344 0.001176652149297297
v -0.005792670883238316 0.005577193573117256 0.0011733205756172538
v -0.005233065225183964 0.00599560234695673 0.0013240826083347201
v -0.007772501092404127 0.003001781180500984 0.0021819875109940767
v -0.007516663521528244 0.003508268389850855 0.0018242471851408482
v -0.006871790625154972 0.004474983550608158 0.0013463427312672138
v 0.005135104525834322 0.004041989799588919 0.005192262586206198
v 0.0046474868431687355 0.004677359480410814 0.0048200348392128944
v 0.004129733890295029 0.005224054679274559 0.004508801270276308
v 0.0036031906493008137 0.00568199111148715 0.004265058785676956
v 0.0030277236364781857 0.006094613112509251 0.004070829600095749
v 0.0010705979075282812 0.0069939615204930305 0.003892916953191161
v 0.0017685102066025138 0.0067502520978450775 0.003875147784128785
v 0.002439368749037385 0.006438849493861198 0.003942043054848909
v -0.0009156774613074958 0.007298796437680721 0.006417417898774147
v -0.001035937457345426 -0.007699986454099417 0.006390160880982876
v 0.0004848213284276426 -0.007400000002235174 0.00180937594268471
v 0.0009366024751216173 -0.0074000004678964615 0.0016222420381382108
v 0.0013245573500171304 -0.007400001399219036 0.0013245532754808664
v 0.0016222442500293255 -0.007400001864880323 0.0009366007288917899
v 0.0018093764083459973 -0.007399998605251312 0.00048482377314940095
v 0.0018732043681666255 -0.0073999990709125996 3.762521960659626e-10
v 0.0018093753606081009 -0.007399997673928738 -0.00048481833073310554
v 0.0016222447156906128 -0.007400001399219036 -0.0009366057929582894
v 0.001324556185863912 -0.007399999536573887 -0.0013245574664324522
v 0.0009366027661599219 -0.007400000002235174 -0.0016222469275817275
v 0.0004848211829084903 -0.0074000004678964615 -0.0018093754770234227
v -6.447032352419058e-10 -0.007399999536573887 -0.001873204717412591
v -0.0004848209209740162 -0.0074000004678964615 -0.0018093794351443648
v -0.0009366024169139564 -0.007400000002235174 -0.0016222455305978656
v -0.001324557000771165 -0.0073999990709125996 -0.0013245566515251994
v -0.0016222441336140037 -0.0073999990709125996 -0.0009366041631437838
v -0.0018093775724992156 -0.007400000002235174 -0.00048482019337825477
v -0.0018732055323198438 -0.007399999536573887 3.1941149725156492e-09
v -0.001809376641176641 -0.007400000933557749 0.00048482188140042126
v -0.00162224390078336 -0.0073999990709125996 0.0009366023587062955
v -0.0013245554873719811 -0.0074000004678964615 0.0013245539739727974
v -0.0009366023587062955 -0.0074000004678964615 0.0016222434351220727
v -0.0004848224052693695 -0.007399998139590025 0.0018093790858983994
v -5.602063257725831e-10 -0.0073999990709125996 0.0018732083262875676
v 0.0004658754914999008 -0.0074732061475515366 0.0017386645777150989
v 0.0009000006830319762 -0.007473205216228962 0.0015588433016091585
v 0.001272793160751462 -0.0074732061475515366 0.0012727895518764853
v 0.0015588451642543077 -0.007473204750567675 0.0009000020800158381
v 0.0017386669060215354 -0.007473205216228962 0.00046587787801399827
v 0.0018000014824792743 -0.0074732061475515366 -6.590706869147311e-10
v 0.0017386672552675009 -0.0074732061475515366 -0.00046587284305132926
v 0.0015588451642543077 -0.007473205216228962 -0.0008999980636872351
v 0.0012727925786748528 -0.007473205216228962 -0.0012727894354611635
v 0.0008999992278404534 -0.007473204750567675 -0.0015588479582220316
v 0.0004658752295654267 -0.007473205681890249 -0.001738665159791708
v 1.1581561265572304e-09 -0.0074732061475515366 -0.001800002995878458
v -0.0004658750840462744 -0.007473204284906387 -0.001738663180731237
v -0.0008999999263323843 -0.007473205216228962 -0.0015588419046252966
v -0.001272791181690991 -0.0074732061475515366 -0.001272795139811933
v -0.0015588451642543077 -0.0074732061475515366 -0.0009000007412396371
v -0.0017386660911142826 -0.007473205216228962 -0.00046587653923779726
v -0.0018000006675720215 -0.007473204284906387 2.0154831137375595e-09
v -0.0017386667896062136 -0.007473204750567675 0.0004658742109313607
v -0.0015588451642543077 -0.007473205681890249 0.0008999994024634361
v -0.0012727918801829219 -0.007473205216228962 0.0012727908324450254
v -0.0009000015561468899 -0.007473203353583813 0.0015588480746373534
v -0.0004658748221118003 -0.007473204750567675 0.00173866655677557
v 8.695509867706619e-10 -0.0074732061475515366 0.0017999972915276885
v -0.0057031200267374516 -0.006082047242671251 0.008999999612569809
v -0.0038633213844150305 -0.007152354344725609 0.009000000543892384
v -0.003852900117635727 -0.007156561594456434 0.009499999694526196
v -0.005703032948076725 0.005682115908712149 0.008999998681247234
v -0.005703032482415438 0.005682114977389574 0.009499998763203621
v -0.0038632191717624664 0.00675239646807313 0.009000001475214958
v -0.004304129164665937 0.0065572671592235565 0.00950000062584877
v -0.0038527948781847954 0.006756602320820093 0.009499998763203621
v -0.005274899769574404 -0.006396791432052851 0.009499997831881046
v -0.0057031214237213135 -0.006082045380026102 0.009499997831881046
v -0.0072357249446213245 -0.004441085737198591 0.009000000543892384
v -0.006913734599947929 -0.0048761749640107155 0.009499996900558472
v -0.00723572401329875 -0.004441086668521166 0.00950000062584877
v -0.008213909342885017 -0.002420002594590187 0.00899999774992466
v -0.008031553588807583 -0.0029400577768683434 0.009499996900558472
v -0.008213908411562443 -0.0024200035259127617 0.009499997831881046
v -0.008549998514354229 -0.00019994516333099455 0.00899999774992466
v -0.008529026992619038 -0.0007604772690683603 0.009499998763203621
v -0.008550000376999378 -0.00019994367903564125 0.009499995969235897
v -0.008213874883949757 0.0020201103761792183 0.008999999612569809
v -0.00836195982992649 0.001468908041715622 0.009500001557171345
v -0.008213873952627182 0.0020201096776872873 0.009499998763203621
v -0.007235661149024963 0.004041179548949003 0.009000000543892384
v -0.007545189931988716 0.003549999324604869 0.00950000248849392
v -0.007235660217702389 0.004041178617626429 0.00950000062584877
v -0.006151295732706785 0.0052978890016674995 0.00950000062584877
v -0.003870464162901044 -0.007149458862841129 0.008657436817884445
v -0.005075098015367985 -0.006528394762426615 0.007879055105149746
v -0.0057098097167909145 -0.006076748017221689 0.007503347005695105
v -0.006612567696720362 -0.005230690352618694 0.007043821737170219
v -0.007238938007503748 -0.004436395596712828 0.00682072201743722
v -0.007683276664465666 -0.0036999487783759832 0.006761597469449043
v -0.00821474939584732 -0.0024172875564545393 0.006772676017135382
v -0.008550000376999378 -0.00019994335889350623 0.0067796604707837105
v -0.008214715868234634 0.0020173934753984213 0.00677267462015152
v -0.007683222647756338 0.003300050739198923 0.006761593744158745
v -0.007238875608891249 0.004036487080156803 0.006820725277066231
v -0.006612489465624094 0.004830775782465935 0.007043822668492794
v -0.005709720775485039 0.005676818545907736 0.007503347005695105
v -0.0038703593891113997 0.006749500520527363 0.00865742564201355
v -0.005074998829513788 0.006128459703177214 0.007879055105149746
v 0.001448378199711442 0.006871640216559172 0.02910987101495266
v 0.0012990373652428389 0.0069226413033902645 0.028750000521540642
v -0.0012254546163603663 0.007257368881255388 0.02863497845828533
v -0.0011279562022536993 0.0072672502137720585 0.028511203825473785
v -0.0010202606208622456 0.0072765592485666275 0.028400421142578125
v -0.0009373999782837927 0.007299153134226799 0.02832898311316967
v 6.781589763704687e-05 0.007216232363134623 0.028001531958580017
v 2.2081214012814598e-07 0.007226102985441685 0.02799999713897705
v -0.00038702887832187116 0.007270640227943659 0.02805078960955143
v -0.0007500021019950509 0.00729399872943759 0.028200965374708176
v 0.0004215430817566812 0.007154220249503851 0.02806044928729534
v 0.000750000006519258 0.007080797106027603 0.028200963512063026
v 0.0010601688409224153 0.006997026037424803 0.02843884564936161
v 0.0015000004786998034 0.006853191647678614 0.029500002041459084
v 0.0014485317515209317 0.006871586665511131 0.029889555647969246
v 0.0012990375980734825 0.0069226413033902645 0.030249997973442078
v 0.0010596858337521553 0.006997168995440006 0.03056163154542446
v 0.0007499987259507179 0.0070807975716888905 0.03079904057085514
v 0.0004226352903060615 0.007154001388698816 0.03093922697007656
v 6.781717092962936e-05 0.007216230966150761 0.030998462811112404
v -0.0003541980404406786 0.00726765301078558 0.030957579612731934
v 2.0393848387811886e-07 0.007226108107715845 0.031000003218650818
v -0.0014488527085632086 0.007289386820048094 0.02988835982978344
v -0.0012990384129807353 0.0072958641685545444 0.030249999836087227
v -0.0010614751372486353 0.007299991324543953 0.0305598434060812
v -0.000749998027458787 0.007293995935469866 0.030799034982919693
v -0.001499999314546585 0.007286486681550741 0.029499998316168785
v -0.0014487782027572393 0.007289390079677105 0.029111362993717194
v -0.0012990385293960571 0.007295864634215832 0.02875000238418579
v -0.0012254551984369755 0.007297946605831385 0.02863498032093048
v 0.0016038547037169337 -0.008973327465355396 0.028955811634659767
v 0.001603843062184751 -0.007514402270317078 0.028955813497304916
v 0.0014552820939570665 -0.00897333025932312 0.02904580347239971
v 0.0014542239950969815 -0.007518587168306112 0.029046213254332542
v 0.0012848819606006145 -0.008973328396677971 0.029079539701342583
v 0.0012848705518990755 -0.007550106383860111 0.029079539701342583
v 0.00160385319031775 -0.009174266830086708 0.028955811634659767
v 0.0015036164550110698 -0.009281991049647331 0.028991341590881348
v 0.0016038583125919104 -0.009243872947990894 0.028955813497304916
v 0.0016032755374908447 -0.009406364522874355 0.028928032144904137
v 0.0016016049776226282 -0.00955225434154272 0.02884785272181034
v 0.0014349136035889387 -0.009452867321670055 0.028942424803972244
v 0.001388360047712922 -0.009379920549690723 0.028985250741243362
v 0.0013657747767865658 -0.009331278502941132 0.02900792844593525
v -0.0007337303832173347 -0.009745278395712376 0.028911715373396873
v -0.0007700424757786095 -0.009899323806166649 0.028765080496668816
v 0.00018160433683078736 -0.009885454550385475 0.028745243325829506
v 0.0015988550148904324 -0.0096893934533 0.028715699911117554
v 0.0016002861084416509 -0.009624449536204338 0.028784528374671936
v -0.0007055287132970989 -0.009560267440974712 0.029023777693510056
v 0.00016526176477782428 -0.00954272411763668 0.029009167104959488
v 0.00014034600462764502 -0.009120962582528591 0.029103392735123634
v -0.0006779172690585256 -0.009135555475950241 0.02912045456469059
v 0.0007420090842060745 -0.007655866909772158 0.029090851545333862
v -0.0006779171526432037 -0.007743008900433779 0.02912045642733574
v 0.0015991339460015297 -0.007662709802389145 0.028729811310768127
v -0.0006205696845427155 -0.007782562170177698 0.029018277302384377
v -0.000769555801525712 -0.007742114830762148 0.029113924130797386
v -8.575314132031053e-05 -0.007927246391773224 0.028764937072992325
v 0.000764005642849952 -0.007841586135327816 0.02874722331762314
v 0.0016037349123507738 0.007112054154276848 0.028955815359950066
v 0.0016037223394960165 0.008570978417992592 0.028955819085240364
v 0.0014551511267200112 0.008570976555347443 0.02904581092298031
v 0.0014551616040989757 0.007116103079169989 0.02904580719769001
v 0.0012847522739320993 0.008570975624024868 0.029079541563987732
v 0.0012847636826336384 0.007147754076868296 0.029079541563987732
v 0.0016037228051573038 0.008805589750409126 0.028955815359950066
v 0.0015967144863680005 0.008780588395893574 0.02896002121269703
v 0.0016037230379879475 0.008772091940045357 0.028955815359950066
v 0.0015954127302393317 0.008736100047826767 0.028961652889847755
v 0.001603723387233913 0.008729510009288788 0.028955817222595215
v 0.001594463363289833 0.00868451502174139 0.028963036835193634
v 0.0016037232708185911 0.008680031634867191 0.028955819085240364
v 0.001584138022735715 0.009147418662905693 0.028853170573711395
v 0.0014857229543849826 0.00910213217139244 0.028903307393193245
v 0.0016030572587624192 0.009015164338052273 0.02892400324344635
v 0.0013883595820516348 0.008977931924164295 0.028985077515244484
v 0.0016034210566431284 0.008959137834608555 0.02894137240946293
v 0.0016037217574194074 0.008841521106660366 0.028955817222595215
v 0.0016035328153520823 0.008843576535582542 0.02895585261285305
v 0.0016012861160561442 0.008847053162753582 0.028956443071365356
v 0.0016023274511098862 0.00885184295475483 0.02895602397620678
v 0.0015336994547396898 0.008850112557411194 0.028985418379306793
v 0.0016002635238692164 0.00883953832089901 0.028956981375813484
v 0.0015983551274985075 0.008815708570182323 0.02895836904644966
v 0.0016033090651035309 0.008846810087561607 0.02895587496459484
v 0.0016033644787967205 0.008854081854224205 0.028955720365047455
v 0.0015111328102648258 0.008721178397536278 0.02901265397667885
v 0.0013697076356038451 0.008939084596931934 0.029003718867897987
v 0.00128641608171165 0.008587542921304703 0.029079347848892212
v 0.0015990237006917596 0.0072603593580424786 0.028729816898703575
v 0.0007639480172656476 0.0074392156675457954 0.02874722331762314
v 0.0007419546018354595 0.007253495045006275 0.02909085713326931
v -8.575272659072652e-05 0.007524870336055756 0.028764935210347176
v -9.708643483463675e-05 0.007337514311075211 0.02910834550857544
v -0.0006205723038874567 0.007380182389169931 0.029018282890319824
v -0.0006779159302823246 0.007340628188103437 0.02912045083940029
v -0.0007695559179410338 0.007339736446738243 0.029113924130797386
v -0.0006779181421734393 0.008733177557587624 0.02912045270204544
v 0.00014027839642949402 0.008718587458133698 0.029103396460413933
v -0.0016211059410125017 -0.010743307881057262 0.027571184560656548
v -0.001160134095698595 -0.009643416851758957 0.028719693422317505
v -0.0017173136584460735 -0.010632502846419811 0.027531657367944717
v -0.0012228683335706592 -0.009516529738903046 0.0286409892141819
v -0.0017784886294975877 -0.010510435327887535 0.027464769780635834
v -0.0016011467669159174 -0.010760803706943989 0.027574939653277397
v -0.0009213835000991821 -0.009845242835581303 0.028785118833184242
v -0.0010562081588432193 -0.009757025167346 0.02876962162554264
v -0.0014983011642470956 -0.010832461528480053 0.027579346671700478
v -0.0013604467967525125 -0.010892107151448727 0.027555804699659348
v -0.0008826966513879597 -0.009699415415525436 0.02891582064330578
v -0.0008530838531441987 -0.009527108632028103 0.02901521697640419
v -0.0009873928502202034 -0.009477478452026844 0.028966153040528297
v -0.0011692189145833254 -0.009347733110189438 0.02876683510839939
v -0.0010959302308037877 -0.009415751323103905 0.028880594298243523
v -0.0008253923151642084 -0.009135555475950241 0.02910107560455799
v -0.0009089973173104227 -0.009135555475950241 0.029068943113088608
v -0.0010899053886532784 -0.009135554544627666 0.028918346390128136
v -0.001149429939687252 -0.009135554544627666 0.028813939541578293
v -0.0010076529579237103 -0.00767893623560667 0.029005324468016624
v -0.0009085818892344832 -0.007705120835453272 0.029069149866700172
v -0.0010900014312937856 -0.007672285195440054 0.02891821414232254
v -0.0011216176208108664 -0.00766952708363533 0.02887001633644104
v -0.0011396694462746382 -0.0076679084450006485 0.028835713863372803
v -0.0011494285427033901 -0.007667025085538626 0.028813935816287994
v 0.00020810749265365303 -0.01110093668103218 0.026875562965869904
v -0.0004537302302196622 -0.011091534979641438 0.02722339518368244
v -0.000463749747723341 -0.01110299862921238 0.027180861681699753
v -0.00047396623995155096 -0.011110375635325909 0.027137598022818565
v -0.0012165007647126913 -0.011041258461773396 0.027180079370737076
v -0.0004946580738760531 -0.011113042011857033 0.027050213888287544
v -0.0011487486772239208 -0.010931340046226978 0.027523458003997803
v -0.0011682555777952075 -0.010982614941895008 0.02744748443365097
v -0.00118645082693547 -0.011018679477274418 0.027362890541553497
v -0.0014061026740819216 -0.010977612808346748 0.02739592082798481
v -0.0014419221552088857 -0.010998457670211792 0.027213601395487785
v -0.0014674871927127242 -0.010992533527314663 0.02722783572971821
v -0.0015195209998637438 -0.010939194820821285 0.027413049712777138
v -0.001534628914669156 -0.010967389680445194 0.027266718447208405
v -0.0016759984428063035 -0.010827343910932541 0.02741631120443344
v -0.0017430830048397183 -0.010738047771155834 0.02741094119846821
v -0.0016946087125688791 -0.010829289443790913 0.02737150900065899
v -0.0016153953038156033 -0.010915599763393402 0.027316831052303314
v -0.0017667165957391262 -0.01066119596362114 0.027435196563601494
v 0.00021694085444323719 -0.010868286713957787 0.02757079340517521
v 0.0015743657713755965 -0.01069581788033247 0.027540720999240875
v 0.0015869137132540345 -0.010180587880313396 0.028142834082245827
v 0.0015599143225699663 -0.010932660661637783 0.02684735879302025
v 0.0015641461359336972 -0.010921604931354523 0.027050308883190155
v 0.00021817222295794636 -0.011039507575333118 0.02727385237812996
v 0.001568199833855033 -0.010869951918721199 0.027244843542575836
v 0.0015707999700680375 -0.010813117027282715 0.02736956626176834
v 0.00021180046314839274 -0.011102124117314816 0.026926809921860695
v 0.001487867790274322 -0.010946039110422134 0.02684871107339859
v -0.0012165014632046223 0.010638877749443054 0.027180083096027374
v -0.0011864524567499757 0.010616300627589226 0.027362892404198647
v -0.0008268757374025881 0.010676898993551731 0.027256812900304794
v -0.0011487493757158518 0.010528958402574062 0.027523459866642952
v -0.0007978704525157809 0.010630523785948753 0.02738294191658497
v -0.00047420011833310127 0.010707918554544449 0.027137788012623787
v -0.0004537291533779353 0.010689156129956245 0.02722339704632759
v -0.0004946567350998521 0.01071066316217184 0.027050212025642395
v 0.00020810899150092155 0.010698556900024414 0.026875561103224754
v -0.0009089958039112389 0.0087331747636199 0.029068943113088608
v -0.0008253938867710531 0.008733176626265049 0.029101073741912842
v -0.001053061569109559 0.007272981572896242 0.028962526470422745
v -0.0010258823167532682 0.007275151554495096 0.028989428654313087
v -0.0010899038752540946 0.0087331747636199 0.028918344527482986
v -0.0010076533071696758 0.007276557385921478 0.029005320742726326
v -0.000908582704141736 0.007302743848413229 0.029069148004055023
v -0.0010900476481765509 0.007269895635545254 0.028918156400322914
v -0.0011494314530864358 0.008733176626265049 0.028813937678933144
v -0.001149428659118712 0.0072646429762244225 0.028813935816287994
v -0.0007055291789583862 0.009157889522612095 0.029023775830864906
v -0.0008826954872347414 0.00929703563451767 0.028915826231241226
v -0.0009213825105689466 0.009442863054573536 0.02878512069582939
v -0.001056208275258541 0.009354646317660809 0.02876962162554264
v -0.0008530839695595205 0.009124730713665485 0.02901521883904934
v -0.0009873916860669851 0.009075100533664227 0.02896614745259285
v -0.0010959303472191095 0.009013369679450989 0.028880594298243523
v -0.0011692192638292909 0.008945351466536522 0.02876683883368969
v -0.0007700435817241669 0.009496943093836308 0.028765084221959114
v -0.0007337319548241794 0.009342899546027184 0.028911715373396873
v -0.0012228694977238774 0.00911414809525013 0.02864099107682705
v -0.0011601357255131006 0.009241038002073765 0.028719691559672356
v -0.001778487116098404 0.010108057409524918 0.027464769780635834
v -0.0017173156375065446 0.010230125859379768 0.027531657367944717
v -0.0016211068723350763 0.010340929962694645 0.027571184560656548
v -0.0016011459520086646 0.010358424857258797 0.027574945241212845
v -0.0014983025612309575 0.010430083610117435 0.027579350396990776
v -0.0013604452833533287 0.010489728301763535 0.0275557991117239
v -0.0014061019755899906 0.010575233027338982 0.02739591896533966
v -0.001441919943317771 0.010596077889204025 0.027213603258132935
v -0.0014674848644062877 0.010590153746306896 0.027227837592363358
v -0.001519520184956491 0.010536815971136093 0.027413055300712585
v -0.0016759965801611543 0.010424964129924774 0.027416318655014038
v -0.0017588272457942367 0.010289632715284824 0.027426300570368767
v -0.0015831866767257452 0.010537165217101574 0.027296340093016624
v -0.001649442478083074 0.010481901466846466 0.027339434251189232
v -0.0016946075484156609 0.01042691059410572 0.02737150527536869
v 0.0001815343857742846 0.009483080357313156 0.028745243325829506
v 0.0015987127553671598 0.009287044405937195 0.0287157092243433
v 0.0015867692418396473 0.009778239764273167 0.028142835944890976
v 0.00021686014952138066 0.01046592928469181 0.027570784091949463
v 0.0015742141986265779 0.010293470695614815 0.027540726587176323
v 0.00016519537894055247 0.009140348993241787 0.02900916337966919
v 0.0016001486219465733 0.009222103282809258 0.028784533962607384
v 0.0015123834600672126 0.00797639973461628 0.024573814123868942
v -0.0009936993010342121 0.007299789227545261 0.025514749810099602
v 0.0016486388631165028 0.008017194457352161 0.023805446922779083
v -0.0010499990312382579 0.007299999240785837 0.02277599647641182
v 0.0020685684867203236 0.008133361116051674 0.02314770594239235
v 0.004313027486205101 0.008742472156882286 0.021743470802903175
v 0.004141318146139383 0.008692145347595215 0.0225185789167881
v 0.0034702648408710957 0.00851229764521122 0.022532571107149124
v 0.0015818070387467742 0.00797639973461628 0.027904195711016655
v 0.0007311066729016602 0.007745784241706133 0.028391197323799133
v -0.001136057311668992 0.007299506571143866 0.018736066296696663
v -0.0009812288917601109 0.0073402924463152885 0.018859924748539925
v -0.0010930298594757915 0.007299875840544701 0.020733870565891266
v -0.000525528856087476 0.007461094297468662 0.019088275730609894
v 0.0005941386334598064 0.00775793194770813 0.01964535005390644
v 0.0017452678875997663 0.008063381537795067 0.020169682800769806
v 0.0027082362212240696 0.008307218551635742 0.022700732573866844
v 0.002858168678358197 0.008359517902135849 0.02052781917154789
v 0.0031476374715566635 0.008436651900410652 0.020601646974682808
v 0.0038753014523535967 0.0086301164701581 0.020865021273493767
v 0.004129499662667513 0.008697004988789558 0.021081341430544853
v 0.004273314028978348 0.008734219707548618 0.021316178143024445
v -0.00012804380094166845 0.007566590327769518 0.019265174865722656
v 0.0002766078687272966 0.007673818618059158 0.01947496458888054
v 0.003442716086283326 0.00851526577025652 0.02067948505282402
v 0.0043282341212034225 0.00874740444123745 0.02158978022634983
v 0.0010462506907060742 -0.010552684776484966 0.003577441442757845
v 0.0010023540817201138 -0.010532244108617306 0.003631989471614361
v 0.0010926378890872002 -0.008171869441866875 0.003523708786815405
v 0.0009800116531550884 -0.010518643073737621 0.003661302151158452
v 0.0008730608387850225 -0.010411265306174755 0.003817975055426359
v 0.0008267839439213276 -0.010333914309740067 0.003899192437529564
v 0.0007808094960637391 -0.010236800648272038 0.003988315816968679
v 0.0007231715135276318 -0.010059303604066372 0.004119466058909893
v 0.0007231698837131262 -0.008069566451013088 0.00411946838721633
v 0.0007265309686772525 -0.010072446428239346 0.004111038986593485
v 0.0007543935789726675 -0.010166101157665253 0.004045194014906883
v 0.0011872055474668741 -0.010571599006652832 0.0034231734462082386
v 0.0016434980789199471 -0.008321862667798996 0.003090132027864456
v 0.0016434997087344527 -0.010516032576560974 0.003090128768235445
v 0.0011456581996753812 -0.01056571863591671 0.003593980800360441
v 0.0012309078592807055 -0.010564076714217663 0.003569758962839842
v 0.0010976194171234965 -0.01054426096379757 0.0037573419976979494
v 0.0012728981673717499 -0.010556760244071484 0.003713598707690835
v 0.0009346484439447522 -0.010465935803949833 0.0038006100803613663
v 0.0016434993594884872 0.007919484749436378 0.003090132027864456
v 0.0010926383547484875 0.007769492920488119 0.0035237069241702557
v 0.0016434990102425218 0.010113652795553207 0.0030901283025741577
v 0.0011872040340676904 0.010169219225645065 0.0034231734462082386
v 0.0007231700583361089 0.007667187601327896 0.004119466058909893
v 0.0007231707568280399 0.009656923823058605 0.00411946140229702
v 0.0007811258547008038 0.009835192002356052 0.003987661097198725
v 0.0007825663778930902 0.009838666766881943 0.003984697628766298
v 0.0008630462689325213 0.00999284628778696 0.0038358517922461033
v 0.0008672841941006482 0.009999357163906097 0.003828783519566059
v 0.0008730606059543788 0.010008888319134712 0.0038179736584424973
v 0.000996871734969318 0.010126740671694279 0.003639085218310356
v 0.0011152824154123664 0.010167895816266537 0.00349879777058959
v 0.0004520316724665463 0.007593213114887476 0.004359278827905655
v 0.00045203109038993716 0.00965692475438118 0.004359278827905655
v 0.0006157509633339942 0.009656921960413456 0.0042711952701210976
v 0.0006157492753118277 0.007637564558535814 0.004271200392395258
v -0.0007014216389507055 0.007293850649148226 0.0026006847620010376
v -0.0002278514439240098 0.007412366569042206 0.004129087086766958
v -0.0006110786343924701 0.007293664384633303 0.007000789046287537
v -0.0002125399769283831 0.007416218519210815 0.004173650871962309
v -0.0005910918116569519 0.007299675140529871 0.00688333623111248
v -0.00010055257007479668 0.007445358205586672 0.004327645990997553
v -0.0005163703463040292 0.007320426870137453 0.006751333829015493
v 6.914525874890387e-05 0.007490346673876047 0.004412190988659859
v 0.004514886531978846 0.008684617467224598 0.0038218104746192694
v 0.00265356688760221 0.008194581605494022 0.002282232977449894
v 0.004486933816224337 0.008678527548909187 0.003571250708773732
v 0.00421644002199173 0.008611341938376427 0.0026263927575200796
v 0.002018673112615943 0.008008412085473537 0.005163634195923805
v 0.0028018588200211525 0.00821936596184969 0.0049584414809942245
v 0.0014992401702329516 0.007868198677897453 0.005353644490242004
v 0.0011867932043969631 0.007783407345414162 0.005548338405787945
v 0.0002584568865131587 0.007541075814515352 0.0044096605852246284
v 0.0005301524652168155 0.007604819722473621 0.006028798408806324
v -0.0001042853036778979 0.007432648912072182 0.006424571853131056
v 0.0033441619016230106 0.008386567234992981 0.001032752450555563
v 0.0034920743200927973 0.008425532840192318 0.0011502874549478292
v 0.00364182167686522 0.008464977145195007 0.0012707982677966356
v 0.00417711678892374 0.008590646088123322 0.004446120001375675
v 0.004061278887093067 0.008559133857488632 0.004531883168965578
v 0.0036590835079550743 0.008450372144579887 0.004714461043477058
v 0.003813672810792923 0.00851003173738718 0.0014464480336755514
v 0.003951091784983873 0.008545350283384323 0.001714346231892705
v 0.004459850024431944 0.008668502792716026 0.0040673185139894485
v 0.00433352729305625 0.00863344594836235 0.0042852615006268024
v 0.003420652821660042 -0.009259279817342758 -0.0007410291000269353
v 0.003197153564542532 -0.008718947879970074 -0.0014241536846384406
v 0.003820953890681267 -0.008377132005989552 -0.0014371565775945783
v 0.00490437401458621 -0.009343791753053665 0.00018003195873461664
v 0.0034999134950339794 -0.009896798990666866 -2.4486464099027216e-05
v 0.0034980885684490204 -0.009812197647988796 -0.00011568790796445683
v 0.006131353788077831 -0.008645668625831604 0.00035864143865182996
v 0.0047243498265743256 -0.00776439206674695 -0.0014559905976057053
v 0.006719816010445356 -0.008221079595386982 0.00044123418047092855
v 0.005551699083298445 -0.007052263710647821 -0.001473231241106987
v 0.007248872425407171 -0.007779527921229601 0.000513627368491143
v 0.006292133126407862 -0.006250111386179924 -0.0014886693097651005
v 0.008234996348619461 -0.0067636859603226185 0.0006431977963075042
v 0.006935922894626856 -0.005368473473936319 -0.001502091414295137
v 0.007901101373136044 -0.003413969185203314 -0.0015222133370116353
v 0.009735076688230038 -0.004356258548796177 0.0008253159467130899
v 0.007474604994058609 -0.004418933764100075 -0.0015133204869925976
v 0.009067791514098644 -0.0056164562702178955 0.0007455511949956417
v 0.008543764241039753 -0.006377837620675564 0.0006820536218583584
v 0.008396672084927559 -0.0012911512749269605 -0.001532536931335926
v 0.010539287701249123 -0.0016238371608778834 0.0009444990428164601
v 0.00820980966091156 -0.0023667875211685896 -0.001528645516373217
v 0.010228888131678104 -0.003017191542312503 0.0008921207045204937
v 0.009847919456660748 -0.004093869123607874 0.0008394996402785182
v 0.007474604062736034 0.004016553051769733 -0.00151331617962569
v 0.009735614992678165 0.003953907638788223 0.0008262063493020833
v 0.007901100441813469 0.0030115891713649035 -0.0015222119400277734
v 0.009848463349044323 0.003691701218485832 0.0008405106491409242
v 0.008209808729588985 0.0019644086714833975 -0.001528642838820815
v 0.010228906758129597 0.002614919561892748 0.0008921641274355352
v 0.008396672084927559 0.0008887707954272628 -0.0015325387939810753
v 0.010538768954575062 0.001221542595885694 0.0009436573600396514
v 0.008459234610199928 -0.00020118987595196813 -0.0015338424127548933
v 0.010647200047969818 -0.0002011891920119524 0.0009659600327722728
v 0.010552460327744484 -0.0015334795461967587 0.0009469849755987525
v 0.006292133126407862 0.005847732070833445 -0.0014886728022247553
v 0.008234995417296886 0.006361307576298714 0.0006431997753679752
v 0.006935920566320419 0.004966093227267265 -0.0015020922292023897
v 0.008543764241039753 0.0059754615649580956 0.0006820555427111685
v 0.009067792445421219 0.0052140760235488415 0.0007455525337718427
v 0.0038209520280361176 0.00797475129365921 -0.0014371577417477965
v 0.00490437401458621 0.008941412903368473 0.00018003240984398872
v 0.004724347498267889 0.0073620108887553215 -0.0014559850096702576
v 0.006131355185061693 0.008243288844823837 0.0003586393140722066
v 0.0055516986176371574 0.006649885326623917 -0.0014732334529981017
v 0.006719816941767931 0.007818701677024364 0.0004412275447975844
v 0.0072488742880523205 0.00737714720889926 0.0005136268446221948
v 0.003499914426356554 0.009494420140981674 -2.4487988412147388e-05
v 0.004192699212580919 0.009249217808246613 7.4425945058465e-05
v 0.0034206535201519728 0.008856900967657566 -0.0007410314865410328
v 0.0032172107603400946 0.008350476622581482 -0.0013782376190647483
v 0.0031971547286957502 0.008316567167639732 -0.001424154033884406
v 0.003440680680796504 -0.008318900130689144 -0.002062916522845626
v 0.003426566254347563 -0.008332670666277409 -0.0021854788064956665
v 0.003722062334418297 -0.008247957564890385 -0.0024781080428510904
v 0.0033681706991046667 -0.008398358710110188 -0.0023421833757311106
v 0.0032861840445548296 -0.008492888882756233 -0.002469021826982498
v 0.0031790088396519423 -0.00869162380695343 -0.0014642104506492615
v 0.003159681800752878 -0.00866755098104477 -0.0015054575633257627
v 0.0031790079083293676 0.008289244025945663 -0.0014642137102782726
v 0.0033433225471526384 0.008040755987167358 -0.001731269876472652
v 0.003159681335091591 0.008265173062682152 -0.0015054575633257627
v 0.0034371656365692616 0.007919213734567165 -0.002123026642948389
v 0.0034374829847365618 0.007921868935227394 -0.002000894397497177
v 0.003721686312928796 0.007819745689630508 -0.001755559933371842
v 0.003406835487112403 0.007961727678775787 -0.00186628894880414
v 0.0033757879864424467 -0.00840295571833849 -0.0017915782518684864
v 0.003721686080098152 -0.008222123607993126 -0.0017555586528033018
v 0.00460795545950532 -0.007621000520884991 -0.0017740328330546618
v 0.0054196203127503395 -0.006922375876456499 -0.001790951588191092
v 0.006146017462015152 -0.0061354306526482105 -0.0018060930306091905
v 0.006777599453926086 -0.005270506255328655 -0.001819257508032024
v 0.0073060691356658936 -0.004338969010859728 -0.001830273773521185
v 0.007724481169134378 -0.003353059757500887 -0.0018390021286904812
v 0.00802733562886715 -0.0023257306311279535 -0.0018453100929036736
v 0.008210655301809311 -0.0012704858090728521 -0.0018491314258426428
v 0.00827203132212162 -0.00020119133114349097 -0.0018504123436287045
v 0.008210655301809311 0.0008681073086336255 -0.001849132589995861
v 0.008027336560189724 0.0019233501516282558 -0.0018453137017786503
v 0.007724478840827942 0.002950680674985051 -0.0018389999167993665
v 0.007306067738682032 0.003936590161174536 -0.0018302758689969778
v 0.006777600850909948 0.004868126939982176 -0.0018192619318142533
v 0.00614601606503129 0.005733052268624306 -0.0018060962902382016
v 0.005419621709734201 0.00651999656111002 -0.0017909528687596321
v 0.00460795545950532 0.007218620739877224 -0.0017740329494699836
v 0.003427790477871895 -0.00833729188889265 -0.0019407164072617888
v 0.003687168238684535 -0.008177035488188267 -0.0021189264953136444
v 0.004568453878164291 -0.007579289376735687 -0.00213729334063828
v 0.005375557113438845 -0.006884593050926924 -0.0021541237365454435
v 0.006097868084907532 -0.0061020697467029095 -0.0021691753063350916
v 0.006725901737809181 -0.005242010112851858 -0.0021822722628712654
v 0.00725139956921339 -0.004315708763897419 -0.002193222288042307
v 0.0076674590818583965 -0.0033353399485349655 -0.0022018945310264826
v 0.007968612015247345 -0.0023137894459068775 -0.0022081758361309767
v 0.008150899782776833 -0.0012644731905311346 -0.0022119726054370403
v 0.00821193028241396 -0.0002011888282140717 -0.0022132457233965397
v 0.008150899782776833 0.0008620974840596318 -0.0022119726054370403
v 0.00796861108392477 0.0019114093156531453 -0.0022081760689616203
v 0.007667459547519684 0.0029329597018659115 -0.0022018970921635628
v 0.00725139956921339 0.003913328982889652 -0.0021932206582278013
v 0.006725901272147894 0.004839629400521517 -0.002182268537580967
v 0.006097869481891394 0.005699689965695143 -0.0021691801957786083
v 0.00537555618211627 0.006482213735580444 -0.002154123969376087
v 0.004568453412503004 0.007176910061389208 -0.0021372935734689236
v 0.003687168238684535 0.007774655241519213 -0.00211892556399107
v 0.003411762183532119 0.007946598343551159 -0.0022390654776245356
v 0.004611186217516661 -0.0076448977924883366 -0.0024966448545455933
v 0.005425464361906052 -0.006944022141396999 -0.0025136189069598913
v 0.006154200062155724 -0.006154542323201895 -0.002528807381168008
v 0.006787816993892193 -0.005286832805722952 -0.002542015863582492
v 0.0073179882019758224 -0.004352295305579901 -0.0025530701968818903
v 0.007737747859209776 -0.0033632107079029083 -0.002561816480010748
v 0.008041580207645893 -0.0023325758520513773 -0.0025681531988084316
v 0.008225489407777786 -0.0012739287922158837 -0.0025719846598803997
v 0.00828706193715334 -0.00020118846441619098 -0.002573267789557576
v 0.008225489407777786 0.0008715511648915708 -0.002571984427049756
v 0.008041580207645893 0.0019301926949992776 -0.0025681538973003626
v 0.007737748324871063 0.0029608309268951416 -0.0025618202053010464
v 0.007317989133298397 0.003949915990233421 -0.0025530701968818903
v 0.006787818856537342 0.0048844534903764725 -0.0025420160964131355
v 0.006154202856123447 0.00575216393917799 -0.0025288101751357317
v 0.0054254657588899136 0.006541642360389233 -0.0025136203039437532
v 0.004611186683177948 0.0072425175458192825 -0.002496645785868168
v 0.003722062800079584 0.007845577783882618 -0.002478109672665596
v 0.003286184510216117 0.00809051189571619 -0.0024690208956599236
v -0.006584260147064924 0.005150397773832083 0.01828748546540737
v -0.006409071385860443 0.0050469376146793365 0.018335938453674316
v -0.006397066172212362 0.005059172865003347 0.020442252978682518
v -0.006586151197552681 0.005256703123450279 0.02242564782500267
v -0.0067064822651445866 0.0053178491070866585 0.018197480589151382
v -0.006578972563147545 0.0052455710247159 0.02243005856871605
v -0.00649452768266201 0.005148316267877817 0.02248229831457138
v -0.006383278872817755 0.005073152016848326 0.02255208231508732
v -0.006661835126578808 0.005519615951925516 0.022379400208592415
v -0.006751616485416889 0.005519612692296505 0.018072323873639107
v -0.006657200865447521 0.005452129989862442 0.022382216528058052
v -0.0066182734444737434 0.0053167580626904964 0.02240595780313015
v -0.004286693409085274 0.007279412820935249 0.015098169445991516
v -0.004246586933732033 0.007300025317817926 0.014691691845655441
v -0.003744786838069558 0.007300023455172777 0.01468123123049736
v -0.004411414265632629 0.0072212438099086285 0.015485284850001335
v -0.003714240388944745 0.0070217810571193695 0.016146691516041756
v -0.0048116594552993774 0.007021788507699966 0.016169574111700058
v -0.0037049767561256886 0.006814350374042988 0.016591187566518784
v -0.00430412869900465 0.006557266227900982 0.0170151200145483
v -0.005394176580011845 0.006683399435132742 0.01684981770813465
v -0.004904735833406448 0.0062335822731256485 0.01742524281144142
v -0.006019309628754854 0.006245769094675779 0.017435284331440926
v -0.005549516528844833 0.005800362676382065 0.017841769382357597
v -0.006438956595957279 0.005986560136079788 0.017701592296361923
v -0.006151294801384211 0.0052978890016674995 0.018197495490312576
v -0.00676656374707818 0.006330809555947781 0.017355240881443024
v -0.006661834195256233 0.006014573387801647 0.022379398345947266
v -0.006668797228485346 0.0065107461996376514 0.022045420482754707
v -0.006665068678557873 0.0064510623924434185 0.022224193438887596
v -0.006666828412562609 0.006496670190244913 0.02213992364704609
v -0.00666377879679203 0.0063842786476016045 0.02228604257106781
v -0.00666249031201005 0.006251596845686436 0.022347906604409218
v -0.006395410280674696 -0.00546085461974144 0.020442109555006027
v -0.006407333537936211 -0.005448711570352316 0.018334997817873955
v -0.006583356764167547 -0.005551938898861408 0.01828661374747753
v -0.006486589554697275 -0.005543779581785202 0.02248724363744259
v -0.00638169888406992 -0.005474749952554703 0.022553084418177605
v -0.006706252694129944 -0.005719659850001335 0.01819636858999729
v -0.006620513275265694 -0.0057241907343268394 0.022404592484235764
v -0.00675165094435215 -0.005921993870288134 0.018070679157972336
v -0.006661834195256233 -0.005921993404626846 0.022379396483302116
v -0.006662516854703426 -0.006658208090811968 0.022346610203385353
v -0.006661835592240095 -0.006416950840502977 0.022379400208592415
v -0.006668794900178909 -0.0069131250493228436 0.02204541675746441
v -0.006768207065761089 -0.006730721332132816 0.01735527813434601
v -0.0067665656097233295 -0.006733189336955547 0.017355240881443024
v -0.006667320616543293 -0.006905675400048494 0.022116202861070633
v -0.0066652786917984486 -0.0068610841408371925 0.02221413142979145
v -0.006663549225777388 -0.006769814528524876 0.022297078743577003
v -0.005608038045465946 0.007661264389753342 0.023027842864394188
v -0.0056370822712779045 0.007771460805088282 0.022896723821759224
v -0.005529902875423431 0.00752878887578845 0.023125698789954185
v -0.004611416719853878 0.008673491887748241 0.023806704208254814
v -0.004560413770377636 0.008523358963429928 0.023895032703876495
v -0.004181121941655874 0.00915331207215786 0.0240672267973423
v -0.004192200489342213 0.00902146939188242 0.024181997403502464
v -0.004153531976044178 0.008862369693815708 0.02426580712199211
v -0.004613920580595732 0.008798434399068356 0.023687245324254036
v -0.0056154257617890835 0.007855720818042755 0.022736217826604843
v -0.004567278549075127 0.008894090540707111 0.023540031164884567
v -0.00412016361951828 0.009253062307834625 0.023925138637423515
v -0.006845027208328247 -0.006605274509638548 0.007995009422302246
v -0.006781050004065037 -0.006651473697274923 0.013127028942108154
v -0.0066459402441978455 -0.006386472377926111 0.0077766492031514645
v -0.006774941924959421 -0.0066704829223454 0.014268601313233376
v -0.0064390492625534534 -0.006386473309248686 0.017701590433716774
v -0.005852325353771448 -0.005960873793810606 0.01802561990916729
v -0.00601940555498004 -0.006645688787102699 0.017435286194086075
v -0.0037448990624397993 -0.007699977140873671 0.014681237749755383
v -0.0042467014864087105 -0.0076999724842607975 0.014691697433590889
v -0.004287115763872862 -0.007679215632379055 0.015099596232175827
v -0.0037143612280488014 -0.0074219913221895695 0.01614604890346527
v -0.005274900235235691 -0.006396790966391563 0.017667945474386215
v -0.004916271660476923 -0.006626658141613007 0.01743287406861782
v -0.005394984036684036 -0.00708288187161088 0.016850542277097702
v -0.0037050829268991947 -0.007214308250695467 0.016591181978583336
v -0.0048112873919308186 -0.007421982940286398 0.01616891846060753
v -0.004411318339407444 -0.007621283642947674 0.015484800562262535
v 0.008344062604010105 0.003961101174354553 0.004355801735073328
v 0.008910589851439 0.00234432821162045 0.004343988373875618
v 0.008547878824174404 0.002249192912131548 0.004612548276782036
v 0.005291780922561884 0.008116397075355053 0.004015457816421986
v 0.005292857531458139 0.008130636066198349 0.0035544533748179674
v 0.004059107508510351 -0.008960924111306667 0.0045333062298595905
v 0.0036590853706002235 -0.008852750062942505 0.004714461974799633
v 0.004415854811668396 -0.00840611569583416 0.004698683507740498
v 0.0041029020212590694 -0.008972822688519955 0.0045034438371658325
v 0.004477358888834715 -0.00907584186643362 0.0040191165171563625
v 0.004346451256424189 -0.00903937965631485 0.004268322605639696
v 0.005166530609130859 -0.008340610191226006 0.0044220322743058205
v 0.004178303759545088 -0.00899334903806448 0.004445124417543411
v 0.004415856208652258 0.008003737777471542 0.0046986802481114864
v 0.005166528280824423 0.007938230410218239 0.004422035999596119
v 0.0065983617678284645 0.006951473653316498 0.003988225944340229
v 0.006062105763703585 0.0074933660216629505 0.0035384150687605143
v 0.006601677741855383 0.00696371728554368 0.0035271677188575268
v 0.007691050413995981 0.005583821330219507 0.00396544486284256
v 0.007696233224123716 0.0055937254801392555 0.003504350781440735
v 0.008538870140910149 0.004052213858813047 0.003947773016989231
v 0.009125425480306149 0.0024045000318437815 0.0034745577722787857
v 0.009117796085774899 0.002400049939751625 0.003935709595680237
v 0.008802843280136585 0.003431136254221201 0.003481286345049739
v 0.00854550488293171 0.004059494007378817 0.0034866505302488804
v 0.009383196011185646 0.0010326666524633765 0.0034691838081926107
v 0.009411421604454517 0.0006741614197380841 0.003929588943719864
v 0.009419549256563187 0.000675660150591284 0.003468430368229747
v 0.009411421604454517 -0.001076537068001926 0.003929587081074715
v 0.009419551119208336 -0.0010780380107462406 0.003468431532382965
v 0.00938319694250822 -0.0014350449200719595 0.003469182876870036
v 0.009117797948420048 -0.0028024299535900354 0.003935704473406076
v 0.009125425480306149 -0.0028068823739886284 0.0034745570737868547
v 0.008538868278265 -0.004454589448869228 0.003947775810956955
v 0.008802846074104309 -0.003833514405414462 0.0034812805242836475
v 0.008545505814254284 -0.004461872857064009 0.003486648667603731
v 0.007691048551350832 -0.005986202508211136 0.003965445794165134
v 0.007696235086768866 -0.005996107589453459 0.003504348685964942
v 0.006598361302167177 -0.007353849243372679 0.003988227806985378
v 0.004486935678869486 -0.009080908261239529 0.0035712483804672956
v 0.004514868371188641 -0.00908746663480997 0.003736414248123765
v 0.005292859394103289 -0.008533015847206116 0.0035544508136808872
v 0.005291780456900597 -0.00851877499371767 0.004015462938696146
v 0.00606210483238101 -0.007895744405686855 0.003538416000083089
v 0.006601676810532808 -0.007366096135228872 0.0035271686501801014
v 0.007514402270317078 0.00545990327373147 0.00437309592962265
v 0.006445121951401234 0.006798257119953632 0.00439538573846221
v 0.006445122417062521 -0.007200636435300112 0.004395379684865475
v 0.007514402735978365 -0.005862284451723099 0.004373091273009777
v 0.00834406167268753 -0.004363479558378458 0.004355796612799168
v 0.008910587057471275 -0.0027467061299830675 0.004343990236520767
v 0.009197923354804516 -0.0010577874490991235 0.004338001366704702
v 0.009197922423481941 0.0006554101128131151 0.004338000435382128
v 0.008002525195479393 0.003805543063208461 0.004623916000127792
v 0.007677038200199604 0.004464457742869854 0.004630703944712877
v 0.007203872315585613 0.005248330999165773 0.004640569910407066
v 0.006174554117023945 0.006536664441227913 0.004662022460252047
v 0.004943746142089367 0.007634032052010298 0.004687680397182703
v 0.008824474178254604 0.0006233956082724035 0.004606784321367741
v 0.008002526126801968 -0.0042079235427081585 0.004623915534466505
v 0.008547878824174404 -0.002651575254276395 0.004612547345459461
v 0.008824476040899754 -0.0010257746325805783 0.004606785252690315
v 0.008859232999384403 -0.00020118818792980164 0.004606060218065977
v 0.004943744745105505 -0.008036410436034203 0.004687679931521416
v 0.006174555514007807 -0.0069390456192195415 0.004662020597606897
v 0.007203870918601751 -0.005650709383189678 0.004640563856810331
v 0.007677037268877029 -0.004866833798587322 0.004630704410374165
v 0.004215027205646038 -0.009013368748128414 0.0026214986573904753
v 0.004848979413509369 0.007972299121320248 0.0016956310719251633
v 0.008979793637990952 -0.0013915591407567263 0.0016095186583697796
v 0.009050523862242699 -0.00020119039982091635 0.0016080491477623582
v 0.008979792706668377 0.0009891776135191321 0.0016095179598778486
v 0.008768589235842228 0.002162788063287735 0.0016139262588694692
v 0.008419893682003021 0.003303110133856535 0.0016211962793022394
v 0.007938612252473831 0.004394095856696367 0.00163122673984617
v 0.007331521715968847 0.005420380737632513 0.0016438806196674705
v 0.006607168819755316 0.006367515306919813 0.001658976310864091
v 0.005775753874331713 0.007222166284918785 0.0016763079911470413
v 0.003951090853661299 -0.00894772820174694 0.0017143506556749344
v 0.004848979413509369 -0.008374680764973164 0.0016956302570179105
v 0.005775751546025276 -0.007624546531587839 0.001676307525485754
v 0.006607167888432741 -0.006769894622266293 0.0016589813167229295
v 0.007331520784646273 -0.005822759587317705 0.0016438800375908613
v 0.007938612252473831 -0.004796474240720272 0.0016312279039993882
v 0.008419893682003021 -0.003705488983541727 0.0016211960464715958
v 0.008768590167164803 -0.0025651645846664906 0.0016139202052727342
v 0.0034703928977251053 -0.008914711885154247 0.022532567381858826
v 0.003470403142273426 -0.010300712659955025 0.022532569244503975
v 0.004141318611800671 -0.009094524197280407 0.02251858450472355
v 0.004203755874186754 -0.010048987343907356 0.022517280653119087
v 0.005469952709972858 -0.008252168074250221 0.022490886971354485
v 0.005469959229230881 -0.00950686726719141 0.022490886971354485
v 0.005561857484281063 -0.00946114957332611 0.022491080686450005
v 0.005653299391269684 -0.009414496831595898 0.022495470941066742
v 0.0061238231137394905 -0.0091543048620224 0.022586442530155182
v 0.005619599483907223 -0.008135112002491951 0.02249336987733841
v 0.0062783583998680115 -0.0090608149766922 0.022643251344561577
v 0.005698223132640123 -0.008071663789451122 0.022499173879623413
v 0.006177655421197414 -0.007640358991920948 0.022604605183005333
v 0.00673286709934473 -0.008759886026382446 0.02290659211575985
v 0.006413596216589212 -0.007396647706627846 0.022705387324094772
v 0.006878794636577368 -0.008654526434838772 0.02303069643676281
v 0.006841965485364199 -0.006888497620820999 0.022997068241238594
v 0.007201398257166147 -0.00840622466057539 0.023420540615916252
v 0.007230326998978853 -0.008382991887629032 0.023467661812901497
v 0.006892662961035967 -0.006821734365075827 0.02304382622241974
v 0.007422391790896654 -0.00822597835212946 0.023899691179394722
v 0.007023082580417395 -0.0066423253156244755 0.02318068966269493
v 0.007296580821275711 -0.006222648546099663 0.0235882755368948
v 0.007328965235501528 -0.00616801343858242 0.023655440658330917
v 0.007449665106832981 -0.008203689008951187 0.023996442556381226
v 0.0074628437869250774 -0.005924025550484657 0.02405146136879921
v 0.0075111985206604 -0.00815737433731556 0.02444877289235592
v 0.007511184085160494 -0.005809432826936245 0.02444877289235592
v 0.005562815815210342 0.009058288298547268 0.022491110488772392
v 0.005469826050102711 0.009104558266699314 0.022490888833999634
v 0.005469833500683308 0.007849877700209618 0.022490892559289932
v 0.005653297528624535 0.009012117981910706 0.022495487704873085
v 0.006123145576566458 0.008752318099141121 0.02258627489209175
v 0.005617932416498661 0.007734053302556276 0.022493284195661545
v 0.006277888081967831 0.00865872111171484 0.022643113508820534
v 0.0068807462230324745 0.0064351740293204784 0.02303262986242771
v 0.006878666114062071 0.008252255618572235 0.02303069643676281
v 0.006686635781079531 0.006681308150291443 0.022872090339660645
v 0.006732489913702011 0.008357768878340721 0.022906402125954628
v 0.006227041594684124 0.007188820280134678 0.02262282557785511
v 0.005972609855234623 0.0074322037398815155 0.02254433184862137
v 0.007508051116019487 0.005420131608843803 0.02437247335910797
v 0.007511097937822342 0.005407171789556742 0.024448774755001068
v 0.007511082570999861 0.007755018770694733 0.02444876916706562
v 0.007447433192282915 0.005551914684474468 0.02398817054927349
v 0.007449585013091564 0.0078014228492975235 0.02399660088121891
v 0.007295236457139254 0.005822477862238884 0.02358580008149147
v 0.007422317750751972 0.00782373733818531 0.023899827152490616
v 0.007184693589806557 0.006000138819217682 0.023394769057631493
v 0.007230212911963463 0.007980690337717533 0.02346768043935299
v 0.007201408967375755 0.008003844879567623 0.023420756682753563
v 0.007587828207761049 -0.0014739872422069311 0.028127167373895645
v 0.007574701216071844 -0.003442917251959443 0.027496693655848503
v 0.007604953367263079 -0.004116571508347988 0.02894779108464718
v 0.007536739576607943 -0.005737124942243099 0.025674711912870407
v 0.007549108937382698 -0.008186020888388157 0.026267366483807564
v 0.007554586045444012 -0.008145771920681 0.026529988273978233
v 0.007559751160442829 -0.008009457029402256 0.02677788957953453
v 0.007547501474618912 -0.005741630680859089 0.026191096752882004
v 0.00757566187530756 0.0029303841292858124 0.027545135468244553
v 0.007582223974168301 0.002106197876855731 0.027859628200531006
v 0.007604897487908602 0.003714310470968485 0.028947792947292328
v 0.007558096200227737 0.0076597873121500015 0.02670406363904476
v 0.007553013972938061 0.007763559930026531 0.02646035887300968
v 0.007547417655587196 0.005339371506124735 0.026191100478172302
v 0.007548992056399584 0.0077837444841861725 0.026267383247613907
v 0.007521824911236763 0.00536063127219677 0.024963226169347763
v 0.007588756736367941 0.0007998566143214703 0.028172552585601807
v 0.0075899153016507626 0.00029998717946000397 0.028227955102920532
v 0.007588800508528948 -0.0011927424930036068 0.02817392535507679
v 0.007562650833278894 -0.007872254587709904 0.026916982606053352
v 0.007581569720059633 -0.006720015313476324 0.02782498672604561
v 0.007597523275762796 -0.0056427414529025555 0.02859065681695938
v 0.007598536089062691 -0.005564430262893438 0.02863939106464386
v 0.0076018935069441795 0.004781797528266907 0.02880413644015789
v 0.007597440388053656 0.005240477621555328 0.02859066240489483
v 0.007563446648418903 0.0041030352003872395 0.026959434151649475
v 0.007581472862511873 0.006317742634564638 0.027824990451335907
v 0.007562534883618355 0.007469974923878908 0.026917003095149994
v 0.007602388970553875 -0.005116568878293037 0.02882450446486473
v 0.007603916805237532 -0.004785381723195314 0.028897704556584358
v 0.00760450167581439 0.004136055242270231 0.02892906963825226
v 0.0015123652992770076 0.010422823019325733 0.024573814123868942
v 0.0015768787125125527 0.010390624403953552 0.024026602506637573
v 0.0017743875505402684 0.0103395851328969 0.023541713133454323
v 0.0018597712041810155 0.010319726541638374 0.023405030369758606
v 0.002207777928560972 0.010239822790026665 0.023015834391117096
v 0.002344931708648801 0.010207430459558964 0.022907914593815804
v 0.00280275521799922 0.010092005133628845 0.022662092000246048
v 0.0029567989986389875 0.01005019061267376 0.022610722109675407
v 0.0034702536650002003 0.009898378513753414 0.022532571107149124
v 0.004763832315802574 0.009425196796655655 0.022505605593323708
v 0.0015906065236777067 0.0076109967194497585 0.028326114639639854
v 0.001559757860377431 0.010530312545597553 0.0268473569303751
v 0.0015640484634786844 0.010518779046833515 0.02705322951078415
v 0.0015707232523709536 0.010408720001578331 0.027373334392905235
v 0.0015125041827559471 -0.008378811180591583 0.02457381784915924
v 0.0015819257823750377 -0.008378810249269009 0.027904128655791283
v 0.0015907190972939134 -0.008013377897441387 0.02832608111202717
v 0.0015125215286388993 -0.010825172066688538 0.02457381598651409
v 0.009295064024627209 -0.00020119076361879706 0.02407669648528099
v 0.009331484325230122 -0.0002011878095800057 0.023648064583539963
v 0.009168943390250206 -0.0019853590056300163 0.023651452735066414
v 0.007841545157134533 -0.00526247825473547 0.025441108271479607
v 0.004313027486205101 -0.009144851006567478 0.021743470802903175
v 0.005125343333929777 -0.008646168746054173 0.021726535633206367
v 0.005683754570782185 -0.008238577283918858 0.02171489968895912
v 0.0065916660241782665 -0.007438168860971928 0.021695971488952637
v 0.007032504305243492 -0.0069735064171254635 0.021686777472496033
v 0.007803361862897873 -0.005996325518935919 0.021670714020729065
v 0.008077487349510193 -0.005580389406532049 0.021664995700120926
v 0.008134540170431137 -0.005487894639372826 0.021663807332515717
v 0.007900550030171871 -0.005320550408214331 0.023677891120314598
v 0.008923493325710297 -0.003887100610882044 0.021647363901138306
v 0.008686669170856476 -0.0037107577081769705 0.023661507293581963
v 0.008947028778493404 -0.0038256633561104536 0.02164687030017376
v 0.00943873729556799 -0.002073748502880335 0.02163662202656269
v 0.00944431871175766 -0.002043662592768669 0.02163650281727314
v 0.0096132205799222 -0.00020118991960771382 0.021632984280586243
v 0.00927219819277525 -0.0002011916076298803 0.02615514025092125
v 0.009256248362362385 -0.00020119007967878133 0.02541162073612213
v 0.009199641644954681 -0.0013907001120969653 0.02615642547607422
v 0.009095550514757633 -0.001965118572115898 0.02541496604681015
v 0.009111673571169376 -0.001965234987437725 0.026158258318901062
v 0.008618747815489769 -0.0036709471605718136 0.025424903258681297
v 0.008634837344288826 -0.0036711711436510086 0.026168201118707657
v 0.007857589051127434 -0.005262813996523619 0.026184402406215668
v 0.009319018572568893 0.001615716959349811 0.02247781679034233
v 0.007869699969887733 0.004896305501461029 0.024106411263346672
v 0.007856589742004871 0.004862074740231037 0.026184426620602608
v 0.00865275226533413 0.003293458139523864 0.02409008890390396
v 0.008634386584162712 0.003269989276304841 0.026168208569288254
v 0.009133150801062584 0.00157541420776397 0.024080073460936546
v 0.00911155715584755 0.0015634858282282948 0.02615826390683651
v 0.009480648674070835 0.001419507316313684 0.02163575030863285
v 0.009441845118999481 0.0016413431148976088 0.021636556833982468
v 0.009002409875392914 0.0032584185246378183 0.021645719185471535
v 0.008827720768749714 0.0033727327827364206 0.022488055750727654
v 0.008941693231463432 0.0034224141854792833 0.021646985784173012
v 0.008204919286072254 0.004964752588421106 0.02166234515607357
v 0.008026905357837677 0.005011942237615585 0.02250475436449051
v 0.008132540620863438 0.005086653865873814 0.021663853898644447
v 0.007943318225443363 0.005388245917856693 0.02166779525578022
v 0.00694297207519412 0.006479303352534771 0.022527344524860382
v 0.007034726906567812 0.0065764435566961765 0.02168673276901245
v 0.006763932760804892 0.006868657190352678 0.02169238030910492
v 0.005683276802301407 0.007840869016945362 0.02171490341424942
v 0.005336374510079622 0.008099548518657684 0.021722137928009033
v 0.00919962115585804 0.0009884644532576203 0.026156429201364517
v 0.0007311623194254935 -0.00814817938953638 0.028391171246767044
v 0.008525300770998001 0.00645722821354866 0.0267938319593668
v 0.008735725656151772 0.006182849872857332 0.026775699108839035
v 0.009369367733597755 0.005162904039025307 0.026757389307022095
v 0.00815630704164505 0.004306231625378132 0.02857900597155094
v 0.00995482224971056 0.003767850110307336 0.02680768445134163
v 0.00863191019743681 0.0032505509443581104 0.028569096699357033
v 0.010008731856942177 0.0035996304359287024 0.026816362515091896
v 0.008982682600617409 0.0021285288967192173 0.0285617858171463
v 0.010394471697509289 0.0019225407158955932 0.0269018467515707
v 0.010494343936443329 0.0011353656882420182 0.02692977339029312
v 0.00919522624462843 0.0009723158436827362 0.02855735458433628
v 0.01055835746228695 -0.00020118699467275292 0.02694937027990818
v 0.00926643144339323 -0.00020112525089643896 0.028555866330862045
v 0.010494357906281948 -0.0015376077499240637 0.02692977525293827
v 0.009195243939757347 -0.0013745618052780628 0.02855735272169113
v 0.01039164699614048 -0.0023427805863320827 0.026901090517640114
v 0.008982714265584946 -0.0025307810865342617 0.0285617858171463
v 0.009972463361918926 -0.004116255324333906 0.026810435578227043
v 0.00863195676356554 -0.0036528054624795914 0.028569096699357033
v 0.009954854846000671 -0.004170120693743229 0.026807693764567375
v 0.00936936680227518 -0.005565283820033073 0.026757393032312393
v 0.008156372234225273 -0.0047084917314350605 0.02857900597155094
v 0.008735816925764084 -0.006585109047591686 0.02677568793296814
v 0.008524861186742783 -0.006860148627310991 0.02679387852549553
v 0.0078577334061265 0.004146714229136705 0.028848811984062195
v 0.008316508494317532 0.0031283902935683727 0.028839247301220894
v 0.008654865436255932 0.002046078210696578 0.028832193464040756
v 0.008859887719154358 0.0009307826403528452 0.02882792428135872
v 0.008928571827709675 -0.00020112597849220037 0.028826486319303513
v 0.008859903551638126 -0.0013330348301678896 0.02882791869342327
v 0.008654896169900894 -0.0024483350571244955 0.028832195326685905
v 0.008316552266478539 -0.003530652727931738 0.028839247301220894
v 0.007857795804738998 -0.004548973869532347 0.028848813846707344
v 0.007923567667603493 0.0029780641198158264 0.02894115447998047
v 0.008246649987995625 0.0019446152728050947 0.02893441542983055
v 0.008442414924502373 0.0008796751499176025 0.028930332511663437
v 0.00850799772888422 -0.00020113018399570137 0.0289289690554142
v 0.008442429825663567 -0.0012819345574826002 0.028930338099598885
v 0.008246676996350288 -0.002346878172829747 0.02893441915512085
v 0.007923608645796776 -0.003380327019840479 0.02894115075469017
v 0.006756920367479324 0.006868431810289621 0.02136274054646492
v 0.006144253071397543 0.006640713661909103 0.02062316983938217
v 0.006319916807115078 0.006462861783802509 0.020619509741663933
v 0.006522239651530981 0.006654004566371441 0.02079598791897297
v 0.005329384468495846 0.008099275641143322 0.021392501890659332
v 0.00412463815882802 0.0081649674102664 0.020665274932980537
v 0.005261078476905823 0.0080126216635108 0.02108203060925007
v 0.005138011649250984 0.007847518660128117 0.020824838429689407
v 0.004974761512130499 0.0076237451285123825 0.020647551864385605
v 0.00888321828097105 0.0013268172042444348 0.020566077902913094
v 0.009005452506244183 -0.00020119048713240772 0.020563529804348946
v 0.0092849750071764 -0.0002011893520830199 0.02073839120566845
v 0.008692729286849499 0.0031534102745354176 0.02075074054300785
v 0.008434616029262543 0.0030618368182331324 0.020575430244207382
v 0.0086723193526268 0.0023073789197951555 0.02057047002017498
v 0.007696013897657394 0.004641983658075333 0.020590823143720627
v 0.007432338781654835 0.005068029277026653 0.020596321672201157
v 0.00791946705430746 0.004807923920452595 0.020766856148838997
v 0.007665812037885189 0.005218553356826305 0.020772147923707962
v 0.009156434796750546 0.0013703280128538609 0.020741073414683342
v 0.009493118152022362 -0.00020118833344895393 0.02099381573498249
v 0.009361940436065197 0.0014025559648871422 0.02099655009806156
v 0.00960603542625904 -0.0002011886244872585 0.02130335196852684
v 0.009473482146859169 0.0014195125550031662 0.02130611427128315
v 0.008888715878129005 0.0032222142908722162 0.02100641466677189
v 0.008099588565528393 0.004910667892545462 0.02102285996079445
v 0.008995282463729382 0.003258373821154237 0.021316081285476685
v 0.008197847753763199 0.004964623134583235 0.02133270353078842
v 0.00784072931855917 0.005329723935574293 0.02102825976908207
v 0.007936262525618076 0.005388093646615744 0.02133815735578537
v 0.00667369831353426 0.006794623099267483 0.021052585914731026
v 0.008672317489981651 -0.0027097584679722786 0.020570475608110428
v 0.008355522528290749 -0.0036755534820258617 0.020577074959874153
v 0.00861620344221592 -0.0037752334028482437 0.02075233682990074
v 0.004124639555811882 -0.00856734812259674 0.02066526934504509
v 0.003442716086283326 -0.008917644619941711 0.02067948691546917
v 0.00381685933098197 -0.009017033502459526 0.020830150693655014
v 0.005118350964039564 -0.00864589586853981 0.021396897733211517
v 0.004321449901908636 -0.009148463606834412 0.021500393748283386
v 0.005052255466580391 -0.00855773501098156 0.02108638919889927
v 0.004113286267966032 -0.009095141664147377 0.02106328122317791
v 0.004251829814165831 -0.009131109341979027 0.021268602460622787
v 0.0049333833158016205 -0.008389760740101337 0.020829105749726295
v 0.006355192046612501 -0.007218447048217058 0.020799465477466583
v 0.004776905756443739 -0.00816348847001791 0.020651673898100853
v 0.006144251208752394 -0.007043094374239445 0.02062317170202732
v 0.007301339879631996 -0.005665016360580921 0.02059905044734478
v 0.009115793742239475 -0.0020169285126030445 0.020741920918226242
v 0.008841974660754204 -0.0019663649145513773 0.02056693844497204
v 0.007558805868029594 -0.005272245034575462 0.020593686029314995
v 0.0075300950556993484 -0.005820401944220066 0.020774975419044495
v 0.006503227632492781 -0.007362391334027052 0.02105613984167576
v 0.00770223094150424 -0.005935658235102892 0.02103114314377308
v 0.007973483763635159 -0.005524079781025648 0.021025491878390312
v 0.007795894518494606 -0.005417098291218281 0.020769434049725533
v 0.008070400916039944 -0.0055802809074521065 0.021335357800126076
v 0.007796289399266243 -0.005996195133775473 0.021341072395443916
v 0.006584644317626953 -0.0074379537254571915 0.021366333588957787
v 0.008810624480247498 -0.003848531749099493 0.021008040755987167
v 0.009320464916527271 -0.002054161624982953 0.020997410640120506
v 0.008916357532143593 -0.0038870680145919323 0.021317726001143456
v 0.00943156611174345 -0.00207375711761415 0.02130698785185814
v 0.007696015760302544 -0.005044362507760525 0.020590826869010925
v 0.0039370497688651085 0.007838982157409191 0.020505331456661224
v 0.003147637704387307 -0.00883902981877327 0.02060164324939251
v 0.005877968855202198 0.006374122574925423 0.02046486921608448
v 0.004955930635333061 0.007170735392719507 0.020484087988734245
v 0.007369270548224449 -0.004855649080127478 0.020433777943253517
v 0.007912562228739262 -0.0037648575380444527 0.02042246051132679
v 0.008307529613375664 -0.0026120112743228674 0.02041422575712204
v 0.00854729674756527 -0.0014171883231028914 0.020409224554896355
v 0.008627684786915779 -0.00020119048713240772 0.020407551899552345
v 0.00854729488492012 0.0010148095898330212 0.020409224554896355
v 0.008307529613375664 0.0022096356842666864 0.02041422575712204
v 0.007912561297416687 0.003362479619681835 0.02042246051132679
v 0.007369267754256725 0.004453269764780998 0.020433781668543816
v 0.006687110755592585 0.005463012494146824 0.020448004826903343
v 0.0028581698425114155 -0.008761896751821041 0.02052782103419304
v 0.003937051631510258 -0.008241360075771809 0.020505331456661224
v 0.004955930635333061 -0.007573114708065987 0.020484091714024544
v 0.005877970717847347 -0.006776501424610615 0.020464865490794182
v 0.006687111221253872 -0.0058653890155255795 0.020448001101613045
v 0.00015568478556815535 -0.010954136960208416 0.023305222392082214
v -0.0014687576331198215 -0.010990584269165993 0.02716688998043537
v -0.0015486275078728795 -0.010873609222471714 0.023333346471190453
v -0.0020160600543022156 -0.010575613938272 0.0009116356377489865
v -0.0013018790632486343 -0.010633309371769428 0.002557335188612342
v -0.0019348839996382594 -0.010497055947780609 0.00477618258446455
v -0.0007346989004872739 -0.010639295913279057 0.004254346247762442
v -0.001819371827878058 -0.010515258647501469 0.01035899668931961
v -0.00030965302721597254 -0.010646460577845573 0.004431892652064562
v -0.0001717809500405565 -0.010654938407242298 0.010286985896527767
v -0.0005092796054668725 -0.010645064525306225 0.004358742386102676
v -0.0005254354327917099 -0.010644805617630482 0.004351808223873377
v -0.0016493421280756593 -0.010752173140645027 0.018516089767217636
v 6.8160385126248e-05 -0.010895568877458572 0.019853893667459488
v -0.0016926196403801441 -0.01067248173058033 0.016503991559147835
v -0.0018070257501676679 -0.010523849166929722 0.010960047133266926
v -0.0014687576331198215 0.010588206350803375 0.02716688998043537
v -0.001496706623584032 0.01052130851894617 0.02558290772140026
v -0.0015473479870706797 0.010471111163496971 0.02325810119509697
v 0.00015568632807116956 0.01055175717920065 0.023305216804146767
v 6.815784581704065e-05 0.01049319002777338 0.019853895530104637
v -0.001615752698853612 0.010407127439975739 0.020120475441217422
v -0.0017749234102666378 0.010150990448892117 0.012595247477293015
v -0.0001717803970677778 0.010252557694911957 0.010286984033882618
v -0.0018208373803645372 0.010112586431205273 0.010359035804867744
v -0.00030965189216658473 0.010244084522128105 0.004431892652064562
v -0.0005041916738264263 0.01024288684129715 0.004362490028142929
v -0.0019028638489544392 0.010086546652019024 0.006357450503855944
v -0.0005247012013569474 0.010242548771202564 0.004353672731667757
v -0.0007346991915255785 0.010236919857561588 0.004254346247762442
v -0.0013018804602324963 0.010230929590761662 0.002557331696152687
v -0.0020160588901489973 0.010173234157264233 0.0009116363944485784
v 0.004321543034166098 0.009606205858290195 0.01959242857992649
v 0.0012728984002023935 0.010154379531741142 0.0037135991733521223
v 0.0011916166404262185 0.01016243640333414 0.0038339844904839993
v 0.0025337066035717726 0.00991077907383442 0.01019932609051466
v 0.001160253887064755 0.010165448300540447 0.0038794120773673058
v 0.0010274818632751703 0.010177790187299252 0.004049467854201794
v 0.0011473122285678983 0.010158025659620762 0.010260405950248241
v 0.0010232001077383757 0.01017817948013544 0.004054266028106213
v 0.003247814020141959 0.009807979688048363 0.0013044949155300856
v 0.0030410420149564743 0.009854026138782501 0.0017326452070847154
v 0.003928476944565773 0.009518947452306747 0.010143382474780083
v 0.0026383695658296347 0.00994042120873928 0.00229978421702981
v 0.002315043704584241 0.010003555566072464 0.002624988090246916
v 0.0017506299773231149 0.010098068043589592 0.0030307231936603785
v 0.0012309090234339237 0.010161696933209896 0.0035697610583156347
v 0.004919886589050293 0.009206581860780716 0.0008512409985996783
v 0.004186668898910284 0.0095148840919137 0.0007481579086743295
v 0.0034400043077766895 0.009769093245267868 0.0006452644011005759
v 0.0056621781550347805 0.009040946140885353 0.019839463755488396
v 0.005653594620525837 0.009012309834361076 0.022487057372927666
v 0.002889901865273714 0.01004831399768591 0.019661085680127144
v 0.001444157911464572 0.010349111631512642 0.019743002951145172
v 0.0014962778659537435 0.010385177098214626 0.023083312436938286
v 0.0015125047648325562 0.010539104230701923 0.026848260313272476
v 0.0009559781174175441 0.01018417626619339 0.004123495891690254
v 0.0008935123332776129 0.010189590975642204 0.0041778311133384705
v 0.0007310934597626328 0.010202838107943535 0.004277931060642004
v 0.0007280275458469987 0.01020307932049036 0.004279287997633219
v 0.0006684910622425377 0.010207592509686947 0.004301919136196375
v 0.0006355518708005548 0.010210007429122925 0.0043115089647471905
v 0.00037363782757893205 0.010226309299468994 0.00437968410551548
v 0.00011180648289155215 0.010237172245979309 0.0044478303752839565
v -7.710161298746243e-05 0.010241837240755558 0.004468373488634825
v -8.185363549273461e-05 0.010241925716400146 0.004468243569135666
v -0.00022323308803606778 0.01024372037500143 0.004452140536159277
v -0.00029617108521051705 0.010244064964354038 0.004435473587363958
v 0.004185457713901997 0.009533572010695934 0.01585361734032631
v 0.005351184867322445 0.00896984152495861 0.011686420999467373
v 0.0029636945109814405 0.006119954399764538 -0.0018618580652400851
v 0.0026754324790090322 0.006290242541581392 -0.002256563864648342
v 0.003781168954446912 0.0055161030031740665 -0.0018789010355249047
v 0.003424096619710326 0.005794809199869633 -0.0022721674758940935
v 0.004184102173894644 0.005147865042090416 -0.0018872966757044196
v 0.004175752867013216 0.005147864576429129 -0.0022878360468894243
v 0.002675430616363883 -0.006692621856927872 -0.0022565608378499746
v 0.0029636938124895096 -0.006522332783788443 -0.0018618549220263958
v 0.003424095455557108 -0.006197189912199974 -0.002272166544571519
v 0.0037811703514307737 -0.005918484181165695 -0.0018789018504321575
v 0.004175753332674503 -0.0055502429604530334 -0.002287833485752344
v 0.00418410450220108 -0.005550244357436895 -0.001887301099486649
v 0.0044500622898340225 -0.005275107454508543 -0.0018928454956039786
v 0.004835488740354776 -0.004809745587408543 -0.002301590982824564
v 0.0050343782640993595 -0.004554016515612602 -0.0019050237024202943
v 0.005391762126237154 -0.0039886487647891045 -0.0023131866473704576
v 0.005525168031454086 -0.0037662566173821688 -0.0019152516033500433
v 0.005834842100739479 -0.003101309994235635 -0.0023224230390042067
v 0.005914916750043631 -0.0029238956049084663 -0.0019233784405514598
v 0.006156982388347387 -0.002163249533623457 -0.0023291383404284716
v 0.006197651382535696 -0.002039831131696701 -0.0019292697543278337
v 0.006352546159178019 -0.001190872397273779 -0.0023332135751843452
v 0.0063690426759421825 -0.001127605210058391 -0.0019328424241393805
v 0.006418118253350258 -0.00020119109831284732 -0.002334578661248088
v 0.006426467560231686 -0.00020119060354772955 -0.0019340390572324395
v 0.006352545227855444 0.000788496108725667 -0.0023332107812166214
v 0.006369042210280895 0.0007252258365042508 -0.001932840677909553
v 0.006156980991363525 0.0017608682392165065 -0.0023291362449526787
v 0.006197650451213121 0.0016374516999348998 -0.0019292706856504083
v 0.00583484023809433 0.002698928816244006 -0.002322417451068759
v 0.005914915818721056 0.0025215179193764925 -0.0019233782077208161
v 0.005391760729253292 0.003586268052458763 -0.0023131866473704576
v 0.005525168497115374 0.003363881027325988 -0.001915253815241158
v 0.004835488740354776 0.0044073667377233505 -0.002301591681316495
v 0.005034377798438072 0.004151638131588697 -0.0019050261471420527
v 0.0044500622898340225 0.004872728604823351 -0.0018928435165435076
v -0.0005255290889181197 -0.007863473147153854 0.019088275730609894
v 0.000424901518272236 -0.007790334988385439 0.019068459048867226
v 0.0004026164242532104 -0.007670052349567413 0.01880708523094654
v -0.000830430188216269 0.007296785246580839 0.0185670405626297
v -0.0008269308600574732 0.0072966814041137695 0.018547087907791138
v -0.0006793350912630558 0.007298747077584267 0.018544016405940056
v -0.0008806049008853734 0.007298087701201439 0.018624648451805115
v -0.000843653513584286 0.007297161966562271 0.01859031431376934
v -0.000673556060064584 0.007340387441217899 0.018829522654414177
v -0.0010499994968995452 0.007300000172108412 0.018706969916820526
v -0.0010914477752521634 0.0072998832911252975 0.01872154511511326
v -0.0008450272725895047 -0.0077787102200090885 0.01894015446305275
v -0.0007231801864691079 -0.007811008486896753 0.0190015509724617
v -0.000673555419780314 -0.007742765825241804 0.018829520791769028
v -0.0006793353823013604 -0.0077011254616081715 0.018544012680649757
v -0.0008713248535059392 -0.007697871886193752 0.018548013642430305
v -0.0008774957386776805 -0.007698016241192818 0.018574507907032967
v -0.000903563282918185 -0.007698570843786001 0.018608158454298973
v -0.0009648387786000967 -0.007699515670537949 0.018650824204087257
v -0.0011455821804702282 -0.007699390407651663 0.01872585527598858
v 0.00436719274148345 -0.006003884132951498 0.018986281007528305
v 0.0034173633903265 -0.006556337233632803 0.018744245171546936
v 0.0034881967585533857 -0.006658682134002447 0.01900460571050644
v 0.002469222526997328 -0.007070707622915506 0.018764004111289978
v 0.0025247884914278984 -0.007181335706263781 0.019024686887860298
v 0.001457402715459466 -0.007444493006914854 0.018785100430250168
v 0.0014966764720156789 -0.007561143487691879 0.0190461166203022
v 0.006712567061185837 -0.0023656641133129597 0.01893738843500614
v 0.006212739273905754 -0.0033418433740735054 0.018685968592762947
v 0.0063285911455750465 -0.003392421407625079 0.018945392221212387
v 0.005694561172276735 -0.00428805174306035 0.018696775659918785
v 0.005802069790661335 -0.004353868775069714 0.018956366926431656
v 0.005046704784035683 -0.005150626879185438 0.01871027983725071
v 0.005143779795616865 -0.005230335984379053 0.018970094621181488
v 0.0004026154929306358 0.0072676753625273705 0.01880708709359169
v 0.0004249022458679974 0.00738795381039381 0.019068459048867226
v 0.0014574048109352589 0.007042113691568375 0.01878509856760502
v 0.001496676355600357 0.0071587637066841125 0.0190461203455925
v 0.0024692199658602476 0.006668328773230314 0.018764009699225426
v 0.002524787560105324 0.006778956390917301 0.019024686887860298
v 0.0034173629246652126 0.006153959780931473 0.018744243308901787
v 0.0034881981555372477 0.0062563056126236916 0.01900460571050644
v 0.004282424692064524 0.00550953671336174 0.018726205453276634
v 0.004367191810160875 0.005601503886282444 0.018986281007528305
v 0.005046705715358257 0.004748246166855097 0.01871027797460556
v 0.0051437788642942905 0.004827955272048712 0.018970096483826637
v 0.005694561637938023 0.0038856726605445147 0.018696770071983337
v 0.00580206885933876 0.003951490391045809 0.018956370651721954
v 0.006212738808244467 0.0029394621960818768 0.018685968592762947
v 0.006328589748591185 0.002990041160956025 0.018945394083857536
v 0.00659062759950757 0.0019289819756522775 0.018678095191717148
v 0.006712566129863262 0.0019632859621196985 0.01893739029765129
v 0.006820503622293472 0.000874905614182353 0.018673302605748177
v 0.0069461422972381115 0.0008922363631427288 0.01893252320587635
v 0.006897652987390757 -0.0002011889882851392 0.01867169514298439
v 0.0070245349779725075 -0.00020118964312132448 0.018930889666080475
v 0.006820502690970898 -0.0012772866757586598 0.018673298880457878
v 0.006946143228560686 -0.00129461579490453 0.0189325213432312
v 0.0014398604398593307 -0.007404502015560865 0.018499834463000298
v 0.00046927310177125037 -0.007617420982569456 0.01852007396519184
v 0.0003908948565367609 -0.00762881338596344 0.018521705642342567
v 0.002446090104058385 -0.007032776717096567 0.018478862941265106
v 0.004282425157725811 -0.005911915563046932 0.018726211041212082
v 0.003388996236026287 -0.006521247792989016 0.01845921017229557
v 0.0026051204185932875 -0.006958457175642252 0.018475543707609177
v 0.005009342450648546 -0.005123300012201071 0.018425432965159416
v 0.004451885353773832 -0.00569907808676362 0.018437054008245468
v 0.00424928218126297 -0.005880384705960751 0.018441271036863327
v 0.0056536211632192135 -0.004265486262738705 0.018412001430988312
v 0.006590628065168858 -0.002331359311938286 0.018678093329072
v 0.006168936844915152 -0.0033245012164115906 0.018401257693767548
v 0.0058454787358641624 -0.003951189573854208 0.018408004194498062
v 0.00677334563806653 -0.0012713447213172913 0.018388656899333
v 0.006662070285528898 -0.0018700981745496392 0.01839097961783409
v 0.00654474226757884 -0.002319599501788616 0.01839342527091503
v 0.00685007032006979 -0.00020118977408856153 0.01838706247508526
v 0.006829103920608759 0.0003592857683543116 0.01838749647140503
v 0.006773344241082668 0.0008689670357853174 0.0183886606246233
v 0.0065447427332401276 0.0019172187894582748 0.01839342527091503
v 0.006331736221909523 0.002538867760449648 0.0183978620916605
v 0.006168936844915152 0.002922120736911893 0.0184012558311224
v 0.005653621628880501 0.0038631081115454435 0.018411999568343163
v 0.005214161239564419 0.004474983550608158 0.01842116005718708
v 0.0050093429163098335 0.004720918834209442 0.018425429239869118
v 0.004249281249940395 0.005478005390614271 0.018441274762153625
v 0.003575683105736971 0.005995600484311581 0.01845531351864338
v 0.0033889967016875744 0.006118868477642536 0.01845920830965042
v 0.0024460896383970976 0.006630397867411375 0.018478864803910255
v 0.0015618825564160943 0.006965607404708862 0.018497295677661896
v 0.0014398584607988596 0.007002120837569237 0.018499834463000298
v 0.0003908938087988645 0.007226436864584684 0.018521705642342567
v -0.0006483002798631787 0.007298809941858053 0.018543366342782974
v 0.003217211924493313 -0.006514913868159056 -0.0013782388996332884
v 0.003278440097346902 -0.0066040619276463985 -0.0012254881439730525
v 0.00394595367833972 -0.0060968296602368355 -0.0012394076911732554
v 0.0032172128558158875 0.006112533621490002 -0.001378241810016334
v 0.0030998182483017445 0.006069232244044542 -0.0016251541674137115
v 0.003827321110293269 0.005562076345086098 -0.0015377673553302884
v 0.0038273218087852 -0.005964455660432577 -0.0015377661911770701
v 0.003100021742284298 -0.006471595261245966 -0.0016247660387307405
v 0.004501590970903635 0.004913529381155968 -0.0015518200816586614
v 0.004501592833548784 -0.005315907299518585 -0.0015518211293965578
v 0.005090607795864344 -0.004589019808918238 -0.0015641002682968974
v 0.0055853440426290035 -0.003794924123212695 -0.0015744121046736836
v 0.005978224333375692 -0.0029457879718393087 -0.001582600292749703
v 0.006263232324272394 -0.002054614247754216 -0.0015885427128523588
v 0.006436003837734461 -0.0011350539280101657 -0.0015921419253572822
v 0.006493889726698399 -0.0002011902688536793 -0.0015933554386720061
v 0.006436005234718323 0.0007326737977564335 -0.0015921479789540172
v 0.0062632327899336815 0.0016522365622222424 -0.0015885446919128299
v 0.005978226196020842 0.002543409587815404 -0.0015826018061488867
v 0.0055853440426290035 0.0033925450406968594 -0.0015744142001494765
v 0.005090606398880482 0.004186639562249184 -0.0015641024801880121
v 0.004635710269212723 -0.00543338293209672 -0.0012537826551124454
v 0.005238253157585859 -0.004689797759056091 -0.0012663435190916061
v 0.005744354799389839 -0.003877467941492796 -0.001276896451599896
v 0.006146261468529701 -0.0030088291969150305 -0.0012852753279730678
v 0.006437814328819513 -0.002097185468301177 -0.0012913543032482266
v 0.006614552810788155 -0.001156503683887422 -0.0012950338423252106
v 0.006673768162727356 -0.00020119076361879706 -0.0012962664477527142
v 0.006614552810788155 0.0007541230879724026 -0.0012950340751558542
v 0.006437814794480801 0.001694806502200663 -0.0012913515092805028
v 0.006146259605884552 0.0026064494159072638 -0.0012852763757109642
v 0.005744353402405977 0.00347508885897696 -0.0012768942397087812
v 0.005238253623247147 0.004287421237677336 -0.001266344916075468
v 0.004635710269212723 0.00503100361675024 -0.0012537837028503418
v 0.003945952281355858 0.005694448947906494 -0.001239405362866819
v 0.003278439398854971 0.0062016830779612064 -0.0012254930334165692
v 0.0036385974381119013 -0.006880963686853647 0.019404882565140724
v -0.0001280433643842116 -0.007968968711793423 0.019265176728367805
v 0.001334145781584084 0.007478766608983278 0.01945291832089424
v 0.0032705068588256836 0.006700010038912296 0.019412554800510406
v 0.0023280647583305836 0.007153423503041267 0.019432203844189644
v 0.001578525174409151 0.007412107195705175 0.019447823986411095
v 0.005351167172193527 0.005001069512218237 0.019369183108210564
v 0.004936474375426769 0.005442661698907614 0.019377825781702995
v 0.0041450499556958675 0.0061264303512871265 0.019394323229789734
v 0.003638598835095763 0.006478584837168455 0.019404882565140724
v 0.006682845298200846 0.002857648767530918 0.019341424107551575
v 0.006576763931661844 0.003099888563156128 0.01934363692998886
v 0.006216514855623245 0.0037939203903079033 0.01935114711523056
v 0.005630992818623781 0.004660621751099825 0.019363349303603172
v 0.007227663416415453 0.0008425514097325504 0.019330067560076714
v 0.007215570192784071 0.0009298757067881525 0.01933032087981701
v 0.007021862547844648 0.0018681174842640758 0.01933435909450054
v 0.00722766388207674 -0.0012449308997020125 0.019330065697431564
v 0.007296665105968714 -0.0002011915494222194 0.01932862587273121
v 0.006682846695184708 -0.003260030411183834 0.019341422244906425
v 0.0070218611508607864 -0.002270494820550084 0.019334357231855392
v 0.007215570658445358 -0.0013322527520358562 0.01933031901717186
v 0.005630993749946356 -0.005063001532107592 0.01936335116624832
v 0.006216514389961958 -0.004196296911686659 0.019351143389940262
v 0.006576762069016695 -0.003502268111333251 0.01934363879263401
v 0.0041450499556958675 -0.006528808269649744 0.019394325092434883
v 0.004936473444104195 -0.005845042876899242 0.019377831369638443
v 0.005351168569177389 -0.005403449758887291 0.019369184970855713
v 0.0002766061807051301 -0.0080761993303895 0.01947496272623539
v 0.001334145083092153 -0.007881145924329758 0.01945291832089424
v 0.0015785229625180364 -0.007814489305019379 0.019447823986411095
v 0.0023280675522983074 -0.0075558023527264595 0.019432201981544495
v 0.0032705061603337526 -0.007102391216903925 0.019412556663155556
v 0.003437028033658862 0.006676129996776581 -0.0006609281990677118
v 0.0034684871789067984 0.00777970626950264 0.000468616490252316
v 0.0047144340351223946 0.007797295227646828 0.0012484373291954398
v 0.0053573306649923325 0.007295700255781412 0.0012350365286692977
v 0.0034980876371264458 0.007187193725258112 -0.0001156859943876043
v 0.003436888800933957 -0.007077857386320829 -0.0006616548052988946
v 0.0034980864729732275 -0.007589570712298155 -0.00011568580521270633
v 0.005357331596314907 -0.007698079105466604 0.0012350342003628612
v 0.0034682229161262512 -0.008184121921658516 0.0004705603059846908
v 0.0034917411394417286 -0.008827824145555496 0.0011500264517962933
v 0.003641820978373289 -0.00886735413223505 0.0012707948917523026
v 0.0037269575987011194 -0.008821130730211735 0.0012690192088484764
v 0.0033441605046391487 -0.008788942359387875 0.0010327554773539305
v 0.004714434966444969 -0.008199676871299744 0.001248435815796256
v 0.0056213620118796825 0.007063223980367184 0.0012295296182855964
v 0.006434977054595947 0.006226873025298119 0.0012125736102461815
v 0.007000620476901531 0.005506522487848997 0.0012007837649434805
v 0.007143823429942131 0.005300014279782772 0.0011977932881563902
v 0.007737914100289345 0.00429570535197854 0.0011854091426357627
v 0.00820889137685299 0.0032280769664794207 0.001175592769868672
v 0.008550121448934078 0.002112171147018671 0.0011684767669066787
v 0.00875679962337017 0.0009636904578655958 0.0011641711462289095
v 0.008826018311083317 -0.00020118987595196813 0.001162726548500359
v 0.008756798692047596 -0.001366069191135466 0.0011641726596280932
v 0.008550120517611504 -0.002514550695195794 0.0011684834025800228
v 0.00820888951420784 -0.003630457678809762 0.00117559265345335
v 0.007737915497273207 -0.0046980855986475945 0.0011854098411276937
v 0.007143820635974407 -0.005702394060790539 0.001197797479107976
v 0.007000620011240244 -0.005908900406211615 0.0012007835321128368
v 0.006434978451579809 -0.006629251874983311 0.0012125697685405612
v 0.0056213634088635445 -0.0074656023643910885 0.0012295356718823314
v 0.0038136723451316357 -0.008912411518394947 0.0014464519917964935
v 0.0002119483397109434 0.01069975458085537 0.026926837861537933
v 0.00021818920504301786 0.010637141764163971 0.02727384865283966
v 0.009516018442809582 0.00529000349342823 0.022599145770072937
v 0.00953567773103714 0.005303070414811373 0.022056005895137787
v 0.00939516443759203 0.005545891355723143 0.022039122879505157
v 0.009742371737957 0.005306296516209841 0.011054941453039646
v 0.009688531048595905 0.005308044608682394 0.009725690819323063
v 0.009467222727835178 0.005608549807220697 0.009552303701639175
v 0.008387035690248013 0.00656282901763916 0.001281312434002757
v 0.008384214714169502 0.0065661403350532055 0.0012810162734240294
v 0.008352012373507023 0.006680079735815525 0.003726804396137595
v 0.007978270761668682 0.007014571689069271 0.001237030141055584
v 0.00788658857345581 0.007108832243829966 0.0012268114369362593
v 0.00735841877758503 0.0076085226610302925 0.0011660385644063354
v 0.007345782592892647 0.007619644049555063 0.0011645472841337323
v 0.007278873585164547 0.007696657907217741 0.0032721126917749643
v 0.007908826693892479 0.007402156479656696 0.023029712960124016
v 0.007288715336471796 0.007935666479170322 0.02340615540742874
v 0.006520757917314768 0.008541155606508255 0.021887509152293205
v 0.007088105194270611 0.008145570755004883 0.021966280415654182
v 0.006000995635986328 0.008863018825650215 0.021450068801641464
v 0.005312392022460699 0.008960402570664883 0.006361380219459534
v 0.00558094959706068 0.008868657052516937 0.000941601989325136
v 0.0060308207757771015 0.008578740060329437 0.0042630708776414394
v 0.005832931026816368 0.008722972124814987 0.0009751102770678699
v 0.0066551100462675095 0.008177473209798336 0.004408764187246561
v 0.00619418965652585 0.00849668774753809 0.0010222074342891574
v 0.006177987437695265 0.008507291786372662 0.0010201168479397893
v 0.007039107847958803 0.007878774777054787 0.001127870287746191
v 0.006789335981011391 0.00807536393404007 0.0010973169701173902
v 0.006259369198232889 0.008453579619526863 0.0010305852629244328
v 0.0088505195453763 0.005976465996354818 0.0013285905588418245
v 0.008849898353219032 0.0062466757372021675 0.006983696948736906
v 0.009068164974451065 0.005666951183229685 0.0013495024759322405
v 0.009435047395527363 0.005824372638016939 0.014374454505741596
v 0.0098031684756279 0.005312363617122173 0.01436673104763031
v 0.009213224053382874 0.006055784411728382 0.018044650554656982
v 0.009711978025734425 0.005330796353518963 0.018042415380477905
v 0.009771634824573994 0.005322463810443878 0.01633821427822113
v 0.009506573900580406 0.0052575767040252686 0.024093419313430786
v 0.008064853958785534 0.007237207610160112 0.023985605686903
v 0.007913919165730476 0.007430569268763065 0.02566191367805004
v 0.008090474642813206 0.0072115883231163025 0.02403736114501953
v 0.008339336141943932 0.007018858566880226 0.02616496942937374
v 0.008493139408528805 0.006770258769392967 0.02412860281765461
v 0.00867321528494358 0.0066300127655267715 0.02613038383424282
v 0.009200400672852993 0.005799958482384682 0.02431449294090271
v 0.007876293733716011 0.007459312677383423 0.025487622246146202
v 0.007802064996212721 0.007558898534625769 0.026232250034809113
v 0.007885054685175419 0.007454470731317997 0.025575855746865273
v 0.00781863834708929 0.007543569430708885 0.026230012997984886
v 0.007856160402297974 0.007508579175919294 0.026224978268146515
v 0.007579748518764973 0.007757310289889574 0.026263020932674408
v 0.0077360207214951515 0.007619226351380348 0.026241246610879898
v 0.008026313036680222 0.007275264710187912 0.023734696209430695
v 0.008057071827352047 0.007244739681482315 0.023933907970786095
v 0.005958388093858957 0.008638035506010056 0.008946170099079609
v 0.006604519672691822 0.008273151703178883 0.010008232668042183
v 0.007221592590212822 0.007843418046832085 0.009387667290866375
v 0.007800073362886906 0.007323832251131535 0.007143290247768164
v 0.009108423255383968 0.006032086443156004 0.00884814653545618
v 0.009172022342681885 0.005978945642709732 0.009328355081379414
v 0.009129867888987064 0.005768357310444117 0.00466202711686492
v 0.009144522249698639 0.005753427743911743 0.004750195890665054
v 0.009133905172348022 0.005568304099142551 0.0013556332560256124
v 0.009153950959444046 0.005537707358598709 0.0013574844924733043
v 0.009213474579155445 0.00593937374651432 0.009558445774018764
v 0.009157256223261356 0.0061727166175842285 0.014379797503352165
v 0.008344163186848164 0.0068200258538126945 0.007460929919034243
v 0.008923457935452461 0.006426401436328888 0.018045766279101372
v 0.008904295973479748 0.006451442837715149 0.017965707927942276
v 0.00865867268294096 0.0066873300820589066 0.020326320081949234
v 0.009606651961803436 0.005326506681740284 0.020485803484916687
v 0.009554102085530758 0.005413138773292303 0.02048366330564022
v 0.00880020298063755 0.006435446906834841 0.021962208673357964
v 0.00898872409015894 0.006259927060455084 0.02045675739645958
v 0.008474196307361126 0.0068441880866885185 0.02192186750471592
v 0.0074484883807599545 0.007897634990513325 0.01961306855082512
v 0.007687502074986696 0.007663510739803314 0.02168717235326767
v 0.008068764582276344 0.007346232421696186 0.018486246466636658
v 0.008308091200888157 0.007073709275573492 0.020857447758316994
v 0.008519744500517845 0.00688062934204936 0.018902473151683807
v 0.008631459437310696 0.006727627944201231 0.0200746338814497
v 0.008869732730090618 0.006500974763184786 0.01751035638153553
v 0.008897524327039719 0.006461429875344038 0.017876818776130676
v 0.009125002659857273 0.0062087238766252995 0.014160512015223503
v 0.009135434404015541 0.006197717040777206 0.014275744557380676
v 0.00918866228312254 0.006077524274587631 0.011956362053751945
v 0.00957015436142683 0.005257058888673782 0.026089683175086975
v 0.008685296401381493 0.0066510941833257675 0.020442163571715355
v 0.008446300402283669 0.00688062934204936 0.021838882938027382
v 0.008418915793299675 0.00692011509090662 0.02166302129626274
v 0.005764257628470659 0.008942677639424801 0.017983917146921158
v 0.005915191024541855 0.00874099601060152 0.014072577469050884
v 0.006303455214947462 0.008686762303113937 0.019408144056797028
v 0.0065251742489635944 0.008447637781500816 0.01564900577068329
v 0.006861689034849405 0.008338114246726036 0.01986522413790226
v 0.0071312240324914455 0.008061149157583714 0.015819553285837173
v 0.007750465534627438 0.007566477172076702 0.014641460962593555
v 0.008253725245594978 0.007146939635276794 0.015607642941176891
v 0.00874314084649086 0.006653780583292246 0.015869788825511932
v 0.009081016294658184 0.006252954714000225 0.013690534979104996
v 0.009174816310405731 0.006089695729315281 0.011833149939775467
v 0.009187765419483185 0.005965702701359987 0.009448792785406113
v 0.009120849892497063 0.005588100757449865 0.0013544207904487848
v 0.008870542049407959 0.006434022448956966 0.011684675700962543
v 0.008352377451956272 0.006965101696550846 0.011753696016967297
v 0.007805720902979374 0.007428240031003952 0.010999022051692009
v 0.009254511445760727 0.005380350165069103 0.0013666240265592933
v 0.00419247942045331 0.009512756019830704 0.0007064002566039562
v 0.0034709752071648836 0.009743801318109035 0.00044981020619161427
v 0.004215269815176725 0.009430145844817162 0.00036488519981503487
v 0.0034974312875419855 0.009614798240363598 0.00013403050252236426
v 0.004940830636769533 0.009119690395891666 0.000469321123091504
v 0.004925353918224573 0.009203956462442875 0.0008096137316897511
v 0.003497428959235549 -0.01001721154898405 0.0001340900780633092
v 0.00494152307510376 -0.009531764313578606 0.0004930748254992068
v 0.0034881809260696173 -0.010094787925481796 0.0002873919438570738
v 0.003470917232334614 -0.01014628354460001 0.0004502632946241647
v 0.004919887986034155 -0.009608962573111057 0.0008512388449162245
v 0.003440004540607333 -0.010171470232307911 0.000645266380161047
v 0.009115154854953289 -0.006555131170898676 0.018998168408870697
v 0.00923146028071642 -0.006395386531949043 0.019016802310943604
v 0.00898671057075262 -0.006633675191551447 0.021073268726468086
v 0.005272804759442806 -0.009392342530190945 0.010116184130311012
v 0.005342093762010336 -0.009348489344120026 0.006290606688708067
v 0.005967460572719574 -0.009120224975049496 0.01422080211341381
v 0.006960627622902393 -0.008344268426299095 0.0011183344759047031
v 0.00680540781468153 -0.008476787246763706 0.004856051877140999
v 0.006369661074131727 -0.00878137070685625 0.0010446812957525253
v 0.009519333019852638 -0.00569503428414464 0.02249457687139511
v 0.009400781244039536 -0.005903149954974651 0.022476205602288246
v 0.009568865410983562 -0.005719427485018969 0.02130255289375782
v 0.00951602403074503 -0.005692388396710157 0.022598963230848312
v 0.009506565518677235 -0.00565996253862977 0.024092989042401314
v 0.009183188900351524 -0.00625206995755434 0.024838123470544815
v 0.009569576941430569 -0.005660544149577618 0.02608911320567131
v 0.008027797564864159 -0.007745623122900724 0.026202581822872162
v 0.008043505251407623 -0.007730636280030012 0.026197565719485283
v 0.008044298738241196 -0.007729248143732548 0.026200484484434128
v 0.006030530668795109 -0.009246974252164364 0.02153877541422844
v 0.0056535969488322735 -0.009414689615368843 0.022487061098217964
v 0.005789102055132389 -0.009334629401564598 0.018048319965600967
v 0.005662179552018642 -0.009443326853215694 0.019839467480778694
v 0.00535118393599987 -0.009372220374643803 0.011686422862112522
v 0.007404908537864685 -0.008240855298936367 0.023693764582276344
v 0.007188393734395504 -0.008462950587272644 0.02216840535402298
v 0.0076163532212376595 -0.008081447333097458 0.0228197630494833
v 0.007861933670938015 -0.007845334708690643 0.02449985221028328
v 0.007664896547794342 -0.008085244335234165 0.02625107578933239
v 0.007953568361699581 -0.007818209007382393 0.026212137192487717
v 0.008005190640687943 -0.007750996388494968 0.02580578625202179
v 0.008065051399171352 -0.007708546705543995 0.02619786374270916
v 0.008252669125795364 -0.00745387515053153 0.02458028681576252
v 0.008084661327302456 -0.0076888506300747395 0.026195401325821877
v 0.00842011533677578 -0.007269593887031078 0.024633703753352165
v 0.008281084708869457 -0.00748446537181735 0.026171663776040077
v 0.008672754280269146 -0.0070329695008695126 0.026130426675081253
v 0.008777224458754063 -0.0068466211669147015 0.022376153618097305
v 0.009671653620898724 -0.005734735168516636 0.01902107521891594
v 0.009771634824573994 -0.005724844057112932 0.01633814349770546
v 0.009742372669279575 -0.005708678159862757 0.011054940521717072
v 0.009785453788936138 -0.005721718072891235 0.01577647402882576
v 0.009506259113550186 -0.006122664548456669 0.015781592577695847
v 0.00968853011727333 -0.0057104239240288734 0.009725694544613361
v 0.009653852321207523 -0.005845655687153339 0.011263319291174412
v 0.009682061150670052 -0.0057107433676719666 0.009581182152032852
v 0.009548723697662354 -0.005989736411720514 0.011237796396017075
v 0.009659051895141602 -0.005712042562663555 0.009083813056349754
v 0.009533269330859184 -0.00600479869171977 0.011113383807241917
v 0.009630857035517693 -0.005713955499231815 0.008501770906150341
v 0.008387035690248013 -0.0069652097299695015 0.0012813126668334007
v 0.008672951720654964 -0.006614136975258589 0.0013108914718031883
v 0.008634688332676888 -0.0067973146215081215 0.004691692069172859
v 0.009254509583115578 -0.005782727152109146 0.0013666304294019938
v 0.009175150655210018 -0.006324040703475475 0.008345288224518299
v 0.009462647140026093 -0.005733501631766558 0.005279912613332272
v 0.009440471418201923 -0.006091241259127855 0.010358713567256927
v 0.009573053568601608 -0.005718976724892855 0.007367599289864302
v 0.009502891451120377 -0.006033557001501322 0.010862652212381363
v 0.008131337352097034 -0.007269984111189842 0.0017128592589870095
v 0.008048092015087605 -0.007531958166509867 0.00811703596264124
v 0.007478979881852865 -0.007936658337712288 0.0038738399744033813
v 0.007128272205591202 -0.008207899518311024 0.0011386311380192637
v 0.007358418311923742 -0.00801090244203806 0.0011660363525152206
v 0.007567914668470621 -0.007821062579751015 0.0011905126739293337
v 0.008090651594102383 -0.007298050913959742 0.0012494223192334175
v 0.008143861778080463 -0.0072404081001877785 0.0012552348198369145
v 0.006300670560449362 -0.008828273043036461 0.0010358791332691908
v 0.006127956323325634 -0.0089224549010396 0.004486671648919582
v 0.005877490155398846 -0.009098567068576813 0.0009809808107092977
v 0.006194189190864563 -0.008899064734578133 0.0010222101118415594
v 0.0049562472850084305 -0.009591971524059772 0.0008563058217987418
v 0.005634896457195282 -0.009240657091140747 0.0009488214855082333
v 0.006584000773727894 -0.008897257968783379 0.02202819287776947
v 0.006362565327435732 -0.009057330898940563 0.019594857469201088
v 0.006956141442060471 -0.008676002733409405 0.020144524052739143
v 0.006618810351938009 -0.008804414421319962 0.01601075381040573
v 0.006038389168679714 -0.008998560719192028 0.009176674298942089
v 0.008062130771577358 -0.007644956931471825 0.02334955893456936
v 0.007824470289051533 -0.00792840775102377 0.021975768730044365
v 0.0075795273296535015 -0.008191326633095741 0.020019497722387314
v 0.007265498396009207 -0.008382613770663738 0.016375092789530754
v 0.006740343291312456 -0.008598250336945057 0.010531561449170113
v 0.009503277949988842 -0.006129053421318531 0.013646935112774372
v 0.00949129369109869 -0.006142990197986364 0.013528292998671532
v 0.009385512210428715 -0.006287023890763521 0.015652358531951904
v 0.009368483908474445 -0.006311582401394844 0.015434067696332932
v 0.00933230109512806 -0.0063605583272874355 0.014985921792685986
v 0.009152685292065144 -0.00655673211440444 0.013038655743002892
v 0.008633646182715893 -0.006969534792006016 0.008651865646243095
v 0.00909475889056921 -0.006591226905584335 0.01875871978700161
v 0.009067794308066368 -0.0066376025788486 0.01842377707362175
v 0.00895105954259634 -0.006814866326749325 0.01689954288303852
v 0.008606267161667347 -0.007152472157031298 0.012920350767672062
v 0.009394346736371517 -0.006273967679589987 0.01575959473848343
v 0.009107990190386772 -0.006567744538187981 0.01891964115202427
v 0.00885647814720869 -0.006813173182308674 0.02099863812327385
v 0.007414672058075666 -0.008119617588818073 0.010172892361879349
v 0.008033630438148975 -0.007665108423680067 0.011992823332548141
v 0.007932006381452084 -0.007834958843886852 0.015452303923666477
v 0.008447681553661823 -0.007368903607130051 0.016513487324118614
v 0.00823531486093998 -0.007583170663565397 0.01911863498389721
v 0.008702498860657215 -0.007059034425765276 0.01959076337516308
v 0.00847739726305008 -0.007269739639014006 0.021304722875356674
v 0.008815117180347443 -0.006882381159812212 0.020659366622567177
v 0.008592763915657997 -0.0070976014249026775 0.022056959569454193
v 0.00884273461997509 -0.006836388725787401 0.020888784900307655
v 0.008621674962341785 -0.007053654175251722 0.0222246702760458
v 0.008636162616312504 -0.007031598594039679 0.022306395694613457
v 0.008863971568644047 -0.006800677161663771 0.02105223946273327
v 0.008644112385809422 -0.007019680459052324 0.022346748039126396
v 0.008442657999694347 -0.0072302925400435925 0.023358484730124474
v 0.008434000425040722 -0.007241031154990196 0.023316077888011932
v 0.008243046700954437 -0.007462583016604185 0.024516021832823753
v 0.008225704543292522 -0.007478268351405859 0.024390989914536476
v 0.008191575296223164 -0.0075102816335856915 0.024154502898454666
v 0.009522873908281326 0.005237922538071871 0.026443449780344963
v 0.009561036713421345 0.0052550300024449825 0.026265619322657585
v 0.008672449737787247 0.006615219637751579 0.026305370032787323
v 0.008646870031952858 0.006580515298992395 0.026480073109269142
v 0.006198493763804436 0.00841949786990881 0.0006680621299892664
v 0.007344258949160576 0.007535364478826523 0.0008178117568604648
v 0.008355005644261837 0.006496950518339872 0.0009406929020769894
v 0.00920691154897213 0.005324226804077625 0.0010351015953347087
v 0.010828861966729164 -0.00020118824613746256 0.02374957501888275
v 0.010685045272111893 0.0012540185125544667 0.024629561230540276
v 0.01077821385115385 -0.00020118824613746256 0.026280997321009636
v 0.010616856627166271 0.0019266282906755805 0.026232056319713593
v 0.010104856453835964 0.004016650374978781 0.026127232238650322
v 0.010053238831460476 0.004018651321530342 0.024459967389702797
v 0.010080437175929546 0.004039807710796595 0.023101216182112694
v 0.010199666023254395 0.004068638198077679 0.005517065059393644
v 0.00994665827602148 0.004085000138729811 0.0014282350894063711
v 0.010483916848897934 0.004062349908053875 0.011033379472792149
v 0.01125322375446558 -0.0002011891920119524 0.020680522546172142
v 0.011240504682064056 0.0012786551378667355 0.019532669335603714
v 0.010795428417623043 0.001262112520635128 0.02320919744670391
v 0.010231802240014076 0.0036302204243838787 0.02614590898156166
v 0.010446098633110523 0.002672782866284251 0.024566395208239555
v 0.010517391376197338 0.002688187640160322 0.02317066676914692
v 0.010873389430344105 0.002719848183915019 0.019533507525920868
v 0.010499325580894947 0.004078191239386797 0.016069822013378143
v 0.01045604795217514 0.0027106828056275845 0.0014759800396859646
v 0.010754784569144249 0.0027036333922296762 0.005483665037900209
v 0.011065194383263588 0.00270446646027267 0.011012506671249866
v 0.011077605187892914 0.002717303577810526 0.016055652871727943
v 0.010325710289180279 0.004083727952092886 0.019531376659870148
v 0.010890240781009197 -0.00020119035616517067 0.0015300356317311525
v 0.010777103714644909 0.0012753370683640242 0.0015134384157136083
v 0.011471644043922424 -0.00020118923566769809 0.008828649297356606
v 0.011111075058579445 0.0012687032576650381 0.00546055193990469
v 0.011580223217606544 -0.0002011876058531925 0.010990522801876068
v 0.011444520205259323 0.0012706284178420901 0.010996753349900246
v 0.011635160073637962 -0.00020118735847063363 0.014799953438341618
v 0.011462044902145863 0.0012777287047356367 0.016045106574892998
v 0.011416633613407612 -0.00020119054534006864 0.019058113917708397
v 0.011374544352293015 -0.00020119022519793361 0.019531749188899994
v 0.006198495160788298 -0.008821876719594002 0.0006680625374428928
v 0.008355003781616688 -0.006899330765008926 0.0009406917379237711
v 0.009206910617649555 -0.005726606119424105 0.0010351003147661686
v 0.007344260811805725 -0.00793774425983429 0.0008178073912858963
v 0.010685046203434467 -0.001656398526392877 0.024629559367895126
v 0.010795429348945618 -0.0016644925344735384 0.02320919744670391
v 0.010517391376197338 -0.0030905662570148706 0.023170672357082367
v 0.01087339036166668 -0.0031222288962453604 0.019533509388566017
v 0.010195022448897362 -0.004149931482970715 0.026140043511986732
v 0.010053236968815327 -0.004421031102538109 0.024459972977638245
v 0.010080435313284397 -0.004442187026143074 0.023101218044757843
v 0.010483917780220509 -0.004464730154722929 0.011033374816179276
v 0.010199666023254395 -0.004471018444746733 0.005517064593732357
v 0.009945834055542946 -0.004487411584705114 0.001427387585863471
v 0.010325710289180279 -0.004486107733100653 0.019531380385160446
v 0.010446097701787949 -0.0030751593876630068 0.024566395208239555
v 0.010614068247377872 -0.0023470011074095964 0.026231281459331512
v 0.011240505613386631 -0.001681037712842226 0.019532667472958565
v 0.010456020943820477 -0.0031129245180636644 0.0014759317273274064
v 0.010777905583381653 -0.0016775412950664759 0.0015142295742407441
v 0.010754785500466824 -0.0031060141045600176 0.005483662243932486
v 0.011111073195934296 -0.0016710811760276556 0.005460549611598253
v 0.011065192520618439 -0.0031068469397723675 0.011012506671249866
v 0.011444521136581898 -0.0016730077331885695 0.01099675428122282
v 0.011077603325247765 -0.003119681729003787 0.016055656597018242
v 0.011462044902145863 -0.0016801062738522887 0.016045110300183296
v 0.010499324649572372 -0.004480569623410702 0.016069820150732994
v 0.008671987801790237 -0.007018169388175011 0.026305414736270905
v 0.00864641647785902 -0.006983458064496517 0.026480117812752724
v 0.009523485787212849 -0.005640584975481033 0.02644139900803566
v 0.00956103578209877 -0.005657408386468887 0.026265617460012436
v 0.010141167789697647 -0.004152550362050533 0.026495186612010002
v 0.010562480427324772 -0.0023551364429295063 0.026586057618260384
v 0.010728356428444386 -0.00020119003602303565 0.02663493901491165
v 0.010565301403403282 0.0019347418565303087 0.026586826890707016
v 0.0101779131218791 0.0036337573546916246 0.026501083746552467
v 0.00988717284053564 0.004038941580802202 0.0011068740859627724
v 0.010812736116349697 -0.00020118737302254885 0.0012290363665670156
v 0.010702424682676792 0.0012546614743769169 0.001209351816214621
v 0.010387872345745564 0.0026753994170576334 0.0011643610196188092
v 0.009886492043733597 -0.004441301338374615 0.0011060028336942196
v 0.010703077539801598 -0.0016569187864661217 0.0012101796455681324
v 0.010387844406068325 -0.0030776411294937134 0.0011643152683973312
v 0.0011456588981673121 0.010163338854908943 0.003593980334699154
v 0.0011728135868906975 0.01015559770166874 0.0037382550071924925
v 0.0009992680279538035 0.010104196146130562 0.0037830763030797243
v -0.00022785033797845244 -0.007814743556082249 0.00412908848375082
v -0.000227851647650823 -0.010139768011868 0.0041290875524282455
v -0.000701422686688602 -0.007696232758462429 0.002600683830678463
v -0.0010034007718786597 -0.010126370005309582 0.001784163061529398
v -0.001028507249429822 -0.007701132912188768 0.0017083724960684776
v -0.0014993129298090935 -0.007686005439609289 0.0006060271407477558
v -0.0020446572452783585 -0.010000107809901237 -0.0004602399130817503
v -0.002044657478109002 -0.0076342239044606686 -0.0004602365370374173
v -0.0005654444103129208 -0.010614950209856033 0.004212503787130117
v -0.000267067167442292 -0.010335949249565601 0.004138727206736803
v -0.0010459416080266237 -0.01033230684697628 0.0017966048326343298
v -0.0002364091924391687 -0.010232181288301945 0.004131168592721224
v -0.0002989964559674263 -0.010400142520666122 0.0041466145776212215
v -0.0011636849958449602 -0.010501855053007603 0.0018390677869319916
v -0.002035466255620122 -0.01042972132563591 -2.7817426598630846e-05
v -0.002040576422587037 -0.01027591247111559 -0.000296473823254928
v -0.0020415191538631916 -0.0102331368252635 -0.0003440635045990348
v -0.002043819986283779 -0.0101079810410738 -0.0004349777300376445
v -0.0013358115684241056 -0.010604300536215305 0.0019040541956201196
v -0.0014329167315736413 -0.010624629445374012 0.0019414662383496761
v -0.002022708998993039 -0.01057623140513897 0.0006925725610926747
v -0.0020262531470507383 -0.010547601617872715 0.0004128549189772457
v -0.002032612217590213 -0.0104758869856596 0.00010059661144623533
v -0.0004096307384315878 -0.010528993792831898 0.004173970315605402
v 0.0008323902147822082 -0.010344468988478184 0.0039760647341609
v 0.0011274073040112853 -0.010570932179689407 0.003925226163119078
v 0.0010246774181723595 -0.010580351576209068 0.00405291048809886
v 0.0009528517839498818 -0.010537401773035526 0.004074756056070328
v 0.000926353910472244 -0.010589239187538624 0.004150274209678173
v 0.0008944059372879565 -0.010592035949230194 0.004176784306764603
v 0.0007496525649912655 -0.010436823591589928 0.004219328053295612
v 0.0006404106970876455 -0.010611927136778831 0.004310229327529669
v 0.0006355504156090319 -0.010612387210130692 0.004311510361731052
v 0.0005942292045801878 -0.010552013292908669 0.004322265274822712
v 0.0006540811154991388 -0.010510326363146305 0.004298850428313017
v 0.0007261771243065596 -0.01060561928898096 0.004279798828065395
v 0.0007139162626117468 -0.0106065534055233 0.004285050556063652
v 0.0009594751754775643 -0.010481408797204494 0.003940311726182699
v 0.0007256793323904276 -0.01017931941896677 0.004138002172112465
v 0.0008083012071438134 -0.010382398962974548 0.004113934934139252
v 0.0005399541696533561 -0.010226370766758919 0.0043286955915391445
v 0.00047023731167428195 -0.010241660289466381 0.004354535602033138
v 0.0006533035775646567 -0.010199389420449734 0.004245504271239042
v 0.0006157500320114195 -0.010059301741421223 0.004271198529750109
v 0.0004520307411439717 -0.010059302672743797 0.004359275568276644
v 0.000985727645456791 -0.010583857074379921 0.004094425123184919
v 0.0011288454988971353 -0.01056262943893671 0.0038955931086093187
v 0.0011592067312449217 -0.010568007826805115 0.00388136925175786
v 0.0006157500902190804 -0.008039942011237144 0.004271200858056545
v 0.0004520324873737991 -0.00799559336155653 0.004359276499599218
v 0.0005095361266285181 0.009976332075893879 0.004344305954873562
v 0.00025845825439319015 0.009737391956150532 0.00440966198220849
v 0.0002367121196584776 0.009932680055499077 0.004415320698171854
v 0.0010267418110743165 0.010121089406311512 0.00392228364944458
v 0.0008632104727439582 0.010052845813333988 0.00409886846318841
v 0.0008138699340634048 0.010119618847966194 0.004202205687761307
v 0.0005763275548815727 0.009949383325874805 0.004319138824939728
v 0.0008806416299194098 0.010006453841924667 0.003962153568863869
v 0.00068411830579862 0.009901933372020721 0.004236918408423662
v 0.0007520654471591115 0.009866752661764622 0.0041299788281321526
v 0.0007832164992578328 0.009842058643698692 0.003991279285401106
v -0.0002278508327435702 0.009737390093505383 0.004129088018089533
v -0.0010033998405560851 0.00972398929297924 0.0017841625958681107
v -0.0009715965716168284 0.007298770360648632 0.0018547269282862544
v -0.0020446558482944965 0.00959772802889347 -0.000460237410152331
v -0.0014989207265898585 0.007283649407327175 0.0006068730144761503
v -0.0020446579437702894 0.0072318450547754765 -0.0004602337721735239
v -0.00023998337564989924 0.009845885448157787 0.004132046829909086
v -0.0014329190598800778 0.010222247801721096 0.0019414671696722507
v -0.002023841952905059 0.010166952386498451 0.0005911242333240807
v -0.0020264696795493364 0.010144558735191822 0.0004084831161890179
v -0.0013358128489926457 0.010201917961239815 0.0019040517508983612
v -0.0020340122282505035 0.01005818322300911 5.354347376851365e-05
v -0.001163684530183673 0.010099474340677261 0.001839064760133624
v -0.0020439238287508488 0.00970765296369791 -0.0004342558095231652
v -0.002041900297626853 0.009827214293181896 -0.0003481132152955979
v -0.0010459419572725892 0.009929926134645939 0.0017966094892472029
v -0.0020409340504556894 0.009873977862298489 -0.00029653997626155615
v -0.002036093967035413 0.010023817420005798 -3.702732647070661e-05
v -0.0002678105956874788 0.009933232329785824 0.00413890928030014
v -0.00031041388865560293 0.010014407336711884 0.004149436950683594
v -0.00040420115692541003 0.010122732259333134 0.004172624554485083
v -0.0005611238884739578 0.01021187286823988 0.004211434628814459
v -0.00025883130729198456 0.010215595364570618 0.004426556173712015
v -0.0003456966660451144 0.01014773454517126 0.004315637517720461
v 5.034732384956442e-05 0.010195799171924591 0.0044567338190972805
v -1.574912494106684e-05 0.01015402190387249 0.00445120595395565
v -0.00014239306619856507 0.010081361047923565 0.00439667422324419
v -0.0002456335350871086 0.010032503865659237 0.004290431272238493
v 0.00018664132221601903 0.009737389162182808 0.004421283025294542
v 0.0001666167809162289 0.009916944429278374 0.004426494240760803
v 6.91434761392884e-05 0.009737391956150532 0.004412190522998571
v 9.005009633256122e-05 0.009900602512061596 0.004423756152391434
v -3.972052945755422e-05 0.009737390093505383 0.004370344337075949
v -5.482648339238949e-05 0.009872166439890862 0.004374212119728327
v -0.00010055246093543246 0.009737391024827957 0.004327649250626564
v -0.00017036065401043743 0.009852995164692402 0.00427148537710309
v -0.0001573702902533114 0.009737389162182808 0.004268238786607981
v -0.00021254045714158565 0.009737391024827957 0.004173653200268745
v 0.00024311877496074885 -0.010306108742952347 0.004413655027747154
v 0.0003736379439942539 -0.010628687217831612 0.004379683174192905
v 0.00013085409591440111 -0.010608439333736897 0.00444286921992898
v 0.00011180540604982525 -0.01063955295830965 0.004447828512638807
v 0.00025846000062301755 -0.007943456992506981 0.004409657325595617
v 0.00025845839991234243 -0.01013976987451315 0.004409662913531065
v -0.00023047495051287115 -0.010646149516105652 0.004451178479939699
v -0.0002661036269273609 -0.010622250847518444 0.004427776671946049
v -0.00012889473873656243 -0.010462778620421886 0.004392564762383699
v -0.0003516597207635641 -0.010554051026701927 0.004316715057939291
v -0.00029940035892650485 -0.010646440088748932 0.004435565788298845
v -0.00010049428965430707 -0.010644624941051006 0.004467215854674578
v 2.3518035163760942e-07 -0.010530739091336727 0.0044465395621955395
v 9.409789345227182e-05 -0.010278559289872646 0.00442219153046608
v -0.00013528356794267893 -0.01013976987451315 0.004294245038181543
v -0.0001668068434810266 -0.010238206014037132 0.004270168486982584
v -0.00023367046378552914 -0.010417063720524311 0.0042869932949543
v -5.114928353577852e-05 -0.010254456661641598 0.0043726274743676186
v -4.0502636693418026e-05 -0.010139768943190575 0.004369903355836868
v 2.2842068574391305e-05 -0.01013976987451315 0.004398838616907597
v 0.00010693786316551268 -0.010139768943190575 0.004418861120939255
v 0.00021221290808171034 -0.01013976987451315 0.004418710712343454
v 0.00021221266069915146 -0.007931015454232693 0.004418713506311178
v 2.2841662939754315e-05 -0.007880395278334618 0.004398839082568884
v -0.00013528233102988452 -0.007838619872927666 0.004294247832149267
v -0.006261396687477827 -0.00747249461710453 0.022300533950328827
v -0.006229529622942209 -0.007294495590031147 0.022607259452342987
v -0.006136054638773203 -0.007171733304858208 0.022709976881742477
v -0.004192200489342213 -0.009423849172890186 0.024182002991437912
v -0.004153531510382891 -0.0092647485435009 0.024265803396701813
v -0.005231933202594519 -0.008476515300571918 0.023304935544729233
v -0.0051636784337460995 -0.008337829262018204 0.023399420082569122
v -0.006272032856941223 -0.00739604327827692 0.02246922440826893
v -0.005251793656498194 -0.008592070080339909 0.0231782253831625
v -0.004181120079010725 -0.009555691853165627 0.0240672267973423
v -0.004120163153856993 -0.009655442088842392 0.023925134912133217
v -0.00522198062390089 -0.008680848404765129 0.023022819310426712
v -0.00240537291392684 -0.010283212177455425 0.026381203904747963
v -0.002867312403395772 -0.010072675533592701 0.025717273354530334
v -0.002873135730624199 -0.01021778117865324 0.02567012421786785
v -0.0021450244821608067 -0.010737806558609009 0.026372026652097702
v -0.003618104150518775 -0.009644804522395134 0.024811528623104095
v -0.0039387047290802 -0.009425484575331211 0.024475891143083572
v -0.0035132919438183308 -0.009854842908680439 0.024896539747714996
v -0.0017132420325651765 -0.01091399509459734 0.026759445667266846
v -0.0035005989484488964 -0.009975505992770195 0.024821670725941658
v -0.0034567315597087145 -0.010075455531477928 0.024729974567890167
v -0.0027741955127567053 -0.010454845614731312 0.02551262266933918
v -0.0028412779793143272 -0.010349320247769356 0.025599870830774307
v -0.002849414711818099 -0.010441378690302372 0.025214331224560738
v -0.0034559459891170263 -0.010253999382257462 -0.0014816339826211333
v -0.004115371033549309 -0.009981038048863411 -0.0023147326428443193
v -0.0038843147922307253 -0.010065698996186256 -0.0023195473477244377
v -0.0029656733386218548 -0.01040206290781498 -0.0007696478278376162
v -0.002868922892957926 -0.010422193445265293 -0.0008306811796501279
v -0.002769048325717449 -0.010415739379823208 -0.0008895713835954666
v -0.0024423145223408937 -0.0101499417796731 -0.0010452144779264927
v -0.0026107144076377153 -0.009866492822766304 -0.0014198358403518796
v -0.0025033042766153812 -0.010246331803500652 -0.0010232366621494293
v -0.0025809966027736664 -0.010325347073376179 -0.0009886166080832481
v -0.0026713188271969557 -0.010382814332842827 -0.0009431687067262828
v -0.0036555437836796045 -0.01007428765296936 -0.0023243187461048365
v -0.0034813345409929752 -0.010022592730820179 -0.0023279536981135607
v -0.0033594004344195127 -0.009935402311384678 -0.0023304931819438934
v -0.0032745031639933586 -0.00981134083122015 -0.0023322603665292263
v -0.0032400491181761026 -0.009648742154240608 -0.0023329833056777716
v -0.006215465255081654 0.006245766766369343 0.008025229908525944
v -0.006403268314898014 0.006118502002209425 0.007896804250776768
v -0.006645846180617809 0.005986558739095926 0.007776642683893442
v -0.0038282624445855618 -0.007699977606534958 0.010682106018066406
v -0.0038601630367338657 -0.007395494729280472 0.009151703678071499
v -0.004330064635723829 -0.007699972949922085 0.010692566633224487
v -0.006844057235866785 0.006204400677233934 0.0079939691349864
v -0.006798196583986282 0.006224240642040968 0.011079799383878708
v -0.0038600536063313484 0.006995539180934429 0.0091516999527812
v -0.0038281502202153206 0.00730002298951149 0.010682099498808384
v -0.004329950548708439 0.007300024852156639 0.01069256104528904
v -0.0051658060401678085 0.006829929072409868 0.016064174473285675
v -0.004975792486220598 0.0070074573159217834 0.009624764323234558
v -0.004546271171420813 0.007213251665234566 0.009868238121271133
v -0.004392913542687893 0.00727706216275692 0.010265789926052094
v -0.0055959103628993034 0.006665381137281656 0.00855643767863512
v -0.005007993895560503 0.006995550822466612 0.00917563121765852
v -0.005595141556113958 -0.0070658461190760136 0.008557249791920185
v -0.006215562112629414 -0.006645688787102699 0.00802523922175169
v -0.005165911745280027 -0.007229860406368971 0.016064178198575974
v -0.004546328913420439 -0.007613220252096653 0.009868346154689789
v -0.005008101463317871 -0.007395485881716013 0.009175635874271393
v -0.004975445568561554 -0.007407630328088999 0.009625178761780262
v -0.004392595496028662 -0.0076771811582148075 0.010267380625009537
v -0.0064033628441393375 -0.006518418435007334 0.007896807044744492
v -0.0071395039558410645 0.005748005583882332 0.007586979307234287
v -0.007470881100744009 0.005185527261346579 0.007229525130242109
v -0.0076620872132480145 0.0048315818421542645 0.0070660291239619255
v -0.008341590873897076 0.003300056327134371 0.006775319576263428
v -0.00804950762540102 0.004025774076581001 0.006835630163550377
v -0.007829963229596615 0.004499076399952173 0.006948632188141346
v -0.0083424998447299 -0.003699943423271179 0.006775340065360069
v -0.008722955361008644 -0.0024371680337935686 0.006783268880099058
v -0.00865884032100439 0.002291195560246706 0.0067819333635270596
v -0.008896666578948498 0.0011155178071931005 0.0067868889309465885
v -0.008920208550989628 0.0009361670236103237 0.006787380203604698
v -0.008989643305540085 -0.00020118910470046103 0.0067888288758695126
v -0.008924193680286407 -0.0013053306611254811 0.00678746122866869
v -0.0072032795287668705 -0.006046540569514036 0.007512380834668875
v -0.007663482800126076 -0.005231249611824751 0.007065961603075266
v -0.007536121178418398 -0.005469785071909428 0.007171465549618006
v -0.007829953916370869 -0.00490144919604063 0.00694940984249115
v -0.008147506974637508 -0.004199163988232613 0.0068025533109903336
v -0.003234435571357608 0.006983893923461437 -0.0023330957628786564
v -0.0032400491181761026 0.009246361441910267 -0.0023329840041697025
v -0.0026120429392904043 0.009463737718760967 -0.0014219310833141208
v -0.0026125535368919373 0.007137430366128683 -0.001434882520698011
v -0.0028503790963441133 -0.010468739084899426 0.02342626452445984
v -0.004256942309439182 -0.009621278382837772 0.02166740410029888
v -0.0030518509447574615 -0.010309267789125443 0.018383583053946495
v -0.0031397815328091383 -0.01011181715875864 0.012845894321799278
v -0.0033829044550657272 -0.010145110078155994 0.0014035457279533148
v -0.0032522983383387327 -0.010063471272587776 0.0061820149421691895
v -0.004574067424982786 -0.009309209883213043 0.00439878785982728
v -0.004844044800847769 -0.009515263140201569 -0.0022995476610958576
v -0.004486397374421358 -0.009760626591742039 -0.002307002665475011
v -0.004415922332555056 -0.009321136400103569 0.013491937890648842
v 0.0024969771038740873 -0.009433639235794544 -0.0024525714106857777
v 0.0024969771038740873 -0.0068133436143398285 -0.0024525730405002832
v 0.002588581759482622 -0.0067467959597706795 -0.00235568406060338
v 0.0032211034558713436 -0.010216264985501766 0.001369121833704412
v 0.0026535666547715664 -0.008596963249146938 0.0022822334431111813
v 0.002993861446157098 -0.010266867466270924 0.0018129550153389573
v 0.0022235242649912834 -0.010422647930681705 0.0027029472403228283
v 0.002578961895778775 -0.010354860685765743 0.002366207540035248
v -0.0024419166147708893 0.009743419475853443 -0.0010493682930245996
v -0.0025029832031577826 0.009840698912739754 -0.0010274866363033652
v -0.0025809374637901783 0.009920812211930752 -0.0009928732179105282
v -0.0026714594569057226 0.00997895933687687 -0.0009474027319811285
v -0.0027697321493178606 0.010012037120759487 -0.0008934824145399034
v -0.002870311262086034 0.01001905556768179 -0.0008342320215888321
v -0.00296771083958447 0.009999163448810577 -0.0007728076307103038
v -0.003965661395341158 0.009642080403864384 -0.0023178558330982924
v -0.0041153705678880215 0.009578660130500793 -0.002314737532287836
v -0.003455024678260088 0.009851953014731407 -0.001480401144362986
v -0.0032624471932649612 0.009380219504237175 -0.00233251485042274
v -0.003328126622363925 0.009499119594693184 -0.0023311462718993425
v -0.0034273825585842133 0.009589118883013725 -0.002329076174646616
v -0.0035589507315307856 0.0096510024741292 -0.0023263348266482353
v -0.003727284725755453 0.009676937945187092 -0.0023228239733725786
v -0.0011872263858094811 0.00726111326366663 0.028724394738674164
v -0.001768917078152299 0.007265463005751371 0.027483170852065086
v -0.002026714151725173 0.010026244446635246 0.027008239179849625
v -0.0021552490070462227 0.007218115031719208 0.026786286383867264
v -0.002405142644420266 0.009880929253995419 0.026381555944681168
v -0.002401015954092145 0.007177314255386591 0.026388153433799744
v -0.002867312403395772 0.009670297615230083 0.025717267766594887
v -0.0029722251929342747 0.00704948790371418 0.025576185435056686
v -0.0030260300263762474 0.009589108638465405 0.025509946048259735
v -0.0036076626274734735 0.0068504163064062595 0.024820908904075623
v -0.004294730722904205 0.006561784073710442 0.02413361147046089
v -0.003622440155595541 0.009239615872502327 0.024806806817650795
v -0.006145957391709089 0.0053028385154902935 0.02270478941500187
v -0.0054397424682974815 0.005881133489310741 0.023194190114736557
v -0.004506624303758144 0.0064559560269117355 0.023942887783050537
v -0.0021450237836688757 0.010335426777601242 0.026372022926807404
v -0.002652751049026847 0.01013492513448 0.02544786036014557
v -0.0028731341008096933 0.009815401397645473 0.02567012421786785
v -0.0035132914781570435 0.009452462196350098 0.02489653415977955
v -0.0027741945814341307 0.010052468627691269 0.02551261894404888
v -0.003456732491031289 0.009673078544437885 0.024729974567890167
v -0.003500597085803747 0.009573126211762428 0.02482166886329651
v -0.002235376974567771 0.010226433165371418 0.026453936472535133
v -0.0028412779793143272 0.009946942329406738 0.025599868968129158
v -0.0038574556820094585 0.00944170169532299 0.0241654384881258
v 0.004313086625188589 -0.010011653415858746 0.01959278993308544
v 0.0014182940358296037 -0.010755546391010284 0.019744563847780228
v 0.0014709997922182083 -0.01079204399138689 0.023086702451109886
v 0.0025167556013911963 -0.010317031294107437 0.01020005065947771
v 0.0011225895723327994 -0.010563509538769722 0.010261542163789272
v 0.0018359434325248003 -0.01072760671377182 0.023441016674041748
v 0.001610118430107832 -0.01078327652066946 0.023913653567433357
v 0.001917633111588657 -0.010708844289183617 0.02332477644085884
v 0.0015703079989179969 -0.010795081034302711 0.024053070694208145
v 0.002399657154455781 -0.010596641339361668 0.022870060056447983
v 0.0022846299689263105 -0.010624153539538383 0.022953100502490997
v 0.003001652890816331 -0.010440085083246231 0.02259836718440056
v 0.0028723194263875484 -0.01045521255582571 0.01966201700270176
v 0.0028666702564805746 -0.010477232746779919 0.022639140486717224
v 0.0027090043295174837 -0.010519055649638176 0.02270045317709446
v 0.003920129965990782 -0.009924116544425488 0.010143703781068325
v 0.0041769822128117085 -0.009938936680555344 0.015853948891162872
v 0.0016487626126036048 -0.00841960497200489 0.023805439472198486
v 0.002068691188469529 -0.008535772562026978 0.02314770221710205
v 0.0027083628810942173 -0.00870963092893362 0.022700726985931396
v 0.007225286681205034 0.0030789377633482218 0.019978856667876244
v 0.002380112884566188 -0.008634582161903381 0.020393049344420433
v 0.0025554692838340998 -0.008087855763733387 0.020076200366020203
v 0.003566087456420064 -0.007601644843816757 0.0200551338493824
v 0.0013274828670546412 -0.008354805409908295 0.01999659650027752
v 0.0025554716121405363 0.00768547598272562 0.020076196640729904
v 0.003566087456420064 0.007199266459792852 0.0200551338493824
v 0.0045038992539048195 0.006584189832210541 0.020035583525896072
v 0.006097340956330299 0.0050123389810323715 0.020002365112304688
v 0.005352576728910208 0.0058509586378932 0.02001788839697838
v 0.006725222337990999 0.004082938190549612 0.01998927816748619
v 0.007809520233422518 0.0009180579800158739 0.019966674968600273
v 0.007588830776512623 0.0020178165286779404 0.019971271976828575
v 0.007883512414991856 -0.00020119029795750976 0.01996513269841671
v 0.007809520699083805 -0.0013204392744228244 0.019966673105955124
v 0.0075888303108513355 -0.0024201960768550634 0.019971273839473724
v 0.007225286215543747 -0.00348131381906569 0.019978856667876244
v 0.006725221406668425 -0.0044853161089122295 0.01998927816748619
v 0.006097340025007725 -0.005414718762040138 0.020002368837594986
v 0.005352578591555357 -0.006253337953239679 0.020017890259623528
v 0.004503900650888681 -0.006986568681895733 0.020035583525896072
v -0.0004296849947422743 -0.007746560499072075 0.0066564055159688
v -0.000495387997943908 -0.007728572469204664 0.00672540720552206
v -0.0002443741250317544 -0.007717899512499571 0.006697044707834721
v -0.0005731338169425726 -0.00770709989592433 0.006841172929853201
v -0.0006110778194852173 -0.007696044631302357 0.007000787183642387
v -0.00024206940724980086 -0.007673243526369333 0.0069930958561599255
v 0.0007607876905240119 0.007159630302339792 0.0066760932095348835
v 0.006703264079988003 0.000831441197078675 0.006282660644501448
v 0.0063751451671123505 0.0018105125054717064 0.006559057626873255
v 0.006495228968560696 0.0018452968215569854 0.006287000607699156
v 0.006038451101630926 0.0027705542743206024 0.006566075142472982
v 0.006152714136987925 0.002821938134729862 0.006294142920523882
v 0.005575683433562517 0.0036765579134225845 0.0065757231786847115
v 0.005681945476680994 0.0037436047568917274 0.0063039506785571575
v 0.004995253868401051 0.004512053448706865 0.006587820593267679
v 0.005091480910778046 0.004593545570969582 0.00631625996902585
v 0.004307719878852367 0.005261842627078295 0.0066021522507071495
v 0.004392059054225683 0.0053562987595796585 0.006330844014883041
v 0.003525580046698451 0.005912294611334801 0.0066184597089886665
v 0.003596397815272212 0.006017995532602072 0.00634742621332407
v 0.0026630612555891275 0.00645157927647233 0.006636437959969044
v 0.0027189631946384907 0.0065666078589856625 0.006365715991705656
v 0.0017358438344672322 0.006869892589747906 0.006655766163021326
v 0.0017757139867171645 0.0069921547546982765 0.006385380402207375
v 0.000783799565397203 0.007286900654435158 0.006406060419976711
v 0.0027189641259610653 -0.006968986708670855 0.006365719251334667
v 0.0035255812108516693 -0.006314672529697418 0.0066184611059725285
v 0.0035963966511189938 -0.006420375779271126 0.006347431801259518
v 0.00430771941319108 -0.0056642224080860615 0.006602153182029724
v 0.004392057191580534 -0.005758678074926138 0.006330843549221754
v 0.004995252471417189 -0.004914431367069483 0.006587822921574116
v 0.005091480445116758 -0.004995925817638636 0.00631625996902585
v 0.005575682036578655 -0.004078937694430351 0.006575725041329861
v 0.005681944545358419 -0.004145985934883356 0.006303954403847456
v 0.006038452032953501 -0.003172934055328369 0.006566082127392292
v 0.006152715068310499 -0.0032243162859231234 0.006294143386185169
v 0.006375147495418787 -0.002212893683463335 0.0065590571612119675
v 0.006495229434221983 -0.0022476729936897755 0.006287002936005592
v 0.006579642184078693 -0.0012162699131295085 0.006554796360433102
v 0.006703264079988003 -0.00123382150195539 0.006282663904130459
v 0.0066482252441346645 -0.00020119031250942498 0.006553366780281067
v 0.006773029454052448 -0.00020118789689149708 0.006281211506575346
v -0.00010428313544252887 -0.007835028693079948 0.006424568593502045
v 0.0007607887964695692 -0.007562010083347559 0.00667609041556716
v 0.0007837985758669674 -0.007689277641475201 0.006406057626008987
v 0.001735843252390623 -0.00727227283641696 0.006655770819634199
v 0.0017757125897333026 -0.007394532207399607 0.006385380402207375
v 0.0007571210153400898 0.00711590051651001 0.006972267292439938
v 0.0013213929487392306 0.006965606473386288 0.006960507482290268
v 0.0017263845074921846 0.0068278843536973 0.0069520664401352406
v 0.0026480923406779766 0.006412054877728224 0.006932852324098349
v 0.0033351934980601072 0.005995599552989006 0.006918526254594326
v 0.0035054865293204784 0.005875975359231234 0.006914980243891478
v 0.004282980691641569 0.005229385569691658 0.006898768711835146
v 0.004966431297361851 0.004484050907194614 0.006884522270411253
v 0.005543410778045654 0.0036535225808620453 0.0068724979646503925
v 0.006003431510180235 0.002752898493781686 0.006862906739115715
v 0.006579642184078693 0.0008138904231600463 0.006554796360433102
v 0.006338124163448811 0.001798561541363597 0.006855932530015707
v 0.006091244984418154 0.0025388686917722225 0.006861080881208181
v 0.0066095804795622826 -0.00020119074906688184 0.006850274745374918
v 0.006588614545762539 0.0003592848079279065 0.006850709673017263
v 0.006541407201439142 0.0008078589453361928 0.006851693615317345
v 0.006541406735777855 -0.0012102393666282296 0.006851697340607643
v 0.006421579979360104 -0.0018700953805819154 0.006854190956801176
v 0.006338124163448811 -0.0022009408567100763 0.0068559288047254086
v 0.006003429181873798 -0.0031552782747894526 0.006862906273454428
v 0.005604987032711506 -0.003951188176870346 0.006871215999126434
v 0.005543411709368229 -0.004055901896208525 0.006872495170682669
v 0.004966430366039276 -0.004886430688202381 0.00688452273607254
v 0.004282981622964144 -0.005631766747683287 0.006898769177496433
v 0.002663061721250415 -0.006853959988802671 0.006636437028646469
v 0.003505488159134984 -0.0062783523462712765 0.006914977915585041
v 0.0042113964445889 -0.005699078552424908 0.006900266278535128
v 0.0017263846239075065 -0.007230265066027641 0.006952064577490091
v 0.002364629879593849 -0.006958455312997103 0.006938763428479433
v 0.002648092806339264 -0.006814435124397278 0.00693285558372736
v 0.000757120200432837 -0.007518278434872627 0.006972272880375385
v 0.00022878151503391564 -0.007617419119924307 0.006983285304158926
v 0.0005239568999968469 -0.008005515672266483 0.006032999139279127
v 0.0017548947362229228 -0.00801387894898653 0.005536492448300123
v 0.0011867941357195377 -0.008185789920389652 0.005548335611820221
v 0.0035919055808335543 -0.007117583882063627 0.005498202983289957
v 0.002701237564906478 -0.007622811011970043 0.0055167716927826405
v 0.001961049158126116 -0.007940242998301983 0.005532202776521444
v 0.0051524704322218895 -0.005797357764095068 0.005465670023113489
v 0.004413193091750145 -0.006505962461233139 0.005481084808707237
v 0.003919854760169983 -0.0068921842612326145 0.005491363350301981
v 0.00579836405813694 -0.005002670921385288 0.005452209152281284
v 0.005528360139578581 -0.005359669681638479 0.005457837134599686
v 0.0067718494683504105 -0.0032050805166363716 0.0054319147020578384
v 0.006670103408396244 -0.0034536602906882763 0.005434034857898951
v 0.006340939085930586 -0.004134124144911766 0.0054409014992415905
v 0.006771850399672985 0.002802699338644743 0.0054319133050739765
v 0.007084467448294163 0.0018274474423378706 0.005425397306680679
v 0.007273981347680092 0.0008209901279769838 0.005421447101980448
v 0.007337477523833513 -0.00020118932297918946 0.005420122295618057
v 0.00727397995069623 -0.0012233690358698368 0.005421450827270746
v 0.0070844655856490135 -0.0022298290859907866 0.005425397306680679
v 0.005798361264169216 0.004600293003022671 0.0054522110149264336
v 0.006340939551591873 0.003731744596734643 0.005440896842628717
v 0.006670103408396244 0.0030512805096805096 0.005434034857898951
v 0.005152469500899315 0.005394980777055025 0.005465675611048937
v 0.005528358742594719 0.004957290366292 0.005457837600260973
v 0.0035919034853577614 0.0067152041010558605 0.005498201586306095
v 0.003919853828847408 0.006489803548902273 0.005491362884640694
v 0.004413192626088858 0.006103584077209234 0.005481085740029812
v 0.001754894619807601 0.007611499167978764 0.00553649477660656
v 0.0019610507879406214 0.007537861820310354 0.005532196722924709
v 0.0027012391947209835 0.007220433093607426 0.0055167702957987785
v 0.005960049107670784 -0.005121512338519096 0.0052299946546554565
v 0.0027862652204930782 0.007404129486531019 0.005296151619404554
v 0.0018164998618885875 0.007804873399436474 0.005316363647580147
v 0.0018164998618885875 -0.00820725318044424 0.005316362716257572
v 0.0027862652204930782 -0.007806506007909775 0.005296149756759405
v 0.0036989767104387283 -0.00728877168148756 0.005277124233543873
v 0.004540594294667244 -0.006662013940513134 0.005259580444544554
v 0.005298167932778597 -0.005935868714004755 0.005243790335953236
v 0.0069576287642121315 -0.003279429627582431 0.0052091930992901325
v 0.006516051944345236 -0.004231468308717012 0.005218401551246643
v 0.007277984172105789 -0.002280039247125387 0.0052025155164301395
v 0.007472188677638769 -0.0012486710911616683 0.005198473110795021
v 0.007537258323282003 -0.00020118993415962905 0.005197116173803806
v 0.007472188211977482 0.0008462927071377635 0.0051984707824885845
v 0.007277983240783215 0.0018776608631014824 0.005202515050768852
v 0.00695762736722827 0.0028770524077117443 0.00520919868722558
v 0.006516053806990385 0.0038290894590318203 0.005218399688601494
v 0.005960049573332071 0.004719133954495192 0.0052299946546554565
v 0.0052981688641011715 0.0055334907956421375 0.005243784282356501
v 0.0036989778745919466 0.006886392831802368 0.005277122370898724
v 0.004540592897683382 0.00625963369384408 0.005259579513221979
v 0.0028971342835575342 0.007637803442776203 0.005145320203155279
v 0.0038378897588700056 0.007104160264134407 0.005125709809362888
v 0.004705363884568214 0.006458146497607231 0.005107625853270292
v 0.005486217327415943 0.0057096900418400764 0.005091346800327301
v 0.006168433465063572 0.004870313685387373 0.005077131558209658
v 0.006741521880030632 0.003952922765165567 0.005065182689577341
v 0.007196663413196802 0.002971631707623601 0.005055696703493595
v 0.007526861969381571 0.001941533526405692 0.00504881190136075
v 0.007727034855633974 0.0008784767123870552 0.005044635850936174
v 0.007794102653861046 -0.0002011899632634595 0.00504324259236455
v 0.0077270339243113995 -0.00128085573669523 0.005044638179242611
v 0.007526860106736422 -0.002343911211937666 0.005048813764005899
v 0.0071966638788580894 -0.003374009160324931 0.0050556957721710205
v 0.006741520948708057 -0.004355300683528185 0.005065183155238628
v 0.006168433465063572 -0.005272692535072565 0.005077124573290348
v 0.005486215930432081 -0.0061120702885091305 0.005091345403343439
v 0.004705365281552076 -0.006860524415969849 0.005107625387609005
v 0.0038378897588700056 -0.007506541442126036 0.005125705618411303
v 0.002897135680541396 -0.008040184155106544 0.005145319737493992
v 0.002018672414124012 -0.008410788141191006 0.005163631401956081
v 0.0014992387732490897 -0.008270575664937496 0.0053536491468548775
v 0.002801858354359865 -0.008621743880212307 0.004958443809300661
v -0.00798838958144188 -0.005014927126467228 0.00170289003290236
v -0.007240742910653353 -0.00619990099221468 0.0036437350790947676
v -0.006287504453212023 -0.0073483954183757305 0.013308716006577015
v -0.006223502103239298 -0.007541601080447435 0.020780472084879875
v -0.0052810232155025005 -0.00866844691336155 0.020904812961816788
v -0.005105410236865282 -0.009314287453889847 -0.002294099424034357
v -0.005548964720219374 -0.008442668244242668 0.003904463956132531
v -0.005881337448954582 -0.00860657449811697 -0.002277923747897148
v -0.006607423070818186 -0.00778382970020175 -0.002262788126245141
v -0.006443377118557692 -0.007382557727396488 0.0037833652459084988
v -0.006745616905391216 -0.0076077659614384174 -0.0022599028889089823
v -0.007497219368815422 -0.006519963499158621 -0.002244237344712019
v -0.007599178701639175 -0.006352594122290611 -0.0022421139292418957
v -0.008233766071498394 -0.005161052104085684 -0.002228886354714632
v -0.005382116883993149 -0.0084276357665658 0.013596991077065468
v -0.008488690480589867 -0.00381357129663229 0.001618865760974586
v -0.009133732877671719 -0.0002011881151702255 0.0014898673398420215
v -0.009061884135007858 -0.0014061102410778403 0.0015062348684296012
v -0.008846698328852654 -0.002610432216897607 0.0015512768877670169
v -0.008691846393048763 -0.00404470507055521 -0.00221933308057487
v -0.009052101522684097 -0.0028172149322927 -0.002211825456470251
v -0.009278601966798306 -0.0015178985195234418 -0.0022071069106459618
v -0.009353899396955967 -0.0002011897595366463 -0.00220553413964808
v -0.0032344351056963205 -0.007386271376162767 -0.0023330959957093
v -0.002612553769722581 -0.007539810612797737 -0.0014348769327625632
v -0.0021557253785431385 -0.007619109004735947 -0.0006756112561561167
v -0.009061885997653008 0.0010037297615781426 0.0015062352176755667
v -0.007988388650119305 0.0046125492081046104 0.001702887355349958
v -0.008488689549267292 0.003411192912608385 0.0016188600566238165
v -0.008846698328852654 0.0022080561611801386 0.0015512771205976605
v -0.009288794361054897 0.0010237640235573053 -0.002206892939284444
v -0.00908573530614376 0.002267032628878951 -0.0022111276630312204
v -0.008728687651455402 0.003536559408530593 -0.0022185652051120996
v -0.008233766071498394 0.004758674185723066 -0.002228883095085621
v -0.007240711711347103 0.005797496996819973 0.003644655691459775
v -0.0042840298265218735 0.009197664447128773 0.020980913192033768
v -0.006223499774932861 0.007139227353036404 0.020780665799975395
v -0.0062874965369701385 0.006946031004190445 0.013309591449797153
v -0.006443345919251442 0.006980151403695345 0.003784306114539504
v -0.006063336506485939 0.008013274520635605 -0.002274125348776579
v -0.006867821328341961 0.007044011261314154 -0.0022573620080947876
v -0.00708950636908412 0.006736839655786753 -0.002252734499052167
v -0.007808174472302198 0.005588875617831945 -0.0022377537097781897
v -0.005281020421534777 0.00826607272028923 0.020905010402202606
v -0.005382107570767403 0.008025274612009525 0.013597862794995308
v -0.005548933986574411 0.00804026797413826 0.003905426012352109
v -0.005655982997268438 0.008427198976278305 -0.002282622968778014
v -0.004844045732170343 0.009112880565226078 -0.002299546729773283
v -0.004586210008710623 0.00891457125544548 0.003985987976193428
v -0.004411958158016205 0.008926654234528542 0.013820143416523933
v -0.004486397840082645 0.009358245879411697 -0.0023070015013217926
v -0.003381907707080245 0.0097431605681777 0.0014035124331712723
v -0.002849395154044032 0.010066810064017773 0.02342616207897663
v -0.003050851635634899 0.00990735087543726 0.01838359422981739
v -0.0031387931667268276 0.009709902107715607 0.012845935299992561
v -0.0032513164915144444 0.009661536663770676 0.006182020530104637
v 0.0024969757068902254 0.006410965695977211 -0.002452571876347065
v 0.00259936461225152 0.006354448385536671 -0.002454708330333233
v 0.0025884832721203566 0.0063444809056818485 -0.002355785109102726
v 0.0034320305567234755 -0.006213292013853788 -0.002472065621986985
v 0.0034320312552154064 0.00581091083586216 -0.0024720642250031233
v 0.004185705911368132 0.005162229761481285 -0.0024877749383449554
v 0.00484721502289176 0.004419740755110979 -0.0025015659630298615
v 0.005404979921877384 0.0035964364651590586 -0.002513193292543292
v 0.005849249195307493 0.00270671583712101 -0.002522453898563981
v 0.0061722551472485065 0.0017661384772509336 -0.002529184566810727
v 0.00636834604665637 0.0007911517168395221 -0.00253327377140522
v 0.0064340922981500626 -0.0002011895558098331 -0.0025346395559608936
v 0.006368344184011221 -0.001193530741147697 -0.0025332726072520018
v 0.006172253284603357 -0.002168517094105482 -0.0025291871279478073
v 0.0058492496609687805 -0.0031090970151126385 -0.0025224534329026937
v 0.0054049803875386715 -0.00399881973862648 -0.002513192594051361
v 0.004847214091569185 -0.00482212333008647 -0.002501565031707287
v 0.0041857073083519936 -0.005564607679843903 -0.0024877742398530245
v 0.002496977336704731 0.009031257592141628 -0.0024525721091777086
v -0.003294598311185837 0.006965606473386288 -0.0023318433668464422
v -0.006946877110749483 0.004474983550608158 -0.0022557121701538563
v -0.0080644516274333 0.0025388679932802916 -0.002232413273304701
v -0.008561818860471249 0.0003592855646274984 -0.002222043927758932
v -0.008394787088036537 -0.0018700958462432027 -0.0022255287040024996
v -0.005308397579938173 0.005995600949972868 -0.002289863768965006
v -0.007578195072710514 -0.003951189108192921 -0.0022425497882068157
v -0.0061846026219427586 -0.005699079018086195 -0.002271596807986498
v -0.004337836056947708 -0.006958456709980965 -0.002310094190761447
v -0.001299853902310133 -0.00765193160623312 0.02846427820622921
v -0.0024010154884308577 -0.007577314041554928 0.02638815902173519
v -0.002975193550810218 -0.00744869839400053 0.02557232417166233
v -0.003251661080867052 -0.007369565777480602 0.025227421894669533
v -0.003607663093134761 -0.007250415161252022 0.02482091262936592
v -0.004509624559432268 -0.006854396779090166 0.023940255865454674
v -0.00543974107131362 -0.006281132809817791 0.02319418638944626
v -0.005269148387014866 -0.006400708109140396 0.02332139015197754
v -0.000925971835386008 -0.007698974572122097 0.013968163169920444
v -0.0008677406003698707 0.007297785021364689 0.013967778533697128
v -0.0010515175526961684 -0.007699999026954174 0.023129288107156754
v 0.003384367562830448 -0.006248668301850557 0.029953721910715103
v 0.002919950056821108 0.006163134705275297 0.03047284297645092
vn 0.09042106835645898 0.714774696702608 -0.6934847967698871
vn 0.001219102139583156 0.7039147417760778 -0.7102834294141254
vn 0.12074308271223194 0.7364378754557561 -0.6656428198150711
vn 0.1586336783747707 0.671981175154876 -0.7233786396644304
vn 0.13741654358845654 -0.7029759124072256 -0.6978119804957714
vn 0.20985352918563166 -0.6995369666055302 -0.6830882290309711
vn 0.33996740483242366 -0.6857931273291621 -0.6435137528907945
vn 0.35147125766851917 0.6888299170171464 -0.6340199527263009
vn 0.45966418646143586 -0.6783969765485239 -0.5731373115533206
vn 0.5436955989249007 -0.6528733036019534 -0.5274007443619745
vn 0.31158071236430956 0.734519525148613 -0.6028254530608389
vn 0.623773204655398 -0.5872326079695579 -0.5158147470664313
vn 0.6377273616599395 0.7702621710756469 -2.8935469612910473e-07
vn 0.552290006078422 0.7702608983528618 0.31886344672059647
vn 0.9668470777710165 0.1478376666542515 -0.20820843528510588
vn -0.3188644650783376 0.7702617428522659 0.5522882403315278
vn 3.59310343641155e-07 0.770262573853993 0.6377268751743905
vn 0.31886477170864225 0.7702623210450413 0.5522872569066762
vn 0.10681053083643016 0.7399774952472735 -0.6640969936914419
vn 0.31221742195891133 0.7371812682953636 -0.5992362297957045
vn 0.43834954697844825 0.8079912117628562 -0.3937002367001834
vn 0.5522887770103488 0.7702612361960545 -0.3188647594233942
vn 0.5383046535515122 0.7957866536530815 -0.27740169760190153
vn 0.711179908373042 0.6984119700723446 -0.08027364440573476
vn -0.5877209143554571 0.788150077263006 -0.1827664699541558
vn -0.2274595884335095 0.7634433267420841 -0.6044968341378123
vn 0.07622663166892564 0.7637361993482343 -0.6410121047449291
vn -0.5613456120755974 0.7871671926679009 -0.2554582443195144
vn -0.6377280939668549 0.7702615647722542 -3.159388125505055e-08
vn -0.47867631529417104 0.7906781576306735 -0.3817028113888592
vn -0.5522879697598367 0.7702625641044716 -0.31886294986680835
vn -0.2635296990519607 0.7946321536071068 -0.5469111794170185
vn -0.34380821067708284 0.8032985265774684 -0.4863202560756551
vn -0.3984264288723495 0.7968618811306085 -0.45416684508780986
vn -0.4749237378397464 0.7531199755927273 -0.4552556925503879
vn 0.8656937526814937 0.48432526614785754 -0.12650439968254015
vn 0.2666247706626248 0.25189685866200473 -0.9303005988739966
vn -0.5522887060854762 0.7702625575980334 0.3188616902247225
vn 0.28595448223660475 0.8180040915425646 -0.499098527656032
vn 0.3188645663482517 0.7702616062656142 -0.5522883723569214
vn 0.3567543937381819 0.7981820226782617 -0.48541916033644733
vn 0.3945155862063441 0.8021954120641477 -0.4481517300016782
vn -0.08590032606216216 0.7932919607646477 -0.6027511915945043
vn -0.0988613670987753 0.7952968962969701 -0.5981047373460333
vn -0.31886399538266513 0.7702608590817926 -0.5522897440793034
vn -0.1383067283575009 0.8161571016859885 -0.5610337193596935
vn -0.17209127125669832 0.8078500640882639 -0.5637045931246627
vn 0.10681680183795125 0.7990621268526279 -0.5916839428908531
vn 0.09954651492533757 0.7892384172038243 -0.6059646954863142
vn 2.2853041512047876e-07 0.7702616327713777 -0.6377280118360167
vn 0.030374197356598923 0.7895310229686575 -0.6129585401191564
vn -0.05148161738468003 0.7944344606593107 -0.6051640527893305
vn 0.2709924569175923 0.7940825874268889 -0.5440550823576455
vn 0.23249151041279634 0.7970159861247845 -0.5574165546945247
vn 0.17573571032729673 0.7932147667692464 -0.5830328411804694
vn 0.19717327958619846 0.08778581954514447 -0.9764304110913435
vn 0.2111143458382894 0.044873015592937944 -0.9764308195939265
vn -2.0388237396598615e-07 4.938839514262479e-08 -0.9999999999999779
vn 0.17461270028726142 0.12686095608874473 -0.9764305928834064
vn 0.1444200468253696 0.16039443576388113 -0.9764304763017919
vn 0.10809575803386345 0.18570043121997848 -0.9766425430728474
vn 0.027782491237531674 0.20838251301375557 -0.9776527304982626
vn 0.06458460249430792 0.20932346788413952 -0.9757112866589224
vn -0.022277118950010017 0.20586399438781564 -0.9783270137259731
vn -0.06674669998297779 0.1984368413652764 -0.9778382780554025
vn -0.10819644486063876 0.1850632619440099 -0.9767523321692974
vn -0.14442388887729235 0.16039023686206208 -0.9764305977594574
vn -0.17461065750563814 0.12686554709487105 -0.9764303616980413
vn -0.19716955574168066 0.08778982144428255 -0.9764308032520325
vn -0.21111649105595537 0.04487017943112908 -0.976430486108478
vn -0.21583311993117932 2.2547112528534703e-06 -0.976430265987126
vn -0.21111406281030537 -0.0448750894680885 -0.9764307854778839
vn -0.1971736499129552 -0.08778725138014956 -0.9764302075802047
vn -0.17460914135260988 -0.1268655267910841 -0.9764306354616928
vn -0.1444222323778258 -0.16039346648729086 -0.976430312261554
vn -0.10820401886647131 -0.18505796884250938 -0.9767524960137185
vn -0.06617572367995839 -0.20007420017047026 -0.9775433944442468
vn -0.019200802495976374 -0.21364197006104285 -0.9767233169183313
vn 0.01759583639074487 -0.20764852028670674 -0.9780452333938607
vn 0.06805787153834539 -0.19954650104987304 -0.9775220304629574
vn 0.10809881401663554 -0.1856624620249982 -0.9766494235922185
vn 0.1444222027266025 -0.1603931637847118 -0.9764303663706526
vn 0.17460778000231436 -0.12686776552736279 -0.9764305880259783
vn 0.1971738435063873 -0.08778107524882243 -0.9764307237408496
vn 0.21111791959532727 -0.04486914790571 -0.976430224640735
vn 0.2158315709774216 -8.223100857247183e-06 -0.976430608339271
vn -0.6875742486175435 -0.2719995914610301 -0.6732442906427454
vn -0.7231413516122196 -0.515729390632126 -0.459445079663139
vn -0.8506649271065073 -0.17529065119771006 -0.4956232131302602
vn 0.5118904058576388 -0.7728556780186491 -0.37504974782718625
vn 0.7557019142223864 -0.47676536437884204 -0.44900935866564157
vn 0.7106209683350059 -0.6980165892307172 -0.08826483173572104
vn 0.4115986862469088 -0.7985865119616372 -0.4391424648024428
vn 0.6907130294268715 -0.277322324082421 -0.6678381836534044
vn 0.27010279531812376 -0.7980803764082596 -0.5386206389968606
vn 0.47400546687532213 -0.31366827304861167 -0.8227581855290226
vn 0.3541304107859857 -0.7847390482886808 -0.5087005781867409
vn 0.1293858755659814 -0.014241706913653096 -0.9914920418178906
vn 0.14500267879807718 -0.009178573704824592 -0.9893886884971582
vn -0.9332641058027681 0.19099578674871573 -0.3042017722900357
vn -0.19510384787654472 0.3135147548717443 -0.9293239408416616
vn -0.28158743591763036 0.2983214376058458 -0.9119829142029557
vn 0.4752603402374251 0.3103011586866277 -0.8233108768351984
vn 0.9527931623353035 -0.16229085467436696 -0.2566064463261889
vn 0.8339026542015998 0.181392800332498 -0.5212513935742151
vn 0.7247038717466014 0.48037757024258965 -0.4940057573382232
vn 0.958049392381068 -0.1208705679870497 -0.2598685582227184
vn 0.8274116233600868 -0.1854175905311925 -0.5301040677548445
vn 0.9498514991238288 -0.04924378338845503 -0.308799578059631
vn 0.8634986497575212 -1.965646006526914e-07 -0.5043511493660928
vn 0.9497889763613039 0.05228664382906721 -0.30849150273490344
vn 0.9544780932969423 0.15353653560151134 -0.25573052545935765
vn 0.6929189987898767 0.27825736822191477 -0.6651587014737524
vn 0.5426123738521202 0.2322980999184716 -0.8072232680719967
vn 0.3342701679121676 0.23191775866209324 -0.9134974592526913
vn 0.2600027080959892 0.2922890807473058 -0.9203073861806428
vn 0.2019194937453091 0.31318115316674366 -0.9279795705438706
vn -0.6875452682984707 0.2719980934878947 -0.6732744917040407
vn -0.7230168109737896 0.5156010653042468 -0.45978498508152393
vn -0.9500850706716962 1.0894441654756233e-06 -0.31199095898049845
vn 0.12370047800313853 0.04799710321009461 -0.9911581457190545
vn -0.9332714994686901 -0.1910044304932477 -0.3041736606141506
vn 0.13419226307337428 0.06635218040759963 -0.9887314219171977
vn 0.14372956079678337 -0.03537852868346156 -0.9889844149739456
vn 0.8580141550515948 -0.5038326773231158 -0.09982155575084324
vn -0.5877361612374694 -0.788189968078494 -0.18254527929877024
vn -0.5614405522168093 -0.7871788718684108 -0.2552134988797815
vn -0.3303188604979051 -0.8017208255398687 -0.49812967016133175
vn -0.39855152786450626 -0.7968972799464604 -0.4539949392347898
vn -0.4791270047744581 -0.7904345032761453 -0.3816419910419313
vn -0.09886880560073623 -0.795290014446396 -0.5981126584523478
vn -0.13325292212705886 -0.8196673182703389 -0.5571257901983275
vn -0.1928029804917913 -0.3130873915049315 -0.9299480071456251
vn -0.17741888093519256 -0.8086995336282796 -0.5608276071994914
vn 0.0957635683463051 -0.7950174518361288 -0.5989796242390647
vn 0.20722069788324243 -0.3568248734958893 -0.9108982336262512
vn 0.19248349123135536 -0.8074202393371194 -0.5576940583439791
vn 0.2701603614717176 -0.2838957859585917 -0.9200090009366345
vn 0.25579891197806454 -0.7796564044901543 -0.5715792224777974
vn 0.3765189296902199 -0.792619275147477 -0.47957082923132394
vn 0.5419386760446214 -0.2307984424074786 -0.8081055317155581
vn -0.870862584419735 1.0286487471859496e-08 -0.49152655987014576
vn -0.7495898572764761 5.917808806924661e-07 -0.6619025954533508
vn -0.7332096477260888 -0.15584751482672274 -0.6619026851461772
vn -0.733209617619993 0.15584875977563756 -0.6619024253664124
vn -0.8506623669715536 0.17526325391852535 -0.4956372960585639
vn 0.733209729805881 -0.15584892495898034 -0.6619022622012385
vn 0.7495902020458292 5.926365996674144e-07 -0.6619022050095784
vn 0.7332092157494841 0.15584902022014915 -0.6619028092072476
vn -0.5436170140851401 -0.23773151615887428 -0.8049622775148905
vn -0.582364838943321 -0.12378493098889902 -0.8034478733698867
vn -0.5953750589833036 -2.592371518082356e-07 -0.8034479069240025
vn -0.5823644903255795 0.12378615081908556 -0.803447938122454
vn -0.543632307067143 0.23786041481704728 -0.8049138697872696
vn -0.4675791443151106 0.30637679919808636 -0.829158007085914
vn 0.5823641625660632 -0.12378583491119723 -0.8034482243642498
vn 0.5953746625878807 -6.463163805469229e-07 -0.8034482006625876
vn 0.5823649751728426 0.12378704883918809 -0.8034474483322596
vn -0.3356200387229289 0.24384118494893908 -0.909890469304035
vn -0.378983836158127 0.1687343424500703 -0.9098900887518295
vn -0.40578535303547925 0.08625010030860393 -0.9098896457585544
vn -0.41484977673976003 2.5516680260681687e-06 -0.9098899179199977
vn -0.40578410311845975 -0.086253193710811 -0.9098899099512162
vn -0.37898421326757287 -0.16873511256418844 -0.909889788865613
vn -0.33562113649988534 -0.24384057845192936 -0.9098902269146283
vn -0.4311730442526802 -0.3621689161452478 -0.8263918453663812
vn -0.28390783463412966 -0.30123347116870447 -0.9103047496750817
vn 0.3348776856068662 -0.2408881603131843 -0.9109499601534207
vn 0.3789833952695339 -0.16873350891249295 -0.9098904269636282
vn 0.4057847324378683 -0.0862497563483463 -0.9098899551320362
vn 0.414848821831223 -3.8140331186830367e-06 -0.909890353290274
vn 0.4057838935055421 0.08625274554372102 -0.9098900459163477
vn 0.3789836624145049 0.16873722005228053 -0.909889627477925
vn -0.08380757744871031 -0.7923132751556631 -0.604331005306103
vn -0.0534485772857436 -0.7908050031421411 -0.6097300194278515
vn 0.02571153856320499 -0.7905541883995415 -0.6118520997664838
vn -0.6377272860197531 -0.7702622337008435 2.5923435020596223e-07
vn -0.5522883888365051 -0.770261449477509 0.3188649165480331
vn -6.073163061330005e-07 -0.7702624256633033 0.6377270541626057
vn 0.1604201999120879 -0.6709473818348627 -0.7239440380782954
vn -0.31886410369384044 -0.770261913390733 0.5522882111318064
vn 0.3505670764534893 -0.6877497237893916 -0.6356909959520184
vn 0.5522886699407465 -0.7702621519413237 -0.318862732757847
vn 0.6377277498374273 -0.7702618496876877 1.7302590105159895e-06
vn 0.5522867648829939 -0.7702624663086458 0.3188652730091486
vn 0.3170681337160938 -0.7319706065974463 -0.6030645319193954
vn 0.08051696316721649 -0.7588832915316875 -0.646229965628615
vn -0.22779143339809266 -0.759348819630092 -0.6095083535086522
vn -0.4757675471497245 -0.7523242885388853 -0.455690032756472
vn 0.2665436452315809 -0.25177100053603907 -0.9303579141791309
vn 0.31886326058315356 -0.7702617939429143 -0.5522888644922359
vn 1.8775648721945226e-07 -0.7702622442959128 -0.6377272732228004
vn -0.3188636131566612 -0.7702629525348246 -0.5522870450744011
vn -0.5522902964516092 -0.7702609005073742 -0.31886293857230086
vn 0.9643296552533218 -0.1569853771706194 -0.21312885152791375
vn 0.30890766793761104 -0.7413632374590629 -0.5957823451845179
vn 0.3188640090856181 -0.7702612137492114 0.5522892415242564
vn 0.1101410800778755 -0.7416217173833518 -0.6617145689681065
vn 0.0011144004615657368 -0.7038659424428372 -0.7103319598474139
vn 0.6462424089655381 0.5624736480828496 -0.5157462012141135
vn 0.6026789882518292 0.6082430257383818 -0.5165447306481501
vn 0.5534729740110212 0.6466797616948257 -0.524855173218021
vn 0.49297222646046773 0.666231764062083 -0.5595655640703192
vn 0.3943762399991405 0.6770287314954961 -0.6213690353193824
vn 0.2543435186512026 0.69759112610989 -0.6698328114483948
vn 0.15534530249409892 -0.7261157367925795 -0.6697938293050977
vn 0.11579824586726917 -0.7346761982541397 -0.6684621529846754
vn 0.08396506365843791 -0.7144733193992819 -0.6946061790334189
vn 0.924172890265347 0.20335104203097312 -0.32334628898985757
vn 0.9188185424070408 0.3926510764762501 -0.039970217300424625
vn 0.9141989233770056 -0.39952404935229496 -0.06797692612547973
vn 0.91213292044431 -0.18710336476315173 -0.36469969335885233
vn 0.671382189400858 -0.27287245952206957 -0.6890475865930358
vn 0.678814750851719 0.28118036810079017 -0.6783421958133098
vn 0.7298636409284739 0.09687232580773161 -0.6766940358413338
vn 0.727207515451161 -0.11443277815063733 -0.6768119153472966
vn -1.134150219159981e-06 -0.7702624533076896 -0.6377270207723151
vn -3.3595134343398788e-06 -0.6532275493394014 -0.7571616529993799
vn 0.3188630214445245 -0.7702650455871058 -0.5522844675545046
vn 0.3785811372657441 -0.6532251087931578 -0.6557234781131015
vn 0.5522933443025484 -0.7702575506525897 -0.3188657515346859
vn 0.6557227944287229 -0.6532271319839028 -0.3785788305051824
vn 0.6377286227275522 -0.7702611269876011 2.410464773651094e-06
vn 0.7571619768554205 -0.6532271739633181 -5.370603344069003e-07
vn 0.5522852299904408 -0.7702640745081559 0.3188640466664434
vn 0.6557222683485598 -0.6532261905329085 0.37858136614694027
vn 0.31886616210843066 -0.7702607496867201 0.5522886456865574
vn 0.37858045390639217 -0.6532278952930735 0.6557210967560915
vn 1.3352341246723793e-06 -0.7702596738035317 0.637730377910833
vn -1.1079638821273566e-06 -0.6532269618594302 0.757162159843366
vn -0.31886136986359254 -0.770268566108249 0.5522805110396846
vn -0.3785800697024368 -0.6532288546200394 0.6557203628955632
vn -0.552288987480554 -0.7702614810303875 0.31886380344682974
vn -0.6557214932114714 -0.6532268464107613 0.37858157703296935
vn -0.6377322883642361 -0.770258092054452 -1.5330224218025797e-06
vn -0.7571638324417814 -0.6532250231291103 -2.168180916808496e-07
vn -0.5522856104886077 -0.7702635183066985 -0.3188647312153108
vn -0.6557214386985639 -0.6532264576707034 -0.37858234220585363
vn -0.3188684314244349 -0.7702565928752036 -0.5522931328318351
vn -0.37857974928337973 -0.6532278852739071 -0.6557215135506177
vn 0.3761747360877452 0.9007353927397556 -0.21718268852575145
vn 0.21717910726362416 0.9007388110736587 -0.3761686185659127
vn -8.877287487921403e-08 0.9999999999999887 1.2126563479085528e-07
vn 2.2307641524639114e-07 0.9007381939496787 -0.43436241315314267
vn -0.21718294084145387 0.9007381835146558 -0.3761679079429498
vn 0.21718206633216902 0.9007334517782535 0.3761797428242542
vn 0.376173380038824 0.9007355917885118 0.21718421175482797
vn 0.43436463056561975 0.9007371246439388 -1.3273932144752026e-06
vn -0.3761771242313883 0.900734391081213 0.21718270632939274
vn -0.21718420362876495 0.9007345106295177 0.3761759735218909
vn 3.313383401698093e-06 0.9007372776398139 0.43436431328901587
vn -0.3761733124050745 0.9007358943710737 -0.21718307398537318
vn -0.4343644864851665 0.9007371941248421 -7.642938835205911e-07
vn 0.31886476190373403 0.7702606121335446 -0.5522896459392771
vn 0.37373172298181356 0.664305674329443 -0.6473195271971554
vn -1.4682868398011562e-06 0.7702567339063351 -0.6377339287428492
vn -1.0210036136949238e-06 0.6643058064099827 -0.7474608990234475
vn -0.3188595401976502 0.7702665846803142 -0.5522843308929446
vn -0.37373068879744925 0.6643070842755177 -0.6473186773393338
vn -0.5522899368455649 0.770260704012603 -0.31886403609239344
vn -0.6473191951390749 0.6643061766817253 -0.3737314051922972
vn -0.6377272743982811 0.7702622433227138 -8.724471083471441e-09
vn -0.7474597740726603 0.6643070721760822 -2.984923561077754e-07
vn -0.5522860153113993 0.7702635621790398 0.31886392406591446
vn -0.6473194751285676 0.6643069444459941 0.3737295555346173
vn -0.3188721774192345 0.7702569615670192 0.5522904558522258
vn -0.37373150719658615 0.6643071088030937 0.6473181796630176
vn 1.558579320576852e-06 0.7702624687637026 0.6377270021032642
vn 7.053648678370109e-07 0.6643069710965336 0.7474598639071207
vn 0.3188651927502781 0.7702639274874262 0.552284773340686
vn 0.3737306855314283 0.6643077794635657 0.6473179657914611
vn 0.5522920721955089 0.7702592884009837 0.31886375714715665
vn 0.6473196932228754 0.6643061923455297 0.37373051464554835
vn 0.6377255498912218 0.7702636710996688 8.981027333460159e-09
vn 0.7474589047129315 0.6643080503541564 -6.436821336522928e-08
vn 0.5522825327644566 0.770266124946872 -0.31886376520797494
vn 0.6473197719330607 0.6643067542338724 -0.3737293795566354
vn -0.1363793757146457 -0.9899823862662045 0.036545051133566105
vn -0.1411941792168018 -0.9899819209234413 -1.642253720795974e-07
vn 0.5447046233432237 -0.8386279707401596 8.710466612291443e-07
vn -0.27235167378070413 -0.8386281260343488 0.47172813358222065
vn 0.07059312019754481 -0.9899839434519678 -0.12226366217345883
vn 0.0998316035430638 -0.9899833649695468 -0.0998328003092858
vn -0.1363763834488935 -0.9899828686355955 -0.036543150458570824
vn -0.12226792426282801 -0.9899834673952895 -0.07059241446826187
vn 0.2723521315564861 -0.8386275406184704 0.4717289100244487
vn -0.0998233652542692 -0.9899847788400912 -0.09982701745644086
vn -0.07058972904001043 -0.9899838414205185 -0.12226644625706516
vn -0.03654359969006545 -0.9899819254291824 0.13638310982383772
vn -0.07059555785752476 -0.9899826109486588 0.12227304375888104
vn 0.2723513902563848 -0.8386285469160476 -0.4717275490395839
vn -0.09983250551487598 -0.9899832254696251 0.09983328168191039
vn -0.12226749680086979 -0.9899836843736296 0.07059011191422536
vn 0.12227302962510742 -0.9899824750346294 -0.07059748827406573
vn 0.13637829225109863 -0.9899825673852911 -0.03654418799072887
vn -0.5447043783740925 -0.8386281298525207 -3.9641738572407393e-07
vn 0.14118362487220382 -0.9899834261555464 2.2957816343863014e-06
vn 0.1363724968798788 -0.9899834364334764 0.03654227253623585
vn 0.1222717987438628 -0.9899829067015419 0.0705935667798898
vn 0.09982919716689287 -0.9899838151122661 0.09983074280388941
vn -0.27235152179828764 -0.8386289899756347 -0.471726685429819
vn -0.0365447791445562 -0.9899831075249351 -0.13637421285766727
vn -1.112716718322093e-06 -0.9899844320646591 -0.14117657124458055
vn 0.03654248635677677 -0.9899819386933584 -0.13638331185231012
vn 0.07059695760886125 -0.9899821998584605 0.12227556395198477
vn 0.03653868603814551 -0.9899837545458552 0.13637114855385538
vn 8.023550253974439e-07 -0.9899836394712813 0.14118212910475797
vn 0.40464435392352244 -0.5874135641737238 -0.7008625053907062
vn 0.8092877580972229 -0.5874123973780945 7.001653375877767e-07
vn -0.4046433059911089 -0.5874128908941727 -0.7008636747099511
vn -0.8092861875834967 -0.587414561094674 -7.216906560293356e-07
vn -0.40464419262175055 -0.587411863563623 0.7008640238464258
vn 0.404643388846951 -0.5874134974976498 0.7008631184618248
vn 3.293280768932656e-07 -0.9999999999999297 1.7908281453853818e-07
vn -0.9989069288526018 -0.018164221424500027 0.04306981019583021
vn -0.9916196737639188 0.07502721145083563 0.10517290595134489
vn -0.999601947950999 -0.0024385014969088474 0.02810692731370575
vn -0.9991358366660149 0.026097425569884754 0.032349718210931626
vn -0.9999613279769484 0.007098665747634944 -0.005191482946239813
vn -0.9956884092151658 -0.054811505933528515 0.07483508917527355
vn -0.9823066887974431 -0.1093162846961936 0.15206419382623962
vn -0.9802616994078575 0.11306959244841423 0.1621797396026041
vn -0.9646130782848503 -0.16345942555667986 0.20688795372980345
vn -0.9707034061712997 0.14065370900641389 0.19481127120927946
vn -0.9606933264925448 0.18285830000064462 0.20888076635622346
vn -0.9518441984646744 -0.221701976937264 0.2117565943984988
vn -0.9308470357499388 -0.29596362106113117 0.21431129471853658
vn -0.7524364335692936 0.19986905129389737 0.6276079793727924
vn -0.8691291072472104 -0.4403774984357963 0.22512719473021742
vn -0.8205607106087327 -0.5191193629814053 0.23915519476497213
vn -0.6279985836819225 0.687467603443338 0.3646999768431201
vn -0.7857216182699965 -0.565980329312531 0.24961531486360578
vn -0.7583123675340206 -0.5849074508593007 0.2878291631753518
vn -0.9490123653100078 0.23353936476930356 0.21174252192664242
vn -0.7444676779511648 0.6019278516361234 0.2888784137153934
vn -0.7689489726887725 0.5882526664795529 0.25035230732025837
vn -0.6277153760351213 -0.6899740474529739 0.36042921708769343
vn -0.8283614425455975 0.507228437540436 0.23777433136077733
vn -0.8948771550160582 -0.38481331472117797 0.2260831489599906
vn -0.9239338905108135 0.31833031748966717 0.21216025766500107
vn -0.7524391041218031 -0.1998675578060952 0.6276052532643472
vn -0.9045652535545434 0.36964339484438424 0.21242754696536653
vn -0.8589898846487931 0.45694686432017667 0.2309457539315485
vn 0.8887668891545687 -0.4425054981560755 -0.1195085806298202
vn 0.9105363782199357 0.36533520737000286 -0.19352955896720117
vn 0.9095824283758777 -0.41053991428572656 -0.06416217552506834
vn 0.7221057098584026 0.6866495275544104 -0.0841175968463041
vn 0.9098821181956182 -0.4117889234303323 0.050442180047487364
vn 0.7279270836232722 0.6798948625877268 0.08868560624212897
vn 0.8919165845201791 -0.42069922183643077 0.1658221064999474
vn 0.6616445553208992 0.673552904695457 0.3294737728416666
vn 0.8540157390877633 -0.45136386646842913 0.25870403444293527
vn 0.787451350218753 -0.5032941740412329 0.3558305009619268
vn 0.4958073168676709 0.6723804856975031 0.5496176734728161
vn 0.7026040087781212 -0.5425692539771473 0.4603978838869652
vn 0.568384901009588 -0.5893217643955313 0.5741415002541261
vn 0.25782358571148695 0.6724500996421117 0.6937851700218054
vn 0.40451885739074417 -0.6373621429465246 0.6558460129892539
vn 0.24178876519098194 -0.6717335909833612 0.7002229471904065
vn -0.01609396769648437 0.6717371363483476 0.7406147472568354
vn 0.047325601793459925 -0.6914469280338297 0.7208754629805808
vn -0.16016129087010636 -0.6964365309652844 0.6995173473502011
vn -0.28656715421501633 0.6718709181729207 0.6829851648744527
vn -0.3232176285126456 -0.6906898782403619 0.6468986448547992
vn -0.4623528418226424 -0.6713974480373629 0.5791850450654292
vn -0.5189603727421919 0.6709883430366647 0.5295798098796789
vn -0.6034647471180533 -0.6411612956677283 0.47407013397114983
vn -0.7124841689128293 -0.6064167757832934 0.3530226665487498
vn 0.8651814772655047 -0.43058122471685356 0.2570229956988545
vn 0.8604776873907007 -0.4073885475993511 0.30596195970682816
vn 0.8038408704676976 0.3885897785203533 0.45037522022779747
vn 0.8650012534972753 -0.37229513607076203 0.33640624712718276
vn 0.6815874635726279 0.13114623290633579 0.7198883212659508
vn 0.8694529479467406 -0.3218997812725424 0.3747427145701595
vn 0.6081119858447974 -0.20435370813041584 0.7670980215365215
vn 0.875255973654593 0.33257234662269863 0.35117319778682166
vn 0.5875879691998327 -0.7354325766298182 0.3374600771694975
vn 0.8598390669801831 0.4022921655789806 0.31438478399633507
vn 0.8663465408397115 0.4283916516586201 0.2567572082031303
vn 0.6548446378083854 -0.7348373298322336 0.17661426618095605
vn 0.8598459609895359 0.45300719639813464 0.2354769699598739
vn 0.8615103824663463 0.4706622052866222 0.1904650871352098
vn 0.8683737663967112 0.47919850453078244 0.12765498458521618
vn 0.8552489299992525 0.5143451256533732 0.06323258220055376
vn 0.6795138252866786 -0.7335634196189429 -0.01206940931561942
vn 0.8841238485010557 0.4524943229390231 -0.11650711660511277
vn 0.7041587736465807 -0.7024485905004757 -0.10356833106909917
vn 0.8605859270730848 0.5032035039312664 -0.07860086357703026
vn 0.8485271656328951 0.5289781024078051 -0.01355788907031485
vn 0.8669725543267985 -0.4573019080871125 0.19807461953504407
vn 0.891312858620189 0.38738118844485975 0.2355784431932495
vn 0.8729524819928364 -0.4694854765760184 0.13242866557787103
vn 0.8766755182079938 -0.4770103190875584 0.06245951695883669
vn 0.9216335958511144 0.38771478524092784 -0.016393910580639513
vn 0.8764347578061193 -0.4814333621649321 -0.009166957177722233
vn 0.8749812705162081 -0.4774367239511235 -0.08038626044705
vn 0.8963750355349616 -0.2636211693739485 0.35639258511872585
vn 0.9329338710863332 -0.20534227430680937 0.29575148784473787
vn 0.948713788328047 -0.17497924224406042 0.2632952954762774
vn 0.9486803485188545 0.18668052460067958 0.2552566905469076
vn 0.9139682988015875 0.234211251186524 0.33137145109887656
vn 0.8794717782266471 0.27277890834442664 0.3900269970979986
vn 0.9668434455167187 0.15108015087960153 0.20588477328728458
vn 0.9632837335857356 -0.15762207534001488 0.21734702660637442
vn 0.9754077262343782 0.1324805148012646 0.17614959778629016
vn 0.9777626027720292 -0.1235595791310018 0.16945006056486647
vn 0.9831032390911604 0.10588882217226571 0.149317040646535
vn 0.9999993441045314 4.5180970409680005e-05 -0.0011444427406836501
vn 0.9995254160939101 0.02144369426913576 0.022115844057770125
vn 0.9997277641929438 -0.013698746764857793 0.01888761072370158
vn 0.9045420245908383 -0.2934178366512591 -0.30936984158770575
vn 0.8685387635258174 0.23697567569835853 0.4352963879707144
vn 0.9900868323774612 -0.08407872178197748 0.11251147895336626
vn 0.9922542611459476 0.05752151870243272 0.11010338833966657
vn 0.8914354052670711 0.426411679701656 0.153349266872538
vn 0.847283789922744 0.44780029529062765 0.2856310117472853
vn 0.6657167941906965 -0.6688939796804816 0.33075972227535366
vn -0.6928962806843634 0.6095804010567689 0.38510580216512524
vn -0.5151317600932562 -0.6733642773094252 0.5303016309486323
vn -0.5994386840111935 0.6368044721703155 0.4849261060561848
vn -0.4673257203189662 0.6701664361859071 0.5766139253766249
vn -0.28692391845343646 -0.6724535161144994 0.6822616314029188
vn -0.30899606808948427 0.6935339899294899 0.6507933886555093
vn -0.11381770624267742 0.6998844493014947 0.7051292699722503
vn -0.015565098149283797 -0.6725659686833546 0.7398734658633352
vn 0.09732043957469606 0.6896260852850598 0.7175964008656897
vn 0.2794970292994696 0.665886197192844 0.6917203069166208
vn 0.25853167435622804 -0.6723563510140235 0.6936125075326083
vn 0.4495625643277309 0.6290779491826625 0.6341564748602749
vn 0.5996243325485955 0.5816913466620528 0.5496233592508044
vn 0.49859270655737387 -0.6712445320808701 0.5484852697377808
vn 0.7027206840586567 0.5421108664052372 0.4607596431128669
vn 0.7881650725884373 0.4833774477407543 0.38097514534060833
vn 0.9054548480807209 0.4200836947360488 0.060672955293351295
vn 0.738045156738748 -0.6713606973220719 0.06755857240719527
vn 0.904760834391472 0.4214328627933289 -0.06166177672648245
vn -0.5522864851007168 -0.7702634036219606 0.3188634933883285
vn -0.6458199096776012 -0.6654946054806572 0.37421060158707364
vn -0.637727087920057 -0.7702623977145282 -2.6437781925247846e-07
vn -0.7515360883645578 -0.6596163983953879 -0.009985732501763425
vn -0.552288345063321 -0.7702607710035446 -0.318866631305697
vn -0.6525409328073798 -0.6563085428799236 -0.3787471815785646
vn -0.31886461881184935 -0.7702599421876589 -0.5522906629040893
vn -0.38045480533562254 -0.661484004906215 -0.646291770294399
vn 6.273611867032422e-07 -0.7702619428152396 -0.6377276373579077
vn 0.0005081332599230976 -0.6634280583425392 -0.7482399035098559
vn 0.31886364428783454 -0.7702621257378567 -0.5522881802150754
vn 0.37427040996740885 -0.6631789967334178 -0.6481630030435902
vn 0.5522871195291743 -0.7702621967858303 -0.3188653098172237
vn 0.6480730426245509 -0.6632296160145827 -0.37433649015892917
vn 0.6377286019777415 -0.7702611441707986 4.5530762414532743e-07
vn 0.7527320392835063 -0.6582845416920751 0.007479251656999641
vn 0.5522895611710535 -0.7702615007610382 0.3188627621200666
vn 0.6538025349741257 -0.6601744147372965 0.36974584160971335
vn 0.3188628920846704 -0.7702620312568709 0.5522887462690501
vn 0.37416774337320924 -0.663188389169849 0.6482126659432854
vn -1.614766891651866e-06 -0.7702582902167059 0.6377320490220243
vn 0.0005086750576654121 -0.6634598019904588 0.7482117563848263
vn -0.318862310772071 -0.7702618472463139 0.5522893385226547
vn -0.37290322770167544 -0.6644115326224351 0.6476885811005001
vn 0.21485984352687804 0.4585033019084663 0.8623282262448789
vn 0.3354253747179344 0.4354779454500778 0.8353734356692893
vn -0.31886368807703375 0.7702617953057158 0.5522886157783153
vn -0.5522889778903728 0.7702622568776142 0.3188619458803629
vn 0.3531591852051887 0.9355420942395942 -0.006291248763276735
vn 0.3414546139245199 0.9355412715666399 0.0903951095199936
vn 0.31440299268917854 0.9330733637198606 0.17471364029346123
vn 0.6377278854008205 0.7702617374516049 -4.826820402444689e-07
vn -0.6377278807192761 0.7702617413262024 -1.5578739882978458e-06
vn 0.35062251867237604 0.9320515693961421 -0.09134397290477335
vn 0.552288386738214 0.7702612677998549 -0.3188653590490207
vn 0.3188644172231819 0.7702620178858116 -0.5522878843786075
vn -5.419999696022447e-07 0.7702618884989836 -0.6377277029623897
vn -0.3188651078508493 0.7702614750334764 -0.5522882427451443
vn 0.5522878038691618 0.7702626794274178 0.318862958618077
vn 0.3188655308688042 0.7702614394818151 0.5522880480973289
vn -4.91935218289089e-07 0.7702624795384775 0.6377269890909388
vn -0.5522878222730975 0.7702622739577344 -0.31886390621439054
vn -0.3223571565782302 -0.7680823094300865 0.5532950655331595
vn 5.214399780847407e-05 -0.766412634182012 0.6423485591539791
vn 0.5556902931180866 -0.7681770827759951 -0.31798155234556796
vn 0.32112315185755647 -0.7664967695634662 -0.5562037608555334
vn 0.32122763956173095 -0.7665445443762409 0.55607757108934
vn 0.5560754014618547 -0.7665516770926241 0.32121437426666055
vn 0.6399952218691844 -0.7683747830214721 -0.002511732732406252
vn -0.5565261080710682 -0.7661395816906693 -0.32141691368395026
vn -0.3211408847300346 -0.766284415327063 -0.5564860528186415
vn 6.51977966260914e-05 -0.7664190834652295 -0.6423408629766322
vn -0.5525162695357858 -0.7700151479691332 0.31906495231587717
vn -0.6402321741420431 -0.7681763867855413 0.0027932021879611825
vn -0.4204836268672648 -0.8846300053542546 -0.20155215990775782
vn -0.3235180008787978 -0.8518556003839692 -0.41192006409235987
vn 0.5190530076825445 -0.7803151081830713 0.34884424483850457
vn -0.6734491001340227 -0.3984585772149235 0.6226532516357189
vn 0.4910447316863545 0.3707417015183315 0.788305564003178
vn 0.5270330233799646 0.620368507472924 0.5808434446585329
vn 0.5564156574391642 -0.812421565208833 0.17427798639005598
vn 0.5735330587485792 -0.8191562105472263 0.0065523464810014545
vn 0.5692020642980703 -0.8018483943035444 -0.18179153597360675
vn 0.5078765424756896 -0.7863661917440327 -0.3516953654584128
vn 0.43326264004573695 -0.7658370746512789 -0.47516003601962314
vn 0.37487192648045187 -0.7349481804578057 -0.5650860206894125
vn 0.22347237681893906 -0.7388922012013609 -0.6356873538168759
vn 0.3192879093272524 -0.7250893426171939 -0.6101644665009571
vn -0.20267156944626433 -0.7674123958605319 -0.608278266599906
vn -0.12174470459104289 -0.7493249619667048 -0.6509149931270871
vn -0.00326292643851759 -0.7468884550668949 -0.6649413425249207
vn 0.11264473633638653 -0.7365876643530841 -0.6668956260904507
vn -0.242952777046816 -0.8171696334500019 -0.522692776200733
vn -0.440057480723584 -0.8972868721382665 -0.03500975217762467
vn -0.42405251554943446 -0.872058640360564 0.24432190206504456
vn -0.37896938451644546 -0.825976628283477 0.41730662003937313
vn -0.2742273979999805 -0.7969285767640548 0.5382417465442254
vn -0.21452950192511896 -0.7682737861434917 0.6031023812989837
vn 0.0019297347141211073 -0.7520021945314505 0.6591577774279961
vn -0.10904657824405255 -0.7599782726248248 0.640735412562355
vn 0.5247016367614652 0.6338410780424436 0.568272540393984
vn 0.2200491656458439 -0.7371860042739934 0.6388545685843622
vn 0.11231325833949546 -0.7381061078310551 0.665270700980929
vn 0.9972963262630707 -0.07326355743489212 -0.005699892469767626
vn 0.9972896207135905 -0.07326959681008256 -0.006706608698157238
vn 0.27206400718177265 0.9622456712628482 -0.008027710265498493
vn 0.9940030942263771 0.10325822166082342 -0.03599428187687564
vn 0.995298373055932 0.0855350774752756 0.0454411610053405
vn 0.26991997292213943 -0.9628765130331055 -0.0034682656933236636
vn 0.9945097550740959 0.10389410953759237 -0.012504441844910966
vn 0.9970282937569738 -0.07281264607603564 0.025157504237571616
vn 0.28897339996812244 0.9573317212176018 0.0032170889648509542
vn 0.5520062577437937 0.8337801451332728 -0.009988042512473167
vn 0.4015186792788153 0.9096642629815023 -0.1062717217537952
vn 0.5618280506836859 0.8272223314692501 -0.007242636505280325
vn 0.7648128947526457 0.6441868082317971 -0.009197397469314798
vn 0.6497455786862057 0.7540703369039802 -0.09596150258955796
vn 0.7759293371866913 0.630795225988104 -0.00557194433199151
vn 0.9159484387070936 0.4011035260554146 -0.01242654481144686
vn 0.8403215838873168 0.5353688796898936 -0.0850870043702293
vn 0.9249521610019751 0.38001767487009375 -0.007075778692410706
vn 0.9919999407447856 0.12564591262955024 -0.01221565396650325
vn 0.9604311040152851 0.2687981480014809 -0.07293593127502117
vn 0.9951007625883367 0.09863455868208773 -0.006759891249142538
vn 0.9871368635462184 -0.15941345783257105 -0.012172185095459422
vn 0.9978689176237857 -0.022091121781464034 -0.06139711376580338
vn 0.9813226814536841 -0.19231473326105372 -0.004564891595754414
vn 0.9034279794061518 -0.4286669086854021 -0.00790995728300499
vn 0.9492999795010927 -0.31064195952017 -0.04828169326664097
vn 0.8849435058270638 -0.4656762079050173 -0.004545424700543322
vn 0.746024139370042 -0.665880744561773 -0.007128639354506355
vn 0.8177939958189878 -0.5742941692619796 -0.03740571552725536
vn 0.7162954756107207 -0.6977970374655734 -0.00029346870426901443
vn 0.6098587623002045 -0.7923200384318551 -0.01735646118902678
vn 0.5262941243657856 -0.8502692229913303 -0.007532801057392552
vn 0.48598431185835483 -0.8739640384247073 0.0024714708046028474
vn 0.35116691654630416 -0.9362891206049387 -0.0066692848335633236
vn 0.2176877060297034 -0.9759879579092127 0.007718073576386476
vn -0.2567566111419544 -0.1260668833609418 0.9582187555848393
vn -0.7014627751258966 -0.12608518907388808 0.7014645395234729
vn -0.49581177382792474 -0.1291384036692817 0.8587746838556412
vn -0.9582186402344482 -0.12607201440831584 0.25675452223919
vn -0.8587717485942729 -0.12914826849268543 0.49581428837990993
vn -0.9582190946210489 -0.12606970853905658 -0.25675395866956835
vn -0.9916258275040973 -0.12914417611543874 1.5094863244452152e-06
vn -0.7014663594216668 -0.12606212371130698 -0.7014651007463651
vn -0.858772562156922 -0.12914145908085212 -0.4958146529025783
vn -0.25675188617169903 -0.12606399012265954 -0.9582204022779046
vn -0.49581489472783924 -0.12913819685765085 -0.8587729131023963
vn 0.25675047821993124 -0.12607336259589402 -0.9582195464389154
vn 1.0196060803531759e-06 -0.12913577140833965 -0.9916269220537194
vn 0.7014676791779791 -0.12606957500622695 -0.7014624418501741
vn 0.4958106435279125 -0.12914233085431784 -0.8587747458710878
vn 0.9582181561001981 -0.1260811974304308 -0.25675181980746503
vn 0.8587746792877379 -0.12912609542681786 -0.49581498736329793
vn 0.9582181374793561 -0.12607516399328558 0.2567548520080196
vn 0.9916252329152693 -0.1291487415388119 -2.163146079934223e-06
vn 0.7014653432773097 -0.12607199538017835 0.7014643427585654
vn 0.8587745561322015 -0.1291356278305382 0.49581271803449417
vn 1.6807468001649633e-06 -0.12913266144041013 0.9916273270470574
vn 0.2567500485810668 -0.12608699862286746 0.9582178673620612
vn 0.49581228892766804 -0.12915809963817612 0.8587714244466693
vn -3.962644208581451e-07 0.36203119405970574 -0.9321659801384873
vn 0.46608324021361963 0.36202985883619965 -0.8072798737135807
vn 0.8072814033640467 0.36202636902391083 -0.46608330147511007
vn 0.9321664217139457 0.3620300570793416 -3.835715502244385e-07
vn 0.8072807179696638 0.3620248704133843 0.4660856526396799
vn 0.4660826958240802 0.36202458933146536 0.8072825511385353
vn 1.006588205524615e-06 0.36202889096958524 0.932166874600422
vn -0.46608555098047094 0.3620246161542195 0.8072808906852811
vn -0.8072814301948491 0.3620258843401873 0.46608363147643816
vn -0.9321665388954509 0.36202975535462156 1.2444471393668054e-06
vn -0.8072809824654686 0.3620280076440541 -0.46608275770603674
vn -0.46608464274326405 0.3620312831794735 -0.8072784252030447
vn 0.7631627547859866 -0.3998765107686925 -0.5076232715734376
vn 0.6832832424939624 -0.45416216695409906 -0.57171735729685
vn 0.5079482797483719 -0.56512608097907 -0.6500931146365938
vn 0.39783079359162876 -0.6162336924862939 -0.6796960319988362
vn 0.26230515988253633 -0.655626898876595 -0.708060288794998
vn 0.12649291677857033 -0.6860020425956407 -0.7165198807845171
vn 0.6105800357487623 -0.5031689934608382 -0.6115660094909192
vn 0.8248521155417367 -0.32512370478392166 -0.4625079070393272
vn 0.6249243290165734 0.5552516957522763 -0.5487851468174106
vn 0.12462617009092505 0.6596332028227355 -0.7411830782352546
vn 0.16590669167802838 0.5739265449208085 -0.8019247412891779
vn 0.2540329231856886 0.5501128767146327 -0.7955143599021237
vn 0.3195396956973075 0.5449358361062828 -0.7752027588965474
vn 0.5499140068084113 0.5483308664049447 -0.6300220996627987
vn 0.49548777893142815 0.5323799398302914 -0.6863406301508714
vn 0.42979495555803 0.5243240985396721 -0.7350921954880429
vn 0.41405262970695106 -0.531037342905454 -0.7392968012054926
vn 0.478212662073327 -0.5437446914553303 -0.6896769971130613
vn 0.5754602677231848 -0.5444317890336975 -0.61027822127414
vn 0.6233450705126367 -0.5549085382491071 -0.5509241665109955
vn 0.12383472825328048 -0.6720646963724629 -0.7300643834404096
vn 0.2961430070733943 -0.5384994539150847 -0.7888711285721409
vn 0.3637982534701621 -0.5237639103779275 -0.7702741050805759
vn 0.8297338349825452 0.3221513975924293 -0.4558072400855467
vn 0.7698803911319305 0.4040666272165783 -0.4939780806071909
vn 0.7056235261499667 0.456828048198516 -0.5416674013846704
vn 0.6169027759350171 0.502683622140713 -0.6055907372765562
vn 0.519770161589824 0.5669805199723201 -0.6390399589171291
vn 0.15008207039321822 0.6808248673056504 -0.7169050649874978
vn 0.2794998798357331 0.650310740870807 -0.7063821610713799
vn 0.4177160246743069 0.6140876912369294 -0.6696339523960767
vn 0.9990078180198422 -0.0444725824429636 -0.0023598614551815244
vn 0.9993539189509534 0.035795361727767 -0.0032305968720742926
vn 0.22548558749263642 -0.4909164513372997 0.841520818304273
vn 0.4356026654213616 -0.49091961567753956 0.7544854198861778
vn 0.6160410459446587 -0.4909081035421239 0.6160378751246438
vn 0.7544972225561405 -0.49089768277519347 0.43560694002852546
vn 0.8415307433512286 -0.49089814401192483 0.22548840369379605
vn 0.8712191120117092 -0.49089434592880027 -8.150228794749504e-07
vn 0.841530921315159 -0.49089966693699827 -0.22548442401106997
vn 0.7544943904558322 -0.49090176109210687 -0.43560724939714945
vn 0.6160396509182215 -0.49090798308594463 -0.6160393661439547
vn 0.4356048592937567 -0.4909055737795242 -0.7544932896930645
vn 0.22548497737420395 -0.4909038176387236 -0.8415283517542839
vn -2.0114621564343353e-06 -0.4908821140968797 -0.8712260040056953
vn -0.2254811293596781 -0.4909150255711551 -0.8415228445925615
vn -0.4356030458205523 -0.49091080182312336 -0.7544909350848663
vn -0.6160477150854574 -0.49089046413033094 -0.6160452621065236
vn -0.7544966311812196 -0.4908976363822817 -0.43560801660492876
vn -0.8415288651121329 -0.49090270552212306 -0.2254854826682764
vn -0.8712146623865056 -0.4909022428559968 1.3111982897196192e-06
vn -0.8415256357088375 -0.49090791811118384 0.22548618667355275
vn -0.7544927667288456 -0.4909047952534339 0.4356066424551353
vn -0.6160373717152912 -0.49091866166004167 0.6160331357029666
vn -0.43560831182845045 -0.4908965100341603 0.7544971935681729
vn -0.22548872157740654 -0.4909025487475175 0.8415280887020815
vn 1.3993208164515996e-06 -0.4908998909291718 0.8712159876194705
vn 0.13350603794319874 -0.8566967254838466 0.498243774048371
vn 0.2579130803084001 -0.8566945828284112 0.44671605607845244
vn 0.3647365627125673 -0.856699290056881 0.3647376676964659
vn 0.44671126436553615 -0.8566975674455882 0.25791146585942276
vn 0.4982522619667016 -0.8566915987103456 0.1335072587696177
vn 0.5158344579122696 -0.8566882817164904 -4.8168945129692244e-08
vn 0.49826695617735833 -0.856682131909938 -0.13351316507368852
vn 0.4467064049280371 -0.856702946094479 -0.25790201617922404
vn 0.36473524205698454 -0.8567014467407436 -0.3647339226805613
vn 0.2579080862180853 -0.8567008574320433 -0.44670690607883623
vn 0.13350628740363973 -0.8566914039958721 -0.49825285703473704
vn -2.4564541389043677e-06 -0.8566905377571782 -0.5158307110974324
vn -0.13350161964688012 -0.8567065493503297 -0.4982280661021726
vn -0.25789811767345533 -0.8567089452882556 -0.44669715016280714
vn -0.3647377510031865 -0.8566972486775581 -0.3647412741950647
vn -0.44671497035246527 -0.8566958282050582 -0.2579108241215272
vn -0.49824896357232873 -0.856693698022516 -0.13350609749223544
vn -0.5158298225333718 -0.8566910727819134 9.820692694331183e-07
vn -0.49824789959146937 -0.8566944867188889 0.13350500731488857
vn -0.4467125060297518 -0.8566973102746015 0.257910169487134
vn -0.3647417966878557 -0.856695287935481 0.36474183387439696
vn -0.25791432947318405 -0.8566928988569957 0.4467185643113514
vn -0.13350480131143885 -0.8566927842404121 0.4982508820435786
vn -7.649650190795621e-07 -0.8567042201498024 0.5158079867324019
vn -0.6340008249317426 -0.7733225500979579 0.003897113786024733
vn -0.863248293184066 -0.5043313592567947 0.021266508528450467
vn -0.8615505983257653 -0.507620303134294 0.007224567140212773
vn -0.6148281073582079 0.7886578754236838 0.002270227857501351
vn -0.5874027873943991 0.8092698986667296 -0.006340068866467481
vn -0.8613766125631671 0.5079648562077342 -0.0014269502652318592
vn -0.4821169754207454 0.8745758755944081 -0.05177122597956288
vn -0.8376861221505648 0.5460050673693232 0.012665984500617023
vn -0.5163718288404131 -0.8544856496410983 -0.05669575766701886
vn -0.6563827827930824 -0.7544023499570985 -0.006223892031246323
vn -0.8319435403617305 -0.5548599126810254 0.0006503460575279258
vn -0.7433226609870842 -0.6661485885912225 -0.06097113727824279
vn -0.8496255732726705 -0.5273552987599738 -0.00572486775958099
vn -0.9600832137684442 -0.2796027573612573 -0.007907004239120202
vn -0.9065278463386309 -0.41736532965995315 -0.06335175933217929
vn -0.9676215760780359 -0.2523080729872091 -0.0070086955804170405
vn -0.9998311915461354 0.012158084755809899 -0.013775680981552458
vn -0.9892649285128348 -0.1309458219068757 -0.06486981531983069
vn -0.9989429458710074 0.04557455426860309 -0.00599590675139761
vn -0.9530273248514523 0.30278012821227934 -0.00794430904737698
vn -0.983927599336346 0.16622806421940622 -0.06522813756411881
vn -0.940922042325064 0.3385633057589201 -0.006371676421691633
vn -0.8182622111539084 0.5748448160967103 0.0006254632331673138
vn -0.8897591342053377 0.452093661663437 -0.0627694526176046
vn -0.8005100931359852 0.5993180043665122 -0.001233056996788655
vn -0.7185601851037707 0.6921560270534831 -0.06775909235794811
vn -0.7742687387145843 0.04896256656289261 0.6309600520832527
vn -0.5945129779202725 -0.06792883954978914 0.8012115774511679
vn -0.601832547706502 -0.11277626416123972 0.7906194399095782
vn -0.5914028390035573 -0.16082370851310213 0.7901761935154874
vn -0.5913714780103045 -0.24361953404600586 0.768719258004582
vn -0.6055061441645546 -0.2742120333933972 0.7471078035472739
vn -0.6444629191836018 -0.18393276618791266 0.7421834566465444
vn -0.6621503341330187 3.8604485601244245e-05 0.7493710252720114
vn -0.6444501204541456 0.18390644653333493 0.7422010921375141
vn -0.603812311627314 0.2674237043508206 0.7509295936894246
vn -0.5924129439837069 0.23778306520566783 0.7697441897812249
vn -0.5953920073399507 0.14747386382555674 0.7897846650094348
vn -0.5878323073729903 0.1172564809352756 0.8004399390880127
vn -0.7788746233966565 -0.0709307662613489 0.623155797073488
vn -0.5885153910045233 0.06890342230123928 0.8055445071167516
vn -0.4944324821559196 0.8427261136612106 0.21295355818255
vn -0.4022627107011385 0.8180149303744735 0.41114022579141707
vn 0.5735354665946224 -0.431690348724031 0.6962043603544965
vn 0.5804868317595289 -0.6713006941697354 0.460858347175155
vn 0.6083864021457064 -0.6159172744685331 0.5005116349251598
vn 0.6095802030500186 -0.6222944179454856 0.49108210458475005
vn 0.059538114327291426 0.725312679569668 0.685840163447591
vn 0.1324205256860898 0.7227391566453858 0.6783162358579781
vn 0.24061539241996965 0.7356107261649206 0.6332306787275093
vn 0.35095685567318424 0.7279437573632207 0.589005239002089
vn -0.03222450708966117 0.747763770108482 0.6631824223062444
vn -0.15894826344360258 0.7637167482876738 0.6256773752767197
vn -0.29011382971924793 0.7925440712718935 0.536384061002378
vn -0.5092649097996184 0.8605713121344725 0.008140539167587585
vn -0.4873907804372197 0.8449436759931346 -0.2202734926040963
vn -0.4018343242221464 0.8220519222228073 -0.40343501713004376
vn -0.2794015965433848 0.799464045623113 -0.5317818985307157
vn -0.14212693452086983 0.7688894620336378 -0.6233850572939037
vn -0.029248842397330402 0.7461800123133062 -0.6651014166595425
vn 0.05768799913021797 0.7229144429609515 -0.6885250924365861
vn 0.228800288910722 0.7380655236533645 -0.6347516920723056
vn 0.12903155782961623 0.7196252669876239 -0.6822685191308868
vn 0.6142263436176859 0.7699627760751873 -0.17286793301430883
vn 0.5564801915348478 0.7587490345272744 -0.3385700799439721
vn 0.46362139630398885 0.7545553036195377 -0.46443674991194084
vn 0.3443195665605398 0.7489077207241432 -0.5661989596628828
vn 0.6311738480397651 0.7756224568419994 -0.005420146958930692
vn 0.6170991246095009 0.7661941239430641 0.1792630325563754
vn 0.5795545338429877 0.7487952824948607 0.3215931703495564
vn -0.6678271718677723 0.4552791724901881 0.5888359224875316
vn 0.8710758481388013 -0.01604684354651252 0.49088630618653645
vn 0.5773177616457393 0.8034777401332839 0.14535378632379847
vn 0.3493753040862168 -0.05806846627082251 0.9351817738384436
vn 0.12689549142405912 0.853277296419789 0.505781958625238
vn 0.1074895006669004 -0.082004969334096 0.9908184456553553
vn -0.07252209509206649 0.8288998503197474 0.5546761071682803
vn 0.8226830707446643 3.688352111568194e-05 0.568500275945171
vn 0.27828167250098795 -0.18225143744952257 0.9430502236347944
vn 0.8147683488673426 -0.04003112981366294 0.5784030137627447
vn 0.7596536023296845 -0.24479721688855244 0.602495416639125
vn 0.7187884300398601 -0.4322483654518449 0.544522307536653
vn 0.12951663730855853 -0.497138177985792 0.8579505071093846
vn 0.14689645170416274 -0.41002840664080037 0.9001656171085036
vn 0.12582579447316908 -0.2729076997573027 0.9537763138484692
vn -0.054447377040078425 -0.5975228004180233 0.8000012413203236
vn -0.06374028000319105 -0.7180928802996325 0.6930222160710959
vn 0.0655393759453451 -0.6931271459609274 0.7178296105154439
vn 0.7466076018895309 -0.5016284452813821 0.43697367390421493
vn 0.7338143183070183 -0.4690214318590807 0.491462554732773
vn -0.0437123957384458 -0.386164060799835 0.9213938053869187
vn 0.04723945231366706 -0.42915132009903745 0.9019964404599158
vn 0.02622642277690225 -0.11161557611773039 0.9934053240828914
vn -0.05051151286099999 -0.10863022849970919 0.9927980965556864
vn -0.11454070796530577 0.8426747957536026 0.5260984839556475
vn 0.00010478886404656722 0.8118105780407878 0.5839208631316201
vn 0.609615091130274 0.6438189083400815 -0.4624571914566944
vn 0.18518318021223187 0.9705576598413282 -0.154029278677168
vn -0.011656093385473285 0.6803446653430901 0.7327996123267179
vn 0.10188111685648907 0.9519830525624347 -0.2887014126428607
vn -0.14184042688200546 0.8144314149215681 -0.5626568791819603
vn 0.5775009221065562 -0.8034376163770439 0.14484709716266764
vn 0.8772152895460191 -0.003270627957667945 0.48008607434444134
vn 0.3414344177987785 0.04582560316583994 0.9387878101237235
vn 0.1277687785596187 -0.853400143734429 0.505354661499663
vn 0.10544070568827302 0.0004487466149925505 0.9944254905272866
vn -0.08036474212180106 -0.8315027739409672 0.549676855208743
vn 0.8598806867396342 0.009965550055147283 0.5103977785847753
vn 0.45521626440158175 0.014338546786827161 0.8902654428316935
vn 0.8794211756590362 0.0060351502462994335 0.47600627387040084
vn 0.5323753862567907 0.025318498896922614 0.8461296719306914
vn 0.8939666876173796 0.0038088401877161633 0.4481172326153447
vn 0.5626889197999114 0.0008830281202602657 0.8266682525631112
vn 0.9030669340027175 3.045625789776222e-06 0.42949984016487774
vn 0.6962514912420164 0.417870747075422 0.5836247935805134
vn 0.12696842946476872 0.5413423627041939 0.831160312010319
vn 0.7789679987112794 0.2955425812201319 0.5530492199338916
vn 0.1279064099014697 0.3969103580202917 0.9089015997358136
vn 0.7801639787074349 0.16132630173205662 0.6044154123587867
vn 0.8352153455684034 0.052814025121464096 0.5473810421246995
vn 0.8158078049008428 0.05535150759849535 0.5756681648914089
vn 0.34302611334836136 0.012086091456909257 0.9392481099019643
vn 0.32718549133170965 -0.011257999629841964 0.9448930689270412
vn 0.28822585855953076 0.1493620922644542 0.9458418577394457
vn 0.3604533897748536 0.013080487669601959 0.9326855068253944
vn 0.4254934238690051 0.020056249473362056 0.9047392403899002
vn 0.7693886930989281 0.013196630479218308 0.6386445708494817
vn 0.8233209161691479 0.02774169592268768 0.5668977573652305
vn 0.3582703279220202 0.09691133243770647 0.9285744804676663
vn 0.15992304141675534 0.2989654294313342 0.9407679271897788
vn 0.11260766300141806 0.09194262645705024 0.9893766055822922
vn 0.6077131123985997 -0.6445587865574378 -0.4639275198675009
vn -0.13794224560712598 -0.8154367293030504 -0.5621697940839643
vn -0.11343935757054886 -0.8444469420602415 0.5234891347478839
vn 0.10466465348654609 -0.9575026085743505 -0.268763957561008
vn -0.022131599834811843 -0.8504433246383118 0.5256009359455962
vn 0.1380877833395619 -0.9709402500810197 -0.19546558486079674
vn -0.009187282572961777 -0.8090014391636269 0.587734859668971
vn -0.011645865666685353 -0.6803328721748505 0.7328107237555901
vn -0.05175866771788907 0.1100845577531389 0.9925736398174017
vn 0.027503727973964533 0.11248693065224628 0.9932724879810024
vn -0.6422515157232113 -0.48060716196354974 0.5971011190917164
vn -0.7725130872491834 -0.23477180548638898 0.5900048553845948
vn -0.7820951871153028 -0.29299728788197515 0.5499815520405084
vn -0.8776829080317304 -0.0759554760757084 0.4731844023243768
vn -0.8685957361263814 -0.10217577612006688 0.48487272346187077
vn -0.5263412834012283 -0.5940720779173925 0.6083117783065354
vn -0.2912069455463435 -0.6297475698200535 0.7201503406729082
vn -0.5678294670450307 -0.44439098837199265 0.6928826349455728
vn -0.35683126573442175 -0.7084296500998378 0.6089325731587955
vn -0.15721373672990346 -0.7929172153568629 0.5886986755328562
vn -0.307317030317689 -0.5113800913339273 0.8025251678695321
vn -0.2705369678934762 -0.32386159859475294 0.9065999194565677
vn -0.5496140975406836 -0.24334865318130272 0.7991907011342074
vn -0.8777683471330749 -0.04695756359345734 0.4767784768554844
vn -0.7563699603856147 -0.1380298141742051 0.639415556133332
vn -0.24426286461461555 -0.09737200768236888 0.9648079317098128
vn -0.4884340510125678 -0.07772007900165262 0.8691327672636838
vn -0.7610194820218636 -0.036068984202420155 0.6477255409212918
vn -0.8923584961650776 -0.009901957800361856 0.45121864495355385
vn -0.33961607586252074 0.7352428550700154 0.5865823600179558
vn -0.1583219637987375 0.7032291880058122 0.6931110047572446
vn -0.5304773425732254 0.7103686716139168 0.46256906447138046
vn -0.5790855941584668 0.7228327190220367 0.3770579994501438
vn -0.6032712286181802 0.7283379465045383 0.3249425493884478
vn -0.6100246660814087 0.7344374163637134 0.2974417391982155
vn 0.058158291762150205 -0.9978608762600057 -0.02985439212112483
vn 0.009385373176218103 -0.9336518148043212 0.3580589385603164
vn 0.0010769734884990099 -0.9753573290096369 0.22062846796207386
vn -0.019225573960844605 -0.9934206515358911 0.1128972382650784
vn -0.13838978195647367 -0.9888869522233241 0.05432185538533021
vn -0.04407205574597452 -0.9990282682617904 0.0004160723156811969
vn -0.00955532203287196 -0.8050844675629912 0.5930832116235152
vn -0.030358163424356543 -0.8736689084668123 0.48557287845585917
vn -0.08635978206675836 -0.9563913595612781 0.27902966759452696
vn -0.19902616555711508 -0.9200376968428179 0.33751921695185794
vn -0.1890546204707546 -0.9811231867133609 0.040689592921023754
vn -0.24706698150793815 -0.9655012793074115 0.08225075260633267
vn -0.386737623878452 -0.8399433900154741 0.3806955632078759
vn -0.3728341405751565 -0.9148369811650193 0.15513865254815962
vn -0.6293178264227329 -0.6520497673013387 0.42283587159657715
vn -0.773210124965738 -0.46560589385859613 0.43053136268407377
vn -0.6945928281081907 -0.656184392702174 0.2948946352763043
vn -0.38964909281128934 -0.8328576366122556 0.3930925356808335
vn -0.8350598686343689 -0.2968796013780366 0.46318194921862926
vn 0.06747151256962869 -0.8165930918711787 0.573256763850053
vn 0.7398579668659457 -0.5408661331042464 0.4000925079601575
vn 0.7518270114545591 -0.5084826671219455 0.41976365026507356
vn 0.7459696961477826 -0.6659549685535907 0.005761274856400406
vn 0.7248802811846506 -0.6833385920557967 0.08716046441399523
vn 0.08579349385214843 -0.9347730051419538 0.3447301919915372
vn 0.7312820389488074 -0.6446890520737207 0.22271642428694483
vn 0.7294852489806063 -0.6035833581434965 0.32177383562359835
vn 0.0684043128981914 -0.9956314608287844 0.06355190150472978
vn 0.15497009877165138 -0.8859762743491121 0.43707014285715234
vn -0.1452836427259624 0.988515079363997 0.041600493101230554
vn -0.09379051661964287 0.9404185243704162 0.3268276885656864
vn -0.06254097893941223 0.977130977806888 0.2032330636571103
vn -0.03460677440931881 0.8239474265183899 0.5656085302563115
vn -0.018660740994592827 0.8836485505443538 0.46777881083520156
vn 0.0009528669783281903 0.9913658866411722 0.13112120670846558
vn 0.028857810202002534 0.9489175176120249 0.3142018006940402
vn -0.03785655381266797 0.9988238829824767 -0.030294093768195286
vn 0.04498890711752411 0.9982026359504056 -0.03959161297589337
vn -0.4905202479542094 0.0718568496568637 0.8684621347556449
vn -0.24052467487386894 0.09658534527268114 0.965825632221146
vn -0.48705551503394545 -0.7162986022953942 0.49969314346374927
vn -0.4443443044196154 -0.7160318929615873 0.5383831975384209
vn -0.763369812666372 0.036767800224857455 0.6449144578750992
vn -0.30386556024644973 -0.7400118814551646 0.6000401124935721
vn -0.15833707304194786 -0.7032260133224685 0.6931107743262229
vn -0.5579260334164037 -0.7121586987842731 0.4260851194094075
vn -0.8876594539154073 0.01584239644415755 0.46022789175527684
vn -0.6078140814139916 -0.7219227380347917 0.33074099041880983
vn -0.050751206410120396 0.3734168843063199 0.9262743360165377
vn -0.33311067249300885 0.49162390725642224 0.8045764187976083
vn -0.2969808904234062 0.6320699329264133 0.7157443332739144
vn -0.567028221993203 0.43943512347487945 0.6966891471236253
vn -0.2797782796706991 0.32665406807220254 0.9027852646318419
vn -0.5485041851000241 0.25869794585064515 0.7951217087593665
vn -0.7582979482636578 0.14260948560764536 0.6361185080422118
vn -0.8855149789040478 0.041604300418887914 0.46274431852073433
vn -0.06165647860791071 0.7216980876075416 0.6894565606253157
vn -0.057505644178398325 0.6018681844367837 0.796522309449269
vn -0.8824566543872185 0.06129833263015823 0.46638264069804247
vn -0.769190970196914 0.23222142182078567 0.5953305490356289
vn -0.8764676252933208 0.10674757951312704 0.4694778547288208
vn -0.788393941875074 0.29369555876921327 0.5405348380760691
vn -0.6460723823895933 0.48130300012769417 0.5924001171349615
vn -0.5266902580912641 0.5941625224709296 0.6079212686875988
vn -0.3533014786904895 0.7079520077677727 0.6115406935378
vn -0.15159269398154604 0.7977753848912029 0.5835872603074114
vn -0.19143955675323532 0.9198825700129648 0.3422965870359618
vn -0.19109536487705694 0.9805293094472224 0.04521985003798501
vn -0.2925367146883541 0.953752867032763 0.06912119201901326
vn -0.36248054394130574 0.8441455873038357 0.39500137050329015
vn -0.6505744348081738 0.6251443394123063 0.4312162562737824
vn -0.8130594855883652 0.37056784970252915 0.44901418870858295
vn -0.44545718148611696 0.8810535255707649 0.15909929145590193
vn -0.5851853357056329 0.7647019161077478 0.2697945558683953
vn -0.7232695000569814 0.6173163533227366 0.3095185781300408
vn 0.07035212960578371 0.6947534284947354 0.7157990300739039
vn 0.7465950303102451 0.5016511506446376 0.4369690878917584
vn 0.7507655223072183 0.5102736103709409 0.4194901346560785
vn 0.06775069897163429 0.8151075561956299 0.5753342633822909
vn 0.7394396677040063 0.5400691123481428 0.40193821877656505
vn 0.05642171241397706 0.425302940664379 0.9032906503615025
vn 0.7514016994270173 0.4280563387435947 0.5021585974168115
vn 0.7738007650296341 -0.6321762007985013 0.03981993449926288
vn 0.9955096656060575 0.09192529685475465 -0.022588614014169315
vn 0.7246180110885767 -0.6590884667582532 0.2013234486896395
vn 0.9955959947736616 0.09137603147709884 -0.02095318739809449
vn 0.6240582416987608 -0.6696837769440332 0.40258533240274075
vn -0.16702520073865135 -0.9833322936532317 -0.07183441081325567
vn -0.03978336913339269 -0.618023641259178 0.7851522542699237
vn 0.27222041046177103 -0.6917537900152161 0.6688592842501396
vn 0.8266542790642223 -0.5424474385187275 -0.14964450992028475
vn 0.060004267360752934 -0.931497238090598 -0.35876508097651705
vn 0.8045958609444273 0.08093443400867463 0.5882814954958139
vn 0.1572644223371823 -0.9793163563681812 0.12730819147526118
vn 0.9939771908916691 0.10938240550208103 -0.006695771328572958
vn 0.11858445314821851 -0.9648010411802104 0.23472681655303085
vn 0.07727519536925004 -0.9390284542758188 0.3350434393343804
vn 0.04978119183184123 -0.9182739012379966 0.39280386358200636
vn 0.4547526294279419 -0.6892478431755783 0.564036751201716
vn 0.05265474500118197 -0.8563750062936196 0.5136626581954963
vn 0.06898744729488389 -0.8151701085949206 0.5750986229935532
vn -0.042782151364787996 -0.871879020665211 0.4878490143973573
vn -0.12680104974928735 -0.9296014431416932 0.34606740772768513
vn -0.17479688164859708 -0.9670469251722008 0.18511157360067515
vn 0.10534237934705296 -0.9444416971061845 0.3113404308481179
vn 0.07911421353552335 -0.951212953886763 0.29821947886527217
vn 0.04379645477790923 -0.820628909614805 0.5697807150591381
vn -0.1885155356955404 -0.9820083032322159 0.0110265672086947
vn -0.6194757854431187 -0.7057444222023076 -0.34376527134072465
vn -0.6969231146846535 -0.6443304776878948 -0.31485934596376597
vn -0.4252429183125781 0.7305349669503239 -0.5343099498305185
vn -0.763454239004701 -0.5942590754297113 -0.2529699116795863
vn -0.8818238094963634 -0.4071336982679532 -0.23796831877369773
vn -0.9153088553484977 -0.31823901797844345 -0.24684737543012053
vn -0.9381458345236728 -0.16306170187716026 -0.3054394777149895
vn -0.8859466742409726 -0.032931813822709294 -0.46261645673247104
vn -0.4496487634936809 0.7756835450158456 -0.44286682815520834
vn -0.9321533328147598 -0.01990734279726335 -0.3615160602588601
vn -0.9295973545924335 -0.10098515800071216 -0.3544725041499277
vn -0.44337738646437935 -0.7274680851999712 -0.523647475108497
vn -0.2725926138257847 0.7414876094444289 -0.6130981910983042
vn -0.2873920712130561 -0.7627548074463001 -0.5793193429546674
vn -0.056994276765593 -0.9965295937209597 -0.06066647553885297
vn 0.05642992738616053 -0.9978260083410883 0.03404291957636797
vn -0.24775787501318064 -0.9684371874174115 0.027302919184701926
vn 0.06578077893970932 -0.9978162733204778 0.005964379172951598
vn -0.56526197537489 -0.822593271750971 0.06179974486444216
vn -0.27581523953536435 -0.7404747325136891 -0.6128810032533479
vn -0.42498779140448056 -0.7293432703869872 -0.5361378284530534
vn -0.29571601229960676 0.7330287651922007 -0.6125527483167601
vn -0.4244225630143749 0.722975247018231 -0.5451351027068766
vn -0.44965452270104134 -0.7755557661150757 -0.443084714089932
vn -0.8672944293859186 0.040426546968951795 -0.49615125421218137
vn -0.9562876142755002 0.1480963492371031 -0.2521536637170165
vn -0.9318618895555828 0.2136981595710494 -0.29320046962759955
vn -0.9210702575410756 0.30173082924333594 -0.24614647541117737
vn -0.8952077930812444 0.3907979515658453 -0.21419609767348
vn -0.8725911014436811 0.4433724698588454 -0.20495273272774536
vn -0.7054320986684939 0.6406820534458794 -0.30313703264453806
vn -0.5521227963945167 0.7219333722632363 -0.41710025619044
vn -0.049884562685125464 -0.7391156831981789 -0.6717287676258944
vn -0.3539793993387334 0.015569982013454635 -0.9351236070722898
vn -0.6542611007098224 0.05244567573168819 -0.7544480520188372
vn -0.2461449179876258 -0.7949773032352389 -0.5544580837986695
vn 0.6705084536184106 -0.707149654757515 -0.22440539076095134
vn 0.7630379860005788 -0.6151916652714883 -0.1982731623308443
vn -0.0613172526099172 -0.9980085240266409 -0.01480474594640626
vn 0.7075340305904991 -0.6521082840740084 -0.27230567639771086
vn 0.08680220325800096 -0.994277361585481 -0.062272833147138655
vn 0.5774668826472601 -0.6871601379501099 -0.44084344642746076
vn 0.08683492137704654 -0.9870061347849449 -0.13519832220233113
vn 0.35299183778762944 -0.7129015329052043 -0.6059440294587626
vn -0.20737431263904468 -0.9777141840875454 -0.03272413011081501
vn -0.3496633987615604 -0.7907686918659698 -0.5024145534626728
vn -0.18053307284309172 -0.9801587359929711 0.08183313428246593
vn -0.14642642316126067 -0.9828179289911751 0.11237535785792668
vn 0.04539856706166329 -0.8482485638335675 -0.527648883314499
vn 0.05604147479002746 -0.8069943233050784 -0.5878941360965741
vn 0.03497552144249794 -0.9240557353919786 -0.3806543192832773
vn 0.019145893892068458 -0.9473659172211429 -0.31957980792724744
vn 0.11243931879998509 -0.7165152015595065 -0.6884499731439715
vn 0.04453667016103538 -0.9486791762888157 -0.3130883349582691
vn 0.06893135454584311 -0.9646877919535277 -0.2542163102877198
vn -0.8325805718710869 -0.5532214999360894 0.027487512642608222
vn -0.07173991775294503 -0.9241829694596837 0.3751522666351385
vn -0.08728335365390294 -0.9214809793189652 0.37848965762394177
vn -0.10724190461763017 -0.8884613521704396 -0.4462461199758011
vn -0.06765782990608138 -0.8525145141297249 -0.5183063006085866
vn 0.018040283694232558 -0.8079177738760528 -0.5890190309484022
vn -0.14825912985978773 -0.94323628233037 0.2971944584086335
vn -0.16597673097199217 -0.9696331021268011 0.17962007692852
vn -0.18932817789747544 -0.9620674084320462 -0.1964208305828803
vn -0.15068820328048713 -0.9328752780190084 -0.3271647613253239
vn -0.5758443040423448 -0.6781355278362933 -0.4566569208806317
vn -0.6010482360417269 -0.7187576878717539 -0.3494687454928967
vn 0.4206763795034151 -0.7022527041864456 -0.5743452996157654
vn 0.4244435801609988 -0.6954330533882209 -0.5798452513518149
vn -0.537236997231707 -0.6468092714960164 -0.5413078376600984
vn -0.5583872588007407 -0.6206128373361123 -0.5504937559524312
vn 0.5038137839758982 -0.6409512605500544 -0.5790968422251871
vn 0.48649408367515157 -0.6553699538332444 -0.5777661552580644
vn 0.5518155746253107 -0.6315513070893336 -0.5446489861504312
vn 0.5573488339031651 -0.5908813947239828 -0.5832850544252121
vn 0.5941772105760843 -0.5565921790324233 -0.5806535874959892
vn 0.621524496919729 -0.5209027052888776 -0.5851219286195026
vn 0.6413715215653223 -0.4965057371241901 -0.5849142025355071
vn 0.6767650597468226 -0.4448262960386976 -0.5866162461595933
vn 0.7602356905491997 -0.27656300903829667 -0.5878389208336449
vn 0.7408010285291071 -0.3186963055884638 -0.5913091415955627
vn 0.7234777363813573 -0.36311206385335587 -0.5871367762665387
vn 0.7103465456310849 -0.3876969469456944 -0.5874511574922399
vn 0.68483694948772 -0.4544533671084171 -0.5696231120137034
vn 0.8034235197635627 -0.0937642376580523 -0.5879786693640613
vn 0.7932244010508407 -0.12598300192179634 -0.5957544232352014
vn 0.7871619872735826 -0.1864086077401551 -0.5879012134295023
vn 0.7802800057254775 -0.19835542182530613 -0.593142680387741
vn 0.7684493878654871 -0.26808627049761724 -0.5810467191713903
vn 0.7235788357193642 0.3638713882422007 -0.5865417984404032
vn 0.7406977074801864 0.31942683269982314 -0.591044333942011
vn 0.7606138865807023 0.27632316604650603 -0.5874623591742995
vn 0.7734652812963633 0.26507292331951887 -0.5757497754684601
vn 0.7879398573650923 0.1862814723740393 -0.5868986234654481
vn 0.7803560498341414 0.20104330175133772 -0.592136830731019
vn 0.8039950279985776 0.09423831181471987 -0.5871210569719655
vn 0.7974093691413238 0.10282565188006527 -0.5946134738812058
vn 0.8090982902389758 0.00020981185859092667 -0.5876733044059003
vn 0.8036506705752529 0.0018087222352272852 -0.5950985869650695
vn 0.8027336810059366 -0.07273332051472543 -0.5918855476065973
vn 0.6213840405781547 0.5217919527282759 -0.5844784274742557
vn 0.6409810189712728 0.4975985451808729 -0.5844133991896726
vn 0.6775783443609262 0.4445189329140932 -0.5859099807427947
vn 0.6981701819497866 0.45353204062058206 -0.5539558512794434
vn 0.7091261731361594 0.39327288616143086 -0.5852149242658835
vn 0.4144169853626653 0.7026881950839918 -0.5783492567061208
vn 0.42890237193758957 0.6914200272485639 -0.5813614205173102
vn 0.48641866538252154 0.651301728983123 -0.5824113149579782
vn 0.4997365489270759 0.6442381291326187 -0.5789823957929632
vn 0.558629575804283 0.5895655145684793 -0.5833913789801244
vn 0.5538682185297432 0.6115012655127847 -0.5650630042561192
vn 0.5937649939409824 0.5562821028873647 -0.5813719583687165
vn -0.5480000026574338 0.6467121868194795 -0.5305274210694667
vn 0.37570316079016947 0.7156857712397268 -0.5887622710545181
vn -0.5836992694902258 0.6569067836615136 -0.4772511292559316
vn -0.6077648489370329 0.716583233979382 -0.3422431258275265
vn -0.6134899200613366 0.7459223568192698 -0.2592873995787699
vn 0.6117571991831423 -0.7910381069097139 0.003441317232339802
vn 0.5691277536305764 -0.8201634970590295 0.05852724271069809
vn 0.3974768626336039 -0.674952499103292 -0.621652047069072
vn 0.6179534515601318 -0.7738597047757632 0.1388333138309693
vn 0.4734910650456593 -0.49424186440391604 -0.7290618566297842
vn -0.6004483871582831 -0.7715248885209146 -0.21026431164562095
vn -0.457579457748329 -0.8475063816247621 0.26898693825546294
vn -0.6013795871911661 0.7819002449340886 -0.16423945653159913
vn 0.6047338692178604 0.7563108393175512 -0.24958137300603372
vn -0.5176704189308111 0.8228278414226938 0.23446040335986124
vn 0.6154987756275832 0.7881330507796439 -0.0027479937622141093
vn 0.5743414144564207 0.8173003514845659 -0.046390463496312574
vn 0.4857264376320601 0.8073380177983283 -0.33507484656824754
vn 0.6155790613868688 0.7775156388655925 -0.12857624392356087
vn 0.6036820388537953 -0.7651629081132086 -0.22381626396011103
vn 0.48900944262431184 -0.8013156324405056 -0.3446201129225231
vn 0.5679938755591633 -0.7511595447293618 -0.3363663117633215
vn 0.6501652719000178 -0.6804359094137529 -0.3380711351113178
vn 0.7237025703466282 -0.6007652871648764 -0.33961104135670706
vn 0.7876415270536417 -0.513203570388181 -0.34094415994621624
vn 0.8411419561946709 -0.41889731587662227 -0.3420602991876785
vn 0.8835017843038417 -0.3190864862529085 -0.34294082787370234
vn 0.9141624555200032 -0.2150813115121064 -0.3435797350774202
vn 0.9327208593300192 -0.10825257583872512 -0.3439668274629858
vn 0.9389340327552167 -3.618252139624788e-07 -0.34409719867196636
vn 0.9327208439186864 0.10825251666608825 -0.3439668878759577
vn 0.9141634374099081 0.21508196453321804 -0.3435767137560875
vn 0.8835020001345596 0.3190875311492274 -0.3429392996192237
vn 0.8411438252633598 0.41889717882248045 -0.34205587086891115
vn 0.7876429238804856 0.5132030837445368 -0.3409416655325327
vn 0.723702288760421 0.600766488279404 -0.33960951665605743
vn 0.6501653214040037 0.6804349921696151 -0.33807288603903796
vn 0.5679941377972154 0.7511618317711627 -0.336360761561436
vn 0.6130749374374685 -0.7839911862129129 -0.0974522499817919
vn 0.5311131843632749 -0.8461075630268234 0.04495305533900823
vn 0.6079668469143238 -0.7934239090493119 0.029237195521526663
vn 0.6947608916694182 -0.7187175341896014 0.027430083031845274
vn 0.772436978548017 -0.6345668505846429 0.025807485555506254
vn 0.8399730062687129 -0.5420791165728184 0.024404510147381774
vn 0.8964845514135782 -0.44246602393477724 0.023222117477627195
vn 0.9412267449623555 -0.33703917534224104 0.022289209321802703
vn 0.9736118447834832 -0.22718393693341551 0.02162023350328357
vn 0.9932149945102953 -0.11434238209034761 0.021208355377520763
vn 0.9997779831992093 2.0002070247850367e-07 0.021070935197129114
vn 0.9932149133601686 0.11434308742720656 0.02120835299043989
vn 0.9736118916372969 0.22718395047516812 0.021617981148589056
vn 0.941226712759151 0.3370389845047666 0.02229345447879135
vn 0.8964845570244704 0.4424659467648506 0.023223371204968306
vn 0.8399734645556592 0.5420785417488718 0.02440150441631513
vn 0.7724370090407965 0.6345665874556328 0.025813042227164067
vn 0.6947604705390847 0.7187179626863986 0.027429522201854448
vn 0.6079663839739903 0.7934242785633948 0.029236794347997214
vn 0.5241708578603969 0.8513190650208808 0.022377696527327247
vn 0.617445159394788 0.7788477816238609 0.11026154451818436
vn 0.4692204037241686 -0.6298261301736107 -0.6189921311934931
vn 0.538119416291816 -0.57052072502429 -0.6204301702266852
vn 0.5997790219569575 -0.5037245061746219 -0.6217127525630215
vn 0.6533893589112852 -0.4303064150303588 -0.6228312250082041
vn 0.6982475827424669 -0.35123154022372854 -0.623768160734715
vn 0.7337667597288142 -0.26754563576479057 -0.6245043435399713
vn 0.7594745008395325 -0.1803403803003019 -0.6250406625233957
vn 0.775036054237784 -0.0907652971631171 -0.6253645140735267
vn 0.7802449363415475 5.91103859804431e-07 -0.6254740916401135
vn 0.7750361717421184 0.09076475675216379 -0.6253644468812107
vn 0.759474316235236 0.18033934750352407 -0.6250411848198679
vn 0.7337655240806592 0.2675440946407332 -0.6245064556059495
vn 0.6982478950896984 0.3512331124276598 -0.6237669258121854
vn 0.6533918871767944 0.4303064186098945 -0.6228285702138858
vn 0.5997812707890873 0.5037244812097659 -0.6217106032878799
vn 0.5381179871065451 0.5705229749508806 -0.6204293408645314
vn 0.4692204807105038 0.6298253707568392 -0.6189928455425101
vn 0.39665903967899474 0.6796748095935833 -0.6170119605363126
vn 0.46688052100376587 0.49731288379418076 -0.7312335295372934
vn -0.47964227402965054 -0.7341662807573032 -0.4805654598102677
vn -0.9379900677822189 0.09200861613239184 -0.3342290341955802
vn -0.9846102179318669 -0.17453931621452107 0.008873885255565239
vn -0.8147804547679103 -0.3077091115251608 0.49137349665259067
vn -0.6660925948220352 -0.5507209093035347 -0.5030180266940101
vn -0.7866103201271966 -0.375370151009867 0.4902463197212386
vn -0.7148541153603449 -0.4967796877036429 0.4921316243013138
vn -0.8902525977215602 0.3384605557040836 0.30478642437368636
vn -0.8754470585359279 -0.02013415338602494 0.48289446421368265
vn -0.7407372212375082 -0.4312951395700098 -0.515065890597136
vn -0.878418951909104 -0.10869523009961643 0.46536597628157417
vn -0.8496953440938342 -0.2375673356466961 0.4707224057329234
vn 0.1794358988820039 -0.9804055694479757 -0.08128762259900006
vn 0.21824820709570839 -0.9757130721595481 -0.018754223963821
vn -0.6982101500603083 -0.7151496836498569 -0.03261159806374488
vn 0.19334196122524422 -0.9743908361995466 -0.11481021017280976
vn -0.6939161380916841 -0.6838343135636757 -0.22550171815048192
vn 0.23257789347703778 -0.9459715394317335 -0.22593222446331085
vn -0.780180583400887 -0.0240844126171216 -0.6250905521227624
vn -0.6429807854975359 0.03646715323865843 -0.7650136313920425
vn 0.2947232194472713 -0.9034634094692442 -0.3112749454563353
vn -0.6296084677161352 0.07141255570470768 -0.7736235675494009
vn 0.27199819499684846 -0.8699859904967523 -0.4112679883699209
vn -0.6176366585349461 0.11371821634710941 -0.7781986412893679
vn 0.003957273000254361 -0.783687159379439 -0.6211431205561141
vn -0.6234136776239793 0.1419396561002173 -0.7689008522413648
vn -0.9966040712644795 -0.013181971078446817 -0.08128075281117435
vn -0.8715514735417451 0.012680428037200193 0.4901400164361261
vn -0.943992342590841 0.3277780413239336 0.03794749999278076
vn -0.9403634209248672 0.25461886481962354 0.22557896680419287
vn -0.9424665165395842 0.3129201994302374 0.11763423817189271
vn -0.9280274489795698 0.18665623785825103 0.32237323525546646
vn -0.8955431676260065 0.09061545679735723 0.4356504033141535
vn -0.9899830396710089 0.14093393818014505 0.008438378563708935
vn -0.9318625376342313 -0.12318614068241314 -0.3412585320510882
vn -0.49291779233163846 0.7387111031526087 -0.4597150814166963
vn -0.7265586470455212 0.4973271748214202 0.47410780797992175
vn -0.869696227407475 -0.3600745758466484 0.33760149860754746
vn -0.6707278828464067 0.547537729742428 -0.5003264351209966
vn -0.8479925747150396 0.27888611218219284 0.4507007096289723
vn -0.7344249480314583 0.4341132873898747 -0.5216949773771508
vn -0.8864104578639584 0.064925286377197 0.458324347354847
vn -0.895908622763179 -0.08847012230724156 0.4353398409490287
vn -0.8689292542528999 -0.0143209300946951 0.49472907946139777
vn -0.9489421102348515 -0.314198890347511 0.028070068176256083
vn -0.996259233539466 0.029405455171094143 -0.0812579767994283
vn -0.8243623928027338 -0.5659960726138352 -0.008665513156478108
vn -0.9459260921219869 -0.3080327906807514 0.10168396190282197
vn -0.9414904171709922 -0.2602800634495301 0.21412632473822385
vn -0.9283516379240995 -0.17868352618379738 0.32593777601586177
vn -0.7458873108509817 0.26486612028644346 0.6111448746703995
vn -0.8009740893419446 0.4912969266452446 0.34215177636800276
vn -0.6460065074443837 0.07041338980061468 0.7600773295371308
vn -0.7592941297852412 0.3019183117602995 0.5764700837836114
vn -0.6923704129595168 0.0818000056351057 0.716890486989725
vn -0.7450205333322043 0.5858596370434592 0.31892458449718847
vn -0.7714745578588488 0.3179782956501645 0.5511050807894173
vn -0.7276679118858427 0.08058837529067926 0.6811790688062178
vn -0.7679676603660378 0.5521795753629685 0.3245356516376676
vn -0.7671620979577779 0.6332129710537606 0.10248731017199042
vn -0.7035003532943294 0.703585205817965 0.10027517673305597
vn -0.6391114567109073 0.7635636845171955 0.092233646720634
vn -0.9853813705516211 0.00818204594564121 0.17016641470616956
vn -0.9976135133127972 0.06828261558219019 0.010235353679874616
vn -0.0013286244978319899 0.7981892426090703 0.6024053184859033
vn -0.9980084883445461 0.0629501029993246 0.0040424899020876075
vn -0.0038134270079078257 0.7887919023029065 -0.6146485114566025
vn -0.6278561598226237 -0.1128156494397287 -0.7701099089183832
vn 0.2734419547718185 0.8640646630081422 -0.4226366708074351
vn -0.698147243575545 0.71520290723596 -0.03279066588374683
vn 0.21988083759549676 0.9753628739370566 -0.017879636560857087
vn 0.17782907357478653 0.9805765714890221 -0.08274302410697909
vn -0.693878109148836 0.6839286322598657 -0.22533263327619774
vn -0.6103140488356555 -0.11851404545881924 -0.7832440123121364
vn -0.6278286133448362 -0.07430685757594563 -0.7747965689022432
vn 0.29471891698068536 0.9021841469078191 -0.314967498389822
vn -0.79601535904735 0.05283469342948181 -0.6029660382898285
vn 0.2354183788271645 0.9477896016712033 -0.2151117334650326
vn 0.19259396550846936 0.9745852701537063 -0.11441641337303633
vn -0.6984272242246479 -0.3024760411708375 -0.6486198092715573
vn -0.7361441885571248 -0.1866428477480016 -0.6505814176858179
vn -0.47468503404726514 -0.11892051947512272 -0.8720848745961104
vn -0.606224730973776 -0.7535327243904919 -0.2543226471009132
vn -0.6094166756514222 -0.7877403383294826 0.08986920944640232
vn -0.05638530206292121 0.851839303446841 -0.5207595403009666
vn 0.017927528693936122 0.8071237495083332 -0.5901100377849352
vn -0.2751076122224731 0.38678992619927877 -0.8801757521586276
vn -0.08158185618773792 0.8796632232663606 -0.4685477717091402
vn -0.2060517431632723 0.9628397222199037 -0.1745919484251091
vn -0.16433678314731634 0.9346307947387816 -0.31537073299649343
vn -0.4741711774359688 0.586977271784837 -0.6562159529430968
vn -0.10492852524268265 0.9054995420578161 -0.41116977506071745
vn -0.27837551142395983 -0.39130224047803797 -0.8771485799089664
vn -0.475080622353273 -0.5833437846849229 -0.6587931626344473
vn -0.7085887614476819 -0.6574253378966616 -0.2563081977649177
vn -0.6580086946930519 -0.7521353248365541 0.03629064399204626
vn -0.7367331060601194 -0.6701058869773802 0.09045678898384434
vn -0.8066482585882336 -0.5364365925015929 -0.2481015299063068
vn -0.8281676882586955 -0.5527963085527295 0.09249065560759907
vn -0.8802016967354984 -0.4012253026976853 -0.25350193202242216
vn -0.9663694184997863 -0.23932169109379223 0.0941024715955574
vn -0.9393431378070258 -0.23477378395773504 -0.25003147766034883
vn -0.9376490864479488 -0.3396146035258451 0.07400075509959247
vn -0.8981563170265277 -0.4283071349257396 0.09933895689530928
vn -0.9857469184881462 -0.1509855804709524 0.07420489997954101
vn -0.9649336781648266 -0.07554676304253836 -0.2513875162713806
vn -0.9939993645587676 -0.053383779566734214 0.09547478900702938
vn -0.9648988625631792 0.07367320413579136 -0.2520762662700493
vn -0.9939995661823144 0.05338403682231671 0.09547254601153246
vn -0.9858014146411431 0.14639018587334854 0.08225256452833116
vn -0.9374224997352472 0.24449917555932107 -0.2479096814183198
vn -0.9638676006571859 0.2495502443943474 0.09318757388236283
vn -0.881073922128283 0.39961075616096864 -0.2530217131116286
vn -0.943883837852029 0.32670284603517996 0.04846185132904058
vn -0.8984735736484313 0.4289146083258629 0.09368829286569653
vn -0.806647051954858 0.5364363643205025 -0.24810594633570923
vn -0.8258425604972985 0.5564172954966631 0.09156341269003028
vn -0.7097046035916077 0.6560659020571387 -0.25670393023643395
vn -0.17448788872225765 0.9799698930476606 0.09598429772314605
vn -0.20482415878275204 0.9787958751232334 0.002387220283446165
vn -0.6008568079613762 0.7936804507171563 0.09509173715879517
vn -0.5951390035023875 0.7594063961148858 -0.2628906465623807
vn -0.6681517388763295 0.7410120261614138 0.06689118716762013
vn -0.7359766139353188 0.670303983923646 0.09503153622030686
vn -0.6334347342953833 -0.41916558396655895 -0.6504311267198942
vn -0.5553693974748082 -0.5132155290802546 -0.6543505582326211
vn -0.5553716297831409 0.5132162025873334 -0.6543481353483442
vn -0.6337729166455491 0.4150843509049679 -0.6527150004101295
vn -0.6978593055368855 0.30326567536193383 -0.6488623273259486
vn -0.7361429633866596 0.18664307719879852 -0.6505827381586989
vn -0.7572129224121629 0.06280846723335111 -0.6501412820117093
vn -0.7589686185393313 -0.06592796379363249 -0.6477809349328864
vn -0.44956663743902203 -0.1828070455044691 -0.8743405644345329
vn -0.44120427351736635 -0.2312379525937593 -0.8671031070814238
vn -0.404861570560331 -0.2684288121909239 -0.8740898589213766
vn -0.35945184966553506 -0.3249191425726295 -0.8747696374257014
vn -0.3074848663212522 -0.367688209294479 -0.8776436849480667
vn -0.4863487636414274 -0.048521318047183286 -0.8724165070649565
vn -0.451603995461329 0.18333991348040782 -0.873178279281133
vn -0.4755359523626669 0.11734800073109469 -0.8718342759578487
vn -0.4885821700194377 0.04292389086072646 -0.8714614178106073
vn -0.5238692877203037 0.01079649329403308 -0.8517302419874344
vn -0.30935334657563673 0.36957756926620494 -0.8761922889741368
vn -0.36162157142652934 0.3245239128629397 -0.8740217783666118
vn -0.4093602092589521 0.26515961920114334 -0.8729917499155257
vn -0.45253254902126006 0.24940033523617616 -0.8561622304565905
vn -0.15229649709400384 0.9821566251358397 0.11033648841010742
vn -0.54886596536187 -0.7695582557000519 0.32638358284582264
vn -0.9357040561264212 0.11448485624933845 0.33369317799159703
vn -0.9428662086602563 -1.1146275676607476e-06 0.33317159627644105
vn -0.9355228889157402 -0.11367439726578145 0.3344772873021563
vn -0.9163132142763353 -0.22259051125965973 0.3329017236959489
vn -0.8828905238857909 -0.3316647470167625 0.3324196420474884
vn -0.837878433798815 -0.43891207361276274 0.3245241467314715
vn -0.7849173262192384 -0.5283265803139926 0.3236909259379447
vn -0.7133401843588336 -0.6193793858449462 0.32789473580593287
vn -0.6344144684145874 -0.7013146033591602 0.3250786203081035
vn -0.15935017047032116 0.9726095283181732 0.1692283327217411
vn -0.5507815209989355 0.7704897852955587 0.3209130830634723
vn -0.637449322424064 0.6991446234879706 0.32381345986380133
vn -0.714821802052689 0.6209098375250102 0.32171534774519517
vn -0.7822944396862407 0.5322463863794149 0.32361890213960814
vn -0.8371936542661946 0.43563173549654377 0.3306535593104734
vn -0.8832719113644422 0.3295629720385199 0.3334950945002684
vn -0.9168717236996482 0.22250336398989282 0.33141891209346686
vn 0.27179985196026674 0.6914462321299505 0.6693481519715072
vn 0.28282152582157616 -0.684802401041195 0.6716082608635556
vn -0.038365987690301535 0.6190922188401101 0.7843805680664054
vn 0.2669058485439157 -0.6682423051607712 0.694415934153639
vn -0.468999629128558 0.6151932922581727 0.6337006872631793
vn 0.30563627692679274 -0.646491255944778 0.6990246935647356
vn 0.30612394180148816 -0.6364759478863715 0.7079452662586733
vn 0.2707320550311711 -0.6482016813924881 0.7117153466228969
vn 0.20398939793591822 -0.6743423104160297 0.7096835730891006
vn -0.5221496781217589 0.6056034204395868 0.6005032979003666
vn 0.14019506446077215 -0.6854524857732381 0.7144929906221116
vn -0.5816450418330322 0.5676803414629016 0.5826045616261631
vn -0.6914802006244116 0.5111990837890275 0.5104220105732927
vn 0.032809452199524684 -0.7134568298307673 0.6999306335732126
vn -0.7759682119338079 0.4592809098740115 0.43235908674798207
vn -0.06312645619991006 -0.7482202779238992 0.6604403578152412
vn -0.8404494250921947 0.4229379354771643 0.3387746545958144
vn -0.18073127261979013 -0.7936445723657267 0.5809169474646563
vn -0.23527716781632663 -0.8369213806196311 0.4941733066101999
vn -0.870467701215729 0.40186211422645307 0.2842407822421856
vn -0.2942505878916309 -0.8675056935303618 0.40106167009306165
vn -0.8887040182175351 0.3895496918864667 0.241777181626319
vn -0.9229230812331336 0.3386384545541844 0.18313105477851732
vn -0.9380691468214718 0.31173349640385534 0.15115721286615214
vn -0.36094781100827183 -0.897425903720605 0.2536600580690471
vn -0.9451602150816946 0.32171849690953463 0.05629721638762086
vn -0.3892131394697892 -0.9184117386669539 0.07094371249669187
vn -0.9479455840849271 0.31837758663136456 0.0059060938592632025
vn 0.30596996689345773 0.6365121175793064 0.7079793101030029
vn 0.31239307031576025 0.6398031187515432 0.7021841203377439
vn -0.46697965916669776 -0.617403492016679 0.6330425941199891
vn 0.27089361110643234 0.6482778032096717 0.7115845285890912
vn 0.2045965473506764 0.6747413923749086 0.7091292591820988
vn -0.5460817446921282 -0.5928925653456597 0.591838773714467
vn 0.14086692676360915 0.6840097668678373 0.7157423752814853
vn -0.8692310974091711 -0.396588075047447 0.29522059214595586
vn -0.07518162714336735 0.7435910187439415 0.6643945512896859
vn -0.8083142373803357 -0.4317088137226495 0.40031936476072366
vn 0.0293404017908614 0.7071102587022102 0.706494319057729
vn -0.6978142685978463 -0.44476709177355334 0.5614601327044944
vn -0.6372855627902425 -0.5249575256966111 0.5641690417539903
vn -0.9528686305822334 -0.3031484435373598 0.011932897100680679
vn -0.9548826496616301 -0.2968724451033021 -0.008116447102746787
vn -0.39057578275789656 0.9176280127529767 0.0735485427053411
vn -0.9436940498321025 -0.32625304890345336 0.054776713963929226
vn -0.3606930330169926 0.9017271923836057 0.23830360141840573
vn -0.9273444510624176 -0.3416333795380232 0.15270528173305783
vn -0.30220885483133214 0.8739982445948912 0.3805218476074452
vn -0.909670660818562 -0.3518879299436945 0.22062224186573456
vn -0.23554662211820232 0.8285644534669233 0.5079357589890314
vn -0.1672923129176946 0.8028791814123262 0.5721872963403863
vn -0.947557866730967 0.07450613445468232 -0.3107779353893707
vn -0.9416898126977967 0.1306507948025477 -0.31008170935843815
vn -0.6144797785631134 -0.05977082841227056 0.7866651446504658
vn -0.9575686068900265 0.2878514487176684 0.014279585772472434
vn -0.39473007509079033 -0.9159028942938655 0.07287013134981418
vn -0.3548339956444198 -0.8797412320519015 0.31646200429564686
vn -0.36749980623293943 -0.7558896986296091 0.5418253001885301
vn -0.9801677030125638 0.18766711780520492 -0.06365788926568211
vn -0.9373363436118013 -0.14216795545160035 -0.31810195124703505
vn -0.9447071506784934 -0.09890768024513352 -0.31264303965616924
vn -0.6148438522945737 0.0557258079032064 0.7866776160722405
vn -0.35505083984647057 0.7994643078039865 0.48455724292575436
vn -0.35812330848691687 0.8967780545980065 0.25987846526751596
vn -0.9779139369256723 -0.19661018088655347 -0.07091381204172478
vn -0.40306589222471245 0.9137524523320898 0.050934687416223964
vn -0.947052515959384 -0.3209379673666086 0.009505425692232535
vn -0.9484154562661183 -0.053976630817223335 -0.3124014174762201
vn -0.9506941733947765 -0.012900733763326094 -0.30986151703880643
vn -0.9495302235580579 0.033057724654095254 -0.3119287440914648
vn -0.4076896001297712 -0.6177854944754749 0.6724063301023572
vn -0.4226969609051109 -0.5318699660041029 0.7337858124169325
vn -0.3955903908435802 -0.4905618033335229 0.7764388963610628
vn -0.39094978774165884 -0.44966293422432 0.8030949564338745
vn -0.43766942498078143 0.33035046150649494 0.8362499907440587
vn -0.39436724111242616 0.46838099091616875 0.790628690654318
vn -0.9310372453390197 -0.1809335348523592 -0.3169111922248257
vn -0.4227044192060836 0.5318704902258414 0.7337811360416474
vn -0.39705705876692104 0.6422132280187668 0.6556735939788009
vn -0.45117216792117065 -0.3059576924492028 0.8383516954861306
vn -0.5510717768075102 -0.14545543628625526 0.8216827933338927
vn -0.5673208494030918 0.09265153677482126 0.8182681385498388
vn 0.9760730829291207 0.2170804227481669 0.012546985323938541
vn 0.7504390727333636 0.6484776637508134 0.12774160532644216
vn 0.6959752007393194 0.6640452971362781 0.2732441459703314
vn 0.6485906062490806 0.6708814950556935 0.35951111954609605
vn 0.5830110295807382 0.6733618691014973 0.4546228465743287
vn 0.5176769018565763 0.6781508145223639 0.5216532354417357
vn 0.43364215715904425 0.6806386049724863 0.5904960363588894
vn 0.3563935397505595 0.6841659115524067 0.6363180417792119
vn 0.2883637631244667 0.6836598482253733 0.6704144628818476
vn 0.2831286482307523 0.6580084220584155 0.6977557488485647
vn 0.6396457628902125 -0.5751436495796329 -0.5099638029947011
vn 0.7587312911093967 0.6512755939255711 -0.012920087010627022
vn 0.7266616758954176 0.6762979159141511 0.12076397523698265
vn 0.7257727734271822 0.6179187996842387 0.3023743348047354
vn 0.7739277125322246 0.6320296851038695 0.039678368441027144
vn 0.8264915776790877 0.5426386571193283 -0.14984979087494465
vn 0.640657321667465 0.5733807211211163 -0.5106787099933764
vn 0.8913429100571768 -0.4533162641397466 0.003490180108096057
vn -0.998413487636551 0.002515269029290497 -0.05625105445348235
vn -0.9940965661197432 0.009767210455691445 -0.10805840471175468
vn -0.9796928654297572 0.17825920933301742 -0.09179076050452492
vn -0.8694543374797278 0.4939111263592176 -0.01004760151761998
vn -0.16466648520471294 0.9843556488358601 -0.06268098001195527
vn -0.5550838346109856 0.8278156210399301 -0.08126028621558605
vn -0.6289392347557295 0.7772090552801346 -0.01953262336293117
vn -0.6949044129108873 0.716016390104134 -0.06654611949031562
vn -0.7582906395668051 0.6515304604267118 -0.022435799105956195
vn -0.8127391622468827 0.5770402910246972 -0.08049569357653853
vn -0.8401136908194989 0.5370650649903447 -0.07596119051565871
vn -0.8734688648218888 0.48347031174047794 -0.05752042986909892
vn -0.8596496325242772 0.5019594022248187 -0.09507506412818204
vn -0.9149328610204348 0.39907538756482525 -0.060305015255337914
vn -0.9309943939639803 0.3529702451138729 -0.09306688171360124
vn -0.9486277929732896 0.3116062604882893 -0.05483474102364391
vn -0.9723832561184537 0.2258636220119349 -0.058791389438619966
vn -0.9891555639036883 0.13564889157907223 -0.05630851278221895
vn -0.9982942521012695 0.0048665992374198825 -0.05817991434704032
vn -0.9481695740846776 0.00075120376331894 -0.31776389737191224
vn -0.9999939388525164 0.003409329262203823 -0.0007062097503777317
vn -0.9467330000641621 0.09865982758679621 -0.30653362786169924
vn -0.9823462817248864 0.18702950708580976 -0.003968155809561944
vn -0.9263738944975745 0.19929726926539998 -0.31954969262503025
vn -0.9346536965360623 0.35536058042116797 -0.011888037441265452
vn -0.8879294078842586 0.332792968249779 -0.3175377251568881
vn -0.8150231513446321 0.4685159520589942 -0.34092530771199575
vn -0.9723530075825 -0.18648504841603403 -0.1405452075402649
vn -0.863757527051622 -0.4991346368288757 -0.06919211500866708
vn -0.8175889684704833 -0.4661438611726885 -0.33802097468409875
vn -0.9327837487169611 -0.3543601756654447 -0.06590405171071355
vn -0.8842950898708701 -0.3327311778544591 -0.3275853435577575
vn -0.9814966936142258 -0.18014892809189734 -0.06488916806126695
vn -0.9287545850812906 -0.18236085105055047 -0.32273741756201546
vn -0.9897766454325806 -0.12755048468000976 -0.06382057672978543
vn -0.973920146483279 -0.22222017475996886 -0.0458011157466443
vn -0.9507703237819 -0.30278338335528737 -0.06601525717276381
vn -0.9257340668764542 -0.3522968109141553 -0.13748961576823385
vn -0.9182610621862329 -0.39277996797776 -0.0502047649929875
vn -0.8804635498219486 -0.4691682870487386 -0.06830121421091806
vn -0.8500588941928637 -0.5073765432989384 -0.14131142810695108
vn -0.8519648666738733 -0.5195081931787803 -0.06532306769808334
vn -0.8163787748343028 -0.5730865745967387 -0.0713965966767293
vn -0.7491534400159179 -0.6463457819191358 -0.14493534250712528
vn -0.7731734286790688 -0.633690227111294 -0.025289231864367104
vn -0.6994098872740931 -0.7113812803104067 -0.06901074993917164
vn -0.642024485685438 -0.7664521563199517 -0.018858734126266676
vn -0.5624164286463569 -0.8232408901259062 -0.07721526800693691
vn -0.9579680391822737 -0.11863038599697935 -0.2611973725432117
vn 0.05876015448198664 0.9312068506330419 -0.35972356828451557
vn 0.6587948024521469 0.5062247617626351 0.55653023173984
vn 0.7048621289173429 0.46228174317169357 0.5380194877030493
vn 0.740022308340384 0.3861596681836648 0.5506793021594798
vn 0.6361393230666033 0.31662864970891424 0.7036142834194551
vn 0.7786114012035484 0.31745667006253236 0.541281394977377
vn 0.6626048941359647 0.24675919392980783 0.7071524973286728
vn 0.7954408861846749 0.24849261458191205 0.5527433555312848
vn 0.6883517270772571 0.1663425816088221 0.7060467727944586
vn 0.816435446355756 0.16698857835288672 0.5527639429571716
vn 0.8513680772207721 0.08588343417250424 0.5174905147190068
vn 0.7034622693743813 0.08388397279372418 0.7057650562864295
vn 0.8358817666883741 -0.006730413795329495 0.5488682662060779
vn 0.7085539297776041 2.512032800733503e-06 0.7056566648097385
vn 0.8715804291597907 -0.07349214918172084 0.4847127598013969
vn 0.7026385081980098 -0.0826288378537538 0.7067330485779009
vn 0.8168835364809991 -0.170956552125949 0.550885782273879
vn 0.6877672097723946 -0.1675705461379374 0.7063259709432526
vn 0.7937539849178495 -0.2534752303140564 0.5529058862449111
vn 0.663262227058844 -0.24726619750840553 0.706358723119264
vn 0.7736879331613271 -0.3138890604130261 0.5503459274252708
vn 0.7374149269281114 -0.39162146230411543 0.5503197759543033
vn 0.6364804262566619 -0.3174023401845725 0.7029569129310096
vn 0.7126339131103507 -0.45963046959222104 0.5299931483589797
vn 0.6592178394052429 -0.5051072593917783 0.5570444297536868
vn 0.42360475623154414 0.19029893666010117 0.8856327259107181
vn 0.4206702786846988 0.1522084603335008 0.8943540133717983
vn 0.43559821238167223 0.10309764545538805 0.8942175758010166
vn 0.44500287238436403 0.05193085847146832 0.8940221638796668
vn 0.4481613458137546 1.667947666519909e-06 0.8939526878507733
vn 0.44501016940735255 -0.051924369797881724 0.8940189086060385
vn 0.4356027062995659 -0.10309173073025042 0.894216068587193
vn 0.42066863656847125 -0.15220129899051807 0.8943560045044827
vn 0.41908034801723043 -0.1843687275957056 0.8890330894800808
vn 0.12612906002416419 0.03915586074758582 0.9912407774030165
vn 0.13040537664879165 0.027133589925299316 0.9910894036558217
vn 0.13288123717315717 0.013670484353354894 0.9910376857944786
vn 0.13370526883371628 1.065924534709693e-06 0.9910211405842801
vn 0.1328738464476503 -0.013665556587758872 0.9910387446983863
vn 0.13039136100927046 -0.027131854034109688 0.9910912952250271
vn 0.12612750799497568 -0.03915336667959146 0.991241073404765
vn -0.6998915252582476 -0.6894530790996918 0.18656447837580936
vn -0.31211077365550455 -0.3655040993827227 0.8769228120550788
vn -0.33676189688035263 -0.31099686785738884 0.8887476430305966
vn -0.48121835121514533 -0.4728774955322918 0.7381163679751889
vn -0.572921932800746 -0.7983529395042811 0.18545361387886497
vn -0.22942811027735724 -0.4259916358975552 0.8751536255766104
vn -0.5096178914349051 -0.7118332050927388 0.48330434806324707
vn -0.3885643948852722 -0.5514229952997809 0.7382075529836174
vn -0.26452533269514333 -0.3875417209323591 0.8830842331846431
vn -0.45609715035206083 -0.07281066856919806 0.8869464448224798
vn -0.461944130170497 0.00411395472524271 0.8868994847092546
vn -0.6667063564649648 0.004067366913195404 0.745309392652209
vn -0.6308223698400215 -0.23809963848736693 0.7384928570146121
vn -0.4274579919370989 -0.1678454386413649 0.8883172709434344
vn -0.47276756075745596 -0.1310309297329205 0.8713906867466347
vn -0.402290384793218 -0.22948953940748004 0.8862826849292877
vn -0.36594240446605963 -0.26380694438181235 0.8924640344067263
vn -0.5846845642804812 -0.3252813972395944 0.7431930926091825
vn -0.5417868481151323 -0.3921530474114981 0.7434265253643739
vn -0.6619688891029506 -0.11047678329856925 0.7413447714874682
vn -0.8715414220350568 0.004957781642428566 0.49029681834404854
vn -0.8591718036226764 -0.1474279212356906 0.4899885916017637
vn -0.9830040392038878 0.005188220944933105 0.18351060261540217
vn -0.9688842086084506 -0.15691946562777864 0.19141492004613592
vn -0.8195259869734794 -0.2989356428146387 0.4888912334355598
vn -0.7650577078933645 -0.418890345791124 0.4890987444227845
vn -0.9244066388947718 -0.33012797222688584 0.1910180303548214
vn -0.8635394409782043 -0.4696010318520355 0.18377841211239765
vn -0.7105878156662985 -0.5068963971824604 0.4879764325764514
vn -0.8027653800075154 -0.5682496008716738 0.18072115474003903
vn -0.6254076057940497 -0.6113022527752533 0.4849483295845599
vn -0.4676312752245566 0.13392247153341716 0.8737194984949324
vn -0.42654395051745797 0.17839738499565605 0.88669872634603
vn -0.6216657573793236 0.2515856142009379 0.7417791887274329
vn -0.23098787322870656 0.4227070409193552 0.8763351870023716
vn 0.04685560691539647 0.8173709282754844 0.574203202455945
vn -0.028659335479814977 0.8646939095965653 0.5014808921548877
vn -0.5635940891552116 0.8054666640255348 0.18326253248518612
vn -0.1777515866714656 0.982611487364689 0.05365667092478023
vn -0.5032015402616928 0.7154505279035964 0.48468417758446064
vn -0.10756153380801914 0.9271104392803323 0.3590219350155303
vn -0.15298064153438903 0.9668337757951089 0.2045223051344275
vn -0.37879593683309787 0.5567763589481939 0.7392656656136057
vn -0.46773591667922104 0.4862862931936498 0.7380709676584145
vn -0.2515852014992398 0.3909891024446164 0.8853431019419197
vn -0.32067856317557786 0.34740694282081225 0.8811774368420605
vn -0.36762266422528533 0.2816272642448706 0.8863067532078569
vn -0.6598324392935093 0.12114034160579185 0.7415835554349955
vn -0.447159547523044 0.0800042352836203 0.890869048399185
vn -0.3829791976827884 0.25413615153200786 0.8881113390936681
vn -0.5313149920670247 0.407612579834845 0.7426684078141466
vn -0.6104025713810937 0.626608642424272 0.48453102077220983
vn -0.696246035578777 0.5267105996175105 0.4876652562889823
vn -0.7531351791871812 0.4402289634230922 0.4888618021835233
vn -0.5758879774664496 0.34508569644542236 0.741126776954105
vn -0.8477100125087491 0.4965665386421108 0.1865727938189521
vn -0.7905630101028727 0.5839850260447677 0.18431390726848956
vn -0.6861302538503314 0.7020389182981336 0.19070037217076022
vn -0.8119728987269886 0.3189647417198578 0.488836890253258
vn -0.8566484548141216 0.16210188242700002 0.4897717882628614
vn -0.9148534045013287 0.3581869350204881 0.18640109402296084
vn -0.9656944676947089 0.18196537966777165 0.1852641240666857
vn -0.41945961767062606 0.23037241956793822 0.8780559079272949
vn -0.20951688928531265 -0.40132028438695383 0.8916527925396638
vn 0.06792145246061425 0.8151830580558377 0.5752071436920555
vn -0.30711087910634693 -0.32876690087388166 0.8930818735280154
vn -0.2652619148732107 -0.3701327349235707 0.8903021257167678
vn -0.3812965612216291 0.23040129988028746 0.8952810583353331
vn -0.4102044163454938 0.18312340264908367 0.8934193618972416
vn -0.42859911736815304 0.1198055321916725 0.8955162930106354
vn -0.4586691079074456 0.05492956602736776 0.886907769854021
vn -0.4465993321806013 0.0025128813423418964 0.8947305303403926
vn -0.4443574551700644 -0.057841837444723064 0.893980298371168
vn -0.4279796156454568 -0.12193594996218968 0.8955250262827865
vn -0.4199286584919374 -0.1920022927796086 0.8870146793286655
vn -0.3843312197662808 -0.23234915887716584 0.8934782492495473
vn -0.3693670999252611 -0.31545382737929906 0.8741034425538855
vn 0.05687365968416916 0.8545899039625865 0.5161797001813869
vn -0.21050765778569747 0.40234093835206747 0.8909591995930889
vn -0.2772937664244966 0.37803234878896785 0.8832891431299339
vn -0.30632467632436133 0.3329191685012916 0.8918127717851904
vn -0.3528796540700529 0.29401442423391516 0.8882744328673426
vn 0.03563405403713329 -0.9987898103860372 -0.03389880325177934
vn -0.23141527313959412 -0.9723952705906667 -0.029906673011743417
vn -0.17741544464210995 -0.9837076952966564 -0.029033260522773656
vn -0.18544058426788332 -0.9823929091402688 0.02271479203747748
vn 0.0035622808265036903 -0.9999137414887096 -0.012641983126202135
vn -0.20530622971028942 -0.9785866034489403 0.014751664055701151
vn -0.009520540830959918 -0.9995898638054533 -0.027008581593291368
vn -0.18932130640376565 -0.9819133499837152 -0.0019015954694363117
vn 0.12610030468947328 -0.9260496918600494 -0.35571151424030334
vn -0.007172372391064834 -0.9999184007973286 -0.010571131500305054
vn 0.1347686397051894 -0.9710862741281915 -0.1970504045969958
vn 0.02707588974644508 -0.9937866755406596 -0.10795804607476957
vn -0.17871399079972086 -0.9834840561124257 -0.028642989807078807
vn 0.016535251238697358 -0.9996611827228611 -0.020102368606800036
vn -0.18395507004922582 -0.9826416612846828 -0.023997868881701585
vn -0.19918100992360213 -0.9798356286232567 -0.01578183025764493
vn -0.3016039036560045 0.9532885937455919 -0.016611512092866106
vn -0.2016238994911528 0.9790417310490357 -0.028724415024319553
vn -0.1771540447484315 0.9839886055981739 -0.019567025380271632
vn 0.03561248743120446 0.9989478908391545 -0.028893980808584803
vn 0.022703410146805762 0.9994439282535751 -0.024421086068576594
vn -0.1820294976742076 0.9830389430455224 -0.022353935501773604
vn -0.20165253450755768 0.9792477505782898 -0.020250884277921002
vn -0.007850217116911244 0.9999199078856678 -0.009927331219163565
vn -0.19370159670194353 0.98104553229149 -0.005418026026549457
vn 0.13574376114303488 0.9198780777834011 -0.36796460879309784
vn 0.12706668696752643 0.9743319055902494 -0.1858262489853624
vn -0.20720016790943938 0.9782770417586146 0.006489991241447398
vn 0.019698271483045454 0.9957034657992558 -0.09047975627691836
vn 0.0003389396106316266 0.9998458724107188 -0.017553248793001994
vn 0.00890154571367462 0.9998445663584073 -0.015218594135986325
vn -0.16447754493389163 0.9863332788213781 0.009685055600730614
vn 0.3447656457412417 0.9385114464767982 -0.018245940607509902
vn 0.09693086272830052 0.9952377631266799 0.010305469293059734
vn 0.05685006754636989 0.9979929603581774 -0.027894818434514423
vn 0.22278348938121606 0.974840936287297 -0.007257120478232543
vn -0.08423766047941103 0.9944126857308224 -0.06361939181230851
vn -0.12583922386620588 0.9738187921170078 -0.1893183822467408
vn 0.12374488573467432 0.9922551282626062 -0.010814975315333222
vn -0.25653901011767327 0.9389244829265418 -0.2293655415466109
vn -0.528196033639723 0.8030495063888111 -0.2758993300752129
vn -0.4684952870410134 0.7976467670692452 -0.37983127965498015
vn 0.31499025233429406 0.949093687108244 -0.0015211921826413666
vn -0.39866440926950686 0.7787366816434631 -0.48439226815126046
vn -0.32484330501980324 0.7663572322556349 -0.5542322796024192
vn -0.24163493295216007 0.7705416293353718 -0.5898119671881837
vn 0.08161379360520732 0.9962641314308184 0.028230641469218165
vn 0.4193152214405293 0.9078342982189438 0.003410578484309143
vn 0.35341243153339563 0.9354520950974072 0.005388043756703904
vn -0.5246195169933573 0.825451185424173 -0.20833795350699788
vn 0.4546765133188356 0.8905506706737498 -0.013739403144280996
vn 0.46586211025916674 0.8843901622240514 0.028749524973328996
vn 0.2490017558456165 0.9683373136320098 -0.017915708574944976
vn 0.15403726968724962 0.9878529805774604 -0.02046969251173803
vn 0.16180696285521287 0.9865749093657771 -0.02210101765711639
vn 0.15210369522297276 0.9883447346092341 0.0062571135293690615
vn -0.27106468415188983 0.8908856781157447 -0.36448133770316116
vn -0.2674224538231899 0.8752328618201861 -0.40305417598783305
vn -0.2583310397692991 0.7926971790514596 -0.5521741176617848
vn -0.20574769013597796 0.7507667891977257 -0.6277078271309412
vn -0.17148589290996738 0.7398499967762259 -0.6505494376318295
vn -0.14071014284212252 0.7208294677716827 -0.678679257155648
vn -0.140674810013799 0.7147181960838369 -0.6851193312221219
vn -0.10192258577044425 0.7303703816242944 -0.6754042435133563
vn 0.01758636145928385 0.7809974953708928 -0.6242864984244136
vn 0.06473089056701294 0.7991104506154588 -0.5976892165026568
vn 0.12654063089604778 0.8510192222451382 -0.5096604282281592
vn 0.12125608679354563 0.8774739209890305 -0.4640436179925901
vn 0.3371131843937991 0.9411588917674357 -0.023971678184154608
vn 0.38599980716031596 0.9224464084010295 -0.009837301471441157
vn -0.8001700734016298 -0.4831281826771393 0.35540823391631604
vn -0.7826820705327245 -0.530701181764409 0.3252153627067255
vn -0.6406562464953602 -0.7581670086340149 0.12141812404013545
vn -0.5906354450987228 -0.8037153395342642 -0.0720515370436754
vn -0.684012403062654 -0.7250894632746341 0.07982670420702886
vn -0.7002064903669142 -0.7132117754169125 -0.03224646111907537
vn -0.7732935042676112 0.5181702011902071 0.36539950582344577
vn -0.7999912604719953 0.4986047364802682 0.33377732087107215
vn -0.5994933630273519 0.799362612851185 -0.04033758621784361
vn -0.6336401832797985 0.7662975431536375 0.10624591046173136
vn -0.7007139821731555 0.7129444302346019 -0.02664872575748034
vn -0.6927961327200987 0.7154959291671413 0.08999496559988708
vn -0.741486382591909 0.6617878173088829 0.1106111626026498
vn -0.7877187205115864 0.6151087139222767 -0.033771103216684535
vn -0.8106390226150741 0.5756922232735937 0.10697120676137249
vn -0.8618015707278094 0.5062597065753228 -0.03160952687637771
vn -0.8758607995979452 0.47045109264686213 0.10744128235934992
vn -0.9210795063981962 0.3882350909845115 -0.029766709954302997
vn -0.9273735529479507 0.3583231013232909 0.10762364215521314
vn -0.9643916573947175 0.26293858899666134 -0.02849613243783264
vn -0.9644858704573854 0.24116334170404893 0.1077369403045946
vn -0.9907858588049616 0.13248990863741567 -0.028103489131496313
vn -0.9867729163610957 0.12084905095083677 0.10804961092248468
vn -0.9995826240195493 -0.0007869098307124904 -0.028878340172356326
vn -0.994058741690086 -0.0008033985266222747 0.10884196167071993
vn -0.9904422486515152 -0.13438215624547595 -0.031073914606091966
vn -0.9863688015930479 -0.12205485594011728 0.11035941004432763
vn -0.9634264028902176 -0.26570086709875496 -0.03482262823202203
vn -0.963897660065412 -0.24122847424395216 0.11273918633003413
vn -0.9190101165862454 -0.3921841999401166 -0.04014920832926134
vn -0.926991524073205 -0.356681623349242 0.11603850163366475
vn -0.8580514882596194 -0.5114085397436166 -0.04699945715381983
vn -0.8761713368697931 -0.4667684576614874 0.12021229296588558
vn -0.7817404453813239 -0.6211506348560204 -0.05526088013208028
vn -0.812151178214398 -0.5698564970749468 0.12519599221395358
vn -0.747723364660506 -0.6504109437005424 0.13369881919950477
vn 0.12030682586651881 0.9642714309792341 0.23602303922961343
vn -0.1184990658236328 0.8630357499389664 0.49104711151396924
vn -0.12672862977832086 0.9491191256420566 0.28829280208664126
vn 0.9422046236169449 -0.01091216518411017 0.3348602273872576
vn 0.9981812211241969 -0.06025462144645731 0.0019053580637960431
vn 0.016362755367971434 -0.9976256092312441 0.0668984606904904
vn 0.5678363183683967 0.0723927423382342 0.8199519537134934
vn 0.6319857772818098 0.05509229451105076 0.7730192859166026
vn 0.001575872098535448 -0.9579127528173357 0.28705517695565597
vn 0.30429681621395777 0.1085707943096633 0.9463698168607331
vn 0.31997125647051 0.11792847840739581 0.9400591837821699
vn 0.15145576544572706 0.9788286126620396 0.13767969402695485
vn 0.16755832778441795 0.9672001448145036 0.19091381998402596
vn -0.015123532398922189 0.9609150248930941 0.2764300882727547
vn -0.02415466459722867 0.9969931441220127 0.07362895321745898
vn 0.9657296935663641 0.039104779076400545 0.25658716884833216
vn 0.9392247680057799 -0.043756785473544675 0.34050283242509305
vn 0.5976080125520088 -0.07847588914779287 0.7979387182961492
vn 0.49844082988440763 -0.12301990902762389 0.8581508265374905
vn 0.8294974437930529 -0.08127228359967047 0.5525656582337395
vn -0.5592122486177344 0.6625471879222843 0.4983100287694104
vn -0.509610513716634 0.8071274243923653 0.29806449822683523
vn -0.459990559323037 0.7342691633257002 0.4992569289680972
vn -0.38651775284207424 0.8753339363965057 0.29050736054446397
vn -0.3639162494443973 0.7982505030764213 0.4799594750898905
vn -0.2606872242573861 0.9199273158175286 0.29287523746765637
vn -0.23601687594705567 0.8358835918732784 0.4955750751452485
vn -0.8263009488040155 0.24793663619624887 0.5057214316570662
vn -0.8646318903129304 0.39887512216340903 0.30546739788889776
vn -0.7802952237720644 0.3629423983434664 0.5093252195240253
vn -0.797533356429484 0.5242302485891392 0.29853507640893845
vn -0.7226512280346539 0.4743810164791243 0.5027303987469225
vn -0.7165420113006231 0.6285971807978739 0.3023791168950379
vn -0.6453408714613633 0.5708469122401424 0.5076110345603049
vn -0.12886566949448974 -0.9479761444639877 0.29109254327950407
vn -0.11850120747715512 -0.8630375309529206 0.49104346446434133
vn -0.2572531398589848 -0.9224445512378784 0.2879528987946509
vn -0.23262947146981944 -0.835514359090089 0.4977944201755886
vn -0.3909085977744422 -0.8720974652948106 0.294340753570391
vn -0.35145765300072157 -0.7946100811396475 0.49504781294180805
vn -0.5057650209274441 -0.8117716659790221 0.29193921613908796
vn -0.45805232330346035 -0.7324622421370792 0.503673637348457
vn -0.6221360892206862 -0.7238838610899313 0.29822615938700536
vn -0.5615891662406732 -0.6604899967410688 0.49836790884454907
vn -0.7137200061028282 -0.6347514511724367 0.29613231522929834
vn -0.6469598128748746 -0.5729673546188153 0.5031415417812606
vn -0.8018302818489663 -0.5161683745516846 0.30106213349187405
vn -0.7249570113742332 -0.4874809157727952 0.4866206822738394
vn -0.8635444204827819 -0.40559511084828576 0.2996391828666996
vn -0.780223294748454 -0.36638912832812043 0.5069621455047973
vn -0.9152471990209076 -0.2660551058026323 0.3025512276635698
vn -0.8270217191418642 -0.2468177885830492 0.5050901457231262
vn -0.9425429262586407 -0.14301011631391264 0.30192869819160945
vn -0.852868942697322 -0.12614727135337206 0.5066571153279609
vn -0.9531240969496861 0.005855610832335761 0.3025230034817611
vn -0.862474597075204 -7.606583091320741e-07 0.5061003550674372
vn -0.9418216212567898 0.13666881835391081 0.30707274027985254
vn -0.8524137232672133 0.12433440752900259 0.5078698647194365
vn -0.2776773061289636 0.9575981781713896 0.0768182453834866
vn -0.17646507214794938 0.9814622654941878 0.07477900589627896
vn -0.10677294189072277 0.9908985068957565 0.08197370256222691
vn -0.3828235467532562 0.9203472647400358 0.08004401499669853
vn -0.6170784415889629 0.7296364928281684 0.2946943929896643
vn -0.5387614391107608 0.8384386479255811 0.08219942452368632
vn -0.45885453469751764 0.8859815953060074 0.06700096093748652
vn -0.7547263039619243 0.6504034871657618 0.08581089668911339
vn -0.6972968374943106 0.71411758932557 0.061751024576678304
vn -0.629034926342619 0.7725920125646647 0.08611993707856896
vn -0.8233616439488203 0.5603144406733582 0.09012952261494486
vn -0.9127554413018164 0.27577845271431295 0.3013697884533647
vn -0.9082941792373272 0.4089480390590623 0.0881089400307242
vn -0.8751906819065096 0.48068464025758706 0.05462185390896616
vn -0.9871056192582413 0.1334601441176049 0.0883792190557936
vn -0.9774444422416179 0.2063404370010157 0.045010958545698386
vn -0.9490479925850726 0.3012501076757121 0.09250016430048165
vn -0.9954937333708258 0.01709163077894813 0.09327434254247725
vn -0.9948787259277769 -0.07267375818402085 0.070248455981136
vn -0.9826281154928147 -0.16071416329144733 0.09280595002783877
vn -0.9588494274728503 -0.2684731422753771 0.09235771387259567
vn -0.9319005164513661 -0.35582673696977174 0.07034742848975933
vn -0.8958180225286171 -0.4350370422335986 0.09084515615903963
vn -0.8421824307602817 -0.5316549639288372 0.08984293321419465
vn -0.7899112858819765 -0.6091296212960648 0.07071962171840997
vn -0.7343309390161752 -0.6731360345723024 0.08744112856029863
vn -0.6553575035866074 -0.7504422581760085 0.08569107092587348
vn -0.5804583119526538 -0.8111895471650039 0.07099060962769384
vn -0.5115577226769412 -0.8552558488934814 0.08274133974665843
vn -0.41383326786039776 -0.9067855975886538 0.08051028765177966
vn -0.32081831367020647 -0.9444537554233726 0.07129315170823432
vn -0.24603980553725585 -0.9661818078490516 0.07718243500128755
vn -0.13766300243270785 -0.9876490805179997 0.07482106329879214
vn -0.03276780060803009 -0.9969258202607199 0.07117007897145573
vn -0.7640685899124359 0.4186146548055548 0.49087774515784244
vn -0.7576948482151795 0.37144014969946987 0.536591774237559
vn -0.5150071516953866 0.6227870861970148 0.5889854658383662
vn -0.7571070611489479 -0.42304017771312197 0.4978211586492214
vn -0.792473807545531 -0.47544694462767906 0.3820150091272503
vn -0.5995431988923321 -0.7155404159368047 0.3585385137233293
vn -0.5947052940732847 0.7221367168218233 0.35333295263675313
vn -0.7930180617279498 0.4723619440893864 0.3847031940981786
vn -0.6873629346044868 -0.633731208643555 0.35484778613243007
vn -0.6885466604055789 0.6327487054207563 0.3543057609363433
vn -0.7572370535215109 0.5449064166767423 0.36009587867479537
vn -0.8186744324918935 0.4462887663705349 0.36138415930356216
vn -0.8674642656126608 0.3408390370981119 0.36240101914194334
vn -0.9028590127002477 0.23016848422173616 0.3631364372477683
vn -0.9243147281522333 0.11597306511373703 0.3635829086865723
vn -0.9315053937242647 1.7867610093995057e-06 0.36372750990186337
vn -0.9243150321024192 -0.11597318317057206 0.36358209831451915
vn -0.9028588763946692 -0.23016906502287024 0.3631364080092395
vn -0.8674648586387689 -0.3408398993337144 0.3623987886969324
vn -0.8186768381019007 -0.4462906241955732 0.3613764152661319
vn -0.7572369352817646 -0.5449062952294474 0.36009631109523904
vn -0.5896954296138621 0.5528347766071466 0.5887554756146635
vn -0.6533678412323973 0.47424637482835325 0.5900854514436721
vn -0.7070066340083007 0.3884953137925369 0.5909424765825274
vn -0.7495891920400151 0.2967138133709524 0.5916730145373077
vn -0.780531959286584 0.20036483105367167 0.5921349466203459
vn -0.7993555481180094 0.10091682881503018 0.5923229704771501
vn -0.8057693121049864 -0.00011280199033976372 0.5922295188063224
vn -0.7996655841752992 -0.10118636319734026 0.5918583220572922
vn -0.7811311061610514 -0.20075690943101462 0.5912113482531601
vn -0.750447657006484 -0.2973053013145038 0.5902862626758061
vn -0.7078495482155128 -0.3880537265855668 0.5902231123686607
vn -0.6533911790833119 -0.47492097653667337 0.5895167793554075
vn -0.5903187356564772 -0.5526842815499279 0.5882719398888396
vn -0.518522921547179 -0.6227281941622435 0.5859552679391228
vn -0.7581327984225568 -0.37819412822409076 0.5312286337659172
vn -0.4281747926689273 0.6646616191019927 0.6122836589487249
vn 0.10534571997982145 0.9444422692148297 0.31133756503556725
vn -0.15702733054679102 -0.7722079684121411 0.6156600287351311
vn -0.36437784469200507 -0.6951133365922105 0.6197146404509524
vn -0.28453775302246054 -0.7342567771685384 0.6163645449626387
vn -0.2227671101114202 -0.754120291936186 0.617800453174557
vn -0.5803863771687583 -0.5334332274000958 0.6153053267301053
vn -0.539453001183186 -0.5563706062368566 0.6320144049229305
vn -0.46923248476483015 -0.6271139821926844 0.621730591639061
vn -0.4201513003549884 -0.6684024078518462 0.6137679577722076
vn -0.7248075105737048 -0.2876569197725663 0.6260252144465972
vn -0.702860916578453 -0.3485920890786863 0.6200565195030645
vn -0.667433363833477 -0.39687870297374267 0.6300952308721351
vn -0.6167005132316 -0.4597094706171602 0.6390208757190733
vn -0.7765647820191922 -0.07995208920194397 0.6249438396845982
vn -0.7699624465000541 -0.1374817024843037 0.6231024092889296
vn -0.7531385366752454 -0.20318308930459922 0.6256987907893935
vn -0.7765651885757039 0.0799522935220822 0.6249433083511979
vn -0.7811539778004589 -8.421114793621692e-08 0.6243384202229694
vn -0.7248060140166442 0.28766552181355154 0.6260229944698847
vn -0.753495287321522 0.20599310114871736 0.6243490163869817
vn -0.7707585898875228 0.13525636422040482 0.6226049405943345
vn -0.6197297888706932 0.4745703701210319 0.6250743576483303
vn -0.6701355913770566 0.4011143166356616 0.6245202912313006
vn -0.7051764132923798 0.34353611007811424 0.6202492782813154
vn -0.4571882353600078 0.6278721139766223 0.6298853276104545
vn -0.5371897780936348 0.5683688584624295 0.6232046076866139
vn -0.5852813722220819 0.5258516300912274 0.6171918489904382
vn 0.08146831570908955 0.95079687671897 0.29891171398420663
vn -0.1676176419081589 0.7789503993901149 0.6042686500316962
vn -0.23314722426603984 0.7699089140824642 0.5940392544549574
vn -0.27791016623260184 0.7345078209901801 0.6190833549763918
vn -0.3503166420575248 0.6905511858137969 0.6327853586080346
vn -0.7842398496534128 -0.36245826423095784 0.5035790552696503
vn -0.8505936269755229 -0.40371378339123437 0.33690601485957566
vn -0.4121668728740702 -0.5796022615342984 0.7029791514188289
vn -0.5169544898231374 -0.6610636912035271 0.543831639042882
vn -0.8204095186334779 -0.3829123523733271 0.424624954678255
vn -0.7772458533813361 0.3806630887914389 0.5009835289041742
vn -0.8050829138476078 0.3885228404325603 0.44820921933050484
vn -0.5177697494962749 0.6557330459287618 0.5494803535919671
vn -0.8513919094227884 0.4041215452938913 0.3343913772792235
vn -0.07289519475192054 0.9120467631102396 0.4035554391681695
vn -0.06848105876189577 0.9301915111080952 0.3606301391360522
vn -0.38745054401718193 0.6736340468072199 0.629364160818614
vn -0.8536728615844307 0.5208091041834123 0.0007227682346912426
vn -0.4104328084201465 0.5761070993496931 0.706856081427637
vn -0.5686288753556641 -0.6102548361542429 0.5515888297111452
vn -0.6250085934218135 -0.5525249015535504 0.5514349384216831
vn -0.6665120656217884 -0.5064150039266315 0.5470882106009658
vn -0.6969966677298082 -0.4547582888864893 0.5544281232608745
vn -0.7377345053055431 -0.3844251259820152 0.5549460534099662
vn -0.7773784668770334 -0.29356483256535887 0.5563294063024045
vn -0.8067395650672569 -0.19810216508311684 0.556710702559664
vn -0.8245794687530242 -0.09981106625997385 0.5568720236850003
vn -0.8306484923941189 -8.493896356292985e-05 0.5567971577412638
vn -0.8248479627286452 0.09967585805615158 0.5564984831094989
vn -0.807266631350039 0.19805638727180852 0.5559624567986583
vn -0.7781448116759219 0.2936705275638115 0.5552011106817393
vn -0.7378879087414345 0.38516977104828476 0.5542252985959812
vn -0.6969975545260311 0.45475443153742706 0.5544301723227225
vn -0.6672459579377079 0.5026179002080076 0.5496890739375158
vn -0.6227709087290525 0.5542744541857376 0.5522103083770646
vn -0.5686319334018836 0.6102515556282511 0.551589306612207
vn -0.140339874440916 0.9458568668711891 0.29267645452705215
vn 0.06431489626094372 0.9960987740445831 0.06042206936064381
vn 0.08044967177962964 0.9347383838721957 0.34610981498152554
vn 0.8968988839181983 0.44142593914045575 0.026749435139020783
vn 0.8838266461694136 0.46560143631786916 0.045450654777055975
vn 0.8472924811556559 0.5299717332533477 0.03500590420964629
vn 0.8291236300391218 0.5586555178421244 -0.021401366668914446
vn 0.8379170982501755 0.5445840391730686 -0.03637527646563354
vn 0.8028360633365004 0.5953757610488608 -0.03133621805260469
vn 0.7779169173823076 0.6185627306038757 -0.11056861199402582
vn 0.7518375060396238 0.6505457939481195 -0.10738032635696956
vn 0.7415277723349144 0.6705445043350271 -0.02250845534708961
vn 0.724764434196401 0.6763623648306113 -0.1313410307737593
vn 0.7074931583550579 0.6953660450771804 -0.12617247811827176
vn 0.6768222952082494 0.7303959136742119 -0.09183349060691492
vn 0.6563252556718324 0.748552958922674 -0.0943696267631343
vn 0.6380786327985697 0.7699159538483551 -0.009224010824251106
vn 0.6855876656580181 0.7277712852416012 0.01784682255689887
vn 0.6306335555461453 0.7759905468258774 0.011831730900535482
vn 0.5404663394043604 0.8410724020391205 0.022211494749217107
vn 0.609376397122533 0.792595659333743 0.021272692243108546
vn 0.47509954809143895 0.8798569402872798 0.011497131451662904
vn 0.525073796142641 0.8510460494055956 -0.00425798021188765
vn 0.4928381295565763 0.8094085365549498 -0.31932491134759533
vn 0.5140341896588942 0.8577621458322132 0.0035990330702637225
vn 0.5138200011435852 0.8511747253623196 -0.10719418514633158
vn 0.5699855554877596 0.8216251968859873 -0.006964364821906052
vn 0.5547272477392025 0.8278909356808551 -0.08291127325742603
vn 0.544289541088061 0.8347220486731836 -0.08359423975963591
vn 0.631674101136085 0.7674073472344145 -0.10988081436064091
vn 0.6082853970132495 0.7853771834960928 -0.11476739704366294
vn 0.5713248177822167 0.8162847692738873 -0.08524745179530828
vn 0.7885490938868701 0.5884669613335746 -0.17859720588246972
vn 0.7580311190395221 0.6515148668512858 -0.030285323829225667
vn 0.8192489264232332 0.5575527753533246 -0.1340376784720818
vn 0.7967543149622265 0.6042785745121568 -0.005474118616632928
vn 0.8463674066041978 0.5325541254280395 -0.006951009110948049
vn 0.8058039487219273 0.5918002483954656 0.02127115942337639
vn 0.8540827136581963 0.5192345980891065 0.030629240563475525
vn 0.8407844426638733 0.5409830339234794 0.020466508772813162
vn 0.8928169291267773 0.45039411566702187 0.004803294406180638
vn 0.7156352106739196 0.6984578399187791 -0.004784464409718478
vn 0.6975013245398083 0.7161625359283085 -0.02455859112300988
vn 0.7281205841941926 0.6853770358884824 -0.009936475704476871
vn 0.7306634520460064 0.67688635010965 0.08919522901730596
vn 0.7745954504020738 0.6323568485480225 -0.011256300938674621
vn 0.7991992313598648 0.6008705717680366 0.0153344245720001
vn 0.8480125699614688 0.5298511812130563 0.011506822084040007
vn 0.7000687836771835 0.7138477481290789 -0.018030269321117447
vn 0.6792984007536302 0.7332004652649754 0.031157029203436316
vn 0.683028648551723 0.729910077557054 -0.026516861395388974
vn 0.6829949272392326 0.729576355358318 0.03516064657466419
vn 0.7038119194698053 0.7069048097372084 0.07024508511368946
vn 0.6587047337668682 0.7521331906394029 0.020093214071197463
vn 0.6723045994011695 0.7397820725448673 0.027000199355815872
vn 0.6934908320465772 0.7204521288454137 0.004381313667988004
vn 0.7134136064690586 0.7007326155088719 -0.003850670968367112
vn 0.4921332505828941 0.8704687204725908 -0.009437708912920407
vn 0.5365564041470395 0.8436988832097813 -0.01671584994449689
vn 0.5929189633401236 0.8050909826389194 -0.016601583815179857
vn 0.6645152538667304 0.7470267418850955 -0.019249007428270015
vn 0.7695859616116585 0.6377334216301366 -0.03214857113741082
vn 0.7747272631658699 0.631472066412866 -0.03225983645007841
vn 0.8068857875296431 0.5897377844733225 -0.033832993470343256
vn 0.8149878454137283 0.5784880926463598 -0.033857620918570946
vn 0.8324616366255103 0.5400294651143558 -0.12399919497754677
vn 0.8355680541258051 0.5353738524289754 -0.12329178829011019
vn 0.7841035768327782 0.6199788365874899 -0.02842222689491752
vn 0.76916520123924 0.6390391030874307 -0.0037306739084965084
vn 0.7123674057569024 0.7012935342968097 -0.026833895890642823
vn 0.7793967103019672 0.6263543717986481 0.014865022677151238
vn 0.7729140157790558 0.6344113863726849 0.01123018490414933
vn 0.7676045401461234 0.6405904346945592 0.02066796857201784
vn 0.8704168644613348 0.48999558393011794 0.04773688081851486
vn 0.8421791046305211 0.5378856827609043 0.037594520938157544
vn 0.8043153342786666 0.5934336677192884 0.030221268362362243
vn 0.8103920392393243 0.5850907709045194 0.030553764741590564
vn 0.771378637748405 0.6357230169182704 0.02883128484385764
vn 0.6328718114959772 0.774255947288608 -0.0009991506495548752
vn 0.6611786304991285 0.7499702872116615 0.01968214599465424
vn 0.6871378911351121 0.7265213585528693 -0.0028695178836063355
vn 0.726150203819245 0.6873043898061818 0.017848172075062417
vn 0.7364241613818427 0.6764647480491907 0.00865443122306135
vn 0.7615059361792319 0.6479381843358747 0.016876564914743188
vn 0.7668528350158139 0.6417945606115251 0.006039155377061262
vn 0.77625093138439 0.6303380674958243 0.010412117483812579
vn 0.7619759692172738 0.6475475303867931 -0.008649752907545345
vn 0.7581575895842093 0.6520307503741604 -0.007278043856066646
vn 0.957232654557074 0.28931916402028035 -0.0002576435981312831
vn 0.8813129538080974 0.47240773471190856 0.010881619107912058
vn 0.7785694630954793 0.6270270110494058 0.025820893665122073
vn 0.7594020910711652 0.6500390104825461 0.027527239738380064
vn 0.7471989529675981 0.6640577112917347 0.026852946916646078
vn 0.4570971811004594 0.8890843843755795 -0.024313051834577035
vn 0.4673880836992283 0.8838126085125961 -0.02058281443641555
vn 0.4982159532253661 0.866959697201109 -0.012717994366296165
vn 0.5148996807974974 0.8569582975660099 -0.022378448279573315
vn 0.5663300229608418 0.8241756039703563 -0.0022088262201273062
vn 0.5741392275429851 0.8185517443869381 -0.01836271105923953
vn 0.6321051039905328 0.7746845168927603 -0.01752246545861346
vn 0.6843290574244517 0.7290964795324746 -0.010586061492038557
vn 0.7380027742214604 0.6747909071576332 -0.003022723739665504
vn 0.755511603512619 0.6549810300330209 -0.014215036217830277
vn 0.7388742462907201 0.6732542662254531 -0.028169862930929077
vn 0.7748685307644015 0.6313090858999916 -0.032056170874491766
vn 0.8297673483778213 0.5437300926341705 -0.1258718949173163
vn 0.7445529597227419 0.6671881295720051 -0.02238057028572432
vn 0.6892355364906917 0.724274939772751 -0.01949838084472728
vn 0.640055840068733 0.7680507024259602 -0.020655268018059
vn 0.8579721149960943 0.4983588487936023 -0.12458855372081334
vn 0.37086951904048643 0.9240043295490149 -0.09312249363797048
vn -0.514963099674658 0.8119184711414068 -0.2749570915486062
vn 0.3882437151803472 0.8502792395362013 -0.35537590300511473
vn -0.5162559360184407 0.7294074618357507 -0.44882576033918964
vn 0.45076960474750566 0.8174588897757643 -0.35856342111591955
vn 0.4363757371021704 0.8939445405081774 -0.10217325757829729
vn -0.5155647090835807 -0.7173944608010698 -0.46854905651330175
vn 0.43847358453080454 -0.831586060995017 -0.3408893351624531
vn -0.5123320981654987 -0.7796582774022612 -0.36006775982789146
vn -0.5116053654973354 -0.8218867497049146 -0.25052369279936204
vn 0.3997400926220322 -0.9133058671611577 -0.07797596655082256
vn -0.5136956227852237 -0.8318107700264503 -0.21025615329712627
vn 0.8019363573416678 -0.596939817797229 0.023684017855679133
vn 0.8192119886773492 -0.5728411800177724 0.02728919352323831
vn 0.8210941405549093 -0.5696381126560832 0.03628819306621189
vn 0.3767062580676988 -0.926331421681039 -0.0015787143559103298
vn 0.49705578763852787 -0.8677164791024352 -0.0019120327183182527
vn 0.47061044690626963 -0.8820927927835192 -0.02093112949778489
vn 0.6178132710644448 -0.7779846691841298 -0.11422178693712967
vn 0.5832576075590357 -0.8122302021411831 -0.009626107946756928
vn 0.5850104408765835 -0.8058016884545569 -0.09190442290320172
vn 0.882747261926489 -0.4673396007599283 0.04848679328267987
vn 0.8521137973221229 -0.5228652800626719 0.022671023758439875
vn 0.8594585305365857 -0.5093746506504253 0.04322614443424427
vn 0.8904575358830391 -0.4543660139255728 0.0252369209392171
vn 0.8977531114889082 -0.44049203117125557 0.0024741234014436266
vn 0.8351997492918706 -0.5498530742502187 -0.010147685469106098
vn 0.8855331435102561 -0.46425672247184196 0.017226357262849837
vn 0.7017995050263405 -0.7081493011297976 0.07747271812814488
vn 0.7642283586890646 -0.6438149326511907 0.03817523111601724
vn 0.7261591806007477 -0.6780367660689854 0.11383755218715068
vn 0.4651700699228216 -0.885194524871079 0.006889062799974398
vn 0.4644989642003716 -0.885140934630869 0.027681006079506538
vn 0.4609608719493418 -0.8871056223947047 -0.023636608204356865
vn 0.5662909137600275 -0.8242048294343961 0.001000064923296122
vn 0.39389471216488486 -0.9190557977238057 -0.01354239265424205
vn 0.6234888528914205 -0.7817951308037524 0.007617333633516044
vn 0.6125666535374515 -0.7900982917605346 0.022511870890999246
vn 0.6631052090458823 -0.7482292058271869 0.021084052822784957
vn 0.6632288741419712 -0.7482517350107386 -0.015709919089319582
vn 0.6717634619323429 -0.7395861360142061 0.04178754154350224
vn 0.6958233212555219 -0.7153079816408955 0.0645321392622544
vn 0.7011334316836058 -0.7124860558920999 -0.027848359644512263
vn 0.7106039336557546 -0.6988935238116185 0.08117814882803302
vn 0.739916200060805 -0.6724957093079724 -0.016538979712960977
vn 0.719497083570896 -0.687431537939446 0.0988019604015181
vn 0.7705965636514825 -0.6372846996828427 -0.007010537688048698
vn 0.7374374740550277 -0.6701856972215932 0.08388744303498344
vn 0.7882975017164039 -0.6152108985012124 -0.010129124000001594
vn 0.8087507426409366 -0.5877098619321117 0.02278934982555504
vn 0.8550720659072233 -0.5171832364406107 0.037057550512260985
vn 0.8433593395504632 -0.5368559731946344 0.023036675937475992
vn 0.8399621926832299 -0.5421025354445232 -0.024256049294968492
vn 0.8439433952298818 -0.5364129376578003 0.004550380334463351
vn 0.8129208648653402 -0.5823243851855026 0.007614321040881016
vn 0.8314504329952792 -0.5544621992108129 -0.03552248750118164
vn 0.8217725753298921 -0.5695213227171044 -0.018311127934582505
vn 0.832642628343538 -0.5525810984867067 -0.03688337105511591
vn 0.7979280568225879 -0.602252105910225 -0.0245604776425032
vn 0.8318739600830521 -0.5536433033924321 -0.03827279901518094
vn 0.798738383942008 -0.6010581900576161 -0.02731384598279957
vn 0.8329408440094581 -0.5518734247931723 -0.04056196972370334
vn 0.7621395662587305 -0.6383540808201694 -0.1079228847056597
vn 0.8008694656126754 -0.5826538841303452 -0.13828430987313722
vn 0.7661396565461915 -0.6420782292508483 -0.027669011355282155
vn 0.8451403249938128 -0.5205362042116023 -0.12157257574934355
vn 0.7834341146393827 -0.6205889716130624 -0.033171016436766405
vn 0.8413709778914271 -0.5388772469960489 -0.04130605563331968
vn 0.7944274882137727 -0.6065558047863007 -0.031225336673908068
vn 0.836358495939569 -0.5467038108240065 -0.04024188738380109
vn 0.7904236990478598 -0.611969923066655 -0.026892178143297245
vn 0.7265993558516513 -0.6868408303179562 -0.017408328010063843
vn 0.6805137033377642 -0.732394950902139 -0.022332385957945365
vn 0.6521220201905814 -0.7580097115284833 -0.012575691275650308
vn 0.6413814934820369 -0.7605270320616997 -0.10113561846438728
vn 0.6637129377073426 -0.7419958485263296 -0.09448437484357373
vn 0.6945397095521005 -0.7116710707532853 -0.10554088737620268
vn 0.7208257601302902 -0.6809905881247557 -0.12908153399339808
vn 0.7408885589103762 -0.661307203458619 -0.11728992254003183
vn 0.5632169451853659 -0.8220270913303491 -0.08401270008177479
vn 0.5191898919517587 -0.854654572107734 0.002723686925366935
vn 0.5214237261613267 -0.8478743167784891 -0.09605436347948142
vn 0.5487004293056202 -0.8318374359058257 -0.08351238893391469
vn 0.4481432218350804 -0.8906162803789951 -0.07726767659996753
vn 0.49399444690022604 -0.8630338104302211 -0.1055562811301763
vn 0.5486096849567054 -0.8357334754187676 0.02402023389088697
vn 0.5057867962670993 -0.862587716681953 -0.011052047379490223
vn 0.5777662510714674 -0.8162017355904999 0.0009412448553362694
vn 0.5238858452673544 -0.8515063868102608 -0.021920181336932687
vn 0.49810784244742745 -0.8670555619778075 -0.010160203527353319
vn 0.6985242851791824 -0.715553581198416 0.006848025192277765
vn 0.6840838273706609 -0.7291028819976655 0.020935725270600527
vn 0.6493580430089742 -0.760473711254574 0.003723770971749425
vn 0.5897149026784606 -0.8074414587722866 -0.016571789722761857
vn 0.5477274890010143 -0.8364720253734681 -0.01758262097219103
vn 0.8336112741830474 -0.5523452565854642 -0.002638386335217548
vn 0.7306259882700915 -0.6823948980840903 -0.022866314376310627
vn 0.7968770503637824 -0.6041042288040158 0.0067117318646729195
vn 0.7931501306556082 -0.6090117172488653 0.00419505596859114
vn 0.8002519688947993 -0.599637808569869 -0.005593282893097555
vn 0.7729069141015339 -0.6343374327117345 -0.01519617039685418
vn 0.7322465284102861 -0.6804724672408271 -0.027789259764614615
vn 0.7997043435947885 -0.6000531321143445 0.020228728961385604
vn 0.7910543112722269 -0.611540160589026 0.0158653271120065
vn 0.763142347071949 -0.6462028952913309 0.005964580674135675
vn 0.7114335348873657 -0.702568461574609 -0.01612086344940397
vn 0.792817402026089 -0.609371003007211 0.010370522580281406
vn 0.8024579861221872 -0.5963147528433531 0.02167708583030575
vn 0.796175395240955 -0.6043835395340391 0.028727637445768357
vn 0.6069078231484135 -0.7945533330740412 -0.018651946337741605
vn 0.6583649731358723 -0.7524216010792936 -0.02042783339159144
vn 0.6542665735488322 -0.7561101564171216 -0.015253920792588811
vn 0.7110271566988899 -0.7031483770320793 -0.004768890211046813
vn 0.7107589468794304 -0.7034253021466812 0.0038162456279742783
vn 0.7614671089166399 -0.6480098890192414 0.015843792835188632
vn 0.7479805223302104 -0.6633601431273981 0.021873699381299763
vn 0.7850563318922711 -0.6189389980651928 0.02451677853852592
vn 0.7796062061768939 -0.6257265041710832 0.026086495899333966
vn 0.7932268708314191 -0.6082911503300014 0.02780301820304882
vn 0.7867026867215065 -0.6167385994833355 0.027062568475608773
vn 0.7841073475027777 -0.6199703711002168 0.02850274635921385
vn 0.7983521197405828 -0.6014327454379501 0.03020837004355043
vn 0.7870132160669452 -0.6162416580356865 0.029264596996916584
vn 0.7568434663958566 -0.6535959519996879 0.0005467207015600555
vn 0.8415555216745321 -0.5379292437252008 0.049157224131754024
vn 0.7319647000690833 -0.6811419024895997 -0.016534404302102658
vn 0.7294498316114186 -0.6839039511646376 -0.01335397856333661
vn 0.7285748633149643 -0.6849316030843087 -0.00688241541466564
vn 0.8303223401634245 0.43413204126411004 0.34941977931049
vn 0.8745705515576624 0.46396147369654356 0.14094715773458438
vn 0.7843427971271701 0.6017487465575296 0.1506811952805293
vn 0.7420440241901397 0.5746088287051707 0.3452468104672006
vn 0.5461765594693953 0.7617940575226322 -0.348369028200526
vn 0.6511342834119653 0.6723656860073433 -0.352063246087207
vn 0.7334190497224439 0.5799140217482486 -0.35467763516184575
vn 0.8025852039820316 0.46783567629062256 -0.37011723864042945
vn 0.9968857158481518 0.001937463904805804 0.07883600555289208
vn 0.9926636057815177 0.1172224459267624 0.029628768583639352
vn 0.9968448111016912 0.000939690252371293 0.07936963879131101
vn 0.9860412207802485 0.15181904313045633 0.06836438447868805
vn 0.9060452448371199 0.3365213393910262 0.2565841040331865
vn 0.9390329937303422 0.3437640688952701 -0.006580396826871639
vn 0.9273753860255621 0.37075976163951946 0.05012077955245882
vn 0.900102556677413 0.4328648687280476 -0.049430687673092
vn 0.903864378848589 0.40399557361284316 -0.14077201834840686
vn 0.8915964150687614 0.4522406090714177 -0.023114154608077222
vn 0.9923575197326491 0.0067926325744850965 0.12320881937902277
vn 0.9809653918821418 0.17159281647829777 0.09089997394147566
vn 0.9866827535370843 0.13063031342211104 0.09691679466283498
vn 0.9560939110093699 0.2849827902555179 0.06833185632621545
vn 0.9741292584855497 0.22572299975745683 0.011014315361757383
vn 0.9653442684514902 0.24927709948436766 0.07727464681587361
vn 0.949826899999837 0.3040728775443539 0.073270356752208
vn 0.8960079969214204 0.44348910717093926 0.02206991784277604
vn 0.9480177601166059 0.2779710603972266 -0.1549013107921778
vn 0.9492254467562888 0.3087888990224471 -0.06017031719069563
vn 0.9454301513674939 0.3246809128153214 -0.027278814832156866
vn 0.9456499417327235 0.32408476023646177 0.02674426823398969
vn 0.9041453248585829 0.42405431207527944 0.051953555669745355
vn 0.9863878189931756 0.0012126465066239897 -0.16443114069523532
vn 0.9762633145563689 0.14273187699895457 -0.16290350499534192
vn 0.9982784501591976 0.01129088506330722 -0.05755564144580275
vn 0.9860911325351119 0.14899236297936508 -0.07365836075725132
vn 0.9994817788283497 -0.00011050757311226039 -0.03218946377611817
vn 0.9839800612024273 0.17524850190762897 -0.03272921837134194
vn 0.9999522152952155 -0.005302576981645349 0.008212782935456926
vn 0.9841770030704785 0.17402390854095853 0.033336254788737724
vn 0.9976188433545454 -0.0029659947150974006 0.06890461711154755
vn 0.9953112056868245 3.0870644425463646e-07 0.09672437042516357
vn 0.5497386018773515 -0.7579163467288322 -0.3512125865727985
vn 0.7271997942553802 -0.5833315892094093 -0.3618075680045375
vn 0.8037286476284929 -0.47266505956455257 -0.36139729170002366
vn 0.6492728951678666 -0.6733718825863565 -0.3535746248565398
vn 0.9923602271596015 -0.12032021047045438 0.027280515099424692
vn 0.9864840224032193 -0.13171606401235852 0.09746872331295213
vn 0.9660079943776613 -0.24865788462149008 0.07069519937035369
vn 0.9498179285361826 -0.3035031299300887 0.07570834005494374
vn 0.9499807345572094 -0.30646691226491757 0.060121840099519236
vn 0.9380011226013166 -0.3466321918763998 -0.00013249012261460955
vn 0.9276428466425815 -0.37043732419633946 0.047486186571509215
vn 0.8921531030573173 -0.45101706582112777 -0.025425322875038535
vn 0.8981831557384528 -0.4365691743351608 -0.051714357465123255
vn 0.9046758483562923 -0.40432907629062237 -0.13446043085902615
vn 0.9043306791269716 -0.42347760334304635 0.053411068671015575
vn 0.9738630569685818 -0.2263908841016867 0.018382433665473364
vn 0.9853967833511972 -0.15558394447513324 0.06918681653806902
vn 0.9813836723433144 -0.17047047235583676 0.08846414930766061
vn 0.9486241879477411 -0.2789503770660248 -0.1493279517545575
vn 0.9762487265924263 -0.14461252008359146 -0.16132465050865247
vn 0.9488910948103013 -0.309327223363204 -0.06262874001700801
vn 0.9849643093222665 -0.15658820576387725 -0.07297563413194887
vn 0.9454105560278032 -0.32457863554728245 -0.029113397216136556
vn 0.9839899152593976 -0.17571752453207498 -0.029785873163684716
vn 0.9459352580513455 -0.32343753863450975 0.024385368100249747
vn 0.9852306990709077 -0.16763998858399434 0.03488988156770871
vn 0.8958645047919502 -0.44394149548660505 0.01851317474098667
vn 0.7851784579502291 -0.6011292830523493 0.14878969798970879
vn 0.744396100443568 -0.5711080045638018 0.3459914634316317
vn 0.8271126825982276 -0.43965516842641855 0.3501256105472736
vn 0.8758678145938736 -0.4625988045160194 0.13732413268941968
vn 0.9020341305357302 -0.3005795113200776 0.3098166953590983
vn 0.9384320319443064 -0.1640363386234784 0.30403519702804815
vn 0.9513446659491304 -0.006242755515789003 0.3080655037061238
vn 0.9387220254619001 0.1626800272150838 0.3038686684375459
vn 0.905380850544721 0.293104051073414 0.3072060069583133
vn 0.8533100339919071 0.36715099493557346 -0.37021903355520375
vn 0.9203273466275474 0.0012705299147657257 -0.3911469810739103
vn 0.9123605497497337 0.1266822507409448 -0.3892940207703842
vn 0.8900279710934497 0.24715843153811054 -0.3830964896614148
vn 0.853049241563203 -0.36747708420958597 -0.37049640220826036
vn 0.9130275126627938 -0.1283144358692042 -0.3871900911288407
vn 0.8911044766903334 -0.24504032480775897 -0.38195294322803
vn -0.08476210357417853 0.9937341712266784 0.0728545313217164
vn -0.11673021972355277 0.9931602948259498 0.002585456347249033
vn -0.4560317971824294 0.8879140526173352 0.0603625307887557
vn 0.7303623152459199 0.6398611673809922 -0.23905768121199003
vn 0.9144073074905193 -0.04892213241392455 -0.4018281983236282
vn 0.6922254727177342 0.6861289708255711 -0.22372065240954436
vn 0.9230346823932937 -0.1114066037306815 -0.36823300197606773
vn 0.6846113697395396 0.6782301553785408 -0.26704143640744543
vn 0.688321054839565 0.6619822543059547 -0.2966371865571728
vn 0.8751822125953546 -0.06344865713812939 -0.47961480655216204
vn 0.685826017331819 0.6592105410003777 -0.3083571575053263
vn 0.2717518781467397 -0.9424709581830264 -0.19467770726328038
vn 0.8580693750357486 -0.3704050021888614 -0.3556923979778444
vn 0.8440466787711005 -0.4094658745822272 -0.34629886169042867
vn 0.9010231856244838 -0.1977407534111952 -0.3860774707328567
vn 0.7595696717222798 -0.5569988878278375 -0.33586627213559267
vn 0.6113280141125723 -0.7475732564058913 -0.25963875956387916
vn 0.5678636759563216 -0.7462355518614525 -0.3473663004198988
vn 0.7113617559345474 -0.5680677410024962 -0.41383993744688086
vn 0.7988247191307509 -0.3997603166684085 -0.44952281068133876
vn 0.8538546903391384 -0.21299713680119767 -0.4749361930831826
vn 0.31544584186300223 -0.938143167580489 -0.1427631534163783
vn 0.04977726404930136 -0.9978746793526339 -0.042051733503438424
vn -0.027610443717772732 -0.9984122868887307 -0.04909754359764147
vn 0.2047143842409162 -0.9651351657983697 -0.16311386398530286
vn 0.3978366791269861 -0.8788814366265616 -0.263236390140958
vn 0.5655230605314224 -0.7761831606082996 -0.27878911240449067
vn -0.8289877570747413 -0.537211438053473 -0.15550938699869257
vn -0.1721551699840436 -0.9733496813495348 -0.1515024595989257
vn -0.24001917655324145 -0.9318820327088879 -0.2720049117222978
vn -0.6157458156802289 -0.6261008427979682 -0.47838773512702365
vn -0.3041098580043965 -0.879076507216016 -0.36707177598589025
vn -0.2853822332937709 -0.8358360836204803 -0.4689723043402854
vn -0.6259058397242646 -0.2666199949338845 -0.7329090380807965
vn -0.15083885552825804 -0.735039955556087 -0.6610324526065503
vn -0.12262698267761504 -0.7169280993533671 -0.6862774391432028
vn -0.28927052030175127 -0.022998974375548622 -0.956971061872838
vn -0.4326884527288686 -0.11326590581003065 -0.8944000992040034
vn -0.245553877996096 -0.7972642972713865 -0.5514280853361031
vn -0.19279537071049366 -0.7554374812320317 -0.6262141462650035
vn -0.6105892996016022 -0.7760028904619496 -0.15811458252395375
vn -0.8646438573601924 -0.1919457952385771 -0.4642712694314797
vn -0.7864815186843344 -0.4270259981414286 -0.4462013196745386
vn -0.4167993170887302 -0.11048681761381135 -0.9022588278359711
vn -0.307896614705368 -0.030335075674709777 -0.9509360955588887
vn -0.6975746525225593 -0.12999603569987225 -0.7046209157130863
vn -0.6536486374530937 -0.03501373574279262 -0.7559877625101138
vn -0.36182358916984086 -0.00575016219632333 -0.9322288484889161
vn -0.23283185809094012 -0.9190867078198277 -0.3179134306172529
vn -0.35395723810041546 -0.9200260006833488 -0.16812623728296627
vn -0.035204941305649814 -0.9975737606445221 -0.06006000483859058
vn -0.2461396117268312 0.7949799957739501 -0.5544565788754018
vn -0.04988653822788499 0.739113831135678 -0.6717306587670226
vn -0.2904255367772156 0.01604075851251243 -0.9567631376960599
vn -0.2077244156364492 0.00250970421682392 -0.9781841690260784
vn -0.2116148859967597 0.010850398088785929 -0.9772928982070285
vn -0.50698437698308 0.8406019589382371 -0.1906703650918955
vn -0.7181272496768848 0.5114085260178509 -0.47196882607621693
vn -0.6001234127154701 0.32367771784165483 -0.7314947877350567
vn -0.4422506673312189 0.08003260315115951 -0.8933135673871412
vn -0.7642329100380846 0.6303961593498293 -0.1361937645111023
vn -0.6772012145600158 0.1833216090360003 -0.7125950481577114
vn -0.8527813867406869 0.27706010903675027 -0.4427206821565656
vn -0.9104702643023562 0.3748838079338236 -0.1746597502867615
vn 0.9464404491980289 0.05911669260637466 -0.31742037234102705
vn 0.9228136650359476 0.1073902338354721 -0.3699760496298166
vn 0.6891178242346028 -0.6743074065763158 -0.26537924892216047
vn 0.8795604911180105 0.05742699473392055 -0.47230867315779257
vn 0.7135555704399975 -0.6358730163544697 -0.29411554696465486
vn 0.6984490839919625 -0.6341450062197055 -0.3317061774483529
vn 0.905785753123642 0.21779638998690412 -0.3634788878970951
vn 0.04960298906929351 0.9979213517670594 -0.041140237758139075
vn 0.01505238051283145 0.9973130453875438 -0.07169459770944928
vn 0.2260854108939441 0.9577200970828074 -0.17792583461828923
vn 0.3158358779107501 0.9381603424244666 -0.14178459058146456
vn 0.41918828567271943 0.865481876079548 -0.2742668469439806
vn 0.6117008371519017 0.7473811560029632 -0.25931350423635335
vn 0.8554709042750305 0.21519911572885309 -0.47101897257794323
vn 0.7999594509637993 0.3971507849600328 -0.44981788628213404
vn 0.8443132008526776 0.40992365374043227 -0.3451055157049802
vn 0.7131173191131099 0.5656552092762805 -0.4141230172298301
vn 0.5796001521549317 0.7345133237047253 -0.35292186234663564
vn 0.8664429448645063 0.37729035144171247 -0.3269994097907685
vn 0.7524623988019482 0.5680084405070256 -0.33341678107437017
vn 0.5694722606168358 0.7723164203201474 -0.2814759160067238
vn 0.2758610397474971 0.9408763202019481 -0.1966022299788869
vn 0.30683772708112905 0.5452390169341066 -0.7801057772202534
vn 0.45646326587967406 0.7098517524345295 -0.5364249961253573
vn -0.08692411270991458 0.042949587457813854 -0.9952886674562299
vn 0.09518763725884422 0.21105266317514043 -0.972828909459294
vn 0.37819482841118723 0.3786564587688014 -0.8447413556797747
vn 0.6482758215925902 0.4952944221119605 -0.5782922224647596
vn -0.04582282453644944 0.011775356343442827 -0.998880177866438
vn -0.07625102387226021 0.05152605008575895 -0.9957564197739283
vn 0.2233298683022723 0.016038456663049334 -0.9746109674285208
vn 0.13905492840161937 0.11019597504151385 -0.9841344288113645
vn 0.4613939018060368 0.031824321464487444 -0.8866244300376154
vn 0.455050489385129 0.16733006310997728 -0.8746025966631733
vn 0.6504794723164004 0.036585963379093214 -0.7586421576597238
vn 0.7624670905274694 0.227383498796374 -0.6057562879060318
vn 0.8022897639696249 0.04548081783429145 -0.5951996554423461
vn 0.9031357826271127 0.02907284777031873 -0.4283696157070858
vn -0.168480092664555 -0.015532022917166627 -0.9855826777291916
vn -0.1406915767331208 -0.7146025984101558 -0.685236460341831
vn -0.17186998323813618 -0.04123175114290358 -0.9842563952341953
vn -0.06874658324420212 -0.7554435813829484 -0.6515971935479407
vn 0.03327665186262061 0.7074404468722705 -0.7059891490454908
vn -0.22296751268497078 -0.0013728891971890322 -0.9748249091310345
vn 0.1223071791690616 -0.8517749513797253 -0.5094314341751729
vn 0.3124600067467444 -0.5495442515152916 -0.7748353759414461
vn 0.3839225462721161 -0.3560304991964278 -0.8519658221465678
vn 0.4540129980761613 -0.7108303849295557 -0.5372079312880581
vn 0.14477415524154258 -0.9148763720663486 -0.3768841570148762
vn 0.06635722655258389 -0.8241820569375378 -0.5624239108594675
vn 0.06657116914963147 -0.17155509206418673 -0.9829227486557117
vn 0.10325525268827795 -0.07605533715347497 -0.9917428792195844
vn 0.7499017761519492 -0.03080776679249004 -0.660831451755598
vn 0.7734215814692035 -0.22193851680387658 -0.59376961195111
vn 0.6580408133326072 -0.482268732503946 -0.5782725634487584
vn 0.46781953696707573 -0.15799844352809944 -0.8695868977132813
vn 0.5140346585536263 -0.012941165757604728 -0.8576717880602643
vn 0.33949551517960586 0.012149588327884701 -0.9405292035212924
vn 0.1052807486192686 -0.008743028558552962 -0.994404104688728
vn -0.09153763528421432 0.007156371096922506 -0.9957759023391244
vn 0.17715188099790732 0.7146652328018089 -0.6766615225378488
vn 0.41756538942833304 0.705541211724897 -0.5725825216589556
vn 0.6196410638784398 0.6829522832313816 -0.3868089073232907
vn -0.8033790279350116 -0.5869155117173953 0.10056002973201754
vn -0.7339364574460321 -0.2498995777475865 0.6315753933404518
vn -0.6133064785178625 -0.06537069686908757 0.7871352078257384
vn -0.7672439142888587 -0.32169059985965087 0.5548440627317267
vn -0.7153637996412451 -0.08766081742795943 0.6932317182953348
vn -0.7535309871609993 -0.2779644711333496 0.595757336652875
vn -0.6655184559153314 -0.07046019342419847 0.7430481451283607
vn -0.8147110237853373 -0.46182413587538573 0.3506628227308976
vn -0.789500354677601 -0.5125444990055295 0.33762009197189813
vn -0.7486889539010073 -0.5846406440137452 0.3125062682152293
vn -0.6397124360144082 -0.7629777297372566 0.09291384791027266
vn -0.7430687452154912 -0.6608559979027484 0.10544282773066121
vn -0.8423595372789198 0.005034174295604016 0.5388924447831921
vn -0.8107423041653892 -0.07686444300477538 0.5803350529118168
vn -0.8152455336589047 -0.2911629950400537 0.5005984719997787
vn -0.5223534354578064 -0.8454904503635798 0.11087284072043119
vn -0.7595106064812268 -0.06315095155442565 0.6474222702072346
vn -0.7351690493104943 -0.06124225406375788 0.6751117353839245
vn -0.794054116507477 -0.2744761632817306 0.5423475784473191
vn -0.3421373339818417 -0.9395918865015164 0.010446603099532178
vn -0.7613011827636573 -0.507060508326121 0.40411650550146105
vn -0.6224479219699052 -0.7708380281493942 0.13552608160092486
vn -0.6099481686943997 -0.7706834874019186 0.1844185287664033
vn -0.7488734861383205 -0.5610348106341821 0.3527441608527431
vn -0.4953786308728831 -0.8670796931657968 0.05265755191817454
vn -0.276067847968554 -0.9592505166087464 -0.0602078873891507
vn -0.3623372578598736 -0.6634393063614621 -0.6546449406672364
vn -0.18523547590614609 -0.6836304936875216 -0.705930001180272
vn -0.27124519844131134 -0.9624032592863321 0.014353007962751184
vn -0.11422511170036391 -0.9894484959908044 -0.08913078950943232
vn 0.07693373700967056 -0.9749854361661973 -0.20852961270173762
vn 0.7568395327565216 -0.38574795805266915 -0.5276290690580706
vn 0.8084500435578733 -0.16536522598790632 -0.5648565031096318
vn 0.6045997038092675 -0.6364485369117586 -0.4789493271909125
vn 0.4519395976031958 -0.7930943478670488 -0.4083527341644749
vn 0.27002887974117384 -0.9095255622105828 -0.31598679686222636
vn 0.028905867165363083 -0.6400190788959611 -0.7678151011100158
vn 0.2127653693930058 -0.5275053503084568 -0.8224773571248086
vn 0.3511968802317427 -0.3817669874855402 -0.8549355055100394
vn 0.45513171435074884 -0.2040654047851187 -0.8667251197248376
vn 0.4745620826735501 -0.05257438768375519 -0.8786505354509384
vn 0.3133870791830434 -0.8713283174675627 0.377591713071496
vn 0.27942656483995537 -0.8616167707767427 0.4237184621632624
vn -0.010230302310400848 -0.7730273386239257 0.6342902132735836
vn -0.6959104977775763 0.715315146607795 0.06350448894711694
vn -0.6824180466774371 0.6803561978817781 0.2672471769220433
vn 0.21210588437668423 0.9772084179772764 0.00864879454798275
vn -0.9859768940636522 -0.010657032654068286 0.1665412622373321
vn -0.9968623133475506 -0.07785679255812139 0.014277537600426698
vn -0.6822680508945884 -0.6817204355386465 0.26413548511606194
vn -0.6840639388199194 -0.7243794048873466 0.08562129046698216
vn 0.1888236797282056 -0.9810777335928976 0.04280302117985763
vn 0.508181422345305 -0.8612084642749693 -0.008463039894260912
vn 0.46478681173294467 -0.8853647972191933 -0.010119065378831128
vn 0.18142147885223145 -0.9760869971781151 0.11975149665402889
vn 0.0715059811163217 -0.9956288601901964 0.060083836603221585
vn 0.29462514416415997 -0.9002844854285738 0.3204432394712922
vn 0.250927241537193 -0.9427627462538062 0.2196222295909879
vn 0.29460252903872686 0.9003137263209077 0.3203818722745527
vn 0.312303868261473 0.8713887408476934 0.37834898730245364
vn 0.5081430802948318 0.8612325406821851 -0.008313893106629009
vn 0.18129980937921297 0.9761133524151137 0.11972093532874244
vn 0.2509289692285576 0.942772542939209 0.2195781971914123
vn 0.46468083445401026 0.8854177113456195 -0.010353672131648815
vn 0.16579794172862805 0.9827013525199539 0.08251723622373314
vn 0.27955850358476947 0.8613591080150236 0.4241550779054842
vn -0.7363284392066757 -0.010941419045393315 0.6765358194247619
vn -0.7108559575596398 0.02092173267006194 0.7030263783842324
vn -0.6875150748670598 0.09427049938412008 0.7200250653806503
vn -0.6683196041782938 0.21922091845312075 0.7108383048088636
vn -0.6688546048097287 0.18891312426466922 0.7189891161244261
vn -0.6871753510522579 0.12365040537417307 0.7158914821095502
vn -0.6660066700272709 -0.21766769370627018 0.7134815278588363
vn -0.6819676182774569 -0.165157380574482 0.7124908471431395
vn -0.6774058596502182 0.17881458671743453 0.7135451246337697
vn -0.6871487069499235 0.11604499685738331 0.7171891056349211
vn -0.6942996478624112 0.0678275214956295 0.7164826769056539
vn -0.7032648610489134 0.0006377913818502465 0.7109276534472447
vn -0.6976208102456374 -0.0836530892359687 0.7115668385847529
vn -0.7171863677996294 0.014185577775770751 0.6967370258752884
vn -0.6785849058705384 -0.07760799095897324 0.7304105183141767
vn -0.701940093706628 -0.03098575000407232 0.7115616544922971
vn -0.6736974647619022 -0.12818506987507527 0.7278051345205716
vn -0.667102438820429 -0.20378360391551997 0.7165518675539393
vn 0.45619188479114886 -0.5441684657610392 -0.7041091145000012
vn 0.4724405710389711 0.042749251129473476 -0.8803251719474119
vn 0.8087081294461338 0.1623560341028624 -0.5653597788648618
vn 0.7034867131517208 -0.6120232185922843 -0.3612949270650356
vn -0.420739057766311 -0.9071746324324402 -0.003582114038385115
vn -0.6033843467950283 -0.7974443530446259 0.0031358954024232437
vn -0.4211450173337638 -0.9067390468341838 -0.021474992926185512
vn -0.4300718271112128 -0.9026795885814104 -0.014414710670664922
vn -0.3917842924734161 -0.9190473606267381 0.043093121215936156
vn -0.41124133115620604 -0.9114855158640262 0.008644184111982017
vn -0.5962703561989448 -0.8022890593267401 0.028176720941197095
vn -0.44076950622386524 -0.587125153373645 -0.678974444776196
vn -0.3982134260172803 -0.6232909590776298 -0.6730040472921901
vn -0.6075186001818641 -0.79428085278368 -0.00625118663121684
vn -0.42056002691766436 -0.8701764562454012 -0.2567531864558042
vn -0.8865238329601912 0.2825115149892906 -0.366418800680351
vn -0.7757582864129134 0.526766025576371 0.34744299584273397
vn -0.5129443998537534 -0.8050978326288144 -0.29783472355495805
vn -0.3504467509749333 0.7914658098520578 -0.5007683561950967
vn -0.4594990224171224 -0.7992917284282581 -0.3872897897748871
vn -0.30420051034426343 -0.768445441300157 -0.5629863703956752
vn -0.38443781101630603 -0.7781210905415552 -0.49672440841518145
vn 0.7565638574906998 0.3853281642677805 -0.5283307064337778
vn 0.6078384759694597 0.6337231731915769 -0.47846350633159374
vn 0.4551491968058473 0.7904364058783401 -0.4099384062382109
vn 0.2704693207004568 0.9092231656185189 -0.3164799861957669
vn 0.0774085981052108 0.9743646255497972 -0.2112379828927297
vn -0.11142293585369624 0.9894113519199618 -0.0930059463564382
vn -0.26885206886773316 0.9630796870406299 0.014002909528459942
vn -0.23546559709386453 0.6819557312687775 -0.6924538491299594
vn -0.3548556057462262 0.649569821702244 -0.6724109947079937
vn -0.2330419036648543 0.9683819268605758 -0.08903883908755239
vn 0.4637474511103666 0.1645719584330981 -0.8705483169164896
vn 0.3813592704567672 0.3297750477743801 -0.8636049587062871
vn 0.2716927515177888 0.4674063988918939 -0.8412575747341624
vn 0.13302209814835092 0.5812172431467022 -0.8028023652638037
vn -0.0490289898267709 0.667198510036928 -0.7432646274114421
vn -0.6114238571016699 -0.736732800667959 0.28876573097731356
vn -0.7194059363938524 0.6093611249286556 0.3333678420408419
vn -0.8672039371494527 0.04617561924968723 0.4958075670856547
vn -0.7079364924398468 0.6158533953675923 0.3457607815906464
vn -0.8360296543663572 -0.04475566942952309 0.5468558741331985
vn -0.6993908321081576 0.60401147553337 0.38212903761302985
vn -0.8190097584608831 0.07403413788315374 0.5689832703812513
vn -0.6962108143273952 0.5881927534140089 0.41148485615491665
vn -0.7893077638562485 0.059013890450389274 0.6111551477735897
vn -0.6959829153378334 0.5661347549073825 0.44170037451173605
vn -0.6998820191114921 0.5410943759940192 0.46624246438099576
vn -0.75113699341216 0.05889141365477064 0.6575142724880452
vn -0.739914547626992 0.4205015810879456 0.5250760730717805
vn -0.7163090039247287 0.465745817423746 0.5195981567025135
vn -0.7126850642970725 0.5028315007207458 0.4891221534655741
vn -0.49970780519563734 0.8599008614883621 0.10422388324242807
vn -0.43768513880331084 0.8984389857331304 0.035200968531428345
vn -0.8150613099492572 0.290734112515103 0.501147420270579
vn -0.7919177416673038 0.27151951258456813 0.5469400741565716
vn -0.6167029734038599 0.7677673704157216 0.1738122766658501
vn -0.628062532256262 0.7606503055721529 0.16416019069446278
vn -0.7613040121674914 0.5070468121712659 0.40412835996083857
vn -0.7167797989786735 0.6333931806675247 0.29161584055048956
vn -0.7492451087310287 0.5576479149976848 0.3572961935724531
vn -0.6116216978542465 0.7869481091153125 0.08143446612904794
vn 0.3422026666838357 -0.9395333494901201 -0.013206820599490783
vn 0.15212916213706526 -0.988178145507315 -0.018991334055252673
vn 0.16029031689718332 -0.986760455801508 -0.024714715766135924
vn 0.22064459729303768 -0.9752997719775072 -0.010310987635329012
vn 0.1222812538737348 -0.9924315000994881 -0.011269984975450039
vn 0.6807128907491916 -0.6661915958007992 0.3046616451939162
vn 0.7268561917859653 -0.6562725220612967 0.20245111323405646
vn 0.631642122644079 -0.6719737275487181 0.38662583771129816
vn 0.763719677328417 -0.6379424826861998 0.09880102856522413
vn 0.5051539265067243 -0.6785267276703094 0.5333113446870045
vn 0.562959692541258 -0.6867869878704187 0.45978257673136097
vn 0.3461953550521023 -0.6837348335545648 0.6423826379382155
vn 0.24887545741740374 -0.9684040343360574 -0.015957223346381895
vn 0.39368220321528874 -0.6748419486593862 0.6241815979353753
vn 0.4523444695514618 -0.6773815332078391 0.5801195905459527
vn 0.3195416047839008 -0.9475537683772199 -0.0059176723683326896
vn 0.33417655183757067 -0.942203296444487 -0.024062010952821948
vn 0.7247195799674608 0.6589213484972712 0.20150480616184996
vn 0.6240592775475958 0.6696318615569828 0.40267007350249245
vn 0.45514957766443953 0.6887534594963988 0.564320417833366
vn -0.5775426791594338 -0.2477009708481201 0.7778744646729587
vn 0.07813220046472145 0.8760012490271888 0.4759382007712195
vn -0.2165441620991044 0.6003062066275971 0.7698968009708715
vn -0.29992244385026456 0.5604182805469579 0.7719960352901277
vn 0.05233017794068211 0.9294344299825051 0.3652577074337952
vn -0.22781845350957497 -0.5976305742104293 0.7687239094820832
vn -0.2991635706591005 -0.5616594192210072 0.7713882646182908
vn -0.3732780883674357 -0.5128001491276704 0.7731102610878942
vn -0.4925768967750441 -0.39402900504072685 0.7759569214525266
vn -0.4348677793495668 -0.4572348928142901 0.7757746240221326
vn -0.5385699895055245 -0.3236610924466967 0.7779369278034242
vn -0.6209819012293094 -0.08441700834394159 0.7792658384966527
vn -0.603814854964136 -0.16764482380360432 0.7792963710787429
vn -0.6260790237391192 -1.7876414166836247e-07 0.7797596142618822
vn -0.6213910174859315 0.08398034186790278 0.7789868455677215
vn -0.6040766018174551 0.1682546357559127 0.7789620251869284
vn -0.5785995878185027 0.2469489079929573 0.7773279576969713
vn -0.5388661680027801 0.32541838340400375 0.7769981523303157
vn -0.49392457883916535 0.3934414720374103 0.7753981677174564
vn -0.43470315689853806 0.45976661680863584 0.7743693068883775
vn -0.3707493614406982 0.5126312315473738 0.7744379455021154
vn 0.10777645715052823 0.9791479645370954 -0.17220191295959392
vn 0.11793504586043356 0.9875818205951207 -0.10379533991429692
vn -0.09256354548640729 0.9534408764769384 -0.28702349226130114
vn 0.12911901257093128 0.9894764609836119 -0.06530401022950054
vn -0.02441035040117554 0.9994886724288642 -0.020652565934485414
vn -0.09022785825766884 0.9925032372741823 -0.08243941772296914
vn -0.2049377147067275 -0.9330859026648649 -0.2955524172441809
vn -0.8657264906247548 -0.11589844477697442 -0.4869139492033731
vn -0.9260563206011235 -0.2545303849532822 -0.2786287390242493
vn -0.8419378281655837 -0.23003964959361706 -0.4880803756746077
vn -0.8832206523759211 -0.3801229270130014 -0.27464129255398
vn -0.802593015652829 -0.3393646329307981 -0.4905875020228731
vn -0.8249045684984991 -0.4906316687169302 -0.28073656427751836
vn -0.7500894735866565 -0.44331717381445473 -0.4907501044479329
vn -0.7514654621196957 -0.5963414906861311 -0.28227023528433776
vn -0.6830360404851604 -0.5380656735546957 -0.4939100103667529
vn -0.6644750835207182 -0.6912068954537071 -0.2840878227896841
vn -0.6043820228645463 -0.6258045862230828 -0.49304258467227274
vn -0.5704966020776272 -0.771862434791982 -0.2806456997263179
vn -0.5177746949882135 -0.6977107747777416 -0.4950848816000203
vn -0.45431780972904146 -0.8435264757239366 -0.2864583957850805
vn -0.4163761902209954 -0.7615576085972696 -0.4966496521741028
vn -0.3449911564849067 -0.8940920450924315 -0.28562303277158846
vn -0.31291545246626684 -0.8082323622987654 -0.49884302956019005
vn -0.20477991256164071 -0.839492156045886 -0.5033071699754299
vn -0.41736264152891694 0.7604332426504647 -0.49754367539755157
vn -0.5655153951588207 0.7735058714502556 -0.28614857097379254
vn -0.5152722116833643 0.69800622913934 -0.49727442318061527
vn -0.6665586163831987 0.6905271376502204 -0.28084138422588106
vn -0.6051644249285267 0.6243305222210807 -0.49395082530964385
vn -0.7514656170426439 0.5963416258944338 -0.2822695371950391
vn -0.683034545858585 0.5380669373047843 -0.4939107005757274
vn -0.8241092294417683 0.4943762958573744 -0.27647071462134376
vn -0.7513009791624179 0.4423345589064211 -0.489782581056793
vn -0.8843868593225833 0.3746965536520376 -0.2783206347700853
vn -0.8027413393136839 0.3415197755579489 -0.4888461772988731
vn -0.9259806341935513 0.2607164852911987 -0.2731058025672705
vn -0.8429534299762259 0.22870077867845356 -0.4869553046463144
vn -0.953396224298725 0.12451383655335592 -0.274830755192535
vn -0.8667394509768573 0.11736839125936209 -0.48475497403690987
vn -0.9606073510101079 -3.6558017471756144e-07 -0.27790918873835324
vn -0.8740605611244372 0.0005912966468748015 -0.485816617516434
vn 0.07037154914816345 0.9663726747985036 -0.2473291298518499
vn -0.22258195396333086 0.9307450123226261 -0.29012238074030106
vn -0.2048153451054559 0.8394913269083799 -0.5032941351286946
vn -0.33907028888664265 0.8946685839296504 -0.2908598702530873
vn -0.3110166079077936 0.8079917815257993 -0.5004177760554622
vn -0.19323806977320696 -0.978685898150947 -0.06951950194585324
vn -0.28953765134313486 -0.9558196364228154 -0.05076190582767746
vn -0.36722348269308464 -0.9276991158574142 -0.06724034649028678
vn -0.46579696920754743 -0.882495836679584 -0.06507135867848743
vn -0.5448624888988739 -0.8368615387726325 -0.052798040816171066
vn -0.6071235696103296 -0.7921675038982511 -0.06222231907624139
vn -0.6892140598726493 -0.7220406555766745 -0.060342947958036915
vn -0.7800865876560632 -0.6229314376183832 -0.05849221987421618
vn -0.8567984325993205 -0.5124915341790486 -0.05699888849927473
vn -0.9074483978263327 -0.416405615479625 -0.05606932030492982
vn -0.9526355053716297 -0.13293408871270773 -0.27352170291123395
vn -0.963762196937122 -0.2615167371370598 -0.05264431547772339
vn -0.9393183493430832 -0.3410559571687593 -0.036903559002988605
vn -0.9987133539713843 0.008941423446490819 -0.04991680624778733
vn -0.998092998388074 -0.06041139784085859 -0.01268186025856034
vn -0.9867788638526711 -0.15260295533829352 -0.05458765314290741
vn -0.9909196862842269 0.12281994302043066 -0.054712310596678665
vn -0.9770231645705157 0.20960910710506284 -0.03859738477194028
vn -0.9561667985534532 0.2874829943796056 -0.05566490174765313
vn -0.9195744851003468 0.38883851514021756 -0.056456846316305015
vn -0.8786705433475396 0.47472786185040194 -0.05071028925460042
vn -0.8409755148101005 0.5379231048712968 -0.058300229292091096
vn -0.780395880024612 0.6224634262490837 -0.059342677921231546
vn -0.7107552960089545 0.7008701245610608 -0.06006644398486486
vn -0.46084122798045546 0.8410492357041062 -0.2833046870685425
vn -0.5848733972939134 0.808704014559792 -0.06261729771198761
vn -0.6567024586475726 0.7521008792534976 -0.055553111815173715
vn -0.34355595373356584 0.9369212514395991 -0.06440400030336166
vn -0.41504060943568666 0.908965923055667 -0.03901593575467514
vn -0.4918741710174739 0.8682641887335484 -0.06463047616060055
vn -0.23555945473073583 0.9693349494355831 -0.07001070696453342
vn -0.14820314634046966 0.9872327616906507 -0.058372096582495925
vn 0.044756975024184756 0.9486301229506948 -0.31320552839506893
vn -0.2547868915279518 0.7391649432145321 -0.6234731963991568
vn 0.019600381221225597 0.9473105643193728 -0.31971631141512613
vn -0.42709247539866607 0.6598154498998305 -0.6182520436936089
vn -0.3577574966020953 0.6987665151057968 -0.6194634218353027
vn -0.3012297170339564 0.729672277934158 -0.613872156389276
vn -0.584061182749241 0.5326688653474478 -0.612483807700269
vn -0.5219098820353797 0.5898939282915803 -0.6161454604219236
vn -0.47947422696723274 0.6343065539581826 -0.6064319098463319
vn -0.6537644287451353 0.4429327185685677 -0.6135166489419865
vn -0.6288037068711588 0.5072139706289154 -0.5893554837480852
vn -0.7446204509439149 0.267317064890485 -0.6116224087248743
vn -0.7292094675066129 0.32830231926916326 -0.6003924880119756
vn -0.697364845668567 0.37022893476583923 -0.6136878749721293
vn -0.7446170855761596 -0.2673143184451232 -0.6116277062251887
vn -0.7685993890039973 -0.19076538622248365 -0.6106255371682949
vn -0.7859908334871064 -0.09574701111108218 -0.6107789449035862
vn -0.7913467098623921 0.0005290876598629116 -0.6113674057849463
vn -0.7846208831994251 0.09652737525429689 -0.6124153292283515
vn -0.7677736560008137 0.1887655529762527 -0.6122835774056935
vn -0.6537647373952932 -0.4429316796875265 -0.6135170700703035
vn -0.6958365431934169 -0.3751496419307102 -0.6124330586406126
vn -0.7294758291487551 -0.3216753858633008 -0.6036472155302572
vn -0.5797681112109555 -0.5344885614431639 -0.6149722879197876
vn -0.6256387224578555 -0.4950653214309498 -0.6028984296527672
vn -0.4270919140001463 -0.6598133798733038 -0.6182546406909203
vn -0.49055814587250196 -0.6339221006877556 -0.5979092537983972
vn -0.5153313935890848 -0.5932658437611579 -0.6184409376875802
vn -0.25405006401922586 -0.7399922221260761 -0.6227921612903773
vn -0.3063496696046673 -0.7292571097166288 -0.6118283647076687
vn -0.3536412324476825 -0.6998577823739365 -0.6205940405478608
vn -0.5217097198097057 0.3577065334411535 -0.7745095249185715
vn -0.2872421416863095 -0.5534937011998049 -0.7817523103717718
vn -0.22694491203708958 -0.5744526131769444 -0.7864478381397317
vn -0.22728400751392983 0.5754844887895255 -0.7855950503224078
vn -0.2893295664003626 0.5537468482300298 -0.7808026831933189
vn -0.3515045834948436 0.5211198788215171 -0.7777394163080354
vn -0.4181431446610115 0.4704526886133404 -0.7770653629840157
vn -0.4697752032470846 0.4179272205780173 -0.7775912144013033
vn -0.5942203896157138 0.22280549272901737 -0.7728258801144856
vn -0.5585314743521257 0.29371433325628826 -0.7757412471938405
vn -0.6140504217043625 0.15150071266027232 -0.7745899648640721
vn -0.6282100641606442 0.07633747803285694 -0.7742898066840751
vn -0.6329464737782299 2.2974606879191236e-07 -0.7741955575509665
vn -0.6282104882725827 -0.0763398111276208 -0.7742892325619171
vn -0.6140532453791413 -0.15149851131882136 -0.7745881569631212
vn -0.5949028256985339 -0.22198161094484295 -0.7725378905776934
vn -0.5587122074190599 -0.2962712277926263 -0.774637998592356
vn -0.5224423008659506 -0.35708300986864694 -0.7743034071531903
vn -0.4691685368566406 -0.4218808218525697 -0.7758205051278289
vn -0.35218054250333175 -0.5203482411478386 -0.7779502383934396
vn -0.41456566038342296 -0.4708456552959493 -0.7787423721101765
vn -0.2070710462204127 -0.3813107416446864 -0.9009571022660083
vn -0.25226908109362034 -0.3566588937079762 -0.8995302909091961
vn -0.29971784742231405 -0.3274445480956609 -0.8960743718347058
vn -0.33312904855781633 -0.29124427656669233 -0.8967729971258658
vn -0.36572866901244955 -0.24970150006685018 -0.8966000789241249
vn -0.39395021632449984 -0.20248841973735876 -0.8965498686242428
vn -0.4204367660516903 -0.15417504981393215 -0.8941269371665679
vn -0.43343498799840846 -0.10643610654225959 -0.8948773471280542
vn -0.44275651041260816 -0.054172849270501915 -0.8950038965776436
vn -0.4449598956835733 0.0007750495585569149 -0.8955501608125842
vn -0.4444555197097927 0.05510858239860802 -0.8941042082137372
vn -0.4338199109369227 0.10372997784078253 -0.8950085902223683
vn -0.41731128368057124 0.15449435548522114 -0.895534916480692
vn -0.39300725139839193 0.203701913320044 -0.8966888149508916
vn -0.3664761721287163 0.250330016567801 -0.8961194664033629
vn -0.33423602915258877 0.28873185567731763 -0.8971734460701801
vn -0.2954783727560207 0.32584642896913146 -0.8980627127108212
vn -0.25075513157597284 0.35731715223728905 -0.8996923455856178
vn -0.20774441665141455 0.3814052744305968 -0.9007620518131769
vn 0.04539804217975521 0.8482507904296072 -0.5276453489814835
vn 0.036792229893635515 0.9260218904211427 -0.3756724507869949
vn 0.05604279148611439 0.8069926661191894 -0.5878962853703759
vn -0.9046976921085779 -0.42238049648438003 0.05582832688717583
vn -0.8532781125683976 -0.5197106298260575 0.042630081603431506
vn -0.7932555230220428 -0.6088877343681098 0.0011841161662810502
vn -0.7927206818475024 -0.6095822912269093 -0.0018305173538067682
vn -0.7237803349182496 -0.690029459246646 -0.0011713912273035533
vn -0.48377675479880927 -0.5585593375657497 -0.6737740852351354
vn -0.7211245822032373 -0.6917629199139902 0.03799209884011284
vn -0.5368245117645772 -0.5142365624083696 -0.668864860379992
vn -0.5747602587090075 -0.46571457284160134 -0.6728748632931087
vn -0.8000807791957917 -0.5984417845413524 0.04169145327781435
vn -0.6013140931571859 -0.43299067486792464 -0.6715209876451892
vn -0.6263065286382172 -0.39690493073253497 -0.6709743721971411
vn -0.6496037697568974 -0.36083394947958597 -0.6691889144483725
vn -0.6801209939150891 -0.3135890348187893 -0.6626442113814707
vn -0.7240142508749942 -0.689784396222799 -0.0009226361523758134
vn -0.9420958595224089 -0.33141370581207735 0.051189325749019944
vn -0.9990450241143831 0.00014587384317085245 0.04369231640818974
vn -0.9921789183180304 -0.11642905592554845 0.04500298858463316
vn -0.9724027288987565 -0.2282836072343193 0.04816147317450272
vn -0.7077468192451924 -0.2446246413949182 -0.6627618159419874
vn -0.7293159278169312 -0.16815869021159702 -0.6631899670070778
vn -0.7426031500802707 -0.08487699247544739 -0.6643315871153364
vn -0.7466421859909252 -0.0010643798203055037 -0.665225009447398
vn 0.47271740048025196 0.4963859388027218 -0.7281066261490372
vn 0.7237599168573496 0.583272822711198 -0.368733504088188
vn 0.7181200041010602 0.6098917295435328 -0.33516523976136225
vn -0.9922267830129874 0.11637242631358725 0.04408479857713914
vn -0.9066862276877324 0.41772363384692096 0.05854101337620087
vn -0.942081910167023 0.33144746254656865 0.05122747414712587
vn -0.9723114145040894 0.22888991253563512 0.04711603935483018
vn -0.7430784199493791 0.07963485784932867 -0.6644492089097943
vn -0.7315574907031721 0.16002265010879968 -0.6627340260226835
vn -0.7105020099187335 0.23907882052969434 -0.6618369976629974
vn -0.6821234671449209 0.3055247205646845 -0.6643509770400458
vn -0.854340496491509 0.5177415395140237 0.04523288976276658
vn -0.6052567118818417 0.7960303310878479 -0.00015719463333075415
vn -0.7933004753769342 0.6088301240039226 -0.0004856666538325462
vn -0.7899449918632913 0.6131777119180365 -5.862649681774904e-05
vn -0.8003238472910622 0.5980972118572051 0.04196980612142675
vn -0.5569862335088147 0.48987847233969756 -0.6706604342137594
vn -0.5916417597960443 0.4469131255314426 -0.6709908242987807
vn -0.6198191356255359 0.40788508449723876 -0.6704133030877997
vn -0.6521147518713715 0.36092392188532024 -0.6666935375437945
vn -0.7221633195526538 0.6917002231046178 0.005562485929312782
vn -0.725154959197147 0.6885856365213555 0.00032608014930521
vn -0.7212627380124526 0.6917308346335668 0.035895893524595754
vn -0.5115082783082967 0.5354450140672734 -0.6720549963601041
vn -0.457062284559831 0.5813280215279829 -0.6731655067064185
vn -0.5960653611142857 0.8023475296547175 0.030733156959033153
vn -0.6083671474436894 0.7936189523483624 -0.007640182243615339
vn -0.40418952676933684 0.6165065930377089 -0.6756851686925032
vn -0.3941376881408968 0.9180520976105289 0.04284657349027298
vn -0.41904803997231294 0.9079621898615194 -0.0018444449671770004
vn -0.4205921198869174 0.9069772941636912 -0.02223637921375947
vn -0.41935785749702575 0.9077606938042945 -0.01046470923869192
vn -0.40167216126135635 0.9157270684480654 0.010169118897082495
vn -0.8809702068658078 -0.2989427905030918 -0.3667760933063118
vn -0.33929904074623923 -0.5681116456996003 -0.7497501710364419
vn -0.7456786979970976 -0.5899376258528195 0.30973678657287756
vn -0.4069963802214422 0.523836058596538 -0.7482978886784912
vn -0.41072336202701204 -0.5228525829447144 -0.7469481216210859
vn -0.4744696118796686 -0.4668335251704646 -0.7462875097304481
vn -0.5320472172855989 -0.40220661572307237 -0.7450876437354491
vn -0.5805963728600448 -0.3305468872699901 -0.7440743290410444
vn -0.6192649306969815 -0.2531063962152626 -0.7432685233506027
vn -0.6473779646049777 -0.17123695412650985 -0.7426841027552643
vn -0.6644431620863832 -0.08637425540076665 -0.7423306354722344
vn -0.6701711781997715 -8.536005821353534e-08 -0.7422065695682859
vn -0.6644476277089106 0.08637624308940794 -0.7423264070890653
vn -0.6473839547803502 0.17123738046993098 -0.7426787829356307
vn -0.6192668090678377 0.25310553826521565 -0.743267250513847
vn -0.58059543816041 0.330546414014621 -0.7440752686183006
vn -0.5320438394074113 0.4022059114939555 -0.7450904359256917
vn -0.4744684971148578 0.4668340598912965 -0.7462878839770732
vn -0.4205581147878958 0.8701768043002813 -0.2567551388848936
vn 0.23344300831925582 -0.6443019910891467 -0.7282714508652779
vn 0.5138689702771794 -0.41651018674878426 -0.7499719632898046
vn 0.6111257364292906 -0.2503400587834868 -0.7509029159898352
vn 0.6591905511305179 -0.049451464961288535 -0.7503481657960033
vn 0.6397429918580637 0.15332881885482433 -0.7531395472799698
vn 0.36378687605213356 -0.5592799619239112 -0.7448926318622155
vn 0.5711981970440558 0.33408570448817204 -0.74974619822328
vn 0.44352602917422107 0.4968105640993319 -0.7459650962640622
vn 0.28807983702411144 0.6057892557324208 -0.741639659901843
vn -0.6004753152105804 0.7409153893275542 0.30078859965157095
vn -0.7189962228451746 -0.5882137892708262 0.3702012555975843
vn -0.7157461539534926 -0.5503273301251362 0.429938684951846
vn -0.6909008939513125 -0.5868760837879253 0.4221758129204293
vn -0.7038823509840092 -0.5506592269986762 0.4486914883240426
vn -0.7036214395847272 -0.5178767026190132 0.48653940296873627
vn -0.7291881621335466 -0.44830479976030024 0.5170178243698931
vn -0.716324229921235 -0.4870160488999085 0.49969487263896495
vn 0.9947388308234945 0.10243782574862037 0.0010725240334841226
vn 0.9973913874842026 -0.07170861651211716 -0.008264048054996632
vn 0.9916147071692373 -0.12763934881068625 -0.020210620001663026
vn 0.5948960141163633 -0.8038021331317168 -0.0009290647800478551
vn 0.48694903514746274 0.8731490567717317 -0.022166682827845466
f 1//1 2//2 3//3
f 3//3 2//2 4//4
f 3//3 4//4 5//5
f 5//5 4//4 6//6
f 6//6 4//4 7//7
f 7//7 4//4 8//8
f 7//7 8//8 9//9
f 9//9 8//8 10//10
f 10//10 8//8 11//11
f 10//10 11//11 12//12
f 13//13 14//14 15//15
f 16//16 4//4 17//17
f 17//17 4//4 2//2
f 17//17 2//2 18//18
f 18//18 2//2 19//19
f 18//18 19//19 14//14
f 14//14 19//19 20//20
f 14//14 20//20 15//15
f 21//21 22//22 23//23
f 23//23 22//22 13//13
f 23//23 13//13 24//24
f 24//24 13//13 15//15
f 25//25 26//26 27//27
f 28//28 29//29 30//30
f 30//30 29//29 31//31
f 32//32 33//33 31//31
f 31//31 33//33 34//34
f 31//31 34//34 30//30
f 26//26 25//25 35//35
f 35//35 25//25 36//36
f 35//35 36//36 37//37
f 28//28 25//25 29//29
f 29//29 25//25 27//27
f 29//29 27//27 38//38
f 38//38 27//27 11//11
f 38//38 11//11 16//16
f 16//16 11//11 8//8
f 16//16 8//8 4//4
f 39//39 40//40 41//41
f 41//41 40//40 22//22
f 41//41 22//22 42//42
f 42//42 22//22 21//21
f 43//43 44//44 45//45
f 45//45 44//44 46//46
f 45//45 46//46 31//31
f 31//31 46//46 47//47
f 31//31 47//47 32//32
f 48//48 49//49 50//50
f 50//50 49//49 51//51
f 50//50 51//51 45//45
f 45//45 51//51 52//52
f 45//45 52//52 43//43
f 39//39 53//53 40//40
f 40//40 53//53 54//54
f 40//40 54//54 50//50
f 50//50 54//54 55//55
f 50//50 55//55 48//48
f 56//56 57//57 58//58
f 56//56 58//58 59//59
f 60//60 59//59 58//58
f 61//61 60//60 58//58
f 62//62 63//63 58//58
f 62//62 58//58 64//64
f 65//65 64//64 58//58
f 66//66 65//65 58//58
f 67//67 66//66 58//58
f 68//68 67//67 58//58
f 69//69 68//68 58//58
f 70//70 69//69 58//58
f 71//71 70//70 58//58
f 72//72 71//71 58//58
f 73//73 72//72 58//58
f 74//74 73//73 58//58
f 75//75 74//74 58//58
f 76//76 75//75 58//58
f 77//77 76//76 58//58
f 78//78 77//77 58//58
f 79//79 78//78 58//58
f 80//80 79//79 58//58
f 81//81 80//80 58//58
f 82//82 81//81 58//58
f 83//83 82//82 58//58
f 84//84 83//83 58//58
f 85//85 84//84 58//58
f 86//86 85//85 58//58
f 57//57 86//86 58//58
f 87//87 88//88 89//89
f 90//90 91//91 92//92
f 90//90 93//93 94//94
f 95//95 96//96 97//97
f 98//98 99//99 100//100
f 46//46 101//101 102//102
f 101//101 46//46 44//44
f 41//41 103//103 39//39
f 92//92 91//91 104//104
f 105//105 106//106 23//23
f 104//104 91//91 107//107
f 107//107 91//91 108//108
f 107//107 108//108 109//109
f 109//109 108//108 110//110
f 109//109 110//110 111//111
f 111//111 110//110 105//105
f 111//111 105//105 112//112
f 112//112 105//105 23//23
f 112//112 23//23 24//24
f 113//113 42//42 21//21
f 103//103 41//41 114//114
f 54//54 53//53 115//115
f 115//115 116//116 54//54
f 54//54 116//116 117//117
f 54//54 117//117 55//55
f 49//49 48//48 61//61
f 65//65 52//52 64//64
f 64//64 52//52 51//51
f 64//64 51//51 62//62
f 62//62 51//51 49//49
f 62//62 49//49 63//63
f 63//63 49//49 61//61
f 63//63 61//61 58//58
f 118//118 34//34 33//33
f 34//34 118//118 30//30
f 30//30 118//118 119//119
f 30//30 119//119 28//28
f 120//120 121//121 98//98
f 122//122 123//123 124//124
f 125//125 123//123 126//126
f 126//126 123//123 122//122
f 126//126 122//122 127//127
f 128//128 129//129 87//87
f 87//87 129//129 130//130
f 87//87 130//130 88//88
f 88//88 130//130 127//127
f 88//88 127//127 89//89
f 89//89 127//127 122//122
f 89//89 122//122 120//120
f 120//120 122//122 124//124
f 120//120 124//124 121//121
f 131//131 132//132 133//133
f 133//133 132//132 134//134
f 135//135 136//136 137//137
f 137//137 136//136 138//138
f 137//137 138//138 139//139
f 97//97 96//96 140//140
f 140//140 96//96 141//141
f 140//140 141//141 93//93
f 142//142 143//143 144//144
f 145//145 143//143 146//146
f 146//146 143//143 142//142
f 146//146 142//142 100//100
f 118//118 145//145 119//119
f 119//119 145//145 146//146
f 119//119 146//146 28//28
f 28//28 146//146 100//100
f 28//28 100//100 25//25
f 25//25 100//100 99//99
f 25//25 99//99 36//36
f 90//90 94//94 91//91
f 91//91 94//94 147//147
f 91//91 147//147 108//108
f 108//108 147//147 148//148
f 108//108 148//148 110//110
f 110//110 148//148 149//149
f 110//110 149//149 105//105
f 105//105 149//149 113//113
f 105//105 113//113 106//106
f 106//106 113//113 21//21
f 106//106 21//21 23//23
f 150//150 144//144 151//151
f 151//151 144//144 143//143
f 151//151 143//143 152//152
f 152//152 143//143 145//145
f 152//152 145//145 153//153
f 153//153 145//145 118//118
f 153//153 118//118 154//154
f 154//154 118//118 33//33
f 154//154 33//33 155//155
f 155//155 33//33 32//32
f 155//155 32//32 102//102
f 102//102 32//32 47//47
f 102//102 47//47 46//46
f 93//93 141//141 94//94
f 94//94 141//141 156//156
f 94//94 156//156 147//147
f 147//147 156//156 157//157
f 147//147 157//157 148//148
f 148//148 157//157 158//158
f 148//148 158//158 149//149
f 149//149 158//158 114//114
f 149//149 114//114 113//113
f 113//113 114//114 41//41
f 113//113 41//41 42//42
f 102//102 159//159 155//155
f 155//155 159//159 160//160
f 155//155 160//160 154//154
f 154//154 160//160 161//161
f 154//154 161//161 153//153
f 153//153 161//161 162//162
f 153//153 162//162 152//152
f 152//152 162//162 163//163
f 152//152 163//163 151//151
f 151//151 163//163 164//164
f 151//151 164//164 150//150
f 150//150 164//164 165//165
f 150//150 165//165 166//166
f 166//166 165//165 167//167
f 139//139 138//138 95//95
f 95//95 138//138 168//168
f 95//95 168//168 96//96
f 96//96 168//168 169//169
f 96//96 169//169 141//141
f 141//141 169//169 170//170
f 141//141 170//170 156//156
f 156//156 170//170 171//171
f 156//156 171//171 157//157
f 157//157 171//171 172//172
f 157//157 172//172 158//158
f 158//158 172//172 173//173
f 158//158 173//173 114//114
f 114//114 173//173 115//115
f 114//114 115//115 103//103
f 103//103 115//115 53//53
f 103//103 53//53 39//39
f 76//76 167//167 75//75
f 75//75 167//167 165//165
f 75//75 165//165 74//74
f 74//74 165//165 164//164
f 74//74 164//164 73//73
f 73//73 164//164 163//163
f 73//73 163//163 72//72
f 72//72 163//163 162//162
f 72//72 162//162 71//71
f 71//71 162//162 161//161
f 71//71 161//161 70//70
f 70//70 161//161 160//160
f 70//70 160//160 69//69
f 69//69 160//160 159//159
f 69//69 159//159 68//68
f 68//68 159//159 102//102
f 68//68 102//102 67//67
f 67//67 102//102 101//101
f 67//67 101//101 66//66
f 66//66 101//101 44//44
f 66//66 44//44 65//65
f 65//65 44//44 43//43
f 65//65 43//43 52//52
f 98//98 100//100 120//120
f 120//120 100//100 142//142
f 120//120 142//142 89//89
f 89//89 142//142 144//144
f 89//89 144//144 87//87
f 87//87 144//144 150//150
f 87//87 150//150 128//128
f 128//128 150//150 166//166
f 128//128 166//166 134//134
f 134//134 166//166 167//167
f 134//134 167//167 133//133
f 133//133 167//167 76//76
f 133//133 76//76 131//131
f 131//131 76//76 77//77
f 131//131 77//77 174//174
f 174//174 77//77 78//78
f 174//174 78//78 175//175
f 175//175 78//78 79//79
f 175//175 79//79 176//176
f 176//176 79//79 80//80
f 176//176 80//80 135//135
f 135//135 80//80 81//81
f 135//135 81//81 136//136
f 136//136 81//81 82//82
f 136//136 82//82 138//138
f 138//138 82//82 83//83
f 138//138 83//83 168//168
f 168//168 83//83 84//84
f 168//168 84//84 169//169
f 169//169 84//84 85//85
f 169//169 85//85 170//170
f 170//170 85//85 86//86
f 170//170 86//86 171//171
f 171//171 86//86 57//57
f 171//171 57//57 172//172
f 172//172 57//57 56//56
f 172//172 56//56 173//173
f 173//173 56//56 59//59
f 173//173 59//59 115//115
f 115//115 59//59 60//60
f 115//115 60//60 116//116
f 116//116 60//60 61//61
f 116//116 61//61 117//117
f 117//117 61//61 48//48
f 117//117 48//48 55//55
f 126//126 177//177 178//178
f 179//179 180//180 181//181
f 181//181 180//180 182//182
f 181//181 182//182 178//178
f 183//183 90//90 184//184
f 184//184 90//90 92//92
f 184//184 92//92 185//185
f 182//182 186//186 178//178
f 178//178 186//186 187//187
f 178//178 187//187 126//126
f 126//126 187//187 188//188
f 126//126 188//188 125//125
f 125//125 188//188 189//189
f 125//125 189//189 190//190
f 97//97 140//140 183//183
f 183//183 140//140 93//93
f 183//183 93//93 90//90
f 97//97 183//183 95//95
f 95//95 183//183 191//191
f 95//95 191//191 139//139
f 139//139 191//191 192//192
f 139//139 192//192 137//137
f 174//174 193//193 131//131
f 131//131 193//193 132//132
f 132//132 193//193 134//134
f 134//134 193//193 194//194
f 134//134 194//194 128//128
f 126//126 127//127 177//177
f 177//177 127//127 130//130
f 177//177 130//130 194//194
f 194//194 130//130 129//129
f 194//194 129//129 128//128
f 92//92 195//195 185//185
f 185//185 195//195 196//196
f 185//185 196//196 197//197
f 197//197 196//196 198//198
f 197//197 198//198 179//179
f 179//179 198//198 199//199
f 179//179 199//199 180//180
f 174//174 175//175 193//193
f 193//193 175//175 176//176
f 193//193 176//176 192//192
f 192//192 176//176 135//135
f 192//192 135//135 137//137
f 200//200 186//186 201//201
f 201//201 186//186 182//182
f 201//201 182//182 202//202
f 202//202 182//182 203//203
f 204//204 203//203 182//182
f 204//204 182//182 205//205
f 205//205 182//182 180//180
f 205//205 180//180 206//206
f 206//206 180//180 207//207
f 207//207 180//180 199//199
f 207//207 199//199 208//208
f 209//209 210//210 15//15
f 15//15 210//210 211//211
f 211//211 212//212 195//195
f 104//104 107//107 15//15
f 15//15 107//107 109//109
f 211//211 195//195 15//15
f 15//15 195//195 92//92
f 15//15 92//92 104//104
f 109//109 111//111 15//15
f 15//15 111//111 112//112
f 15//15 112//112 24//24
f 213//213 211//211 210//210
f 210//210 214//214 213//213
f 213//213 214//214 215//215
f 213//213 215//215 216//216
f 217//217 218//218 219//219
f 219//219 218//218 220//220
f 219//219 220//220 221//221
f 221//221 220//220 222//222
f 221//221 222//222 223//223
f 223//223 222//222 224//224
f 223//223 224//224 225//225
f 225//225 224//224 226//226
f 225//225 226//226 227//227
f 227//227 226//226 228//228
f 227//227 228//228 229//229
f 229//229 228//228 230//230
f 229//229 230//230 231//231
f 231//231 230//230 232//232
f 231//231 232//232 233//233
f 233//233 232//232 234//234
f 233//233 234//234 235//235
f 235//235 234//234 236//236
f 235//235 236//236 237//237
f 237//237 236//236 238//238
f 237//237 238//238 239//239
f 239//239 238//238 240//240
f 239//239 240//240 217//217
f 217//217 240//240 218//218
f 241//241 242//242 243//243
f 243//243 242//242 244//244
f 243//243 244//244 245//245
f 246//246 247//247 243//243
f 243//243 247//247 248//248
f 243//243 248//248 241//241
f 249//249 250//250 243//243
f 243//243 250//250 251//251
f 243//243 251//251 246//246
f 245//245 252//252 243//243
f 243//243 252//252 253//253
f 243//243 253//253 249//249
f 254//254 255//255 256//256
f 256//256 255//255 257//257
f 256//256 257//257 258//258
f 258//258 257//257 259//259
f 258//258 259//259 260//260
f 260//260 259//259 261//261
f 260//260 261//261 262//262
f 262//262 261//261 263//263
f 262//262 263//263 264//264
f 264//264 263//263 265//265
f 264//264 265//265 266//266
f 266//266 265//265 267//267
f 266//266 267//267 268//268
f 268//268 267//267 269//269
f 268//268 269//269 270//270
f 270//270 269//269 271//271
f 270//270 271//271 272//272
f 272//272 271//271 273//273
f 272//272 273//273 274//274
f 274//274 273//273 275//275
f 274//274 275//275 276//276
f 276//276 275//275 277//277
f 276//276 277//277 254//254
f 254//254 277//277 255//255
f 278//278 279//279 280//280
f 281//281 282//282 283//283
f 279//279 284//284 280//280
f 280//280 284//284 285//285
f 280//280 285//285 286//286
f 286//286 285//285 287//287
f 286//286 287//287 288//288
f 289//289 290//290 291//291
f 291//291 290//290 292//292
f 291//291 292//292 280//280
f 280//280 292//292 293//293
f 280//280 293//293 278//278
f 283//283 294//294 281//281
f 281//281 294//294 295//295
f 281//281 295//295 296//296
f 296//296 295//295 297//297
f 296//296 297//297 298//298
f 298//298 299//299 296//296
f 296//296 299//299 300//300
f 296//296 300//300 301//301
f 288//288 302//302 286//286
f 286//286 302//302 303//303
f 286//286 303//303 281//281
f 281//281 303//303 304//304
f 281//281 304//304 282//282
f 300//300 305//305 301//301
f 301//301 305//305 306//306
f 301//301 306//306 291//291
f 291//291 306//306 307//307
f 291//291 307//307 289//289
f 308//308 291//291 309//309
f 309//309 291//291 280//280
f 310//310 301//301 308//308
f 308//308 301//301 291//291
f 311//311 296//296 310//310
f 310//310 296//296 301//301
f 312//312 281//281 311//311
f 311//311 281//281 296//296
f 313//313 286//286 312//312
f 312//312 286//286 281//281
f 309//309 280//280 313//313
f 313//313 280//280 286//286
f 309//309 314//314 308//308
f 308//308 314//314 310//310
f 310//310 314//314 311//311
f 311//311 314//314 312//312
f 312//312 314//314 313//313
f 313//313 314//314 309//309
f 315//315 316//316 317//317
f 317//317 316//316 318//318
f 317//317 318//318 319//319
f 315//315 320//320 316//316
f 316//316 320//320 321//321
f 316//316 321//321 322//322
f 322//322 321//321 323//323
f 322//322 323//323 324//324
f 324//324 323//323 325//325
f 326//326 327//327 328//328
f 329//329 330//330 331//331
f 331//331 330//330 332//332
f 331//331 332//332 333//333
f 334//334 325//325 323//323
f 335//335 336//336 337//337
f 337//337 336//336 338//338
f 328//328 327//327 331//331
f 331//331 327//327 339//339
f 331//331 339//339 329//329
f 323//323 326//326 334//334
f 334//334 326//326 328//328
f 334//334 328//328 340//340
f 340//340 328//328 341//341
f 340//340 341//341 342//342
f 342//342 341//341 337//337
f 342//342 337//337 343//343
f 343//343 337//337 338//338
f 344//344 345//345 346//346
f 346//346 345//345 347//347
f 346//346 347//347 348//348
f 348//348 347//347 349//349
f 348//348 349//349 350//350
f 350//350 349//349 351//351
f 350//350 351//351 352//352
f 352//352 351//351 353//353
f 353//353 351//351 354//354
f 353//353 354//354 355//355
f 355//355 354//354 356//356
f 356//356 354//354 357//357
f 356//356 357//357 358//358
f 358//358 357//357 359//359
f 359//359 357//357 360//360
f 359//359 360//360 361//361
f 361//361 360//360 362//362
f 362//362 360//360 363//363
f 362//362 363//363 364//364
f 364//364 363//363 365//365
f 365//365 363//363 366//366
f 365//365 366//366 367//367
f 331//331 333//333 366//366
f 366//366 333//333 368//368
f 366//366 368//368 367//367
f 369//369 370//370 371//371
f 371//371 370//370 372//372
f 371//371 372//372 373//373
f 373//373 372//372 374//374
f 373//373 374//374 375//375
f 375//375 374//374 376//376
f 375//375 376//376 377//377
f 376//376 378//378 377//377
f 377//377 378//378 379//379
f 377//377 379//379 380//380
f 380//380 379//379 381//381
f 380//380 381//381 382//382
f 382//382 383//383 380//380
f 380//380 383//383 384//384
f 380//380 384//384 385//385
f 386//386 387//387 388//388
f 388//388 387//387 385//385
f 388//388 385//385 389//389
f 389//389 385//385 384//384
f 369//369 371//371 390//390
f 390//390 371//371 391//391
f 390//390 391//391 392//392
f 392//392 391//391 393//393
f 393//393 391//391 394//394
f 393//393 394//394 395//395
f 395//395 394//394 396//396
f 396//396 394//394 345//345
f 396//396 345//345 344//344
f 374//374 397//397 376//376
f 376//376 397//397 398//398
f 376//376 398//398 399//399
f 400//400 401//401 399//399
f 399//399 401//401 402//402
f 399//399 402//402 376//376
f 400//400 399//399 403//403
f 403//403 399//399 404//404
f 403//403 404//404 405//405
f 405//405 404//404 406//406
f 405//405 406//406 407//407
f 408//408 409//409 410//410
f 410//410 409//409 411//411
f 410//410 411//411 412//412
f 412//412 411//411 413//413
f 406//406 413//413 407//407
f 407//407 413//413 411//411
f 407//407 411//411 414//414
f 414//414 411//411 409//409
f 415//415 416//416 417//417
f 335//335 337//337 418//418
f 418//418 337//337 419//419
f 418//418 419//419 420//420
f 420//420 419//419 421//421
f 421//421 419//419 422//422
f 421//421 422//422 423//423
f 423//423 422//422 424//424
f 424//424 422//422 425//425
f 424//424 425//425 426//426
f 426//426 425//425 427//427
f 427//427 425//425 428//428
f 427//427 428//428 429//429
f 429//429 428//428 430//430
f 430//430 428//428 431//431
f 430//430 431//431 432//432
f 417//417 416//416 431//431
f 431//431 416//416 433//433
f 431//431 433//433 432//432
f 415//415 417//417 434//434
f 434//434 417//417 435//435
f 434//434 435//435 436//436
f 436//436 435//435 387//387
f 436//436 387//387 386//386
f 437//437 438//438 439//439
f 439//439 438//438 440//440
f 439//439 440//440 441//441
f 441//441 440//440 442//442
f 441//441 442//442 443//443
f 443//443 442//442 444//444
f 443//443 444//444 445//445
f 445//445 444//444 446//446
f 445//445 446//446 447//447
f 447//447 446//446 448//448
f 447//447 448//448 449//449
f 449//449 448//448 450//450
f 449//449 450//450 451//451
f 451//451 450//450 452//452
f 451//451 452//452 453//453
f 453//453 452//452 454//454
f 453//453 454//454 455//455
f 455//455 454//454 456//456
f 455//455 456//456 457//457
f 457//457 456//456 458//458
f 457//457 458//458 459//459
f 459//459 458//458 460//460
f 459//459 460//460 437//437
f 437//437 460//460 438//438
f 375//375 341//341 328//328
f 328//328 461//461 375//375
f 375//375 461//461 462//462
f 375//375 462//462 373//373
f 463//463 464//464 465//465
f 465//465 466//466 463//463
f 463//463 466//466 467//467
f 463//463 467//467 461//461
f 328//328 331//331 468//468
f 469//469 347//347 464//464
f 464//464 347//347 470//470
f 464//464 470//470 465//465
f 468//468 331//331 471//471
f 471//471 331//331 366//366
f 471//471 366//366 472//472
f 472//472 366//366 363//363
f 472//472 363//363 473//473
f 473//473 363//363 360//360
f 473//473 360//360 474//474
f 468//468 475//475 328//328
f 328//328 475//475 476//476
f 328//328 476//476 461//461
f 461//461 476//476 477//477
f 461//461 477//477 463//463
f 360//360 357//357 474//474
f 474//474 357//357 354//354
f 474//474 354//354 478//478
f 478//478 354//354 351//351
f 478//478 351//351 469//469
f 469//469 351//351 349//349
f 469//469 349//349 347//347
f 375//375 479//479 480//480
f 375//375 480//480 341//341
f 337//337 481//481 419//419
f 419//419 481//481 482//482
f 480//480 483//483 341//341
f 341//341 483//483 484//484
f 341//341 484//484 337//337
f 337//337 484//484 485//485
f 337//337 485//485 481//481
f 486//486 431//431 487//487
f 487//487 431//431 428//428
f 487//487 428//428 488//488
f 488//488 428//428 425//425
f 488//488 425//425 482//482
f 482//482 425//425 422//422
f 482//482 422//422 419//419
f 489//489 387//387 490//490
f 490//490 387//387 435//435
f 490//490 435//435 486//486
f 486//486 435//435 417//417
f 486//486 417//417 431//431
f 375//375 377//377 479//479
f 479//479 377//377 380//380
f 479//479 380//380 489//489
f 489//489 380//380 385//385
f 489//489 385//385 387//387
f 462//462 461//461 467//467
f 373//373 462//462 371//371
f 371//371 462//462 467//467
f 371//371 467//467 391//391
f 391//391 467//467 466//466
f 391//391 466//466 394//394
f 394//394 466//466 465//465
f 394//394 465//465 345//345
f 345//345 465//465 470//470
f 345//345 470//470 347//347
f 477//477 457//457 463//463
f 463//463 457//457 459//459
f 463//463 459//459 464//464
f 464//464 459//459 437//437
f 464//464 437//437 469//469
f 469//469 437//437 439//439
f 469//469 439//439 478//478
f 478//478 439//439 441//441
f 478//478 441//441 474//474
f 474//474 441//441 443//443
f 474//474 443//443 473//473
f 473//473 443//443 445//445
f 473//473 445//445 472//472
f 472//472 445//445 447//447
f 472//472 447//447 471//471
f 471//471 447//447 449//449
f 471//471 449//449 468//468
f 468//468 449//449 451//451
f 468//468 451//451 475//475
f 475//475 451//451 453//453
f 475//475 453//453 476//476
f 476//476 453//453 455//455
f 476//476 455//455 477//477
f 477//477 455//455 457//457
f 491//491 492//492 442//442
f 493//493 494//494 495//495
f 496//496 456//456 495//495
f 495//495 456//456 454//454
f 495//495 454//454 493//493
f 493//493 454//454 497//497
f 497//497 454//454 498//498
f 498//498 454//454 452//452
f 498//498 452//452 499//499
f 499//499 452//452 450//450
f 499//499 450//450 500//500
f 500//500 450//450 501//501
f 501//501 450//450 448//448
f 501//501 448//448 502//502
f 446//446 503//503 448//448
f 448//448 503//503 504//504
f 448//448 504//504 502//502
f 505//505 506//506 444//444
f 444//444 506//506 507//507
f 444//444 507//507 446//446
f 446//446 507//507 508//508
f 446//446 508//508 503//503
f 442//442 492//492 444//444
f 444//444 492//492 509//509
f 444//444 509//509 505//505
f 491//491 442//442 510//510
f 510//510 442//442 440//440
f 510//510 440//440 511//511
f 511//511 440//440 438//438
f 511//511 438//438 512//512
f 512//512 438//438 513//513
f 513//513 438//438 460//460
f 513//513 460//460 514//514
f 458//458 515//515 460//460
f 460//460 515//515 516//516
f 460//460 516//516 514//514
f 496//496 517//517 456//456
f 456//456 517//517 518//518
f 456//456 518//518 458//458
f 458//458 518//518 519//519
f 458//458 519//519 515//515
f 520//520 521//521 522//522
f 523//523 524//524 525//525
f 523//523 525//525 526//526
f 527//527 520//520 528//528
f 528//528 520//520 522//522
f 528//528 522//522 529//529
f 522//522 530//530 529//529
f 529//529 530//530 531//531
f 529//529 531//531 532//532
f 531//531 533//533 532//532
f 532//532 533//533 534//534
f 532//532 534//534 535//535
f 534//534 536//536 535//535
f 535//535 536//536 537//537
f 535//535 537//537 538//538
f 537//537 539//539 538//538
f 538//538 539//539 540//540
f 538//538 540//540 541//541
f 540//540 542//542 541//541
f 541//541 542//542 543//543
f 541//541 543//543 544//544
f 543//543 545//545 544//544
f 544//544 545//545 546//546
f 544//544 546//546 547//547
f 547//547 546//546 548//548
f 548//548 549//549 547//547
f 547//547 549//549 550//550
f 547//547 550//550 551//551
f 550//550 552//552 551//551
f 551//551 552//552 553//553
f 551//551 553//553 525//525
f 525//525 553//553 554//554
f 525//525 554//554 526//526
f 269//269 267//267 555//555
f 265//265 556//556 267//267
f 267//267 556//556 557//557
f 267//267 557//557 555//555
f 263//263 558//558 265//265
f 265//265 558//558 559//559
f 265//265 559//559 556//556
f 261//261 560//560 263//263
f 263//263 560//560 561//561
f 263//263 561//561 558//558
f 259//259 562//562 261//261
f 261//261 562//562 563//563
f 261//261 563//563 560//560
f 257//257 564//564 259//259
f 259//259 564//564 565//565
f 259//259 565//565 562//562
f 255//255 566//566 257//257
f 257//257 566//566 567//567
f 257//257 567//567 564//564
f 277//277 568//568 255//255
f 255//255 568//568 569//569
f 255//255 569//569 566//566
f 275//275 570//570 277//277
f 277//277 570//570 571//571
f 277//277 571//571 568//568
f 273//273 572//572 275//275
f 275//275 572//572 573//573
f 275//275 573//573 570//570
f 271//271 574//574 273//273
f 273//273 574//574 575//575
f 273//273 575//575 572//572
f 555//555 576//576 269//269
f 269//269 576//576 577//577
f 269//269 577//577 271//271
f 271//271 577//577 578//578
f 271//271 578//578 574//574
f 229//229 270//270 227//227
f 227//227 270//270 272//272
f 227//227 272//272 225//225
f 225//225 272//272 274//274
f 225//225 274//274 223//223
f 223//223 274//274 276//276
f 223//223 276//276 221//221
f 221//221 276//276 254//254
f 221//221 254//254 219//219
f 219//219 254//254 256//256
f 219//219 256//256 217//217
f 217//217 256//256 258//258
f 217//217 258//258 239//239
f 239//239 258//258 260//260
f 239//239 260//260 237//237
f 237//237 260//260 262//262
f 237//237 262//262 235//235
f 235//235 262//262 264//264
f 235//235 264//264 233//233
f 233//233 264//264 266//266
f 233//233 266//266 231//231
f 231//231 266//266 268//268
f 231//231 268//268 229//229
f 229//229 268//268 270//270
f 579//579 242//242 580//580
f 580//580 242//242 241//241
f 580//580 241//241 581//581
f 581//581 241//241 248//248
f 581//581 248//248 582//582
f 582//582 248//248 247//247
f 582//582 247//247 583//583
f 583//583 247//247 246//246
f 583//583 246//246 584//584
f 584//584 246//246 251//251
f 584//584 251//251 585//585
f 585//585 251//251 250//250
f 585//585 250//250 586//586
f 586//586 250//250 249//249
f 586//586 249//249 587//587
f 587//587 249//249 253//253
f 587//587 253//253 588//588
f 588//588 253//253 252//252
f 588//588 252//252 589//589
f 589//589 252//252 245//245
f 589//589 245//245 590//590
f 590//590 245//245 244//244
f 590//590 244//244 579//579
f 579//579 244//244 242//242
f 218//218 191//191 220//220
f 220//220 191//191 183//183
f 220//220 183//183 222//222
f 222//222 183//183 184//184
f 222//222 184//184 224//224
f 224//224 184//184 185//185
f 224//224 185//185 226//226
f 226//226 185//185 197//197
f 226//226 197//197 228//228
f 228//228 197//197 179//179
f 228//228 179//179 230//230
f 230//230 179//179 181//181
f 230//230 181//181 232//232
f 232//232 181//181 178//178
f 232//232 178//178 234//234
f 234//234 178//178 177//177
f 234//234 177//177 236//236
f 236//236 177//177 194//194
f 236//236 194//194 238//238
f 238//238 194//194 193//193
f 238//238 193//193 240//240
f 240//240 193//193 192//192
f 240//240 192//192 218//218
f 218//218 192//192 191//191
f 50//50 580//580 40//40
f 40//40 580//580 581//581
f 40//40 581//581 22//22
f 22//22 581//581 582//582
f 22//22 582//582 13//13
f 13//13 582//582 583//583
f 13//13 583//583 14//14
f 14//14 583//583 584//584
f 14//14 584//584 18//18
f 18//18 584//584 585//585
f 18//18 585//585 17//17
f 17//17 585//585 586//586
f 17//17 586//586 16//16
f 16//16 586//586 587//587
f 16//16 587//587 38//38
f 38//38 587//587 588//588
f 38//38 588//588 29//29
f 29//29 588//588 589//589
f 29//29 589//589 31//31
f 31//31 589//589 590//590
f 31//31 590//590 45//45
f 45//45 590//590 579//579
f 45//45 579//579 50//50
f 50//50 579//579 580//580
f 591//591 592//592 196//196
f 593//593 594//594 198//198
f 198//198 594//594 595//595
f 198//198 595//595 199//199
f 199//199 595//595 596//596
f 199//199 596//596 208//208
f 196//196 592//592 198//198
f 198//198 592//592 597//597
f 198//198 597//597 593//593
f 195//195 212//212 196//196
f 196//196 212//212 598//598
f 196//196 598//598 591//591
f 186//186 200//200 599//599
f 186//186 599//599 187//187
f 190//190 189//189 600//600
f 600//600 189//189 601//601
f 601//601 189//189 602//602
f 602//602 189//189 188//188
f 602//602 188//188 603//603
f 599//599 604//604 187//187
f 187//187 604//604 605//605
f 187//187 605//605 188//188
f 188//188 605//605 606//606
f 188//188 606//606 603//603
f 27//27 26//26 607//607
f 607//607 608//608 27//27
f 27//27 608//608 609//609
f 27//27 609//609 11//11
f 11//11 609//609 610//610
f 11//11 610//610 12//12
f 37//37 611//611 35//35
f 35//35 611//611 612//612
f 35//35 612//612 26//26
f 26//26 612//612 613//613
f 26//26 613//613 607//607
f 209//209 15//15 614//614
f 614//614 15//15 20//20
f 614//614 20//20 615//615
f 615//615 20//20 616//616
f 616//616 20//20 617//617
f 617//617 20//20 19//19
f 617//617 19//19 618//618
f 1//1 619//619 2//2
f 2//2 619//619 620//620
f 2//2 620//620 19//19
f 19//19 620//620 621//621
f 19//19 621//621 618//618
f 617//617 618//618 529//529
f 620//620 619//619 528//528
f 528//528 619//619 1//1
f 528//528 1//1 527//527
f 527//527 1//1 3//3
f 527//527 3//3 622//622
f 622//622 3//3 5//5
f 529//529 618//618 528//528
f 528//528 618//618 621//621
f 528//528 621//621 620//620
f 214//214 210//210 532//532
f 532//532 210//210 209//209
f 209//209 614//614 532//532
f 532//532 614//614 615//615
f 532//532 615//615 529//529
f 529//529 615//615 616//616
f 529//529 616//616 617//617
f 544//544 216//216 541//541
f 541//541 216//216 215//215
f 541//541 215//215 538//538
f 538//538 215//215 214//214
f 538//538 214//214 535//535
f 535//535 214//214 532//532
f 598//598 212//212 211//211
f 591//591 598//598 547//547
f 547//547 598//598 211//211
f 547//547 211//211 544//544
f 544//544 211//211 213//213
f 544//544 213//213 216//216
f 591//591 547//547 592//592
f 592//592 547//547 551//551
f 592//592 551//551 597//597
f 596//596 595//595 525//525
f 525//525 595//595 594//594
f 525//525 594//594 551//551
f 551//551 594//594 593//593
f 551//551 593//593 597//597
f 205//205 206//206 623//623
f 623//623 206//206 207//207
f 623//623 207//207 524//524
f 524//524 207//207 525//525
f 525//525 207//207 208//208
f 525//525 208//208 596//596
f 576//576 624//624 577//577
f 577//577 624//624 625//625
f 577//577 625//625 578//578
f 578//578 625//625 626//626
f 578//578 626//626 574//574
f 574//574 626//626 627//627
f 574//574 627//627 575//575
f 575//575 627//627 628//628
f 575//575 628//628 572//572
f 572//572 628//628 629//629
f 572//572 629//629 573//573
f 573//573 629//629 630//630
f 573//573 630//630 570//570
f 570//570 630//630 631//631
f 570//570 631//631 571//571
f 571//571 631//631 632//632
f 571//571 632//632 568//568
f 568//568 632//632 633//633
f 568//568 633//633 569//569
f 569//569 633//633 634//634
f 569//569 634//634 566//566
f 566//566 634//634 635//635
f 566//566 635//635 567//567
f 567//567 635//635 636//636
f 567//567 636//636 564//564
f 564//564 636//636 637//637
f 564//564 637//637 565//565
f 565//565 637//637 638//638
f 565//565 638//638 562//562
f 562//562 638//638 639//639
f 562//562 639//639 563//563
f 563//563 639//639 640//640
f 563//563 640//640 560//560
f 560//560 640//640 641//641
f 560//560 641//641 561//561
f 561//561 641//641 642//642
f 561//561 642//642 558//558
f 558//558 642//642 643//643
f 558//558 643//643 559//559
f 559//559 643//643 644//644
f 559//559 644//644 556//556
f 556//556 644//644 645//645
f 556//556 645//645 557//557
f 557//557 645//645 646//646
f 557//557 646//646 555//555
f 555//555 646//646 647//647
f 555//555 647//647 576//576
f 576//576 647//647 624//624
f 647//647 648//648 624//624
f 624//624 648//648 649//649
f 624//624 649//649 625//625
f 625//625 649//649 650//650
f 625//625 650//650 626//626
f 626//626 650//650 651//651
f 626//626 651//651 627//627
f 627//627 651//651 652//652
f 627//627 652//652 628//628
f 628//628 652//652 653//653
f 628//628 653//653 629//629
f 629//629 653//653 654//654
f 629//629 654//654 630//630
f 630//630 654//654 655//655
f 630//630 655//655 631//631
f 631//631 655//655 656//656
f 631//631 656//656 632//632
f 632//632 656//656 657//657
f 632//632 657//657 633//633
f 633//633 657//657 658//658
f 633//633 658//658 634//634
f 634//634 658//658 659//659
f 634//634 659//659 635//635
f 635//635 659//659 660//660
f 635//635 660//660 636//636
f 636//636 660//660 661//661
f 636//636 661//661 637//637
f 637//637 661//661 662//662
f 637//637 662//662 638//638
f 638//638 662//662 663//663
f 638//638 663//663 639//639
f 639//639 663//663 664//664
f 639//639 664//664 640//640
f 640//640 664//664 665//665
f 640//640 665//665 641//641
f 641//641 665//665 666//666
f 641//641 666//666 642//642
f 642//642 666//666 667//667
f 642//642 667//667 643//643
f 643//643 667//667 668//668
f 643//643 668//668 644//644
f 644//644 668//668 669//669
f 644//644 669//669 645//645
f 645//645 669//669 670//670
f 645//645 670//670 646//646
f 646//646 670//670 671//671
f 646//646 671//671 647//647
f 647//647 671//671 648//648
f 671//671 306//306 648//648
f 648//648 306//306 305//305
f 648//648 305//305 649//649
f 649//649 305//305 300//300
f 649//649 300//300 650//650
f 650//650 300//300 299//299
f 650//650 299//299 651//651
f 651//651 299//299 298//298
f 651//651 298//298 652//652
f 652//652 298//298 297//297
f 652//652 297//297 653//653
f 653//653 297//297 295//295
f 653//653 295//295 654//654
f 654//654 295//295 294//294
f 654//654 294//294 655//655
f 655//655 294//294 283//283
f 655//655 283//283 656//656
f 656//656 283//283 282//282
f 656//656 282//282 657//657
f 657//657 282//282 304//304
f 657//657 304//304 658//658
f 658//658 304//304 303//303
f 658//658 303//303 659//659
f 659//659 303//303 302//302
f 659//659 302//302 660//660
f 660//660 302//302 288//288
f 660//660 288//288 661//661
f 661//661 288//288 287//287
f 661//661 287//287 662//662
f 662//662 287//287 285//285
f 662//662 285//285 663//663
f 663//663 285//285 284//284
f 663//663 284//284 664//664
f 664//664 284//284 279//279
f 664//664 279//279 665//665
f 665//665 279//279 278//278
f 665//665 278//278 666//666
f 666//666 278//278 293//293
f 666//666 293//293 667//667
f 667//667 293//293 292//292
f 667//667 292//292 668//668
f 668//668 292//292 290//290
f 668//668 290//290 669//669
f 669//669 290//290 289//289
f 669//669 289//289 670//670
f 670//670 289//289 307//307
f 670//670 307//307 671//671
f 671//671 307//307 306//306
f 672//672 673//673 674//674
f 675//675 676//676 677//677
f 677//677 676//676 678//678
f 677//677 678//678 679//679
f 674//674 680//680 672//672
f 672//672 680//680 681//681
f 672//672 681//681 682//682
f 681//681 683//683 682//682
f 682//682 683//683 684//684
f 682//682 684//684 685//685
f 684//684 686//686 685//685
f 685//685 686//686 687//687
f 685//685 687//687 688//688
f 687//687 689//689 688//688
f 688//688 689//689 690//690
f 688//688 690//690 691//691
f 690//690 692//692 691//691
f 691//691 692//692 693//693
f 691//691 693//693 694//694
f 693//693 695//695 694//694
f 694//694 695//695 696//696
f 694//694 696//696 675//675
f 675//675 696//696 697//697
f 675//675 697//697 676//676
f 698//698 673//673 699//699
f 699//699 673//673 672//672
f 699//699 672//672 700//700
f 700//700 672//672 701//701
f 701//701 672//672 682//682
f 701//701 682//682 702//702
f 702//702 682//682 703//703
f 703//703 682//682 685//685
f 703//703 685//685 704//704
f 704//704 685//685 688//688
f 704//704 688//688 705//705
f 705//705 688//688 691//691
f 705//705 691//691 706//706
f 706//706 691//691 707//707
f 707//707 691//691 694//694
f 707//707 694//694 708//708
f 708//708 694//694 709//709
f 709//709 694//694 675//675
f 709//709 675//675 710//710
f 677//677 711//711 675//675
f 675//675 711//711 712//712
f 675//675 712//712 710//710
f 713//713 714//714 489//489
f 715//715 484//484 716//716
f 716//716 484//484 483//483
f 716//716 483//483 717//717
f 717//717 483//483 718//718
f 719//719 720//720 480//480
f 480//480 720//720 721//721
f 480//480 721//721 483//483
f 483//483 721//721 722//722
f 483//483 722//722 718//718
f 719//719 480//480 723//723
f 723//723 480//480 479//479
f 723//723 479//479 724//724
f 489//489 714//714 479//479
f 479//479 714//714 725//725
f 479//479 725//725 724//724
f 713//713 489//489 726//726
f 726//726 489//489 490//490
f 726//726 490//490 727//727
f 727//727 490//490 486//486
f 727//727 486//486 728//728
f 728//728 486//486 729//729
f 729//729 486//486 487//487
f 729//729 487//487 730//730
f 730//730 487//487 731//731
f 731//731 487//487 488//488
f 731//731 488//488 732//732
f 482//482 733//733 488//488
f 488//488 733//733 734//734
f 488//488 734//734 732//732
f 735//735 736//736 481//481
f 481//481 736//736 737//737
f 481//481 737//737 482//482
f 482//482 737//737 738//738
f 482//482 738//738 733//733
f 735//735 481//481 739//739
f 739//739 481//481 485//485
f 739//739 485//485 740//740
f 740//740 485//485 484//484
f 740//740 484//484 741//741
f 741//741 484//484 715//715
f 741//741 715//715 742//742
f 743//743 744//744 745//745
f 745//745 744//744 746//746
f 745//745 746//746 747//747
f 747//747 746//746 748//748
f 749//749 750//750 751//751
f 751//751 750//750 752//752
f 753//753 752//752 754//754
f 754//754 752//752 750//750
f 754//754 750//750 755//755
f 755//755 750//750 756//756
f 747//747 756//756 745//745
f 745//745 756//756 750//750
f 745//745 750//750 743//743
f 743//743 750//750 749//749
f 757//757 758//758 759//759
f 759//759 760//760 761//761
f 757//757 759//759 762//762
f 759//759 763//763 762//762
f 762//762 763//763 764//764
f 762//762 764//764 765//765
f 747//747 764//764 756//756
f 756//756 764//764 763//763
f 756//756 763//763 755//755
f 755//755 763//763 759//759
f 755//755 759//759 754//754
f 754//754 759//759 761//761
f 754//754 761//761 753//753
f 747//747 748//748 766//766
f 747//747 766//766 764//764
f 764//764 766//766 767//767
f 764//764 767//767 765//765
f 768//768 746//746 744//744
f 769//769 770//770 767//767
f 769//769 767//767 771//771
f 771//771 767//767 766//766
f 771//771 766//766 772//772
f 772//772 766//766 768//768
f 768//768 766//766 748//748
f 768//768 748//748 746//746
f 773//773 774//774 775//775
f 773//773 775//775 776//776
f 776//776 775//775 777//777
f 776//776 777//777 778//778
f 779//779 780//780 781//781
f 781//781 780//780 782//782
f 781//781 782//782 783//783
f 783//783 782//782 784//784
f 783//783 784//784 785//785
f 785//785 784//784 774//774
f 786//786 787//787 788//788
f 788//788 787//787 789//789
f 788//788 789//789 790//790
f 791//791 792//792 793//793
f 793//793 792//792 794//794
f 793//793 794//794 795//795
f 791//791 793//793 796//796
f 796//796 793//793 795//795
f 796//796 795//795 797//797
f 792//792 798//798 794//794
f 794//794 798//798 799//799
f 794//794 799//799 795//795
f 799//799 790//790 795//795
f 795//795 790//790 789//789
f 795//795 789//789 800//800
f 800//800 789//789 801//801
f 800//800 801//801 775//775
f 775//775 801//801 802//802
f 775//775 802//802 777//777
f 791//791 796//796 779//779
f 779//779 796//796 797//797
f 779//779 797//797 780//780
f 780//780 797//797 795//795
f 780//780 795//795 782//782
f 782//782 795//795 800//800
f 782//782 800//800 784//784
f 784//784 800//800 775//775
f 784//784 775//775 774//774
f 773//773 776//776 803//803
f 803//803 776//776 778//778
f 803//803 778//778 804//804
f 804//804 778//778 805//805
f 804//804 805//805 806//806
f 806//806 805//805 807//807
f 806//806 807//807 808//808
f 808//808 807//807 809//809
f 808//808 809//809 810//810
f 811//811 809//809 812//812
f 812//812 809//809 807//807
f 812//812 807//807 777//777
f 777//777 807//807 805//805
f 777//777 805//805 778//778
f 813//813 814//814 815//815
f 815//815 814//814 816//816
f 815//815 816//816 817//817
f 818//818 819//819 813//813
f 813//813 819//819 820//820
f 813//813 820//820 814//814
f 818//818 821//821 819//819
f 819//819 821//821 822//822
f 819//819 822//822 758//758
f 823//823 824//824 825//825
f 762//762 824//824 757//757
f 757//757 824//824 823//823
f 757//757 823//823 758//758
f 826//826 816//816 827//827
f 827//827 816//816 814//814
f 827//827 814//814 825//825
f 825//825 814//814 820//820
f 825//825 820//820 823//823
f 823//823 820//820 819//819
f 823//823 819//819 758//758
f 762//762 765//765 824//824
f 824//824 765//765 828//828
f 824//824 828//828 825//825
f 825//825 828//828 829//829
f 825//825 829//829 827//827
f 827//827 829//829 830//830
f 827//827 830//830 826//826
f 826//826 830//830 831//831
f 832//832 830//830 829//829
f 765//765 767//767 828//828
f 828//828 767//767 770//770
f 828//828 770//770 829//829
f 829//829 770//770 833//833
f 829//829 833//833 832//832
f 832//832 834//834 830//830
f 830//830 834//834 835//835
f 830//830 835//835 831//831
f 831//831 835//835 836//836
f 831//831 836//836 837//837
f 838//838 839//839 840//840
f 841//841 838//838 840//840
f 842//842 843//843 841//841
f 841//841 843//843 838//838
f 839//839 844//844 840//840
f 840//840 844//844 845//845
f 840//840 845//845 841//841
f 841//841 845//845 846//846
f 841//841 846//846 842//842
f 844//844 822//822 845//845
f 845//845 822//822 847//847
f 845//845 847//847 846//846
f 846//846 847//847 848//848
f 846//846 848//848 842//842
f 848//848 847//847 849//849
f 849//849 847//847 850//850
f 849//849 850//850 851//851
f 851//851 850//850 852//852
f 853//853 854//854 852//852
f 852//852 854//854 855//855
f 852//852 855//855 851//851
f 817//817 856//856 815//815
f 815//815 856//856 853//853
f 815//815 853//853 813//813
f 813//813 853//853 852//852
f 813//813 852//852 818//818
f 818//818 852//852 850//850
f 818//818 850//850 821//821
f 821//821 850//850 847//847
f 821//821 847//847 822//822
f 857//857 858//858 759//759
f 759//759 858//858 859//859
f 759//759 859//859 760//760
f 857//857 759//759 844//844
f 844//844 759//759 758//758
f 844//844 758//758 822//822
f 860//860 861//861 862//862
f 862//862 861//861 863//863
f 862//862 863//863 857//857
f 857//857 863//863 864//864
f 857//857 864//864 858//858
f 839//839 838//838 865//865
f 865//865 838//838 866//866
f 866//866 860//860 865//865
f 865//865 860//860 862//862
f 865//865 862//862 839//839
f 839//839 862//862 857//857
f 839//839 857//857 844//844
f 867//867 868//868 869//869
f 868//868 870//870 869//869
f 869//869 870//870 871//871
f 869//869 871//871 872//872
f 872//872 871//871 873//873
f 867//867 869//869 874//874
f 874//874 869//869 872//872
f 874//874 872//872 875//875
f 873//873 875//875 872//872
f 876//876 810//810 877//877
f 877//877 810//810 809//809
f 877//877 809//809 811//811
f 878//878 879//879 880//880
f 880//880 879//879 881//881
f 880//880 881//881 876//876
f 876//876 881//881 882//882
f 876//876 882//882 810//810
f 878//878 880//880 883//883
f 883//883 880//880 884//884
f 883//883 884//884 885//885
f 877//877 811//811 886//886
f 887//887 888//888 889//889
f 887//887 889//889 890//890
f 876//876 891//891 880//880
f 880//880 891//891 892//892
f 880//880 892//892 884//884
f 884//884 892//892 893//893
f 894//894 888//888 895//895
f 895//895 888//888 887//887
f 895//895 887//887 886//886
f 886//886 887//887 890//890
f 886//886 890//890 877//877
f 896//896 893//893 897//897
f 897//897 893//893 892//892
f 897//897 892//892 889//889
f 889//889 892//892 891//891
f 889//889 891//891 890//890
f 890//890 891//891 876//876
f 890//890 876//876 877//877
f 898//898 896//896 897//897
f 898//898 897//897 899//899
f 899//899 897//897 889//889
f 899//899 889//889 900//900
f 900//900 889//889 901//901
f 901//901 889//889 888//888
f 901//901 888//888 902//902
f 902//902 888//888 894//894
f 902//902 894//894 903//903
f 904//904 905//905 906//906
f 904//904 906//906 907//907
f 903//903 904//904 902//902
f 902//902 904//904 907//907
f 902//902 907//907 908//908
f 898//898 899//899 909//909
f 909//909 899//899 900//900
f 909//909 900//900 908//908
f 908//908 900//900 901//901
f 908//908 901//901 902//902
f 906//906 910//910 907//907
f 907//907 910//910 911//911
f 907//907 911//911 908//908
f 908//908 911//911 912//912
f 908//908 912//912 909//909
f 903//903 870//870 868//868
f 903//903 868//868 904//904
f 904//904 868//868 867//867
f 904//904 867//867 905//905
f 913//913 914//914 915//915
f 903//903 894//894 870//870
f 870//870 894//894 913//913
f 870//870 913//913 916//916
f 916//916 913//913 915//915
f 916//916 915//915 917//917
f 812//812 777//777 802//802
f 811//811 812//812 886//886
f 886//886 812//812 918//918
f 886//886 918//918 895//895
f 895//895 918//918 913//913
f 895//895 913//913 894//894
f 812//812 802//802 918//918
f 918//918 802//802 801//801
f 918//918 801//801 913//913
f 913//913 801//801 789//789
f 913//913 789//789 787//787
f 787//787 786//786 913//913
f 913//913 786//786 919//919
f 913//913 919//919 914//914
f 881//881 717//717 882//882
f 882//882 717//717 718//718
f 882//882 718//718 810//810
f 810//810 718//718 808//808
f 920//920 921//921 922//922
f 922//922 921//921 923//923
f 922//922 923//923 924//924
f 925//925 926//926 927//927
f 920//920 928//928 921//921
f 921//921 928//928 929//929
f 921//921 929//929 718//718
f 718//718 929//929 806//806
f 718//718 806//806 808//808
f 930//930 931//931 932//932
f 932//932 931//931 933//933
f 932//932 934//934 935//935
f 923//923 932//932 924//924
f 924//924 932//932 935//935
f 924//924 935//935 936//936
f 936//936 935//935 937//937
f 936//936 937//937 927//927
f 927//927 937//937 938//938
f 927//927 938//938 925//925
f 939//939 940//940 941//941
f 933//933 942//942 932//932
f 932//932 942//942 943//943
f 932//932 943//943 934//934
f 938//938 944//944 925//925
f 925//925 944//944 939//939
f 925//925 939//939 945//945
f 945//945 939//939 941//941
f 946//946 947//947 948//948
f 948//948 947//947 949//949
f 949//949 950//950 948//948
f 948//948 950//950 951//951
f 948//948 951//951 952//952
f 953//953 954//954 955//955
f 955//955 954//954 948//948
f 955//955 948//948 956//956
f 956//956 948//948 952//952
f 946//946 948//948 957//957
f 957//957 948//948 958//958
f 957//957 958//958 959//959
f 960//960 961//961 962//962
f 962//962 961//961 963//963
f 957//957 961//961 946//946
f 946//946 961//961 960//960
f 946//946 960//960 947//947
f 947//947 960//960 962//962
f 947//947 962//962 949//949
f 949//949 962//962 964//964
f 949//949 964//964 950//950
f 965//965 966//966 967//967
f 967//967 966//966 968//968
f 969//969 970//970 966//966
f 966//966 970//970 971//971
f 966//966 971//971 972//972
f 972//972 973//973 966//966
f 966//966 973//973 974//974
f 966//966 974//974 975//975
f 975//975 976//976 966//966
f 966//966 976//976 977//977
f 966//966 977//977 968//968
f 978//978 979//979 980//980
f 978//978 980//980 981//981
f 981//981 980//980 970//970
f 981//981 970//970 969//969
f 982//982 983//983 984//984
f 984//984 983//983 985//985
f 984//984 985//985 986//986
f 986//986 985//985 987//987
f 986//986 987//987 988//988
f 988//988 987//987 989//989
f 990//990 991//991 992//992
f 992//992 991//991 993//993
f 994//994 965//965 995//995
f 995//995 965//965 991//991
f 966//966 965//965 969//969
f 969//969 965//965 994//994
f 969//969 994//994 981//981
f 981//981 994//994 996//996
f 981//981 996//996 978//978
f 978//978 996//996 997//997
f 978//978 997//997 998//998
f 998//998 997//997 999//999
f 998//998 999//999 989//989
f 989//989 999//999 1000//1000
f 989//989 1000//1000 988//988
f 1001//1001 1002//1002 991//991
f 991//991 1002//1002 1003//1003
f 1004//1004 1005//1005 991//991
f 991//991 1005//1005 1006//1006
f 991//991 1006//1006 995//995
f 1003//1003 1007//1007 991//991
f 991//991 1007//1007 1008//1008
f 991//991 1008//1008 993//993
f 990//990 1009//1009 991//991
f 991//991 1009//1009 1010//1010
f 991//991 1010//1010 1004//1004
f 1011//1011 1012//1012 1013//1013
f 1014//1014 1015//1015 1016//1016
f 1016//1016 1011//1011 1014//1014
f 1014//1014 1011//1011 1013//1013
f 1014//1014 1013//1013 1017//1017
f 1017//1017 1013//1013 1018//1018
f 1017//1017 1018//1018 1019//1019
f 1019//1019 1018//1018 1020//1020
f 1019//1019 1020//1020 1021//1021
f 1021//1021 1020//1020 1022//1022
f 1021//1021 1022//1022 1023//1023
f 1023//1023 1022//1022 1024//1024
f 1025//1025 1026//1026 1027//1027
f 1027//1027 1026//1026 1028//1028
f 1027//1027 1028//1028 1024//1024
f 1024//1024 1028//1028 1029//1029
f 1024//1024 1029//1029 1023//1023
f 1030//1030 1031//1031 1032//1032
f 1032//1032 1031//1031 1033//1033
f 1032//1032 1033//1033 1025//1025
f 1025//1025 1033//1033 1034//1034
f 1025//1025 1034//1034 1026//1026
f 1035//1035 1036//1036 1037//1037
f 1037//1037 1036//1036 1038//1038
f 1037//1037 1038//1038 1039//1039
f 1039//1039 1038//1038 1040//1040
f 1039//1039 1040//1040 1041//1041
f 1041//1041 1040//1040 1042//1042
f 1041//1041 1042//1042 1043//1043
f 1043//1043 1042//1042 1044//1044
f 1043//1043 1044//1044 1030//1030
f 1030//1030 1044//1044 1045//1045
f 1030//1030 1045//1045 1031//1031
f 1046//1046 1047//1047 1048//1048
f 1048//1048 1047//1047 1049//1049
f 1048//1048 1049//1049 1035//1035
f 1035//1035 1049//1049 1050//1050
f 1035//1035 1050//1050 1036//1036
f 1051//1051 1052//1052 1053//1053
f 1053//1053 1052//1052 1054//1054
f 1053//1053 1054//1054 1055//1055
f 1055//1055 1054//1054 1056//1056
f 1055//1055 1056//1056 1046//1046
f 1046//1046 1056//1056 1057//1057
f 1046//1046 1057//1057 1047//1047
f 1058//1058 1059//1059 1060//1060
f 1060//1060 1059//1059 1052//1052
f 1060//1060 1052//1052 1061//1061
f 1061//1061 1052//1052 1051//1051
f 1061//1061 1051//1051 1062//1062
f 1063//1063 1064//1064 1065//1065
f 1065//1065 1064//1064 1066//1066
f 1065//1065 1066//1066 1067//1067
f 1012//1012 1068//1068 1013//1013
f 1013//1013 1068//1068 1069//1069
f 1062//1062 1051//1051 1070//1070
f 1070//1070 1051//1051 1071//1071
f 1070//1070 1071//1071 1072//1072
f 1073//1073 1074//1074 1075//1075
f 1075//1075 1074//1074 1076//1076
f 1069//1069 1077//1077 1013//1013
f 1013//1013 1077//1077 1078//1078
f 1013//1013 1078//1078 1018//1018
f 1018//1018 1078//1078 1079//1079
f 1018//1018 1079//1079 1020//1020
f 1020//1020 1079//1079 1080//1080
f 1020//1020 1080//1080 1022//1022
f 1022//1022 1080//1080 1081//1081
f 1022//1022 1081//1081 1024//1024
f 1024//1024 1081//1081 1082//1082
f 1024//1024 1082//1082 1027//1027
f 1027//1027 1082//1082 1083//1083
f 1027//1027 1083//1083 1025//1025
f 1025//1025 1083//1083 1084//1084
f 1025//1025 1084//1084 1032//1032
f 1032//1032 1084//1084 1085//1085
f 1032//1032 1085//1085 1030//1030
f 1030//1030 1085//1085 1086//1086
f 1030//1030 1086//1086 1043//1043
f 1043//1043 1086//1086 1087//1087
f 1043//1043 1087//1087 1041//1041
f 1041//1041 1087//1087 1088//1088
f 1041//1041 1088//1088 1039//1039
f 1039//1039 1088//1088 1089//1089
f 1039//1039 1089//1089 1037//1037
f 1037//1037 1089//1089 1090//1090
f 1037//1037 1090//1090 1035//1035
f 1035//1035 1090//1090 1091//1091
f 1035//1035 1091//1091 1048//1048
f 1048//1048 1091//1091 1092//1092
f 1048//1048 1092//1092 1046//1046
f 1046//1046 1092//1092 1093//1093
f 1046//1046 1093//1093 1055//1055
f 1055//1055 1093//1093 1094//1094
f 1055//1055 1094//1094 1053//1053
f 1053//1053 1094//1094 1095//1095
f 1053//1053 1095//1095 1051//1051
f 1051//1051 1095//1095 1075//1075
f 1051//1051 1075//1075 1071//1071
f 1071//1071 1075//1075 1076//1076
f 1077//1077 1096//1096 1078//1078
f 1078//1078 1096//1096 1097//1097
f 1078//1078 1097//1097 1079//1079
f 1079//1079 1097//1097 1098//1098
f 1079//1079 1098//1098 1080//1080
f 1080//1080 1098//1098 1099//1099
f 1080//1080 1099//1099 1081//1081
f 1081//1081 1099//1099 1100//1100
f 1081//1081 1100//1100 1082//1082
f 1082//1082 1100//1100 1101//1101
f 1082//1082 1101//1101 1083//1083
f 1083//1083 1101//1101 1102//1102
f 1083//1083 1102//1102 1084//1084
f 1084//1084 1102//1102 1103//1103
f 1084//1084 1103//1103 1085//1085
f 1085//1085 1103//1103 1104//1104
f 1085//1085 1104//1104 1086//1086
f 1086//1086 1104//1104 1105//1105
f 1086//1086 1105//1105 1087//1087
f 1087//1087 1105//1105 1106//1106
f 1087//1087 1106//1106 1088//1088
f 1088//1088 1106//1106 1107//1107
f 1088//1088 1107//1107 1089//1089
f 1089//1089 1107//1107 1108//1108
f 1089//1089 1108//1108 1090//1090
f 1090//1090 1108//1108 1109//1109
f 1090//1090 1109//1109 1091//1091
f 1091//1091 1109//1109 1110//1110
f 1091//1091 1110//1110 1092//1092
f 1092//1092 1110//1110 1111//1111
f 1092//1092 1111//1111 1093//1093
f 1093//1093 1111//1111 1112//1112
f 1093//1093 1112//1112 1094//1094
f 1094//1094 1112//1112 1113//1113
f 1094//1094 1113//1113 1095//1095
f 1095//1095 1113//1113 1114//1114
f 1095//1095 1114//1114 1075//1075
f 1075//1075 1114//1114 1115//1115
f 1075//1075 1115//1115 1073//1073
f 1073//1073 1115//1115 1116//1116
f 1096//1096 1063//1063 1097//1097
f 1097//1097 1063//1063 1065//1065
f 1097//1097 1065//1065 1098//1098
f 1098//1098 1065//1065 1117//1117
f 1098//1098 1117//1117 1099//1099
f 1099//1099 1117//1117 1118//1118
f 1099//1099 1118//1118 1100//1100
f 1100//1100 1118//1118 1119//1119
f 1100//1100 1119//1119 1101//1101
f 1101//1101 1119//1119 1120//1120
f 1101//1101 1120//1120 1102//1102
f 1102//1102 1120//1120 1121//1121
f 1102//1102 1121//1121 1103//1103
f 1103//1103 1121//1121 1122//1122
f 1103//1103 1122//1122 1104//1104
f 1104//1104 1122//1122 1123//1123
f 1104//1104 1123//1123 1105//1105
f 1105//1105 1123//1123 1124//1124
f 1105//1105 1124//1124 1106//1106
f 1106//1106 1124//1124 1125//1125
f 1106//1106 1125//1125 1107//1107
f 1107//1107 1125//1125 1126//1126
f 1107//1107 1126//1126 1108//1108
f 1108//1108 1126//1126 1127//1127
f 1108//1108 1127//1127 1109//1109
f 1109//1109 1127//1127 1128//1128
f 1109//1109 1128//1128 1110//1110
f 1110//1110 1128//1128 1129//1129
f 1110//1110 1129//1129 1111//1111
f 1111//1111 1129//1129 1130//1130
f 1111//1111 1130//1130 1112//1112
f 1112//1112 1130//1130 1131//1131
f 1112//1112 1131//1131 1113//1113
f 1113//1113 1131//1131 1132//1132
f 1113//1113 1132//1132 1114//1114
f 1114//1114 1132//1132 1133//1133
f 1114//1114 1133//1133 1115//1115
f 1115//1115 1133//1133 1134//1134
f 1115//1115 1134//1134 1116//1116
f 1116//1116 1134//1134 1135//1135
f 1136//1136 1137//1137 1138//1138
f 1139//1139 1140//1140 1141//1141
f 1141//1141 1140//1140 1136//1136
f 1141//1141 1136//1136 1142//1142
f 1142//1142 1136//1136 1138//1138
f 1142//1142 1138//1138 1143//1143
f 1144//1144 1145//1145 1146//1146
f 1146//1146 1145//1145 1140//1140
f 1146//1146 1140//1140 1147//1147
f 1147//1147 1140//1140 1139//1139
f 1148//1148 1149//1149 1150//1150
f 1148//1148 1150//1150 1151//1151
f 1151//1151 1150//1150 1152//1152
f 1151//1151 1152//1152 1153//1153
f 1152//1152 1154//1154 1153//1153
f 1153//1153 1154//1154 1155//1155
f 1153//1153 1155//1155 1156//1156
f 1156//1156 1155//1155 1157//1157
f 1156//1156 1157//1157 1158//1158
f 1158//1158 1157//1157 1159//1159
f 1158//1158 1159//1159 1160//1160
f 1160//1160 1159//1159 1161//1161
f 1161//1161 1137//1137 1136//1136
f 1162//1162 1160//1160 1145//1145
f 1145//1145 1160//1160 1161//1161
f 1145//1145 1161//1161 1140//1140
f 1140//1140 1161//1161 1136//1136
f 1144//1144 1163//1163 1145//1145
f 1145//1145 1163//1163 1164//1164
f 1145//1145 1164//1164 1162//1162
f 1165//1165 1166//1166 1167//1167
f 1167//1167 1166//1166 1164//1164
f 1167//1167 1164//1164 1168//1168
f 1168//1168 1164//1164 1163//1163
f 1169//1169 1170//1170 1171//1171
f 1172//1172 1173//1173 1169//1169
f 1169//1169 1171//1171 1172//1172
f 1172//1172 1171//1171 1174//1174
f 1172//1172 1174//1174 1175//1175
f 1175//1175 1174//1174 1176//1176
f 1175//1175 1176//1176 1177//1177
f 1178//1178 1179//1179 1180//1180
f 1181//1181 1182//1182 1180//1180
f 1181//1181 1180//1180 1176//1176
f 1176//1176 1180//1180 1179//1179
f 1176//1176 1179//1179 1177//1177
f 1183//1183 1184//1184 1180//1180
f 1180//1180 1184//1184 1185//1185
f 1180//1180 1185//1185 1178//1178
f 1167//1167 1168//1168 1186//1186
f 1166//1166 1165//1165 1187//1187
f 1168//1168 1163//1163 1186//1186
f 1186//1186 1163//1163 1188//1188
f 1186//1186 1188//1188 1189//1189
f 1189//1189 1188//1188 1190//1190
f 1191//1191 1189//1189 1192//1192
f 1192//1192 1189//1189 1190//1190
f 1192//1192 1190//1190 1193//1193
f 1191//1191 1194//1194 1189//1189
f 1189//1189 1194//1194 1187//1187
f 1189//1189 1187//1187 1186//1186
f 1186//1186 1187//1187 1165//1165
f 1186//1186 1165//1165 1167//1167
f 1164//1164 1166//1166 1195//1195
f 1195//1195 1166//1166 1187//1187
f 1195//1195 1187//1187 1196//1196
f 1196//1196 1187//1187 1194//1194
f 1196//1196 1194//1194 1197//1197
f 1197//1197 1194//1194 1191//1191
f 1198//1198 1199//1199 1200//1200
f 1200//1200 1199//1199 1201//1201
f 1201//1201 1181//1181 1200//1200
f 1200//1200 1181//1181 1202//1202
f 1171//1171 1170//1170 1174//1174
f 1174//1174 1170//1170 1203//1203
f 1174//1174 1203//1203 1176//1176
f 1181//1181 1176//1176 1202//1202
f 1202//1202 1176//1176 1203//1203
f 1202//1202 1203//1203 1204//1204
f 1205//1205 1206//1206 1207//1207
f 1205//1205 1207//1207 1208//1208
f 1203//1203 1209//1209 1204//1204
f 1204//1204 1209//1209 1210//1210
f 1204//1204 1210//1210 1211//1211
f 1211//1211 1210//1210 1212//1212
f 1211//1211 1212//1212 1213//1213
f 1213//1213 1212//1212 1208//1208
f 1213//1213 1208//1208 1214//1214
f 1214//1214 1208//1208 1207//1207
f 1215//1215 1216//1216 1217//1217
f 1010//1010 1009//1009 1218//1218
f 990//990 992//992 1219//1219
f 1220//1220 1221//1221 1222//1222
f 1220//1220 1222//1222 1223//1223
f 1224//1224 1225//1225 1226//1226
f 1226//1226 1225//1225 1227//1227
f 1226//1226 1227//1227 1223//1223
f 1006//1006 1005//1005 1228//1228
f 1228//1228 1005//1005 1004//1004
f 1228//1228 1004//1004 1229//1229
f 1009//1009 990//990 1218//1218
f 1218//1218 990//990 1219//1219
f 1218//1218 1219//1219 1230//1230
f 1219//1219 1231//1231 1230//1230
f 1230//1230 1231//1231 1232//1232
f 1230//1230 1232//1232 1233//1233
f 1233//1233 1232//1232 1234//1234
f 1233//1233 1234//1234 1235//1235
f 1236//1236 1237//1237 1238//1238
f 1238//1238 1237//1237 1235//1235
f 1238//1238 1235//1235 1239//1239
f 1239//1239 1235//1235 1234//1234
f 1236//1236 1240//1240 1241//1241
f 1241//1241 1240//1240 1242//1242
f 1241//1241 1242//1242 1243//1243
f 1242//1242 1244//1244 1243//1243
f 1243//1243 1244//1244 1245//1245
f 1243//1243 1245//1245 1246//1246
f 1246//1246 1245//1245 1247//1247
f 1246//1246 1247//1247 1248//1248
f 1247//1247 1249//1249 1248//1248
f 1248//1248 1249//1249 1250//1250
f 1248//1248 1250//1250 1251//1251
f 1251//1251 1250//1250 1252//1252
f 1251//1251 1252//1252 1253//1253
f 1254//1254 1255//1255 1256//1256
f 1256//1256 1255//1255 1257//1257
f 1256//1256 1257//1257 1258//1258
f 1258//1258 1257//1257 1253//1253
f 1258//1258 1253//1253 1259//1259
f 1259//1259 1253//1253 1252//1252
f 1237//1237 1216//1216 1235//1235
f 1235//1235 1216//1216 1215//1215
f 1235//1235 1215//1215 1233//1233
f 1233//1233 1215//1215 1260//1260
f 1233//1233 1260//1260 1230//1230
f 1230//1230 1260//1260 1261//1261
f 1230//1230 1261//1261 1218//1218
f 1218//1218 1261//1261 1229//1229
f 1218//1218 1229//1229 1010//1010
f 1010//1010 1229//1229 1004//1004
f 1255//1255 1224//1224 1257//1257
f 1257//1257 1224//1224 1226//1226
f 1257//1257 1226//1226 1253//1253
f 1253//1253 1226//1226 1262//1262
f 1253//1253 1262//1262 1251//1251
f 1251//1251 1262//1262 1263//1263
f 1251//1251 1263//1263 1248//1248
f 1248//1248 1263//1263 1264//1264
f 1248//1248 1264//1264 1246//1246
f 1246//1246 1264//1264 1265//1265
f 1246//1246 1265//1265 1243//1243
f 1243//1243 1265//1265 1266//1266
f 1243//1243 1266//1266 1241//1241
f 1241//1241 1266//1266 1267//1267
f 1217//1217 1268//1268 1215//1215
f 1215//1215 1268//1268 1269//1269
f 1215//1215 1269//1269 1260//1260
f 1260//1260 1269//1269 1270//1270
f 1260//1260 1270//1270 1261//1261
f 1261//1261 1270//1270 1271//1271
f 1261//1261 1271//1271 1229//1229
f 1229//1229 1271//1271 1272//1272
f 1229//1229 1272//1272 1228//1228
f 1236//1236 1241//1241 1237//1237
f 1237//1237 1241//1241 1267//1267
f 1237//1237 1267//1267 1216//1216
f 1216//1216 1267//1267 1273//1273
f 1216//1216 1273//1273 1217//1217
f 1264//1264 1274//1274 1265//1265
f 1265//1265 1274//1274 1275//1275
f 1265//1265 1275//1275 1266//1266
f 1266//1266 1275//1275 1276//1276
f 1266//1266 1276//1276 1267//1267
f 1267//1267 1276//1276 1277//1277
f 1267//1267 1277//1277 1273//1273
f 1223//1223 1222//1222 1226//1226
f 1226//1226 1222//1222 1278//1278
f 1226//1226 1278//1278 1262//1262
f 1262//1262 1278//1278 1279//1279
f 1262//1262 1279//1279 1263//1263
f 1263//1263 1279//1279 1280//1280
f 1263//1263 1280//1280 1264//1264
f 1264//1264 1280//1280 1281//1281
f 1264//1264 1281//1281 1274//1274
f 1282//1282 1254//1254 1256//1256
f 993//993 1008//1008 1283//1283
f 993//993 1283//1283 992//992
f 1284//1284 1244//1244 1285//1285
f 1285//1285 1244//1244 1242//1242
f 1285//1285 1242//1242 1286//1286
f 1286//1286 1242//1242 1240//1240
f 1286//1286 1240//1240 1287//1287
f 1287//1287 1240//1240 1236//1236
f 1287//1287 1236//1236 1288//1288
f 1288//1288 1236//1236 1238//1238
f 1288//1288 1238//1238 1289//1289
f 1289//1289 1238//1238 1239//1239
f 1289//1289 1239//1239 1290//1290
f 1290//1290 1239//1239 1234//1234
f 1290//1290 1234//1234 1291//1291
f 1291//1291 1234//1234 1232//1232
f 1291//1291 1232//1232 1292//1292
f 1292//1292 1232//1232 1231//1231
f 1292//1292 1231//1231 1283//1283
f 1283//1283 1231//1231 1219//1219
f 1283//1283 1219//1219 992//992
f 1293//1293 1282//1282 1294//1294
f 1294//1294 1282//1282 1256//1256
f 1294//1294 1256//1256 1295//1295
f 1295//1295 1256//1256 1258//1258
f 1295//1295 1258//1258 1296//1296
f 1296//1296 1258//1258 1259//1259
f 1296//1296 1259//1259 1297//1297
f 1297//1297 1259//1259 1252//1252
f 1297//1297 1252//1252 1298//1298
f 1298//1298 1252//1252 1250//1250
f 1298//1298 1250//1250 1299//1299
f 1299//1299 1250//1250 1249//1249
f 1299//1299 1249//1249 1300//1300
f 1300//1300 1249//1249 1247//1247
f 1300//1300 1247//1247 1284//1284
f 1284//1284 1247//1247 1245//1245
f 1284//1284 1245//1245 1244//1244
f 1301//1301 1302//1302 1303//1303
f 1303//1303 1302//1302 1304//1304
f 1303//1303 1304//1304 1305//1305
f 1305//1305 1304//1304 1306//1306
f 1305//1305 1306//1306 1307//1307
f 1307//1307 1308//1308 1305//1305
f 1305//1305 1308//1308 1309//1309
f 1305//1305 1309//1309 1310//1310
f 1310//1310 1309//1309 1311//1311
f 1310//1310 1311//1311 1312//1312
f 1312//1312 1311//1311 1313//1313
f 1313//1313 1311//1311 1314//1314
f 1313//1313 1314//1314 1315//1315
f 1315//1315 1314//1314 1316//1316
f 1315//1315 1316//1316 1317//1317
f 1316//1316 1318//1318 1317//1317
f 1317//1317 1318//1318 1319//1319
f 1317//1317 1319//1319 1320//1320
f 1320//1320 1319//1319 1321//1321
f 1320//1320 1321//1321 1322//1322
f 1322//1322 1321//1321 1323//1323
f 1323//1323 1321//1321 1324//1324
f 1324//1324 1321//1321 1325//1325
f 1324//1324 1325//1325 1326//1326
f 1326//1326 1325//1325 1327//1327
f 1326//1326 1327//1327 1328//1328
f 1329//1329 1330//1330 1331//1331
f 1329//1329 1331//1331 1332//1332
f 1332//1332 1331//1331 1333//1333
f 1333//1333 1331//1331 1334//1334
f 1333//1333 1334//1334 1335//1335
f 1336//1336 1337//1337 1338//1338
f 1338//1338 1337//1337 1339//1339
f 1338//1338 1339//1339 1340//1340
f 1340//1340 1339//1339 1335//1335
f 1340//1340 1335//1335 1341//1341
f 1341//1341 1335//1335 1334//1334
f 1342//1342 1343//1343 1344//1344
f 1342//1342 1344//1344 1345//1345
f 1345//1345 1344//1344 1346//1346
f 1345//1345 1346//1346 1347//1347
f 1347//1347 1346//1346 1348//1348
f 1347//1347 1348//1348 1349//1349
f 1349//1349 1348//1348 1350//1350
f 1349//1349 1350//1350 1336//1336
f 1336//1336 1350//1350 1351//1351
f 1336//1336 1351//1351 1337//1337
f 1352//1352 1353//1353 1354//1354
f 1328//1328 1327//1327 1355//1355
f 1355//1355 1327//1327 1356//1356
f 1356//1356 1357//1357 1355//1355
f 1355//1355 1357//1357 1358//1358
f 1355//1355 1358//1358 1359//1359
f 1360//1360 1361//1361 1362//1362
f 1363//1363 1364//1364 1365//1365
f 1365//1365 1364//1364 1366//1366
f 1365//1365 1366//1366 1367//1367
f 1367//1367 1366//1366 1344//1344
f 1367//1367 1344//1344 1343//1343
f 1361//1361 1368//1368 1362//1362
f 1362//1362 1368//1368 1369//1369
f 1362//1362 1369//1369 1354//1354
f 1354//1354 1369//1369 1370//1370
f 1354//1354 1370//1370 1352//1352
f 1358//1358 1371//1371 1359//1359
f 1359//1359 1371//1371 1372//1372
f 1359//1359 1372//1372 1353//1353
f 1353//1353 1372//1372 1373//1373
f 1353//1353 1373//1373 1374//1374
f 1375//1375 1376//1376 1377//1377
f 1377//1377 1376//1376 1378//1378
f 1377//1377 1378//1378 1365//1365
f 1365//1365 1378//1378 1379//1379
f 1365//1365 1379//1379 1363//1363
f 1374//1374 1380//1380 1353//1353
f 1353//1353 1380//1380 1381//1381
f 1353//1353 1381//1381 1354//1354
f 1360//1360 1362//1362 1377//1377
f 1377//1377 1362//1362 1382//1382
f 1377//1377 1382//1382 1375//1375
f 1383//1383 920//920 1384//1384
f 1384//1384 920//920 922//922
f 1384//1384 922//922 1385//1385
f 1385//1385 922//922 1386//1386
f 1386//1386 922//922 924//924
f 1386//1386 924//924 1387//1387
f 1387//1387 924//924 1388//1388
f 1388//1388 924//924 936//936
f 1388//1388 936//936 1389//1389
f 1389//1389 936//936 1390//1390
f 1390//1390 936//936 927//927
f 1390//1390 927//927 1391//1391
f 1331//1331 1330//1330 926//926
f 926//926 1330//1330 1392//1392
f 926//926 1392//1392 927//927
f 927//927 1392//1392 1391//1391
f 791//791 928//928 792//792
f 928//928 791//791 779//779
f 928//928 779//779 781//781
f 773//773 803//803 774//774
f 774//774 803//803 1393//1393
f 774//774 1393//1393 785//785
f 785//785 1393//1393 928//928
f 785//785 928//928 783//783
f 783//783 928//928 781//781
f 1383//1383 1394//1394 920//920
f 920//920 1394//1394 1395//1395
f 920//920 1395//1395 1396//1396
f 1396//1396 917//917 920//920
f 920//920 917//917 915//915
f 920//920 915//915 928//928
f 928//928 915//915 914//914
f 928//928 914//914 919//919
f 790//790 799//799 928//928
f 928//928 799//799 798//798
f 928//928 798//798 792//792
f 919//919 786//786 928//928
f 928//928 786//786 788//788
f 928//928 788//788 790//790
f 859//859 1397//1397 760//760
f 760//760 1397//1397 1398//1398
f 760//760 1398//1398 761//761
f 744//744 743//743 768//768
f 768//768 743//743 1399//1399
f 1399//1399 743//743 1398//1398
f 1398//1398 743//743 749//749
f 1398//1398 749//749 751//751
f 859//859 858//858 1397//1397
f 1397//1397 858//858 864//864
f 1397//1397 864//864 863//863
f 863//863 861//861 1397//1397
f 1397//1397 861//861 860//860
f 1397//1397 860//860 1400//1400
f 751//751 752//752 1398//1398
f 1398//1398 752//752 753//753
f 1398//1398 753//753 761//761
f 1401//1401 1402//1402 1403//1403
f 1328//1328 1355//1355 1404//1404
f 1405//1405 1303//1303 1406//1406
f 1406//1406 1303//1303 1305//1305
f 1406//1406 1305//1305 1407//1407
f 1305//1305 1310//1310 1407//1407
f 1407//1407 1310//1310 1312//1312
f 1407//1407 1312//1312 1408//1408
f 1312//1312 1313//1313 1408//1408
f 1408//1408 1313//1313 1315//1315
f 1408//1408 1315//1315 1409//1409
f 1315//1315 1317//1317 1409//1409
f 1409//1409 1317//1317 1320//1320
f 1409//1409 1320//1320 1410//1410
f 1410//1410 1320//1320 1322//1322
f 1410//1410 1322//1322 1411//1411
f 1411//1411 1322//1322 1323//1323
f 1411//1411 1323//1323 1412//1412
f 1412//1412 1323//1323 1413//1413
f 1412//1412 1413//1413 1414//1414
f 1414//1414 1413//1413 1415//1415
f 1414//1414 1415//1415 1416//1416
f 1416//1416 1415//1415 1417//1417
f 1417//1417 1415//1415 1403//1403
f 1417//1417 1403//1403 1418//1418
f 1418//1418 1403//1403 1402//1402
f 1418//1418 1402//1402 1419//1419
f 1420//1420 1421//1421 1422//1422
f 1422//1422 1421//1421 1423//1423
f 1422//1422 1423//1423 1424//1424
f 1424//1424 1423//1423 1425//1425
f 1424//1424 1425//1425 1426//1426
f 1426//1426 1425//1425 1404//1404
f 1426//1426 1404//1404 1427//1427
f 1427//1427 1404//1404 1355//1355
f 1427//1427 1355//1355 1359//1359
f 1323//1323 1324//1324 1413//1413
f 1413//1413 1324//1324 1326//1326
f 1413//1413 1326//1326 1328//1328
f 1328//1328 1404//1404 1413//1413
f 1413//1413 1404//1404 1425//1425
f 1413//1413 1425//1425 1415//1415
f 1415//1415 1425//1425 1423//1423
f 1415//1415 1423//1423 1403//1403
f 1403//1403 1423//1423 1421//1421
f 1403//1403 1421//1421 1401//1401
f 1428//1428 1402//1402 1401//1401
f 1342//1342 1345//1345 1429//1429
f 1365//1365 1367//1367 1429//1429
f 1429//1429 1367//1367 1343//1343
f 1429//1429 1343//1343 1342//1342
f 1365//1365 1429//1429 1430//1430
f 1430//1430 1429//1429 1431//1431
f 1430//1430 1431//1431 1432//1432
f 1432//1432 1431//1431 1433//1433
f 1432//1432 1433//1433 1434//1434
f 1419//1419 1402//1402 1435//1435
f 1435//1435 1402//1402 1428//1428
f 1435//1435 1428//1428 1436//1436
f 1436//1436 1428//1428 1437//1437
f 1437//1437 1428//1428 1438//1438
f 1437//1437 1438//1438 1439//1439
f 1439//1439 1438//1438 1440//1440
f 1440//1440 1438//1438 1441//1441
f 1440//1440 1441//1441 1442//1442
f 1442//1442 1441//1441 1443//1443
f 1443//1443 1441//1441 1444//1444
f 1443//1443 1444//1444 1445//1445
f 1445//1445 1444//1444 1446//1446
f 1446//1446 1444//1444 1341//1341
f 1446//1446 1341//1341 1447//1447
f 1341//1341 1334//1334 1447//1447
f 1447//1447 1334//1334 1331//1331
f 1447//1447 1331//1331 1448//1448
f 1448//1448 1331//1331 926//926
f 1448//1448 926//926 925//925
f 1336//1336 1338//1338 1444//1444
f 1444//1444 1338//1338 1340//1340
f 1444//1444 1340//1340 1341//1341
f 1336//1336 1444//1444 1349//1349
f 1349//1349 1444//1444 1441//1441
f 1349//1349 1441//1441 1347//1347
f 1420//1420 1449//1449 1421//1421
f 1421//1421 1449//1449 1434//1434
f 1421//1421 1434//1434 1401//1401
f 1401//1401 1434//1434 1433//1433
f 1401//1401 1433//1433 1428//1428
f 1428//1428 1433//1433 1431//1431
f 1428//1428 1431//1431 1438//1438
f 1438//1438 1431//1431 1429//1429
f 1438//1438 1429//1429 1441//1441
f 1441//1441 1429//1429 1345//1345
f 1441//1441 1345//1345 1347//1347
f 1359//1359 1353//1353 1427//1427
f 1427//1427 1353//1353 1426//1426
f 1426//1426 1353//1353 1424//1424
f 1424//1424 1353//1353 1352//1352
f 1424//1424 1352//1352 1422//1422
f 1422//1422 1352//1352 1370//1370
f 1422//1422 1370//1370 1420//1420
f 1420//1420 1370//1370 1369//1369
f 1420//1420 1369//1369 1449//1449
f 1449//1449 1369//1369 1368//1368
f 1449//1449 1368//1368 1434//1434
f 1434//1434 1368//1368 1361//1361
f 1434//1434 1361//1361 1432//1432
f 1361//1361 1360//1360 1432//1432
f 1432//1432 1360//1360 1377//1377
f 1432//1432 1377//1377 1430//1430
f 1430//1430 1377//1377 1365//1365
f 804//804 806//806 929//929
f 803//803 804//804 1393//1393
f 1393//1393 804//804 929//929
f 1393//1393 929//929 928//928
f 1450//1450 771//771 772//772
f 772//772 768//768 1450//1450
f 1450//1450 768//768 1399//1399
f 1450//1450 1399//1399 1398//1398
f 1451//1451 1379//1379 1378//1378
f 1451//1451 1378//1378 1452//1452
f 1452//1452 1378//1378 1376//1376
f 1452//1452 1376//1376 1453//1453
f 1453//1453 1376//1376 1454//1454
f 1453//1453 1454//1454 1455//1455
f 1455//1455 1454//1454 1456//1456
f 1455//1455 1456//1456 1457//1457
f 1457//1457 1456//1456 1458//1458
f 1457//1457 1458//1458 1459//1459
f 1459//1459 1458//1458 1460//1460
f 1460//1460 1458//1458 1461//1461
f 1460//1460 1461//1461 1462//1462
f 1462//1462 1461//1461 1463//1463
f 1462//1462 1463//1463 1464//1464
f 1464//1464 1463//1463 1465//1465
f 1464//1464 1465//1465 1466//1466
f 1466//1466 1465//1465 1467//1467
f 1466//1466 1467//1467 1468//1468
f 1468//1468 1467//1467 1469//1469
f 1468//1468 1469//1469 1470//1470
f 1470//1470 1469//1469 1471//1471
f 1471//1471 1469//1469 1472//1472
f 1471//1471 1472//1472 1473//1473
f 1472//1472 1373//1373 1473//1473
f 1473//1473 1373//1373 1372//1372
f 1473//1473 1372//1372 1474//1474
f 1474//1474 1372//1372 1371//1371
f 1374//1374 1373//1373 1472//1472
f 1375//1375 1382//1382 1475//1475
f 1475//1475 1382//1382 1362//1362
f 1475//1475 1362//1362 1476//1476
f 1454//1454 1376//1376 1375//1375
f 1375//1375 1475//1475 1454//1454
f 1454//1454 1475//1475 1476//1476
f 1454//1454 1476//1476 1456//1456
f 1456//1456 1476//1476 1477//1477
f 1456//1456 1477//1477 1458//1458
f 1458//1458 1477//1477 1478//1478
f 1458//1458 1478//1478 1461//1461
f 1461//1461 1478//1478 1479//1479
f 1461//1461 1479//1479 1463//1463
f 1463//1463 1479//1479 1480//1480
f 1463//1463 1480//1480 1465//1465
f 1465//1465 1480//1480 1481//1481
f 1465//1465 1481//1481 1467//1467
f 1467//1467 1481//1481 1482//1482
f 1467//1467 1482//1482 1469//1469
f 1469//1469 1482//1482 1483//1483
f 1469//1469 1483//1483 1472//1472
f 1472//1472 1483//1483 1380//1380
f 1472//1472 1380//1380 1374//1374
f 1362//1362 1484//1484 1476//1476
f 1476//1476 1484//1484 1485//1485
f 1476//1476 1485//1485 1477//1477
f 1477//1477 1485//1485 1486//1486
f 1477//1477 1486//1486 1478//1478
f 1478//1478 1486//1486 1487//1487
f 1478//1478 1487//1487 1479//1479
f 1479//1479 1487//1487 1488//1488
f 1479//1479 1488//1488 1480//1480
f 1480//1480 1488//1488 1489//1489
f 1480//1480 1489//1489 1481//1481
f 1481//1481 1489//1489 1490//1490
f 1481//1481 1490//1490 1482//1482
f 1482//1482 1490//1490 1354//1354
f 1482//1482 1354//1354 1483//1483
f 1483//1483 1354//1354 1381//1381
f 1483//1483 1381//1381 1380//1380
f 1489//1489 1484//1484 1490//1490
f 1490//1490 1484//1484 1362//1362
f 1490//1490 1362//1362 1354//1354
f 1486//1486 1485//1485 1487//1487
f 1487//1487 1485//1485 1484//1484
f 1487//1487 1484//1484 1488//1488
f 1488//1488 1484//1484 1489//1489
f 1445//1445 1446//1446 1491//1491
f 1492//1492 1493//1493 1494//1494
f 1447//1447 1448//1448 1495//1495
f 1495//1495 1448//1448 925//925
f 1495//1495 925//925 945//945
f 939//939 944//944 1496//1496
f 945//945 941//941 1495//1495
f 1495//1495 941//941 940//940
f 1495//1495 940//940 1497//1497
f 1497//1497 940//940 939//939
f 1497//1497 939//939 1498//1498
f 1498//1498 939//939 1496//1496
f 1498//1498 1496//1496 1499//1499
f 1500//1500 1501//1501 1502//1502
f 1503//1503 1504//1504 1505//1505
f 1504//1504 1503//1503 1506//1506
f 1507//1507 1506//1506 1508//1508
f 1493//1493 1507//1507 1509//1509
f 1492//1492 1494//1494 1499//1499
f 1500//1500 1502//1502 1510//1510
f 1510//1510 1502//1502 1511//1511
f 1510//1510 1511//1511 1512//1512
f 1512//1512 1511//1511 1513//1513
f 1512//1512 1513//1513 1514//1514
f 1506//1506 1503//1503 1508//1508
f 1508//1508 1503//1503 1515//1515
f 1508//1508 1515//1515 1516//1516
f 1516//1516 1515//1515 1517//1517
f 1516//1516 1517//1517 1518//1518
f 1513//1513 1419//1419 1514//1514
f 1514//1514 1419//1419 1435//1435
f 1514//1514 1435//1435 1436//1436
f 1436//1436 1517//1517 1514//1514
f 1514//1514 1517//1517 1515//1515
f 1514//1514 1515//1515 1512//1512
f 1512//1512 1515//1515 1503//1503
f 1512//1512 1503//1503 1510//1510
f 1510//1510 1503//1503 1505//1505
f 1510//1510 1505//1505 1500//1500
f 1436//1436 1437//1437 1517//1517
f 1517//1517 1437//1437 1439//1439
f 1517//1517 1439//1439 1518//1518
f 1518//1518 1439//1439 1440//1440
f 1518//1518 1440//1440 1442//1442
f 1507//1507 1508//1508 1509//1509
f 1509//1509 1508//1508 1516//1516
f 1509//1509 1516//1516 1519//1519
f 1519//1519 1516//1516 1518//1518
f 1519//1519 1518//1518 1520//1520
f 1520//1520 1518//1518 1442//1442
f 1520//1520 1442//1442 1443//1443
f 1493//1493 1509//1509 1494//1494
f 1494//1494 1509//1509 1519//1519
f 1494//1494 1519//1519 1521//1521
f 1521//1521 1519//1519 1520//1520
f 1521//1521 1520//1520 1491//1491
f 1491//1491 1520//1520 1443//1443
f 1491//1491 1443//1443 1445//1445
f 1499//1499 1494//1494 1498//1498
f 1498//1498 1494//1494 1521//1521
f 1498//1498 1521//1521 1497//1497
f 1497//1497 1521//1521 1491//1491
f 1497//1497 1491//1491 1495//1495
f 1495//1495 1491//1491 1446//1446
f 1495//1495 1446//1446 1447//1447
f 1522//1522 1523//1523 1524//1524
f 1525//1525 1526//1526 1527//1527
f 1528//1528 1529//1529 1406//1406
f 1406//1406 1529//1529 1405//1405
f 1530//1530 1531//1531 1532//1532
f 1527//1527 1531//1531 1533//1533
f 1533//1533 1531//1531 1530//1530
f 1533//1533 1530//1530 1534//1534
f 1525//1525 1527//1527 1535//1535
f 1535//1535 1527//1527 1533//1533
f 1535//1535 1533//1533 1536//1536
f 1536//1536 1533//1533 1534//1534
f 1536//1536 1534//1534 1537//1537
f 1538//1538 1539//1539 1522//1522
f 1539//1539 1538//1538 1501//1501
f 1540//1540 1537//1537 1541//1541
f 1541//1541 1537//1537 1534//1534
f 1541//1541 1534//1534 1542//1542
f 1542//1542 1534//1534 1530//1530
f 1542//1542 1530//1530 1528//1528
f 1528//1528 1530//1530 1532//1532
f 1528//1528 1532//1532 1529//1529
f 1543//1543 1544//1544 1545//1545
f 1546//1546 1544//1544 1547//1547
f 1547//1547 1544//1544 1543//1543
f 1547//1547 1543//1543 1548//1548
f 1522//1522 1524//1524 1538//1538
f 1538//1538 1524//1524 1549//1549
f 1538//1538 1549//1549 1550//1550
f 1550//1550 1549//1549 1551//1551
f 1550//1550 1551//1551 1552//1552
f 1406//1406 1407//1407 1528//1528
f 1528//1528 1407//1407 1548//1548
f 1528//1528 1548//1548 1542//1542
f 1542//1542 1548//1548 1543//1543
f 1542//1542 1543//1543 1541//1541
f 1541//1541 1543//1543 1545//1545
f 1541//1541 1545//1545 1540//1540
f 1540//1540 1545//1545 1553//1553
f 1407//1407 1408//1408 1548//1548
f 1548//1548 1408//1408 1409//1409
f 1548//1548 1409//1409 1547//1547
f 1547//1547 1409//1409 1410//1410
f 1547//1547 1410//1410 1546//1546
f 1546//1546 1410//1410 1411//1411
f 1546//1546 1411//1411 1412//1412
f 1412//1412 1551//1551 1546//1546
f 1546//1546 1551//1551 1549//1549
f 1546//1546 1549//1549 1544//1544
f 1544//1544 1549//1549 1524//1524
f 1544//1544 1524//1524 1545//1545
f 1545//1545 1524//1524 1523//1523
f 1545//1545 1523//1523 1553//1553
f 1412//1412 1414//1414 1551//1551
f 1551//1551 1414//1414 1416//1416
f 1551//1551 1416//1416 1552//1552
f 1552//1552 1416//1416 1417//1417
f 1552//1552 1417//1417 1418//1418
f 1501//1501 1538//1538 1502//1502
f 1502//1502 1538//1538 1550//1550
f 1502//1502 1550//1550 1511//1511
f 1511//1511 1550//1550 1552//1552
f 1511//1511 1552//1552 1513//1513
f 1513//1513 1552//1552 1418//1418
f 1513//1513 1418//1418 1419//1419
f 938//938 937//937 1554//1554
f 1555//1555 1526//1526 1525//1525
f 938//938 1554//1554 944//944
f 1556//1556 1492//1492 1557//1557
f 1557//1557 1492//1492 1499//1499
f 1557//1557 1499//1499 1554//1554
f 1554//1554 1499//1499 1496//1496
f 1554//1554 1496//1496 944//944
f 1558//1558 1553//1553 1559//1559
f 1559//1559 1553//1553 1523//1523
f 1559//1559 1523//1523 1560//1560
f 1560//1560 1523//1523 1522//1522
f 1560//1560 1522//1522 1561//1561
f 1561//1561 1522//1522 1539//1539
f 1561//1561 1539//1539 1562//1562
f 1562//1562 1539//1539 1501//1501
f 1562//1562 1501//1501 1563//1563
f 1563//1563 1501//1501 1500//1500
f 1563//1563 1500//1500 1564//1564
f 1564//1564 1500//1500 1505//1505
f 1564//1564 1505//1505 1565//1565
f 1565//1565 1505//1505 1504//1504
f 1565//1565 1504//1504 1566//1566
f 1566//1566 1504//1504 1506//1506
f 1566//1566 1506//1506 1567//1567
f 1567//1567 1506//1506 1507//1507
f 1567//1567 1507//1507 1556//1556
f 1556//1556 1507//1507 1493//1493
f 1556//1556 1493//1493 1492//1492
f 1568//1568 1555//1555 1569//1569
f 1569//1569 1555//1555 1525//1525
f 1569//1569 1525//1525 1570//1570
f 1570//1570 1525//1525 1535//1535
f 1570//1570 1535//1535 1571//1571
f 1571//1571 1535//1535 1536//1536
f 1571//1571 1536//1536 1572//1572
f 1572//1572 1536//1536 1537//1537
f 1572//1572 1537//1537 1558//1558
f 1558//1558 1537//1537 1540//1540
f 1558//1558 1540//1540 1553//1553
f 1573//1573 838//838 843//843
f 848//848 1574//1574 842//842
f 842//842 1574//1574 1575//1575
f 842//842 1575//1575 843//843
f 1576//1576 1577//1577 1578//1578
f 1578//1578 1577//1577 1579//1579
f 1578//1578 1579//1579 1580//1580
f 1581//1581 1582//1582 1583//1583
f 1583//1583 1582//1582 1580//1580
f 1583//1583 1580//1580 1584//1584
f 1584//1584 1580//1580 1579//1579
f 843//843 1575//1575 1573//1573
f 1573//1573 1575//1575 1585//1585
f 1573//1573 1585//1585 1586//1586
f 1586//1586 1585//1585 1587//1587
f 1586//1586 1587//1587 1582//1582
f 1582//1582 1587//1587 1588//1588
f 1582//1582 1588//1588 1580//1580
f 1574//1574 848//848 849//849
f 906//906 905//905 1589//1589
f 1589//1589 905//905 1590//1590
f 1590//1590 905//905 867//867
f 867//867 874//874 1590//1590
f 1590//1590 874//874 875//875
f 1590//1590 875//875 1591//1591
f 875//875 1592//1592 1591//1591
f 1591//1591 1592//1592 1593//1593
f 1591//1591 1593//1593 1594//1594
f 1594//1594 1593//1593 1595//1595
f 1595//1595 1593//1593 1596//1596
f 1595//1595 1596//1596 1597//1597
f 1596//1596 1598//1598 1597//1597
f 1597//1597 1598//1598 1599//1599
f 1597//1597 1599//1599 1600//1600
f 1600//1600 1599//1599 1601//1601
f 1601//1601 1602//1602 1600//1600
f 1600//1600 1602//1602 1603//1603
f 1600//1600 1603//1603 1604//1604
f 1391//1391 1392//1392 1605//1605
f 1606//1606 1607//1607 1608//1608
f 1607//1607 1609//1609 1608//1608
f 1608//1608 1609//1609 1610//1610
f 1608//1608 1610//1610 1611//1611
f 1611//1611 1610//1610 1612//1612
f 1613//1613 1614//1614 1615//1615
f 1615//1615 1614//1614 1616//1616
f 1615//1615 1616//1616 1608//1608
f 1608//1608 1616//1616 1617//1617
f 1608//1608 1617//1617 1606//1606
f 1606//1606 1617//1617 1618//1618
f 1606//1606 1618//1618 1619//1619
f 1619//1619 1618//1618 967//967
f 1619//1619 967//967 968//968
f 1620//1620 1621//1621 1615//1615
f 1615//1615 1621//1621 1622//1622
f 1615//1615 1622//1622 1613//1613
f 1605//1605 1392//1392 1623//1623
f 1392//1392 1330//1330 1623//1623
f 1623//1623 1330//1330 1329//1329
f 1623//1623 1329//1329 1624//1624
f 1624//1624 1329//1329 1332//1332
f 1390//1390 1625//1625 1389//1389
f 1389//1389 1625//1625 1626//1626
f 1383//1383 1384//1384 1627//1627
f 1627//1627 1384//1384 1385//1385
f 1385//1385 1386//1386 1627//1627
f 1627//1627 1386//1386 1387//1387
f 1627//1627 1387//1387 1626//1626
f 1626//1626 1387//1387 1388//1388
f 1626//1626 1388//1388 1389//1389
f 1592//1592 875//875 1628//1628
f 1612//1612 1629//1629 1611//1611
f 1611//1611 1629//1629 1630//1630
f 1611//1611 1630//1630 1631//1631
f 1631//1631 1632//1632 1611//1611
f 1611//1611 1632//1632 1633//1633
f 1611//1611 1633//1633 1634//1634
f 1634//1634 1635//1635 1611//1611
f 1611//1611 1635//1635 1636//1636
f 1611//1611 1636//1636 1596//1596
f 1596//1596 1636//1636 1637//1637
f 1596//1596 1637//1637 1638//1638
f 1638//1638 1639//1639 1596//1596
f 1596//1596 1639//1639 1640//1640
f 1596//1596 1640//1640 1598//1598
f 1394//1394 1383//1383 1628//1628
f 1628//1628 1383//1383 1627//1627
f 1628//1628 1627//1627 1592//1592
f 1592//1592 1627//1627 1626//1626
f 1592//1592 1626//1626 1593//1593
f 1593//1593 1626//1626 1596//1596
f 1390//1390 1391//1391 1625//1625
f 1625//1625 1391//1391 1605//1605
f 1625//1625 1605//1605 1641//1641
f 1641//1641 1605//1605 1623//1623
f 1641//1641 1623//1623 1642//1642
f 1596//1596 1626//1626 1611//1611
f 1611//1611 1626//1626 1625//1625
f 1611//1611 1625//1625 1608//1608
f 1608//1608 1625//1625 1641//1641
f 1608//1608 1641//1641 1615//1615
f 1615//1615 1641//1641 1642//1642
f 1615//1615 1642//1642 1620//1620
f 1643//1643 1644//1644 1645//1645
f 1645//1645 1644//1644 1646//1646
f 1645//1645 1646//1646 1647//1647
f 1647//1647 1646//1646 1648//1648
f 1649//1649 1650//1650 1651//1651
f 1651//1651 1650//1650 1652//1652
f 1651//1651 1652//1652 1653//1653
f 1652//1652 1654//1654 1653//1653
f 1653//1653 1654//1654 1655//1655
f 1653//1653 1655//1655 1656//1656
f 1656//1656 1655//1655 1657//1657
f 1656//1656 1657//1657 1658//1658
f 1658//1658 1657//1657 1659//1659
f 1658//1658 1659//1659 1660//1660
f 1660//1660 1659//1659 1661//1661
f 1660//1660 1661//1661 1662//1662
f 1662//1662 1661//1661 1663//1663
f 1662//1662 1663//1663 1664//1664
f 1664//1664 1663//1663 1665//1665
f 1664//1664 1665//1665 1666//1666
f 1666//1666 1665//1665 1667//1667
f 1666//1666 1667//1667 1668//1668
f 1668//1668 1667//1667 1669//1669
f 1668//1668 1669//1669 1670//1670
f 1670//1670 1669//1669 1671//1671
f 1670//1670 1671//1671 1672//1672
f 1672//1672 1671//1671 1673//1673
f 1672//1672 1673//1673 1674//1674
f 1674//1674 1673//1673 1675//1675
f 1674//1674 1675//1675 1676//1676
f 1676//1676 1675//1675 1677//1677
f 1676//1676 1677//1677 1648//1648
f 1648//1648 1677//1677 1678//1678
f 1648//1648 1678//1678 1647//1647
f 1679//1679 1680//1680 1681//1681
f 1682//1682 1683//1683 1684//1684
f 1685//1685 1686//1686 1687//1687
f 1685//1685 1687//1687 1688//1688
f 931//931 930//930 1689//1689
f 1690//1690 1691//1691 1692//1692
f 1692//1692 1691//1691 1679//1679
f 1679//1679 1681//1681 1692//1692
f 1692//1692 1681//1681 1693//1693
f 1692//1692 1693//1693 1694//1694
f 1694//1694 1695//1695 1692//1692
f 1692//1692 1695//1695 1696//1696
f 1692//1692 1696//1696 1690//1690
f 1690//1690 1696//1696 1697//1697
f 1690//1690 1697//1697 1698//1698
f 1699//1699 1700//1700 1701//1701
f 1701//1701 1700//1700 1702//1702
f 1701//1701 1702//1702 1703//1703
f 1703//1703 1702//1702 1704//1704
f 1703//1703 1704//1704 1705//1705
f 1706//1706 1707//1707 1708//1708
f 1708//1708 1707//1707 1709//1709
f 1708//1708 1709//1709 1710//1710
f 1710//1710 1709//1709 1711//1711
f 1710//1710 1711//1711 1712//1712
f 1689//1689 1688//1688 931//931
f 931//931 1688//1688 1687//1687
f 931//931 1687//1687 933//933
f 933//933 1687//1687 1713//1713
f 933//933 1713//1713 1714//1714
f 1714//1714 1713//1713 1715//1715
f 1714//1714 1715//1715 1716//1716
f 1716//1716 1715//1715 1717//1717
f 1716//1716 1717//1717 1718//1718
f 1718//1718 1717//1717 1719//1719
f 1718//1718 1719//1719 1720//1720
f 1720//1720 1719//1719 1721//1721
f 1720//1720 1721//1721 1722//1722
f 1722//1722 1721//1721 1723//1723
f 1722//1722 1723//1723 1724//1724
f 1724//1724 1723//1723 1725//1725
f 1724//1724 1725//1725 1726//1726
f 1726//1726 1725//1725 1727//1727
f 1726//1726 1727//1727 1728//1728
f 1728//1728 1727//1727 1729//1729
f 1728//1728 1729//1729 1730//1730
f 1730//1730 1729//1729 1731//1731
f 1730//1730 1731//1731 1732//1732
f 1732//1732 1731//1731 1733//1733
f 1732//1732 1733//1733 1734//1734
f 1734//1734 1733//1733 1735//1735
f 1734//1734 1735//1735 1736//1736
f 1737//1737 1738//1738 1681//1681
f 1681//1681 1738//1738 1739//1739
f 1681//1681 1739//1739 1693//1693
f 1680//1680 1705//1705 1681//1681
f 1681//1681 1705//1705 1704//1704
f 1681//1681 1704//1704 1737//1737
f 1737//1737 1704//1704 1702//1702
f 1737//1737 1702//1702 1740//1740
f 1699//1699 1741//1741 1700//1700
f 1700//1700 1741//1741 1742//1742
f 1700//1700 1742//1742 1702//1702
f 1702//1702 1742//1742 1743//1743
f 1702//1702 1743//1743 1740//1740
f 1744//1744 1745//1745 1741//1741
f 1741//1741 1745//1745 1746//1746
f 1741//1741 1746//1746 1742//1742
f 1699//1699 1712//1712 1741//1741
f 1741//1741 1712//1712 1711//1711
f 1741//1741 1711//1711 1744//1744
f 1744//1744 1711//1711 1709//1709
f 1744//1744 1709//1709 1747//1747
f 1706//1706 1748//1748 1707//1707
f 1707//1707 1748//1748 1749//1749
f 1707//1707 1749//1749 1709//1709
f 1709//1709 1749//1749 1750//1750
f 1709//1709 1750//1750 1747//1747
f 1751//1751 1752//1752 1748//1748
f 1748//1748 1752//1752 1753//1753
f 1748//1748 1753//1753 1749//1749
f 1706//1706 1736//1736 1748//1748
f 1748//1748 1736//1736 1735//1735
f 1748//1748 1735//1735 1751//1751
f 1751//1751 1735//1735 1733//1733
f 1751//1751 1733//1733 1754//1754
f 1754//1754 1733//1733 1755//1755
f 1755//1755 1733//1733 1731//1731
f 1755//1755 1731//1731 1756//1756
f 1756//1756 1731//1731 1729//1729
f 1756//1756 1729//1729 1757//1757
f 1757//1757 1729//1729 1758//1758
f 1758//1758 1729//1729 1727//1727
f 1758//1758 1727//1727 1759//1759
f 1759//1759 1727//1727 1725//1725
f 1759//1759 1725//1725 1760//1760
f 1760//1760 1725//1725 1761//1761
f 1761//1761 1725//1725 1723//1723
f 1761//1761 1723//1723 1762//1762
f 1762//1762 1723//1723 1721//1721
f 1762//1762 1721//1721 1763//1763
f 1763//1763 1721//1721 1764//1764
f 1764//1764 1721//1721 1719//1719
f 1764//1764 1719//1719 1765//1765
f 1765//1765 1719//1719 1717//1717
f 1765//1765 1717//1717 1766//1766
f 1766//1766 1717//1717 1767//1767
f 1767//1767 1717//1717 1715//1715
f 1767//1767 1715//1715 1768//1768
f 1768//1768 1715//1715 1713//1713
f 1768//1768 1713//1713 1769//1769
f 1769//1769 1713//1713 1770//1770
f 1770//1770 1713//1713 1687//1687
f 1770//1770 1687//1687 1684//1684
f 1684//1684 1687//1687 1686//1686
f 1684//1684 1686//1686 1682//1682
f 1771//1771 1772//1772 1773//1773
f 1774//1774 1775//1775 1776//1776
f 1777//1777 1778//1778 1771//1771
f 1775//1775 1643//1643 1776//1776
f 1776//1776 1643//1643 1645//1645
f 1776//1776 1645//1645 1779//1779
f 1779//1779 1645//1645 1647//1647
f 1650//1650 1778//1778 1652//1652
f 1652//1652 1778//1778 1777//1777
f 1652//1652 1777//1777 1654//1654
f 1654//1654 1777//1777 1780//1780
f 1654//1654 1780//1780 1655//1655
f 1655//1655 1780//1780 1781//1781
f 1655//1655 1781//1781 1657//1657
f 1657//1657 1781//1781 1782//1782
f 1657//1657 1782//1782 1659//1659
f 1659//1659 1782//1782 1783//1783
f 1659//1659 1783//1783 1661//1661
f 1661//1661 1783//1783 1784//1784
f 1661//1661 1784//1784 1663//1663
f 1663//1663 1784//1784 1785//1785
f 1663//1663 1785//1785 1665//1665
f 1665//1665 1785//1785 1786//1786
f 1665//1665 1786//1786 1667//1667
f 1667//1667 1786//1786 1787//1787
f 1667//1667 1787//1787 1669//1669
f 1669//1669 1787//1787 1788//1788
f 1669//1669 1788//1788 1671//1671
f 1671//1671 1788//1788 1789//1789
f 1671//1671 1789//1789 1673//1673
f 1673//1673 1789//1789 1790//1790
f 1673//1673 1790//1790 1675//1675
f 1675//1675 1790//1790 1791//1791
f 1675//1675 1791//1791 1677//1677
f 1677//1677 1791//1791 1779//1779
f 1677//1677 1779//1779 1678//1678
f 1678//1678 1779//1779 1647//1647
f 1771//1771 1773//1773 1777//1777
f 1777//1777 1773//1773 1792//1792
f 1777//1777 1792//1792 1780//1780
f 1780//1780 1792//1792 1793//1793
f 1780//1780 1793//1793 1781//1781
f 1781//1781 1793//1793 1794//1794
f 1781//1781 1794//1794 1782//1782
f 1782//1782 1794//1794 1795//1795
f 1782//1782 1795//1795 1783//1783
f 1783//1783 1795//1795 1796//1796
f 1783//1783 1796//1796 1784//1784
f 1784//1784 1796//1796 1797//1797
f 1784//1784 1797//1797 1785//1785
f 1785//1785 1797//1797 1798//1798
f 1785//1785 1798//1798 1786//1786
f 1786//1786 1798//1798 1799//1799
f 1786//1786 1799//1799 1787//1787
f 1787//1787 1799//1799 1800//1800
f 1787//1787 1800//1800 1788//1788
f 1788//1788 1800//1800 1801//1801
f 1788//1788 1801//1801 1789//1789
f 1789//1789 1801//1801 1802//1802
f 1789//1789 1802//1802 1790//1790
f 1790//1790 1802//1802 1803//1803
f 1790//1790 1803//1803 1791//1791
f 1791//1791 1803//1803 1804//1804
f 1791//1791 1804//1804 1779//1779
f 1779//1779 1804//1804 1805//1805
f 1779//1779 1805//1805 1776//1776
f 1776//1776 1805//1805 1806//1806
f 1776//1776 1806//1806 1774//1774
f 1699//1699 1701//1701 1807//1807
f 1680//1680 1679//1679 1808//1808
f 942//942 933//933 1714//1714
f 1716//1716 1809//1809 1714//1714
f 1714//1714 1809//1809 943//943
f 1714//1714 943//943 942//942
f 1720//1720 1810//1810 1718//1718
f 1718//1718 1810//1810 1811//1811
f 1718//1718 1811//1811 1716//1716
f 1716//1716 1811//1811 1812//1812
f 1716//1716 1812//1812 1809//1809
f 1722//1722 1724//1724 1813//1813
f 1813//1813 1814//1814 1722//1722
f 1722//1722 1814//1814 1815//1815
f 1722//1722 1815//1815 1720//1720
f 1720//1720 1815//1815 1816//1816
f 1720//1720 1816//1816 1810//1810
f 1730//1730 1817//1817 1728//1728
f 1728//1728 1817//1817 1818//1818
f 1728//1728 1818//1818 1726//1726
f 1726//1726 1818//1818 1819//1819
f 1726//1726 1819//1819 1724//1724
f 1724//1724 1819//1819 1820//1820
f 1724//1724 1820//1820 1813//1813
f 1734//1734 1821//1821 1732//1732
f 1732//1732 1821//1821 1822//1822
f 1732//1732 1822//1822 1730//1730
f 1730//1730 1822//1822 1823//1823
f 1730//1730 1823//1823 1817//1817
f 1736//1736 1824//1824 1734//1734
f 1734//1734 1824//1824 1825//1825
f 1734//1734 1825//1825 1821//1821
f 1708//1708 1826//1826 1706//1706
f 1706//1706 1826//1826 1827//1827
f 1706//1706 1827//1827 1736//1736
f 1736//1736 1827//1827 1828//1828
f 1736//1736 1828//1828 1824//1824
f 1712//1712 1829//1829 1710//1710
f 1710//1710 1829//1829 1830//1830
f 1710//1710 1830//1830 1708//1708
f 1708//1708 1830//1830 1831//1831
f 1708//1708 1831//1831 1826//1826
f 1807//1807 1832//1832 1699//1699
f 1699//1699 1832//1832 1833//1833
f 1699//1699 1833//1833 1712//1712
f 1712//1712 1833//1833 1834//1834
f 1712//1712 1834//1834 1829//1829
f 1808//1808 1835//1835 1680//1680
f 1680//1680 1835//1835 1836//1836
f 1680//1680 1836//1836 1705//1705
f 1705//1705 1836//1836 1837//1837
f 1705//1705 1837//1837 1703//1703
f 1703//1703 1837//1837 1838//1838
f 1703//1703 1838//1838 1701//1701
f 1701//1701 1838//1838 1839//1839
f 1701//1701 1839//1839 1807//1807
f 1840//1840 1806//1806 1805//1805
f 1002//1002 1001//1001 1841//1841
f 1842//1842 1003//1003 1002//1002
f 1842//1842 1002//1002 1843//1843
f 1843//1843 1002//1002 1841//1841
f 1843//1843 1841//1841 1844//1844
f 1845//1845 1846//1846 1847//1847
f 1847//1847 1846//1846 1848//1848
f 1849//1849 1850//1850 1851//1851
f 1848//1848 1852//1852 1847//1847
f 1847//1847 1852//1852 1849//1849
f 1847//1847 1849//1849 1853//1853
f 1853//1853 1849//1849 1851//1851
f 1844//1844 1840//1840 1843//1843
f 1843//1843 1840//1840 1805//1805
f 1843//1843 1805//1805 1854//1854
f 1854//1854 1805//1805 1804//1804
f 1854//1854 1804//1804 1855//1855
f 1855//1855 1804//1804 1856//1856
f 1856//1856 1804//1804 1803//1803
f 1856//1856 1803//1803 1857//1857
f 1857//1857 1803//1803 1802//1802
f 1857//1857 1802//1802 1858//1858
f 1858//1858 1802//1802 1859//1859
f 1859//1859 1802//1802 1801//1801
f 1859//1859 1801//1801 1860//1860
f 1860//1860 1801//1801 1800//1800
f 1860//1860 1800//1800 1861//1861
f 1861//1861 1800//1800 1799//1799
f 1861//1861 1799//1799 1862//1862
f 1862//1862 1799//1799 1798//1798
f 1862//1862 1798//1798 1863//1863
f 1863//1863 1798//1798 1797//1797
f 1863//1863 1797//1797 1864//1864
f 1864//1864 1797//1797 1796//1796
f 1864//1864 1796//1796 1865//1865
f 1865//1865 1796//1796 1795//1795
f 1865//1865 1795//1795 1866//1866
f 1866//1866 1795//1795 1794//1794
f 1866//1866 1794//1794 1867//1867
f 1867//1867 1794//1794 1793//1793
f 1867//1867 1793//1793 1868//1868
f 1868//1868 1793//1793 1869//1869
f 1869//1869 1793//1793 1792//1792
f 1869//1869 1792//1792 1870//1870
f 1870//1870 1792//1792 1773//1773
f 1870//1870 1773//1773 1847//1847
f 1847//1847 1773//1773 1772//1772
f 1847//1847 1772//1772 1845//1845
f 1007//1007 1003//1003 1842//1842
f 1871//1871 1293//1293 1294//1294
f 1292//1292 1283//1283 1842//1842
f 1842//1842 1283//1283 1008//1008
f 1842//1842 1008//1008 1007//1007
f 1842//1842 1843//1843 1292//1292
f 1292//1292 1843//1843 1854//1854
f 1292//1292 1854//1854 1291//1291
f 1291//1291 1854//1854 1855//1855
f 1291//1291 1855//1855 1290//1290
f 1855//1855 1856//1856 1290//1290
f 1290//1290 1856//1856 1857//1857
f 1290//1290 1857//1857 1289//1289
f 1289//1289 1857//1857 1858//1858
f 1289//1289 1858//1858 1288//1288
f 1288//1288 1858//1858 1859//1859
f 1288//1288 1859//1859 1287//1287
f 1287//1287 1859//1859 1860//1860
f 1287//1287 1860//1860 1286//1286
f 1286//1286 1860//1860 1861//1861
f 1286//1286 1861//1861 1285//1285
f 1285//1285 1861//1861 1862//1862
f 1285//1285 1862//1862 1284//1284
f 1284//1284 1862//1862 1863//1863
f 1284//1284 1863//1863 1300//1300
f 1300//1300 1863//1863 1864//1864
f 1300//1300 1864//1864 1299//1299
f 1299//1299 1864//1864 1865//1865
f 1299//1299 1865//1865 1298//1298
f 1298//1298 1865//1865 1866//1866
f 1298//1298 1866//1866 1297//1297
f 1866//1866 1867//1867 1297//1297
f 1297//1297 1867//1867 1868//1868
f 1297//1297 1868//1868 1296//1296
f 1296//1296 1868//1868 1869//1869
f 1296//1296 1869//1869 1295//1295
f 1869//1869 1870//1870 1295//1295
f 1295//1295 1870//1870 1847//1847
f 1295//1295 1847//1847 1294//1294
f 1294//1294 1847//1847 1853//1853
f 1294//1294 1853//1853 1871//1871
f 1871//1871 1853//1853 1851//1851
f 1871//1871 1851//1851 1850//1850
f 873//873 1872//1872 875//875
f 875//875 1872//1872 1628//1628
f 1395//1395 1873//1873 1396//1396
f 1396//1396 1873//1873 916//916
f 1396//1396 916//916 917//917
f 1394//1394 1628//1628 1395//1395
f 1395//1395 1628//1628 1872//1872
f 1395//1395 1872//1872 1873//1873
f 1873//1873 1872//1872 873//873
f 1873//1873 873//873 916//916
f 916//916 873//873 871//871
f 916//916 871//871 870//870
f 1874//1874 1875//1875 1876//1876
f 1877//1877 1878//1878 1879//1879
f 1880//1880 1881//1881 1882//1882
f 1882//1882 1881//1881 1883//1883
f 1882//1882 1883//1883 1884//1884
f 1885//1885 1886//1886 1887//1887
f 1346//1346 1888//1888 1348//1348
f 1348//1348 1888//1888 1889//1889
f 1348//1348 1889//1889 1350//1350
f 1350//1350 1889//1889 1351//1351
f 1890//1890 1339//1339 1337//1337
f 1351//1351 1889//1889 1337//1337
f 1337//1337 1889//1889 1891//1891
f 1337//1337 1891//1891 1890//1890
f 1339//1339 1890//1890 1335//1335
f 1335//1335 1890//1890 1892//1892
f 1335//1335 1892//1892 1333//1333
f 1623//1623 1624//1624 1892//1892
f 1892//1892 1624//1624 1332//1332
f 1892//1892 1332//1332 1333//1333
f 1620//1620 1893//1893 1894//1894
f 1894//1894 1893//1893 1895//1895
f 1894//1894 1895//1895 1896//1896
f 1897//1897 1898//1898 1895//1895
f 1895//1895 1898//1898 1899//1899
f 1895//1895 1899//1899 1896//1896
f 1886//1886 1900//1900 1887//1887
f 1887//1887 1900//1900 1901//1901
f 1887//1887 1901//1901 1897//1897
f 1897//1897 1901//1901 1902//1902
f 1897//1897 1902//1902 1898//1898
f 1880//1880 1882//1882 1903//1903
f 1903//1903 1882//1882 1904//1904
f 1903//1903 1904//1904 1905//1905
f 1906//1906 1907//1907 1877//1877
f 1908//1908 1909//1909 1910//1910
f 1874//1874 1876//1876 1911//1911
f 1912//1912 1913//1913 1914//1914
f 1914//1914 1913//1913 1915//1915
f 1914//1914 1915//1915 1916//1916
f 1916//1916 1915//1915 1917//1917
f 1916//1916 1917//1917 1918//1918
f 1919//1919 1920//1920 1921//1921
f 1921//1921 1920//1920 1922//1922
f 1921//1921 1922//1922 1923//1923
f 1366//1366 1924//1924 1344//1344
f 1344//1344 1924//1924 1925//1925
f 1344//1344 1925//1925 1926//1926
f 1927//1927 1919//1919 1912//1912
f 1912//1912 1919//1919 1921//1921
f 1912//1912 1921//1921 1913//1913
f 1913//1913 1921//1921 1923//1923
f 1913//1913 1923//1923 1915//1915
f 1893//1893 1928//1928 1895//1895
f 1895//1895 1928//1928 1929//1929
f 1895//1895 1929//1929 1897//1897
f 1897//1897 1929//1929 1930//1930
f 1897//1897 1930//1930 1887//1887
f 1887//1887 1930//1930 1931//1931
f 1932//1932 1933//1933 1934//1934
f 1934//1934 1933//1933 1935//1935
f 1934//1934 1935//1935 1936//1936
f 1936//1936 1935//1935 1937//1937
f 1879//1879 1938//1938 1939//1939
f 1885//1885 1887//1887 1884//1884
f 1884//1884 1887//1887 1931//1931
f 1884//1884 1931//1931 1882//1882
f 1882//1882 1931//1931 1940//1940
f 1882//1882 1940//1940 1904//1904
f 1877//1877 1879//1879 1906//1906
f 1906//1906 1879//1879 1939//1939
f 1906//1906 1939//1939 1941//1941
f 1941//1941 1939//1939 1942//1942
f 1941//1941 1942//1942 1943//1943
f 1875//1875 1944//1944 1876//1876
f 1876//1876 1944//1944 1945//1945
f 1876//1876 1945//1945 1946//1946
f 1946//1946 1945//1945 1947//1947
f 1946//1946 1947//1947 1948//1948
f 1949//1949 1950//1950 1951//1951
f 1951//1951 1950//1950 1952//1952
f 1951//1951 1952//1952 1953//1953
f 1953//1953 1952//1952 1954//1954
f 1953//1953 1954//1954 1955//1955
f 1955//1955 1954//1954 1956//1956
f 1955//1955 1956//1956 1957//1957
f 1957//1957 1956//1956 1958//1958
f 1957//1957 1958//1958 1959//1959
f 1927//1927 1912//1912 1948//1948
f 1948//1948 1912//1912 1914//1914
f 1948//1948 1914//1914 1946//1946
f 1946//1946 1914//1914 1916//1916
f 1946//1946 1916//1916 1876//1876
f 1876//1876 1916//1916 1918//1918
f 1876//1876 1918//1918 1911//1911
f 1911//1911 1918//1918 1917//1917
f 1911//1911 1917//1917 1960//1960
f 1944//1944 1909//1909 1945//1945
f 1945//1945 1909//1909 1908//1908
f 1945//1945 1908//1908 1947//1947
f 1947//1947 1908//1908 1961//1961
f 1947//1947 1961//1961 1948//1948
f 1948//1948 1961//1961 1962//1962
f 1948//1948 1962//1962 1927//1927
f 1927//1927 1962//1962 1926//1926
f 1927//1927 1926//1926 1919//1919
f 1919//1919 1926//1926 1925//1925
f 1919//1919 1925//1925 1920//1920
f 1346//1346 1344//1344 1888//1888
f 1888//1888 1344//1344 1926//1926
f 1888//1888 1926//1926 1963//1963
f 1963//1963 1926//1926 1962//1962
f 1963//1963 1962//1962 1943//1943
f 1943//1943 1962//1962 1961//1961
f 1943//1943 1961//1961 1941//1941
f 1941//1941 1961//1961 1908//1908
f 1941//1941 1908//1908 1906//1906
f 1906//1906 1908//1908 1910//1910
f 1906//1906 1910//1910 1907//1907
f 1642//1642 1964//1964 1965//1965
f 1965//1965 1964//1964 1966//1966
f 1965//1965 1966//1966 1967//1967
f 1967//1967 1966//1966 1968//1968
f 1967//1967 1968//1968 1969//1969
f 1969//1969 1968//1968 1949//1949
f 1969//1969 1949//1949 1970//1970
f 1970//1970 1949//1949 1951//1951
f 1970//1970 1951//1951 1971//1971
f 1971//1971 1951//1951 1953//1953
f 1971//1971 1953//1953 1972//1972
f 1972//1972 1953//1953 1955//1955
f 1972//1972 1955//1955 1973//1973
f 1973//1973 1955//1955 1957//1957
f 1973//1973 1957//1957 1974//1974
f 1974//1974 1957//1957 1959//1959
f 1974//1974 1959//1959 1975//1975
f 1936//1936 1976//1976 1934//1934
f 1934//1934 1976//1976 1905//1905
f 1934//1934 1905//1905 1932//1932
f 1932//1932 1905//1905 1904//1904
f 1932//1932 1904//1904 1977//1977
f 1977//1977 1904//1904 1940//1940
f 1977//1977 1940//1940 1978//1978
f 1978//1978 1940//1940 1931//1931
f 1978//1978 1931//1931 1979//1979
f 1979//1979 1931//1931 1930//1930
f 1642//1642 1623//1623 1964//1964
f 1964//1964 1623//1623 1892//1892
f 1964//1964 1892//1892 1966//1966
f 1966//1966 1892//1892 1890//1890
f 1966//1966 1890//1890 1968//1968
f 1968//1968 1890//1890 1891//1891
f 1968//1968 1891//1891 1949//1949
f 1949//1949 1891//1891 1889//1889
f 1949//1949 1889//1889 1950//1950
f 1950//1950 1889//1889 1888//1888
f 1950//1950 1888//1888 1952//1952
f 1952//1952 1888//1888 1963//1963
f 1952//1952 1963//1963 1954//1954
f 1954//1954 1963//1963 1943//1943
f 1954//1954 1943//1943 1956//1956
f 1956//1956 1943//1943 1942//1942
f 1956//1956 1942//1942 1958//1958
f 1958//1958 1942//1942 1939//1939
f 1958//1958 1939//1939 1959//1959
f 1959//1959 1939//1939 1938//1938
f 1959//1959 1938//1938 1975//1975
f 1620//1620 1642//1642 1893//1893
f 1893//1893 1642//1642 1965//1965
f 1893//1893 1965//1965 1928//1928
f 1928//1928 1965//1965 1967//1967
f 1928//1928 1967//1967 1929//1929
f 1929//1929 1967//1967 1969//1969
f 1929//1929 1969//1969 1930//1930
f 1930//1930 1969//1969 1970//1970
f 1930//1930 1970//1970 1979//1979
f 1979//1979 1970//1970 1971//1971
f 1979//1979 1971//1971 1978//1978
f 1978//1978 1971//1971 1972//1972
f 1978//1978 1972//1972 1977//1977
f 1977//1977 1972//1972 1973//1973
f 1977//1977 1973//1973 1932//1932
f 1932//1932 1973//1973 1974//1974
f 1932//1932 1974//1974 1933//1933
f 1933//1933 1974//1974 1975//1975
f 1933//1933 1975//1975 1935//1935
f 1935//1935 1975//1975 1938//1938
f 1935//1935 1938//1938 1937//1937
f 1937//1937 1938//1938 1879//1879
f 1937//1937 1879//1879 1980//1980
f 1980//1980 1879//1879 1878//1878
f 1622//1622 1621//1621 1981//1981
f 1622//1622 1981//1981 1982//1982
f 1982//1982 1981//1981 1983//1983
f 1982//1982 1983//1983 1984//1984
f 1058//1058 1984//1984 1059//1059
f 1059//1059 1984//1984 1983//1983
f 1059//1059 1983//1983 1052//1052
f 1052//1052 1983//1983 1985//1985
f 1985//1985 1983//1983 1981//1981
f 1985//1985 1981//1981 1986//1986
f 1986//1986 1981//1981 1621//1621
f 1986//1986 1621//1621 1620//1620
f 1015//1015 1014//1014 1987//1987
f 1987//1987 1014//1014 1988//1988
f 1987//1987 1988//1988 1989//1989
f 1989//1989 1988//1988 1990//1990
f 1990//1990 1988//1988 1991//1991
f 1990//1990 1991//1991 1992//1992
f 1993//1993 1994//1994 1995//1995
f 1996//1996 1997//1997 1998//1998
f 1999//1999 2000//2000 2001//2001
f 2002//2002 2003//2003 2004//2004
f 2005//2005 2006//2006 2007//2007
f 2007//2007 2006//2006 2008//2008
f 2009//2009 2010//2010 2011//2011
f 2012//2012 2013//2013 2014//2014
f 2014//2014 2013//2013 2015//2015
f 2014//2014 2015//2015 2016//2016
f 1311//1311 1309//1309 2012//2012
f 2012//2012 1309//1309 1308//1308
f 2012//2012 1308//1308 2013//2013
f 1325//1325 1321//1321 2017//2017
f 2017//2017 1321//1321 1319//1319
f 1316//1316 2018//2018 1318//1318
f 1318//1318 2018//2018 1319//1319
f 1319//1319 2018//2018 2017//2017
f 2017//2017 2018//2018 2019//2019
f 2017//2017 2019//2019 1325//1325
f 1325//1325 2019//2019 2020//2020
f 1325//1325 2020//2020 1327//1327
f 1356//1356 1327//1327 2021//2021
f 2021//2021 1327//1327 2020//2020
f 2021//2021 2020//2020 2022//2022
f 2010//2010 2009//2009 2023//2023
f 2024//2024 2025//2025 2026//2026
f 2026//2026 2025//2025 2027//2027
f 2026//2026 2027//2027 2028//2028
f 2028//2028 2027//2027 2007//2007
f 2028//2028 2007//2007 2029//2029
f 2029//2029 2007//2007 2008//2008
f 2003//2003 2030//2030 2004//2004
f 2004//2004 2030//2030 1995//1995
f 2004//2004 1995//1995 2031//2031
f 2031//2031 1995//1995 1994//1994
f 2031//2031 1994//1994 2032//2032
f 2033//2033 2034//2034 2035//2035
f 2036//2036 2037//2037 2038//2038
f 2038//2038 2037//2037 2039//2039
f 2038//2038 2039//2039 2040//2040
f 2040//2040 2039//2039 2041//2041
f 2040//2040 2041//2041 2042//2042
f 2043//2043 2044//2044 2045//2045
f 2045//2045 2044//2044 2046//2046
f 2045//2045 2046//2046 2047//2047
f 2047//2047 2046//2046 2048//2048
f 2047//2047 2048//2048 2049//2049
f 2049//2049 2048//2048 2050//2050
f 2049//2049 2050//2050 2051//2051
f 2052//2052 2053//2053 2054//2054
f 2055//2055 2056//2056 2054//2054
f 2054//2054 2056//2056 2057//2057
f 2054//2054 2057//2057 2052//2052
f 2052//2052 2057//2057 2058//2058
f 2052//2052 2058//2058 2059//2059
f 2001//2001 2000//2000 2060//2060
f 2061//2061 2062//2062 2063//2063
f 1996//1996 1991//1991 1997//1997
f 1997//1997 1991//1991 2064//2064
f 1997//1997 2064//2064 2065//2065
f 1314//1314 1311//1311 2066//2066
f 2066//2066 1311//1311 2012//2012
f 2066//2066 2012//2012 2067//2067
f 2067//2067 2012//2012 2014//2014
f 2067//2067 2014//2014 1998//1998
f 1998//1998 2014//2014 2016//2016
f 1998//1998 2016//2016 1996//1996
f 1316//1316 1314//1314 2018//2018
f 2018//2018 1314//1314 2066//2066
f 2018//2018 2066//2066 2068//2068
f 2068//2068 2066//2066 2067//2067
f 2068//2068 2067//2067 2069//2069
f 2069//2069 2067//2067 1998//1998
f 2069//2069 1998//1998 2070//2070
f 2070//2070 1998//1998 1997//1997
f 2009//2009 2022//2022 2023//2023
f 2023//2023 2022//2022 2020//2020
f 2023//2023 2020//2020 2071//2071
f 2071//2071 2020//2020 2019//2019
f 2071//2071 2019//2019 2072//2072
f 2072//2072 2019//2019 2018//2018
f 2072//2072 2018//2018 2073//2073
f 2073//2073 2018//2018 2068//2068
f 2073//2073 2068//2068 2074//2074
f 2074//2074 2068//2068 2069//2069
f 2074//2074 2069//2069 2075//2075
f 2075//2075 2069//2069 2070//2070
f 2075//2075 2070//2070 2061//2061
f 2061//2061 2070//2070 1997//1997
f 2061//2061 1997//1997 2062//2062
f 2062//2062 1997//1997 2065//2065
f 2037//2037 2076//2076 2039//2039
f 2039//2039 2076//2076 2077//2077
f 2039//2039 2077//2077 2041//2041
f 2041//2041 2077//2077 2051//2051
f 2041//2041 2051//2051 2042//2042
f 2042//2042 2051//2051 2050//2050
f 2076//2076 2078//2078 2077//2077
f 2077//2077 2078//2078 2079//2079
f 2077//2077 2079//2079 2051//2051
f 2051//2051 2079//2079 2080//2080
f 2051//2051 2080//2080 2049//2049
f 2049//2049 2080//2080 2081//2081
f 2049//2049 2081//2081 2047//2047
f 2047//2047 2081//2081 2082//2082
f 2047//2047 2082//2082 2045//2045
f 2078//2078 2083//2083 2079//2079
f 2079//2079 2083//2083 2084//2084
f 2079//2079 2084//2084 2080//2080
f 2080//2080 2084//2084 2085//2085
f 2080//2080 2085//2085 2081//2081
f 2081//2081 2085//2085 2086//2086
f 2081//2081 2086//2086 2082//2082
f 2082//2082 2086//2086 2053//2053
f 2082//2082 2053//2053 2045//2045
f 2045//2045 2053//2053 2052//2052
f 2045//2045 2052//2052 2043//2043
f 2043//2043 2052//2052 2059//2059
f 2036//2036 2033//2033 2037//2037
f 2037//2037 2033//2033 2035//2035
f 2037//2037 2035//2035 2076//2076
f 2076//2076 2035//2035 2087//2087
f 2076//2076 2087//2087 2078//2078
f 2078//2078 2087//2087 2088//2088
f 2078//2078 2088//2088 2083//2083
f 2083//2083 2088//2088 2089//2089
f 2090//2090 2091//2091 2092//2092
f 2092//2092 2091//2091 2093//2093
f 2092//2092 2093//2093 2094//2094
f 2094//2094 2093//2093 2095//2095
f 2094//2094 2095//2095 2096//2096
f 2096//2096 2095//2095 2097//2097
f 2096//2096 2097//2097 2098//2098
f 2098//2098 2097//2097 2099//2099
f 2098//2098 2099//2099 2100//2100
f 2100//2100 2099//2099 2101//2101
f 1999//1999 2055//2055 2000//2000
f 2000//2000 2055//2055 2054//2054
f 2000//2000 2054//2054 2090//2090
f 2090//2090 2054//2054 2053//2053
f 2090//2090 2053//2053 2091//2091
f 2091//2091 2053//2053 2086//2086
f 2091//2091 2086//2086 2093//2093
f 2093//2093 2086//2086 2085//2085
f 2093//2093 2085//2085 2095//2095
f 2095//2095 2085//2085 2084//2084
f 2095//2095 2084//2084 2097//2097
f 2097//2097 2084//2084 2083//2083
f 2097//2097 2083//2083 2099//2099
f 2099//2099 2083//2083 2089//2089
f 2099//2099 2089//2089 2101//2101
f 1993//1993 1995//1995 2102//2102
f 2102//2102 1995//1995 2030//2030
f 2102//2102 2030//2030 2103//2103
f 2103//2103 2030//2030 2104//2104
f 2103//2103 2104//2104 2105//2105
f 2105//2105 2104//2104 2106//2106
f 2105//2105 2106//2106 2107//2107
f 2024//2024 2106//2106 2025//2025
f 2025//2025 2106//2106 2104//2104
f 2025//2025 2104//2104 2027//2027
f 2027//2027 2104//2104 2030//2030
f 2027//2027 2030//2030 2007//2007
f 2007//2007 2030//2030 2003//2003
f 2007//2007 2003//2003 2005//2005
f 2005//2005 2003//2003 2002//2002
f 2034//2034 2032//2032 2035//2035
f 2035//2035 2032//2032 1994//1994
f 2035//2035 1994//1994 2087//2087
f 2087//2087 1994//1994 1993//1993
f 2087//2087 1993//1993 2088//2088
f 2088//2088 1993//1993 2102//2102
f 2088//2088 2102//2102 2089//2089
f 2089//2089 2102//2102 2103//2103
f 2089//2089 2103//2103 2101//2101
f 2101//2101 2103//2103 2105//2105
f 2101//2101 2105//2105 2100//2100
f 2100//2100 2105//2105 2107//2107
f 2100//2100 2107//2107 2098//2098
f 2098//2098 2107//2107 2108//2108
f 2098//2098 2108//2108 2096//2096
f 2024//2024 2011//2011 2106//2106
f 2106//2106 2011//2011 2010//2010
f 2106//2106 2010//2010 2107//2107
f 2107//2107 2010//2010 2023//2023
f 2107//2107 2023//2023 2108//2108
f 2108//2108 2023//2023 2071//2071
f 2108//2108 2071//2071 2096//2096
f 2096//2096 2071//2071 2072//2072
f 2096//2096 2072//2072 2094//2094
f 2094//2094 2072//2072 2073//2073
f 2094//2094 2073//2073 2092//2092
f 2092//2092 2073//2073 2074//2074
f 2092//2092 2074//2074 2090//2090
f 2090//2090 2074//2074 2075//2075
f 2090//2090 2075//2075 2000//2000
f 2000//2000 2075//2075 2061//2061
f 2000//2000 2061//2061 2060//2060
f 2060//2060 2061//2061 2063//2063
f 1452//1452 1453//1453 2109//2109
f 1915//1915 1923//1923 1364//1364
f 1364//1364 1923//1923 1922//1922
f 1364//1364 1922//1922 1920//1920
f 1920//1920 1925//1925 1364//1364
f 1364//1364 1925//1925 1924//1924
f 1364//1364 1924//1924 1366//1366
f 2110//2110 1960//1960 1917//1917
f 1363//1363 1379//1379 1451//1451
f 1915//1915 1364//1364 2111//2111
f 2111//2111 1364//1364 1363//1363
f 2111//2111 1363//1363 2112//2112
f 2112//2112 1363//1363 1451//1451
f 2112//2112 1451//1451 1452//1452
f 1452//1452 2109//2109 2112//2112
f 2112//2112 2109//2109 2110//2110
f 2112//2112 2110//2110 2111//2111
f 2111//2111 2110//2110 1917//1917
f 2111//2111 1917//1917 1915//1915
f 1899//1899 1898//1898 2113//2113
f 1054//1054 1052//1052 1985//1985
f 2113//2113 2114//2114 1056//1056
f 2115//2115 2116//2116 1050//1050
f 1050//1050 1049//1049 2115//2115
f 2115//2115 1049//1049 1047//1047
f 2115//2115 1047//1047 2114//2114
f 2114//2114 1047//1047 1057//1057
f 2114//2114 1057//1057 1056//1056
f 1899//1899 2113//2113 1896//1896
f 1056//1056 1054//1054 2113//2113
f 2113//2113 1054//1054 1985//1985
f 2113//2113 1985//1985 1896//1896
f 1896//1896 1985//1985 1986//1986
f 1896//1896 1986//1986 1894//1894
f 1894//1894 1986//1986 1620//1620
f 1898//1898 1902//1902 2113//2113
f 2113//2113 1902//1902 1901//1901
f 2113//2113 1901//1901 2114//2114
f 2114//2114 1901//1901 1900//1900
f 2114//2114 1900//1900 1886//1886
f 1883//1883 2115//2115 1884//1884
f 1884//1884 2115//2115 2114//2114
f 1884//1884 2114//2114 1885//1885
f 1885//1885 2114//2114 1886//1886
f 1905//1905 1976//1976 2116//2116
f 1883//1883 1881//1881 2115//2115
f 2115//2115 1881//1881 1880//1880
f 2115//2115 1880//1880 2116//2116
f 2116//2116 1880//1880 1903//1903
f 2116//2116 1903//1903 1905//1905
f 1976//1976 1936//1936 2116//2116
f 2116//2116 1936//1936 1937//1937
f 2116//2116 1937//1937 1980//1980
f 2117//2117 2118//2118 2119//2119
f 2119//2119 2118//2118 2120//2120
f 1960//1960 2121//2121 1911//1911
f 1911//1911 2121//2121 2122//2122
f 1911//1911 2122//2122 1874//1874
f 1874//1874 2122//2122 2123//2123
f 1874//1874 2123//2123 1875//1875
f 2124//2124 2125//2125 1980//1980
f 2124//2124 1980//1980 2126//2126
f 2127//2127 2128//2128 2117//2117
f 2117//2117 2128//2128 2129//2129
f 2117//2117 2129//2129 2118//2118
f 2121//2121 2130//2130 2122//2122
f 2122//2122 2130//2130 2131//2131
f 2122//2122 2131//2131 2123//2123
f 2123//2123 2131//2131 2132//2132
f 2123//2123 2132//2132 2133//2133
f 1980//1980 1878//1878 2126//2126
f 2126//2126 1878//1878 1877//1877
f 2126//2126 1877//1877 2134//2134
f 2135//2135 2125//2125 2136//2136
f 2136//2136 2125//2125 2124//2124
f 2136//2136 2124//2124 2137//2137
f 2137//2137 2124//2124 2126//2126
f 2137//2137 2126//2126 2138//2138
f 2138//2138 2126//2126 2134//2134
f 2138//2138 2134//2134 2133//2133
f 2133//2133 2134//2134 2139//2139
f 2133//2133 2139//2139 2123//2123
f 2123//2123 2139//2139 1944//1944
f 2123//2123 1944//1944 1875//1875
f 2140//2140 2141//2141 2142//2142
f 2142//2142 2141//2141 2143//2143
f 2142//2142 2143//2143 2144//2144
f 2144//2144 2143//2143 2145//2145
f 2144//2144 2145//2145 2146//2146
f 2146//2146 2145//2145 2147//2147
f 2146//2146 2147//2147 2148//2148
f 2148//2148 2147//2147 2128//2128
f 2148//2148 2128//2128 2149//2149
f 2149//2149 2128//2128 2127//2127
f 1877//1877 1907//1907 2134//2134
f 2134//2134 1907//1907 1910//1910
f 2134//2134 1910//1910 2139//2139
f 2139//2139 1910//1910 1909//1909
f 2139//2139 1909//1909 1944//1944
f 2130//2130 2120//2120 2131//2131
f 2131//2131 2120//2120 2118//2118
f 2131//2131 2118//2118 2132//2132
f 2132//2132 2118//2118 2129//2129
f 2132//2132 2129//2129 2133//2133
f 2133//2133 2129//2129 2128//2128
f 2133//2133 2128//2128 2138//2138
f 2138//2138 2128//2128 2147//2147
f 2138//2138 2147//2147 2137//2137
f 2137//2137 2147//2147 2145//2145
f 2137//2137 2145//2145 2136//2136
f 2136//2136 2145//2145 2143//2143
f 2136//2136 2143//2143 2135//2135
f 2135//2135 2143//2143 2141//2141
f 2060//2060 2063//2063 2150//2150
f 2044//2044 2043//2043 2151//2151
f 1029//1029 1028//1028 2152//2152
f 2153//2153 1021//1021 2151//2151
f 2151//2151 1021//1021 1023//1023
f 2151//2151 1023//1023 1029//1029
f 1988//1988 1014//1014 2150//2150
f 2150//2150 1014//1014 1017//1017
f 2150//2150 1017//1017 2153//2153
f 2153//2153 1017//1017 1019//1019
f 2153//2153 1019//1019 1021//1021
f 1029//1029 2152//2152 2151//2151
f 2151//2151 2152//2152 2046//2046
f 2151//2151 2046//2046 2044//2044
f 2043//2043 2059//2059 2151//2151
f 2151//2151 2059//2059 2058//2058
f 2151//2151 2058//2058 2153//2153
f 2153//2153 2058//2058 2057//2057
f 2153//2153 2057//2057 2056//2056
f 2056//2056 2055//2055 2153//2153
f 2153//2153 2055//2055 1999//1999
f 2153//2153 1999//1999 2150//2150
f 2150//2150 1999//1999 2001//2001
f 2150//2150 2001//2001 2060//2060
f 2063//2063 2062//2062 2150//2150
f 2150//2150 2062//2062 2065//2065
f 2150//2150 2065//2065 1988//1988
f 1988//1988 2065//2065 2064//2064
f 1988//1988 2064//2064 1991//1991
f 2154//2154 2155//2155 2117//2117
f 2155//2155 2156//2156 2157//2157
f 2158//2158 2008//2008 2159//2159
f 2159//2159 2008//2008 2006//2006
f 2159//2159 2006//2006 2160//2160
f 2161//2161 2036//2036 2038//2038
f 2038//2038 2040//2040 2161//2161
f 2161//2161 2040//2040 2042//2042
f 2161//2161 2042//2042 2162//2162
f 2046//2046 2163//2163 2048//2048
f 2048//2048 2163//2163 2162//2162
f 2048//2048 2162//2162 2050//2050
f 2050//2050 2162//2162 2042//2042
f 2006//2006 2005//2005 2160//2160
f 2160//2160 2005//2005 2002//2002
f 2160//2160 2002//2002 2164//2164
f 2156//2156 2155//2155 2165//2165
f 2165//2165 2155//2155 2154//2154
f 2165//2165 2154//2154 2166//2166
f 2166//2166 2154//2154 2117//2117
f 2166//2166 2117//2117 2119//2119
f 2167//2167 2149//2149 2127//2127
f 2168//2168 2169//2169 2170//2170
f 2170//2170 2169//2169 2171//2171
f 2170//2170 2171//2171 2172//2172
f 2172//2172 2171//2171 2173//2173
f 2172//2172 2173//2173 2174//2174
f 2174//2174 2173//2173 2175//2175
f 2174//2174 2175//2175 2157//2157
f 2157//2157 2175//2175 2167//2167
f 2157//2157 2167//2167 2155//2155
f 2155//2155 2167//2167 2127//2127
f 2155//2155 2127//2127 2117//2117
f 2176//2176 2034//2034 2161//2161
f 2161//2161 2034//2034 2033//2033
f 2161//2161 2033//2033 2036//2036
f 2002//2002 2004//2004 2164//2164
f 2164//2164 2004//2004 2031//2031
f 2164//2164 2031//2031 2176//2176
f 2176//2176 2031//2031 2032//2032
f 2176//2176 2032//2032 2034//2034
f 2169//2169 2140//2140 2171//2171
f 2171//2171 2140//2140 2142//2142
f 2171//2171 2142//2142 2173//2173
f 2173//2173 2142//2142 2144//2144
f 2173//2173 2144//2144 2175//2175
f 2175//2175 2144//2144 2146//2146
f 2175//2175 2146//2146 2167//2167
f 2167//2167 2146//2146 2148//2148
f 2167//2167 2148//2148 2149//2149
f 2166//2166 2158//2158 2165//2165
f 2165//2165 2158//2158 2159//2159
f 2165//2165 2159//2159 2156//2156
f 2156//2156 2159//2159 2160//2160
f 2156//2156 2160//2160 2157//2157
f 2157//2157 2160//2160 2164//2164
f 2157//2157 2164//2164 2174//2174
f 2174//2174 2164//2164 2176//2176
f 2174//2174 2176//2176 2172//2172
f 2172//2172 2176//2176 2161//2161
f 2172//2172 2161//2161 2170//2170
f 2170//2170 2161//2161 2162//2162
f 2170//2170 2162//2162 2168//2168
f 2168//2168 2162//2162 2163//2163
f 1357//1357 2177//2177 2178//2178
f 1357//1357 2178//2178 1358//1358
f 1356//1356 2021//2021 1357//1357
f 1357//1357 2021//2021 2022//2022
f 2022//2022 2009//2009 1357//1357
f 1357//1357 2009//2009 2011//2011
f 1357//1357 2011//2011 2024//2024
f 2024//2024 2026//2026 1357//1357
f 1357//1357 2026//2026 2028//2028
f 1357//1357 2028//2028 2177//2177
f 2177//2177 2028//2028 2029//2029
f 1371//1371 1358//1358 1474//1474
f 1474//1474 1358//1358 2178//2178
f 1474//1474 2178//2178 1473//1473
f 1473//1473 2178//2178 1471//1471
f 1471//1471 2178//2178 2179//2179
f 2179//2179 2178//2178 2177//2177
f 2179//2179 2177//2177 2180//2180
f 2180//2180 2177//2177 2029//2029
f 2180//2180 2029//2029 2008//2008
f 2180//2180 2008//2008 2158//2158
f 1471//1471 2179//2179 1470//1470
f 1470//1470 2179//2179 2181//2181
f 2182//2182 2183//2183 1462//1462
f 1462//1462 1464//1464 2182//2182
f 2182//2182 1464//1464 1466//1466
f 2182//2182 1466//1466 2181//2181
f 2181//2181 1466//1466 1468//1468
f 2181//2181 1468//1468 1470//1470
f 2119//2119 2183//2183 2166//2166
f 2166//2166 2183//2183 2182//2182
f 2166//2166 2182//2182 2158//2158
f 2158//2158 2182//2182 2181//2181
f 2158//2158 2181//2181 2180//2180
f 2180//2180 2181//2181 2179//2179
f 1462//1462 2183//2183 1460//1460
f 1460//1460 2183//2183 2184//2184
f 2110//2110 2109//2109 2185//2185
f 2185//2185 2109//2109 1453//1453
f 1453//1453 1455//1455 2185//2185
f 2185//2185 1455//1455 1457//1457
f 2185//2185 1457//1457 2184//2184
f 2184//2184 1457//1457 1459//1459
f 2184//2184 1459//1459 1460//1460
f 2183//2183 2119//2119 2184//2184
f 2184//2184 2119//2119 2120//2120
f 2184//2184 2120//2120 2185//2185
f 2185//2185 2120//2120 2130//2130
f 2185//2185 2130//2130 2110//2110
f 2110//2110 2130//2130 2121//2121
f 2110//2110 2121//2121 1960//1960
f 2186//2186 1036//1036 2116//2116
f 2116//2116 1036//1036 1050//1050
f 2187//2187 1044//1044 2188//2188
f 2188//2188 1044//1044 1042//1042
f 2188//2188 1042//1042 2189//2189
f 2189//2189 1042//1042 1040//1040
f 2189//2189 1040//1040 2186//2186
f 2186//2186 1040//1040 1038//1038
f 2186//2186 1038//1038 1036//1036
f 2140//2140 2187//2187 2141//2141
f 2141//2141 2187//2187 2188//2188
f 2141//2141 2188//2188 2135//2135
f 2135//2135 2188//2188 2189//2189
f 2135//2135 2189//2189 2125//2125
f 2125//2125 2189//2189 2186//2186
f 2125//2125 2186//2186 1980//1980
f 1980//1980 2186//2186 2116//2116
f 2190//2190 2152//2152 1028//1028
f 1044//1044 2187//2187 1045//1045
f 1045//1045 2187//2187 2191//2191
f 1028//1028 1026//1026 2190//2190
f 2190//2190 1026//1026 1034//1034
f 2190//2190 1034//1034 2192//2192
f 2192//2192 1034//1034 1033//1033
f 2192//2192 1033//1033 2191//2191
f 2191//2191 1033//1033 1031//1031
f 2191//2191 1031//1031 1045//1045
f 2046//2046 2152//2152 2163//2163
f 2163//2163 2152//2152 2190//2190
f 2163//2163 2190//2190 2168//2168
f 2168//2168 2190//2190 2192//2192
f 2168//2168 2192//2192 2169//2169
f 2169//2169 2192//2192 2191//2191
f 2169//2169 2191//2191 2140//2140
f 2140//2140 2191//2191 2187//2187
f 976//976 2193//2193 977//977
f 977//977 2193//2193 968//968
f 2194//2194 1606//1606 1619//1619
f 975//975 2195//2195 976//976
f 976//976 2195//2195 2194//2194
f 976//976 2194//2194 2193//2193
f 2193//2193 2194//2194 1619//1619
f 2193//2193 1619//1619 968//968
f 2196//2196 2197//2197 2198//2198
f 2198//2198 2197//2197 2199//2199
f 2198//2198 2199//2199 2200//2200
f 2200//2200 2199//2199 2201//2201
f 2201//2201 2199//2199 2202//2202
f 2201//2201 2202//2202 2203//2203
f 2204//2204 1579//1579 1577//1577
f 2205//2205 2206//2206 2207//2207
f 2207//2207 2206//2206 2199//2199
f 2207//2207 2199//2199 2197//2197
f 2205//2205 2208//2208 2206//2206
f 2206//2206 2208//2208 2209//2209
f 2206//2206 2209//2209 2210//2210
f 2210//2210 2211//2211 2206//2206
f 2206//2206 2211//2211 2212//2212
f 2206//2206 2212//2212 2199//2199
f 2199//2199 2212//2212 2213//2213
f 2199//2199 2213//2213 2202//2202
f 2214//2214 2215//2215 2216//2216
f 2216//2216 2217//2217 2214//2214
f 2214//2214 2217//2217 2209//2209
f 2209//2209 2217//2217 2218//2218
f 2209//2209 2218//2218 2210//2210
f 2208//2208 2219//2219 2209//2209
f 2209//2209 2219//2219 2204//2204
f 2209//2209 2204//2204 2214//2214
f 2214//2214 2204//2204 1577//1577
f 2214//2214 1577//1577 2215//2215
f 2215//2215 1577//1577 1576//1576
f 2215//2215 1576//1576 2216//2216
f 951//951 2220//2220 952//952
f 2221//2221 2222//2222 2223//2223
f 2224//2224 2225//2225 2226//2226
f 2227//2227 2228//2228 2229//2229
f 2230//2230 2231//2231 2232//2232
f 2220//2220 951//951 2233//2233
f 953//953 955//955 2234//2234
f 2234//2234 955//955 956//956
f 2234//2234 956//956 2235//2235
f 2232//2232 2227//2227 2230//2230
f 2230//2230 2227//2227 2229//2229
f 2230//2230 2229//2229 2236//2236
f 2236//2236 2229//2229 2237//2237
f 2225//2225 2231//2231 2226//2226
f 2226//2226 2231//2231 2230//2230
f 2226//2226 2230//2230 2238//2238
f 2238//2238 2230//2230 2236//2236
f 2238//2238 2236//2236 2239//2239
f 2239//2239 2236//2236 2237//2237
f 2239//2239 2237//2237 2240//2240
f 2239//2239 953//953 2238//2238
f 2238//2238 953//953 2234//2234
f 2238//2238 2234//2234 2226//2226
f 2226//2226 2234//2234 2235//2235
f 2226//2226 2235//2235 2224//2224
f 2224//2224 2235//2235 2223//2223
f 2224//2224 2223//2223 2241//2241
f 2241//2241 2223//2223 2222//2222
f 956//956 952//952 2235//2235
f 2235//2235 952//952 2220//2220
f 2235//2235 2220//2220 2223//2223
f 2223//2223 2220//2220 2233//2233
f 2223//2223 2233//2233 2221//2221
f 2221//2221 2233//2233 2242//2242
f 2221//2221 2242//2242 2243//2243
f 963//963 2243//2243 962//962
f 962//962 2243//2243 2242//2242
f 962//962 2242//2242 964//964
f 964//964 2242//2242 2233//2233
f 964//964 2233//2233 950//950
f 950//950 2233//2233 951//951
f 954//954 953//953 2239//2239
f 954//954 2239//2239 2244//2244
f 2244//2244 2239//2239 2240//2240
f 2244//2244 2240//2240 2245//2245
f 1634//1634 2246//2246 1635//1635
f 1635//1635 2246//2246 1636//1636
f 978//978 998//998 979//979
f 979//979 998//998 2247//2247
f 979//979 2247//2247 2246//2246
f 2246//2246 2247//2247 2248//2248
f 2246//2246 2248//2248 1636//1636
f 1606//1606 2194//2194 1607//1607
f 1609//1609 2249//2249 1610//1610
f 1610//1610 2249//2249 1612//1612
f 1629//1629 2250//2250 1630//1630
f 1630//1630 2250//2250 2251//2251
f 1630//1630 2251//2251 1631//1631
f 1633//1633 1632//1632 2252//2252
f 2253//2253 973//973 972//972
f 1607//1607 2194//2194 1609//1609
f 1609//1609 2194//2194 2195//2195
f 1609//1609 2195//2195 2249//2249
f 2249//2249 2195//2195 975//975
f 2249//2249 975//975 974//974
f 980//980 979//979 2252//2252
f 2252//2252 979//979 2246//2246
f 2252//2252 2246//2246 1633//1633
f 1633//1633 2246//2246 1634//1634
f 2252//2252 2254//2254 980//980
f 980//980 2254//2254 2255//2255
f 980//980 2255//2255 970//970
f 970//970 2255//2255 2256//2256
f 970//970 2256//2256 971//971
f 1629//1629 1612//1612 2250//2250
f 2250//2250 1612//1612 2249//2249
f 2250//2250 2249//2249 2253//2253
f 2253//2253 2249//2249 974//974
f 2253//2253 974//974 973//973
f 1632//1632 1631//1631 2252//2252
f 2252//2252 1631//1631 2251//2251
f 2252//2252 2251//2251 2254//2254
f 2254//2254 2251//2251 2250//2250
f 2254//2254 2250//2250 2255//2255
f 2255//2255 2250//2250 2253//2253
f 2255//2255 2253//2253 2256//2256
f 2256//2256 2253//2253 972//972
f 2256//2256 972//972 971//971
f 2257//2257 983//983 982//982
f 2257//2257 982//982 2258//2258
f 2258//2258 982//982 2259//2259
f 2258//2258 2259//2259 2260//2260
f 2260//2260 2259//2259 2261//2261
f 2260//2260 2261//2261 2262//2262
f 2263//2263 2257//2257 2258//2258
f 2264//2264 2265//2265 1604//1604
f 2266//2266 2267//2267 2268//2268
f 2268//2268 2267//2267 2269//2269
f 2270//2270 2271//2271 2272//2272
f 2272//2272 2271//2271 2273//2273
f 2272//2272 2273//2273 2269//2269
f 2269//2269 2273//2273 2274//2274
f 2269//2269 2274//2274 2268//2268
f 2275//2275 2263//2263 2272//2272
f 2272//2272 2263//2263 2258//2258
f 2272//2272 2258//2258 2270//2270
f 2270//2270 2258//2258 2260//2260
f 1604//1604 1603//1603 2264//2264
f 2264//2264 1603//1603 2267//2267
f 2264//2264 2267//2267 2265//2265
f 2265//2265 2267//2267 2266//2266
f 2275//2275 2272//2272 2276//2276
f 2276//2276 2272//2272 2269//2269
f 2276//2276 2269//2269 2277//2277
f 2277//2277 2269//2269 2267//2267
f 2277//2277 2267//2267 2278//2278
f 2278//2278 2267//2267 1603//1603
f 2278//2278 1603//1603 1602//1602
f 1639//1639 2279//2279 1640//1640
f 1640//1640 2279//2279 1598//1598
f 1598//1598 2279//2279 2280//2280
f 1598//1598 2280//2280 1599//1599
f 2281//2281 1636//1636 2248//2248
f 1636//1636 2281//2281 1637//1637
f 1637//1637 2281//2281 2282//2282
f 1637//1637 2282//2282 1638//1638
f 1638//1638 2282//2282 1639//1639
f 1639//1639 2282//2282 2283//2283
f 1639//1639 2283//2283 2279//2279
f 2279//2279 2283//2283 2284//2284
f 2279//2279 2284//2284 2280//2280
f 2247//2247 2285//2285 2286//2286
f 2286//2286 2285//2285 2287//2287
f 2286//2286 2287//2287 2288//2288
f 2288//2288 2287//2287 2289//2289
f 2288//2288 2289//2289 2290//2290
f 2290//2290 2289//2289 2291//2291
f 2290//2290 2291//2291 2292//2292
f 2292//2292 2291//2291 2293//2293
f 2292//2292 2293//2293 2263//2263
f 2263//2263 2293//2293 2294//2294
f 2263//2263 2294//2294 2257//2257
f 2263//2263 2284//2284 2292//2292
f 2292//2292 2284//2284 2283//2283
f 2292//2292 2283//2283 2290//2290
f 2290//2290 2283//2283 2282//2282
f 2290//2290 2282//2282 2288//2288
f 2288//2288 2282//2282 2281//2281
f 2288//2288 2281//2281 2286//2286
f 2286//2286 2281//2281 2248//2248
f 2286//2286 2248//2248 2247//2247
f 1602//1602 1601//1601 2278//2278
f 2278//2278 1601//1601 1599//1599
f 2278//2278 1599//1599 2277//2277
f 2277//2277 1599//1599 2280//2280
f 2277//2277 2280//2280 2276//2276
f 2276//2276 2280//2280 2284//2284
f 2276//2276 2284//2284 2275//2275
f 2275//2275 2284//2284 2263//2263
f 983//983 2257//2257 2294//2294
f 983//983 2294//2294 985//985
f 985//985 2294//2294 2293//2293
f 985//985 2293//2293 987//987
f 2293//2293 2291//2291 987//987
f 987//987 2291//2291 2289//2289
f 987//987 2289//2289 989//989
f 2247//2247 998//998 2285//2285
f 2285//2285 998//998 989//989
f 2285//2285 989//989 2287//2287
f 2287//2287 989//989 2289//2289
f 2295//2295 2296//2296 2297//2297
f 2297//2297 2296//2296 2298//2298
f 2299//2299 2245//2245 2300//2300
f 2300//2300 2245//2245 2240//2240
f 2300//2300 2240//2240 2295//2295
f 2295//2295 2240//2240 2237//2237
f 2295//2295 2237//2237 2296//2296
f 2296//2296 2237//2237 2229//2229
f 2296//2296 2229//2229 2228//2228
f 2301//2301 2302//2302 2303//2303
f 1581//1581 1583//1583 2304//2304
f 1581//1581 2304//2304 2305//2305
f 2301//2301 2303//2303 2306//2306
f 2307//2307 2308//2308 2297//2297
f 2297//2297 2308//2308 2295//2295
f 1579//1579 2204//2204 1584//1584
f 1584//1584 2204//2204 1583//1583
f 2207//2207 2197//2197 2309//2309
f 2207//2207 2310//2310 2205//2205
f 2205//2205 2310//2310 2311//2311
f 1583//1583 2204//2204 2304//2304
f 2304//2304 2204//2204 2219//2219
f 2304//2304 2219//2219 2311//2311
f 2311//2311 2219//2219 2208//2208
f 2311//2311 2208//2208 2205//2205
f 2310//2310 2312//2312 2311//2311
f 2311//2311 2312//2312 2303//2303
f 2311//2311 2303//2303 2304//2304
f 2304//2304 2303//2303 2302//2302
f 2304//2304 2302//2302 2305//2305
f 2305//2305 2302//2302 2301//2301
f 2313//2313 2314//2314 2308//2308
f 2308//2308 2314//2314 2315//2315
f 2308//2308 2315//2315 2295//2295
f 2295//2295 2315//2315 2316//2316
f 2295//2295 2316//2316 2300//2300
f 2207//2207 2309//2309 2310//2310
f 2310//2310 2309//2309 2313//2313
f 2310//2310 2313//2313 2312//2312
f 2312//2312 2313//2313 2308//2308
f 2312//2312 2308//2308 2303//2303
f 2303//2303 2308//2308 2307//2307
f 2303//2303 2307//2307 2306//2306
f 2306//2306 2307//2307 2297//2297
f 2306//2306 2297//2297 2298//2298
f 2299//2299 2300//2300 2316//2316
f 2299//2299 2316//2316 2317//2317
f 2317//2317 2316//2316 2315//2315
f 2317//2317 2315//2315 2318//2318
f 2315//2315 2314//2314 2318//2318
f 2318//2318 2314//2314 2313//2313
f 2318//2318 2313//2313 2319//2319
f 2313//2313 2309//2309 2319//2319
f 2319//2319 2309//2309 2197//2197
f 2319//2319 2197//2197 2196//2196
f 1183//1183 1180//1180 2320//2320
f 1183//1183 2320//2320 1184//1184
f 2321//2321 2322//2322 1178//1178
f 1178//1178 2322//2322 1179//1179
f 2323//2323 2324//2324 2325//2325
f 2325//2325 2324//2324 2326//2326
f 1178//1178 1185//1185 2321//2321
f 2321//2321 1185//1185 2327//2327
f 2321//2321 2327//2327 2328//2328
f 2329//2329 2323//2323 2328//2328
f 2328//2328 2323//2323 2325//2325
f 2328//2328 2325//2325 2321//2321
f 2321//2321 2325//2325 2326//2326
f 2321//2321 2326//2326 2322//2322
f 2330//2330 2329//2329 2331//2331
f 2331//2331 2329//2329 2328//2328
f 2331//2331 2328//2328 2320//2320
f 2320//2320 2328//2328 2327//2327
f 2320//2320 2327//2327 1184//1184
f 1184//1184 2327//2327 1185//1185
f 2332//2332 2333//2333 2334//2334
f 2335//2335 855//855 854//854
f 2336//2336 2337//2337 2338//2338
f 855//855 2335//2335 851//851
f 2339//2339 1574//1574 849//849
f 2340//2340 2334//2334 2338//2338
f 2338//2338 2334//2334 2333//2333
f 2338//2338 2333//2333 2336//2336
f 2341//2341 2342//2342 2340//2340
f 2340//2340 2342//2342 2343//2343
f 2340//2340 2343//2343 2334//2334
f 2341//2341 2340//2340 2329//2329
f 2329//2329 2340//2340 2338//2338
f 2329//2329 2338//2338 2323//2323
f 2323//2323 2338//2338 2337//2337
f 2323//2323 2337//2337 2324//2324
f 849//849 851//851 2339//2339
f 2339//2339 851//851 2335//2335
f 2339//2339 2335//2335 2344//2344
f 2329//2329 2330//2330 2341//2341
f 2341//2341 2330//2330 2344//2344
f 2341//2341 2344//2344 2342//2342
f 2342//2342 2344//2344 2335//2335
f 2342//2342 2335//2335 2343//2343
f 2343//2343 2335//2335 854//854
f 2343//2343 854//854 2334//2334
f 2334//2334 854//854 853//853
f 2334//2334 853//853 2332//2332
f 2332//2332 853//853 856//856
f 2332//2332 856//856 817//817
f 2345//2345 2346//2346 2347//2347
f 1576//1576 2348//2348 2349//2349
f 1576//1576 2349//2349 2216//2216
f 2216//2216 2349//2349 2350//2350
f 2216//2216 2350//2350 2217//2217
f 2351//2351 2352//2352 2202//2202
f 2202//2202 2213//2213 2351//2351
f 2351//2351 2213//2213 2212//2212
f 2351//2351 2212//2212 2353//2353
f 2353//2353 2212//2212 2211//2211
f 2353//2353 2211//2211 2354//2354
f 2354//2354 2211//2211 2210//2210
f 2354//2354 2210//2210 2355//2355
f 2355//2355 2210//2210 2218//2218
f 2355//2355 2218//2218 2350//2350
f 2350//2350 2218//2218 2217//2217
f 2348//2348 2345//2345 2349//2349
f 2349//2349 2345//2345 2347//2347
f 2349//2349 2347//2347 2350//2350
f 2350//2350 2347//2347 2356//2356
f 2350//2350 2356//2356 2355//2355
f 2355//2355 2356//2356 2357//2357
f 2355//2355 2357//2357 2354//2354
f 2354//2354 2357//2357 2358//2358
f 2354//2354 2358//2358 2353//2353
f 2353//2353 2358//2358 2359//2359
f 2353//2353 2359//2359 2351//2351
f 2351//2351 2359//2359 2360//2360
f 2351//2351 2360//2360 2352//2352
f 2361//2361 1158//1158 2362//2362
f 2362//2362 1158//1158 1160//1160
f 2362//2362 1160//1160 2363//2363
f 2364//2364 674//674 2365//2365
f 2365//2365 674//674 673//673
f 2365//2365 673//673 698//698
f 2364//2364 1205//1205 674//674
f 674//674 1205//1205 1208//1208
f 674//674 1208//1208 1212//1212
f 2364//2364 2366//2366 1205//1205
f 1205//1205 2366//2366 1206//1206
f 2367//2367 2363//2363 2368//2368
f 2368//2368 2363//2363 1160//1160
f 2368//2368 1160//1160 1162//1162
f 1150//1150 679//679 1152//1152
f 1152//1152 679//679 1154//1154
f 711//711 677//677 2369//2369
f 2369//2369 677//677 679//679
f 2369//2369 679//679 2370//2370
f 2370//2370 679//679 1150//1150
f 2371//2371 2370//2370 1149//1149
f 1149//1149 2370//2370 1150//1150
f 1151//1151 1153//1153 2372//2372
f 2373//2373 2374//2374 2375//2375
f 2372//2372 2376//2376 2373//2373
f 2373//2373 2376//2376 2377//2377
f 2373//2373 2377//2377 2374//2374
f 2361//2361 2376//2376 1158//1158
f 1158//1158 2376//2376 2372//2372
f 1158//1158 2372//2372 1156//1156
f 1156//1156 2372//2372 1153//1153
f 2375//2375 2371//2371 2373//2373
f 2373//2373 2371//2371 1149//1149
f 2373//2373 1149//1149 2372//2372
f 2372//2372 1149//1149 1148//1148
f 2372//2372 1148//1148 1151//1151
f 2378//2378 2379//2379 1204//1204
f 1211//1211 1213//1213 2380//2380
f 2380//2380 1213//1213 1214//1214
f 2380//2380 1214//1214 1207//1207
f 2381//2381 2382//2382 2383//2383
f 2383//2383 2382//2382 2378//2378
f 2383//2383 2378//2378 2380//2380
f 2380//2380 2378//2378 1204//1204
f 2380//2380 1204//1204 1211//1211
f 1207//1207 1206//1206 2380//2380
f 2380//2380 1206//1206 2366//2366
f 2380//2380 2366//2366 2383//2383
f 2383//2383 2366//2366 2384//2384
f 2383//2383 2384//2384 2381//2381
f 1204//1204 2379//2379 1202//1202
f 1202//1202 2379//2379 2385//2385
f 1202//1202 2385//2385 1200//1200
f 2386//2386 2363//2363 2367//2367
f 2387//2387 2388//2388 709//709
f 2389//2389 707//707 2390//2390
f 2390//2390 707//707 708//708
f 709//709 2388//2388 708//708
f 708//708 2388//2388 2391//2391
f 708//708 2391//2391 2390//2390
f 712//712 2362//2362 710//710
f 710//710 2362//2362 2363//2363
f 710//710 2363//2363 709//709
f 709//709 2363//2363 2386//2386
f 709//709 2386//2386 2387//2387
f 2370//2370 2371//2371 2369//2369
f 2369//2369 2371//2371 2375//2375
f 2375//2375 2374//2374 2369//2369
f 2369//2369 2374//2374 2377//2377
f 2369//2369 2377//2377 711//711
f 711//711 2377//2377 2376//2376
f 711//711 2376//2376 712//712
f 712//712 2376//2376 2361//2361
f 712//712 2361//2361 2362//2362
f 2392//2392 703//703 2393//2393
f 2393//2393 703//703 704//704
f 707//707 2389//2389 706//706
f 706//706 2389//2389 2394//2394
f 2394//2394 2395//2395 706//706
f 706//706 2395//2395 2396//2396
f 706//706 2396//2396 705//705
f 705//705 2396//2396 2397//2397
f 705//705 2397//2397 704//704
f 704//704 2397//2397 2398//2398
f 704//704 2398//2398 2393//2393
f 1200//1200 2399//2399 1198//1198
f 2366//2366 2364//2364 2384//2384
f 2384//2384 2364//2364 2365//2365
f 699//699 2378//2378 698//698
f 698//698 2378//2378 2382//2382
f 698//698 2382//2382 2365//2365
f 2365//2365 2382//2382 2381//2381
f 2365//2365 2381//2381 2384//2384
f 700//700 2385//2385 699//699
f 699//699 2385//2385 2379//2379
f 699//699 2379//2379 2378//2378
f 2400//2400 2401//2401 701//701
f 701//701 2401//2401 2399//2399
f 701//701 2399//2399 700//700
f 700//700 2399//2399 1200//1200
f 700//700 1200//1200 2385//2385
f 2400//2400 701//701 2402//2402
f 2402//2402 701//701 702//702
f 2402//2402 702//702 2403//2403
f 2403//2403 702//702 703//703
f 2403//2403 703//703 2392//2392
f 2404//2404 2405//2405 2406//2406
f 2404//2404 2406//2406 2407//2407
f 2407//2407 2406//2406 2260//2260
f 2407//2407 2260//2260 2262//2262
f 2339//2339 2344//2344 2408//2408
f 2408//2408 2344//2344 2330//2330
f 2408//2408 2330//2330 2409//2409
f 2410//2410 1585//1585 1575//1575
f 2411//2411 1588//1588 2410//2410
f 2410//2410 1588//1588 1587//1587
f 2410//2410 1587//1587 1585//1585
f 2345//2345 2348//2348 2412//2412
f 2412//2412 2348//2348 1576//1576
f 2412//2412 1576//1576 2413//2413
f 2413//2413 1576//1576 1578//1578
f 2413//2413 1578//1578 2411//2411
f 2411//2411 1578//1578 1580//1580
f 2411//2411 1580//1580 1588//1588
f 2414//2414 2415//2415 2416//2416
f 1574//1574 2339//2339 1575//1575
f 1575//1575 2339//2339 2408//2408
f 1575//1575 2408//2408 2410//2410
f 2410//2410 2408//2408 2409//2409
f 2410//2410 2409//2409 2411//2411
f 2411//2411 2409//2409 2417//2417
f 2411//2411 2417//2417 2413//2413
f 2413//2413 2417//2417 2414//2414
f 2413//2413 2414//2414 2412//2412
f 2412//2412 2414//2414 2416//2416
f 2412//2412 2416//2416 2345//2345
f 2345//2345 2416//2416 2346//2346
f 2418//2418 1067//1067 1069//1069
f 1069//1069 1067//1067 1066//1066
f 1077//1077 1069//1069 1096//1096
f 1096//1096 1069//1069 1066//1066
f 1096//1096 1066//1066 1063//1063
f 1063//1063 1066//1066 1064//1064
f 2419//2419 2418//2418 2420//2420
f 2420//2420 2418//2418 1069//1069
f 2420//2420 1069//1069 1649//1649
f 1771//1771 1778//1778 1069//1069
f 1069//1069 1778//1778 1650//1650
f 1069//1069 1650//1650 1649//1649
f 1846//1846 1845//1845 1012//1012
f 1069//1069 1068//1068 1771//1771
f 1771//1771 1068//1068 1012//1012
f 1771//1771 1012//1012 1772//1772
f 1772//1772 1012//1012 1845//1845
f 1987//1987 1989//1989 1848//1848
f 1012//1012 1011//1011 1846//1846
f 1846//1846 1011//1011 1016//1016
f 1846//1846 1016//1016 1848//1848
f 1848//1848 1016//1016 1015//1015
f 1848//1848 1015//1015 1987//1987
f 1989//1989 1990//1990 1848//1848
f 1848//1848 1990//1990 1992//1992
f 1848//1848 1992//1992 1852//1852
f 1852//1852 1992//1992 2421//2421
f 1852//1852 2421//2421 2422//2422
f 2422//2422 2421//2421 2423//2423
f 959//959 958//958 2424//2424
f 2424//2424 958//958 2422//2422
f 2424//2424 2422//2422 2425//2425
f 2425//2425 2422//2422 2423//2423
f 2426//2426 2406//2406 2405//2405
f 2260//2260 2406//2406 2270//2270
f 2270//2270 2406//2406 2426//2426
f 2270//2270 2426//2426 2271//2271
f 2271//2271 2426//2426 2273//2273
f 2426//2426 2427//2427 2273//2273
f 2273//2273 2427//2427 2428//2428
f 2273//2273 2428//2428 2274//2274
f 2274//2274 2428//2428 2268//2268
f 2428//2428 2429//2429 2268//2268
f 2268//2268 2429//2429 2430//2430
f 2268//2268 2430//2430 2266//2266
f 2266//2266 2430//2430 2431//2431
f 2266//2266 2431//2431 2265//2265
f 2265//2265 2431//2431 2432//2432
f 2265//2265 2432//2432 1604//1604
f 2433//2433 2434//2434 2435//2435
f 2405//2405 2436//2436 2426//2426
f 2426//2426 2436//2436 2437//2437
f 2426//2426 2437//2437 2427//2427
f 2427//2427 2437//2437 2438//2438
f 2427//2427 2438//2438 2428//2428
f 2428//2428 2438//2438 2439//2439
f 2428//2428 2439//2439 2429//2429
f 2429//2429 2439//2439 2440//2440
f 2429//2429 2440//2440 2430//2430
f 2430//2430 2440//2440 2433//2433
f 2430//2430 2433//2433 2431//2431
f 2431//2431 2433//2433 2435//2435
f 2431//2431 2435//2435 2432//2432
f 2441//2441 885//885 884//884
f 884//884 893//893 896//896
f 715//715 2441//2441 742//742
f 742//742 2441//2441 884//884
f 742//742 884//884 2442//2442
f 2442//2442 884//884 896//896
f 896//896 898//898 2442//2442
f 2442//2442 898//898 2443//2443
f 2442//2442 2443//2443 2444//2444
f 2444//2444 2443//2443 2445//2445
f 2444//2444 2445//2445 2446//2446
f 2446//2446 2445//2445 2447//2447
f 2446//2446 2447//2447 2448//2448
f 2448//2448 2447//2447 2449//2449
f 2448//2448 2449//2449 2450//2450
f 1190//1190 2451//2451 1193//1193
f 1193//1193 2451//2451 2450//2450
f 1193//1193 2450//2450 2452//2452
f 2452//2452 2450//2450 2449//2449
f 2453//2453 1163//1163 1144//1144
f 1144//1144 1146//1146 2453//2453
f 2453//2453 1146//1146 1147//1147
f 2453//2453 1147//1147 1139//1139
f 1139//1139 1141//1141 2453//2453
f 2453//2453 1141//1141 1142//1142
f 2453//2453 1142//1142 1143//1143
f 1163//1163 2453//2453 1188//1188
f 1188//1188 2453//2453 2454//2454
f 1188//1188 2454//2454 1190//1190
f 1190//1190 2454//2454 2455//2455
f 1190//1190 2455//2455 2451//2451
f 2456//2456 1589//1589 2457//2457
f 2443//2443 898//898 909//909
f 906//906 1589//1589 910//910
f 910//910 1589//1589 2456//2456
f 910//910 2456//2456 911//911
f 2449//2449 2447//2447 2458//2458
f 2458//2458 2447//2447 2445//2445
f 2443//2443 909//909 2445//2445
f 1193//1193 2452//2452 2459//2459
f 2460//2460 2461//2461 2462//2462
f 2462//2462 2461//2461 1191//1191
f 2462//2462 1191//1191 2459//2459
f 2459//2459 1191//1191 1192//1192
f 2459//2459 1192//1192 1193//1193
f 909//909 912//912 2463//2463
f 2445//2445 909//909 2458//2458
f 2458//2458 909//909 2463//2463
f 2458//2458 2463//2463 2464//2464
f 1197//1197 1191//1191 2465//2465
f 2465//2465 1191//1191 2461//2461
f 2465//2465 2461//2461 2457//2457
f 2457//2457 2461//2461 2460//2460
f 2457//2457 2460//2460 2456//2456
f 2452//2452 2449//2449 2459//2459
f 2459//2459 2449//2449 2458//2458
f 2459//2459 2458//2458 2462//2462
f 2462//2462 2458//2458 2464//2464
f 2462//2462 2464//2464 2460//2460
f 2460//2460 2464//2464 2463//2463
f 2460//2460 2463//2463 2456//2456
f 2456//2456 2463//2463 912//912
f 2456//2456 912//912 911//911
f 2016//2016 2015//2015 2466//2466
f 1586//1586 2467//2467 2468//2468
f 2221//2221 2243//2243 2469//2469
f 2469//2469 2243//2243 963//963
f 2469//2469 963//963 2424//2424
f 2424//2424 963//963 961//961
f 2424//2424 961//961 959//959
f 959//959 961//961 957//957
f 1582//1582 1581//1581 2305//2305
f 2228//2228 2227//2227 2470//2470
f 2228//2228 2470//2470 2296//2296
f 2305//2305 2301//2301 1582//1582
f 1582//1582 2301//2301 2306//2306
f 1582//1582 2306//2306 2470//2470
f 2470//2470 2306//2306 2298//2298
f 2470//2470 2298//2298 2296//2296
f 2227//2227 2232//2232 2470//2470
f 2470//2470 2232//2232 2231//2231
f 2470//2470 2231//2231 2225//2225
f 2225//2225 2224//2224 2470//2470
f 2470//2470 2224//2224 2241//2241
f 2470//2470 2241//2241 2469//2469
f 2469//2469 2241//2241 2222//2222
f 2469//2469 2222//2222 2221//2221
f 1586//1586 2468//2468 1573//1573
f 1573//1573 2468//2468 866//866
f 1573//1573 866//866 838//838
f 2471//2471 2472//2472 2468//2468
f 2471//2471 2468//2468 2473//2473
f 860//860 866//866 1400//1400
f 1400//1400 866//866 2468//2468
f 1400//1400 2468//2468 2474//2474
f 2474//2474 2468//2468 2472//2472
f 2467//2467 2475//2475 2468//2468
f 2468//2468 2475//2475 2476//2476
f 2468//2468 2476//2476 2473//2473
f 1302//1302 2477//2477 2478//2478
f 2478//2478 2477//2477 2479//2479
f 2478//2478 2479//2479 2467//2467
f 2467//2467 2479//2479 2480//2480
f 2467//2467 2480//2480 2475//2475
f 1304//1304 2466//2466 1306//1306
f 1306//1306 2466//2466 2015//2015
f 1306//1306 2015//2015 1307//1307
f 1307//1307 2015//2015 2013//2013
f 1307//1307 2013//2013 1308//1308
f 2481//2481 1992//1992 1991//1991
f 2425//2425 2423//2423 2481//2481
f 2481//2481 2423//2423 2421//2421
f 2481//2481 2421//2421 1992//1992
f 2481//2481 2482//2482 2478//2478
f 1991//1991 1996//1996 2481//2481
f 2481//2481 1996//1996 2016//2016
f 2481//2481 2016//2016 2482//2482
f 2482//2482 2016//2016 2466//2466
f 2482//2482 2466//2466 2478//2478
f 2478//2478 2466//2466 1304//1304
f 2478//2478 1304//1304 1302//1302
f 1586//1586 1582//1582 2467//2467
f 2467//2467 1582//1582 2470//2470
f 2467//2467 2470//2470 2478//2478
f 2478//2478 2470//2470 2469//2469
f 2478//2478 2469//2469 2481//2481
f 2481//2481 2469//2469 2424//2424
f 2481//2481 2424//2424 2425//2425
f 1397//1397 1400//1400 2474//2474
f 1397//1397 2474//2474 2483//2483
f 2473//2473 2484//2484 2471//2471
f 2471//2471 2484//2484 2483//2483
f 2471//2471 2483//2483 2472//2472
f 2472//2472 2483//2483 2474//2474
f 2480//2480 2485//2485 2475//2475
f 2475//2475 2485//2485 2484//2484
f 2475//2475 2484//2484 2476//2476
f 2476//2476 2484//2484 2473//2473
f 1302//1302 1301//1301 2477//2477
f 2477//2477 1301//1301 2485//2485
f 2477//2477 2485//2485 2479//2479
f 2479//2479 2485//2485 2480//2480
f 2486//2486 1817//1817 1823//1823
f 2487//2487 1568//1568 2488//2488
f 943//943 1809//1809 934//934
f 934//934 1809//1809 935//935
f 2488//2488 1568//1568 2489//2489
f 1838//1838 1837//1837 2490//2490
f 2490//2490 1837//1837 1836//1836
f 2490//2490 1836//1836 1835//1835
f 1812//1812 1811//1811 2491//2491
f 2491//2491 1811//1811 1810//1810
f 2491//2491 1810//1810 2492//2492
f 2492//2492 1810//1810 1816//1816
f 2492//2492 1816//1816 2493//2493
f 2493//2493 1816//1816 1815//1815
f 2493//2493 1815//1815 1814//1814
f 1813//1813 2494//2494 1814//1814
f 1814//1814 2494//2494 2495//2495
f 1814//1814 2495//2495 2493//2493
f 1813//1813 1820//1820 2494//2494
f 2494//2494 1820//1820 1819//1819
f 2494//2494 1819//1819 2496//2496
f 2496//2496 1819//1819 2486//2486
f 2486//2486 1819//1819 1818//1818
f 2486//2486 1818//1818 1817//1817
f 1822//1822 2497//2497 1823//1823
f 1823//1823 2497//2497 2498//2498
f 1823//1823 2498//2498 2486//2486
f 1822//1822 1821//1821 2497//2497
f 2497//2497 1821//1821 1825//1825
f 2497//2497 1825//1825 2499//2499
f 2499//2499 1825//1825 1824//1824
f 2499//2499 1824//1824 2500//2500
f 2500//2500 1824//1824 1828//1828
f 2500//2500 1828//1828 2501//2501
f 1828//1828 1827//1827 2501//2501
f 2501//2501 1827//1827 1826//1826
f 2501//2501 1826//1826 2502//2502
f 2502//2502 1826//1826 1831//1831
f 2502//2502 1831//1831 2503//2503
f 1831//1831 1830//1830 2503//2503
f 2503//2503 1830//1830 1829//1829
f 2503//2503 1829//1829 2504//2504
f 2504//2504 1829//1829 1834//1834
f 2504//2504 1834//1834 2505//2505
f 2505//2505 1834//1834 1833//1833
f 2505//2505 1833//1833 1832//1832
f 1807//1807 2489//2489 1832//1832
f 1832//1832 2489//2489 2506//2506
f 1832//1832 2506//2506 2505//2505
f 1807//1807 1839//1839 2489//2489
f 2489//2489 1839//1839 1838//1838
f 2489//2489 1838//1838 2488//2488
f 2488//2488 1838//1838 2490//2490
f 2488//2488 2490//2490 2487//2487
f 1568//1568 1569//1569 2489//2489
f 2489//2489 1569//1569 1570//1570
f 2489//2489 1570//1570 2506//2506
f 2506//2506 1570//1570 1571//1571
f 2506//2506 1571//1571 2505//2505
f 2505//2505 1571//1571 1572//1572
f 2505//2505 1572//1572 2504//2504
f 2504//2504 1572//1572 1558//1558
f 2504//2504 1558//1558 2503//2503
f 2503//2503 1558//1558 1559//1559
f 2503//2503 1559//1559 2502//2502
f 2502//2502 1559//1559 1560//1560
f 2502//2502 1560//1560 2501//2501
f 2501//2501 1560//1560 1561//1561
f 2501//2501 1561//1561 2500//2500
f 2500//2500 1561//1561 1562//1562
f 2500//2500 1562//1562 2499//2499
f 2499//2499 1562//1562 1563//1563
f 2499//2499 1563//1563 2497//2497
f 2497//2497 1563//1563 1564//1564
f 2497//2497 1564//1564 2498//2498
f 2498//2498 1564//1564 1565//1565
f 2498//2498 1565//1565 2486//2486
f 2486//2486 1565//1565 1566//1566
f 2486//2486 1566//1566 2496//2496
f 2496//2496 1566//1566 1567//1567
f 2496//2496 1567//1567 2494//2494
f 2494//2494 1567//1567 1556//1556
f 2494//2494 1556//1556 2495//2495
f 2495//2495 1556//1556 1557//1557
f 2495//2495 1557//1557 2493//2493
f 2493//2493 1557//1557 1554//1554
f 2493//2493 1554//1554 2492//2492
f 2492//2492 1554//1554 937//937
f 2492//2492 937//937 2491//2491
f 2491//2491 937//937 935//935
f 2491//2491 935//935 1812//1812
f 1812//1812 935//935 1809//1809
f 2507//2507 2508//2508 2509//2509
f 2510//2510 2511//2511 2512//2512
f 986//986 988//988 2513//2513
f 2513//2513 988//988 1000//1000
f 2514//2514 2515//2515 2516//2516
f 2516//2516 2515//2515 2517//2517
f 2516//2516 2517//2517 2518//2518
f 2518//2518 2517//2517 2519//2519
f 2518//2518 2519//2519 2520//2520
f 2520//2520 2519//2519 2521//2521
f 2520//2520 2521//2521 2522//2522
f 2522//2522 2521//2521 2523//2523
f 2522//2522 2523//2523 2524//2524
f 2524//2524 2523//2523 2525//2525
f 2524//2524 2525//2525 2526//2526
f 2526//2526 2525//2525 2527//2527
f 2526//2526 2527//2527 2528//2528
f 2528//2528 2527//2527 2529//2529
f 2528//2528 2529//2529 2530//2530
f 2530//2530 2529//2529 2513//2513
f 2530//2530 2513//2513 2531//2531
f 2531//2531 2513//2513 1000//1000
f 2532//2532 2533//2533 2534//2534
f 2534//2534 2533//2533 2535//2535
f 2534//2534 2535//2535 2536//2536
f 2536//2536 2535//2535 2537//2537
f 2536//2536 2537//2537 2538//2538
f 2538//2538 2537//2537 2539//2539
f 2538//2538 2539//2539 2540//2540
f 2540//2540 2539//2539 2541//2541
f 2540//2540 2541//2541 2542//2542
f 2542//2542 2541//2541 2543//2543
f 2542//2542 2543//2543 2544//2544
f 2544//2544 2543//2543 2545//2545
f 2544//2544 2545//2545 2546//2546
f 2546//2546 2545//2545 2547//2547
f 2546//2546 2547//2547 2548//2548
f 2507//2507 2509//2509 2549//2549
f 2549//2549 2509//2509 2550//2550
f 2549//2549 2550//2550 2551//2551
f 2551//2551 2550//2550 2552//2552
f 2551//2551 2552//2552 2553//2553
f 984//984 986//986 2554//2554
f 2554//2554 986//986 2513//2513
f 2554//2554 2513//2513 2555//2555
f 2555//2555 2513//2513 2529//2529
f 2555//2555 2529//2529 2556//2556
f 2556//2556 2529//2529 2527//2527
f 2556//2556 2527//2527 2557//2557
f 2557//2557 2527//2527 2558//2558
f 2558//2558 2527//2527 2525//2525
f 2558//2558 2525//2525 2559//2559
f 2559//2559 2525//2525 2523//2523
f 2559//2559 2523//2523 2560//2560
f 2560//2560 2523//2523 2521//2521
f 2560//2560 2521//2521 2561//2561
f 2561//2561 2521//2521 2519//2519
f 2561//2561 2519//2519 2562//2562
f 2562//2562 2519//2519 2517//2517
f 2562//2562 2517//2517 2563//2563
f 2514//2514 2564//2564 2515//2515
f 2515//2515 2564//2564 2565//2565
f 2515//2515 2565//2565 2517//2517
f 2517//2517 2565//2565 2566//2566
f 2517//2517 2566//2566 2563//2563
f 2567//2567 2568//2568 2564//2564
f 2564//2564 2568//2568 2569//2569
f 2564//2564 2569//2569 2565//2565
f 2514//2514 2548//2548 2564//2564
f 2564//2564 2548//2548 2547//2547
f 2564//2564 2547//2547 2567//2567
f 2567//2567 2547//2547 2545//2545
f 2567//2567 2545//2545 2570//2570
f 2570//2570 2545//2545 2571//2571
f 2571//2571 2545//2545 2543//2543
f 2571//2571 2543//2543 2572//2572
f 2572//2572 2543//2543 2541//2541
f 2572//2572 2541//2541 2573//2573
f 2573//2573 2541//2541 2574//2574
f 2574//2574 2541//2541 2539//2539
f 2574//2574 2539//2539 2575//2575
f 2575//2575 2539//2539 2537//2537
f 2575//2575 2537//2537 2576//2576
f 2576//2576 2537//2537 2535//2535
f 2576//2576 2535//2535 2577//2577
f 2532//2532 2578//2578 2533//2533
f 2533//2533 2578//2578 2579//2579
f 2533//2533 2579//2579 2535//2535
f 2535//2535 2579//2579 2580//2580
f 2535//2535 2580//2580 2577//2577
f 2581//2581 2582//2582 2578//2578
f 2578//2578 2582//2582 2583//2583
f 2578//2578 2583//2583 2579//2579
f 2532//2532 2553//2553 2578//2578
f 2578//2578 2553//2553 2552//2552
f 2578//2578 2552//2552 2581//2581
f 2581//2581 2552//2552 2550//2550
f 2581//2581 2550//2550 2584//2584
f 2584//2584 2550//2550 2585//2585
f 2585//2585 2550//2550 2509//2509
f 2585//2585 2509//2509 2512//2512
f 2512//2512 2509//2509 2508//2508
f 2512//2512 2508//2508 2510//2510
f 2586//2586 2549//2549 2551//2551
f 2553//2553 2587//2587 2551//2551
f 2551//2551 2587//2587 2588//2588
f 2551//2551 2588//2588 2586//2586
f 2531//2531 1000//1000 999//999
f 2534//2534 2589//2589 2532//2532
f 2532//2532 2589//2589 2590//2590
f 2532//2532 2590//2590 2553//2553
f 2553//2553 2590//2590 2591//2591
f 2553//2553 2591//2591 2587//2587
f 2538//2538 2592//2592 2536//2536
f 2536//2536 2592//2592 2593//2593
f 2536//2536 2593//2593 2534//2534
f 2534//2534 2593//2593 2594//2594
f 2534//2534 2594//2594 2589//2589
f 2540//2540 2595//2595 2538//2538
f 2538//2538 2595//2595 2596//2596
f 2538//2538 2596//2596 2592//2592
f 2544//2544 2597//2597 2542//2542
f 2542//2542 2597//2597 2598//2598
f 2542//2542 2598//2598 2540//2540
f 2540//2540 2598//2598 2599//2599
f 2540//2540 2599//2599 2595//2595
f 2518//2518 2600//2600 2516//2516
f 2516//2516 2600//2600 2601//2601
f 2516//2516 2601//2601 2514//2514
f 2514//2514 2601//2601 2602//2602
f 2514//2514 2602//2602 2548//2548
f 2548//2548 2602//2602 2603//2603
f 2548//2548 2603//2603 2546//2546
f 2546//2546 2603//2603 2604//2604
f 2546//2546 2604//2604 2544//2544
f 2544//2544 2604//2604 2605//2605
f 2544//2544 2605//2605 2597//2597
f 2522//2522 2606//2606 2520//2520
f 2520//2520 2606//2606 2607//2607
f 2520//2520 2607//2607 2518//2518
f 2518//2518 2607//2607 2608//2608
f 2518//2518 2608//2608 2600//2600
f 2524//2524 2609//2609 2522//2522
f 2522//2522 2609//2609 2610//2610
f 2522//2522 2610//2610 2606//2606
f 2528//2528 2611//2611 2526//2526
f 2526//2526 2611//2611 2612//2612
f 2526//2526 2612//2612 2524//2524
f 2524//2524 2612//2612 2613//2613
f 2524//2524 2613//2613 2609//2609
f 999//999 997//997 2531//2531
f 2531//2531 997//997 2614//2614
f 2531//2531 2614//2614 2530//2530
f 2530//2530 2614//2614 2615//2615
f 2530//2530 2615//2615 2528//2528
f 2528//2528 2615//2615 2616//2616
f 2528//2528 2616//2616 2611//2611
f 2617//2617 2595//2595 2599//2599
f 2618//2618 2619//2619 994//994
f 994//994 2619//2619 996//996
f 996//996 2619//2619 2614//2614
f 996//996 2614//2614 997//997
f 2588//2588 2587//2587 2620//2620
f 2620//2620 2587//2587 2591//2591
f 2620//2620 2591//2591 2621//2621
f 2591//2591 2590//2590 2621//2621
f 2621//2621 2590//2590 2589//2589
f 2621//2621 2589//2589 2622//2622
f 2622//2622 2589//2589 2594//2594
f 2622//2622 2594//2594 2623//2623
f 2594//2594 2593//2593 2623//2623
f 2623//2623 2593//2593 2592//2592
f 2623//2623 2592//2592 2624//2624
f 2624//2624 2592//2592 2617//2617
f 2617//2617 2592//2592 2596//2596
f 2617//2617 2596//2596 2595//2595
f 2598//2598 2625//2625 2599//2599
f 2599//2599 2625//2625 2626//2626
f 2599//2599 2626//2626 2617//2617
f 2598//2598 2597//2597 2625//2625
f 2625//2625 2597//2597 2605//2605
f 2625//2625 2605//2605 2627//2627
f 2627//2627 2605//2605 2604//2604
f 2627//2627 2604//2604 2628//2628
f 2628//2628 2604//2604 2603//2603
f 2628//2628 2603//2603 2629//2629
f 2629//2629 2603//2603 2602//2602
f 2629//2629 2602//2602 2630//2630
f 2630//2630 2602//2602 2601//2601
f 2630//2630 2601//2601 2631//2631
f 2631//2631 2601//2601 2600//2600
f 2631//2631 2600//2600 2632//2632
f 2632//2632 2600//2600 2608//2608
f 2632//2632 2608//2608 2633//2633
f 2608//2608 2607//2607 2633//2633
f 2633//2633 2607//2607 2606//2606
f 2633//2633 2606//2606 2634//2634
f 2634//2634 2606//2606 2610//2610
f 2634//2634 2610//2610 2635//2635
f 2635//2635 2610//2610 2609//2609
f 2635//2635 2609//2609 2613//2613
f 2612//2612 2636//2636 2613//2613
f 2613//2613 2636//2636 2637//2637
f 2613//2613 2637//2637 2635//2635
f 2612//2612 2611//2611 2636//2636
f 2636//2636 2611//2611 2616//2616
f 2636//2636 2616//2616 2618//2618
f 2618//2618 2616//2616 2619//2619
f 2619//2619 2616//2616 2615//2615
f 2619//2619 2615//2615 2614//2614
f 994//994 2638//2638 2618//2618
f 2618//2618 2638//2638 2639//2639
f 2618//2618 2639//2639 2636//2636
f 2636//2636 2639//2639 2640//2640
f 2636//2636 2640//2640 2637//2637
f 2637//2637 2640//2640 2641//2641
f 2637//2637 2641//2641 2635//2635
f 2635//2635 2641//2641 2642//2642
f 2635//2635 2642//2642 2634//2634
f 2634//2634 2642//2642 2643//2643
f 2634//2634 2643//2643 2633//2633
f 2633//2633 2643//2643 2644//2644
f 2633//2633 2644//2644 2632//2632
f 2632//2632 2644//2644 2645//2645
f 2632//2632 2645//2645 2631//2631
f 2631//2631 2645//2645 2646//2646
f 2631//2631 2646//2646 2630//2630
f 2630//2630 2646//2646 2647//2647
f 2630//2630 2647//2647 2629//2629
f 2629//2629 2647//2647 2648//2648
f 2629//2629 2648//2648 2628//2628
f 2628//2628 2648//2648 2649//2649
f 2628//2628 2649//2649 2627//2627
f 2627//2627 2649//2649 2650//2650
f 2627//2627 2650//2650 2625//2625
f 2625//2625 2650//2650 2651//2651
f 2625//2625 2651//2651 2626//2626
f 2626//2626 2651//2651 2652//2652
f 2626//2626 2652//2652 2617//2617
f 2617//2617 2652//2652 2653//2653
f 2617//2617 2653//2653 2624//2624
f 2624//2624 2653//2653 2654//2654
f 2624//2624 2654//2654 2623//2623
f 2623//2623 2654//2654 2655//2655
f 2623//2623 2655//2655 2622//2622
f 2622//2622 2655//2655 2656//2656
f 2622//2622 2656//2656 2621//2621
f 2621//2621 2656//2656 2657//2657
f 2621//2621 2657//2657 2620//2620
f 2620//2620 2657//2657 2658//2658
f 2620//2620 2658//2658 2588//2588
f 2659//2659 2657//2657 2656//2656
f 994//994 995//995 2638//2638
f 2638//2638 995//995 1006//1006
f 2638//2638 1006//1006 2639//2639
f 2639//2639 1006//1006 1228//1228
f 2639//2639 1228//1228 2640//2640
f 2640//2640 1228//1228 1272//1272
f 2640//2640 1272//1272 2641//2641
f 2641//2641 1272//1272 1271//1271
f 2641//2641 1271//1271 2642//2642
f 2642//2642 1271//1271 1270//1270
f 2642//2642 1270//1270 2643//2643
f 2643//2643 1270//1270 1269//1269
f 2643//2643 1269//1269 2644//2644
f 2644//2644 1269//1269 1268//1268
f 2644//2644 1268//1268 2645//2645
f 2645//2645 1268//1268 1217//1217
f 2645//2645 1217//1217 2646//2646
f 2646//2646 1217//1217 1273//1273
f 2646//2646 1273//1273 2647//2647
f 2647//2647 1273//1273 1277//1277
f 2647//2647 1277//1277 2648//2648
f 2648//2648 1277//1277 1276//1276
f 2648//2648 1276//1276 2649//2649
f 2649//2649 1276//1276 1275//1275
f 2649//2649 1275//1275 2650//2650
f 2650//2650 1275//1275 1274//1274
f 2650//2650 1274//1274 2651//2651
f 2651//2651 1274//1274 1281//1281
f 2651//2651 1281//1281 2652//2652
f 2652//2652 1281//1281 1280//1280
f 2652//2652 1280//1280 2653//2653
f 2653//2653 1280//1280 1279//1279
f 2653//2653 1279//1279 2654//2654
f 2654//2654 1279//1279 1278//1278
f 2654//2654 1278//1278 2655//2655
f 2655//2655 1278//1278 1222//1222
f 2655//2655 1222//1222 2656//2656
f 2656//2656 1222//1222 1221//1221
f 2656//2656 1221//1221 2659//2659
f 1849//1849 1852//1852 2422//2422
f 2508//2508 2318//2318 2510//2510
f 2510//2510 2318//2318 2319//2319
f 2510//2510 2319//2319 2511//2511
f 2511//2511 2319//2319 2196//2196
f 2511//2511 2196//2196 2198//2198
f 958//958 948//948 2657//2657
f 2657//2657 948//948 954//954
f 2657//2657 954//954 2658//2658
f 2658//2658 954//954 2244//2244
f 2658//2658 2244//2244 2588//2588
f 2588//2588 2244//2244 2245//2245
f 2588//2588 2245//2245 2586//2586
f 2245//2245 2299//2299 2586//2586
f 2586//2586 2299//2299 2317//2317
f 2586//2586 2317//2317 2549//2549
f 2549//2549 2317//2317 2318//2318
f 2549//2549 2318//2318 2507//2507
f 2507//2507 2318//2318 2508//2508
f 1255//1255 1254//1254 2422//2422
f 2422//2422 1254//1254 1282//1282
f 2422//2422 1282//1282 1293//1293
f 958//958 2657//2657 2422//2422
f 2422//2422 2657//2657 2659//2659
f 2422//2422 2659//2659 1221//1221
f 1293//1293 1871//1871 2422//2422
f 2422//2422 1871//1871 1850//1850
f 2422//2422 1850//1850 1849//1849
f 1221//1221 1220//1220 2422//2422
f 2422//2422 1220//1220 1223//1223
f 2422//2422 1223//1223 1227//1227
f 1227//1227 1225//1225 2422//2422
f 2422//2422 1225//1225 1224//1224
f 2422//2422 1224//1224 1255//1255
f 2402//2402 2660//2660 2400//2400
f 2400//2400 2660//2660 2661//2661
f 2400//2400 2661//2661 2401//2401
f 2401//2401 2661//2661 2399//2399
f 2662//2662 1199//1199 1198//1198
f 1182//1182 1181//1181 2662//2662
f 2662//2662 1181//1181 1201//1201
f 2662//2662 1201//1201 1199//1199
f 1180//1180 2663//2663 2320//2320
f 2320//2320 2663//2663 2664//2664
f 2320//2320 2664//2664 2331//2331
f 2331//2331 2664//2664 2409//2409
f 2331//2331 2409//2409 2330//2330
f 2415//2415 2414//2414 2665//2665
f 2665//2665 2414//2414 2666//2666
f 2665//2665 2666//2666 2667//2667
f 2667//2667 2666//2666 2668//2668
f 2668//2668 2666//2666 2669//2669
f 2668//2668 2669//2669 2670//2670
f 2670//2670 2669//2669 2671//2671
f 2671//2671 2669//2669 2661//2661
f 2671//2671 2661//2661 2672//2672
f 2672//2672 2661//2661 2660//2660
f 2672//2672 2660//2660 2673//2673
f 2417//2417 2409//2409 2674//2674
f 2674//2674 2409//2409 2664//2664
f 2674//2674 2664//2664 2662//2662
f 2662//2662 2664//2664 2663//2663
f 2662//2662 2663//2663 1182//1182
f 1182//1182 2663//2663 1180//1180
f 2399//2399 2661//2661 1198//1198
f 1198//1198 2661//2661 2669//2669
f 1198//1198 2669//2669 2662//2662
f 2662//2662 2669//2669 2666//2666
f 2662//2662 2666//2666 2674//2674
f 2674//2674 2666//2666 2414//2414
f 2674//2674 2414//2414 2417//2417
f 2673//2673 2660//2660 2675//2675
f 2397//2397 2676//2676 2677//2677
f 2397//2397 2677//2677 2398//2398
f 2398//2398 2677//2677 2678//2678
f 2398//2398 2678//2678 2393//2393
f 2393//2393 2678//2678 2675//2675
f 2393//2393 2675//2675 2392//2392
f 2392//2392 2675//2675 2403//2403
f 2403//2403 2675//2675 2660//2660
f 2403//2403 2660//2660 2402//2402
f 2673//2673 2675//2675 2679//2679
f 2679//2679 2675//2675 2678//2678
f 2679//2679 2678//2678 2680//2680
f 2680//2680 2678//2678 2677//2677
f 2680//2680 2677//2677 2681//2681
f 2681//2681 2677//2677 2676//2676
f 2681//2681 2676//2676 2682//2682
f 2683//2683 2684//2684 2360//2360
f 2360//2360 2684//2684 2352//2352
f 2352//2352 2684//2684 2202//2202
f 2202//2202 2684//2684 2685//2685
f 2202//2202 2685//2685 2203//2203
f 2682//2682 2676//2676 2686//2686
f 2390//2390 2391//2391 2687//2687
f 2390//2390 2687//2687 2389//2389
f 2687//2687 2688//2688 2389//2389
f 2389//2389 2688//2688 2689//2689
f 2389//2389 2689//2689 2394//2394
f 2394//2394 2689//2689 2395//2395
f 2395//2395 2689//2689 2686//2686
f 2395//2395 2686//2686 2396//2396
f 2396//2396 2686//2686 2676//2676
f 2396//2396 2676//2676 2397//2397
f 2682//2682 2686//2686 2690//2690
f 2690//2690 2686//2686 2689//2689
f 2690//2690 2689//2689 2691//2691
f 2691//2691 2689//2689 2688//2688
f 2691//2691 2688//2688 2692//2692
f 2692//2692 2688//2688 2687//2687
f 2692//2692 2687//2687 2693//2693
f 2693//2693 2687//2687 2694//2694
f 1196//1196 1197//1197 2695//2695
f 1196//1196 2695//2695 1195//1195
f 2696//2696 2697//2697 1162//1162
f 1162//1162 2697//2697 2368//2368
f 2368//2368 2697//2697 2367//2367
f 2367//2367 2697//2697 2698//2698
f 2367//2367 2698//2698 2386//2386
f 2386//2386 2698//2698 2694//2694
f 2386//2386 2694//2694 2387//2387
f 2687//2687 2391//2391 2694//2694
f 2694//2694 2391//2391 2388//2388
f 2694//2694 2388//2388 2387//2387
f 2699//2699 2700//2700 2698//2698
f 2698//2698 2700//2700 2701//2701
f 2698//2698 2701//2701 2694//2694
f 2694//2694 2701//2701 2702//2702
f 2694//2694 2702//2702 2693//2693
f 2696//2696 2703//2703 2697//2697
f 2697//2697 2703//2703 2704//2704
f 2697//2697 2704//2704 2698//2698
f 2698//2698 2704//2704 2705//2705
f 2698//2698 2705//2705 2699//2699
f 2699//2699 2705//2705 2706//2706
f 2707//2707 2706//2706 2708//2708
f 2708//2708 2706//2706 2705//2705
f 2708//2708 2705//2705 2709//2709
f 2709//2709 2705//2705 2704//2704
f 2709//2709 2704//2704 2695//2695
f 2695//2695 2704//2704 2703//2703
f 2695//2695 2703//2703 1195//1195
f 1195//1195 2703//2703 2696//2696
f 1195//1195 2696//2696 1164//1164
f 1164//1164 2696//2696 1162//1162
f 2707//2707 2708//2708 2710//2710
f 2710//2710 2708//2708 2711//2711
f 2710//2710 2711//2711 2434//2434
f 1604//1604 2432//2432 2711//2711
f 2711//2711 2432//2432 2435//2435
f 2711//2711 2435//2435 2434//2434
f 1590//1590 1591//1591 2712//2712
f 2712//2712 1591//1591 1594//1594
f 2712//2712 1594//1594 2713//2713
f 2713//2713 1594//1594 1595//1595
f 2713//2713 1595//1595 2714//2714
f 2714//2714 1595//1595 1597//1597
f 2714//2714 1597//1597 2715//2715
f 2715//2715 1597//1597 1600//1600
f 1589//1589 1590//1590 2457//2457
f 2457//2457 1590//1590 2712//2712
f 2457//2457 2712//2712 2465//2465
f 2465//2465 2712//2712 1197//1197
f 1197//1197 2712//2712 2695//2695
f 2695//2695 2712//2712 2713//2713
f 2695//2695 2713//2713 2709//2709
f 2709//2709 2713//2713 2714//2714
f 2709//2709 2714//2714 2708//2708
f 2708//2708 2714//2714 2715//2715
f 2708//2708 2715//2715 2711//2711
f 2711//2711 2715//2715 1600//1600
f 2711//2711 1600//1600 1604//1604
f 2716//2716 2717//2717 2718//2718
f 2719//2719 2419//2419 2420//2420
f 2718//2718 2717//2717 1644//1644
f 1644//1644 2717//2717 2720//2720
f 1644//1644 2720//2720 1646//1646
f 1646//1646 2720//2720 2721//2721
f 1646//1646 2721//2721 1648//1648
f 1648//1648 2721//2721 2722//2722
f 1648//1648 2722//2722 1676//1676
f 1676//1676 2722//2722 2723//2723
f 1676//1676 2723//2723 1674//1674
f 1674//1674 2723//2723 2724//2724
f 1674//1674 2724//2724 1672//1672
f 1672//1672 2724//2724 2725//2725
f 1672//1672 2725//2725 1670//1670
f 1670//1670 2725//2725 2726//2726
f 1670//1670 2726//2726 1668//1668
f 1668//1668 2726//2726 2727//2727
f 1668//1668 2727//2727 1666//1666
f 1666//1666 2727//2727 2728//2728
f 1666//1666 2728//2728 1664//1664
f 1664//1664 2728//2728 2729//2729
f 1664//1664 2729//2729 1662//1662
f 1662//1662 2729//2729 2730//2730
f 1662//1662 2730//2730 1660//1660
f 1660//1660 2730//2730 2731//2731
f 1660//1660 2731//2731 1658//1658
f 1658//1658 2731//2731 2732//2732
f 1658//1658 2732//2732 1656//1656
f 1656//1656 2732//2732 2733//2733
f 1656//1656 2733//2733 1653//1653
f 1653//1653 2733//2733 2719//2719
f 1653//1653 2719//2719 1651//1651
f 1651//1651 2719//2719 2420//2420
f 1651//1651 2420//2420 1649//1649
f 1644//1644 1072//1072 2718//2718
f 2718//2718 1072//1072 2734//2734
f 2718//2718 2734//2734 2716//2716
f 1061//1061 1062//1062 1774//1774
f 1774//1774 1062//1062 1070//1070
f 1774//1774 1070//1070 1775//1775
f 1775//1775 1070//1070 1072//1072
f 1775//1775 1072//1072 1643//1643
f 1643//1643 1072//1072 1644//1644
f 1774//1774 1806//1806 1061//1061
f 1061//1061 1806//1806 1840//1840
f 1061//1061 1840//1840 1060//1060
f 1060//1060 1840//1840 1844//1844
f 1060//1060 1844//1844 1058//1058
f 1058//1058 1844//1844 1841//1841
f 1058//1058 1841//1841 1984//1984
f 1984//1984 1841//1841 1982//1982
f 991//991 1614//1614 1001//1001
f 1001//1001 1614//1614 1613//1613
f 1001//1001 1613//1613 1841//1841
f 1841//1841 1613//1613 1622//1622
f 1841//1841 1622//1622 1982//1982
f 967//967 1618//1618 965//965
f 965//965 1618//1618 1617//1617
f 965//965 1617//1617 991//991
f 991//991 1617//1617 1616//1616
f 991//991 1616//1616 1614//1614
f 1072//1072 1071//1071 2734//2734
f 2734//2734 1071//1071 1076//1076
f 1116//1116 1135//1135 1073//1073
f 1073//1073 1135//1135 2734//2734
f 1073//1073 2734//2734 1074//1074
f 1074//1074 2734//2734 1076//1076
f 2405//2405 2404//2404 2735//2735
f 2736//2736 2737//2737 2692//2692
f 2738//2738 2739//2739 2681//2681
f 2701//2701 2740//2740 2702//2702
f 2702//2702 2740//2740 2736//2736
f 2702//2702 2736//2736 2693//2693
f 2693//2693 2736//2736 2692//2692
f 2681//2681 2682//2682 2738//2738
f 2738//2738 2682//2682 2690//2690
f 2738//2738 2690//2690 2737//2737
f 2737//2737 2690//2690 2691//2691
f 2737//2737 2691//2691 2692//2692
f 2741//2741 2742//2742 2672//2672
f 2672//2672 2673//2673 2741//2741
f 2741//2741 2673//2673 2679//2679
f 2741//2741 2679//2679 2739//2739
f 2739//2739 2679//2679 2680//2680
f 2739//2739 2680//2680 2681//2681
f 2683//2683 2415//2415 2743//2743
f 2743//2743 2415//2415 2665//2665
f 2743//2743 2665//2665 2667//2667
f 2701//2701 2700//2700 2740//2740
f 2740//2740 2700//2700 2699//2699
f 2740//2740 2699//2699 2735//2735
f 2735//2735 2699//2699 2706//2706
f 2735//2735 2706//2706 2707//2707
f 2667//2667 2668//2668 2743//2743
f 2743//2743 2668//2668 2670//2670
f 2743//2743 2670//2670 2742//2742
f 2742//2742 2670//2670 2671//2671
f 2742//2742 2671//2671 2672//2672
f 2707//2707 2710//2710 2735//2735
f 2735//2735 2710//2710 2434//2434
f 2735//2735 2434//2434 2405//2405
f 2405//2405 2434//2434 2433//2433
f 2405//2405 2433//2433 2440//2440
f 2437//2437 2436//2436 2438//2438
f 2438//2438 2436//2436 2405//2405
f 2438//2438 2405//2405 2439//2439
f 2439//2439 2405//2405 2440//2440
f 2356//2356 2347//2347 2360//2360
f 2360//2360 2347//2347 2346//2346
f 2360//2360 2346//2346 2683//2683
f 2683//2683 2346//2346 2416//2416
f 2683//2683 2416//2416 2415//2415
f 2359//2359 2358//2358 2360//2360
f 2360//2360 2358//2358 2357//2357
f 2360//2360 2357//2357 2356//2356
f 2716//2716 2734//2734 1135//1135
f 2719//2719 1065//1065 2419//2419
f 2419//2419 1065//1065 1067//1067
f 2419//2419 1067//1067 2418//2418
f 2716//2716 1135//1135 2717//2717
f 2717//2717 1135//1135 1134//1134
f 2717//2717 1134//1134 2720//2720
f 2720//2720 1134//1134 1133//1133
f 2720//2720 1133//1133 2721//2721
f 2721//2721 1133//1133 1132//1132
f 2721//2721 1132//1132 2722//2722
f 2722//2722 1132//1132 1131//1131
f 2722//2722 1131//1131 2723//2723
f 1131//1131 1130//1130 2723//2723
f 2723//2723 1130//1130 1129//1129
f 2723//2723 1129//1129 2724//2724
f 2724//2724 1129//1129 1128//1128
f 2724//2724 1128//1128 2725//2725
f 2725//2725 1128//1128 1127//1127
f 2725//2725 1127//1127 2726//2726
f 2726//2726 1127//1127 1126//1126
f 2726//2726 1126//1126 2727//2727
f 2727//2727 1126//1126 1125//1125
f 2727//2727 1125//1125 2728//2728
f 2728//2728 1125//1125 1124//1124
f 2728//2728 1124//1124 2729//2729
f 2729//2729 1124//1124 1123//1123
f 2729//2729 1123//1123 2730//2730
f 1123//1123 1122//1122 2730//2730
f 2730//2730 1122//1122 1121//1121
f 2730//2730 1121//1121 2731//2731
f 2731//2731 1121//1121 1120//1120
f 2731//2731 1120//1120 2732//2732
f 2732//2732 1120//1120 1119//1119
f 2732//2732 1119//1119 2733//2733
f 2733//2733 1119//1119 1118//1118
f 2733//2733 1118//1118 2719//2719
f 2719//2719 1118//1118 1117//1117
f 2719//2719 1117//1117 1065//1065
f 2744//2744 495//495 494//494
f 2745//2745 2332//2332 817//817
f 837//837 2744//2744 831//831
f 831//831 2744//2744 494//494
f 831//831 494//494 826//826
f 826//826 494//494 2745//2745
f 826//826 2745//2745 816//816
f 816//816 2745//2745 817//817
f 2332//2332 2745//2745 2333//2333
f 2333//2333 2745//2745 2746//2746
f 2333//2333 2746//2746 2336//2336
f 2746//2746 2747//2747 2336//2336
f 2336//2336 2747//2747 2748//2748
f 2336//2336 2748//2748 2337//2337
f 2337//2337 2748//2748 2324//2324
f 2324//2324 2748//2748 2749//2749
f 2324//2324 2749//2749 2326//2326
f 1175//1175 1177//1177 1172//1172
f 1172//1172 1177//1177 2750//2750
f 1172//1172 2750//2750 1173//1173
f 2749//2749 2751//2751 2326//2326
f 2326//2326 2751//2751 2750//2750
f 2326//2326 2750//2750 2322//2322
f 2322//2322 2750//2750 1177//1177
f 2322//2322 1177//1177 1179//1179
f 526//526 2585//2585 523//523
f 523//523 2585//2585 2512//2512
f 523//523 2512//2512 524//524
f 524//524 2512//2512 2511//2511
f 1694//1694 1693//1693 2752//2752
f 2752//2752 1693//1693 1739//1739
f 2752//2752 1739//1739 1738//1738
f 204//204 2200//2200 2201//2201
f 2200//2200 204//204 2198//2198
f 2198//2198 204//204 205//205
f 2198//2198 205//205 2511//2511
f 2511//2511 205//205 623//623
f 2511//2511 623//623 524//524
f 2684//2684 2683//2683 2743//2743
f 201//201 202//202 2685//2685
f 2201//2201 2203//2203 204//204
f 204//204 2203//2203 2685//2685
f 204//204 2685//2685 203//203
f 203//203 2685//2685 202//202
f 599//599 2743//2743 604//604
f 604//604 2743//2743 2742//2742
f 2685//2685 2684//2684 201//201
f 201//201 2684//2684 2743//2743
f 201//201 2743//2743 200//200
f 200//200 2743//2743 599//599
f 602//602 603//603 2741//2741
f 2741//2741 603//603 606//606
f 2741//2741 606//606 2742//2742
f 2742//2742 606//606 605//605
f 2742//2742 605//605 604//604
f 125//125 2741//2741 123//123
f 123//123 2741//2741 2739//2739
f 123//123 2739//2739 124//124
f 125//125 190//190 600//600
f 125//125 600//600 2741//2741
f 2741//2741 600//600 601//601
f 2741//2741 601//601 602//602
f 124//124 2739//2739 121//121
f 121//121 2739//2739 2738//2738
f 121//121 2738//2738 98//98
f 98//98 2738//2738 99//99
f 99//99 2738//2738 2737//2737
f 99//99 2737//2737 36//36
f 608//608 2736//2736 609//609
f 609//609 2736//2736 2740//2740
f 609//609 2740//2740 610//610
f 608//608 607//607 2736//2736
f 2736//2736 607//607 613//613
f 2736//2736 613//613 2737//2737
f 2737//2737 613//613 612//612
f 2737//2737 612//612 36//36
f 36//36 612//612 611//611
f 36//36 611//611 37//37
f 610//610 2740//2740 12//12
f 12//12 2740//2740 2735//2735
f 12//12 2735//2735 10//10
f 10//10 2735//2735 2404//2404
f 10//10 2404//2404 2407//2407
f 2407//2407 2262//2262 10//10
f 10//10 2262//2262 2261//2261
f 10//10 2261//2261 9//9
f 9//9 2261//2261 2259//2259
f 9//9 2259//2259 7//7
f 7//7 2259//2259 6//6
f 984//984 622//622 5//5
f 6//6 2259//2259 5//5
f 5//5 2259//2259 982//982
f 5//5 982//982 984//984
f 1684//1684 1683//1683 2753//2753
f 1684//1684 2753//2753 1770//1770
f 2753//2753 521//521 1770//1770
f 1770//1770 521//521 520//520
f 1770//1770 520//520 527//527
f 526//526 2752//2752 2585//2585
f 2585//2585 2752//2752 1738//1738
f 2585//2585 1738//1738 2584//2584
f 2584//2584 1738//1738 1737//1737
f 2584//2584 1737//1737 2581//2581
f 2581//2581 1737//1737 1740//1740
f 2581//2581 1740//1740 2582//2582
f 2582//2582 1740//1740 1743//1743
f 2582//2582 1743//1743 2583//2583
f 2583//2583 1743//1743 1742//1742
f 2583//2583 1742//1742 2579//2579
f 2579//2579 1742//1742 2580//2580
f 1742//1742 1746//1746 2580//2580
f 2580//2580 1746//1746 1745//1745
f 2580//2580 1745//1745 2577//2577
f 2577//2577 1745//1745 1744//1744
f 2577//2577 1744//1744 2576//2576
f 2576//2576 1744//1744 2575//2575
f 2575//2575 1744//1744 1747//1747
f 2575//2575 1747//1747 2574//2574
f 2574//2574 1747//1747 1750//1750
f 2574//2574 1750//1750 2573//2573
f 2573//2573 1750//1750 1749//1749
f 2573//2573 1749//1749 2572//2572
f 2572//2572 1749//1749 1753//1753
f 2572//2572 1753//1753 2571//2571
f 2571//2571 1753//1753 1752//1752
f 2571//2571 1752//1752 2570//2570
f 2570//2570 1752//1752 1751//1751
f 2570//2570 1751//1751 2567//2567
f 2567//2567 1751//1751 1754//1754
f 2567//2567 1754//1754 2568//2568
f 2568//2568 1754//1754 1755//1755
f 2568//2568 1755//1755 2569//2569
f 2569//2569 1755//1755 1756//1756
f 2569//2569 1756//1756 2565//2565
f 2565//2565 1756//1756 1757//1757
f 2565//2565 1757//1757 2566//2566
f 2566//2566 1757//1757 1758//1758
f 2566//2566 1758//1758 2563//2563
f 2563//2563 1758//1758 1759//1759
f 2563//2563 1759//1759 2562//2562
f 2562//2562 1759//1759 1760//1760
f 2562//2562 1760//1760 2561//2561
f 1760//1760 1761//1761 2561//2561
f 2561//2561 1761//1761 1762//1762
f 2561//2561 1762//1762 2560//2560
f 2560//2560 1762//1762 1763//1763
f 2560//2560 1763//1763 2559//2559
f 2559//2559 1763//1763 1764//1764
f 2559//2559 1764//1764 2558//2558
f 2558//2558 1764//1764 1765//1765
f 2558//2558 1765//1765 2557//2557
f 2557//2557 1765//1765 1766//1766
f 2557//2557 1766//1766 2556//2556
f 2556//2556 1766//1766 1767//1767
f 2556//2556 1767//1767 2555//2555
f 2555//2555 1767//1767 1768//1768
f 2555//2555 1768//1768 2554//2554
f 2554//2554 1768//1768 1769//1769
f 2554//2554 1769//1769 984//984
f 984//984 1769//1769 1770//1770
f 984//984 1770//1770 622//622
f 622//622 1770//1770 527//527
f 881//881 879//879 717//717
f 717//717 879//879 878//878
f 717//717 878//878 883//883
f 883//883 885//885 717//717
f 717//717 885//885 2441//2441
f 717//717 2441//2441 716//716
f 716//716 2441//2441 715//715
f 495//495 2744//2744 496//496
f 496//496 2744//2744 837//837
f 496//496 837//837 836//836
f 836//836 835//835 496//496
f 496//496 835//835 834//834
f 496//496 834//834 832//832
f 833//833 770//770 769//769
f 2754//2754 517//517 1450//1450
f 1690//1690 1698//1698 2484//2484
f 832//832 833//833 496//496
f 496//496 833//833 769//769
f 496//496 769//769 517//517
f 517//517 769//769 771//771
f 517//517 771//771 1450//1450
f 2484//2484 1698//1698 2483//2483
f 2483//2483 1698//1698 2754//2754
f 2483//2483 2754//2754 1397//1397
f 1397//1397 2754//2754 1450//1450
f 1397//1397 1450//1450 1398//1398
f 1808//1808 1679//1679 2484//2484
f 2484//2484 1679//1679 1691//1691
f 2484//2484 1691//1691 1690//1690
f 1568//1568 2485//2485 1555//1555
f 1555//1555 2485//2485 1301//1301
f 1555//1555 1301//1301 1526//1526
f 1532//1532 1531//1531 1527//1527
f 1568//1568 2487//2487 2485//2485
f 2485//2485 2487//2487 2490//2490
f 2485//2485 2490//2490 2484//2484
f 2484//2484 2490//2490 1835//1835
f 2484//2484 1835//1835 1808//1808
f 1301//1301 1303//1303 1526//1526
f 1526//1526 1303//1303 1405//1405
f 1526//1526 1405//1405 1527//1527
f 1527//1527 1405//1405 1529//1529
f 1527//1527 1529//1529 1532//1532
f 316//316 322//322 692//692
f 346//346 348//348 2755//2755
f 548//548 372//372 549//549
f 549//549 372//372 370//370
f 549//549 370//370 550//550
f 550//550 370//370 369//369
f 395//395 396//396 353//353
f 369//369 390//390 550//550
f 550//550 390//390 392//392
f 550//550 392//392 393//393
f 348//348 350//350 2755//2755
f 2755//2755 350//350 352//352
f 2755//2755 352//352 353//353
f 353//353 396//396 2755//2755
f 2755//2755 396//396 344//344
f 2755//2755 344//344 346//346
f 404//404 399//399 545//545
f 545//545 399//399 398//398
f 545//545 398//398 546//546
f 546//546 398//398 397//397
f 546//546 397//397 548//548
f 548//548 397//397 374//374
f 548//548 374//374 372//372
f 408//408 542//542 409//409
f 409//409 542//542 540//540
f 409//409 540//540 414//414
f 408//408 410//410 542//542
f 542//542 410//410 412//412
f 542//542 412//412 543//543
f 543//543 412//412 413//413
f 543//543 413//413 545//545
f 545//545 413//413 406//406
f 545//545 406//406 404//404
f 414//414 540//540 407//407
f 407//407 540//540 539//539
f 407//407 539//539 405//405
f 405//405 539//539 537//537
f 405//405 537//537 403//403
f 402//402 401//401 537//537
f 537//537 401//401 400//400
f 537//537 400//400 403//403
f 533//533 381//381 379//379
f 379//379 378//378 533//533
f 533//533 378//378 376//376
f 533//533 376//376 534//534
f 534//534 376//376 402//402
f 534//534 402//402 536//536
f 536//536 402//402 537//537
f 436//436 386//386 2756//2756
f 436//436 2756//2756 434//434
f 2756//2756 432//432 433//433
f 433//433 416//416 2756//2756
f 2756//2756 416//416 415//415
f 2756//2756 415//415 434//434
f 386//386 388//388 2756//2756
f 2756//2756 388//388 430//430
f 2756//2756 430//430 432//432
f 388//388 389//389 430//430
f 430//430 389//389 384//384
f 430//430 384//384 530//530
f 530//530 384//384 383//383
f 530//530 383//383 382//382
f 381//381 533//533 382//382
f 382//382 533//533 531//531
f 382//382 531//531 530//530
f 725//725 714//714 530//530
f 725//725 530//530 724//724
f 522//522 719//719 530//530
f 530//530 719//719 723//723
f 530//530 723//723 724//724
f 714//714 713//713 530//530
f 530//530 713//713 726//726
f 530//530 726//726 430//430
f 430//430 726//726 727//727
f 430//430 727//727 728//728
f 728//728 729//729 430//430
f 430//430 729//729 730//730
f 430//430 730//730 429//429
f 429//429 730//730 731//731
f 429//429 731//731 427//427
f 427//427 731//731 732//732
f 427//427 732//732 426//426
f 426//426 732//732 734//734
f 426//426 734//734 424//424
f 424//424 734//734 733//733
f 424//424 733//733 423//423
f 423//423 733//733 738//738
f 423//423 738//738 421//421
f 421//421 738//738 737//737
f 421//421 737//737 736//736
f 736//736 735//735 421//421
f 421//421 735//735 739//739
f 421//421 739//739 2444//2444
f 739//739 740//740 2444//2444
f 2444//2444 740//740 741//741
f 2444//2444 741//741 2442//2442
f 2442//2442 741//741 742//742
f 335//335 418//418 2444//2444
f 2444//2444 418//418 420//420
f 2444//2444 420//420 421//421
f 335//335 2444//2444 336//336
f 336//336 2444//2444 2446//2446
f 336//336 2446//2446 2448//2448
f 2448//2448 2450//2450 336//336
f 336//336 2450//2450 2451//2451
f 336//336 2451//2451 338//338
f 338//338 2451//2451 2455//2455
f 338//338 2455//2455 343//343
f 2455//2455 2454//2454 343//343
f 343//343 2454//2454 2453//2453
f 343//343 2453//2453 342//342
f 342//342 2453//2453 1143//1143
f 342//342 1143//1143 340//340
f 340//340 1143//1143 1138//1138
f 340//340 1138//1138 1137//1137
f 676//676 697//697 1161//1161
f 1161//1161 697//697 696//696
f 1161//1161 696//696 1137//1137
f 1137//1137 696//696 695//695
f 1137//1137 695//695 340//340
f 692//692 322//322 693//693
f 322//322 324//324 693//693
f 693//693 324//324 325//325
f 693//693 325//325 695//695
f 695//695 325//325 334//334
f 695//695 334//334 340//340
f 320//320 315//315 689//689
f 689//689 315//315 317//317
f 689//689 317//317 690//690
f 690//690 317//317 319//319
f 690//690 319//319 692//692
f 692//692 319//319 318//318
f 692//692 318//318 316//316
f 320//320 689//689 321//321
f 321//321 689//689 687//687
f 321//321 687//687 323//323
f 323//323 687//687 686//686
f 323//323 686//686 326//326
f 683//683 339//339 327//327
f 326//326 686//686 327//327
f 327//327 686//686 684//684
f 327//327 684//684 683//683
f 2751//2751 330//330 329//329
f 2751//2751 329//329 2750//2750
f 2750//2750 329//329 339//339
f 2750//2750 339//339 1173//1173
f 368//368 333//333 2747//2747
f 2747//2747 333//333 332//332
f 2747//2747 332//332 2748//2748
f 2748//2748 332//332 330//330
f 2748//2748 330//330 2749//2749
f 2749//2749 330//330 2751//2751
f 2745//2745 494//494 493//493
f 498//498 368//368 497//497
f 497//497 368//368 2747//2747
f 497//497 2747//2747 493//493
f 493//493 2747//2747 2746//2746
f 493//493 2746//2746 2745//2745
f 498//498 499//499 368//368
f 368//368 499//499 500//500
f 368//368 500//500 367//367
f 367//367 500//500 501//501
f 367//367 501//501 365//365
f 365//365 501//501 502//502
f 365//365 502//502 364//364
f 364//364 502//502 362//362
f 502//502 504//504 362//362
f 362//362 504//504 503//503
f 362//362 503//503 361//361
f 361//361 503//503 508//508
f 361//361 508//508 359//359
f 359//359 508//508 507//507
f 359//359 507//507 358//358
f 509//509 492//492 353//353
f 353//353 492//492 491//491
f 353//353 491//491 510//510
f 507//507 506//506 358//358
f 358//358 506//506 505//505
f 358//358 505//505 356//356
f 356//356 505//505 509//509
f 356//356 509//509 355//355
f 355//355 509//509 353//353
f 393//393 395//395 550//550
f 550//550 395//395 353//353
f 550//550 353//353 511//511
f 511//511 353//353 510//510
f 511//511 512//512 550//550
f 550//550 512//512 513//513
f 550//550 513//513 552//552
f 552//552 513//513 553//553
f 521//521 2753//2753 522//522
f 522//522 2753//2753 1683//1683
f 522//522 1683//1683 719//719
f 719//719 1683//1683 1682//1682
f 719//719 1682//1682 720//720
f 921//921 718//718 722//722
f 932//932 923//923 720//720
f 720//720 923//923 921//921
f 720//720 921//921 721//721
f 721//721 921//921 722//722
f 720//720 1682//1682 932//932
f 932//932 1682//1682 1686//1686
f 932//932 1686//1686 1685//1685
f 1685//1685 1688//1688 932//932
f 932//932 1688//1688 1689//1689
f 932//932 1689//1689 930//930
f 516//516 515//515 1696//1696
f 1696//1696 515//515 519//519
f 1696//1696 519//519 1697//1697
f 1697//1697 519//519 518//518
f 516//516 1696//1696 514//514
f 514//514 1696//1696 1695//1695
f 514//514 1695//1695 1694//1694
f 513//513 514//514 553//553
f 553//553 514//514 1694//1694
f 553//553 1694//1694 554//554
f 554//554 1694//1694 2752//2752
f 554//554 2752//2752 526//526
f 518//518 517//517 1697//1697
f 1697//1697 517//517 2754//2754
f 1697//1697 2754//2754 1698//1698
f 680//680 674//674 1212//1212
f 1212//1212 1210//1210 680//680
f 680//680 1210//1210 1209//1209
f 680//680 1209//1209 681//681
f 681//681 1209//1209 1203//1203
f 681//681 1203//1203 683//683
f 683//683 1203//1203 1170//1170
f 683//683 1170//1170 339//339
f 339//339 1170//1170 1169//1169
f 339//339 1169//1169 1173//1173
f 1154//1154 679//679 1155//1155
f 1155//1155 679//679 678//678
f 1155//1155 678//678 1157//1157
f 1157//1157 678//678 676//676
f 1157//1157 676//676 1159//1159
f 1159//1159 676//676 1161//1161
