v 0.0039453706704080105 -0.002989543369039893 0.011310961097478867
v 0.0035473534371703863 -0.0027344797272235155 0.012039540335536003
v 0.003701362293213606 -0.0035757729783654213 0.011903498321771622
v 0.0038468975108116865 -0.00214368780143559 0.011481652967631817
v 0.004300450440496206 -0.00239418912678957 0.010787724517285824
v 0.004454459063708782 -0.0032354823779314756 0.010651682503521442
v 0.004154914990067482 -0.0038262743037194014 0.011209568940103054
v -0.000984981656074524 -0.007550003472715616 -0.0011312850983813405
v -0.0010834797285497189 -0.007700004149228334 -0.0012444136664271355
v -0.0008857247303240001 -0.0075494032353162766 -0.0012105725472792983
v -0.0009729824960231781 -0.007700004149228334 -0.001332589890807867
v -0.0011243846965953708 -0.007700005080550909 0.0012075841659680009
v -0.0012236254988238215 -0.007700003683567047 0.0011069076135754585
v -0.0010232836939394474 -0.007549543399363756 0.001096835476346314
v -0.0011123858857899904 -0.007550004404038191 0.0010062785586342216
v 0.0007270433125086129 -0.004788317251950502 0.01910259947180748
v 0.0007801238098181784 -0.004705918952822685 0.019290732219815254
v 0.0007034366717562079 -0.004901950713247061 0.0191542636603117
v 0.000754455802962184 -0.004832352511584759 0.019348522648215294
v 0.00201053312048316 -0.004145088139921427 0.017244873568415642
v 0.0019428189843893051 -0.004069750662893057 0.01734348013997078
v 0.0018445269670337439 -0.004277622792869806 0.017243457958102226
v 0.0017840396612882614 -0.004209984093904495 0.017332373186945915
v 0.004501493647694588 -0.004169900435954332 0.01271846890449524
v 0.0045828307047486305 -0.004294039681553841 0.01285043265670538
v 0.004508960992097855 -0.004182750824838877 0.012701892293989658
v 0.00458893459290266 -0.004304960835725069 0.012836440466344357
v 0.004195403773337603 -0.0028906045481562614 0.013293882831931114
v 0.004242893774062395 -0.002879117848351598 0.013500312343239784
v 0.004197714384645224 -0.0029291496612131596 0.01329507865011692
v 0.004245568998157978 -0.002922186627984047 0.013501694425940514
v 0.004224431235343218 -0.0026788446120917797 0.012461996637284756
v 0.004378440324217081 -0.0035201378632336855 0.012325954623520374
v 0.00452397670596838 -0.002088056178763509 0.011904110200703144
v 0.004977530799806118 -0.002338557271286845 0.011210179887712002
v 0.005131538026034832 -0.00317984726279974 0.011074136942625046
v 0.004831991624087095 -0.00377064011991024 0.011632024310529232
v 0.002028136048465967 0.0021674472372978926 0.013704633340239525
v 0.001630118116736412 0.002422512508928776 0.014433212578296661
v 0.0017841268563643098 0.00158121925778687 0.01429717056453228
v 0.0019296627724543214 0.003013302804902196 0.01387532614171505
v 0.002383215818554163 0.002762801479548216 0.013181396760046482
v 0.0025372225791215897 0.0019215091597288847 0.013045352883636951
v 0.0022376778069883585 0.0013307188637554646 0.013603240251541138
v -0.006118333898484707 -0.0067932684905827045 0.0041099172085523605
v -0.006113779731094837 -0.006955185905098915 0.00394737534224987
v -0.006062933709472418 -0.0068208263255655766 0.0041365367360413074
v -0.006065495312213898 -0.0069788917899131775 0.00397114735096693
v -0.002622696105390787 -0.007700005080550909 0.0017655750270932913
v -0.0027295753825455904 -0.007500003557652235 0.0019346204353496432
v -0.0027163131162524223 -0.007700003683567047 0.0017121139680966735
v -0.0028058381285518408 -0.0074995835311710835 0.0018909727223217487
v -0.001450595911592245 -0.007700003683567047 -0.0007862995262257755
v -0.0013760228175669909 -0.0075500053353607655 0.000597127596847713
v -0.0015337252989411354 -0.007700004149228334 0.0006084275664761662
v -0.0012730939779430628 -0.007550004404038191 -0.0007932381704449654
v -0.0013187226140871644 -0.00755000626668334 -0.0007148170843720436
v -0.001647076103836298 -0.007700005546212196 -9.816783131100237e-05
v -0.0014973413199186325 -0.0075500053353607655 -8.92442258191295e-05
v -0.0013942954828962684 -0.00755000626668334 0.0005531174247153103
v -0.0014030400197952986 -0.007550003472715616 0.005882790312170982
v -0.0014360218774527311 -0.007700004614889622 0.00573646230623126
v -0.0013652489287778735 -0.007549912203103304 0.005874766502529383
v -0.0013937833718955517 -0.007700006477534771 0.005727503914386034
v -0.002296827733516693 -0.007500004023313522 0.0030340878292918205
v -0.0021033985540270805 -0.007700003683567047 0.003084933152422309
v -0.0027036021929234266 -0.007500004954636097 0.0045815277844667435
v -0.0025101746432483196 -0.007700004149228334 0.004632376600056887
v 0.0005985500756651163 -0.007344821933656931 0.0013760854490101337
v 0.0004272211226634681 -0.007382644806057215 0.0014380649663507938
v 0.00042691107955761254 -0.005600006319582462 0.0014379691565409303
v -6.87175415805541e-05 -0.007471827790141106 0.0014989959308877587
v -0.0002899737155530602 -0.0075010149739682674 0.0014715988654643297
v -0.00029024522518739104 -0.005600005388259888 0.0014716536970809102
v 0.0006340022082440555 -0.005600002594292164 -0.0013594260672107339
v 0.0006373428623192012 -0.007373327389359474 -0.0013578356010839343
v 0.000948260014411062 -0.007294955663383007 -0.0011622019810602069
v 0.000980264856480062 -0.007286110892891884 -0.0011353814043104649
v 0.0010379174491390586 -0.007269477937370539 -0.0010829995153471828
v 0.0011931383050978184 -0.0056000035256147385 -0.0009090765379369259
v 0.00029877934139221907 -0.007441297173500061 -0.0014706073561683297
v -7.037631439743564e-05 -0.005600003991276026 -0.0014983463333919644
v -5.62950772291515e-05 -0.00749431224539876 -0.0014993513468652964
v -0.0004172839398961514 -0.007529649417847395 -0.0014407082926481962
v -0.0007586309802718461 -0.005600005388259888 -0.001294013811275363
v -0.0007481474312953651 -0.007546554785221815 -0.0013000136241316795
v -0.0012730943271890283 -0.005600003059953451 -0.0007932379958219826
v -0.000758587964810431 -0.0075468565337359905 -0.0012939536245539784
v -0.0009409101912751794 -0.005600003059953451 0.0011681991163641214
v -0.0013760223519057035 -0.005600003991276026 0.0005971260252408683
v -0.0004217731475364417 -0.007515236269682646 0.001439123647287488
v -0.0007339280564337969 -0.007539577316492796 0.0013084226520732045
v -0.000940952799282968 -0.007547958754003048 0.0011683286866173148
v 0.0002570655196905136 -0.007416704203933477 0.0014776971656829119
v 0.0014259380986914039 -0.005600005853921175 0.0004655194061342627
v 0.0014275053981691599 -0.007120178081095219 0.0004625145811587572
v 0.0012730956077575684 -0.005600004456937313 0.0007932421285659075
v 0.0012730869930237532 -0.007164932321757078 0.0007932137232273817
v 0.0010462681530043483 -0.0056000049225986 0.0010748624335974455
v 0.0011571289505809546 -0.007198592182248831 0.0009551422554068267
v 0.001046581077389419 -0.007229908835142851 0.0010756149422377348
v 0.0009072653483599424 -0.0072678690776228905 0.0011951610213145614
v 0.0012127143563702703 -0.007215205114334822 -0.0008825503755360842
v 0.0013835858553647995 -0.007155577652156353 -0.0005794240278191864
v 0.0014789411798119545 -0.005600004456937313 -0.0002504670701455325
v 0.0014808285050094128 -0.007116096559911966 -0.00023719732416793704
v 0.001495443400926888 -0.0071037146262824535 0.00011738423927454278
v -0.0014959053369238973 -0.005600005853921175 -0.00011073976929765195
v -2.069211404887028e-05 -0.007416242733597755 0.006246947217732668
v 9.50672838371247e-05 -0.007546133827418089 0.006151192355901003
v -4.492574134928873e-06 -0.007412916515022516 0.006261856760829687
v 0.00010877671593334526 -0.00754315173253417 0.006163660902529955
v -0.0002874605997931212 -0.007650494575500488 0.001624506083317101
v 0.0007939718780107796 -0.007491288706660271 -0.0014451986644417048
v 0.00036237272433936596 -0.0075835250318050385 -0.0016099894419312477
v -9.23040570341982e-05 -0.0076505341567099094 -0.0016474805306643248
v -0.0005544937448576093 -0.0076890564523637295 -0.0015538908774033189
v 0.0011597428238019347 -0.007388581056147814 -0.001169209717772901
v 0.001431091921404004 -0.007295010611414909 -0.0008084260043688118
v 0.001599208451807499 -0.007225567940622568 -0.00036744706449098885
v 0.0016369909280911088 -0.007200762163847685 9.80032273218967e-05
v 0.0015448397025465965 -0.007225418463349342 0.0005553517257794738
v 0.0013245944865047932 -0.007295236457139254 0.0009742738329805434
v 0.0010134621988981962 -0.007388466503471136 0.001299077644944191
v 0.0006187958060763776 -0.007490881253033876 0.0015291576273739338
v 0.00016659781977068633 -0.007583945523947477 0.0016414987621828914
v -0.0007357194554060698 -0.00768914632499218 0.001476877834647894
v 0.0036702852230519056 -0.005844612140208483 0.0007605538703501225
v 0.003378970315679908 -0.006028821691870689 0.0016263677971437573
v 0.0032928925938904285 -0.006253456696867943 0.0015165277291089296
v 0.002702479250729084 -0.006621534936130047 -0.002600640058517456
v 0.0028182577807456255 -0.0067071449011564255 -0.0022586826235055923
v 0.0025261840783059597 -0.006875224411487579 -0.002574129728600383
v 0.0034757365938276052 -0.0061373356729745865 0.0010440368205308914
v 0.003560867393389344 -0.006086151581257582 0.0007086772238835692
v 0.0037486848887056112 -0.005817675031721592 1.4697060578328092e-05
v 0.0036319775972515345 -0.006060888525098562 5.284931103233248e-05
v 0.003746017115190625 -0.005827664863318205 -0.00014647112402599305
v 0.0036290311254560947 -0.006072964519262314 -0.00014860587543807924
v 0.0037156862672418356 -0.005868265870958567 -0.0004980608937330544
v 0.0036027864553034306 -0.006107495632022619 -0.0004470834683161229
v 0.0036053373478353024 -0.005976427812129259 -0.0010209520114585757
v 0.0034809119533747435 -0.006224466487765312 -0.0010047715622931719
v 0.003270328976213932 -0.006248831748962402 -0.0018291616579517722
v 0.0033262651413679123 -0.006353059783577919 -0.0014215265400707722
v 0.003069503465667367 -0.006543128285557032 -0.001908106030896306
v -0.0008011233294382691 -0.007699884939938784 -0.0035097284708172083
v -0.0008345024543814361 -0.007550004869699478 -0.0036559670697897673
v 0.00011379225179553032 -0.0076397014781832695 -0.0035982804838567972
v 0.0001382086775265634 -0.007486410439014435 -0.0037474886048585176
v 0.00021970435045659542 -0.007625367026776075 -0.0035932515747845173
v 0.0003476746496744454 -0.007455431390553713 -0.003733676392585039
v 0.0010099051287397742 -0.007467352785170078 -0.003455850062891841
v 0.0010772462701424956 -0.00729712238535285 -0.0035922781098634005
v 0.001211824594065547 -0.007411975879222155 -0.0033907461911439896
v 0.0014247071230784059 -0.007192773744463921 -0.0034691665787249804
v 0.0017889180453494191 -0.007215728051960468 -0.0031249031890183687
v 0.0019465781515464187 -0.00699657341465354 -0.0032032355666160583
v 0.002106411848217249 -0.007082161493599415 -0.002921201754361391
v 0.002139414893463254 -0.006911643780767918 -0.003077323781326413
v 0.002373600611463189 -0.006799032445997 -0.0029011513106524944
v 0.0031163778621703386 -0.006359483581036329 -0.0020845874678343534
v -0.0008789746789261699 -0.00755000626668334 -0.0036455297376960516
v -0.0008438170771114528 -0.007700004614889622 -0.003499707905575633
v -0.0024447853211313486 -0.007550004404038191 -0.002843503374606371
v -0.0023469929583370686 -0.007700006011873484 -0.0027297630440443754
v -0.0025587589479982853 -0.007549222558736801 -0.002741394331678748
v -0.0024574664421379566 -0.00770000321790576 -0.0026307536754757166
v 0.0010314539540559053 -0.00904257781803608 0.01594538986682892
v 0.0015747755533084273 -0.008561708964407444 0.015360193327069283
v 0.0016947976546362042 -0.008485524915158749 0.015583188273012638
v -0.00037753707147203386 -0.007338942494243383 0.020729918032884598
v -0.00015571573749184608 -0.007419236935675144 0.020602507516741753
v -0.0001760802260832861 -0.007232640869915485 0.020715313032269478
v -4.549345976556651e-05 -0.008214394561946392 0.019906001165509224
v -0.00023302579938899726 -0.008470705710351467 0.019726324826478958
v 2.5914365323842503e-05 -0.008563759736716747 0.019446251913905144
v -0.00017195387044921517 -0.008759568445384502 0.019307859241962433
v 9.271556336898357e-05 -0.00879359245300293 0.01905057020485401
v -0.0004426697560120374 -0.0066046747379004955 0.021050630137324333
v -0.00024633167777210474 -0.006480369251221418 0.02102820575237274
v -0.00045564642641693354 -0.006443434860557318 0.02109565958380699
v -0.0002547712647356093 -0.0063773514702916145 0.021055269986391068
v -0.0005175109836272895 -0.005541331134736538 0.021195871755480766
v -0.00031503726495429873 -0.0054624308831989765 0.021145367994904518
v -0.0005213734111748636 -0.005471390672028065 0.02119341865181923
v -0.0001069225327228196 -0.007813838310539722 0.020305965095758438
v -0.0003479176957625896 -0.007627548649907112 0.02054399996995926
v -8.94296754267998e-05 -0.007938296534121037 0.02019350416958332
v -0.00028742721769958735 -0.00812484323978424 0.020119544118642807
v -0.0002629656810313463 -0.008291581645607948 0.019941817969083786
v 0.001389222452417016 -0.008772243745625019 0.01589077338576317
v 0.0011914445785805583 -0.008929870091378689 0.01613166555762291
v 0.0006410835776478052 -0.009281452745199203 0.016552358865737915
v 0.0008509011822752655 -0.009140574373304844 0.016657212749123573
v 0.0005722423084080219 -0.00931034330278635 0.01668458618223667
v 0.0007592400070279837 -0.009179573506116867 0.0168320219963789
v 0.0004241228161845356 -0.009352623485028744 0.017004402354359627
v 0.0006330751348286867 -0.00921512208878994 0.01710440404713154
v 0.0002330823481315747 -0.009348669089376926 0.017514757812023163
v 0.0004301180597394705 -0.009206769056618214 0.017649728804826736
v -1.3097844657750102e-06 -0.009174978360533714 0.018383312970399857
v 0.0003020433650817722 -0.009135548025369644 0.018089523538947105
v 0.00017378230404574424 -0.008975708857178688 0.018633462488651276
v -6.733839836670086e-05 -0.009062293916940689 0.018701020628213882
v 0.0016004169592633843 -0.008535519242286682 0.015337822958827019
v 0.0017187012126669288 -0.00846092589199543 0.015561971813440323
v 0.0043146442621946335 -0.005479101557284594 0.012516815215349197
v 0.0044170888140797615 -0.00537142576649785 0.012709920294582844
v 0.0043039568699896336 -0.005492712836712599 0.012529857456684113
v 0.004406385123729706 -0.005384915508329868 0.012723232619464397
v 0.000704810197930783 -0.0052880230359733105 0.01946735940873623
v 0.0006519435555674136 -0.005765234585851431 0.019248591735959053
v 0.000647789565846324 -0.0055233812890946865 0.019270973280072212
v 0.0006669475114904344 -0.005162451881915331 0.01923510618507862
v 0.000703727244399488 -0.005761074833571911 0.01945844106376171
v 0.000743397104088217 -0.0062009673565626144 0.01932588405907154
v 0.0006812666542828083 -0.006109666079282761 0.019147492945194244
v 0.0010858015157282352 -0.0070924763567745686 0.018348122015595436
v 0.0008589610224589705 -0.006769900675863028 0.018620125949382782
v 0.0009367113234475255 -0.006898068357259035 0.018738679587841034
v 0.0008249346283264458 -0.0066969082690775394 0.01871395669877529
v 0.0008220323361456394 -0.006593098398298025 0.019076792523264885
v 0.000739586423151195 -0.006429997272789478 0.018964141607284546
v 0.000698278599884361 -0.0062246257439255714 0.01909279078245163
v 0.0012782004196196795 -0.00716752652078867 0.017918115481734276
v 0.0011174033861607313 -0.0070229629054665565 0.017997771501541138
v 0.0009773597121238708 -0.006937393452972174 0.018316205590963364
v 0.0014534929068759084 -0.00693816551938653 0.017379483208060265
v 0.00127980497200042 -0.007022935431450605 0.01767629012465477
v 0.0011805164394900203 -0.007033362984657288 0.01786736585199833
v 0.0014985146699473262 -0.007107248529791832 0.017510075122117996
v 0.0017344827065244317 -0.0069185663014650345 0.017153723165392876
v 0.0016359860310330987 -0.006767905782908201 0.017113571986556053
v 0.0019674317445605993 -0.006610133685171604 0.01687193289399147
v 0.0018123926129192114 -0.006518576759845018 0.01689874939620495
v 0.0021573766134679317 -0.00623117433860898 0.016694262623786926
v 0.0019611495081335306 -0.006217915564775467 0.01675230823457241
v 0.002074597170576453 -0.005871972069144249 0.0166730135679245
v 0.0022929490078240633 -0.005790581461042166 0.016612892970442772
v 0.002102629980072379 -0.0057470290921628475 0.016662118956446648
v 0.002138127340003848 -0.0055046286433935165 0.016664937138557434
v 0.0023513135965913534 -0.0053193881176412106 0.016633542254567146
v 0.0021456428803503513 -0.005147785414010286 0.016722554340958595
v 0.0023215399123728275 -0.004875448066741228 0.01674886792898178
v 0.002097118878737092 -0.004819581285119057 0.01683961972594261
v 0.00220345426350832 -0.004467414692044258 0.016957564279437065
v 0.0019943236839026213 -0.004519933369010687 0.017015865072607994
v 0.0009487552451901138 -0.004250758793205023 0.01896052062511444
v 0.0008803451783023775 -0.004374537151306868 0.01880240999162197
v 0.000936524011194706 -0.0042841434478759766 0.01870046742260456
v 0.0012625370873138309 -0.003913050051778555 0.01841314509510994
v 0.0011656014248728752 -0.004067529458552599 0.018304796889424324
v 0.0012752889888361096 -0.004024219699203968 0.018123293295502663
v 0.001638429006561637 -0.003873404348269105 0.017805473878979683
v 0.0015073214890435338 -0.004031489137560129 0.01775236800312996
v 0.0016576891066506505 -0.004104219377040863 0.017520949244499207
v 0.0030824015848338604 -0.006975006777793169 0.014242690987884998
v 0.0008796575712040067 -0.00853519607335329 0.017522944137454033
v -0.0003171542484778911 -0.005418683867901564 0.021143224090337753
v 0.004640090744942427 -0.004833744838833809 0.012553635984659195
v 0.004653284326195717 -0.0045410823076963425 0.012645048089325428
v 0.004552929662168026 -0.005134482868015766 0.0125751793384552
v 0.004453030880540609 -0.004006057046353817 0.013143370859324932
v 0.004318316001445055 -0.003492330899462104 0.013417809270322323
v 0.003399524837732315 0.001167563023045659 0.013228263705968857
v 0.003632075386121869 0.0011100461706519127 0.013219207525253296
v 0.0034039593301713467 0.0011875303462147713 0.013208894059062004
v 0.003635729430243373 0.0011254927376285195 0.01320420391857624
v 0.005022747442126274 -0.0007699900888837874 0.01168862171471119
v 0.0050698015838861465 -0.0007312549860216677 0.011891587637364864
v 0.005015685688704252 -0.0008623439935036004 0.01171210315078497
v 0.005064320284873247 -0.0008062726119533181 0.011910824105143547
v 0.0045922682620584965 -0.004454170819371939 0.012467746622860432
v 0.004584745969623327 -0.004798152018338442 0.012344804592430592
v 0.004580086097121239 -0.00482808705419302 0.012340192683041096
v 0.004485315177589655 -0.005168248433619738 0.012354793958365917
v 0.004382125101983547 -0.0039039680268615484 0.01297988835722208
v 0.004232097417116165 -0.0032627929467707872 0.013266424648463726
v 0.004261007998138666 -0.0034392992965877056 0.013221319764852524
v 0.004255372565239668 -0.0023783338256180286 0.013414361514151096
v 0.004740468226373196 -0.0013959836214780807 0.012223471887409687
v 0.004840705543756485 -0.00123985402751714 0.012326313182711601
v 0.004522800911217928 -0.0015674600144848228 0.012594914063811302
v 0.004601973574608564 -0.001427921699360013 0.0127336997538805
v 0.004318351857364178 -0.0019365475745871663 0.01297119352966547
v 0.00437773996964097 -0.0018327294383198023 0.01314639300107956
v 0.004206783138215542 -0.002434009686112404 0.01321551576256752
v 0.004193368833512068 -0.0026131784543395042 0.013260609470307827
v 0.0046390085481107235 -0.004247807431966066 0.01200416125357151
v 0.004397616256028414 -0.004092914052307606 0.012370647862553596
v 0.003982920665293932 -0.0024833488278090954 0.012823325581848621
v 0.00396938668563962 -0.0029412449803203344 0.012905320152640343
v 0.004041317384690046 -0.0033977071288973093 0.012850144878029823
v 0.00419003888964653 -0.0037976778112351894 0.012664454989135265
v 0.004885104019194841 -0.004243678413331509 0.011609197594225407
v 0.005106216762214899 -0.004081017803400755 0.011233394034206867
v 0.005275678355246782 -0.003779449500143528 0.0109220826998353
v 0.005373048596084118 -0.0033753470052033663 0.010712807066738605
v 0.005165929440408945 -0.0020610184874385595 0.01087167952209711
v 0.005314653739333153 -0.0024609880056232214 0.010685989633202553
v 0.005386584438383579 -0.0029174501542001963 0.010630813427269459
v 0.004080291837453842 -0.0020792458672076464 0.012614051811397076
v 0.0042497543618083 -0.001777677214704454 0.012302739545702934
v 0.004958353471010923 -0.0017657814314588904 0.01116548664867878
v 0.004716959781944752 -0.001610884559340775 0.011531973257660866
v 0.004470865707844496 -0.0016150171868503094 0.011926937848329544
v 0.0023071973118931055 0.0024781441316008568 0.014855669811367989
v 0.002461204072460532 0.0016368518117815256 0.014719625934958458
v 0.0026067413855344057 0.003068936290219426 0.014297782443463802
v 0.0030602943152189255 0.002818434964865446 0.013603853061795235
v 0.003214301774278283 0.0019771407824009657 0.013467810116708279
v 0.002914757002145052 0.0013863506028428674 0.01402569655328989
v -0.000938377866987139 0.0033125607296824455 0.001170264557003975
v -0.0008287894306704402 0.0033000195398926735 0.001250243280082941
v -0.0009409099002368748 0.0033000207040458918 0.001168200047686696
v -0.0011700133327394724 0.0033291534055024385 0.0009386546444147825
v -0.0011630940716713667 0.0033294442109763622 0.0009472146048210561
v -0.0011640863958746195 0.0033151579555124044 0.0009479766595177352
v -0.0010056537576019764 0.0033212353009730577 0.0011129039339721203
v -0.00100618414580822 0.00331515702418983 0.0011131458450108767
v -0.000977864721789956 0.00331757590174675 0.0011374501045793295
v -0.0010056092869490385 0.0033000227995216846 0.0011129913618788123
v -0.0011630784720182419 0.003300024662166834 0.0009472322417423129
v -0.0013647129526361823 0.003300028620287776 0.0006225387332960963
v -0.0064880335703492165 -0.006559246219694614 0.002578884130343795
v -0.006413963623344898 -0.0067620412446558475 0.0027094597462564707
v -0.006513894535601139 -0.0065460349433124065 0.0026146958116441965
v -0.006434335373342037 -0.006751712411642075 0.0027386865112930536
v -0.003036618698388338 -0.007529507856816053 -0.0022003245539963245
v -0.002918895799666643 -0.007687697187066078 -0.002107533160597086
v -0.003040120704099536 -0.007529266644269228 -0.00219548586755991
v -0.0029224157333374023 -0.007687513250857592 -0.0021026628091931343
v -0.002928378526121378 -0.007700004149228334 0.005270092748105526
v -0.0030500153079628944 -0.007498846389353275 0.005111311562359333
v -0.0027589735109359026 -0.007700006477534771 0.005107463803142309
v -0.0029109360184520483 -0.007500003091990948 0.004977433010935783
v -0.0024424477014690638 -0.007500004954636097 0.0022096808534115553
v -0.002278142375871539 -0.007700006011873484 0.0020956459920853376
v -0.002274211496114731 -0.007500003557652235 0.0026371139101684093
v -0.0020762586500495672 -0.007700005546212196 0.0026085658464580774
v -0.004824832081794739 -0.007437366060912609 0.0040214890614151955
v -0.004635454621165991 -0.007286506239324808 0.004063802305608988
v -0.004827568307518959 -0.007436796091496944 0.004032151773571968
v -0.00463788490742445 -0.007286060135811567 0.004073052201420069
v -0.004420074168592691 -0.007515033707022667 0.0024743059184402227
v -0.0042291004210710526 -0.007355940993875265 0.002518084365874529
v -0.0044220513664186 -0.0075146895833313465 0.0024818608071655035
v -0.004231113009154797 -0.007355631794780493 0.002525622956454754
v 0.00034763404983095825 -0.004358228296041489 0.00803961418569088
v 0.0005167188355699182 -0.004465020261704922 0.00803517084568739
v 0.0003463991160970181 -0.004360633436590433 0.00804218277335167
v 0.0005153743550181389 -0.004467240069061518 0.008037450723350048
v -0.005422583315521479 -0.007150004152208567 0.0055659133940935135
v -0.005519036203622818 -0.007150004617869854 0.00602118531242013
v -0.008101011626422405 -0.007150005083531141 0.005474173929542303
v -0.005765382666140795 -0.007150005549192429 0.006416011601686478
v -0.006949177477508783 -0.007150004617869854 0.0041932095773518085
v -0.0064840735867619514 -0.007150002755224705 0.004209138918668032
v -0.007391680963337421 -0.007150005083531141 0.004337315447628498
v -0.0077582113444805145 -0.007150003686547279 0.004624074324965477
v -0.008004559203982353 -0.007150004617869854 0.005018902011215687
v -0.005487658549100161 -0.007150005549192429 0.005105108022689819
v -0.005706414580345154 -0.007150006014853716 0.004694350995123386
v -0.006052467040717602 -0.007150002755224705 0.004383184015750885
v -0.00613191444426775 -0.007150004152208567 0.006702771410346031
v -0.0065744174644351006 -0.007150005083531141 0.006846877746284008
v -0.007039522752165794 -0.007150002755224705 0.00683094747364521
v -0.008035936392843723 -0.007150003686547279 0.00593497883528471
v -0.007817180827260017 -0.007150003220885992 0.00634573632851243
v -0.007471129298210144 -0.007150003220885992 0.006656902376562357
v -0.005484612192958593 -0.007123970426619053 0.006398279685527086
v -0.005387617275118828 -0.007312008645385504 0.00651099206879735
v -0.00550051499158144 -0.007118883542716503 0.006420967634767294
v -0.005399877671152353 -0.0073082526214420795 0.006528671830892563
v -0.0032558166421949863 -0.007693370338529348 0.005453263409435749
v -0.0036245821975171566 -0.007669150363653898 0.005526312161237001
v -0.003613569075241685 -0.007468220312148333 0.005325616803020239
v -0.003205989021807909 -0.007494641002267599 0.005212604533880949
v -0.003315738635137677 -0.0074897948652505875 0.005262188613414764
v -0.004595753736793995 -0.0075106145814061165 0.005087865982204676
v -0.004427402280271053 -0.0073437378741800785 0.004981074947863817
v -0.004326460417360067 -0.007569760084152222 0.005331267137080431
v -0.004193967208266258 -0.007389664184302092 0.00517941452562809
v -0.003985958639532328 -0.007627137936651707 0.005484891589730978
v -0.003908657934516668 -0.007434419356286526 0.005298467818647623
v -0.00368110160343349 -0.007461626548320055 0.005327320657670498
v -0.004861986264586449 -0.007433394435793161 0.004398562014102936
v -0.004668385721743107 -0.007283390965312719 0.004391553346067667
v -0.004781664814800024 -0.007460617460310459 0.004767249803990126
v -0.004594137892127037 -0.007304730825126171 0.004710150882601738
v -0.004510423168540001 -0.007325082551687956 0.004869567696005106
v -0.005812431685626507 -0.006941650062799454 0.004295174032449722
v -0.005586722400039434 -0.007192685734480619 0.004297754727303982
v -0.0056498851627111435 -0.0070147388614714146 0.00444029550999403
v -0.00523751974105835 -0.007327534258365631 0.004781383089721203
v -0.005370954982936382 -0.0071313888765871525 0.0048364391550421715
v -0.005548694171011448 -0.007058225572109222 0.004555069375783205
v -0.0052671879529953 -0.007173354271799326 0.005109354387968779
v -0.005272445734590292 -0.007171184290200472 0.005090547725558281
v -0.005353772547096014 -0.007138313725590706 0.004872430115938187
v -0.005266603082418442 -0.007173595484346151 0.00511150760576129
v -0.0050787171348929405 -0.007387502584606409 0.005336451809853315
v -0.005214111879467964 -0.007197491824626923 0.005445872899144888
v -0.005114254076033831 -0.007387141697108746 0.005907048936933279
v -0.005233087111264467 -0.007198160048574209 0.005774522665888071
v -0.005329360254108906 -0.0073295580223202705 0.00642387242987752
v -0.005319597665220499 -0.007175929378718138 0.006085316184908152
v -0.006551799364387989 -0.006527405232191086 0.0026714052073657513
v -0.006562526803463697 -0.006690103095024824 0.0030670289415866137
v -0.0066877687349915504 -0.006464505568146706 0.0030337306670844555
v -0.006571945734322071 -0.006690697744488716 0.003241659142076969
v -0.006699950899928808 -0.006465394981205463 0.0032643587328493595
v -0.006542517803609371 -0.006713555194437504 0.003416794817894697
v -0.006657894235104322 -0.006496086250990629 0.003492020769044757
v -0.006384121719747782 -0.006811186671257019 0.0037254609633237123
v -0.006447762716561556 -0.00662091001868248 0.0038680676370859146
v -0.00411268463358283 -0.007374590262770653 0.0022510401904582977
v -0.004171064123511314 -0.007561395410448313 0.001997708110138774
v -0.004056742414832115 -0.007383630145341158 0.0021705999970436096
v -0.004009142518043518 -0.0073911771178245544 0.002113168593496084
v -0.0037531035486608744 -0.007628016173839569 0.0016845411155372858
v -0.003728772746399045 -0.00743174459785223 0.0018946162890642881
v -0.00385743984952569 -0.007414066232740879 0.001974991522729397
v -0.0032228445634245872 -0.007482774090021849 0.0017806586110964417
v -0.003253844566643238 -0.007480564992874861 0.0017799109918996692
v -0.003231070004403591 -0.007681851740926504 0.0015802624402567744
v -0.003336805384606123 -0.007474032696336508 0.0017826459370553493
v -0.003635882632806897 -0.007443426642566919 0.0018515809206292033
v -0.0030823848210275173 -0.007491088472306728 0.0017965803854167461
v -0.0016411957331001759 -0.007700005080550909 -0.0032041314989328384
v -0.002799548674374819 -0.007700006011873484 0.007576695177704096
v -0.002923183375969529 -0.007700004614889622 0.007787328213453293
v -0.0027620294131338596 -0.007700004149228334 0.007368801161646843
v -0.0030864051077514887 -0.007700006477534771 0.007921438664197922
v -0.002678356133401394 -0.007700006011873484 0.006867477670311928
v -0.002381729194894433 -0.007700005080550909 0.00632298132404685
v -0.0019095642492175102 -0.007700004149228334 0.005921079311519861
v -0.0030966976191848516 -0.007550004404038191 0.008094102144241333
v -0.003155807266011834 -0.007699703332036734 0.007956240326166153
v -0.0030112797394394875 -0.007550005801022053 0.008051268756389618
v -0.0002501367998775095 -0.007610995788127184 0.005901753902435303
v -0.0003380612761247903 -0.007471755612641573 0.006024460773915052
v -0.0008135329699143767 -0.00767762865871191 0.005713274236768484
v -0.0010300460271537304 -0.007540675811469555 0.005845207720994949
v -0.0008465511491522193 -0.007529053371399641 0.005860039032995701
v -0.0026120468974113464 -0.007550004869699478 0.007371099665760994
v -0.002535757143050432 -0.007550006732344627 0.006914012134075165
v -0.0022653029300272465 -0.007550003472715616 0.006417558994144201
v -0.0018347986042499542 -0.0075500053353607655 0.006051118951290846
v -0.0016689755721017718 -0.007550005801022053 0.005968549754470587
v -0.0032694481778889894 -0.004150005988776684 0.0054581984877586365
v -0.0036830075550824404 -0.004150002729147673 0.0055272215977311134
v -0.003967242315411568 -0.004150004126131535 0.00522866565734148
v -0.004250153433531523 -0.00415000319480896 0.005378132686018944
v -0.004665036220103502 -0.004150002729147673 0.004999132826924324
v -0.003192680887877941 -0.003350004553794861 0.008431041613221169
v -0.0023177675902843475 -0.0033500036224722862 0.005771242082118988
v -0.005662493407726288 -0.0033500047866255045 0.0076186214573681355
v -0.004787581507116556 -0.00335000385530293 0.004958823788911104
v -0.002296827035024762 -0.005450006108731031 0.003034088294953108
v -0.0023770977277308702 -0.005450003314763308 0.003339448245242238
v -0.0023770977277308702 -0.004350003786385059 0.003339448245242238
v -0.0027036021929234266 -0.004350003320723772 0.0045815277844667435
v 0.0015685311518609524 -0.005450004246085882 0.0005120710120536387
v 0.0016268356703221798 -0.005450004246085882 -0.0002755148452706635
v 0.0013124532997608185 -0.005450005177408457 -0.0009999839821830392
v 0.0006974025745876133 -0.0054500047117471695 -0.0014953681966289878
v -7.741384615655988e-05 -0.00545000284910202 -0.0016481815837323666
v -0.0008344951784238219 -0.005450005177408457 -0.0014234146801754832
v -0.0014004027470946312 -0.0054500047117471695 -0.0008725619991309941
v -0.0016454957658424973 -0.0054500047117471695 -0.00012181438796687871
v -0.001513624913059175 -0.0054500047117471695 0.000656839634757489
v -0.001035000546835363 -0.005450003780424595 0.0012850192142650485
v -0.0003192696312908083 -0.005450003780424595 0.0016188175650313497
v 0.0004696018877439201 -0.0054500047117471695 0.0015817655948922038
v 0.0011508939787745476 -0.005450004246085882 0.0011823487002402544
v 0.001400404958985746 -0.005450004246085882 0.0008725660154595971
v 0.0009489820804446936 -0.007317029405385256 0.006187865510582924
v 0.001137280953116715 -0.007256736978888512 0.0059562255628407
v 0.0012527226936072111 -0.00706056971102953 0.006043235771358013
v 0.0003081367176491767 -0.0073409005999565125 0.006442157085984945
v 0.0003775868099182844 -0.007480124942958355 0.006306120194494724
v 0.0006599232438020408 -0.00724569009616971 0.006468151230365038
v 0.0006738231750205159 -0.007400334347039461 0.006313773337751627
v 0.0006889753858558834 -0.007237229496240616 0.006463299505412579
v 0.0010022666538134217 -0.0071410746313631535 0.006330984644591808
v 0.003361053066328168 -0.006040533073246479 0.0016635931096971035
v 0.0032760603353381157 -0.006264194380491972 0.0015515679260715842
v 0.0012622823705896735 -0.0070574660785496235 0.006024037953466177
v 0.0011466778814792633 -0.007253766991198063 0.005936817266047001
v 0.002251033904030919 -0.0068250191397964954 0.0036593961995095015
v 0.0030618400778621435 -0.006489959079772234 -0.0003707041614688933
v -0.0017095794901251793 -0.007550003007054329 -0.0033376377541571856
v 0.0018568574450910091 0.001276056980714202 0.015060195699334145
v 0.0019126441329717636 0.001248343731276691 0.015281050466001034
v 0.0019030513940379024 0.0012296328786760569 0.015044454485177994
v 0.0019529331475496292 0.0012079802108928561 0.015266688540577888
v -0.0005236862343735993 -0.005425824783742428 0.021191122010350227
v -0.00038574074278585613 -0.0037292444612830877 0.020746614784002304
v -0.00018472962256055325 -0.003789963899180293 0.020716499537229538
v -0.0003542956255842 -0.00359651492908597 0.02067725732922554
v -0.0001535882765892893 -0.00366125232540071 0.020649638026952744
v 0.0029704058542847633 -0.0070682428777217865 0.014033843763172626
v 0.0004724801692645997 -0.006625887472182512 0.016059892252087593
v -0.0008425574633292854 -0.0063507817685604095 0.018131298944354057
v -0.000556563027203083 -0.006882623769342899 0.01774296723306179
v -0.0009778231615200639 -0.0056569380685687065 0.018256722018122673
v -0.0009313757182098925 -0.004960044287145138 0.0180905070155859
v -0.0007138547953218222 -0.004419747740030289 0.017670730128884315
v 7.307981377380202e-06 -0.0042398241348564625 0.01649121381342411
v 0.00034574215533211827 -0.004641415551304817 0.016001684591174126
v 0.0005626744241453707 -0.005272599868476391 0.015737121924757957
v 0.0006085932836867869 -0.005630299914628267 0.015710631385445595
v 0.0006084147025831044 -0.005988778080791235 0.015758126974105835
v 0.0001860121701611206 -0.007037971168756485 0.016573285683989525
v -0.0001853595022112131 -0.007130625192075968 0.01718069426715374
v -0.00037509214598685503 -0.0041598244570195675 0.017093557864427567
v 0.0025632239412516356 -0.002628158777952194 0.01578056439757347
v 0.0027911129873245955 -0.0027919833082705736 0.01581563614308834
v 0.003274817718192935 -0.0019029045943170786 0.014544570818543434
v 0.003502705367282033 -0.002066725632175803 0.01457964163273573
v 0.002036826452240348 -0.0025661445688456297 0.01699480228126049
v 0.0019346543122082949 -0.0024399610701948404 0.016763200983405113
v 0.0019938976038247347 -0.002486253622919321 0.017053084447979927
v 0.001899273949675262 -0.002374931937083602 0.016810540109872818
v 0.0033165067434310913 0.0009484701440669596 0.013487056829035282
v 0.0036128361243754625 0.0010357925202697515 0.013293138705193996
v 0.0032009314745664597 0.0008042061235755682 0.013733248226344585
v 0.0034373956732451916 0.0007204926223494112 0.013724800199270248
v 0.003031715750694275 0.0007080357172526419 0.014018169604241848
v 0.0031558116897940636 0.0005646995268762112 0.014197276905179024
v 0.0028243171982467175 0.0006855037063360214 0.014305994845926762
v 0.0027977994177490473 0.0005974337691441178 0.014653140679001808
v 0.002377880737185478 0.0008486934821121395 0.014765697531402111
v 0.002380185294896364 0.0008256605942733586 0.0150370541960001
v 0.002607129979878664 0.0007359097944572568 0.014554435387253761
v 0.0026640468277037144 0.0007167028961703181 0.014494112692773342
v 0.0021431308705359697 0.0010153587209060788 0.01492989994585514
v 0.002290637232363224 0.0009052317473106086 0.014832661487162113
v 0.002555340761318803 -0.0029196464456617832 0.016210323199629784
v 0.0022621029056608677 -0.002831848571076989 0.016668740659952164
v -0.00030385892023332417 -0.00457868492230773 0.021011294797062874
v 0.004939223174005747 -0.0011591139482334256 0.012157781980931759
v 0.005024452693760395 -0.0009938593721017241 0.011999423615634441
v 0.0037532676942646503 -0.0015236138133332133 0.014106540009379387
v 0.003700061934068799 -0.0017232861137017608 0.014218107797205448
v 0.0035243385937064886 0.0013979881769046187 0.012910365127027035
v 0.003730099881067872 0.0012814437504857779 0.012976129539310932
v 0.003739560954272747 0.001442092121578753 0.012599579989910126
v 0.0038911558222025633 0.0013170003658160567 0.012741929851472378
v 0.003990388475358486 0.0013181573012843728 0.012350453995168209
v 0.004086223430931568 0.0012284088879823685 0.012542861513793468
v 0.0042147329077124596 0.0010671367635950446 0.012203410267829895
v 0.004271904472261667 0.0010322332382202148 0.012413011863827705
v 0.004236324690282345 0.0010341312736272812 0.012193386442959309
v 0.004290052689611912 0.0010051642311736941 0.012403985485434532
v 0.004920656327158213 -0.00021531726815737784 0.011738396249711514
v 0.00498213293030858 -0.0002709503751248121 0.011935818009078503
v 0.00492478022351861 -0.00022465625079348683 0.011734533123672009
v 0.004986322484910488 -0.0002804388932418078 0.01193179376423359
v 0.0050521004013717175 -0.0004956577904522419 0.011878536082804203
v 0.005000041797757149 -0.00046893334365449846 0.0116743054240942
v 0.005019716918468475 -0.0006119334138929844 0.011669762432575226
v 0.005006589461117983 -0.0009286757558584213 0.01173541508615017
v 0.0049666184931993484 -0.001093219150789082 0.011821145191788673
v 0.004893067292869091 -0.0012523342156782746 0.011959982104599476
v 0.004861722234636545 -0.0012966139474883676 0.012016051448881626
v 0.003028120147064328 -0.005597544368356466 0.011733811348676682
v 0.003126684809103608 -0.005341495852917433 0.011542120948433876
v 0.003152139950543642 -0.004945477936416864 0.011449172161519527
v 0.0030680778436362743 -0.004555473569780588 0.011532538570463657
v 0.0029322905465960503 -0.004312301054596901 0.011718145571649075
v 0.0027306419797241688 -0.003986372146755457 0.01199840847402811
v 0.0025472554843872786 -0.003401067340746522 0.012215249240398407
v 0.002500671660527587 -0.002752260770648718 0.012204470112919807
v 0.00282519543543458 -0.0017123889410868287 0.011547407135367393
v 0.0030477698892354965 -0.0015350667526945472 0.011167331598699093
v 0.002599098486825824 -0.002154253190383315 0.011967968195676804
v 0.004113236907869577 -0.001655938453041017 0.012307386845350266
v 0.004359119106084108 -0.0014750589616596699 0.011889486573636532
v 0.004171940963715315 -0.0015461216680705547 0.012093966826796532
v 0.0043107206001877785 -0.001469211420044303 0.011861415579915047
v 0.0045433142222464085 -0.0014534671790897846 0.011486559174954891
v 0.004632781725376844 -0.0014704648638144135 0.01145027857273817
v 0.004586198832839727 -0.0014645860064774752 0.011419291608035564
v 0.004901215434074402 -0.0016427099471911788 0.01104273647069931
v 0.00485641323029995 -0.001637972192838788 0.01100904494524002
v 0.005362364929169416 -0.003432583762332797 0.010539346374571323
v 0.0053357770666480064 -0.002927154768258333 0.010410530492663383
v 0.0053774164989590645 -0.0029233908280730247 0.010448168031871319
v 0.005255257710814476 -0.0024161904584616423 0.010472293943166733
v 0.005297427531331778 -0.0024157953448593616 0.010509524494409561
v 0.005200509913265705 -0.002233311301097274 0.010535954497754574
v 0.005132044665515423 -0.001971019897609949 0.010716014541685581
v 0.005088776350021362 -0.0019684643484652042 0.010680155828595161
v 0.00491451658308506 -0.0017014694167301059 0.010924284346401691
v 0.005254086572676897 -0.003881956683471799 0.01077206525951624
v 0.005289331078529358 -0.0036240513436496258 0.010576747357845306
v 0.005320623982697725 -0.003439726773649454 0.010502315126359463
v 0.004733044654130936 -0.0044242688454687595 0.011573695577681065
v 0.004774417728185654 -0.0044117397628724575 0.011505736038088799
v 0.0048197596333920956 -0.004398186691105366 0.011536152102053165
v 0.005021932069212198 -0.004229656420648098 0.01108506042510271
v 0.0050656418316066265 -0.004217307083308697 0.011118251830339432
v 0.005071808584034443 -0.004164348356425762 0.01099652424454689
v 0.005211628973484039 -0.0038920817896723747 0.010736579075455666
v 0.004498940892517567 -0.004416365176439285 0.011947859078645706
v 0.0045460970140993595 -0.004402780905365944 0.011975360102951527
v 0.004350645933300257 -0.004344271961599588 0.01217603962868452
v 0.00427766190841794 -0.004230535589158535 0.012382903136312962
v 0.004228723701089621 -0.004242975730448961 0.01235810574144125
v 0.004046834073960781 -0.0039022257551550865 0.012709624134004116
v 0.00399636197835207 -0.0039124870672822 0.012686995789408684
v 0.0038814498111605644 -0.0034574505407363176 0.012916116043925285
v 0.003829880617558956 -0.003464756766334176 0.012894857674837112
v 0.004063206259161234 -0.0016512912698090076 0.01228208839893341
v 0.0038735109847038984 -0.0019888686947524548 0.012630573473870754
v 0.003924790769815445 -0.0019912892021238804 0.012653574347496033
v 0.003764512948691845 -0.002441221149638295 0.012864835560321808
v 0.0038165124133229256 -0.0024406625889241695 0.012886290438473225
v 0.003749540075659752 -0.0025953147560358047 0.012909123674035072
v 0.003801460610702634 -0.002949854824692011 0.012977471575140953
v 0.003749360330402851 -0.002953793155029416 0.012956620194017887
v 0.003795279422774911 -0.003311496926471591 0.012930132448673248
v 0.003931731451302767 -0.0029424249660223722 0.012947098352015018
v 0.00394582562148571 -0.0024656031746417284 0.012861713767051697
v 0.0040472205728292465 -0.0020448004361242056 0.012643792666494846
v 0.0042236871086061 -0.0017307711532339454 0.012319615110754967
v 0.00445393705740571 -0.00156138907186687 0.011928281746804714
v 0.004710201174020767 -0.0015570841496810317 0.01151699386537075
v 0.004961569793522358 -0.0017183793243020773 0.011135361157357693
v 0.005177725572139025 -0.0020258198492228985 0.010829411447048187
v 0.00533259566873312 -0.002442320343106985 0.010636047460138798
v 0.005407498683780432 -0.002917644800618291 0.01057859230786562
v 0.005393404047936201 -0.0033944672904908657 0.010663975030183792
v 0.005292009096592665 -0.0038152693305164576 0.010881898924708366
v 0.00511554442346096 -0.004129301756620407 0.011206076480448246
v 0.004885294009000063 -0.004298684187233448 0.011597409844398499
v 0.004629029892385006 -0.00430298550054431 0.012008694931864738
v 0.004377659875899553 -0.004141690209507942 0.012390329502522945
v 0.004161505494266748 -0.0038342499174177647 0.012696278281509876
v 0.004006635397672653 -0.003417749423533678 0.012889641337096691
v 0.005392070859670639 -0.003416259540244937 0.010598964989185333
v 0.005286479834467173 -0.0038544838316738605 0.010825907811522484
v 0.0051027098670601845 -0.0041815126314759254 0.011163506656885147
v 0.0048629287630319595 -0.004357905592769384 0.011571036651730537
v 0.00459605548530817 -0.0043623861856758595 0.011999347247183323
v 0.0043342821300029755 -0.004194415174424648 0.012396777980029583
v 0.00410918053239584 -0.003874249756336212 0.012715390883386135
v 0.003947900608181953 -0.0034405095502734184 0.01291675865650177
v 0.003869896288961172 -0.002945509972050786 0.012976592406630516
v 0.0038845755625516176 -0.002448951592668891 0.012887675315141678
v 0.003990166820585728 -0.002010731492191553 0.012660731561481953
v 0.004173935391008854 -0.001683698734268546 0.012323135510087013
v 0.0044137160293757915 -0.0015073057729750872 0.011915604583919048
v 0.004680588375777006 -0.001502825878560543 0.011487293057143688
v 0.004942361731082201 -0.0016707966569811106 0.011089862324297428
v 0.005167465656995773 -0.0019909613765776157 0.010771248489618301
v 0.005328744184225798 -0.002424702513962984 0.010569880716502666
v 0.005406749900430441 -0.0029197053518146276 0.010510047897696495
v 0.002480380469933152 0.0010640759719535708 0.014764320105314255
v 0.002721772762015462 0.0009091824176721275 0.014397832565009594
v 0.0020656860433518887 0.0026736417785286903 0.01521699782460928
v 0.0020521492697298527 0.0022157446946948767 0.015298993326723576
v 0.002124081365764141 0.0017592833610251546 0.01524381898343563
v 0.0022728045005351305 0.0013593129115179181 0.015058128163218498
v 0.0029678663704544306 0.0009133149869740009 0.014002867974340916
v 0.003188981907442212 0.0010759725701063871 0.0136270672082901
v 0.0033584421034902334 0.0013775404077023268 0.013315754942595959
v 0.0034558128099888563 0.0017816433683037758 0.013106481172144413
v 0.003248693887144327 0.0030959739815443754 0.013265351764857769
v 0.0033974170219153166 0.002696003532037139 0.013079660013318062
v 0.0034693495836108923 0.0022395404521375895 0.013024485670030117
v 0.002163056982681155 0.0030777447391301394 0.015007724985480309
v 0.002332518342882395 0.003379312576726079 0.014696410857141018
v 0.0030411179177463055 0.003391210688278079 0.013559158891439438
v 0.0027997256256639957 0.0035461043007671833 0.013925646431744099
v 0.002553631318733096 0.0035419734194874763 0.014320610091090202
v -0.0009409095509909093 0.005099995993077755 0.001168199349194765
v -0.0013760225847363472 0.00509999506175518 0.0005971278878860176
v -0.0013760228175669909 0.0030999951995909214 0.0005971274804323912
v -0.0009409102494828403 0.0030999945010989904 0.001168200746178627
v -0.00029024513787589967 0.0030999956652522087 0.0014716533478349447
v -0.000290245603537187 0.00509999506175518 0.001471653231419623
v -0.0014959051040932536 0.00509999506175518 -0.00011073975474573672
v -0.0014959053369238973 0.003099995432421565 -0.0001107401549234055
v -0.0012730937451124191 0.005099995993077755 -0.0007932378794066608
v -0.001273093861527741 0.0030999963637441397 -0.0007932382286526263
v -0.000758631038479507 0.00509999506175518 -0.0012940140441060066
v -0.000758632377255708 0.003099995432421565 -0.0012940129963681102
v -7.037536852294579e-05 0.00509999506175518 -0.0014983458677306771
v -7.037556497380137e-05 0.003099995432421565 -0.0014983463333919644
v 0.0006340024992823601 0.005099996458739042 -0.0013594261836260557
v 0.0006340024992823601 0.0030999949667602777 -0.0013594242045655847
v 0.001193139236420393 0.005099995993077755 -0.0009090760722756386
v 0.0011931390035897493 0.003099996130913496 -0.000909076479729265
v 0.001478940830565989 0.005099995993077755 -0.00025046762311831117
v 0.0014789419947192073 0.0030999949667602777 -0.00025046704104170203
v 0.0014259364688768983 0.005099994596093893 0.00046552030835300684
v 0.0014259369345381856 0.003099995432421565 0.0004655204538721591
v 0.0012730961898341775 0.00509999506175518 0.0007932422449812293
v 0.0012730959570035338 0.0030999949667602777 0.0007932418957352638
v 0.0010462668724358082 0.005099995527416468 0.0010748635977506638
v 0.0010462667560204864 0.0030999958980828524 0.0010748632485046983
v 0.0004269110213499516 0.005099994596093893 0.0014379689237102866
v 0.00042691081762313843 0.0030999949667602777 0.0014379685744643211
v -0.00567652890458703 -0.006932288408279419 0.0014551844215020537
v -0.005588244181126356 -0.007126619573682547 0.0015747699653729796
v -0.003941619768738747 -0.007420475594699383 -0.0009471670491620898
v -0.0038315418642014265 -0.007592041976749897 -0.0008462848491035402
v -0.0048240735195577145 -0.007220424711704254 0.0002747793623711914
v -0.00472379382699728 -0.0074041844345629215 0.0003845249302685261
v -0.005341590382158756 -0.007216006051748991 0.0012353889178484678
v -0.0028418446891009808 -0.004350004252046347 0.004886685870587826
v -0.0046378858387470245 -0.004350003320723772 0.004073052667081356
v -0.004667580593377352 -0.004350003320723772 0.004406744614243507
v -0.004510900005698204 -0.004350005649030209 0.004869626834988594
v -0.004153585527092218 -0.004350002855062485 0.005202991422265768
v -0.003680962836369872 -0.004350004717707634 0.005327232647687197
v -0.0032058993820101023 -0.004350005649030209 0.005212678574025631
v -0.003253757255151868 -0.005450003314763308 0.0017799074994400144
v -0.0022671332117170095 -0.00545000284910202 0.002700393320992589
v -0.0024238135665655136 -0.005450004246085882 0.0022375111002475023
v -0.0027811317704617977 -0.0054500047117471695 0.001904146047309041
v -0.003728820476680994 -0.005450005177408457 0.001894466346129775
v -0.00409287353977561 -0.0054500047117471695 0.0022204630076885223
v -0.004231113474816084 -0.0054500047117471695 0.0025256227236241102
v 0.0003344106371514499 -0.004383630119264126 0.008067089132964611
v 0.0005040201940573752 -0.004486904013901949 0.008058203384280205
v 0.0010312783997505903 -0.004007401410490274 0.007884664461016655
v 0.001077034161426127 -0.0037606447003781796 0.0077788387425243855
v 0.001040128176100552 -0.004006673581898212 0.00789018627256155
v 0.0010859403992071748 -0.003759917104616761 0.007784268818795681
v 0.0006613622535951436 -0.004255529493093491 0.007887110114097595
v 0.0004645769950002432 -0.004132001660764217 0.007858077995479107
v 0.0006914347759447992 -0.004215330816805363 0.007869981229305267
v 0.0004994345363229513 -0.004077162593603134 0.007825813256204128
v 0.0005447728908620775 -0.00442096684128046 0.007993835024535656
v 0.00037073501152917743 -0.004310476128011942 0.007991621270775795
v -0.003192680422216654 -0.004150005988776684 0.008431040681898594
v -0.0056624929420650005 -0.004150005988776684 0.0076186214573681355
v -0.005615623202174902 -0.004150004591792822 0.007476132828742266
v -0.0047875805757939816 -0.004150005057454109 0.004958823788911104
v -0.005335862282663584 -0.006990003399550915 0.005985560826957226
v -0.005370647180825472 -0.006990003399550915 0.006081022787839174
v -0.0053798179142177105 -0.007045384030789137 0.006077324505895376
v -0.005488702096045017 -0.006990005262196064 0.006313282996416092
v -0.005653762258589268 -0.007045384030789137 0.006516381166875362
v -0.005262676626443863 -0.006990005727857351 0.005571390502154827
v -0.00527256028726697 -0.007045384496450424 0.005571051966398954
v -0.005282856523990631 -0.006990005727857351 0.005269574001431465
v -0.005344926379621029 -0.00704538356512785 0.005058625712990761
v -0.005335522349923849 -0.006990006193518639 0.005055563524365425
v -0.005588188301771879 -0.0070453817024827 0.004601853433996439
v -0.005580398719757795 -0.006990006193518639 0.004595760256052017
v -0.005973005201667547 -0.00704538356512785 0.004255830310285091
v -0.005967769771814346 -0.006990004796534777 0.004247439559549093
v -0.007520431187003851 -0.006990003399550915 0.004226027987897396
v -0.007466890849173069 -0.006990003399550915 0.004196092952042818
v -0.0074622416868805885 -0.007045383099466562 0.004204821772873402
v -0.006971551571041346 -0.006990004330873489 0.004034781828522682
v -0.006970169022679329 -0.007045382168143988 0.004044573754072189
v -0.006832174025475979 -0.006990004796534777 0.0040216948837041855
v -0.006452960893511772 -0.007045384030789137 0.00406228844076395
v -0.006450911518186331 -0.006990004330873489 0.0040526133961975574
v -0.0061277966015040874 -0.006990003865212202 0.004160616546869278
v -0.007877186872065067 -0.0069900029338896275 0.004517093300819397
v -0.007869831286370754 -0.007045384496450424 0.004523706156760454
v -0.00803489238023758 -0.006990003865212202 0.004726802930235863
v -0.008143776096403599 -0.007045384496450424 0.00496276281774044
v -0.008152949623763561 -0.0069900029338896275 0.004959064070135355
v -0.008257703855633736 -0.006990003399550915 0.005409300792962313
v -0.008251034654676914 -0.007045384030789137 0.005469036754220724
v -0.008260918781161308 -0.006990003865212202 0.005468697287142277
v -0.008178668096661568 -0.0070453849621117115 0.0059814611449837685
v -0.00818807166069746 -0.006990003399550915 0.005984522867947817
v -0.006553426384925842 -0.007045383099466562 0.006995512638241053
v -0.007072682958096266 -0.006990005262196064 0.0069874729961156845
v -0.007070633117109537 -0.007045384496450424 0.006977798882871866
v -0.00755582470446825 -0.006990004796534777 0.006792646832764149
v -0.007550589274615049 -0.0070453849621117115 0.006784257013350725
v -0.007702708709985018 -0.006990003865212202 0.006688241846859455
v -0.007935406640172005 -0.00704538356512785 0.006438232958316803
v -0.007943196222186089 -0.006990003399550915 0.0064443256705999374
v -0.008137821219861507 -0.006990005262196064 0.006117168813943863
v -0.006061353720724583 -0.0070453817024827 0.00683526461943984
v -0.006334887817502022 -0.006990003399550915 0.006958009675145149
v -0.006552043836563826 -0.006990005262196064 0.007005305495113134
v -0.005646409932523966 -0.0069900029338896275 0.006522993557155132
v -0.00571553036570549 -0.006990006193518639 0.006594905164092779
v -0.006056703627109528 -0.006990005727857351 0.006843993440270424
v -0.0075004431419074535 -0.0071401153691112995 0.006703885737806559
v -0.0070510003715753555 -0.007140114437788725 0.006885123904794455
v -0.006566673517227173 -0.007140115834772587 0.0069017126224935055
v -0.006105882581323385 -0.00714011350646615 0.006751650478690863
v -0.005724205169826746 -0.0071401153691112995 0.006453040521591902
v -0.005467674694955349 -0.007140116300433874 0.0060418955981731415
v -0.00536723667755723 -0.007140114903450012 0.005567808635532856
v -0.005435002967715263 -0.007140113972127438 0.0050879595801234245
v -0.005662799347192049 -0.00714011350646615 0.004660226404666901
v -0.006023152265697718 -0.007140114903450012 0.004336201120167971
v -0.006472595036029816 -0.0071401153691112995 0.004154962953180075
v -0.006956921890377998 -0.007140113972127438 0.004138374701142311
v -0.007417712360620499 -0.007140116300433874 0.004288436844944954
v -0.007799390237778425 -0.007140114903450012 0.004587046802043915
v -0.008055920712649822 -0.00714011350646615 0.004998191259801388
v -0.008156358264386654 -0.007140114903450012 0.005472278222441673
v -0.008088592439889908 -0.007140116300433874 0.005952127277851105
v -0.007860795594751835 -0.007140116300433874 0.006379860918968916
v -0.006460624281316996 -0.007103141397237778 0.004098458681255579
v -0.006964998319745064 -0.007103141397237778 0.004081184510141611
v -0.007444862276315689 -0.00710314279422164 0.004237457178533077
v -0.00784233957529068 -0.007103140465915203 0.0045484271831810474
v -0.008109486661851406 -0.007103141862899065 0.004976589698344469
v -0.00821408350020647 -0.00710314093157649 0.005470301024615765
v -0.008143512532114983 -0.007103140000253916 0.005970011465251446
v -0.007906286977231503 -0.007103141397237778 0.0064154500141739845
v -0.00753101846203208 -0.00710314279422164 0.0067528896033763885
v -0.007062970660626888 -0.007103140465915203 0.006941627245396376
v -0.006558598019182682 -0.007103140465915203 0.006958903279155493
v -0.006078732665628195 -0.00710314279422164 0.006802631542086601
v -0.005681255832314491 -0.007103141397237778 0.006491658743470907
v -0.005414108745753765 -0.007103140000253916 0.006063496228307486
v -0.005309511907398701 -0.00710314093157649 0.005569785367697477
v -0.005380082409828901 -0.007103141862899065 0.005070074461400509
v -0.005617308430373669 -0.007103140465915203 0.00462463591247797
v -0.0059925769455730915 -0.00710314279422164 0.00428719911724329
v -0.006513895466923714 -0.00555000314489007 0.0026146958116441965
v -0.00611833343282342 -0.005550005938857794 0.0041099186055362225
v -0.006438373122364283 -0.0055500054731965065 0.0038780339527875185
v -0.00666993809863925 -0.005550005007535219 0.003455911297351122
v -0.0066774035803973675 -0.005550003610551357 0.002974503207951784
v -0.00550051499158144 -0.005550003610551357 0.006420968100428581
v -0.005250380840152502 -0.00555000314489007 0.005863725673407316
v -0.005264381878077984 -0.005550005938857794 0.005119736306369305
v -0.005623501259833574 -0.005550004076212645 0.004468005616217852
v -0.005086077842861414 -0.007422385737299919 0.0074919480830430984
v -0.00509950565174222 -0.007265741471201181 0.007645903620868921
v -0.005327719729393721 -0.007347447331994772 0.00733127212151885
v -0.005403678864240646 -0.007170977536588907 0.007462981157004833
v -0.005476117599755526 -0.007293634116649628 0.007085080724209547
v -0.005603273399174213 -0.007098860573023558 0.007154272403568029
v -0.005502795800566673 -0.007278527598828077 0.006800276692956686
v -0.005528510082513094 -0.007110284641385078 0.00646290322765708
v -0.005641933064907789 -0.007077755872160196 0.006776232272386551
v -0.0050622038543224335 -0.007276427466422319 0.00765817379578948
v -0.0050552948378026485 -0.007431098725646734 0.007502909749746323
v -0.004327608272433281 -0.007595128379762173 0.007742052897810936
v -0.005243713967502117 -0.007367713842540979 0.007010265719145536
v -0.006345350295305252 -0.006827640812844038 0.0035943700931966305
v -0.00361525802873075 -0.007681630551815033 0.00797625258564949
v -0.003625800833106041 -0.007680872920900583 0.007972786203026772
v -0.0033865675795823336 -0.007694212719798088 0.00800828356295824
v -0.0036619286984205246 -0.0075284563936293125 0.00811877939850092
v -0.0036515663377940655 -0.0075292582623660564 0.008122111670672894
v -0.0029478806536644697 -0.007550004869699478 0.008010479621589184
v -0.0028103897348046303 -0.007550004404038191 0.007886210456490517
v -0.0026870688889175653 -0.007550004404038191 0.007697279565036297
v -0.0026582255959510803 -0.007550004404038191 0.007626968901604414
v -0.0033751733135432005 -0.0075448788702487946 0.008157928474247456
v -0.0033291918225586414 -0.007546429987996817 0.008154425770044327
v -0.0016921116039156914 -0.007150006014853716 0.006212129723280668
v -0.001249607652425766 -0.007150005083531141 0.006068024318665266
v -0.0007845052750781178 -0.007150004152208567 0.006083954591304064
v -0.0004323458706494421 -0.007150005083531141 0.008577587082982063
v -0.0008748492109589279 -0.007150006014853716 0.00872169341892004
v -0.001339953625574708 -0.007150004152208567 0.008705761283636093
v 0.00021190864208620042 -0.007150002755224705 0.006979923229664564
v 0.0002769861021079123 -0.007150005083531141 0.007440727669745684
v 0.0001805337960831821 -0.007150005083531141 0.0078959995880723
v -0.002401442965492606 -0.007150006014853716 0.007348989602178335
v -0.002304990775883198 -0.007150005549192429 0.006893717683851719
v -0.002058642916381359 -0.007150004617869854 0.006498889531940222
v -0.0003528977686073631 -0.007150003686547279 0.006257997825741768
v -6.847254553576931e-06 -0.007150003220885992 0.006569165736436844
v -0.0017715611029416323 -0.007150004152208567 0.008531717583537102
v -0.002117611002177 -0.007150004152208567 0.0082205506041646
v -6.581585330422968e-05 -0.007150003220885992 0.008290826342999935
v -0.0023363668005913496 -0.007150004617869854 0.00780979311093688
v -4.493940195970936e-06 -0.005550003610551357 0.0062618558295071125
v -0.00039709164411760867 -0.005550005938857794 0.005994824692606926
v -0.0010302143637090921 -0.005550005938857794 0.005845189560204744
v -0.0016689763870090246 -0.005550004541873932 0.0059685492888092995
v -0.0025321422144770622 -0.005550003610551357 0.006903067231178284
v -0.0026120473630726337 -0.00555000314489007 0.007371099665760994
v -0.002200849587097764 -0.0055500054731965065 0.006343173794448376
v -0.0017151156207546592 -0.00555000314489007 0.00698805833235383
v -0.0018310443265363574 -0.0055500054731965065 0.0073690032586455345
v -0.001798156532458961 -0.00333375483751297 0.007170898374170065
v -0.001715114456601441 -0.0033337546046823263 0.006988057866692543
v -0.0014242446050047874 -0.003333756700158119 0.006716114468872547
v -0.0014242443721741438 -0.005550004541873932 0.006716116331517696
v -0.0012362392153590918 -0.0033337539061903954 0.006645545829087496
v -0.0010363722685724497 -0.0055500054731965065 0.00662604346871376
v -0.0010363731998950243 -0.0033337539061903954 0.006626041140407324
v -0.0008382687228731811 -0.0033337557688355446 0.006658929865807295
v -0.0006554292631335557 -0.005550003610551357 0.006741972174495459
v -0.0006554282153956592 -0.0033337553031742573 0.006741971708834171
v -0.0005003108526580036 -0.0033337553031742573 0.00686950609087944
v -0.00038348801899701357 -0.005550004076212645 0.007032842840999365
v -0.0003834863018710166 -0.00333375483751297 0.0070328423753380775
v -0.00029341314802877605 -0.003333755536004901 0.007420714013278484
v -0.0002934141957666725 -0.005550004076212645 0.007420714944601059
v -0.00040934394928626716 -0.0033337546046823263 0.007801657542586327
v -0.00040934383287094533 -0.00555000314489007 0.007801657076925039
v -0.0007002126658335328 -0.003333756700158119 0.008073599077761173
v -0.0007002130732871592 -0.005550005007535219 0.008073600009083748
v -0.0010880852350965142 -0.003333755536004901 0.008163673803210258
v -0.0010880851186811924 -0.005550004076212645 0.008163673803210258
v -0.0014690295793116093 -0.0033337536733597517 0.008047744631767273
v -0.0014690281823277473 -0.0055500054731965065 0.008047744631767273
v -0.0017409714637324214 -0.003333754139021039 0.007756873499602079
v -0.0017409700667485595 -0.005550005938857794 0.007756873499602079
v -0.0018115397542715073 -0.0033337564673274755 0.007568867411464453
v -0.0018310464220121503 -0.0033337539061903954 0.00736900232732296
v -0.0005995051469653845 -0.005550005007535219 0.00665221968665719
v -0.0010328181087970734 -0.005550006404519081 0.006520353723317385
v -0.0014740116894245148 -0.005550005007535219 0.006622809451073408
v -0.0018048678757622838 -0.00555000314489007 0.006932134740054607
v -0.001936734071932733 -0.005550004541873932 0.007365447469055653
v -0.0018342777621001005 -0.005550005007535219 0.007806641049683094
v -0.0015249522402882576 -0.005550004541873932 0.008137497119605541
v -0.0010916405590251088 -0.00555000314489007 0.008269364945590496
v -0.0006504463381133974 -0.005550004541873932 0.008166907355189323
v -0.00031958954059518874 -0.005550005938857794 0.007857582531869411
v -0.0001877233589766547 -0.005550005007535219 0.007424269337207079
v -0.000290179654257372 -0.005550004076212645 0.0069830757565796375
v -0.004782701376825571 -0.004199150018393993 0.004623959306627512
v -0.00471519585698843 -0.004304789938032627 0.004367178305983543
v -0.0025101741775870323 -0.004150003660470247 0.004632376600056887
v -0.0026760657783597708 -0.004150002729147673 0.004998565651476383
v -0.0031129319686442614 -0.004150005057454109 0.005389757454395294
v -0.004678931552916765 -0.004150004591792822 0.004978093784302473
v -0.00480955233797431 -0.004150004126131535 0.004705585539340973
v -0.0023177682887762785 -0.004150005057454109 0.005771243013441563
v -0.003145810915157199 -0.004150004591792822 0.008288552053272724
v -0.0018660053610801697 -0.004150004126131535 0.0031678290106356144
v -0.0017497139051556587 -0.004150004126131535 0.003203281434252858
v -0.0016538378549739718 -0.004350005649030209 0.0030277585610747337
v -0.0018476585391908884 -0.004350005649030209 0.0029686731286346912
v -0.002091408707201481 -0.004350003786385059 0.003007388673722744
v -0.002012255834415555 -0.004150003660470247 0.0031910589896142483
v -0.0022869433742016554 -0.004350003786385059 0.0031579823698848486
v -0.002129576401785016 -0.004150004126131535 0.0032814147416502237
v -0.002183669013902545 -0.004150004591792822 0.0033902947325259447
v -0.00106893852353096 -0.004320519510656595 0.003311100183054805
v -0.0009093310218304396 -0.004350002855062485 0.003328005550429225
v -0.0013271060306578875 -0.0041500055231153965 0.003400191431865096
v -0.0012435431126505136 -0.004223682451993227 0.003353133564814925
v -0.0016538380878046155 -0.005450005177408457 0.00302775832824409
v -0.001847658772021532 -0.005450005177408457 0.0029686728958040476
v -0.0020914089400321245 -0.005450003314763308 0.003007388673722744
v -0.0022869433742016554 -0.005450003314763308 0.0031579823698848486
v -0.0033366424031555653 -0.005450005177408457 -0.0008771006250753999
v 0.0026043399702757597 -0.005450005177408457 0.0022627259604632854
v 0.003184753004461527 -0.005450005643069744 0.0013265983434394002
v 0.003440544940531254 -0.00545000284910202 0.0002552507212385535
v 0.0033456457313150167 -0.00545000284910202 -0.0008421147940680385
v 0.0017584682209417224 -0.005450003780424595 0.002968215150758624
v 0.0029097269289195538 -0.0054500047117471695 -0.0018536411225795746
v 0.002177222166210413 -0.005450004246085882 -0.002676229225471616
v 0.0012227935949340463 -0.005450005177408457 -0.003226029220968485
v 0.00014372714213095605 -0.005450005643069744 -0.003447002498432994
v -0.0009499896550551057 -0.005450005643069744 -0.003316624788567424
v -0.0019468744285404682 -0.005450003314763308 -0.0028481874614953995
v -0.0027453149668872356 -0.005450005643069744 -0.0020894326735287905
v -0.003263927297666669 -0.005450003780424595 -0.0011177059495821595
v -0.0014290070394054055 -0.005450005177408457 0.003140135668218136
v -0.00036650439142249525 -0.00545000284910202 0.003430478973314166
v 0.0007333591929636896 -0.005450005643069744 0.003371156519278884
v 0.0012622812064364552 -0.005550004076212645 0.006024038884788752
v 0.0010572505416348577 -0.0055500054731965065 0.0062885829247534275
v 0.0006890443037264049 -0.005550005007535219 0.00646334420889616
v 0.00028252441552467644 -0.005550005007535219 0.0064340257085859776
v 0.0023530544713139534 -0.006613465026021004 0.003757830010727048
v 0.0035906252451241016 -0.0035000040661543608 -0.0010816259309649467
v -0.0017999325646087527 -0.003500004531815648 -0.003289791289716959
v -0.0007602961268275976 -0.0035000042989850044 -0.0036721162032335997
v 0.00034567908733151853 -0.00350000336766243 -0.0037340319249778986
v 0.0014214932452887297 -0.0035000036004930735 -0.003470136085525155
v 0.0023732760455459356 -0.003500003134831786 -0.0029034565668553114
v 0.0031179797369986773 -0.003500004531815648 -0.0020834351889789104
v 0.003749972442165017 -0.0035000036004930735 1.4560941963281948e-05
v 0.003582117846235633 -0.00350000336766243 0.0011094766668975353
v 0.0033789698500186205 -0.0035000042989850044 0.0016263682628050447
v -0.003040119307115674 -0.003500003833323717 -0.002195486333221197
v -0.0026825168170034885 -0.0035000047646462917 -0.002620417159050703
v 0.0008231794345192611 0.0012948345392942429 0.016271252185106277
v 0.0010733271483331919 0.0012644845992326736 0.0162583589553833
v 0.000825660303235054 0.0013267345493659377 0.016238052397966385
v 0.0010758639546111226 0.0012898339191451669 0.016231399029493332
v -0.0001793569972505793 -0.003017159178853035 0.020283248275518417
v 2.1412704882095568e-05 -0.003101188689470291 0.02027209848165512
v -0.00017771478451322764 -0.0030127374920994043 0.02027958072721958
v 2.3114482246455736e-05 -0.003096737200394273 0.020268438383936882
v 0.0008760689524933696 0.00150305253919214 0.016015462577342987
v 0.001167589914985001 0.0014802138321101665 0.015942690894007683
v 0.0011273955460637808 0.0016533739399164915 0.015582676976919174
v 0.0009864444145932794 0.001614868058823049 0.015781821683049202
v 0.000911175215151161 0.0015535552520304918 0.015927240252494812
v 0.0012546199141070247 0.001526528736576438 0.01579824462532997
v 0.001367362099699676 0.0015366506995633245 0.015659501776099205
v 0.001172384130768478 0.001653740182518959 0.015530197881162167
v 0.0013245719019323587 0.0016264441655948758 0.015378519892692566
v 0.0016327323392033577 0.0014546650927513838 0.015429831109941006
v 0.0015481383306905627 0.0015245098620653152 0.015209483914077282
v 0.0017566392198204994 0.0013716088142246008 0.015098491683602333
v 0.0018375514773651958 0.00071623275289312 0.012810501269996166
v 0.0020761399064213037 0.0010784310288727283 0.012380413711071014
v 0.0014597180997952819 0.0005718105239793658 0.013435082510113716
v 0.0010696405079215765 0.0007833701674826443 0.01403240766376257
v 0.0008046211441978812 0.001189599046483636 0.014403664506971836
v -0.0004956002812832594 -0.004398453049361706 0.021010814234614372
v -0.0005098332767374814 -0.004550827667117119 0.021053694188594818
v 0.000859079766087234 -0.004107869230210781 0.007880513556301594
v 0.0008559306152164936 -0.004068190231919289 0.007833098992705345
v 0.0009478706633672118 -0.004025384318083525 0.007847245782613754
v 0.0020571062341332436 -0.0039231134578585625 0.008524718694388866
v 0.0019794940017163754 -0.004109494853764772 0.008673652075231075
v 0.0007670585182495415 -0.004133895970880985 0.007843058556318283
v -0.0005654870183207095 -0.008737563155591488 0.014024801552295685
v 0.0021473963279277086 -0.004362334497272968 0.009100640192627907
v 0.0038824116345494986 -0.004219777882099152 0.010183184407651424
v 0.0021129960659891367 -0.002760874340310693 0.008660826832056046
v 0.0021757464855909348 -0.003181616310030222 0.008615661412477493
v 0.0021385885775089264 -0.0031936035957187414 0.008676795288920403
v 0.0021641815546900034 -0.0036263333167880774 0.00869276188313961
v 0.0021415804512798786 -0.0037712061312049627 0.008748062886297703
v 0.002169584156945348 -0.0037176785990595818 0.008696133270859718
v 0.0037842949386686087 -0.001166009926237166 0.013997153379023075
v 0.003737830324098468 -0.000792744685895741 0.013976610265672207
v 0.0034683733247220516 -0.0008600954315625131 0.014036847278475761
v 0.0034821636509150267 -0.0014527817256748676 0.01415078155696392
v 0.003503419691696763 -0.001274744514375925 0.014084997586905956
v 0.0035053680185228586 -0.001162360655143857 0.01405821181833744
v 0.003216929268091917 4.9658057832857594e-05 0.014400330372154713
v 0.0030504860915243626 -0.0001487315894337371 0.014377199113368988
v 0.0034356974065303802 -0.0001569880696479231 0.0141889164224267
v 0.003229220164939761 -0.0003309226012788713 0.014201700687408447
v 0.003619799856096506 -0.0004522376984823495 0.014041384682059288
v 0.003375791711732745 -0.0005805970286019146 0.014084422029554844
v 0.0034500407055020332 -0.0007866867817938328 0.014042518101632595
v 0.0025821891613304615 4.618632374331355e-05 0.015278290025889874
v 0.002507574390619993 -0.00014048760931473225 0.015137013047933578
v 0.0027583555784076452 0.0001573393528815359 0.014974873512983322
v 0.002660848433151841 -4.3284941057208925e-05 0.01487350556999445
v 0.0029811414424329996 0.00015926349442452192 0.014669118449091911
v 0.0028523425571620464 -4.649263064493425e-05 0.014607437886297703
v 0.00295563624240458 -8.817478374112397e-05 0.014482633210718632
v 0.003439280902966857 -0.0016167036956176162 0.0142432926222682
v 0.0005607635248452425 -0.006033724173903465 0.015556362457573414
v 0.0004112355236429721 -0.006734544411301613 0.015888303518295288
v 9.612178837414831e-05 -0.007187836337834597 0.016453037038445473
v -0.0003123867209069431 -0.007289757486432791 0.01712118461728096
v -0.0007207090966403484 -0.007016956806182861 0.017739687114953995
v -0.0010353033430874348 -0.006431930232793093 0.01816685125231743
v -0.0011840977240353823 -0.0056687006726861 0.018304815515875816
v -0.0011330037377774715 -0.004902116488665342 0.018121978268027306
v -0.0008937303209677339 -0.004307789262384176 0.017660222947597504
v -0.0005210921517573297 -0.0040218764916062355 0.017025334760546684
v -0.0001004504956654273 -0.00410987576469779 0.016362754628062248
v 0.00027182497433386743 -0.004551625344902277 0.015824275091290474
v 0.0005104497540742159 -0.005245925392955542 0.01553325541317463
v 0.000560961605515331 -0.005639401264488697 0.015504117123782635
v 0.0008282095077447593 -0.0027707195840775967 0.014698020182549953
v 0.0009686300181783736 -0.002627603244036436 0.014454117976129055
v 3.764754001167603e-05 -0.002704098355025053 0.013873239979147911
v 0.0006088195950724185 -0.002121960511431098 0.012881149537861347
v 0.0021223826333880424 -0.0026613830123096704 0.01649148389697075
v 0.0023667479399591684 -0.0027345470152795315 0.016109468415379524
v 0.0017775058513507247 -0.0009761474211700261 0.016571637243032455
v 0.0018516664858907461 -0.0008644413319416344 0.0164159145206213
v 0.0019316842081025243 -0.000676539319101721 0.016564201563596725
v 0.001707711024209857 -0.0011967895552515984 0.01676563173532486
v 0.0017728396924212575 -0.0010172815527766943 0.01695144735276699
v 0.001686281873844564 -0.0014630057848989964 0.016899606212973595
v 0.0017424017423763871 -0.0014865680132061243 0.017188191413879395
v 0.0016893889987841249 -0.0015609433175995946 0.016929659992456436
v 0.001758345402777195 -0.0019930913113057613 0.01695438101887703
v 0.0017508149612694979 -0.001963181421160698 0.01695833168923855
v 0.001824290957301855 -0.0020138013642281294 0.017228325828909874
v 0.001724505564197898 -0.001841703662648797 0.016965443268418312
v 0.001709143863990903 -0.0017510289326310158 0.016961870715022087
v 0.0017973468638956547 -0.0021260397043079138 0.01692509837448597
v 0.0025777562987059355 4.129552689846605e-05 0.015287116169929504
v 0.002503698691725731 -0.00014479288074653596 0.01514463871717453
v 0.00042143429163843393 -0.0019503255607560277 0.019298285245895386
v 0.0007315247785300016 -0.000832214776892215 0.018298299983143806
v 0.004673557355999947 0.00035809510154649615 0.012185174971818924
v 0.003955696243792772 0.0010797377908602357 0.012810016982257366
v 0.0008963687578216195 -6.241151277208701e-05 0.01757640391588211
v 0.001934868865646422 -0.0006730284076184034 0.016557980328798294
v 0.001587110455147922 0.0013901538914069533 0.015542612411081791
v 0.0009499676525592804 0.0002439378440612927 0.017280863597989082
v 0.0018548654625192285 -0.0008608976495452225 0.0164097361266613
v 0.0015036817640066147 -0.0013015904696658254 0.009729268960654736
v -0.000376263604266569 -0.0035355815198272467 0.013036484830081463
v 0.002053807256743312 -0.001256385468877852 0.010072514414787292
v 0.0001738632854539901 -0.0034903797786682844 0.01337973028421402
v -3.8568145100725815e-05 -0.0028305244632065296 0.014012040570378304
v -7.300676952581853e-05 -0.0028957354370504618 0.013697084970772266
v -0.00011873390030814335 -0.0029715944547206163 0.013780365698039532
v -0.00014434265904128551 -0.0031051409896463156 0.013838992454111576
v -8.124859596136957e-05 -0.003053106600418687 0.01410975493490696
v -0.00013114640023559332 -0.003252627095207572 0.013837267644703388
v -5.925242294324562e-05 -0.0032989121973514557 0.014106872491538525
v -9.344138379674405e-05 -0.003358441637828946 0.013790769502520561
v 3.5888438105757814e-06 -0.003475273959338665 0.014029381796717644
v 0.0004981675883755088 -0.0023135975934565067 0.012704991735517979
v 0.0023581760469824076 -0.00129984924569726 0.009590421803295612
v 0.00242664385586977 -0.0014329428086057305 0.009498213417828083
v 0.0018765170825645328 -0.0014781445497646928 0.009154967032372952
v 0.0015873026568442583 -0.0012405174784362316 0.009587205946445465
v 0.0018080491572618484 -0.0013450508704409003 0.00924717541784048
v 0.001701138447970152 -0.0012484262697398663 0.009405800141394138
v 0.0022512641735374928 -0.0012032247614115477 0.009749047458171844
v 0.0021374288480728865 -0.0011953162029385567 0.009930450469255447
v 0.002209303667768836 0.001274359063245356 0.01214118953794241
v 0.002762621035799384 0.0009478223510086536 0.011297379620373249
v 0.0024201697669923306 0.001336182584054768 0.011795088648796082
v 0.002631440758705139 0.0011896303622052073 0.011475779116153717
v 0.00320037011988461 -0.0013914172304794192 0.010903840884566307
v 0.003313892288133502 -0.0010677588870748878 0.010679273866117
v 0.0033201093319803476 -0.0006627554539591074 0.010615973733365536
v 0.00324619491584599 -0.00035290216328576207 0.010693633928894997
v 0.0038530672900378704 -0.00426448741927743 0.01023610308766365
v 0.0029531994368880987 -0.0016462604980915785 0.011333545669913292
v 0.0033245717640966177 -0.0015536068240180612 0.010726137086749077
v 0.003963025286793709 -0.002281034830957651 0.009798672050237656
v 0.0036957752890884876 -0.0018016082467511296 0.010163863189518452
v 0.0035143031273037195 -0.00452440744265914 0.010813274420797825
v 0.0031319044064730406 -0.004444411024451256 0.011415619403123856
v 0.0027934713289141655 -0.004042819608002901 0.011905145831406116
v 0.0025765378959476948 -0.0034116357564926147 0.012169711291790009
v 0.002530618803575635 -0.00305393198505044 0.012196199037134647
v 0.0025307973846793175 -0.002695453818887472 0.012148704379796982
v 0.0026667320635169744 -0.0020583446603268385 0.011846939101815224
v 0.0023355730809271336 -0.0038667472545057535 0.008733782917261124
v 0.0022467542439699173 -0.002476010238751769 0.008692990988492966
v 0.0022280102130025625 -0.002423591911792755 0.008716126903891563
v 0.0023820209316909313 -0.0031698537059128284 0.008567566983401775
v 0.0021959994919598103 0.003501051338389516 0.014701060019433498
v 0.002441882388666272 0.0036819332744926214 0.01428316067904234
v 0.0022547070402652025 0.0036108673084527254 0.014487640000879765
v 0.0023934843484312296 0.0036877808161079884 0.014255089685320854
v 0.002626079134643078 0.003703520866110921 0.01388023141771555
v 0.0027155447751283646 0.003686526557430625 0.013843949884176254
v 0.002668962348252535 0.003692406229674816 0.013812964782118797
v 0.0029839787166565657 0.0035142814740538597 0.013436407782137394
v 0.0029391786083579063 0.0035190184134989977 0.013402718119323254
v 0.0034451300743967295 0.0017244067275896668 0.012933019548654556
v 0.0034185422118753195 0.0022298358380794525 0.012804202735424042
v 0.003460182575508952 0.0022335979156196117 0.012841841205954552
v 0.0033380219247192144 0.0027407994493842125 0.012865965254604816
v 0.0033801926765590906 0.002741195261478424 0.01290319673717022
v 0.003283275291323662 0.002923679305240512 0.012929626740515232
v 0.0032148086465895176 0.003185970475897193 0.013109688647091389
v 0.003171541029587388 0.003188527887687087 0.01307382807135582
v 0.002997281961143017 0.0034555213060230017 0.01331795658916235
v 0.00333685171790421 0.0012750340392813087 0.013165738433599472
v 0.003372094826772809 0.0015329384477809072 0.01297041866928339
v 0.0034033895935863256 0.0017172638326883316 0.012895988300442696
v 0.0028158100321888924 0.0007327219936996698 0.013967367820441723
v 0.0028571831062436104 0.0007452507852576673 0.013899409212172031
v 0.0029025247786194086 0.00075880391523242 0.013929824344813824
v 0.0031046962831169367 0.0009273339528590441 0.013478734530508518
v 0.0031484069768339396 0.0009396834648214281 0.01351192407310009
v 0.0031545725651085377 0.0009926453931257129 0.013390196487307549
v 0.003294391557574272 0.0012649113778024912 0.013130249455571175
v 0.0025817048735916615 0.0007406252552755177 0.014341533184051514
v 0.0026288609951734543 0.0007542097009718418 0.014369034208357334
v 0.0024334099143743515 0.0008127217879518867 0.014569711871445179
v 0.002360427053645253 0.000926454842556268 0.014776576310396194
v 0.0023114881478250027 0.0009140148176811635 0.014751779846847057
v 0.002129597822204232 0.0012547641526907682 0.0151032954454422
v 0.0020791273564100266 0.0012445036554709077 0.015080668963491917
v 0.001964215189218521 0.00169954018201679 0.015309788286685944
v 0.0019126459956169128 0.0016922339564189315 0.015288530848920345
v 0.0021459704730659723 0.003505699336528778 0.014675762504339218
v 0.001956275664269924 0.0031681235413998365 0.015024245716631413
v 0.0020075549837201834 0.0031657007057219744 0.015047245658934116
v 0.0018472783267498016 0.0027157694566994905 0.015258507803082466
v 0.0018992758123204112 0.0027163296472281218 0.015279964543879032
v 0.0018323041731491685 0.0025616756174713373 0.01530279777944088
v 0.0018842252902686596 0.0022071374114602804 0.015371143817901611
v 0.0018321257084608078 0.0022031974513083696 0.01535029336810112
v 0.001878045266494155 0.001845495542511344 0.015323802828788757
v 0.0020144947338849306 0.002214566571637988 0.015340769663453102
v 0.0020285905338823795 0.0026913858018815517 0.015255387872457504
v 0.002129986183717847 0.00311219017021358 0.015037464909255505
v 0.0023064501583576202 0.003426220268011093 0.01471328642219305
v 0.0025367005728185177 0.0035956024657934904 0.014321953058242798
v 0.0027929649222642183 0.0035999056417495012 0.013910666108131409
v 0.0030443340074270964 0.003438610350713134 0.013529033400118351
v 0.0032604902517050505 0.003131172386929393 0.013223083689808846
v 0.0034153591841459274 0.0027146711945533752 0.013029718771576881
v 0.0034902626648545265 0.002239345107227564 0.012972263619303703
v 0.003476169193163514 0.00176252331584692 0.01305764727294445
v 0.0033747730776667595 0.0013417205773293972 0.01327557023614645
v 0.003198308404535055 0.001027691992931068 0.013599748723208904
v 0.002968056593090296 0.0008583091548644006 0.013991080224514008
v 0.002711792942136526 0.0008540042908862233 0.014402368105947971
v 0.0024604240898042917 0.001015299465507269 0.014784000813961029
v 0.002244268311187625 0.0013227398740127683 0.015089951455593109
v 0.002089399378746748 0.0017392411828041077 0.015283315442502499
v 0.003474834840744734 0.0017407301347702742 0.012992637231945992
v 0.0033692438155412674 0.0013025066582486033 0.013219581916928291
v 0.0031854736153036356 0.0009754772181622684 0.01355717796832323
v 0.002945692976936698 0.0007990842568688095 0.013964707963168621
v 0.0026788206305354834 0.0007946043624542654 0.014393020421266556
v 0.002417047508060932 0.0009625751990824938 0.014790451154112816
v 0.0021919445134699345 0.0012827400350943208 0.015109063126146793
v 0.00203066598623991 0.0017164810560643673 0.015310430899262428
v 0.001952660852111876 0.0022114822641015053 0.015370264649391174
v 0.001967337680980563 0.0027080397121608257 0.015281347557902336
v 0.0020729312673211098 0.003146260743960738 0.015054404735565186
v 0.0022567000705748796 0.003473289543762803 0.014716807752847672
v 0.00249648024328053 0.0036496841348707676 0.014309275895357132
v 0.002763353753834963 0.0036541647277772427 0.013880966231226921
v 0.003025127574801445 0.0034861923195421696 0.013483535498380661
v 0.00325022847391665 0.0031660282984375954 0.013164921663701534
v 0.0034115095622837543 0.0027322880923748016 0.012963552959263325
v 0.0034895145799964666 0.0022372868843376637 0.012903720140457153
v 0.002947514643892646 0.005099995527416468 -0.001369183068163693
v 0.002343236468732357 0.00509999506175518 -0.0022520532365888357
v 6.986240623518825e-05 0.005099994596093893 0.0032492508180439472
v 0.0011211058590561152 0.005099995993077755 0.0030505135655403137
v 0.002050860086455941 0.005099996458739042 0.0025212073232978582
v 0.002758373273536563 0.00509999506175518 0.001718688989058137
v 0.0031669738236814737 0.005099996458739042 0.0007299224962480366
v 0.003232383169233799 0.005099995527416468 -0.00033794029150158167
v -0.002437864663079381 0.005099995993077755 -0.0021492561791092157
v -0.0026819512713700533 0.005099995527416468 0.0018356568180024624
v -0.0019405996426939964 0.005099995993077755 0.002607025671750307
v -0.0009889529319480062 0.005099994596093893 0.003095881547778845
v 0.0014850328443571925 0.005099995993077755 -0.0028908774256706238
v 0.000465901946881786 0.005099996458739042 -0.0032164298463612795
v -0.0006037154817022383 0.00509999506175518 -0.003193432465195656
v -0.0016079104971140623 0.005099995993077755 -0.002824377967044711
v -0.0027583707123994827 0.005099995527416468 -0.0017186845652759075
v -0.00300363777205348 0.005099995993077755 -0.0012412294745445251
v -0.0032439189963042736 0.00509999506175518 -0.0001986963616218418
v -0.003132672281935811 0.005099995993077755 0.0008653676486574113
v -0.00861793290823698 -0.009523424319922924 0.010748390108346939
v -0.010599237866699696 -0.009758365340530872 0.0104514854028821
v -0.009176122024655342 -0.009621025994420052 0.011655867099761963
v -0.010741868987679482 -0.009749675169587135 0.010678937658667564
v -0.00974129419773817 -0.00936824269592762 0.012528388760983944
v -0.01130703929811716 -0.009496894665062428 0.01155146025121212
v -0.010252201929688454 -0.008792473003268242 0.013271407224237919
v -0.01181794423609972 -0.008921125903725624 0.012294475920498371
v -0.010653479024767876 -0.007956110872328281 0.013804404065012932
v -0.012219222262501717 -0.008084763772785664 0.012827472761273384
v -0.01090164203196764 -0.00694979028776288 0.014069618657231331
v -0.012467388063669205 -0.007078439462929964 0.013092690147459507
v -0.010959162376821041 -0.0064165666699409485 0.014091587625443935
v -0.012524905614554882 -0.006545219104737043 0.013114656321704388
v -0.010969801805913448 -0.005882557015866041 0.014038316905498505
v -0.012535547837615013 -0.006011209916323423 0.01306138839572668
v -0.010850569233298302 -0.004870067350566387 0.01371388603001833
v -0.012416313402354717 -0.004998716060072184 0.012736954726278782
v -0.01055686455219984 -0.0040220338851213455 0.013131482526659966
v -0.012122610583901405 -0.00415068631991744 0.012154554016888142
v -0.010120516642928123 -0.003430362557992339 0.012354223988950253
v -0.011686262674629688 -0.0035590133629739285 0.011377294547855854
v -0.009588810615241528 -0.003159163985401392 0.011466333642601967
v -0.011154553852975368 -0.0032878145575523376 0.010489401407539845
v -0.011013341136276722 -0.0032743578776717186 0.010261302813887596
v -0.009019363671541214 -0.003237827681005001 0.010564028285443783
v -0.010585106909275055 -0.0033664784859865904 0.009587096981704235
v -0.008473886176943779 -0.003657831344753504 0.009745089337229729
v -0.010039628483355045 -0.0037864819169044495 0.008768158033490181
v -0.008011487312614918 -0.004373657982796431 0.009098260663449764
v -0.009577230550348759 -0.0045023104175925255 0.008121329359710217
v -0.007682275492697954 -0.0053077396005392075 0.008693634532392025
v -0.009248018264770508 -0.005436392035335302 0.007716703228652477
v -0.007521926891058683 -0.006358853075653315 0.008575060404837132
v -0.009087669663131237 -0.0064875055104494095 0.007598129101097584
v -0.007547816261649132 -0.00741309579461813 0.008755387738347054
v -0.009113560430705547 -0.007541744504123926 0.007778455503284931
v -0.007757139857858419 -0.008356218226253986 0.009215072728693485
v -0.009322884492576122 -0.008484871126711369 0.008238144218921661
v -0.008127213455736637 -0.009086024947464466 0.009904305450618267
v -0.009692956693470478 -0.009214676916599274 0.00892737414687872
v -0.01018367800861597 -0.009652077220380306 0.009771461598575115
v 0.0023603662848472595 0.00314999558031559 0.002913964679464698
v 0.0022344784811139107 0.0029499961528927088 0.0027585532516241074
v 0.0025415546260774136 0.0029499949887394905 0.002478510607033968
v 0.002684739651158452 0.003149996045976877 0.002618144964799285
v 0.0031954802107065916 0.002949995920062065 0.0015464200405403972
v 0.003375507891178131 0.003149994881823659 0.0016335431719198823
v 0.0035206906031817198 0.0029499949887394905 0.00045524947927333415
v 0.0037190387956798077 0.003149996045976877 0.0004808971134480089
v 0.0034837278071790934 0.002949995221570134 -0.0006827515899203718
v 0.003679993562400341 0.003149994881823659 -0.0007212160853669047
v 0.0030883958097547293 0.002949995920062065 -0.001750518218614161
v 0.003262389451265335 0.003149996278807521 -0.0018491392256692052
v 0.0023753619752824306 0.002949994523078203 -0.002638209145516157
v 0.0025091851130127907 0.003149994881823659 -0.0027868410106748343
v 0.0014179768040776253 0.002949995920062065 -0.003254509763792157
v 0.0014978627441450953 0.00314999558031559 -0.0034378624986857176
v 0.00031472500995732844 0.002949995920062065 -0.003536020405590534
v 0.0003324550634715706 0.0031499953474849463 -0.003735231701284647
v -0.0008209024090319872 0.002949995454400778 -0.0034537813626229763
v -0.0008671514224261045 0.003149996045976877 -0.003648360027000308
v -0.0018720849184319377 0.002949995920062065 -0.0030162532348185778
v -0.001977553591132164 0.003149994881823659 -0.003186183050274849
v -0.002730685519054532 0.002949994755908847 -0.002268444048240781
v -0.002884526504203677 0.00314999558031559 -0.002396245487034321
v -0.0033083821181207895 0.0029499949887394905 -0.0012872819788753986
v -0.0034947700332850218 0.003149996045976877 -0.0013598061632364988
v -0.003545747371390462 0.0029499949887394905 -0.00017369726265314966
v -0.0037455069832503796 0.0031499951146543026 -0.00018348393496125937
v -0.0035417487379163504 0.0029499949887394905 0.0002418770600343123
v -0.003741284366697073 0.0031499953474849463 0.00025550389545969665
v 0.0018228222616016865 0.0031499953474849463 0.003845889586955309
v 0.001625263481400907 0.002949995920062065 0.0038147352170199156
v 0.002005168702453375 0.0031499953474849463 0.0033300770446658134
v 0.0018319236114621162 0.0029499949887394905 0.003230147063732147
v 0.001422699773684144 0.0031499951146543026 0.006383151281625032
v 0.0014283225173130631 0.003139941953122616 0.00628334004431963
v 0.001418998115696013 0.0031188291031867266 0.006206735968589783
v 0.0012874507810920477 0.0029499949887394905 0.00595687935128808
v 0.0013341606827452779 0.0030047339387238026 0.00601254403591156
v 0.001385848387144506 0.003069821745157242 0.006102509330958128
v -0.0008344953530468047 0.0029499961528927088 -0.0014234146801754832
v -7.74133441154845e-05 0.002949994755908847 -0.001648181234486401
v 0.0006974030402489007 0.0029499949887394905 -0.0014953677309677005
v 0.0013124530669301748 0.0029499956872314215 -0.0009999839821830392
v 0.0016268357867375016 0.002949995221570134 -0.0002755146415438503
v 0.001568530104123056 0.002949994755908847 0.0005120726418681443
v 0.0014004054246470332 0.002949995221570134 0.0008725665393285453
v 0.0011508945608511567 0.002949995454400778 0.0011823491659015417
v 0.00046960203326307237 0.002949994755908847 0.0015817658277228475
v -0.00031926948577165604 0.0029499956872314215 0.0016188177978619933
v -0.0010349999647587538 0.0029499956872314215 0.0012850196799263358
v -0.0015136254951357841 0.0029499963857233524 0.0006568394019268453
v -0.0016454958822578192 0.0029499961528927088 -0.00012181432248326018
v -0.0014004032127559185 0.0029499961528927088 -0.0008725621737539768
v -0.00673392741009593 -0.0031500051263719797 0.0035479224752634764
v -0.006733926944434643 -0.0017848359420895576 0.0035479215439409018
v -0.006590386386960745 -0.001784835709258914 0.0034649374429136515
v -0.0065903873182833195 -0.003150003729388118 0.003464928362518549
v -0.006427822634577751 -0.0017848354764282703 0.003432942321524024
v -0.006427823565900326 -0.0031500039622187614 0.003432923462241888
v -0.006263800896704197 -0.0017848366405814886 0.003456349251791835
v -0.006263802293688059 -0.003150004893541336 0.0034563399385660887
v -0.006116098258644342 -0.0017848358256742358 0.0035316753201186657
v -0.006116097327321768 -0.0031500051263719797 0.003531674388796091
v -0.006816724315285683 0.002664008876308799 0.0036166119389235973
v -0.006733927875757217 0.002777981339022517 0.0035479222424328327
v -0.007310498505830765 -0.003150003729388118 0.0040262555703520775
v -0.007977854460477829 -0.005550005007535219 0.004641861654818058
v -0.007977854460477829 -0.003500005230307579 0.004641861654818058
v -0.0033366421703249216 -0.0035000040661543608 -0.0008771023130975664
v -0.004782701376825571 -0.0035000040661543608 0.004623958375304937
v -0.005554382689297199 -0.0035000036004930735 0.006969922222197056
v -0.005554381757974625 -0.004150003660470247 0.0069699217565357685
v 0.002037138445302844 -0.0025099816266447306 0.008749364875257015
v 0.0016856453148648143 -0.00156453438103199 0.009188205935060978
v 0.0004998229560442269 -0.004494659602642059 0.008066672831773758
v 0.00032957366784103215 -0.004392706323415041 0.008077049627900124
v 0.0018707960844039917 -0.004353760741651058 0.00888003408908844
v 0.0014227000065147877 -0.0031500058248639107 0.006383151281625032
v 0.0014195058029145002 -0.003150004893541336 0.006209291983395815
v 0.0011786225950345397 0.002949995454400778 0.005872149020433426
v 0.001335632405243814 -0.0031500044278800488 0.006014592945575714
v 0.0011786229442805052 -0.0031500039622187614 0.005872148554772139
v 0.0010151818860322237 -0.003150002798065543 0.0058127823285758495
v 0.0010151822352781892 0.0029499949887394905 0.005812783259898424
v 0.002128061605617404 -0.0037946400698274374 0.008501105010509491
v 0.0021029184572398663 -0.0036763567477464676 0.008418801240622997
v 0.0020337370224297047 -0.0025058072060346603 0.008375631645321846
v 0.0020988897886127234 -0.0024924753233790398 0.008648094721138477
v 0.0017543716821819544 0.00046797460527159274 0.00815434567630291
v 0.0019623965490609407 -0.001268938067369163 0.008328245021402836
v 0.001631283899769187 -0.0031500060576945543 0.008007739670574665
v 0.0020336888264864683 -0.0031500046607106924 0.008375606499612331
v 0.001594275701791048 0.00176290946546942 0.007958178408443928
v 0.0013626092113554478 -0.003150003496557474 0.007424651645123959
v 0.001465342123992741 0.0028245453722774982 0.007729180157184601
v 0.0013460281770676374 0.004872568417340517 0.0068693398497998714
v 0.001329802325926721 0.004655259195715189 0.007017191965132952
v 0.0013460281770676374 -0.003150005592033267 0.006869343109428883
v 0.0013349917717278004 0.004210555460304022 0.007255504839122295
v 0.0013807633658871055 0.003601183881983161 0.007499913685023785
v 0.0009120042668655515 -0.003792562521994114 0.007716771215200424
v 0.0007438967004418373 -0.0038630308117717505 0.00771449226886034
v 0.0006788690807297826 -0.003902852302417159 0.007729174103587866
v 0.0005679899477399886 -0.003994880244135857 0.007777363993227482
v 0.00022511649876832962 -0.0036062016151845455 0.008389249444007874
v 0.00012547812366392463 -0.0038218109402805567 0.008577337488532066
v -2.427918661851436e-05 -0.0039026301819831133 0.008828000165522099
v -0.0002486126613803208 -0.0028157448396086693 0.009044411592185497
v -9.885470353765413e-05 -0.0027349251322448254 0.00879374984651804
v -0.00034825122565962374 -0.0030313506722450256 0.009232496842741966
v 6.089440284995362e-05 -0.002810549456626177 0.008547675795853138
v 0.00018782983534038067 -0.003022352233529091 0.008372126147150993
v 0.00024793785996735096 -0.0033135791309177876 0.008314138278365135
v -0.00037107375101186335 -0.0033239731565117836 0.009307609871029854
v -0.0003109632234554738 -0.003615203546360135 0.009249621070921421
v -0.00018402778368908912 -0.0038270060904324055 0.009074072353541851
v -0.0019287083996459842 -0.005817741621285677 0.009089851751923561
v -0.0020671302918344736 -0.005674926098436117 0.009017455391585827
v -0.0018979113083332777 -0.005804930813610554 0.009063993580639362
v -0.0020299104508012533 -0.005655419547110796 0.008979148231446743
v 0.0008048281888477504 -0.005582856945693493 0.010750340297818184
v -0.000849375210236758 -0.005719067063182592 0.010063729248940945
v 0.0007012754795141518 -0.0056108105927705765 0.010919987224042416
v -0.00047632676432840526 -0.00563407875597477 0.010439139790832996
v 0.000573597673792392 -0.0055366400629282 0.011114850640296936
v -0.0014107890892773867 -0.005783486180007458 0.00961117260158062
v -0.002017389517277479 -0.005834460724145174 0.009220663458108902
v -0.002009446732699871 -0.005835498683154583 0.009201466105878353
v 0.0004287897900212556 -0.005171032622456551 0.011298791505396366
v -0.00027697847690433264 -0.00522902375087142 0.010858433321118355
v -0.00022204163542483002 -0.005312864203006029 0.010871196165680885
v 0.0004733296518679708 -0.005361173767596483 0.011252445168793201
v -0.00020766342640854418 -0.005373508669435978 0.010853223502635956
v -0.00021872595243621618 -0.005442370194941759 0.010803614743053913
v -0.00029751655529253185 -0.005542809143662453 0.010665681213140488
v -0.00618557957932353 -0.004150005988776684 0.007288651540875435
v -0.006011530291289091 -0.004150004126131535 0.007313369773328304
v -0.005803970154374838 -0.0041500055231153965 0.007260012906044722
v -0.005637815222144127 -0.00415000319480896 0.007124658674001694
v -0.0061855800449848175 -0.0035000056959688663 0.0072886524721980095
v -0.006011530756950378 -0.003500003833323717 0.007313370238989592
v -0.005803969688713551 -0.003500005230307579 0.007260011974722147
v -0.00563781475648284 -0.0035000029020011425 0.007124657742679119
v -0.007230501156300306 -0.005550003610551357 0.006944934371858835
v -0.007230500224977732 -0.003500005230307579 0.00694493530318141
v -0.0077027082443237305 -0.0035000047646462917 0.006688241846859455
v -0.00803489238023758 -0.0035000049974769354 0.004726804792881012
v -0.00633488642051816 -0.005550005938857794 0.0069580101408064365
v -0.0070520429871976376 -0.0055500054731965065 0.0069916946813464165
v -0.005715530831366777 -0.005550005007535219 0.006594904698431492
v -0.0054887025617063046 -0.005550004541873932 0.006313282530754805
v -0.005335860885679722 -0.005550005938857794 0.0059855617582798
v -0.005282856989651918 -0.005550005007535219 0.005269573535770178
v -0.005568660330027342 -0.005550003610551357 0.004610965959727764
v -0.006127797067165375 -0.00555000314489007 0.004160616081207991
v -0.0068321749567985535 -0.005550004076212645 0.00402169581502676
v -0.007520429790019989 -0.005550005938857794 0.004226028453558683
v -0.008257703855633736 -0.0035000040661543608 0.005409300792962313
v -0.008137821219861507 -0.0035000042989850044 0.006117168348282576
v -0.005099506117403507 -0.00555000314489007 0.007645904552191496
v -0.005390024743974209 -0.00555000314489007 0.007475762162357569
v -0.00561121292412281 -0.005550003610551357 0.007130585145205259
v -0.005632372573018074 -0.005550004076212645 0.006721165031194687
v -0.00366192776709795 -0.005550005007535219 0.008118780329823494
v -0.0033291461877524853 -0.005550005938857794 0.008154541254043579
v -0.0026870693545788527 -0.00555000314489007 0.007697279565036297
v -0.002947881817817688 -0.005550003610551357 0.008010479621589184
v 0.00036370608722791076 -0.006990004330873489 0.007860376499593258
v 0.00032892238232307136 -0.006990004330873489 0.007955837063491344
v 0.00031975170713849366 -0.0070453849621117115 0.007952138781547546
v 0.00021086445485707372 -0.0069900029338896275 0.00818809773772955
v 4.580626773531549e-05 -0.007045384496450424 0.008391196839511395
v 0.00043689156882464886 -0.006990003399550915 0.007446203846484423
v 0.0004270083154551685 -0.0070453817024827 0.007445865776389837
v 0.00041671041981317103 -0.006990003399550915 0.007144388742744923
v 0.00035464190295897424 -0.007045384496450424 0.006933441385626793
v 0.00036404476850293577 -0.006990003399550915 0.006930378265678883
v 0.00011137992987642065 -0.007045382633805275 0.006476669106632471
v 0.00011916878429474309 -0.006990003399550915 0.006470575463026762
v -0.00027343546389602125 -0.007045384496450424 0.006130644585937262
v -0.0002682010817807168 -0.006990005727857351 0.006122255232185125
v -0.0018208614783361554 -0.006990003865212202 0.006100842263549566
v -0.0017673225374892354 -0.006990004796534777 0.006070908159017563
v -0.0017626734916120768 -0.007045384496450424 0.006079637445509434
v -0.0012719822116196156 -0.006990005262196064 0.005909596104174852
v -0.0012705996632575989 -0.007045383099466562 0.0059193880297243595
v -0.0011326051317155361 -0.006990005727857351 0.005896511022001505
v -0.0007533940370194614 -0.0070453817024827 0.005937103182077408
v -0.0007513431482948363 -0.006990005262196064 0.005927428603172302
v -0.0004282272420823574 -0.006990004796534777 0.006035430356860161
v -0.002177618443965912 -0.006990003865212202 0.006391908973455429
v -0.002170264720916748 -0.007045382168143988 0.006398520898073912
v -0.0023353237193077803 -0.006990005262196064 0.006601618602871895
v -0.002444209298118949 -0.007045382168143988 0.006837577559053898
v -0.0024533814284950495 -0.006990003865212202 0.006833879742771387
v -0.0025581354275345802 -0.006990003865212202 0.007284116465598345
v -0.002551465295255184 -0.0070453849621117115 0.007343851029872894
v -0.0025613505858927965 -0.006990004796534777 0.007343512959778309
v -0.002479100599884987 -0.007045382633805275 0.007856275886297226
v -0.0024885032325983047 -0.006990004330873489 0.007859339006245136
v -0.0008538578986190259 -0.007045384030789137 0.008870327845215797
v -0.0013731145299971104 -0.006990006193518639 0.008862288668751717
v -0.0013710659695789218 -0.007045382168143988 0.008852613158524036
v -0.0018562566256150603 -0.006990005727857351 0.00866746250540018
v -0.0018510220106691122 -0.007045382633805275 0.008659071289002895
v -0.0020031393505632877 -0.006990004796534777 0.008563055656850338
v -0.0022358375135809183 -0.007045384496450424 0.00831304769963026
v -0.002243627095595002 -0.006990004330873489 0.00831914134323597
v -0.0024382523261010647 -0.006990005727857351 0.007991984486579895
v -0.0003617840411607176 -0.007045382633805275 0.00871007889509201
v -0.0006353193894028664 -0.006990004330873489 0.008832825347781181
v -0.000852475524879992 -0.006990006193518639 0.00888012070208788
v 5.3160005336394534e-05 -0.006990003865212202 0.008397807367146015
v -1.5963532860041596e-05 -0.006990003865212202 0.008469720371067524
v -0.00035713642137125134 -0.006990003399550915 0.008718808181583881
v -0.00180087483022362 -0.007140116300433874 0.008578700944781303
v -0.00135143066290766 -0.0071401153691112995 0.008759938180446625
v -0.0008671048562973738 -0.0071401167660951614 0.00877652782946825
v -0.00040631438605487347 -0.007140114437788725 0.008626465685665607
v -2.4635413865325972e-05 -0.007140116300433874 0.008327854797244072
v 0.00023189253988675773 -0.007140113972127438 0.007916710339486599
v 0.00033233212889172137 -0.007140115834772587 0.007442624308168888
v 0.00026456560590304434 -0.007140114903450012 0.006962775252759457
v 3.676908454508521e-05 -0.007140114903450012 0.006535042077302933
v -0.0003235826443415135 -0.007140115834772587 0.006211015395820141
v -0.000773026782553643 -0.007140116300433874 0.006029778625816107
v -0.0012573531130328774 -0.007140114903450012 0.006013190373778343
v -0.0017181438161060214 -0.00714011350646615 0.0061632501892745495
v -0.0020998220425099134 -0.007140115834772587 0.00646186200901866
v -0.0023563506547361612 -0.007140114437788725 0.006873006001114845
v -0.002456790069118142 -0.007140115834772587 0.007347094360738993
v -0.002389025641605258 -0.007140113972127438 0.007826942019164562
v -0.0021612278651446104 -0.007140113972127438 0.008254674263298512
v -0.0007610556203871965 -0.007103141862899065 0.005973274819552898
v -0.0012654286110773683 -0.007103142328560352 0.005955998320132494
v -0.0017452940810471773 -0.007103140465915203 0.006112270522862673
v -0.0021427711471915245 -0.007103141397237778 0.0064232428558170795
v -0.0024099177680909634 -0.00710314279422164 0.006851405370980501
v -0.002514514373615384 -0.007103141862899065 0.007345116697251797
v -0.0024439438711851835 -0.00710314093157649 0.007844827137887478
v -0.002206717152148485 -0.007103142328560352 0.008290264755487442
v -0.001831450150348246 -0.007103140000253916 0.008627702482044697
v -0.0013634024653583765 -0.007103141862899065 0.00881644245237112
v -0.0008590283105149865 -0.007103141397237778 0.008833717554807663
v -0.000379164150217548 -0.007103140000253916 0.008677445352077484
v 1.8313035980099812e-05 -0.007103142328560352 0.008366474881768227
v 0.0002854597696568817 -0.00710314093157649 0.007938312366604805
v 0.0003900562587659806 -0.007103141862899065 0.007444600574672222
v 0.00031948581454344094 -0.00710314279422164 0.006944890134036541
v 8.226018690038472e-05 -0.007103141397237778 0.0064994520507752895
v -0.00029300880851224065 -0.007103140465915203 0.006162011995911598
v 0.0002893575874622911 -0.005550004076212645 0.008045404218137264
v 0.0003637052432168275 -0.005550004076212645 0.007860375568270683
v 0.00041671155486255884 -0.005550005938857794 0.00714438920840621
v 0.00013090750144328922 -0.005550004541873932 0.006485781166702509
v -0.00042822794057428837 -0.005550003610551357 0.00603543221950531
v -0.001132605830207467 -0.005550004541873932 0.005896512418985367
v -0.0018208607798442245 -0.005550006404519081 0.006100844591856003
v -0.0023353230208158493 -0.005550003610551357 0.006601619068533182
v -0.0025581337977200747 -0.005550005938857794 0.007284117396920919
v -0.00243825139477849 -0.005550005007535219 0.007991982623934746
v -0.0020031395833939314 -0.005550004076212645 0.008563055656850338
v -0.0015309335431084037 -0.005550005007535219 0.00881974957883358
v -0.0014318929752334952 -0.003350004320964217 0.006701776757836342
v -0.0012399142142385244 -0.003350003156810999 0.0066297161392867565
v -0.0010358261642977595 -0.00335000385530293 0.006609800271689892
v -0.0008335390011779964 -0.00335000385530293 0.006643384229391813
v -0.0006468354258686304 -0.003350003156810999 0.006728179752826691
v -0.0004884407971985638 -0.003350005252286792 0.00685840891674161
v -0.00036914885276928544 -0.003350005252286792 0.00702519528567791
v -0.00027717332704924047 -0.003350005717948079 0.007421260699629784
v -0.00039555312832817435 -0.003350004320964217 0.007810250390321016
v -0.000692567031364888 -0.003350004553794861 0.008087937720119953
v -0.0010886313393712044 -0.0033500040881335735 0.008179913274943829
v -0.0014776214957237244 -0.003350004320964217 0.008061534725129604
v -0.0017553077777847648 -0.003350005717948079 0.007764521986246109
v -0.001827367814257741 -0.003350005019456148 0.00757254334166646
v -0.0018472850788384676 -0.0033500059507787228 0.0073684570379555225
v -0.0018137034494429827 -0.0033500036224722862 0.007166168186813593
v -0.0017289068782702088 -0.003350004553794861 0.006979464087635279
v -0.000964602455496788 -0.0033500036224722862 0.008264395408332348
v -0.0006504470948129892 -0.0033500054851174355 0.008166908286511898
v -0.0003307053993921727 -0.003349592909216881 0.007895986549556255
v -0.0003195905010215938 -0.0033500036224722862 0.007857581600546837
v -0.00018772298062685877 -0.003350005717948079 0.007424269337207079
v -0.00029017924680374563 -0.003350005252286792 0.006983076222240925
v -0.000599504797719419 -0.003350005717948079 0.00665221968665719
v -0.001032819040119648 -0.00335000385530293 0.00652035279199481
v -0.0014740107581019402 -0.003350005717948079 0.0066228099167346954
v -0.0018048675265163183 -0.0033500040881335735 0.006932134740054607
v -0.0019367337226867676 -0.0033500054851174355 0.00736544793471694
v -0.001834277412854135 -0.0033500059507787228 0.007806641049683094
v -0.0015249518910422921 -0.003350005252286792 0.008137497119605541
v -0.0010916400933638215 -0.0033500040881335735 0.008269364945590496
v -0.0028659433592110872 -0.004150005988776684 0.008226445876061916
v -0.002730590058490634 -0.004150003660470247 0.00839260034263134
v -0.0025758545380085707 -0.004150002729147673 0.008476032875478268
v -0.002919302089139819 -0.0041500055231153965 0.008018884807825089
v -0.0028945831581950188 -0.00415000319480896 0.0078448336571455
v -0.001516082906164229 -0.00415000319480896 0.0036540920846164227
v -0.0014361966168507934 -0.004150003660470247 0.0035038734786212444
v -0.002894583623856306 -0.0035000029020011425 0.007844834588468075
v -0.001516082789748907 -0.003500003134831786 0.0036540906876325607
v -0.0014361970825120807 -0.00350000336766243 0.0035038741771131754
v -0.0012778154341503978 -0.0035000040661543608 0.0033699001651257277
v -0.001078688888810575 -0.0035000049974769354 0.003311739768832922
v -0.0009093305561691523 -0.0035000047646462917 0.003328006248921156
v -0.00036650255788117647 -0.003500005230307579 0.003430478274822235
v -0.003263927297666669 -0.003500004531815648 -0.0011177057167515159
v -0.0027453156653791666 -0.0035000047646462917 -0.0020894326735287905
v -0.0019468744285404682 -0.003500003833323717 -0.002848186995834112
v -0.0009499901789240539 -0.0035000047646462917 -0.003316624788567424
v 0.0001437264436390251 -0.0035000047646462917 -0.0034470027312636375
v 0.0012227928964421153 -0.0035000040661543608 -0.003226029220968485
v 0.002177221467718482 -0.00350000336766243 -0.0026762294583022594
v 0.0029097264632582664 -0.0035000036004930735 -0.0018536410061642528
v 0.003345646895468235 -0.0035000049974769354 -0.0008421135134994984
v 0.003440546803176403 -0.003500005230307579 0.00025525002274662256
v 0.003184753470122814 -0.0035000042989850044 0.0013265967136248946
v 0.002604340435937047 -0.0035000040661543608 0.00226272433064878
v 0.0017584689194336534 -0.00350000592879951 0.002968215849250555
v 0.0007333584944717586 -0.003500004531815648 0.0033711562864482403
v 0.00028935802401974797 -0.00350000592879951 0.008045404218137264
v -0.0029185141902416945 -0.003350004553794861 -0.002107667038217187
v -0.0028646765276789665 -0.003350004553794861 -0.00218027806840837
v 0.0035901344381272793 -0.003350003156810999 0.0002663481864146888
v 0.0034388345666229725 -0.003350005252286792 0.0010650980984792113
v 0.0033232197165489197 -0.00335000385530293 0.0013842752669006586
v 0.003243810497224331 -0.003350003156810999 0.001561313634738326
v 0.0034911080729216337 -0.0033500029239803553 -0.0008787271799519658
v 0.003599973861128092 -0.003350002458319068 1.397783216816606e-05
v 0.0003318521485198289 -0.0033500036224722862 -0.003584670601412654
v 0.001275958027690649 -0.0033500036224722862 -0.0033662919886410236
v 0.002271883189678192 -0.0033500026911497116 -0.0027925879694521427
v 0.003036236623302102 -0.00335000385530293 -0.0019342349842190742
v 0.0034470001701265574 -0.003350004553794861 -0.0010383600601926446
v -0.001727935392409563 -0.0033500040881335735 -0.0031581996008753777
v -0.0009912936948239803 -0.0033500047866255045 -0.0034608268178999424
v -0.0007298851851373911 -0.00335000385530293 -0.0035252308007329702
v 0.00014997499238234013 -0.0033500033896416426 -0.0035968725569546223
v -0.002575216582044959 -0.003350005019456148 -0.0025155998300760984
v -0.0020315214060246944 -0.003350004553794861 -0.0029720203019678593
v 0.0003958969027735293 -0.003150003030896187 0.005704163108021021
v 0.00039589841617271304 0.0029499949887394905 0.005704162642359734
v 0.0006319114472717047 0.0014534733491018414 0.014645719900727272
v 0.0008762360084801912 0.0011141726281493902 0.014298818074166775
v 0.0006593012949451804 0.0017453557811677456 0.014563382603228092
v 0.0007494973251596093 0.0030986459460109472 0.014240611344575882
v 0.0007562254904769361 0.003115077968686819 0.014227664098143578
v -1.7326727174804546e-05 0.0012574680149555206 0.015712078660726547
v 0.0020645337644964457 0.002823540475219488 0.012169205583631992
v 0.0020457899663597345 0.002875956706702709 0.01219234149903059
v 0.0001326698693446815 0.001489742542617023 0.015441087074577808
v 0.00037777735269628465 0.0015885091852396727 0.015035241842269897
v 0.0006135639268904924 0.0024615370202809572 0.014542375691235065
v 0.0021998006850481033 0.0021296970080584288 0.012043781578540802
v 0.0021533528342843056 0.001432801247574389 0.01220999751240015
v 0.0006133830174803734 0.002103058621287346 0.014589873142540455
v 0.0012146683875471354 0.0007125829579308629 0.01380929071456194
v 0.0015970685053616762 0.0006325831636786461 0.013206946663558483
v 0.0019358311546966434 0.0008925065631046891 0.012629775330424309
v 0.0007101050578057766 0.00029106836882419884 0.01729108765721321
v 0.00020655992557294667 -0.0018763962434604764 0.01930803433060646
v 0.0005035334615968168 -0.0007705690222792327 0.018307605758309364
v -0.001904867123812437 -0.009517878293991089 0.016274211928248405
v -0.003587875049561262 -0.0032929382286965847 0.018151845782995224
v -0.003725796937942505 -0.003679274581372738 0.018423771485686302
v -0.003923313692212105 -0.004680092446506023 0.018872132524847984
v -0.0039476435631513596 -0.005778884049504995 0.01905582658946514
v -0.00379664683714509 -0.006878623738884926 0.018958643078804016
v -0.0034836498089134693 -0.007882212288677692 0.018589159473776817
v -0.003036291105672717 -0.008701033890247345 0.017979998141527176
v -0.0024940709117799997 -0.009262790903449059 0.017184948548674583
v -0.0013207017909735441 -0.009443779475986958 0.015328201465308666
v -0.0007931585423648357 -0.009047027677297592 0.014430447481572628
v 0.0020571781788021326 -0.0039753238670527935 0.008910217322409153
v 0.001962971407920122 -0.004187020473182201 0.009089082479476929
v 0.0009274607873521745 -0.00538099929690361 0.010905951261520386
v 0.001372575992718339 -0.00506405346095562 0.00977207999676466
v 0.0014789861161261797 -0.004877018742263317 0.009955641813576221
v 0.0008653287077322602 -0.005397772416472435 0.01100773923099041
v 0.000788722129072994 -0.00535326823592186 0.011124656535685062
v 0.0007285609608516097 -0.005247988272458315 0.011207214556634426
v 0.0007018372998572886 -0.00513390451669693 0.011235021986067295
v 0.0006621291395276785 -0.0048286509700119495 0.011258464306592941
v 0.00037653560866601765 -0.0047777434810996056 0.011330749839544296
v 0.001424659974873066 -0.0014409448485821486 0.009590216912329197
v 0.001562879653647542 -0.0014037310611456633 0.009363788180053234
v 0.001517461147159338 -0.0013926313258707523 0.009435120970010757
v 0.0014831962762400508 -0.0013981957454234362 0.00949077121913433
v 0.0016377164283767343 -0.0014713670825585723 0.009252751246094704
v -0.0007482959772460163 -0.00863008014857769 0.014019588008522987
v 0.0019645849242806435 -0.004254849161952734 0.00909542664885521
v 0.0021339452359825373 -0.003808822715654969 0.008765255101025105
v 0.002054007491096854 -0.0025571591686457396 0.008728543296456337
v -0.00045528399641625583 -0.003674939041957259 0.012897432781755924
v -0.0004384575004223734 -0.0036453595384955406 0.013150621205568314
v 0.00011166873446200043 -0.0036001582629978657 0.01349386665970087
v 7.793475379003212e-05 -0.0037285180296748877 0.013564839027822018
v -0.0004790795792359859 -0.0038281986489892006 0.013239805586636066
v 0.00013078268966637552 -0.003814839292317629 0.013631029054522514
v -0.00047450108104385436 -0.0040346430614590645 0.013259654864668846
v 0.00022127975535113364 -0.003987222444266081 0.013692068867385387
v -0.00043743636342696846 -0.00419625686481595 0.013221532106399536
v 0.000281960004940629 -0.004137147683650255 0.013670391403138638
v 0.0008924159919843078 -0.0027540295850485563 0.014592915773391724
v 0.0008497362141497433 -0.0029766112565994263 0.014690631069242954
v 0.0008717307355254889 -0.0032224166207015514 0.014687751419842243
v 0.0009345706785097718 -0.0033987793140113354 0.014610258862376213
v 0.0007399112218990922 -0.0019209226593375206 0.012644571252167225
v 2.2647434889222495e-05 -0.0003446631890255958 0.01358656957745552
v 0.00017730772378854454 -0.00024722397211007774 0.013325861655175686
v 0.0004390935064293444 -0.00029442718368954957 0.012912506237626076
v 0.0006710737361572683 -0.0005684858188033104 0.012576799839735031
v 0.0008171946392394602 -0.0010031827259808779 0.012399854138493538
v 0.000842149427626282 -0.0014934833161532879 0.012424422428011894
v 0.00011963395809289068 -0.00020996105740778148 0.013327762484550476
v 0.0001483053929405287 -9.695676271803677e-05 0.013066880404949188
v 0.00014333099534269422 -5.6860018958104774e-05 0.012976511381566525
v 0.0002944958978332579 -0.00012055673869326711 0.012742619961500168
v 0.000572871882468462 -0.00044942914973944426 0.01233977172523737
v 0.0007482159999199212 -0.0009710624581202865 0.012127436697483063
v 0.0007781643071211874 -0.0015594265423715115 0.012156921438872814
v 0.0006554776336997747 -0.002072351286187768 0.012421097606420517
v 0.0010295883985236287 -0.0035940457601100206 0.014483687467873096
v 0.0013571458403021097 -0.0045679714530706406 0.014086962677538395
v 0.0015146101359277964 -0.005652599968016148 0.01397742424160242
v 3.2252795790554956e-05 -0.0021044753957539797 0.015885978937149048
v 0.00017547555034980178 -0.0025387427303940058 0.01571362093091011
v 0.0009005243773572147 -0.008476346731185913 0.015333486720919609
v 0.0004034629964735359 -0.008953288197517395 0.01619294472038746
v 0.0004045865498483181 -0.002816189778968692 0.015382954850792885
v 0.0006648731068708003 -0.0028705585282295942 0.014972950331866741
v 0.00024204298097174615 -0.000993418274447322 0.01540343090891838
v 0.00011159903806401417 -0.0011929941829293966 0.015638774260878563
v -0.0013227085582911968 -0.0025882062036544085 0.018121303990483284
v 9.11761981114978e-06 -0.0016170956660062075 0.01585887372493744
v -0.0018337451620027423 -0.0034221436362713575 0.019050173461437225
v -0.00016648157907184213 -0.009093941189348698 0.017124930396676064
v -0.0007512168376706541 -0.008883966132998466 0.018034445121884346
v -0.0012911349767819047 -0.008344771340489388 0.018828777596354485
v -0.0014317373279482126 -0.0027101985178887844 0.018312109634280205
v -0.001731209922581911 -0.007531309965997934 0.019426967948675156
v -0.0020265793427824974 -0.006526502780616283 0.019768042489886284
v -0.0021471392828971148 -0.005432767327874899 0.019817234948277473
v -0.002080601640045643 -0.004361583385616541 0.019569527357816696
v 0.0014859334332868457 -0.006737378425896168 0.014166238717734814
v 0.0012740391539409757 -0.007711729966104031 0.014634155668318272
v 0.0011590979993343353 0.0011502080596983433 0.011189560405910015
v 0.001254525501281023 0.0016687579918652773 0.010968332178890705
v 0.001212395029142499 0.0018331506289541721 0.011014203540980816
v 0.0012229690328240395 0.001264405669644475 0.011072156019508839
v 0.0012629631673917174 0.0014551137574017048 0.010982939973473549
v 0.0006622687797062099 0.0017879493534564972 0.010670959018170834
v 0.0003107755910605192 0.0027333965990692377 0.011109799146652222
v 0.0020168707706034184 -0.0012590872356668115 0.008617118932306767
v 4.352419273345731e-05 0.003212823299691081 0.011474992148578167
v -0.00032767749507911503 0.003460823092609644 0.012037265114486217
v -0.0006990496767684817 0.003368169302120805 0.012644674628973007
v -0.0009787901071831584 0.0029725171625614166 0.013145120814442635
v 0.0018228217959403992 0.006949995178729296 0.0038458900526165962
v 0.0017856110353022814 0.006968896836042404 0.00408185413107276
v 0.0015658156480640173 0.005920721683651209 0.005475621670484543
v 0.002360365819185972 0.006949995178729296 0.002913965145125985
v 0.0020637083798646927 0.006949994713068008 0.0032366940286010504
v 0.0018538085278123617 0.00694999611005187 0.003698154119774699
v 0.0027583737391978502 0.0068999952636659145 0.0017186877084895968
v 0.0031669738236814737 0.006899994798004627 0.0007299231365323067
v 0.003232382470741868 0.0068999952636659145 -0.00033794008777476847
v 0.002947513945400715 0.006899995729327202 -0.0013691828353330493
v 0.002343236468732357 0.006899995729327202 -0.002252052305266261
v 0.0014850321458652616 0.006899995729327202 -0.00289087719283998
v 0.0004659031401388347 0.006899994798004627 -0.0032164305448532104
v -0.0006037161219865084 0.0068999952636659145 -0.003193432465195656
v -0.0016079111956059933 0.006899995729327202 -0.0028243777342140675
v -0.0024378641974180937 0.006899996194988489 -0.002149257343262434
v -0.0027583714108914137 0.006899995729327202 -0.0017186843324452639
v -0.003003637306392193 0.006899996194988489 -0.0012412307551130652
v -0.0032439196947962046 0.0068999952636659145 -0.00019869617244694382
v -0.00313267158344388 0.006899994798004627 0.0008653688128106296
v -0.0026819512713700533 0.006899996194988489 0.0018356576329097152
v -0.0019405991770327091 0.006899996194988489 0.002607024507597089
v -0.0009889536304399371 0.006899994798004627 0.0030958817806094885
v 6.986175867496058e-05 0.006899994798004627 0.003249251050874591
v 0.0011211058590561152 0.006899996194988489 0.0030505142640322447
v 0.002050861483439803 0.006899994798004627 0.0025212066248059273
v -0.006131400354206562 -0.0017778753535822034 0.003520738333463669
v -0.006458905525505543 0.0002919234975706786 0.0034347609616816044
v -0.00649626087397337 0.0030816763173788786 0.0034395186230540276
v -0.006298640742897987 0.002949994755908847 0.003446666756644845
v -0.006637496408075094 0.0031365961767733097 0.0034853676334023476
v -0.006475580856204033 -0.0004179539973847568 0.003436557948589325
v -0.006406954023987055 -0.0010837772861123085 0.003432844765484333
v -0.006289107259362936 -0.0015296629862859845 0.0034490537364035845
v -0.006190034095197916 -0.0017221729503944516 0.003486229805275798
v -0.0062638018280267715 0.002949995221570134 0.0034563501831144094
v -0.006116098258644342 0.0029499961528927088 0.0035316746216267347
v -0.006116097327321768 0.0013848256785422564 0.003531674388796091
v -0.006165288854390383 0.0013512062141671777 0.0034994804300367832
v -0.0062575023621320724 0.0012046440970152617 0.0034583888482302427
v -0.006369628477841616 0.0008627203642390668 0.0034348920453339815
v -0.003777820384129882 0.0031499951146543026 0.0007018906180746853
v -0.0035831567365676165 0.002949995454400778 0.0007477813051082194
v -0.003981912508606911 0.003149996045976877 0.001177917467430234
v -0.003814461175352335 0.0029499956872314215 0.001287281047552824
v -0.004280054941773415 0.0031499953474849463 0.0015121429460123181
v -0.004152355715632439 0.002949995221570134 0.0016660690307617188
v 0.002684741048142314 0.006949996575713158 0.0026181447319686413
v 0.003375508589670062 0.006949994713068008 0.0016335422405973077
v 0.0037190383300185204 0.006949995644390583 0.0004808977246284485
v 0.0036799930967390537 0.006949994713068008 -0.0007212154450826347
v 0.0032623889856040478 0.00694999611005187 -0.001849138643592596
v 0.002509186277166009 0.006949995178729296 -0.002786841243505478
v 0.001497862278483808 0.006949995644390583 -0.0034378620330244303
v 0.00033245576196350157 0.006949995178729296 -0.0037352326326072216
v -0.0008671510731801391 0.006949995644390583 -0.0036483611911535263
v -0.0019775540567934513 0.006949994713068008 -0.0031861825846135616
v -0.002884526737034321 0.006949995644390583 -0.002396244555711746
v -0.003494770498946309 0.00694999611005187 -0.0013598055811598897
v -0.003745507448911667 0.006949995178729296 -0.000183483338332735
v -0.0037412848323583603 0.006949995178729296 0.0002555044775363058
v -0.006463675294071436 0.0031499958131462336 0.0033237156458199024
v -0.012310315854847431 -0.004051932133734226 0.01215833518654108
v -0.012261410243809223 -0.003959771245718002 0.012067818082869053
v -0.01223006658256054 -0.00390510237775743 0.012010550126433372
v -0.012019792571663857 -0.003607100574299693 0.011636270210146904
v -0.012617574073374271 -0.0049391030333936214 0.012767616659402847
v -0.01274231169372797 -0.005998323205858469 0.013107022270560265
v -0.011853526346385479 -0.0034331372007727623 0.01134528499096632
v -0.011776001192629337 -0.0033683183137327433 0.011211954057216644
v -0.01129758171737194 -0.0031492351554334164 0.010416331700980663
v -0.011149846948683262 -0.003135158447548747 0.010177701711654663
v -0.010701850987970829 -0.003231530077755451 0.009472380392253399
v -0.010131197981536388 -0.0036709196865558624 0.008615645579993725
v -0.009647456929087639 -0.004419785458594561 0.007938961498439312
v -0.009303051978349686 -0.005396977998316288 0.007515662349760532
v -0.009135302156209946 -0.006496603135019541 0.007391614839434624
v -0.009162386879324913 -0.007599503733217716 0.007580265402793884
v -0.009381371550261974 -0.0085861561819911 0.008061166852712631
v -0.009768525138497353 -0.009349644184112549 0.00878220796585083
v -0.010281894356012344 -0.009807232767343521 0.00966525450348854
v -0.0107166338711977 -0.009918428026139736 0.01037666480988264
v -0.01086584571748972 -0.009909335523843765 0.010614612139761448
v -0.011457101441919804 -0.00964488834142685 0.011527404189109802
v -0.01199159026145935 -0.009042546153068542 0.012304716743528843
v -0.01241138856858015 -0.008167581632733345 0.012862312607467175
v -0.01267100591212511 -0.007114813197404146 0.01313976850360632
v -0.008244521915912628 0.0009270060108974576 0.005078403744846582
v -0.008650136180222034 0.000440426345448941 0.005700499285012484
v -0.007601005025207996 0.0016973244491964579 0.004328380338847637
v -0.00776235107332468 0.001502746599726379 0.004497679881751537
v -0.008224206045269966 0.0009512013639323413 0.005051116459071636
v -0.011669403873383999 -0.0032384346704930067 0.01102400477975607
v -0.011849229224026203 -0.0033126461785286665 0.011336898431181908
v -0.0120172630995512 -0.0033426519948989153 0.011675899848341942
v -0.012204387225210667 -0.0035847299732267857 0.011998316273093224
v -0.012412576004862785 -0.003950628452003002 0.012334998697042465
v -0.012464999221265316 -0.004063502885401249 0.012421749532222748
v -0.012574761174619198 -0.0043415785767138 0.012620312161743641
v -0.005616101901978254 0.0029499961528927088 0.0038795676082372665
v -0.005616101436316967 0.001520914607681334 0.003879567375406623
v -0.006023433990776539 0.000706344610080123 0.003755218582227826
v -0.006010687444359064 -0.00020000472432002425 0.003835219657048583
v -0.006023432593792677 -0.0011063541751354933 0.003755218116566539
v -0.005616102367639542 -0.0019209234742447734 0.00387956784106791
v -0.005592057015746832 -0.0016182209365069866 0.0039755795150995255
v -0.005543646402657032 -0.0010148620931431651 0.004118616227060556
v -0.005513934418559074 -0.0004451253917068243 0.004186824895441532
v -0.0055170813575387 0.00013735087122768164 0.00418046023696661
v -0.005556182470172644 0.0007822603220120072 0.004085831344127655
v -0.005616101901978254 -0.003150003729388118 0.0038795671425759792
v -0.00035062176175415516 -0.0031500044278800488 0.0059111109003424644
v -0.00035062144161202013 0.002949995454400778 0.005911111831665039
v 3.6228098906576633e-05 -0.0031500046607106924 0.005856660660356283
v 3.622842996264808e-05 0.002949995221570134 0.0058566611260175705
v -0.001813532435335219 0.0029499949887394905 0.0058171809650957584
v -0.003468596376478672 0.002949995920062065 0.005442857276648283
v -0.004804698284715414 0.0029499961528927088 0.004910204093903303
v -0.005329028703272343 0.002949995920062065 0.004488280508667231
v -0.0051919990219175816 -0.0033500047866255045 0.004934266675263643
v -0.005261219572275877 -0.003350005019456148 0.004847335163503885
v -0.005130541045218706 -0.003150003729388118 0.004695930518209934
v -0.005015173926949501 -0.0031500044278800488 0.004840818699449301
v -0.0049579874612390995 -0.003150004893541336 0.005047065671533346
v -0.005157687701284885 -0.003350005252286792 0.0050580152310431
v -0.004982274491339922 -0.003150003729388118 0.005230674520134926
v -0.005172260105609894 -0.00335000385530293 0.005168180447071791
v -0.005329028237611055 -0.003150003729388118 0.004488280043005943
v -0.005486171692609787 -0.003350004553794861 0.0046119969338178635
v -0.005518526304513216 -0.003150003729388118 0.0041755205020308495
v -0.005700935609638691 -0.0033500047866255045 0.0042575360275805
v -0.005791645497083664 -0.003350005252286792 0.004003663547337055
v -0.006235530134290457 -0.003350004553794861 0.003692098194733262
v -0.006324175279587507 -0.0033500036224722862 0.003646890167146921
v -0.006422459613531828 -0.00335000385530293 0.003632904961705208
v -0.006519977934658527 -0.0033500040881335735 0.003652038285508752
v -0.006606228183954954 -0.00335000385530293 0.0037018463481217623
v -0.007123858667910099 -0.00335000385530293 0.004131282214075327
v -0.007856250740587711 -0.003350004320964217 0.0047296821139752865
v -0.0034817145206034184 -0.0033500036224722862 -0.0009152361890301108
v -0.004926613997668028 -0.003350004320964217 0.004581413231790066
v -0.005696871317923069 -0.0033500047866255045 0.00692305201664567
v -0.007907583378255367 -0.003350005019456148 0.004806128330528736
v -0.008000219240784645 -0.00335000385530293 0.006057456135749817
v -0.008100257255136967 -0.0033500047866255045 0.0056961774826049805
v -0.008108112961053848 -0.003350004553794861 0.005420375149697065
v -0.007608616724610329 -0.003350005252286792 0.006571422331035137
v -0.007183630485087633 -0.0033500047866255045 0.006802446208894253
v -0.006138708908110857 -0.003350005252286792 0.0071461619809269905
v -0.006016875617206097 -0.003350005019456148 0.007163465954363346
v -0.00587158277630806 -0.003350005019456148 0.007126114796847105
v -0.005790355149656534 -0.003350005019456148 0.0070693898014724255
v -0.005755273625254631 -0.0033500054851174355 0.007031367626041174
v -0.008979519829154015 -0.0031780016142874956 0.0067569296807050705
v -0.009091024287045002 -0.003150488482788205 0.006880003493279219
v -0.00881301611661911 -0.0032684379257261753 0.006673301104456186
v -0.008697996847331524 -0.00335000385530293 0.006654184777289629
v -0.0013908952241763473 -0.002665156265720725 0.0100978659465909
v -0.001472844509407878 -0.0025390246883034706 0.010136484168469906
v -0.0013769821962341666 -0.0027968729846179485 0.01001679990440607
v -0.0016887340461835265 -0.0029197516851127148 0.009756585583090782
v -0.001434830715879798 -0.0028988884296268225 0.009915007278323174
v -0.0015489398501813412 -0.0029438650235533714 0.009819761849939823
v -0.0017406621482223272 -0.0024281677324324846 0.01005912758409977
v -0.0018547712825238705 -0.0024731443263590336 0.009963883087038994
v -0.0019126198021695018 -0.002575159538537264 0.009862090460956097
v -0.0016008679522201419 -0.0024522808380424976 0.010122304782271385
v -0.0018167574889957905 -0.0028330080676823854 0.009742406196892262
v -0.0018987053772434592 -0.002706879982724786 0.009781025350093842
v -0.003956143744289875 -0.00019963466911576688 0.010305121541023254
v -0.00408416660502553 -0.00011289267422398552 0.010290942154824734
v -0.004032238386571407 -0.0006044766632840037 0.009988400153815746
v -0.004223961383104324 -8.877782966010273e-05 0.010227765887975693
v -0.004338070284575224 -0.00013375442358665168 0.010132520459592342
v -0.004395918920636177 -0.00023576966486871243 0.010030727833509445
v -0.00391812901943922 -0.0005595000693574548 0.010083644650876522
v -0.003860280616208911 -0.00045748482807539403 0.01018543727695942
v -0.0038741950411349535 -0.00032576455851085484 0.010266503319144249
v -0.0043820044957101345 -0.0003674899344332516 0.00994966272264719
v -0.004300056025385857 -0.0004936198238283396 0.00991104356944561
v -0.004172033164650202 -0.0005803618114441633 0.00992522295564413
v 0.0015696105547249317 0.00034364144084975123 0.008744153194129467
v 0.0013139797374606133 0.001031240331940353 0.00906330905854702
v 0.0009771670447662473 0.0002949638292193413 0.008374502882361412
v 0.0007215350051410496 0.0009825625456869602 0.008693660609424114
v 0.0016961951041594148 -0.0011802337830886245 0.009120688773691654
v 0.0018494847463443875 -0.0009061607415787876 0.008838916197419167
v 0.0019513176521286368 -0.0003320363466627896 0.00860009714961052
v 0.0019454708090052009 -0.00044846153468824923 0.008624802343547344
v 0.0004809914680663496 -0.003280968638136983 0.01096622459590435
v 0.000747818558011204 -0.0032076649367809296 0.01090766116976738
v 0.00032025761902332306 -0.00262525980360806 0.01113748736679554
v 0.000576409453060478 -0.0025109064299613237 0.011090624146163464
v 0.0004211813793517649 -0.0024748407304286957 0.011142694391310215
v -0.0006523337215185165 -0.0048622810281813145 0.010688798502087593
v 0.0005062809213995934 -0.004359186161309481 0.011067681945860386
v 0.0007764807669445872 -0.004429643042385578 0.011022644117474556
v 0.0005462519475258887 -0.0037864630576223135 0.010928199626505375
v 0.0008217801805585623 -0.0037805570755153894 0.010864566080272198
v 0.00046362983994185925 -0.004561824724078178 0.008141893893480301
v 0.00029155673109926283 -0.004458546172827482 0.00814968440681696
v 0.00016535690519958735 -0.004945289343595505 0.008571110665798187
v -0.001730313990265131 -0.0057429540902376175 0.008994410745799541
v -0.0015719069633632898 -0.005704570095986128 0.00900675542652607
v -0.0015444076852872968 -0.005699727218598127 0.00901529099792242
v -0.000887908274307847 -0.005534420721232891 0.009079010225832462
v -0.0003036173293367028 -0.00528357457369566 0.008913286961615086
v -0.0015613310970366001 -0.005504986271262169 0.008863185532391071
v -0.0015372075140476227 -0.0055006262846291065 0.008870286867022514
v 0.0009806305170059204 -0.0033500061836093664 0.00600977661088109
v 0.0011729007819667459 -0.003350003156810999 0.006130861584097147
v 0.0010840188479050994 -0.0033500047866255045 0.006048539653420448
v 0.0010786948259919882 -0.003350004553794861 0.0060453955084085464
v 0.0012232231674715877 -0.0033500033896416426 0.006247681099921465
v 0.0012251405278220773 -0.0033500036224722862 0.0063519966788589954
v 0.0011484692804515362 -0.0033500036224722862 0.006838186178356409
v 0.0013771405210718513 -0.0033378631342202425 0.007965956814587116
v 0.001354968291707337 -0.003350005252286792 0.007952124811708927
v 0.001167260343208909 -0.00335000385530293 0.007467539981007576
v 0.0017217256827279925 -0.003194414544850588 0.008180957287549973
v 0.001085940282791853 -0.003350004320964217 0.007784268353134394
v 0.00068203842965886 -0.0033500059507787228 0.007728245109319687
v 0.0004825748037546873 -0.003350005717948079 0.007840652950108051
v 0.00037073405110277236 -0.00335000385530293 0.00799162033945322
v 0.0009106936049647629 -0.003350003156810999 0.007716531399637461
v -0.0003580766497179866 -0.003321170574054122 0.009374894201755524
v -0.00029281049501150846 -0.003637384157627821 0.009311934001743793
v -0.0001549871958559379 -0.0038673528470098972 0.009121323004364967
v 1.8466251276549883e-05 -0.003949465695768595 0.008854142390191555
v 0.00018106975767295808 -0.0038617125246673822 0.0085819773375988
v 0.00028925520018674433 -0.0036276085302233696 0.008377756923437119
v 0.00031403591856360435 -0.0033098869025707245 0.008296201005578041
v 0.00024876926909200847 -0.0029936733189970255 0.00835916306823492
v 0.00011094514047726989 -0.002763701369985938 0.008549771271646023
v -6.250695878406987e-05 -0.0026815917808562517 0.008816953748464584
v -0.00022511047427542508 -0.0027693449519574642 0.009089118801057339
v -0.00033329727011732757 -0.0030034456867724657 0.009293338283896446
v -0.0017619228456169367 -0.0055525051429867744 0.008851458318531513
v -0.0019124486716464162 -0.005603840574622154 0.008898496627807617
v -0.0019708583131432533 -0.0056279185228049755 0.00893242284655571
v -0.002166501246392727 -0.005684421863406897 0.009193415753543377
v -0.0021259093191474676 -0.005695716477930546 0.00910028163343668
v -0.0006440884899348021 -0.005407202988862991 0.010387728922069073
v -0.0012830254854634404 -0.004800671711564064 0.01017027534544468
v -0.0012135518481954932 -0.005261766724288464 0.009976036846637726
v -0.001917396206408739 -0.0048028165474534035 0.009729448705911636
v -0.001811030087992549 -0.005230945535004139 0.009579806588590145
v -0.0021199898328632116 -0.0048180511221289635 0.009602115489542484
v -0.0021502352319657803 -0.0048993476666510105 0.009542640298604965
v -0.002189569640904665 -0.005201983265578747 0.009375487454235554
v -0.0015309337759390473 -0.003500003134831786 0.00881974957883358
v -0.002575852908194065 -0.0035000061616301537 0.008476032875478268
v -0.001352474675513804 -0.0035000049974769354 0.008866507560014725
v -0.0006353180506266654 -0.0035000054631382227 0.008832823485136032
v -1.5963953046593815e-05 -0.0035000049974769354 0.00846971943974495
v 0.00021086467313580215 -0.0035000040661543608 0.00818809773772955
v -0.0009547467343509197 -0.003350005252286792 0.008246914483606815
v -0.0008688365924172103 -0.003350004553794861 0.008185711689293385
v -0.0009330608882009983 -0.003350005252286792 0.008225412108004093
v -0.0009795171208679676 -0.003350003156810999 0.008407394401729107
v -0.0009873195085674524 -0.003350005019456148 0.008742776699364185
v -0.0006780104013159871 -0.003350005252286792 0.008689028210937977
v -0.0009778670500963926 -0.0033500036224722862 0.00836540013551712
v -0.00012058995343977585 -0.0033500040881335735 0.008362232707440853
v 6.34843236184679e-05 -0.0033500047866255045 0.00814002100378275
v -0.0027305905241519213 -0.00350000336766243 0.00839260034263134
v -0.0028659438248723745 -0.0035000056959688663 0.008226445876061916
v -0.0029193011578172445 -0.0035000047646462917 0.008018883876502514
v -0.001373593113385141 -0.003350005019456148 0.003700962755829096
v -0.0027520933654159307 -0.003350005019456148 0.007891704328358173
v -0.0010674177901819348 -0.0033500040881335735 0.003461315529420972
v -0.0009488680516369641 -0.0033500033896416426 0.0034727025777101517
v -0.0012068067444488406 -0.00335000385530293 0.0035020282957702875
v -0.001317673595622182 -0.00335000385530293 0.0035958096850663424
v -0.003405837807804346 -0.0033500033896416426 -0.0011663015466183424
v -0.00038243710878305137 -0.0033500054851174355 0.0035796307493001223
v 0.0007652430213056505 -0.0033500047866255045 0.003517729230225086
v 0.0018349244492128491 -0.0033500054851174355 0.0030972689855843782
v 0.002717573195695877 -0.0033500054851174355 0.002361104590818286
v 0.00015419854025822133 -0.003350005019456148 0.007980349473655224
v 0.0004312856763135642 -0.003350003156810999 0.005913421977311373
v -0.0003487724461592734 -0.0033500061836093664 0.006111103110015392
v 8.965666347648948e-05 -0.003350005717948079 0.006049392744898796
v -0.001797234290279448 -0.003150004893541336 0.005819421727210283
v -0.0018243178492411971 -0.003350004553794861 0.006017580162733793
v -0.002037170110270381 -0.003150003496557474 0.005845631472766399
v -0.0021499230060726404 -0.0033500033896416426 0.006221076473593712
v -0.002339906757697463 -0.0031500058248639107 0.006158582400530577
v -0.0021007296163588762 -0.0033500033896416426 0.006129716522991657
v -0.0022335746325552464 -0.0031500046607106924 0.00597742386162281
v -0.0020238158758729696 -0.003350004320964217 0.006060438696295023
v -0.0019279172411188483 -0.00335000385530293 0.006021711975336075
v -0.003649788908660412 -0.0034032370895147324 0.017981549724936485
v -0.0036772594321519136 -0.00347114191390574 0.018034519627690315
v -0.001342781470157206 -0.009242769330739975 0.01505306363105774
v -0.0009668623679317534 -0.008927163667976856 0.014409007504582405
v -0.0008241076720878482 -0.008745092898607254 0.014156236313283443
v -0.0019375075353309512 -0.009389536455273628 0.016025569289922714
v -0.0014733050484210253 -0.009308046661317348 0.015270853415131569
v -0.002547662938013673 -0.009170434437692165 0.01697462424635887
v -0.002034102799370885 -0.009379182010889053 0.016179021447896957
v -0.003850212087854743 -0.006845497526228428 0.01875607669353485
v -0.0035702637396752834 -0.007758966647088528 0.018427694216370583
v -0.0031110583804547787 -0.008607793599367142 0.0178034957498312
v -0.00259973737411201 -0.009134297259151936 0.017053328454494476
v -0.003971810452640057 -0.004734906367957592 0.01867302507162094
v -0.004004279617220163 -0.00556917954236269 0.018834928050637245
v -0.0039951684884727 -0.005789744667708874 0.01884937286376953
v -0.003878477029502392 -0.006710470654070377 0.01878359727561474
v -0.003782195970416069 -0.003774120472371578 0.018242601305246353
v -0.003934847190976143 -0.004451427608728409 0.018576452508568764
v -0.00034763436997309327 -0.004666787572205067 0.01285551581531763
v -0.0004981056554242969 -0.004137409385293722 0.013026964850723743
v -0.0005240525351837277 -0.004024279769510031 0.013053652830421925
v -0.0004988205619156361 -0.0037517824675887823 0.012977328151464462
v -0.0005272555281408131 -0.00387976854108274 0.013039755634963512
v -0.0004343530454207212 -0.007947233505547047 0.013426500372588634
v -0.00021324653062038124 -0.006930515170097351 0.012938237749040127
v -0.0001833229762269184 -0.005798574537038803 0.012741214595735073
v -0.00029323415947146714 -0.004703575745224953 0.01305722538381815
v -0.002973087364807725 -0.0027238107286393642 0.01709156483411789
v -0.003082114737480879 -0.002845806535333395 0.01728237420320511
v -0.003484126878902316 -0.0035577486269176006 0.01802043803036213
v -0.003730981145054102 -0.00449718814343214 0.01853979006409645
v -0.003797518787905574 -0.005568372085690498 0.01878749579191208
v -0.0036769581492990255 -0.0066621070727705956 0.01873830519616604
v -0.003381588729098439 -0.007666914723813534 0.01839723065495491
v -0.002941516228020191 -0.008480376563966274 0.01779904216527939
v -0.002401595003902912 -0.009019574150443077 0.01700470596551895
v -0.0018168610986322165 -0.009229546412825584 0.016095193102955818
v -0.0012469182256609201 -0.009088892489671707 0.015163210220634937
v -0.00074985675746575 -0.008611951023340225 0.014303751289844513
v -0.00037634072941727936 -0.007847337983548641 0.013604422099888325
v -0.00016444662469439209 -0.006872983183711767 0.013136502355337143
v -0.0001357699220534414 -0.005788204725831747 0.01294768787920475
v -0.0004434133879840374 -0.00014557523536495864 0.012697682715952396
v 0.0006089729140512645 0.0011050069006159902 0.010846314020454884
v 0.0007043979712761939 0.0016235559014603496 0.010625085793435574
v 0.0007128369761630893 0.0014099124819040298 0.010639695450663567
v 0.0006728414446115494 0.0012192035792395473 0.010728909634053707
v 0.00047139698290266097 0.0017015595221892 0.010704196989536285
v 0.0001199031321448274 0.002647008514031768 0.011143037118017673
v 0.001568475621752441 0.0011464261915534735 0.009018991142511368
v 0.0011770431883633137 0.0012974292039871216 0.009247725829482079
v 0.0014041515532881021 0.0014658515574410558 0.009240292944014072
v 0.0009632199653424323 0.0014906800352036953 0.009564975276589394
v 0.0011475638020783663 0.0016977546038106084 0.009620990604162216
v 0.0007355500129051507 0.0015064975013956428 0.009927783161401749
v 0.000874360732268542 0.0017167337937280536 0.010056361556053162
v 0.0005683081690222025 0.0013843534979969263 0.010211910121142864
v 0.000673669739626348 0.0015701611991971731 0.01039731502532959
v 0.0018241071375086904 0.00045882767881266773 0.00869983620941639
v 0.0019189626909792423 0.00010238043614663184 0.008594745770096779
v 0.001653870102018118 1.4856795132800471e-05 0.008652405813336372
v 0.001946713775396347 -0.0002795153995975852 0.008593440055847168
v 0.0016707481117919087 -0.00041243224404752254 0.008681624196469784
v 0.0014630182413384318 -0.0010222438722848892 0.009094863198697567
v 0.0015907596098259091 -0.0007938489434309304 0.008860052563250065
v 0.0018778922967612743 0.0006224227836355567 0.008592089638113976
v 0.0018897120608016849 3.961260517826304e-05 0.008283697068691254
v 0.0014781904174014926 0.0036489744670689106 0.008635317906737328
v 0.001399856060743332 0.0034795172978192568 0.00898200087249279
v 0.001573786255903542 0.0033719686325639486 0.00849727913737297
v 0.0015585109358653426 0.0030547981150448322 0.008783652447164059
v 0.0017974803922697902 0.0015756434295326471 0.008263375610113144
v 0.0017240946181118488 0.0024713617749512196 0.008306480012834072
v 0.0016874955035746098 0.0024062376469373703 0.00866233091801405
v 0.001656298991292715 0.002988181309774518 0.008384831249713898
v 0.0016209741588681936 0.0031758181285113096 0.008431723341345787
v 0.0007967633428052068 0.004105113446712494 0.009630212560296059
v 0.0009358384413644671 0.0037590106949210167 0.00968888122588396
v 0.0010203623678535223 0.0041020894423127174 0.009299525059759617
v 0.0011900620302185416 0.0037121556233614683 0.009287604130804539
v 0.0011953880311921239 0.004024577792733908 0.009045081213116646
v 0.0013015663716942072 0.00362057751044631 0.00912095233798027
v 0.0013521709479391575 0.0038713233079761267 0.008818469941616058
v 0.001442353124730289 0.0037249478045850992 0.008687706664204597
v -0.001040703384205699 0.0028622185345739126 0.012974823825061321
v -0.0008371155709028244 0.0031768300104886293 0.012607100419700146
v -0.0007889400003477931 0.0032183018047362566 0.012524424120783806
v -0.00045470407349057496 0.0033016910310834646 0.011977756395936012
v -0.00012062206951668486 0.0030784911941736937 0.011471709236502647
v 0.00141870544757694 0.0038785631768405437 0.007884879596531391
v 0.0012500816956162453 0.0051894341595470905 0.007067299913614988
v 0.001700746943242848 0.0022439302410930395 0.00818354357033968
v 0.0007563852705061436 0.004306069575250149 0.009380552917718887
v 0.0006962025072425604 0.004771806765347719 0.008760620839893818
v 0.00104571005795151 0.004517452325671911 0.008566516451537609
v 0.0006962859188206494 0.005140683148056269 0.008210540749132633
v 0.0007463424117304385 0.005431328434497118 0.007715270854532719
v 0.000709338637534529 0.005258157849311829 0.008019241504371166
v 0.0009751495090313256 0.0050514861941337585 0.007903431542217731
v 0.0015860467683523893 0.0031839231960475445 0.008215595968067646
v 0.001303930184803903 0.004209841601550579 0.008254237473011017
v 0.001190874958410859 0.004369375295937061 0.008420418947935104
v 0.001186283421702683 0.0047967564314603806 0.007719310000538826
v 0.0013082303339615464 0.004524499177932739 0.0074856942519545555
v 0.0010210140608251095 0.005518045742064714 0.007197060156613588
v 0.0008551512146368623 0.005671169608831406 0.007223055697977543
v 0.0007059579365886748 0.004084854386746883 0.009772767312824726
v 0.0008606997434981167 0.0037440115120261908 0.009811284951865673
v 0.001758005004376173 0.006997215561568737 0.0041269948706030846
v 0.0014731843257322907 0.006582700647413731 0.0050992644391953945
v 0.0013937436742708087 0.006262453272938728 0.005649126134812832
v 0.0013760179281234741 0.006448062602430582 0.00542031042277813
v 0.0013059313641861081 0.006343522574752569 0.005662886891514063
v 0.0017646992346271873 0.006990620866417885 0.004124056547880173
v 0.0015150188701227307 0.006088476162403822 0.00558042898774147
v 0.0017757482128217816 0.006979551166296005 0.004111758433282375
v 0.0016544118989259005 0.007099982816725969 0.0040826997719705105
v 0.001708738855086267 0.007099995855242014 0.0036600129678845406
v 0.002265950432047248 0.007099995389580727 0.002797406865283847
v 0.0019396278075873852 0.007099995855242014 0.0031524072401225567
v -0.003591633401811123 0.007099994923919439 0.00024528507492505014
v -0.003595687448978424 0.007099995389580727 -0.00017614431271795183
v -0.0033549785148352385 0.007099994458258152 -0.0013054140144959092
v -0.0027691463474184275 0.007099994923919439 -0.0023003944661468267
v -0.0018984517082571983 0.007099994923919439 -0.0030587350483983755
v -0.0008324644295498729 0.007099994458258152 -0.003502426203340292
v 0.0003191572322975844 0.007099994458258152 -0.0035858226474374533
v 0.001437947852537036 0.007099994458258152 -0.003300347598269582
v 0.00240881834179163 0.007099994923919439 -0.002675366820767522
v 0.00313189416192472 0.007099994458258152 -0.001775172771885991
v 0.0035327936057001352 0.007099995389580727 -0.0006923673208802938
v 0.003570276778191328 0.007099994923919439 0.0004616621299646795
v 0.003240488702431321 0.007099994923919439 0.0015682005323469639
v 0.002577350940555334 0.007099995855242014 0.00251341937109828
v 0.00030714034801349044 0.006499995943158865 0.004130721092224121
v 0.0009068019571714103 0.007099996320903301 0.004150887951254845
v 0.0008365465328097343 0.007099995855242014 0.003848354797810316
v 0.0008163796155713499 0.007099994923919439 0.004448015708476305
v 0.0003273084876127541 0.007099995389580727 0.003531059715896845
v 2.4776149075478315e-05 0.007099995855242014 0.0036013154312968254
v 0.0006244371761567891 0.007099995855242014 0.00362148298881948
v -0.0002925194858107716 0.007099996320903301 0.004110553301870823
v -0.00022226404689718038 0.007099994458258152 0.004413085989654064
v -0.0002020971296587959 0.007099995855242014 0.0038134250789880753
v 0.00028697398374788463 0.007099994923919439 0.004730381071567535
v 0.0005895069916732609 0.007099994923919439 0.0046601262874901295
v -1.0154038136533927e-05 0.007099994923919439 0.004639958497136831
v 0.0033618640154600143 0.007099995855242014 0.0007748415227979422
v 0.003431299002841115 0.007099995855242014 -0.0003587374812923372
v 0.0031288997270166874 0.007099994923919439 -0.0014534395886585116
v 0.0024874352384358644 0.007099994923919439 -0.002390640787780285
v 0.0015764192212373018 0.007099995389580727 -0.003068777499720454
v 0.0004945739638060331 0.007099994923919439 -0.0034143649972975254
v -0.0006408678600564599 0.007099995855242014 -0.003389951540157199
v -0.0017068597953766584 0.007099996320903301 -0.002998185809701681
v -0.0025878865271806717 0.007099995389580727 -0.0022815184202045202
v -0.0029281172901391983 0.007099994923919439 -0.001824449747800827
v -0.003188476664945483 0.007099995389580727 -0.0013176134089007974
v -0.0034435454290360212 0.007099996320903301 -0.0002109253837261349
v -0.003325451398268342 0.007099995389580727 0.0009186208480969071
v -0.0028469946701079607 0.007099995389580727 0.0019486206583678722
v -0.0020600217394530773 0.007099995855242014 0.0027674578595906496
v -0.0010498123010620475 0.007099994923919439 0.0032863973174244165
v 7.416000153170899e-05 0.007099995855242014 0.003449205541983247
v 0.001190097420476377 0.007099994923919439 0.0032382372301071882
v 0.002177066868171096 0.007099995855242014 0.0026763584464788437
v 0.002928119385614991 0.007099995389580727 0.0018244544044137
v -0.010737941600382328 -0.001504262094385922 0.009843452833592892
v -0.00863510649651289 0.001057963352650404 0.006135780829936266
v -0.010898035950958729 -0.0017513298662379384 0.009945404715836048
v -0.008709781803190708 0.0007683491567149758 0.005893286317586899
v -0.011037060059607029 -0.002013623481616378 0.010045893490314484
v -0.011228802613914013 -0.0024815620854496956 0.01025286316871643
v -0.011391476728022099 -0.0028997904155403376 0.010533969849348068
v -0.008312209509313107 0.001259182346984744 0.005281112156808376
v -0.007862357422709465 0.0020526365842670202 0.005086936987936497
v -0.007009546272456646 0.003212004667147994 0.004293446429073811
v -0.006999313365668058 0.002970136469230056 0.0039044644217938185
v -0.008265121839940548 0.001523421611636877 0.005569919478148222
v -0.007884874939918518 0.0018030480714514852 0.004756349138915539
v -0.004778665956109762 0.0054694730788469315 0.0019258009269833565
v -0.004961255472153425 0.00577560206875205 0.0022136529441922903
v -0.004971488378942013 0.006017470732331276 0.002602635184302926
v -0.003690401092171669 0.007099994923919439 0.00093047198606655
v -0.0038310743402689695 0.006949995178729296 0.0008784024394117296
v -0.003962735179811716 0.007099994923919439 0.0014049457386136055
v -0.003981912508606911 0.00694999611005187 0.0011779183987528086
v -0.0041631958447396755 0.006949994713068008 0.0014042375842109323
v -0.004280055407434702 0.006828882731497288 0.0015121435280889273
v -0.004494320601224899 0.005968453828245401 0.0016899019246920943
v -0.004411266651004553 0.006297179032117128 0.001620999537408352
v -0.004445333499461412 0.006560934241861105 0.001649260870181024
v -0.00465699378401041 0.006379555445164442 0.0019245686708018184
v -0.004657819867134094 0.006378783844411373 0.0019262755522504449
v -0.004631274379789829 0.006410087924450636 0.0018733692122623324
v -0.004658637568354607 0.0063778432086110115 0.0019280369160696864
v -0.004648434929549694 0.006389333866536617 0.0019067592220380902
v -0.004653577227145433 0.006382182240486145 0.0019177530193701386
v -0.004655743017792702 0.006381157319992781 0.0019218404777348042
v -0.004509493242949247 0.006514435168355703 0.0017089255852624774
v -0.004509346093982458 0.006562692578881979 0.0017056337092071772
v -0.004566654097288847 0.006468102335929871 0.001775504439137876
v -0.00457462202757597 0.006480143405497074 0.001782689825631678
v -0.004616382997483015 0.006422553211450577 0.0018484258325770497
v -0.004638237878680229 0.00640032859519124 0.0018869390478357673
v -0.004736794158816338 0.006180900614708662 0.0020383449736982584
v -0.004675846081227064 0.0061130886897444725 0.0019073579460382462
v -0.004808564204722643 0.005936815869063139 0.0020518454257398844
v -0.0046552070416510105 0.006378985475748777 0.001921507646329701
v -0.004660564474761486 0.0063756234012544155 0.0019321927102282643
v -0.004656203091144562 0.00637019332498312 0.0019247675081714988
v -0.004667892586439848 0.006367180496454239 0.001947994576767087
v -0.004669931251555681 0.006328846327960491 0.0019503802759572864
v -0.004694199189543724 0.00633687898516655 0.0020047191064804792
v -0.0047754039987921715 0.006243339739739895 0.002179820090532303
v -0.004870312288403511 0.006134015507996082 0.0023844679817557335
v -0.004649630282074213 0.006382437888532877 0.0019107316620647907
v -0.004643808584660292 0.006373286712914705 0.0019016973674297333
v -0.004642286337912083 0.006320543587207794 0.0018974755657836795
v -0.0045776148326694965 0.006303201895207167 0.001797178410924971
v -0.011441187001764774 -0.0029841021168977022 0.010624744929373264
v -0.011461259797215462 -0.002919694408774376 0.01066962443292141
v -0.011297723278403282 -0.0027253730222582817 0.010928846895694733
v -0.011264452710747719 -0.0026543019339442253 0.010845554061233997
v -0.01134844496846199 -0.0026817270554602146 0.01077286247164011
v -0.011457645334303379 -0.0028406502678990364 0.010740307159721851
v -0.011444983072578907 -0.0028097524773329496 0.010774153284728527
v -0.011402095668017864 -0.0027373856864869595 0.010688727721571922
v -0.011439245194196701 -0.0028003109619021416 0.01078552845865488
v -0.011380252428352833 -0.002748363185673952 0.010863265953958035
v -0.011416828259825706 -0.0028138698544353247 0.010605134069919586
v -0.011498309671878815 -0.0029392759315669537 0.011257890611886978
v -0.011436214670538902 -0.0028941198252141476 0.01117303129285574
v -0.011520561762154102 -0.002919325605034828 0.011110656894743443
v -0.01158616878092289 -0.0029713574331253767 0.01119198277592659
v -0.011584838852286339 -0.0029777130112051964 0.011042237281799316
v -0.011649444699287415 -0.0030387109145522118 0.011124787852168083
v -0.011607595719397068 -0.0030233555007725954 0.011004693806171417
v -0.011678274720907211 -0.0031323996372520924 0.011066079139709473
v -0.011607378721237183 -0.003186600049957633 0.01091777067631483
v -0.011620040982961655 -0.0031131624709814787 0.010949582792818546
v -0.0116194486618042 -0.0030810649041086435 0.010967044159770012
v -0.010896253399550915 -0.010102987289428711 0.010688848793506622
v -0.011499295011162758 -0.009819473139941692 0.011618020012974739
v -0.008954303339123726 -0.005462248343974352 0.006965311244130135
v -0.009010723792016506 -0.005721780005842447 0.007089914288371801
v -0.011520801112055779 -0.00309453415684402 0.010766885243356228
v -0.012045237235724926 -0.009203790687024593 0.012411931529641151
v -0.012478997930884361 -0.008318054489791393 0.012990486808121204
v -0.012756823562085629 -0.007251617033034563 0.013295326381921768
v -0.0128506850451231 -0.006112058646976948 0.013295693323016167
v -0.01275111548602581 -0.005014338064938784 0.012991554103791714
v -0.009035846218466759 -0.006405359134078026 0.007220200262963772
v -0.009017574600875378 -0.006769627798348665 0.007238886784762144
v -0.009088157676160336 -0.007880974560976028 0.007498362101614475
v -0.00934487022459507 -0.008855711668729782 0.008038162253797054
v -0.009761818684637547 -0.009595509618520737 0.008803837932646275
v -0.010296941734850407 -0.010025735013186932 0.009718145243823528
v -0.011184357106685638 -0.0024158607702702284 0.010602432303130627
v -0.011156070977449417 -0.0023260037414729595 0.010519957169890404
v -0.011204255744814873 -0.0023493170738220215 0.010455979965627193
v -0.011006887070834637 -0.0019433171255514026 0.010199485346674919
v -0.011023236438632011 -0.0019560866057872772 0.010161281563341618
v -0.011033504270017147 -0.0019725325983017683 0.010122307576239109
v -0.011233794502913952 -0.002384832361713052 0.010386648587882519
v -0.011038139462471008 -0.0019918507896363735 0.010083576664328575
v -0.011242030188441277 -0.0024301193188875914 0.01031719520688057
v -0.00880699697881937 -0.005768434144556522 0.0070535955019295216
v -0.008829835802316666 -0.006389865186065435 0.007172035053372383
v -0.008765894919633865 -0.005246572662144899 0.0067747002467513084
v -0.008650039322674274 -0.0052538784220814705 0.006734275724738836
v -0.008855702355504036 -0.005288660991936922 0.006835635285824537
v -0.008733455091714859 -0.005459117237478495 0.006894995458424091
v -0.008940842002630234 -0.0054202754981815815 0.0069397795014083385
v -0.006005070172250271 -0.003350004553794861 0.008216110058128834
v -0.0060050697065889835 -0.004922801628708839 0.00821610912680626
v -0.008389318361878395 -0.003350004320964217 0.006728483363986015
v -0.00828521978110075 -0.005110152997076511 0.006793434731662273
v -0.008634647354483604 -0.00524248369038105 0.006730599794536829
v -0.008458101190626621 -0.00514919264242053 0.006726981606334448
v -0.008586471900343895 -0.0033500036224722862 0.006656483747065067
v -0.011608998291194439 -0.0030028584878891706 0.01139835175126791
v -0.011761413887143135 -0.003081587143242359 0.011453327722847462
v -0.011848228052258492 -0.0031284107826650143 0.011580301448702812
v -0.011846375651657581 -0.003143560141324997 0.01150827668607235
v -0.011851033195853233 -0.003153566736727953 0.011493260972201824
v -0.011857805773615837 -0.00316412141546607 0.011487167328596115
v -0.0118710957467556 -0.003181715030223131 0.011487634852528572
v -0.011904376558959484 -0.0032204401213675737 0.01151204016059637
v -0.011940068565309048 -0.0032594380900263786 0.01155361533164978
v -0.008810803294181824 -0.006769312079995871 0.007191499229520559
v -0.011894489638507366 -0.0031939365435391665 0.011567429639399052
v -0.01194912288337946 -0.003230090020224452 0.011755270883440971
v -0.012265471741557121 -0.0036748533602803946 0.012320859357714653
v -0.01240516360849142 -0.003956363536417484 0.01258181780576706
v -0.00886731967329979 -0.007811029441654682 0.007419263944029808
v -0.008884327486157417 -0.00792696699500084 0.0074617876671254635
v -0.009099987335503101 -0.008802972733974457 0.007922790013253689
v -0.00915173627436161 -0.008942321874201298 0.008024082519114017
v -0.009489374235272408 -0.009584895335137844 0.008649840019643307
v -0.009586058557033539 -0.009712942875921726 0.008821661584079266
v -0.009999718517065048 -0.010084975510835648 0.009533634409308434
v -0.010143477469682693 -0.010161093436181545 0.00977406371384859
v -0.010584148578345776 -0.010257281363010406 0.010493001900613308
v -0.010767759755253792 -0.010241563431918621 0.010785211808979511
v -0.011188977397978306 -0.010085989721119404 0.011439819820225239
v -0.011395929381251335 -0.00994623452425003 0.011753098107874393
v -0.011758659966289997 -0.009586828760802746 0.012287125922739506
v -0.011964616365730762 -0.009304903447628021 0.012580089271068573
v -0.012240868993103504 -0.008805644698441029 0.01295709703117609
v -0.012416452169418335 -0.00838225893676281 0.013182751834392548
v -0.012591310776770115 -0.00781419686973095 0.0133881950750947
v -0.012705853208899498 -0.007271388079971075 0.013500292785465717
v -0.012777801603078842 -0.006703541148453951 0.013540824875235558
v -0.012607038021087646 -0.0045342459343373775 0.012981467880308628
v -0.012699908576905727 -0.004940887913107872 0.013183863833546638
v -0.012783207930624485 -0.005575693678110838 0.013400966301560402
v -0.01280362717807293 -0.0060843476094305515 0.013500675559043884
v -0.005130541045218706 -0.0024500046856701374 0.004695931449532509
v -0.004804698284715414 -0.0024500046856701374 0.0049102045595645905
v -0.0017972344066947699 -0.0024500039871782064 0.005819422658532858
v -0.003468596376478672 -0.002450004918500781 0.00544285774230957
v -0.0018135322025045753 -0.002450005616992712 0.0058171809650957584
v -0.002339907456189394 -0.0024500053841620684 0.006158582866191864
v -0.0022335743997246027 -0.0024500039871782064 0.0059774224646389484
v -0.0020371689461171627 -0.0024500058498233557 0.005845632869750261
v -0.005015174392610788 -0.002450003754347563 0.004840819165110588
v -0.004957988392561674 -0.00245000422000885 0.005047065671533346
v -0.004982274025678635 -0.0024500046856701374 0.005230674985796213
v -0.0057131205685436726 -0.00335000385530293 0.006812435109168291
v -0.005523135419934988 -0.0031500039622187614 0.006874929182231426
v -0.005969761870801449 -0.0033500047866255045 0.008240297436714172
v -0.00593396183103323 -0.003350005019456148 0.0077972980216145515
v -0.0014743709471076727 -0.002979179145768285 0.009704901836812496
v -0.0016607665456831455 -0.0029470238368958235 0.009620667435228825
v -0.0018314637709408998 -0.0028313680086284876 0.00960176158696413
v -0.0019407272338867188 -0.0026631958317011595 0.009653251618146896
v -0.0019592787139117718 -0.0024875684175640345 0.00976133905351162
v -0.001882149139419198 -0.0023515485227108 0.009897064417600632
v -0.0017300024628639221 -0.0022915806621313095 0.01002405770123005
v -0.0015436094254255295 -0.002323732478544116 0.010108293034136295
v -0.0013729110360145569 -0.002439388306811452 0.01012719701975584
v -0.0012636494357138872 -0.0026075609494000673 0.010075707919895649
v -0.0012450962094590068 -0.002783187897875905 0.009967619553208351
v -0.0013222257839515805 -0.0029192077927291393 0.009831894189119339
v -0.003957670647650957 -0.0006397874094545841 0.009873539209365845
v -0.00414406368508935 -0.0006076354766264558 0.009789303876459599
v -0.004314763005822897 -0.0004919780185446143 0.009770398959517479
v -0.004424026235938072 -0.0003238059871364385 0.009821888990700245
v -0.004442577715963125 -0.00014817851479165256 0.009929976426064968
v -0.004365448374301195 -1.2158462595834862e-05 0.01006570179015398
v -0.00421330239623785 4.781105599249713e-05 0.010192695073783398
v -0.0040269093587994576 1.5659079508623108e-05 0.010276930406689644
v -0.0038562107365578413 -9.999875328503549e-05 0.010295834392309189
v -0.0037469465751200914 -0.0002681724727153778 0.010244344361126423
v -0.003728395327925682 -0.00044379784958437085 0.0101362569257617
v -0.003805524902418256 -0.0005798199563287199 0.010000531561672688
v -2.4135848434525542e-05 0.001335674081929028 0.009842261672019958
v 0.00014310594997368753 0.0014578180853277445 0.009558134712278843
v 0.00037077523302286863 0.0014420022489503026 0.009195325896143913
v 0.0005845990963280201 0.0012487497879192233 0.008878077380359173
v 0.0010783040197566152 -0.00046111163101159036 0.008311975747346878
v 0.0010614260099828243 -3.382259455975145e-05 0.008282757364213467
v 0.0009983155177906156 -0.0008425283594988286 0.008490404114127159
v 0.0008705728105269372 -0.0010709199123084545 0.008725214749574661
v -2.9972329684824217e-06 -0.0021090134978294373 0.010262010619044304
v -0.0008977078832685947 0.00029758349410258234 0.011379056610167027
v 0.00035507421125657856 -0.002338846679776907 0.011043969541788101
v -0.00012012173101538792 -0.002377890981733799 0.010747476480901241
v -0.0003934693813789636 -0.0026839065831154585 0.010692165233194828
v -0.00018733552133198828 -0.002398234559223056 0.01071156281977892
v -0.00024921103613451123 -0.0024421869311481714 0.010688752867281437
v -0.0003541618643794209 -0.0025876692961901426 0.010678891092538834
v -0.00037690866156481206 -0.003069498110562563 0.010538146831095219
v -0.0004316334379836917 -0.00335595547221601 0.010396802797913551
v -0.0003902491880580783 -0.002749148290604353 0.010664920322597027
v -0.0005822316743433475 -0.003663950366899371 0.010232046246528625
v -0.0008328233961947262 -0.003941637929528952 0.010070412419736385
v -0.0021903160959482193 -0.004483476281166077 0.009335648268461227
v -0.0021769145969301462 -0.0046892291866242886 0.009461690671741962
v -0.002183216158300638 -0.004258595872670412 0.009261619299650192
v -0.0014020480448380113 -0.004194410517811775 0.009749019518494606
v -0.0011039889650419354 -0.0041143824346363544 0.009922439232468605
v -0.00044596692896448076 -0.0033984221518039703 0.010373653843998909
v -0.00015582687046844512 -0.004938217345625162 0.008652208372950554
v -5.751164735556813e-06 -0.004813043400645256 0.00852903351187706
v 9.666920232120901e-05 -0.004711611662060022 0.008424155414104462
v 5.009083542972803e-05 -0.004759650677442551 0.008474322035908699
v -0.00028173744794912636 -0.005026543512940407 0.00873401015996933
v -0.00044254030217416584 -0.005122330505400896 0.008815590292215347
v -0.0007188434829004109 -0.00525619275867939 0.008906343020498753
v -0.0005897317314520478 -0.005197669845074415 0.008871084079146385
v -0.001205635373480618 -0.005425736773759127 0.008938209153711796
v -0.001052916282787919 -0.005380756687372923 0.008944828994572163
v -0.0009638287592679262 -0.005351106636226177 0.008941730484366417
v 0.00033441086998209357 -0.00335000385530293 0.008067089132964611
v 0.00023296855215448886 -0.0033500059507787228 0.008246304467320442
v -0.0009652869775891304 -0.0030553757678717375 0.008899015374481678
v 3.42724597430788e-05 -0.003873772919178009 0.008490384556353092
v -8.601096487836912e-05 -0.003942706622183323 0.008598807267844677
v 0.00018622729112394154 -0.0036360754165798426 0.008313474245369434
v 4.9274603952653706e-05 -0.003860579337924719 0.008475163020193577
v -0.0008571015205234289 -0.002821271773427725 0.00869479589164257
v -0.0006944980123080313 -0.0027335186023265123 0.008422630839049816
v -0.0005210459348745644 -0.0028156281914561987 0.008155448362231255
v -0.0003832224174402654 -0.0030456003732979298 0.007964840158820152
v -0.00022732868092134595 -0.003969659097492695 0.00870078057050705
v -0.0005676646251231432 -0.0039012636989355087 0.008863837458193302
v -0.0008955386583693326 -0.003686905140057206 0.008935867808759212
v -0.0009435181273147464 -0.003633848624303937 0.008940303698182106
v -0.0009900677250698209 -0.0033730973955243826 0.008980571292340755
v -0.0009684028336778283 -0.00367909693159163 0.008986146189272404
v -0.0010349625954404473 -0.0036845661234110594 0.008944617584347725
v -0.0015372076304629445 -0.003836787538602948 0.008870286867022514
v -0.0015704818069934845 -0.0038448062259703875 0.008860833942890167
v -0.0021116158459335566 -0.004146180581301451 0.009076787158846855
v -0.001964579103514552 -0.00402224063873291 0.008928093127906322
v -0.0019130160799250007 -0.00398947624489665 0.008898512460291386
v -0.0017694924026727676 -0.003915055654942989 0.008852523751556873
v -0.001484062522649765 -0.003350004553794861 0.008677259087562561
v -0.0024780798703432083 -0.003350005717948079 0.008350287564098835
v -0.002528983633965254 -0.00335000385530293 0.008333543315529823
v -0.0013234502403065562 -0.003350005019456148 0.008719343692064285
v -0.0009907219791784883 -0.0033500036224722862 0.008943206630647182
v -0.0027693964075297117 -0.003350005717948079 0.00801353994756937
v -0.002748359926044941 -0.0033500047866255045 0.008121193386614323
v -0.0027320466469973326 -0.0033500040881335735 0.008158831857144833
v -0.002678970107808709 -0.00335000385530293 0.008236094377934933
v -0.002637298312038183 -0.003350005252286792 0.008275141939520836
v -0.0026733512058854103 -0.00335000385530293 0.007812336552888155
v -0.002863336354494095 -0.0031500032637268305 0.007749841548502445
v -0.0028633358888328075 -0.0024500060826539993 0.007749842945486307
v 0.0004949346766807139 0.0013577635399997234 0.010711748152971268
v -0.0004461152129806578 0.00023948686430230737 0.0123672503978014
v -0.000536558567546308 0.00010129285510629416 0.012338434346020222
v -0.0005396357737481594 6.77507123327814e-05 0.012161016464233398
v -0.0015541751636192203 0.001629165606573224 0.013960156589746475
v -0.0012403663713485003 0.002382747596129775 0.013357969000935555
v -0.003144002752378583 -0.0026009432040154934 0.01706526055932045
v -0.0032577714882791042 -0.0027282414957880974 0.017264364287257195
v -0.0006163567886687815 -2.477478665241506e-05 0.012674900703132153
v 0.00043408822966739535 0.0012235005851835012 0.010826945304870605
v 0.0005008878069929779 0.001586484839208424 0.010672085918486118
v 0.00047879762132652104 0.0013034386793151498 0.010744762606918812
v 0.0005067950114607811 0.0014369335258379579 0.010682312771677971
v -0.0007623573183082044 0.003307597478851676 0.012470061890780926
v -0.0015422170981764793 0.0016664162976667285 0.01393608283251524
v -0.0009620273485779762 0.0029476459603756666 0.012837479822337627
v -0.0005606187041848898 0.0037442916072905064 0.011847583577036858
v -0.0006153804715722799 0.0037221009843051434 0.011942990124225616
v -0.0007434976869262755 0.00362011487595737 0.012204512022435665
v -3.381747592356987e-05 0.00477998424321413 0.009651634842157364
v -0.0004195617511868477 0.004148474428802729 0.01107044331729412
v -0.0005676891305483878 0.00501280790194869 0.009602425619959831
v 0.00025875860592350364 0.007099995855242014 0.0048561678268015385
v -0.0009157257154583931 0.004996399395167828 0.009533318690955639
v 2.2603462639381178e-05 0.007099995389580727 0.004795858636498451
v -0.00023113925999496132 0.007099995855242014 0.004639426711946726
v -0.00045291896094568074 0.0049919625744223595 0.009619433432817459
v 0.0008236736175604165 0.007099996320903301 0.004746222402900457
v 0.0005145689356140792 0.007099994458258152 0.004847083240747452
v -0.0003913885448127985 0.0049750241450965405 0.009627284482121468
v -0.00022449671814683825 0.00490633025765419 0.009643565863370895
v 0.001166048226878047 0.007099995855242014 0.004534054547548294
v 0.0015792156336829066 0.007099995855242014 0.0041620065458118916
v -0.0037885599303990602 0.007099995855242014 0.001660129171796143
v -0.0039259386248886585 0.007100003771483898 0.0014850684674456716
v -0.010882934555411339 -0.0017155548557639122 0.010021384805440903
v -0.00651900889351964 0.004234882537275553 0.005939530674368143
v -0.006843634881079197 0.0038515652995556593 0.006584105547517538
v -0.010158412158489227 -0.0006504995399154723 0.009693491272628307
v -0.009597442112863064 0.00016108374984469265 0.009460707195103168
v -0.009056500159204006 0.000928486930206418 0.00914643332362175
v -0.008550973609089851 0.0016303383745253086 0.00876231212168932
v -0.008075762540102005 0.002274606376886368 0.008309752680361271
v -0.007631590124219656 0.0028608413413167 0.007792516145855188
v -0.007220775354653597 0.003386439522728324 0.007216024212539196
v -0.006947626825422049 0.0037252239417284727 0.006769626401364803
v -0.006296885199844837 0.00446834322065115 0.006167260464280844
v -0.004584135487675667 0.006470924708992243 0.0018161471234634519
v -0.004570715129375458 0.006486672908067703 0.0017894653137773275
v -0.005975690670311451 0.004580642096698284 0.006376206874847412
v -0.011364062316715717 -0.0028174070175737143 0.01104729063808918
v -0.011447468772530556 -0.0028415957931429148 0.010983273386955261
v -0.011508990079164505 -0.002897056983783841 0.010910051874816418
v -0.01152948010712862 -0.0029402882792055607 0.010868556797504425
v -0.011537322774529457 -0.0030252020806074142 0.01080542616546154
v -0.011045790277421474 -0.002447232138365507 0.01076626405119896
v -0.010712954215705395 -0.002099462551996112 0.010743919759988785
v -0.010895331390202045 -0.0019958270713686943 0.010497950948774815
v -0.010958658531308174 -0.0019638584926724434 0.01035789493471384
v -0.011477113701403141 -0.0029528592713177204 0.01133214682340622
v -0.0059027280658483505 -0.004926405381411314 0.00830075517296791
v -0.00588857801631093 -0.0032665077596902847 0.00831671990454197
v -0.005799376871436834 -0.003175999503582716 0.008470741100609303
v -0.005804821848869324 -0.004980262368917465 0.008456336334347725
v -0.005770085845142603 -0.0031500053592026234 0.008621853776276112
v -0.0057700867764651775 -0.005092638079077005 0.008621852844953537
v -0.005760889034718275 -0.005265119019895792 0.008792078122496605
v -0.005737404804676771 -0.00568152591586113 0.009036937728524208
v -0.005728419870138168 -0.0061350371688604355 0.009107132442295551
v -0.008939968422055244 -0.003231644630432129 0.014128658920526505
v -0.009049346670508385 -0.003410599660128355 0.014327527023851871
v -0.008426294662058353 -0.0027021814603358507 0.013235656544566154
v -0.005728003103286028 -0.0064467075280845165 0.009110202081501484
v -0.00932486355304718 -0.004049276001751423 0.014853210188448429
v -0.006300921086221933 -0.009359244257211685 0.01070594135671854
v -0.006783592980355024 -0.009820721112191677 0.011540302075445652
v -0.006827977951616049 -0.009846794418990612 0.01161487028002739
v -0.007368023041635752 -0.00999302789568901 0.012499668635427952
v -0.007427750620990992 -0.009991389699280262 0.012595179490745068
v -0.007972854189574718 -0.00982173252850771 0.013446485623717308
v -0.008043019101023674 -0.00977923534810543 0.013553342781960964
v -0.008542535826563835 -0.009322571568191051 0.01429379265755415
v -0.008615082129836082 -0.009230573661625385 0.014397948049008846
v -0.009024743922054768 -0.008541390299797058 0.014963763765990734
v -0.009089361876249313 -0.008397749625146389 0.015048411674797535
v -0.009375186637043953 -0.007549939211457968 0.015394861809909344
v -0.009420610032975674 -0.0073602208867669106 0.0154426796361804
v -0.009561676532030106 -0.0064392839558422565 0.015547491610050201
v -0.009577224962413311 -0.006216967944055796 0.01554313488304615
v -0.009567083790898323 -0.005311436485499144 0.015407633036375046
v -0.009544260799884796 -0.005077068228274584 0.015340189449489117
v -0.009390913881361485 -0.0042699906043708324 0.014988134615123272
v -0.00571449613198638 -0.007011746056377888 0.009203111752867699
v -0.005677975248545408 -0.007550591137260199 0.009409935213625431
v -0.005666751880198717 -0.007653424516320229 0.009464907459914684
v -0.005896865855902433 -0.008575255051255226 0.009955110028386116
v -0.0029689250513911247 -0.002450003055855632 0.00829554907977581
v -0.0029729718808084726 -0.002450006315484643 0.008389347232878208
v -0.0036575831472873688 -0.002450003055855632 0.008000189438462257
v -0.004376084543764591 -0.0024500039871782064 0.007065946701914072
v -0.004841274581849575 -0.0024500044528394938 0.0070216539315879345
v -0.003976181149482727 -0.0024500046856701374 0.007307691965252161
v -0.0037207691930234432 -0.0024500058498233557 0.007699009031057358
v -0.005523134022951126 -0.0024500046856701374 0.006874928716570139
v -0.005604286212474108 -0.00245000422000885 0.007519668433815241
v -0.005735483020544052 -0.002450004918500781 0.007821912877261639
v -0.0057509830221533775 -0.0024500046856701374 0.007963339798152447
v -0.005279614124447107 -0.0024500046856701374 0.007183584850281477
v -0.005735483020544052 -0.003150003729388118 0.007821911945939064
v -0.003660436486825347 -0.0023684785701334476 0.008162392303347588
v -0.003660437650978565 -0.0018500041915103793 0.008162391372025013
v -0.0037207691930234432 -0.0018500040750950575 0.007699007634073496
v -0.005750982090830803 -0.0018500045407563448 0.007963338866829872
v -0.005604284815490246 -0.0018500036094337702 0.0075196679681539536
v -0.005279614590108395 -0.0018500047735869884 0.007183585315942764
v -0.004841274116188288 -0.001850004424341023 0.00702165300026536
v -0.004376084078103304 -0.0018500038422644138 0.007065946236252785
v -0.0039761802181601524 -0.0018500046571716666 0.007307691033929586
v -0.0007008232641965151 0.00012124853674322367 0.01241231057792902
v -0.0005192426615394652 0.000384183251298964 0.012465397827327251
v -0.0007612244226038456 0.00024045031750574708 0.012493417598307133
v -0.002027250360697508 -5.4481432016473264e-05 0.011232836171984673
v -0.0022534183226525784 -5.599901487585157e-05 0.011181694455444813
v -0.0021362679544836283 -5.87872855248861e-05 0.011189344339072704
v -0.0025252471677958965 -2.865546957764309e-05 0.01127397920936346
v -0.001186210080049932 -0.002741054864600301 0.009495975449681282
v -0.0011517732637003064 -0.0027166553772985935 0.009532032534480095
v -0.0010746425250545144 -0.0025806352496147156 0.009667756035923958
v -0.0010931951692327857 -0.002405008068308234 0.00977584533393383
v -0.0012024585157632828 -0.002236835891380906 0.009827335365116596
v -0.0013731565559282899 -0.0021211763378232718 0.009808429516851902
v -0.0015595507575199008 -0.0020890245214104652 0.009724196046590805
v -0.0017116961535066366 -0.0021489921491593122 0.009597200900316238
v -0.0017888268921524286 -0.00228501227684319 0.009461477398872375
v -0.0017702743643894792 -0.002460639690980315 0.009353388100862503
v -0.0016610109014436603 -0.0026288116350769997 0.009301898069679737
v -0.0014903128612786531 -0.0027444714214652777 0.009320803917944431
v -0.0013039186596870422 -0.002776623237878084 0.009405038319528103
v -0.0036695091985166073 -0.000401664903620258 0.00966461282223463
v -0.0036350723821669817 -0.00037726553273387253 0.009700669907033443
v -0.0035579423420131207 -0.0002412436733720824 0.009836393408477306
v -0.003576494287699461 -6.56180054647848e-05 0.009944482706487179
v -0.003685758216306567 0.0001025557066895999 0.009995972737669945
v -0.003856455674394965 0.00021821365226060152 0.00997706688940525
v -0.004042849875986576 0.00025036552688106894 0.009892833419144154
v -0.004194994457066059 0.00019039610924664885 0.009765839204192162
v -0.004272125195711851 5.4375941545004025e-05 0.009630114771425724
v -0.0042535727843642235 -0.00012125141074648127 0.009522026404738426
v -0.004144309088587761 -0.0002894234494306147 0.00947053637355566
v -0.00397361209616065 -0.0004050813731737435 0.00948944129049778
v -0.0037872176617383957 -0.0004372332477942109 0.009573675692081451
v -0.0012158280005678535 0.00015360159159172326 0.011434453539550304
v -0.0018994107376784086 9.743505506776273e-05 0.011007939465343952
v -0.00032111932523548603 -0.0022529922425746918 0.010317406617105007
v 7.717401786067057e-06 -0.002225975040346384 0.010522579774260521
v -0.00010281547292834148 -0.0022682216949760914 0.01043121237307787
v -0.00016046635573729873 -0.0023574947845190763 0.010338138788938522
v -0.0001596177025930956 -0.002475079847499728 0.010259190574288368
v -0.0001581576798344031 -0.0030564130283892155 0.009867338463664055
v -0.0004544186231214553 -0.003491966985166073 0.00940471887588501
v -0.0015372075140476227 -0.0033719558268785477 0.008870287798345089
v -0.0015372078632935882 -0.003350005717948079 0.008870288729667664
v -0.0010449894471094012 -0.003350004553794861 0.008944761008024216
v -0.0015863383887335658 -0.003350004320964217 0.008857187815010548
v -0.002758276415988803 -0.0033500029239803553 0.008191014640033245
v -0.0029617699328809977 -0.003150003030896187 0.008210440166294575
v -0.0029356142040342093 -0.002234427258372307 0.008843770250678062
v -0.003673465922474861 -0.0022344288881868124 0.008424350060522556
v -0.0036624351050704718 -0.001850005122832954 0.008690292946994305
v -0.0015661587240174413 0.001562377787195146 0.01398815494030714
v -0.0011335226008668542 0.0009653191664256155 0.013373389840126038
v -0.0009104672935791314 0.0008653135737404227 0.013029064051806927
v -0.0007014076691120863 0.0006675337790511549 0.012720043770968914
v -0.0015654955059289932 0.0014444832922890782 0.014002618379890919
v -0.0015403316356241703 0.0013312146766111255 0.013977205380797386
v -0.0014946149894967675 0.00124032620806247 0.013915902003645897
v -0.0013081046054139733 0.0009712937753647566 0.013652409426867962
v -0.0008354948950000107 0.0036058996338397264 0.012258991599082947
v -0.0009008202468976378 0.003567757084965706 0.012320519424974918
v -0.0010191904148086905 0.0034284894354641438 0.012487034313380718
v -0.0012109882663935423 0.0030818574596196413 0.012840081006288528
v -0.0018001587595790625 0.0017807914409786463 0.013955690898001194
v -0.0007319003343582153 0.004279316868633032 0.011086685582995415
v -0.0010684538865461946 0.004255950916558504 0.011053322814404964
v -0.010027746669948101 -0.0010270040947943926 0.010578444227576256
v -0.01027253083884716 -0.0009317074436694384 0.010204162448644638
v -0.009606365114450455 4.8907939344644547e-05 0.009938954375684261
v -0.008965207263827324 0.000970527296885848 0.009564238600432873
v -0.008354072459042072 0.0018257651245221496 0.00908207893371582
v -0.007777431979775429 0.0026084096170961857 0.008496240712702274
v -0.007239299360662699 0.003313228953629732 0.007811886724084616
v -0.006743678357452154 0.0039350236766040325 0.007034224458038807
v -0.009786953218281269 -0.0006567001109942794 0.010491411201655865
v -0.009359280578792095 -7.869984074204694e-06 0.010297947563230991
v -0.008712761104106903 0.0009499984444119036 0.00990462675690651
v -0.008637657389044762 0.0010593498591333628 0.009850505739450455
v -0.008093363605439663 0.001838739844970405 0.009400780312716961
v -0.0075057437643408775 0.0026517410296946764 0.008790471591055393
v -0.006954120006412268 0.00338342459872365 0.008079226128757
v -0.006442700512707233 0.004028240218758583 0.007272615563124418
v -0.006622125394642353 0.0038061996456235647 0.007573970593512058
v -0.008160415105521679 -0.0023880426306277514 0.012768156826496124
v -0.00799684226512909 -0.0018762913532555103 0.012438606470823288
v -0.008212429471313953 -0.0028776023536920547 0.013294731266796589
v -0.00790958758443594 -0.0025186799466609955 0.012762093916535378
v -0.00772571936249733 -0.0019415930146351457 0.01239140797406435
v -0.005602931138128042 -0.007583041675388813 0.009732089936733246
v -0.008698711171746254 -0.0033788252621889114 0.014140107668936253
v -0.009063078090548515 -0.0041528502479195595 0.014826017431914806
v -0.009270770475268364 -0.005125830415636301 0.015287023037672043
v -0.009301976300776005 -0.00620493246242404 0.015479141846299171
v -0.009153715334832668 -0.007287212181836367 0.015384046360850334
v -0.008840135298669338 -0.008269409649074078 0.01501080859452486
v -0.008391150273382664 -0.009057813324034214 0.014395034871995449
v -0.007849595509469509 -0.009577215649187565 0.013595474883913994
v -0.00726714264601469 -0.009778051637113094 0.012688412331044674
v -0.006699358578771353 -0.009641168639063835 0.011760387569665909
v -0.006200410425662994 -0.009179622866213322 0.01089993491768837
v -0.005817905999720097 -0.00843744445592165 0.010189148597419262
v -0.005760889500379562 -0.0018500047735869884 0.008792079985141754
v -0.005669797770678997 -0.004629463888704777 0.009450303390622139
v -0.00572023494169116 -0.0018500055884942412 0.009165117517113686
v -0.0049627795815467834 -0.0018500038422644138 0.007951128296554089
v -0.0017208220669999719 0.0010706433095037937 0.013922055251896381
v -0.0015002571744844317 0.000749740400351584 0.01361081376671791
v -0.0009219584753736854 0.0004904646775685251 0.012718104757368565
v -0.001106422976590693 0.0006649762508459389 0.012990769930183887
v -0.0013032382121309638 0.0007532170857302845 0.013294589705765247
v -0.0026529624592512846 8.50143696879968e-05 0.011313089169561863
v -0.005892251618206501 -0.0001811455877032131 0.009291970171034336
v -0.005923951044678688 -0.00018374979845248163 0.009272188879549503
v -0.005776780191808939 -0.00048021302791312337 0.009075356647372246
v -0.006055017467588186 0.0003814895171672106 0.010635840706527233
v -0.0060671241953969 0.00037449877709150314 0.010761367157101631
v -0.006662985309958458 0.0003255401970818639 0.010389585979282856
v -0.0062691508792340755 0.00024077604757621884 0.009769542142748833
v -0.005971456412225962 0.00011181281297467649 0.009626941755414009
v -0.006007314193993807 0.00026229111244902015 0.009932910092175007
v -0.006030941382050514 0.0003536748990882188 0.010272400453686714
v -0.0026782213244587183 0.00011497677041916177 0.011329294182360172
v -0.0024379249662160873 0.00040052615804597735 0.010906563140451908
v -0.0023026803974062204 0.0002424872072879225 0.010876687243580818
v -0.0021005182061344385 0.00012569577665999532 0.01091271173208952
v -0.005565413739532232 -0.00022903853096067905 0.008703517727553844
v -0.005676283501088619 0.0004625743313226849 0.009107671678066254
v -0.0054842508397996426 0.0010585631243884563 0.009619415737688541
v -0.005022341851145029 0.001456429366953671 0.010150738060474396
v -0.004369993694126606 0.0015877470141276717 0.01061026006937027
v -0.003639402100816369 0.0014299326576292515 0.010918952524662018
v -0.0029562136624008417 0.0010101249208673835 0.011023727245628834
v -0.0018400612752884626 0.001607393496669829 0.014042478054761887
v -0.0018389555625617504 0.0014109020121395588 0.014066584408283234
v -0.0017970178741961718 0.0012221215292811394 0.014024228788912296
v -0.007132154423743486 0.001342684030532837 0.01062884833663702
v -0.007628217805176973 -0.00018488381465431303 0.011625062674283981
v -0.006990851368755102 0.0009150554542429745 0.010837431065738201
v -0.007047649938613176 0.0009829249465838075 0.010816676542162895
v -0.007140105590224266 0.0011719099711626768 0.010735571384429932
v -0.007148982025682926 0.0012600773479789495 0.010685274377465248
v -0.0073627145029604435 -0.0002759723865892738 0.011590268462896347
v -0.00825541466474533 -0.006577997002750635 0.01385092455893755
v -0.009187404997646809 -0.006331488024443388 0.01313443947583437
v -0.007516455836594105 -0.004741889890283346 0.012424785643815994
v -0.006959745194762945 0.0007979195797815919 0.010803001932799816
v -0.006883547175675631 0.0006464415928348899 0.010700825601816177
v -0.008021931163966656 -0.007307001855224371 0.01357271894812584
v -0.007818233221769333 -0.007614896632730961 0.01328679546713829
v -0.007632011082023382 -0.007782372180372477 0.013010385446250439
v -0.007315761409699917 -0.007884137332439423 0.012516927905380726
v -0.007208796683698893 -0.007869722321629524 0.01234359573572874
v -0.006835963111370802 -0.007580457255244255 0.011707955040037632
v -0.006601957604289055 -0.007001710589975119 0.011256694793701172
v -0.006651500705629587 -0.006229430437088013 0.011092372238636017
v -0.0055460138246417046 0.0007116449414752424 0.011473501101136208
v -0.005556770600378513 0.0007554588373750448 0.011528654024004936
v -0.005692589562386274 0.0006603386718779802 0.011328409425914288
v -0.0059077865444123745 0.0005371571751311421 0.011053158901631832
v -0.0025311687495559454 0.0006650350987911224 0.012967586517333984
v -0.0028783271554857492 0.0009755343198776245 0.013199840672314167
v -0.003061675000935793 0.0006259999354369938 0.012395588681101799
v -0.0036639778409153223 0.0005684969364665449 0.0119015546515584
v -0.0033699674531817436 0.0005302861100062728 0.011741463094949722
v -0.0032302262261509895 0.0004904721863567829 0.011665644124150276
v -0.002929244190454483 0.0003432874218560755 0.011494174599647522
v -0.005005001090466976 0.0008331499993801117 0.011727370321750641
v -0.004605486523360014 0.0008324028458446264 0.011841652914881706
v -0.004199374001473188 0.0007645006407983601 0.011904061771929264
v -0.004334158264100552 0.0011850406881421804 0.012506798841059208
v -0.0037736413069069386 0.0011927604209631681 0.012848438695073128
v -0.0031977046746760607 0.0011070312466472387 0.013150288723409176
v -0.0029533817432820797 0.0010210472391918302 0.013215648010373116
v -0.003035229165107012 0.0010560480877757072 0.013204320333898067
v -0.005543710198253393 0.0008083255379460752 0.011599560268223286
v -0.005389789585024118 0.0009269177680835128 0.011782558634877205
v -0.004882195498794317 0.0011014856863766909 0.012156716547906399
v -0.007359469309449196 -0.0077329399064183235 0.012283014133572578
v -0.0070200273767113686 -0.0074745407328009605 0.01170495804399252
v -0.006797454319894314 -0.006914831697940826 0.011274526827037334
v -0.007739771623164415 -0.007652423810213804 0.0128819290548563
v -0.0074522839859128 -0.007744938135147095 0.012433351948857307
v -0.008295136503875256 -0.006619648542255163 0.01363601814955473
v -0.008078202605247498 -0.007250835653394461 0.013371455483138561
vn 0.8463484132500474 0.06954199543473474 0.5280703307894531
vn 0.9209943165147696 -0.19323932985350142 -0.33827212469439777
vn 0.7770747975033191 0.5929361397619526 -0.2111433002710954
vn 0.6410732724668787 -0.745326782559468 0.18306568910682966
vn 0.21723511730287534 -0.5112368095296851 0.8315322172906557
vn 0.07331682736654394 0.2749396818489377 0.9586619916162888
vn 0.3532357883360524 0.8270258786469409 0.437324449221471
vn 0.6465023708160472 -0.3979390744790247 0.6509064276315045
vn 0.25369776360331214 -0.9329574610248667 0.2553973779440822
vn 0.5448081046840706 -0.3891869725098852 0.742776971572989
vn 0.21191872032024422 -0.929137945241089 0.3029738184909668
vn 0.2491913164483112 -0.9286420843909908 -0.27482279182177277
vn 0.28211764935322736 -0.9324120698229422 -0.22587023702096376
vn 0.6341436077052651 -0.38779015114946414 -0.6689399700107825
vn 0.7185188786793861 -0.3936331264331483 -0.5733965318658483
vn 0.7710604848595624 -0.4702703552492121 -0.4293151775350091
vn 0.9617188791832209 -0.12812975299524965 0.24223865054930005
vn 0.7990392913631839 -0.32110740321244935 -0.5083564167589294
vn 0.9749801299517685 -0.07354971627533427 0.20977174603613988
vn 0.690626748613234 -0.23301383249892402 0.6846453446596098
vn 0.7186450691600426 -0.26095104700155997 0.6445570693435511
vn 0.09052960873974243 -0.7096367650461217 0.6987274516120748
vn 0.14558541834230776 -0.777110689201714 0.6122939348830206
vn 0.6368646629548584 0.6943669903387127 -0.33504907671466944
vn 0.9500807487380235 0.19887357246080994 0.2404077225341806
vn 0.6389144969281818 0.6741069171882327 -0.3706320679784546
vn 0.9638773772446081 0.18822053421817345 0.18845007862742083
vn 0.8162418373592943 -0.02338209542495994 -0.577236988210095
vn 0.9824456457004811 0.03788808078036955 0.18266101548755476
vn 0.8162399916346753 0.07996651988808927 -0.572151755877069
vn 0.9810097687907192 0.07755745696945042 0.17777703565312225
vn 0.995043087209025 -0.09923903511580161 0.006392848099020151
vn 0.8981770686901801 0.4299086362133168 0.0919593268152912
vn 0.8066375156240397 -0.47083082534969184 0.3572873525447061
vn 0.5213668062739486 -0.31327051518572685 0.7937494803972928
vn 0.4245003866219852 0.21587583570924845 0.8793162373768714
vn 0.6129032329392138 0.5874697100109799 0.5284212021411281
vn 0.84634891577747 0.06954068171716872 0.5280696983813904
vn 0.9209940131171931 -0.19324093383614604 -0.3382720344521873
vn 0.7770753998879034 0.5929354046790939 -0.2111431475731433
vn 0.6410738116442612 -0.7453264317447527 0.18306522926687288
vn 0.2172349654601635 -0.5112370975447522 0.8315320798835959
vn 0.07331753584145759 0.2749387197734406 0.9586622133512294
vn 0.35323848334112995 0.827024459632128 0.4373249559046968
vn -0.6007738923653269 -0.30959953795970147 0.7370338230687611
vn -0.5667287761832717 -0.773547591926692 0.28362407738100603
vn -0.5781478452763485 -0.3355700810768744 0.743732337395904
vn -0.5315140741245887 -0.8025832088702938 0.2708375561973326
vn -0.21262011459731459 -0.9340109038100713 0.28708242445771287
vn -0.5528725961803048 -0.39377707672568785 0.7343510783257701
vn -0.1478890016913271 -0.9344958821945419 0.32379976735659866
vn -0.3747340831324291 -0.3856585349832807 0.8431143821175435
vn 0.3086611954640463 -0.9382805538472044 0.15607007620581465
vn 0.8162398492959533 -0.38315779961823737 -0.43236860317676906
vn 0.3241046904876024 -0.9386357851581437 -0.1179788643125979
vn 0.7459819021689786 -0.3761344010004197 0.5495761221345119
vn 0.8467467074593044 -0.3953218856275413 0.3560064889165818
vn 0.3348941049101455 -0.9420443249244012 0.01996067068416267
vn 0.9124966166663891 -0.40526740835215636 0.05575170221544085
vn 0.8856090021107162 -0.39248654828025115 -0.24829620375574707
vn 0.2453940425590343 -0.38437182924192564 0.8899663256335888
vn 0.10400429523744968 -0.9305825334079365 0.35099751436189425
vn 0.14392457283713206 -0.3942529783607414 0.9076620000789577
vn 0.0658004803345217 -0.9295489275843073 0.3627796686897023
vn -0.9096848681903182 -0.3902406896692936 -0.1420761933330051
vn -0.3578221787668914 -0.9319751675131274 -0.058185698598476894
vn -0.8581949322410852 -0.38970208683661395 -0.3341163596576909
vn -0.3364081376865163 -0.9329312478028688 -0.12833102419630243
vn -0.3117385679120919 -0.40915377841161915 -0.8575618058703488
vn -0.15994930268372684 -0.39606288634581993 -0.9041849427138277
vn -0.2599999657539729 0.40324282837498115 -0.8773797576717157
vn 0.1001702619471289 -0.3563118724732224 -0.9289821140130039
vn 0.204648392170165 -0.37922593803540544 -0.9023894522340857
vn 0.1745033874053821 0.39918394294754395 -0.9001115194668378
vn -0.3884207149628747 0.3952270416217628 0.8324211276503249
vn -0.2994866314998037 -0.39762917309602713 0.867293951469668
vn -0.4692270503309647 -0.40672099049397137 0.7838392763375059
vn -0.5234102172194973 -0.42343083047413116 0.739424151833186
vn -0.569639441101061 -0.4314220696979892 0.699561223138886
vn -0.7304569010986232 0.39443913471692704 0.5575396709124454
vn -0.11347449266095336 -0.39617497483987185 0.9111360649354004
vn 0.04333123160564047 0.39530407792044303 0.9175277054928678
vn 0.0833673614124709 -0.3919047835752488 0.9162207832514823
vn 0.28437038894568445 -0.3880627731084628 0.8766645687024482
vn 0.466662284317398 0.39919127266748133 0.7892228077176839
vn 0.4208047288933162 -0.35179963664998987 0.8361581165030678
vn 0.7761987782091576 0.404970827150839 0.48323295196351834
vn 0.4902123782656238 -0.3764919927908331 0.786095161898067
vn 0.5760230086297581 0.3962568941473138 -0.714967109292341
vn 0.8417322992160516 0.3998065240192091 -0.3628243098362301
vn 0.338578807034345 -0.3543754824147471 -0.871654982714213
vn 0.455839903306001 -0.38497642009853345 -0.8024980613821402
vn 0.5663071927264572 -0.37633004737322306 -0.7332611123674478
vn -0.07544877662720678 -0.40807757631262814 -0.9098242543569989
vn -0.8886645454193522 0.3965767783849989 -0.23022203317752127
vn -0.8352456770984283 -0.4586900068228337 -0.30326248783728044
vn -0.7802626993462506 0.393457595637517 -0.48619053923749583
vn -0.738536518943096 -0.4405555240655069 -0.5103671623476383
vn -0.5973115806624602 0.39825749240854347 -0.6961392427862204
vn -0.6414151528877231 -0.43461624939438875 -0.6322146134093812
vn -0.5566833055992942 -0.4250567778617018 -0.7137439546930472
vn -0.44375079760667124 -0.44033391122231086 -0.7805070635497829
vn -0.6810254670742673 -0.4262957283065022 0.5953790937074501
vn -0.8004162338336102 -0.44209015389638856 0.4048334823646471
vn -0.9048102771827446 0.39889547115345175 0.14899921274205002
vn -0.8707784899049397 -0.46597192986283636 0.1568916253302794
vn -0.8744561712399727 -0.480179651877436 -0.06894857868869997
vn 0.911950035490142 0.40448764729593667 0.06882496606992815
vn -0.5197793249955097 -0.41036164672671394 0.7492881770073192
vn -0.06675116523162235 -0.9448863154226562 0.3205216574074479
vn -0.4945175276406582 -0.3919189569263493 0.7757911742588551
vn -0.046500487999026174 -0.9283840684778195 0.36870140495043324
vn 0.16716752367794002 -0.9265600196618857 -0.3369592690393772
vn 0.0534946553104253 -0.9385639335437284 0.340934105809528
vn 0.08981445299622087 -0.9301078293139254 0.3561359149003749
vn 0.1257604171693419 -0.9270284552986564 0.3532740586852932
vn 0.173089425332261 -0.9326180010808798 0.3166444613411889
vn -0.0039801042372912465 -0.9525783245962453 0.3042674716095545
vn -0.02814915672421672 -0.9732581298514631 0.22798297667533893
vn -0.04600474388226431 -0.9913982690615134 0.12252769336832536
vn -0.04922452673097127 -0.9987718710447505 -0.0056298825813793935
vn -0.039920398912568496 -0.9912440304811004 -0.12586355225499057
vn -0.007556982978792731 -0.9722944889522658 -0.2336371519286064
vn 0.03946597343306321 -0.9511734627081083 -0.30612330976396995
vn 0.08526543617918457 -0.9368976783066691 -0.33904652450179534
vn 0.1338445432073639 -0.9273237798891828 -0.3495085771560556
vn 0.1944775983844957 -0.9320973590410143 -0.3055699216142933
vn 0.9633698220668704 -0.19774675021289556 0.18114858186330132
vn 0.9202427086271915 -0.2223774705737037 0.32202735566987417
vn 0.7534135108604753 -0.6419714186676244 0.14227009266451685
vn 0.7684890015166357 -0.2719601604784797 -0.5791910959782478
vn 0.6794536902429874 -0.7086935430668484 -0.1899898545463516
vn 0.6045753867006843 -0.7666160506180727 -0.2163063400144954
vn 0.7851266402490261 -0.6015701402443442 0.14727364033552084
vn 0.7746874381253276 -0.6274807576963148 0.07827689270580028
vn 0.9771651188139396 -0.2069707025765062 0.048077633555808276
vn 0.7760981543101608 -0.6290502785910143 0.044355404190795894
vn 0.9770735648792009 -0.20965085108656747 -0.037064396028099876
vn 0.7708657183432709 -0.6368038062617216 0.0157148532826919
vn 0.9720777958664544 -0.20822052206433467 -0.10820800790455448
vn 0.7704033784530044 -0.6374209526735392 -0.013159162623595493
vn 0.9457154910155435 -0.21857464026600432 -0.2405147327832875
vn 0.7620593237958986 -0.6437836711040301 -0.06934098236653287
vn 0.8971698793986557 -0.2392394668545754 -0.3712824867926582
vn 0.7650661801829568 -0.6353114065382234 -0.1051339938492008
vn 0.6991130961116541 -0.6992921745969547 -0.14910175516283974
vn -0.031205997730930236 -0.920008099786487 -0.390654939854694
vn -0.1388919677622373 -0.38297949396539155 -0.9132555658155861
vn 0.07891989909261894 -0.9153888529675989 -0.39475929044149743
vn 0.028694194786182108 -0.3794663973262371 -0.9247604535693656
vn 0.1814529752932313 -0.9096783246813421 -0.37357751988333127
vn 0.1883717471632034 -0.38714873072665745 -0.9025696345254588
vn 0.2977475951511075 -0.8838193516441432 -0.36084584415101517
vn 0.3260904019060839 -0.35440676688054473 -0.876390833688947
vn 0.3806043870021825 -0.8644334089004012 -0.3284740205427588
vn 0.4631557894921948 -0.35166499160772274 -0.8135222482129189
vn 0.47213830367179604 -0.8281652968845954 -0.30203917501206484
vn 0.5717471080063077 -0.318216726820622 -0.7562032526100327
vn 0.5491410057504258 -0.7956420253450464 -0.25573017676497106
vn 0.6405498870582804 -0.30200711297676475 -0.7060365046518938
vn 0.6796673320215607 -0.3162704515384992 -0.6618348126733191
vn 0.837646811600225 -0.25820795671281593 -0.4813278197924671
vn -0.26727019071226377 -0.37629876447925187 -0.8871109767148745
vn -0.11231490706304138 -0.9191097805044067 -0.3776540388140471
vn -0.5705288940758205 -0.3769194486575971 -0.7296769903513979
vn -0.24397280246635708 -0.9175664242704773 -0.31392535531269605
vn -0.659657322104743 -0.37901464966702697 -0.648999316433677
vn -0.2883244832679859 -0.9171091779928728 -0.27528121619443285
vn 0.4226420449887985 -0.8869525463612005 -0.18624951627069875
vn 0.50755011908686 -0.8130305731454794 -0.285261570748055
vn 0.7444473987712156 -0.6579210820621362 0.11374497897032015
vn -0.08404128301707275 -0.48110257173004584 0.8726267118439479
vn 0.6130799827256639 -0.3988009713840306 0.6819756007396843
vn 0.6153432258096946 -0.30447346382048535 0.7270822678894563
vn 0.6395491370904235 -0.528038702925588 0.5587056733733399
vn 0.03196375165473393 -0.7861297187872495 0.6172344642189341
vn 0.6378148803395439 -0.5857361517489148 0.5001053278578679
vn 0.06767593638158041 -0.8522144130081604 0.518797226183827
vn 0.6139570286991817 -0.6593706978833727 0.4339205568807108
vn -0.10247785690511171 -0.34167127994853463 0.9342157273898066
vn 0.6115751179204503 -0.19536666300460073 0.7666862083845215
vn -0.1405857802140647 -0.19956904850840795 0.9697462726296253
vn 0.5908733582856699 -0.09948959342972663 0.8006063297697578
vn -0.14923673704359758 -0.04967781269188132 0.9875527890916669
vn 0.5828169185961226 0.019231764466658315 0.8123758850640629
vn -0.1656027847257429 0.03336866075852338 0.9856278456751625
vn 0.6057950745019816 -0.4635214886241523 0.6466530424368142
vn -0.0076392163274992455 -0.577173804128872 0.8165856000452789
vn 0.6208934985659849 -0.4833360217172146 0.6171527797466909
vn -0.016425056509569727 -0.6945177352355337 0.7192880736964589
vn 0.0017666621936341196 -0.7486466420756517 0.6629668801784483
vn 0.7188245088511948 -0.6900996199725511 0.08398714180503498
vn 0.7046322059219672 -0.6919794914591699 0.15702814326563
vn 0.36516461261625466 -0.9282050906958872 -0.0713450439698559
vn 0.6898018026088585 -0.699945605183064 0.185066536419969
vn 0.3247894246991869 -0.9457859672653858 0.0008565789219850843
vn 0.6820121248080191 -0.6992411160009666 0.2142926114185324
vn 0.2868183530440838 -0.9561387408947503 0.05944695549210916
vn 0.668437994136483 -0.7045658841313142 0.23828042914401212
vn 0.22423924086526392 -0.9577975638186829 0.17983489538787029
vn 0.6440770917990282 -0.7085425916194963 0.28832637007536144
vn 0.1667290026150126 -0.9367076855200555 0.30786385233519054
vn 0.6172728136125032 -0.722132185202577 0.31224890819577705
vn 0.6351065337804211 -0.6656861035079741 0.3917929329962315
vn 0.118248839896635 -0.898906666007491 0.4218815208922959
vn 0.5404304806383305 -0.7828204221542608 -0.3084267858913163
vn 0.7768032309376857 -0.6178073797757223 0.12202779150434973
vn 0.635652822852028 -0.6775581805779068 -0.36994648360567606
vn 0.8744423853281654 -0.45546826593936124 0.16703045669511657
vn 0.5959446168132465 -0.7528707837965525 -0.2793485217374123
vn 0.8502419218977322 -0.48419603569836744 0.20650150910256243
vn 0.9807533780806084 -0.029824433360583637 0.19295935986159254
vn 0.8058887204604303 0.1486270563689848 -0.5731085135903506
vn 0.7989363342891691 0.001022856036940976 -0.6014147383612349
vn 0.802407712276475 -0.2092854704519083 -0.558875169547688
vn 0.9838995195107075 0.014634001008092944 0.178122377934649
vn 0.9837770204578765 0.050747356652965134 0.17206824172914562
vn 0.7839335111255452 0.288755327006683 -0.5496076885012057
vn 0.9330524615089486 0.1527314586843739 0.3257087742143825
vn 0.6055376488840425 0.7496074907331789 -0.26723167031752315
vn 0.95743888049403 0.13493188715845456 0.25515519972400447
vn 0.6627754924136977 0.650398124398122 -0.3710942285123625
vn 0.9750435482908432 0.09128340191893394 0.20237939487632667
vn 0.7216984594277469 0.521387979304561 -0.4553085862317156
vn 0.7450736222471642 0.4183558951650535 -0.5194647653230551
vn 0.8864688525578001 0.1599456243051082 0.4342699283976574
vn 0.41941601931518085 0.907218710363395 0.03231739946818859
vn 0.5319857298442056 0.8352464362862617 -0.1391207170525927
vn 0.1681152481450219 0.8496334852965057 0.49986018445566366
vn 0.18926155286261734 0.937165969603855 0.29308703489662746
vn 0.3638386573427209 0.9157112696541425 0.17057051929171252
vn 0.8533837972367629 0.0967219994599572 0.5122313436663474
vn 0.7690729363368044 0.08242662321507092 0.6338238480679361
vn 0.06891315660886388 0.7239671563301298 0.6863836634138867
vn 0.7087411265514845 0.01452573976565359 0.7053190897875892
vn -0.032105044106706455 0.5450891627549616 0.8377631352536357
vn 0.6623681358448087 -0.033326444906754425 0.7484369049474713
vn -0.09038193042719765 0.37479045290997975 0.9226934610474843
vn -0.14431633351819742 0.1875941277270588 0.9715869694073652
vn 0.6341632911768134 -0.09250525648861256 0.7676455546968067
vn -0.14761412064467586 0.05954481049771654 0.9872509746407396
vn -0.1477389018368407 -0.07043511213115798 0.986515135141431
vn 0.6312268018897541 -0.13762231825912347 0.7632907847557296
vn -0.11564679066136684 -0.2575501223558737 0.9593194224470807
vn 0.6398744346267565 -0.17304182410525962 0.7487437712738672
vn -0.06302469229359559 -0.43822843414854146 0.896651396957042
vn 0.6643627249804132 -0.20115236111982213 0.7198332426836931
vn 0.011712725349113643 -0.5975721936716595 0.8017295587761106
vn 0.930934881796837 -0.19775232550330812 0.3070085725381993
vn 0.7135786621597046 -0.6254676864195804 -0.31558781053029233
vn 0.6092410697912873 -0.7702376121558522 -0.18857184227773427
vn 0.8655591451787932 -0.27137884424452535 0.420904845652628
vn 0.5398804452138832 -0.841702866205138 -0.008086402025308245
vn 0.39511976991482767 -0.9060086091109294 0.1517523233408059
vn 0.7833118264102219 -0.27594613888257263 0.5570245156558934
vn 0.30619279788832654 -0.8829424550572043 0.35589126370125373
vn 0.1614786563591071 -0.8759577357460705 0.45455768470797486
vn 0.8221540740901697 -0.5421571845935326 0.17357495686460753
vn 0.9202128220100215 0.02748239343376339 0.390452404602026
vn 0.5681670763362011 0.09316626847882564 0.8176222965314148
vn 0.9845147529662602 -0.16315302535223786 0.064123252492335
vn 0.9910158420088153 0.03562261818510749 0.12891326526466032
vn 0.9317615872443628 -0.35278083462261967 0.08582556296834579
vn 0.9617893053738834 0.15780560957006212 0.22373806483619102
vn 0.9722306400790328 0.12413106236231082 0.19839118389766872
vn -0.10237977319586379 0.7434608541826965 0.6608966184951309
vn 0.520251832483477 0.5324799674497861 0.6676848920428399
vn -0.11220349116435514 0.765910597443866 0.6330808268252253
vn 0.4813486919455289 0.5835341340387884 0.6540576053941501
vn 0.810140836450004 -0.12878632337227877 -0.571914248841851
vn 0.9871608686667822 0.022330094384309263 0.1581606343494861
vn 0.8038450125277197 -0.24799878374524295 -0.5406753176308223
vn 0.9823233622310446 -0.06861924036301614 0.17416145344793948
vn 0.7369429929404925 0.41321102176147406 -0.5349501627728961
vn 0.7898847264884383 0.0874130911104698 -0.6069934681384944
vn 0.7863687874429566 -0.1300642814434404 -0.6039101032671134
vn 0.7340536958447513 -0.4114959487993041 -0.5402187110221394
vn 0.71065282548624 0.5529205630598563 -0.43503035822111924
vn 0.7882828940429317 0.20061671844497866 -0.5816897895267442
vn 0.770665484749787 0.3590903534790686 -0.5264302695074188
vn 0.9751303949354241 -0.0502539458569884 0.21585933799325674
vn 0.5563608105631814 -0.8284728700819606 -0.0639949373594408
vn 0.8788794206117745 -0.2933027681076212 0.3762239363006004
vn 0.6354375489274805 -0.7540946471738478 -0.16601320585057594
vn 0.9065810230641353 -0.23069599704149257 0.3533980837087508
vn 0.7496729617546791 -0.5443553721785547 -0.37638767141647284
vn 0.9495484150549598 -0.14842373198557968 0.2762755929322868
vn 0.8056422922574635 -0.30392084772868105 -0.508500359136569
vn 0.7938930418397014 -0.12000344167528548 -0.5960981564344856
vn 0.8394301774243526 -0.027159614635205866 0.5427884786564535
vn 0.8217860431806601 -0.01584140741436553 0.5695759379087274
vn 0.7914685922750986 0.10181058793656311 0.6026707821241089
vn 0.7904805831468943 0.06833750944708479 0.6086628233022909
vn 0.7957354713657453 0.034967246215733126 0.6046340639613546
vn 0.8066165390315304 0.005740278103220958 0.5910472131463723
vn 0.8574178581177784 -0.026865376071784266 0.5139191260784549
vn 0.8735806828732058 -0.014974081996685503 0.48644893604482287
vn 0.8859693690085758 0.0070648437773650884 0.4636899450720787
vn 0.8930849688490552 0.03660799016662039 0.4483961345415935
vn 0.8779455213782573 0.13267984791045184 0.460008390630344
vn 0.8888195396711264 0.10344380965628665 0.4464293943532403
vn 0.8940770893414535 0.07007455367012762 0.44239768901142207
vn 0.7985891233067184 0.13134460431695114 0.5873704172436933
vn 0.8109776363094653 0.15338721263082425 0.5646128199104753
vn 0.8627733889891259 0.15426294513199498 0.4814821107906517
vn 0.8451275642294732 0.16558253773802314 0.508273374647732
vn 0.8271400283224101 0.16527857010607944 0.5371427815865092
vn 0.9950431378778614 -0.09923846166357922 0.006393863372461709
vn 0.898176921436451 0.4299091791583784 0.09195822678971592
vn 0.8066380547769894 -0.47082951988917093 0.35728785563817816
vn 0.5213674576407653 -0.31327212999094894 0.7937484152325213
vn 0.4244995678504184 0.21587824622704258 0.8793160408526302
vn 0.6129045465751776 0.5874669180764044 0.5284227823942558
vn 0.6128274446936837 0.003203859373720821 -0.7902102620918838
vn 0.5049634669077596 0.2646209328669213 -0.8215763257160811
vn 0.5878241995975864 0.03465229809538168 -0.8082462054375299
vn 0.8215152311497939 -0.018399225908850538 -0.5698896327139633
vn 0.7534636202093963 -0.0521003510258512 -0.6554220979215867
vn 0.7827374572863848 0.011211519957797265 -0.6222510544636151
vn 0.6914728231447482 -0.04498441152978654 -0.7210005114918788
vn 0.689407532372278 -0.025850271072647313 -0.7239122997945519
vn 0.6493563270832725 0.012099364696208146 -0.7603880363675314
vn 0.6923422187384395 0.03081259908565042 -0.7209111151105396
vn 0.7952006360625492 0.18472796402019362 -0.5775218850525679
vn 0.8719333733258826 0.02366731957827369 -0.4890521960532707
vn -0.8215709218309669 -0.27510928555437325 -0.4993356600560163
vn -0.6385490823920341 -0.7401078525072213 -0.21093941318170129
vn -0.8318116383475445 -0.2663897982430227 -0.48695572047324376
vn -0.6824549344750281 -0.7079770120153507 -0.18172455218957317
vn -0.7327673940080378 -0.36916778247081605 -0.5716354560943971
vn -0.33772896260053675 -0.9088203481805698 -0.24491778733630826
vn -0.7640694417571398 -0.3722689611826476 -0.5268906041228344
vn -0.3614917134335377 -0.9072793194964565 -0.21486734868967866
vn -0.2243669877967815 -0.9318860326791631 -0.28504013205948475
vn -0.5767541388889592 -0.3933961529293829 -0.7159567934832497
vn -0.27845725264715193 -0.9371260551958936 -0.21037184964054248
vn -0.7350678903513347 -0.39716463526524415 -0.5494865321998927
vn -0.7599673292896845 -0.40246244415009846 0.5103661817372243
vn -0.2788606033543237 -0.9418247892141226 0.1876241730658287
vn -0.9041410019884061 -0.40180517137740973 0.14519522298537052
vn -0.3319315922598909 -0.9418254174618632 0.052785424906885564
vn 0.16765418029469487 -0.9813203376530872 0.09435290529784797
vn 0.8637540292970696 -0.43897257021022756 0.24745112542905043
vn 0.1516375583747638 -0.9867248535508214 0.058138750203718
vn 0.8798353368913381 -0.4443456260894741 0.16866162732660603
vn 0.1546213974877915 -0.9806673965089973 0.11993198432106165
vn 0.8408849770227598 -0.43957103635108274 0.31573685153726966
vn 0.1824853191907742 -0.9785952782647918 0.09513353582042479
vn 0.8634242660375888 -0.4361544490174249 0.253511012423045
vn -0.6958519855844807 -0.3152990211573436 -0.6452724551810318
vn 0.013589720516050147 -0.7050875486772096 -0.7089900339191371
vn -0.7048861929079281 -0.3172757464379295 -0.6344064594327692
vn 0.0035866981962644506 -0.7228837625500879 -0.6909603472251336
vn 0.0978931550127047 -0.995191280595563 0.0033533905560783703
vn 0.09083418350268474 -0.9951921874357395 0.036628693319155366
vn -0.09790294291564283 -0.9951903190072103 -0.0033530169672828214
vn 0.07284381542188911 -0.9951901616629388 0.0655005395708722
vn -0.013697685200185133 -0.9951903937493519 -0.09699718351151503
vn 0.0202991946623607 -0.9951928961348491 -0.09580731798141098
vn -0.04604061282008217 -0.9951915865606714 -0.08645211397071316
vn -0.07283664472580048 -0.9951911690652115 -0.0654932072791147
vn -0.09085640656533434 -0.9951898149133646 -0.03663803595633482
vn 0.09315744538439794 -0.9951891099273611 -0.030336872802574327
vn 0.07716969625965013 -0.9951880718295925 -0.060378304607624
vn 0.051844763453089984 -0.9951921229374151 -0.08309487917924825
vn 0.04605246373706382 -0.9951893095440895 0.08647201138463799
vn 0.01369509363347902 -0.995191561874603 0.09698556379151745
vn -0.020300738765071935 -0.9951919654147744 0.09581665815227978
vn -0.093124425947804 -0.9951925009746282 0.030327006046697517
vn -0.07713064517282489 -0.9951931585492133 0.06034435145118496
vn -0.05184388371145921 -0.9951923544446158 0.08309265537154849
vn -0.8383273234984899 -0.31414698564597404 -0.44555467687524786
vn -0.5270108668716638 -0.8300060193778999 -0.1826186025453896
vn -0.8141310421667982 -0.30936587960740053 -0.49140960380841403
vn -0.5757151778182861 -0.7973914787265911 -0.18088356388538937
vn -0.15830778483677255 -0.9310918519704915 -0.3286435887922267
vn -0.0996583834683394 -0.9306693996899523 -0.352026526110208
vn -0.143245491355462 -0.3901824112184988 -0.9095264785491681
vn -0.45270982888441613 -0.38149587290284087 -0.8059247544216162
vn -0.30743322393740397 -0.3928668168417419 -0.8666836083854889
vn 0.07558699373860223 -0.9652372677323152 -0.25020716088516554
vn 0.6145700021070383 -0.4221880728187753 -0.6663789790199893
vn 0.009474107236539154 -0.9481006311520312 -0.317829253690076
vn 0.4170125008341501 -0.414561207355695 -0.8088507770311137
vn -0.03876279197278635 -0.9355928629835969 -0.3509464926347476
vn 0.17715757256046835 -0.3993824455037323 -0.8995047841495568
vn 0.007433601851799077 -0.38439467738747407 -0.9231389243010439
vn 0.13960328926219034 -0.9893428007273658 -0.04137323139554051
vn 0.8897992162828277 -0.45040568900925615 -0.07343071571599429
vn 0.1187375789215256 -0.9795002312454256 -0.16272886757429297
vn 0.8253513621669335 -0.4338227873154646 -0.3613764217198302
vn 0.7502837314140516 -0.4073042246460504 -0.5207471468581341
vn -0.6558413070801581 -0.31503444165724337 0.6860214869062767
vn -0.5385218297109939 -0.819203150751355 0.19723193636877434
vn -0.7419847559331162 -0.317622082014141 0.5904022653918906
vn -0.5372658707477692 -0.8353156535787761 0.11658963511351876
vn -0.8536729957807736 -0.32028304508709127 0.41068380453144143
vn -0.8200444054643292 -0.2792121466153831 0.49956756324753987
vn -0.9354882512246716 -0.27158795575112005 0.2260568824688453
vn -0.9241403073216112 -0.28644758830242123 0.2528091603151368
vn -0.891132771624129 -0.3185596196616015 0.3231132186379161
vn -0.937385424087432 -0.29363866309127984 0.1873096426946327
vn -0.5355646055300793 -0.8442735214331365 0.019307364146917527
vn -0.9472463579406869 -0.3197486656733811 0.022025625262328936
vn -0.4994417291431558 -0.863227969849373 -0.073453599368748
vn -0.9393878051075324 -0.3111171667423662 -0.1440717188536861
vn -0.49052176975445233 -0.8586595938354619 -0.14863409875018485
vn -0.9190383973222758 -0.2468141304215226 -0.3073291546071906
vn -0.8817065508552601 -0.2530429779797033 -0.398199459409583
vn -0.7170592494244918 -0.6906510027080708 -0.0939533143274923
vn -0.9569561403087368 -0.23278807074957272 -0.17333395409468072
vn -0.7166956335213155 -0.6973644845514665 -0.005490407794255582
vn -0.9723286684687568 -0.23021093426975106 0.03974778253466188
vn -0.7041682527381455 -0.7052861388071633 0.0819666654329066
vn -0.9264154404175278 -0.2423081035785667 0.28816872608969335
vn -0.6554006143553908 -0.7270891976586987 0.20442928691996726
vn -0.7725290153653885 -0.25920108992035035 0.5796669003856316
vn 0.771250269961008 -0.4169453834023639 0.4809673256516789
vn 0.07820234079015087 -0.9745678637008818 0.21000445932513143
vn 0.6931493477933599 -0.4368749044294763 0.5733099506666315
vn 0.6219193644252798 -0.428819286172172 0.6552330302721658
vn -0.013244859081996893 -0.950186388280114 0.31140070846915313
vn 0.4041002124313142 -0.3959433645974092 0.8245798144171672
vn 0.511499129084694 -0.3643164656013474 0.7782301419486024
vn -0.08971507058333344 -0.38646825155379627 0.9179289169925845
vn -0.024720312340538803 -0.38549972725828724 0.9223767486453527
vn -0.0803086496775466 -0.9377332831012762 0.3379449815444386
vn 0.08919718900935687 -0.3850010124754055 0.9185957118698855
vn 0.2527428424125018 -0.41133794931258777 0.8757409132069625
vn -0.23754837240617252 -0.358804024352739 0.9026795903727176
vn -0.1854346647739436 -0.9135372025227433 -0.36202729828991564
vn 0.38791930607743536 -0.911519531082543 0.13656777228710174
vn 0.31169250920086305 -0.9120042134629387 0.26663850872279593
vn 0.381188003521422 -0.9221106624077297 0.06639000109451768
vn 0.2088289436714851 -0.9186393320427315 0.3353986432726522
vn 0.3281832049134447 -0.9378586601110095 0.11276931172762208
vn 0.26647422357914163 -0.9392200463159218 0.21646522299485224
vn 0.18389042034717898 -0.935794753491072 0.30078645688115996
vn 0.32502947312048425 -0.37429591477285984 0.8684805177937894
vn 0.12123819152530015 -0.9188472789277385 0.37552760074695596
vn 0.45804091037776284 -0.37737357147406747 0.804852602638034
vn -0.022314359237069682 -0.9431331831290317 0.3316652955205585
vn -0.354884686535053 -0.4101866189892522 0.8401212988997977
vn 0.01595112621327405 -0.9362417908371592 0.3509941177036408
vn 0.022957314260825642 -0.3739342014354705 0.927171060117143
vn -0.14250775360941792 -0.39923103562785633 0.9057075247300901
vn 0.9115621994786164 -0.37946914602585907 0.1582956843887816
vn 0.8673066837884618 -0.3976932809446765 0.2993646113810381
vn 0.7127865675156092 -0.397867852859289 0.5776127429605886
vn 0.5070896373557585 -0.3921963430758679 0.7674908000519103
vn 0.33850716911465717 -0.34878984775701266 0.8739327997961975
vn 0.07413740048559073 0.4337780255597465 -0.8979645151066534
vn 0.04023798360623921 -0.3451356430417705 -0.9376898701476131
vn 0.2209489248124976 -0.7071082093425675 -0.6716990046922424
vn 0.4500610843679588 -0.34050883503893825 -0.8255293777921912
vn 0.46309647264940534 0.42091045972296165 -0.7799846421023195
vn 0.36803698310118 0.5773497171718437 0.7288457197180854
vn 0.7288452467849207 0.5773498764130705 -0.36803766987203945
vn -0.728845276550007 0.5773500455126431 0.3680373456556994
vn -0.36803758941719344 0.5773502583008293 -0.7288449849014172
vn -0.6762143466858168 0.7273980763365523 -0.11673129776609771
vn -0.9524565192538409 0.03258331254473077 -0.30292722999834476
vn -0.869186591924516 0.3731220260357856 -0.3244913282440615
vn -0.8676075480157998 0.3892021816610174 -0.3094815090054916
vn -0.3326046111885792 0.938922575234106 -0.0883095143902886
vn -0.3256806943225906 0.9438696208890115 0.05515636054335817
vn -0.2627413097376506 0.9438707110238538 0.20018762456422948
vn -0.13961332574236665 0.9438702232364413 0.2993611881369166
vn 0.015497575656443217 0.9438694326451151 0.32995502612774535
vn 0.16706056250013201 0.9438693500394781 0.28495862596733673
vn 0.28035050077397633 0.9438697573573488 0.17468107471034144
vn 0.32941845278336357 0.9438690456681966 0.024386627385154236
vn 0.30301547396464706 0.9438701842161317 -0.1314940982926074
vn 0.2071998933168693 0.9438696533265934 -0.25725139793325585
vn 0.06391689798815824 0.943868161410142 -0.3240795026344765
vn -0.0940113145409905 0.9438687831850211 -0.316660058844027
vn -0.2258459034833258 0.9389229500095391 -0.2596484581606153
vn -0.30300917214275785 0.9340984948260144 -0.18880000943097217
vn 0.49018901436132 -0.8093863382029247 0.32343235108742324
vn 0.568784513441504 -0.796603954496385 0.20471032448274976
vn 0.8222377684076232 -0.29550397873463297 0.48641797947449794
vn -0.1997653096970035 -0.36995546642989147 0.9073184523089463
vn 0.11548043417376289 -0.9092975175734496 0.3998028187216807
vn 0.13721500604391287 -0.3540607025392366 0.9251016490277115
vn 0.3174897974017964 -0.8557602083297637 0.40850299189255146
vn 0.3481405641577267 -0.33759351407437904 0.8745448912679393
vn 0.6043382577729842 -0.3073722418283645 0.7350493691891176
vn 0.8997438742627465 -0.24008212714861424 0.3644468863229036
vn 0.7192623248650748 -0.67599307923365 0.16029680239448318
vn 0.8757687601182959 -0.3045098802885157 0.37457016913728797
vn 0.587041135238436 -0.7948980590720441 0.1533616028263441
vn 0.6433306629907201 -0.7498258297444108 0.1545538194417289
vn 0.23948238576880027 -0.9667236943709827 0.08996380187721283
vn -0.4221074797415118 -0.3726838101062391 -0.8263970312331512
vn 0.5635586802465411 0.7315857666701147 -0.38364551336419633
vn 0.705675033328509 0.659507710304767 0.25898325695954033
vn 0.559144621641891 0.7467134536765161 -0.3602447920337449
vn 0.7250486482908306 0.631573854181574 0.27462506135797465
vn -0.17438413278656556 0.09805484371732277 0.9797833545513256
vn -0.14304909973994656 0.4325880597663849 0.890171065363925
vn 0.576587379177915 0.23490513146791905 0.7825385443432057
vn -0.11936445434780929 0.5311822767783047 0.8388071982731586
vn 0.5881515877727328 0.28631118929632793 0.75637531205357
vn 0.5689354083777037 -0.7700014672232988 -0.2888083128444584
vn -0.742498188848048 0.5708825500283751 0.35041340389669506
vn 0.06501192449287466 0.4046613082297163 -0.9121527697132467
vn -0.10687179666126542 0.7295678676519183 -0.6755065844003492
vn 0.14926612651960358 -0.01815420559629563 -0.9886303901322278
vn 0.12040755118361604 -0.44701041736775865 -0.8863880123189094
vn -0.012950033999356802 -0.7758113032601036 -0.6308320841184878
vn -0.45227176510549405 -0.8870734392142177 0.09247142222881892
vn -0.6595521732822639 -0.6411561892542269 0.39231323161428105
vn -0.7803285385984696 -0.3065722596019589 0.545069556562578
vn -0.8183155869202853 -0.036434327884495965 0.5736132320256515
vn -0.8157155333997279 0.23999174643184099 0.5263194184285739
vn -0.5671597613129385 0.8224495189032099 0.04366456232838267
vn -0.3324225949019276 0.8839716442012268 -0.32876944907769196
vn -0.21884636672780636 -0.93562239258504 -0.27697834981002345
vn 0.10358446158374794 0.8836128275579992 0.4566165024321427
vn 0.6984462260487855 0.4012115165115178 0.5926231419179789
vn 0.01500074984904353 0.7925769363528684 0.6095873829611859
vn 0.6675049067343007 0.3655064982196672 0.6487235152550191
vn 0.8991497517689612 0.3331748183035559 0.28376797624504396
vn 0.6096515783391088 0.7222935641790257 -0.32652252628906525
vn 0.9291164995221379 0.2779248840391432 0.24392681104699732
vn 0.6879919946867025 0.5712369018138711 -0.4476107876862467
vn -0.0991676427894444 0.8432236154872885 0.5283367419630499
vn 0.5666484161111264 0.5072432037117671 0.6493180305574261
vn 0.027279283981842737 0.9016833849469001 0.4315355303751227
vn 0.6066910678894006 0.534522478906855 0.5883975422165607
vn 0.11878814978343225 0.949345761238632 0.2909157972494298
vn 0.6334271292250302 0.5846324324733732 0.5069270074300674
vn 0.20781325260364159 0.9708853245666644 0.11914419240306104
vn 0.6718421521936392 0.6090242492524093 0.42156563707014627
vn 0.3660769820451906 0.9168196095743352 -0.15946613031189064
vn 0.701549666656326 0.6235863217776377 0.3449176198836968
vn 0.33898620839735266 0.9385322088691445 -0.0651586021304281
vn 0.28412771287015565 0.9584535761137728 0.025262327958733167
vn 0.4988766357788008 0.8098303769852246 -0.3087018995503503
vn 0.44149763362002914 0.8692549521546317 -0.22243126502936422
vn 0.767190268770173 0.4002445280949515 0.5012219161553086
vn 0.8442799621375878 0.3771646433315547 0.38070746952684603
vn 0.564315133816146 0.1595778815808438 0.8099897094755188
vn 0.9064354428834364 -0.28571224946805357 0.3110358474333997
vn 0.9596363692912134 -0.18351899196424648 0.21311691233218627
vn 0.6066829092058551 0.22285411898179924 0.7630674212219822
vn 0.6395275426579526 0.291880942652501 0.7112032322045283
vn 0.006900769661424374 0.9225228853907982 0.3858806879183206
vn 0.512578403318386 0.6570025939182955 0.5528209222127952
vn 0.2291168570509506 0.9726853898554048 0.03726389911071883
vn 0.6096642662514898 0.6761293364835428 0.41371318906019505
vn 0.46512328229519323 0.8426593627675315 -0.27126653056940864
vn 0.7250307793172169 0.6257641879356836 0.28766221534964154
vn 0.6177783897595648 0.6524206145476577 -0.43897289535839873
vn 0.8129934253447961 0.5345726424488803 0.23081113554453367
vn 0.680364375743948 0.5645405052723161 -0.46733107549726
vn 0.8613503921916963 0.4485717463197333 0.23845102280106859
vn 0.7046534881464706 0.5248113468846363 -0.47753168672261503
vn 0.9170193657389105 0.3321741178360177 0.22076194939271124
vn 0.7308481143090874 0.44091191166940413 -0.5210160457787097
vn 0.9413671158194065 0.28254845568368453 0.18437549578134563
vn 0.9687035165240818 0.17024946505214106 0.180633930155266
vn 0.7806055393706112 0.24968885219483014 -0.5729838296091306
vn 0.811709675257661 0.03616595006360047 -0.5829403289781038
vn 0.7875819583934369 -0.36351070972018484 -0.49756871156844845
vn 0.7396559849321919 -0.5323233020238105 -0.4117534773094891
vn 0.6777859581905704 -0.6799694431164185 -0.27972799521613495
vn 0.5995498986593792 -0.7860896262265156 -0.15034300301838185
vn 0.41940521007505166 -0.7503572732206708 -0.510943472692177
vn 0.9683612021000675 -0.23683312707069262 -0.07865527438913239
vn 0.9875320417935671 0.07296646698667673 -0.1394860606889109
vn 0.9231722237268973 0.37514759989741503 -0.08376946717238064
vn 0.8380901677340548 0.5420265375186702 -0.0617422333012484
vn 0.8583715196715406 0.4843513047026849 -0.16912169538405397
vn 0.9381135716050677 0.22020133580640833 -0.2673093684842655
vn 0.960590554183923 -0.0926848883630134 -0.26205972350164625
vn 0.8138823547219872 -0.5796362337396 0.04021628038947621
vn 0.7894408531996 -0.5919611287335697 0.16237352422105641
vn 0.9122922095490117 -0.38100914726025364 -0.15018306862025532
vn 0.007981707144043932 0.8130529066539475 0.582135090277707
vn 0.1781433128960209 0.9382203243950845 0.2966607202890411
vn -0.036813760693082564 0.922901268150823 0.3832727439686199
vn -0.06811201394481617 0.9876996319276627 0.14074867902165383
vn 0.09701120216169527 0.9951186230295495 0.01810394307646827
vn 0.35803229664422487 0.9335772418306704 0.015697391359697103
vn 0.1398207354892164 0.9709572326891163 -0.19414482794024612
vn 0.5001500924718891 0.8421484511565469 -0.2015834100688585
vn 0.24415151075982228 0.9030559934927431 -0.35338352028713943
vn 0.7993377881780025 -0.2608496013518538 -0.5413100644411459
vn 0.6007561459978469 0.014922741612283057 -0.7992930406481634
vn 0.7963287437972733 0.03314576073810636 -0.60395520558014
vn 0.5592455376514393 0.3041154061348218 -0.7712057107986202
vn 0.7617195392883674 0.32828829565892315 -0.5585786770005428
vn 0.6132028331741135 0.4968682544418884 -0.6140881232487005
vn 0.6430972826718857 0.6402306103785039 -0.4201555075854715
vn 0.4321811779195213 0.6688762007071554 -0.6048339090855077
vn 0.4660993188465998 0.7773281382590289 -0.42250726673216876
vn 0.7275683332311315 -0.5674355591873713 -0.38556608596839614
vn 0.6649858050273298 -0.4587726680531647 -0.589339900362715
vn 0.5962203346818423 -0.27506293199988524 -0.7542292065092008
vn 0.23159587903122528 -0.9684147980220866 0.09239116725962099
vn 0.26338399274272806 -0.9550446062014515 -0.13608332936995934
vn 0.47229844152516187 -0.8786150148763492 0.07049707629920444
vn 0.3598132700498872 -0.8831268835620845 -0.30103374931380605
vn 0.6031035245334265 -0.7830249114373384 -0.15211221766809804
vn 0.5315786085062877 -0.7518651276618704 -0.39002950245400425
vn 0.5057714097881439 -0.6318048408817905 -0.5873822640148821
vn 0.06417722958110408 -0.9785936102284603 0.19553984050142514
vn 0.29506468102861577 -0.891770863256447 0.3430474623959961
vn 0.07937195702203674 -0.8961295069953636 0.43663714813416676
vn 0.10909678001439689 -0.7700593500020532 0.628574967736471
vn -0.1576353903236163 -0.8356338039993002 0.5261817455320742
vn -0.03763949461570818 -0.5803670299791007 0.8134847134140334
vn -0.2895755580448769 -0.6382911768633112 0.713253369933467
vn -0.11835545221692928 -0.31953231890765943 0.9401548192207599
vn -0.38603686462717196 -0.39845073749258725 0.8319931183251674
vn -0.26454686617420264 0.8380970307969804 0.47708314009897046
vn -0.371038428743897 0.6368443965585125 0.6758399950929836
vn -0.1141540390868328 0.6173677440710981 0.7783482022467356
vn -0.43663432651529854 0.3940322911668605 0.8087577006905877
vn -0.16106989641644773 0.3581012042927847 0.9196847372618793
vn -0.3375977309556179 0.19777898615731404 0.9202778084297171
vn -0.18249357608841252 0.004315410366168141 0.983197575220685
vn -0.44435738784701717 -0.014131140362024444 0.8957381440676982
vn -0.26273456916014565 -0.16043840333949513 0.951435791266077
vn 0.5793122675978069 0.060840651158969174 0.8128319086854549
vn 0.5831921242238303 0.1916998111397114 0.7893909859203457
vn 0.6110080195290193 0.3071937117692212 0.7295897638540952
vn 0.6594457119413539 0.39337033455675063 0.6406177744122237
vn 0.7226391374481447 0.43985438548948874 0.5332174008731012
vn 0.7929661204482511 0.44104434281407595 0.4203386961641169
vn 0.8619534822249616 0.3967790386966312 0.315598778405811
vn 0.9212767136301298 0.3123945852199532 0.23164377834969171
vn 0.9637828771857758 0.19809309413861517 0.17855445023324773
vn 0.9843375374685389 0.06764179385708143 0.16280110581371587
vn 0.980469738622713 -0.06322380801834139 0.18623061441333635
vn 0.9526420294867878 -0.17870724678372601 0.24604244268474162
vn 0.9042119051866027 -0.26489585180891434 0.33500898228740655
vn 0.8410176095277394 -0.3113905459656069 0.44240853105188643
vn 0.7706882898538521 -0.3125652237162376 0.5552859991079941
vn 0.7017029275005076 -0.2682930638476828 0.6600241157930831
vn 0.6423844703114326 -0.18391325445462792 0.7439879751303832
vn 0.5998752730626553 -0.0696128307346557 0.7970594147020111
vn 0.9613124260186932 -0.1908109526925319 -0.19866957470791233
vn 0.9090947514280826 -0.4075220418594565 -0.08644372923822799
vn 0.8182185896336284 -0.5692424349789877 0.08050707917412717
vn 0.699635085384325 -0.6564823273802554 0.2820313832478072
vn 0.5676596899404659 -0.6586990898719586 0.49384004031522943
vn 0.4382079401142666 -0.5756329536619587 0.6903770736917768
vn 0.32690680190545285 -0.4172946692358728 0.8479369681145367
vn 0.2471625929542898 -0.20280186163350625 0.9475136186684053
vn 0.2085732722712076 0.04198040808809004 0.9771053348697049
vn 0.215830917405328 0.28753599007921765 0.9331345398714691
vn 0.2680549727693619 0.5042366886853662 0.8209091870342503
vn 0.3589235072570013 0.6659647643271854 0.6539608922657147
vn 0.4774961450886474 0.7531972323972986 0.45242829325157263
vn 0.6094687778847656 0.755413410593804 0.24062083841323345
vn 0.7389203536713109 0.6723491115458098 0.04408381941058083
vn 0.8502402520748058 0.5140191989422948 -0.11347148042786889
vn 0.9299943036704919 0.29952697385208754 -0.21305911638662112
vn 0.9685700270312912 0.05473777900371656 -0.24264352100631917
vn 0.8217854642065419 -0.015845751033871872 0.569576652429689
vn 0.8394315596968492 -0.027160824157972795 0.5427862804234966
vn 0.7914715563167045 0.10180651462998183 0.6026675776251025
vn 0.7904753645633034 0.06833765743456906 0.6086695840888289
vn 0.7957350930854109 0.03496735798030087 0.6046345553375443
vn 0.8066087067632534 0.0057287024076176 0.5910580141935619
vn 0.8574177164168111 -0.026866841372645306 0.5139192858895628
vn 0.8735832286719492 -0.014990706118672283 0.48644385216914443
vn 0.8859703898486693 0.007063801109367246 0.46368801043943797
vn 0.8930839306850785 0.03660811462064905 0.44839819211947207
vn 0.8779456345197395 0.13267754744904517 0.46000883820926564
vn 0.8888175039567568 0.10344255963192818 0.44643373698330147
vn 0.8940824621546831 0.07007620303137146 0.44238656923117103
vn 0.7985883249784456 0.13134801964043163 0.5873707389244525
vn 0.8109759270559589 0.15339159168425584 0.564614085315181
vn 0.862774549574067 0.15426974992762352 0.4814778508556073
vn 0.8451269694785619 0.16560044998306864 0.5082685278722134
vn 0.8271348974930448 0.1652961936935719 0.5371452594034385
vn 0.40681747713119815 0.7591807070512119 -0.5080789253077018
vn 0.5963650286547453 0.7616584330875811 -0.2534268807845681
vn 0.8435733529175613 -0.3981117525316982 -0.3604039826965895
vn 0.5632489855017572 -0.38375876298307743 -0.7317648475876246
vn 0.17015670527504553 -0.3984457182240515 -0.9012700512492696
vn 0.12211781943168877 0.7631369572553521 -0.6345937461465344
vn 0.6421002339066695 0.7651455386778098 0.047535189685587516
vn 0.9118276690071468 -0.404986059432088 0.06750254586800718
vn 0.5464606629943294 0.7651459567974626 0.3404884852624145
vn 0.77601378167579 -0.40498412713651105 0.4835188387402477
vn 0.32563413629568616 0.7651457122402903 0.5554407694068392
vn 0.4624237026052948 -0.4049859208533 0.7887653156544184
vn 0.030207931125674062 0.7651452210591798 0.6431487165402769
vn 0.042897409629556515 -0.4049838989995499 0.9133169514457707
vn -0.27213724520507976 0.7651463491832944 0.5835172526186921
vn -0.386454131622498 -0.40498593789321713 0.8286371909712069
vn -0.5121399722170024 0.7651461458736205 0.39021023091701756
vn -0.7272757758426408 -0.404984217421638 0.5541278999580046
vn -0.6348178782580118 0.7651454715662989 0.10751124957688116
vn -0.9014865231766412 -0.4049852848423777 0.15267274672327577
vn -0.6400059348398307 0.75001818146863 -0.16692852014045953
vn -0.8879934974708013 -0.3986006847582721 -0.2293142877358727
vn -0.575245605481676 0.7352712531551249 -0.35842527485894765
vn -0.7802675439385368 -0.39347447773024014 -0.48616910149765635
vn -0.4318864110859708 0.7500187749563905 -0.5009450719711646
vn -0.5971706627833433 -0.39860208800920255 -0.6960629101924671
vn -0.18324659668982077 0.765145615192017 -0.6172299995577243
vn -0.26022271086913645 -0.4049856251460247 -0.8765105727673804
vn -0.8123094782470744 -0.30075859089354695 -0.49969749004141883
vn -0.5833491785432253 -0.7866584132561525 -0.20216893120916715
vn -0.7780209635015317 -0.35299704572155227 -0.5196888165662261
vn -0.421051789889363 -0.8813369065646462 -0.21438434494622996
vn -0.7952854981756431 -0.32836359140832777 -0.509606051994032
vn -0.4952579649800606 -0.8452528784024156 -0.2006666880083494
vn -0.5428214405393461 -0.8097837469115139 -0.22269972368357024
vn -0.73902729322991 0.3995195448742456 -0.5424230757671987
vn 0.9774378219072234 0.026479414011328514 0.20955702073392768
vn 0.9219883630860548 0.35751268255916935 -0.14873513419244178
vn 0.7601198839580878 0.41436366288340054 -0.5005202462372473
vn 0.44062778203802694 0.4026919058625556 -0.8023006834404617
vn 0.018934707503388073 0.40961189100687945 -0.9120633616133967
vn -0.4346899126179183 0.41492958640965993 -0.7992985163192379
vn -0.003904956247338186 0.7640602258523076 0.645133104550702
vn -0.649650075411968 0.7565380005912203 0.07486676952201834
vn -0.5414504299809085 0.7646091180973598 0.3495773568122899
vn -0.31313483028840616 0.76342929588073 0.5649090973345217
vn 0.299186748138988 0.7666499775671475 0.5680977923159974
vn 0.5259159110217948 0.7573396612565673 0.387103464233922
vn 0.9552711261428549 0.026847287587771572 0.2945102692724673
vn -0.6770274899367357 -0.3315350920939582 -0.6570527076119647
vn -0.0033350178160017857 -0.7309154854734873 -0.6824598381965222
vn 0.45474857253844697 -0.5577016321618311 -0.6943865099915713
vn 0.4526342461394983 -0.2021182892114012 -0.8684874416984879
vn 0.4723393828022508 -0.548986856327262 -0.6895715619382073
vn 0.5253537817175463 -0.2139418384125949 -0.8235485983302454
vn 0.14643460214084988 -0.5636873296797783 -0.8129043619358505
vn -0.5217164229447723 -0.25276357519366893 -0.8148144261640351
vn 0.20441889907553246 -0.5170770943524898 -0.8311703749513294
vn -0.4405984661059505 -0.21753928848092371 -0.8709475584857547
vn 0.050238508765797205 -0.6421628683188608 -0.7649202198853696
vn -0.6433680635013986 -0.2888937397344155 -0.7089555289358593
vn 0.36803915959425193 -0.5773532464365718 0.7288418249759737
vn -0.7288432389571534 -0.5773535343515986 0.3680359077565163
vn -0.8926508487960847 2.5596014656767044e-07 0.45074877941439184
vn -0.19220039232089556 0.9045350580685333 -0.3806249307607808
vn 0.9521470137913641 -0.2030022511085285 0.228486652067594
vn 0.9136835822313218 -0.0876610759366645 0.3968599845368207
vn 0.8536210057693222 -0.38817789290443905 0.34734579595791937
vn 0.8244877943273469 -0.23628143617697822 0.5141896147564352
vn 0.6886507611641621 -0.3884349207980301 0.6122731755128983
vn 0.9940034909630571 -0.09054193099492397 0.061312467614394
vn 0.9285872953987089 -0.36786574395885935 0.048994175630436496
vn 0.9616986097573886 -0.23263470021994703 -0.14497199813854125
vn 0.8755320085632129 -0.37168181932688954 -0.30870103200851057
vn 0.9307466273387164 -0.08598805784933689 -0.3554107055293965
vn 0.7355932954765163 -0.3573487470310965 -0.5755035852584273
vn 0.784127609035037 -0.08735101014928805 -0.6144214301071337
vn 0.5099244724189943 -0.3732367446985385 -0.7750299122195532
vn 0.574761831809479 -0.08531829427184864 -0.8138609373581916
vn -0.5727675393351045 -0.15362217367616166 -0.8051941217116657
vn -0.3984298100623305 -0.08539846111144939 -0.9132145362911671
vn -0.41860351774476207 -0.3752150518628418 -0.8270337113971082
vn -0.20307988042694008 -0.08452591253984847 -0.9755070129297306
vn -0.15482437343043562 -0.3750361879417341 -0.9139897543878734
vn 0.0057458579333691025 -0.2033520630848736 -0.9790888231185847
vn 0.20400970117090314 -0.36404487450392176 -0.9087636497877667
vn 0.21277990231397423 -0.0946825604083676 -0.9725018899342929
vn 0.3550964496038343 -0.2896401799283033 -0.8888279235318002
vn -0.7144901823154175 -0.09048917439455977 -0.6937690456429088
vn -0.6774366285916232 -0.36975327276531567 -0.6358947487766771
vn -0.8246367331149798 -0.23716735542627257 -0.513542504489708
vn -0.8661720023264674 -0.37267416993876845 -0.33295649182169107
vn -0.9359132932282022 -0.08723747108338885 -0.3412564009622618
vn -0.9779665677679068 -0.14161089693487747 -0.15338756858872102
vn -0.9267296645016856 -0.37557930966949093 -0.010597692238489274
vn -0.9953742167677799 -0.08542724962954375 0.043958544273672844
vn -0.8884997892111534 -0.3747770880785437 0.26478341870877
vn -0.9653497183439737 -0.08523113220009454 0.2466486882128113
vn 0.1076920516900638 -0.3715967560062331 0.9221270373047461
vn -0.20726698098047122 -0.08732952993377172 0.9743787517165937
vn -0.1935708751471624 -0.3573524968401843 0.9136900510002546
vn -0.48488090635190717 -0.07493326837589472 0.871364167237705
vn -0.4702178783644964 -0.37343804169787304 0.799649408102857
vn -0.6342439710851622 -0.21340118031863275 0.743097921798156
vn -0.7416735613551038 -0.365953654639639 0.5621372172723745
vn -0.7943754071175938 -0.09453565755182526 0.6000256011354859
vn -0.8598514747738434 -0.24877880530631638 0.4458301777130036
vn 0.4443093900111002 -0.3726997321802264 0.8146680769373202
vn 0.2928905509918771 -0.23295251337036013 0.9273339482916103
vn 0.09023754424426572 -0.08601879451124624 0.9921985449493445
vn 0.7584967976148113 -0.08766045444193296 0.6457540187525819
vn 0.6364905682253018 -0.17660421386569625 0.7507933858293583
vn 0.4861669865273392 -0.08534667322746893 0.8696882237790331
vn -0.20270836159989872 -0.9237744216205643 0.32488480742730347
vn -0.07937079869991599 -0.9237657883071952 0.37464255586748785
vn 0.053554890302952476 -0.9237603069092377 0.37920808153781427
vn 0.1800075197674147 -0.9237703446225435 0.33800243079470715
vn 0.28477100833780233 -0.9237617729601574 0.256065733021382
vn 0.3551816933378929 -0.9237601013159085 0.14322443902647886
vn 0.38273692773958007 -0.9237643618377127 0.013109078649189452
vn 0.36414176934210696 -0.9237629854414444 -0.11858633373500259
vn 0.3016296602178262 -0.9237585943707316 -0.2359864559738316
vn 0.2027107665316316 -0.923773485391934 -0.32488596894756283
vn 0.07936873201720422 -0.923769755698285 -0.3746332110679888
vn -0.05355227498195486 -0.9237628222791362 -0.3792023233303591
vn -0.18001217686714177 -0.9237671824081244 -0.33800859291637575
vn -0.28476609817240045 -0.9237654265530999 -0.2560580130299311
vn -0.35517251017751683 -0.923763934298488 -0.1432224902156788
vn -0.38273896210655883 -0.9237635107905792 -0.013109653597931956
vn -0.36413824041312415 -0.9237644613659645 0.11858567276902987
vn -0.3016110534149143 -0.9237686344604675 0.2359709355937485
vn 0.14893351163504145 -0.6954245813563541 -0.7029960602716027
vn -0.10048508948437412 -0.6954272295428798 -0.7115361657720792
vn -0.33778575423964285 -0.6954265007853656 -0.6342576497277567
vn -0.5343462934925788 -0.6954232916596902 -0.4804794314514872
vn -0.6664499641972941 -0.6954279566089603 -0.2687459811571353
vn -0.7181769493678213 -0.6954255858611195 -0.02459926678681178
vn -0.6832818987012258 -0.6954226667189538 0.22251553096524912
vn -0.5659712712132967 -0.6954212321875907 0.4427932135702828
vn -0.3803893721992481 -0.6954279492060637 0.6096588332673532
vn -0.14893365574340653 -0.6954310136635835 0.7029896666536039
vn 0.10048532869941838 -0.6954181289511768 0.711545026433475
vn 0.33778525019644123 -0.69542580531239 0.634258680709489
vn 0.5343426235528826 -0.6954280895905469 0.48047656848494147
vn 0.6664568573151928 -0.6954212446851082 0.268746255375162
vn 0.7181732572423389 -0.695429449196515 0.024597840802828466
vn 0.6832722642204692 -0.695432547839165 -0.22251423404573684
vn 0.565965884013136 -0.6954263715436773 -0.4427920278130864
vn 0.3803904131723345 -0.6954296911143047 -0.6096561967890127
vn -0.8374058752193472 -0.029044898101314786 -0.5458093019016839
vn -0.4149115378147253 -0.7074765658377483 0.5721235221336787
vn -0.4868273652368802 -0.7598087413832116 0.4309173853236572
vn -0.624878601740964 -0.7625457660931964 0.16748339529516976
vn -0.6396947602651536 -0.756904619494933 -0.1337385908275476
vn -0.641858707303246 -0.709669463263694 -0.2904938084882819
vn -0.7284723522839361 -0.6681902455885157 -0.15116159452145228
vn -0.7208660362031563 -0.6657968777217514 0.19252707722478124
vn -0.5543327203191861 -0.6669248830552963 0.4979221179514023
vn -0.4159580239197969 -0.8471175431717258 0.3307125494858588
vn -0.46709609901024374 -0.3364211235264492 0.8177053637677902
vn -0.5280183134623689 -0.8090548684899406 0.25812183251534637
vn -0.7030010871136377 -0.30876263995285946 0.6406677014540254
vn -0.6150112108979289 -0.7814787977998673 0.10512896394018895
vn -0.9145878672707857 -0.2805528836765419 0.2912372100227797
vn -0.6322466884453941 -0.7722684580592394 -0.06217357667560648
vn -0.8675249362225362 -0.2961364593764405 -0.39962943142375057
vn -0.954815973454661 -0.2758901994463513 -0.11050364104988042
vn -0.36667938806203526 -0.36830181465742867 0.8543418517727527
vn -0.32499424411433525 -0.8861041764081611 0.330451403151154
vn -0.2942857347669386 -0.86703913734004 0.40204358051500155
vn -0.1801911064057322 -0.9819514091490635 -0.057468210712069465
vn -0.46216004243927805 -0.8862823550862368 -0.030194076162686587
vn -0.1406678334375753 -0.9134242973054457 0.381927497999334
vn -0.1993320984829668 -0.9158347172476289 0.34858784430661427
vn -0.025700660837902484 -0.9257055913135769 0.37737068545831215
vn -0.3225089935551079 -0.3806982860466713 0.8666353120414596
vn -0.225301625162036 -0.3735510976522991 0.899832626182285
vn 0.562565489003962 -0.3786872165100299 0.7349258892117073
vn 0.7056550421548167 -0.3716199908840691 0.6032823085892776
vn 0.8193208763263156 -0.3785417051544352 0.4306036217621155
vn 0.8902584701342665 -0.3734116496386284 0.26077499164673273
vn -0.03970981281008633 -0.37560511825315174 0.9259286829495152
vn 0.14230403592665378 -0.3808178252502515 0.9136341419466845
vn -0.04605791988771275 -0.9951883266469458 -0.08648041698135453
vn -0.013697405796639629 -0.9951903002302882 -0.096998182467463
vn 0.020299513162533162 -0.995192508476143 -0.09581127719807327
vn 0.046051056292438566 -0.9951902630407043 0.08646178672294712
vn 0.01369526107361895 -0.9951919199109547 0.09698186618163976
vn -0.02030096044965584 -0.9951918141305031 0.09581818247315917
vn 0.09312439807424797 -0.9951924881542005 -0.03032751234045768
vn 0.0978889204724244 -0.9951917048491804 0.003351096555614693
vn 0.09086092750951076 -0.995189417186757 0.036637627810685566
vn -0.09790097387702562 -0.9951905143143084 -0.0033525412380239466
vn -0.09085839867876565 -0.9951896237107414 -0.036638289370597286
vn -0.07283588007080868 -0.9951910864567155 -0.06549531289651832
vn 0.051845389756060005 -0.9951923489784198 -0.08309178115708503
vn 0.07714000173929036 -0.9951920645518673 -0.060350433177023
vn -0.05184592071385253 -0.9951923212458246 0.08309178201651717
vn -0.07715277034718623 -0.9951903799077996 0.06036189001948244
vn 0.07281790238747275 -0.9951932778149332 0.06548200427489848
vn -0.0931453653541594 -0.9951902765986589 0.030335693111003197
vn -0.376567943624499 -0.714411737597828 0.5897562657716053
vn -0.3013719193740261 -0.6708354153255636 0.6776096308036023
vn -0.016100313936244774 -0.6681125164338696 0.7438860432052457
vn 0.29193636818879765 -0.6681749202455035 0.6843357603425748
vn 0.6978189262030673 -0.6697584310722544 0.253914139504736
vn 0.6881789028055292 -0.7126100298279293 0.13636987615311436
vn 0.5485416558994048 -0.6663149380297068 0.5051004406072194
vn -0.5418359028226892 0.7684494717058165 -0.34043980943387514
vn -0.6417256469558891 0.7666306703459905 -0.021577982387212608
vn -0.29951010679861106 -0.949728377491188 -0.09115758286308578
vn -0.22747463873727164 -0.9612915617798605 -0.15547932975860307
vn -0.13986256854284987 -0.9612835366132028 -0.23742877701957285
vn -0.30326488347436276 0.7684479987760032 -0.563487429876157
vn -0.07081039174116162 -0.9497298748912818 -0.3049574612309944
vn 0.02158184322037918 0.7666237098356511 -0.6417338323331834
vn 0.010525902479695634 -0.9496497795103638 -0.31313655432239995
vn 0.0911409702008239 -0.9497313902574738 -0.29950560914690505
vn 0.33955617245854725 0.7666224751805989 -0.5449693443610141
vn 0.1657042871509826 -0.949640983936896 -0.26594001362553377
vn 0.22866931985520292 -0.949738469568549 -0.2137923796082299
vn 0.5657492691467448 0.7684492839002494 -0.29902083963014653
vn 0.24835809753694507 -0.9613007441564364 -0.11924401314997332
vn 0.23735871162379954 -0.9713892359615153 0.007987131800180765
vn 0.637371694742229 0.7702582671723172 0.02143652476774863
vn 0.20157242003925993 -0.971387962534969 0.125594529027653
vn 0.5412707832314612 0.7702514648620906 0.3372515679693785
vn 0.11177507064513906 -0.9713770366894978 0.2096019708270991
vn 0.30011877295435707 0.7702646508769798 0.5626909362427437
vn -0.0079840905526045 -0.971383975527415 0.23738034119657456
vn -0.021435204706955042 0.7702644541049332 0.637364262209296
vn -0.1255726872731532 -0.9713965936257373 0.2015444320821417
vn -0.33724682466419453 0.770265694047561 0.5412534894366479
vn -0.23735106618529947 -0.9613070981002669 0.13983252312228858
vn -0.5634803604893576 0.7684527891580526 0.3032658803393373
vn -0.30495180883592166 -0.9497317101498013 0.0708101195002048
vn -0.31306577184147627 -0.9496732066634417 -0.01051774913546699
vn -0.40040685040701296 0.6532304724192399 0.6426229874896108
vn -0.025449691179507985 0.6532307025100391 0.7567311031780765
vn 0.3563273679821001 0.6532282391726099 0.6680746024018582
vn 0.6426273188395313 0.6532252378789085 0.40040843857136516
vn 0.7567366474204512 0.6532242466605593 0.02545054077225636
vn 0.6680783064543983 0.6532242068264166 -0.3563278154467062
vn 0.4004086381496913 0.653224351741193 -0.6426280952365899
vn 0.02800225845859804 0.6552282075196392 -0.7549118290183423
vn -0.35527719764453214 0.6566294388833896 -0.6652938394615817
vn -0.6425008464263646 0.6550060589342096 -0.3976930035855291
vn -0.7567321640607448 0.653229516021216 -0.02544860064187696
vn -0.6680760644772924 0.6532267297386873 0.35632739387736206
vn 0.8886626432229797 0.4581200100526355 0.020118720866899822
vn 0.8988469170860686 0.42789543491079335 0.09476136568968083
vn -0.3449399245314264 0.9307514377501044 -0.1213186283732524
vn -0.2732386788133001 0.9411149081568421 -0.19910638876063502
vn -0.18725924026484295 0.936969528143145 -0.29499505125789177
vn 0.3201111548656321 0.9307137704745587 -0.17692011185736298
vn 0.881659887610948 0.4617832576374258 0.09711882177836192
vn 0.3806181063007685 0.9045369825149043 -0.19220485014392427
vn 0.45075717120717795 -1.6530707574387747e-06 0.8926466112648221
vn 0.028430783829808723 0.9038474843511222 -0.42690914204660757
vn 0.14125433836746762 0.916805666450589 -0.37351650814449966
vn 0.3166094965152352 0.3821784038387207 -0.8681578740964441
vn 0.06510591964934753 0.3645238817875906 -0.9289152592314971
vn -0.3687799494889048 0.36291978742032655 -0.8557397833183553
vn -0.17098633396197 0.9018541180065532 -0.39676545141036107
vn -0.7199410657672057 0.36452681915572 -0.5905972061720177
vn -0.3298433863982681 0.9038492515145009 -0.27250664393001395
vn -0.378323658198368 0.914377988830078 -0.14416692821332514
vn 0.12971585464046062 0.518355465081341 -0.8452700212803016
vn 0.22078197437215522 0.048306039865821465 -0.9741261962932803
vn -0.2975665721433202 0.4965376013782664 -0.8154167925425574
vn -0.0024833506845084222 0.45200666511271276 -0.892011102881047
vn 0.24670603205085767 0.7202940168066745 -0.6483152497837971
vn 0.04482503586152397 0.761371500451979 -0.646764373214477
vn -0.25389033743592787 0.7671033173444396 -0.5891453106626807
vn -0.5009346295991063 0.7613569486660812 -0.4115824262359613
vn 0.684379244010432 0.7030361279287448 0.19330093945624613
vn -0.5584237049157645 0.6728802957906845 -0.4851753016434287
vn -0.682876829718083 0.6728804697399625 -0.2844487807615073
vn -0.737724309924038 0.6728799854970142 -0.05472995217099637
vn -0.7173761148909981 0.6728797484843122 0.18056675736022393
vn -0.37705190488723556 0.6728798827446542 -0.6364467962197998
vn -0.623905721802561 0.6728803728670809 0.3974589967685767
vn -0.46684169276110304 0.672879597540527 0.5738395952822061
vn -0.2621917940249187 0.6728803863653721 0.6917278719198628
vn -0.03081781732691988 0.6728806683362253 0.7391088338767161
vn 0.20369736320012655 0.6728807779622848 0.711153178207189
vn 0.4174510677356726 0.672879068037693 0.6107113604994362
vn 0.5886521691801366 0.6728809157091892 0.4480177418293644
vn 0.6727495172181822 0.685653442676617 0.27800619350727745
vn 0.28269627770202604 0.6769065948622883 -0.6796177428564979
vn 0.06939797386583328 0.6779869122273154 -0.7317907269648802
vn -0.15724670163084511 0.6728806587988104 -0.7228451382147484
vn 0.8767741703744064 -0.03296755973322962 0.4797709809581102
vn 0.4072261606774378 -0.7615608994233006 0.5041744247078455
vn 0.11732815117564624 -0.7672120028100212 0.6305710488802515
vn -0.19623502155386527 -0.7631730791057646 0.6156774055006247
vn 0.8892490300801275 -0.275465932860807 0.36517760382405456
vn 0.8898259135977895 0.3613812083895983 -0.2785919340410504
vn -0.43795357599001605 0.36450352706838285 -0.8217869821506458
vn -0.18024420436188648 0.3636810948769851 -0.91391908176984
vn 0.09300548139204246 0.3654076063811328 -0.926189646686814
vn 0.3629539633221014 0.38045809009120846 -0.8505974736577393
vn 0.5864911228124802 0.3724683056030171 -0.7192325939384101
vn 0.7664020403976959 0.3734790299013967 -0.5226292440135358
vn 0.9327788017692541 0.36044058721822464 -0.002507998344502891
vn 0.8961260683091136 0.3658378676937447 0.2512383813396036
vn 0.8505116235973066 0.3729145010386242 0.37089722706025635
vn -0.7324360938680451 0.3763500670680313 -0.5673605515165896
vn -0.6393562233389128 0.37389458284328936 -0.6718827729583822
vn -0.15913034831326778 0.7137977619421534 0.6820339341206352
vn 0.4111472123977692 0.6290154603232864 0.659770809002511
vn -0.1591180571128036 0.751294175779643 0.6404986380471339
vn 0.3923210151055047 0.6717069944540566 0.6284058678179927
vn -0.10071251041002308 0.6185498293272319 0.7792644601713613
vn 0.5880415951643524 0.3402618978538343 0.7337771618314859
vn -0.0809494264729138 0.6587058968607157 0.7480332424395499
vn 0.5978620107355808 0.3696489160703822 0.7112810239048977
vn -0.10017609338821637 0.8368723150888824 0.5381537685004628
vn 0.42695754206050873 0.7269942340963805 0.5377607654601309
vn 0.10086878291660192 0.9782264663003676 0.18137935180835507
vn 0.025076552360122482 0.9531824280890383 0.3013543185421697
vn -0.044889276892938694 0.9006012992849542 0.4323219316045408
vn 0.44906074377224975 0.7527768840938898 0.4813225645828462
vn 0.520920800301907 0.7461778073831126 0.41456024843411016
vn 0.17002798843800657 0.9837452346764707 0.057756353754896385
vn 0.2504587341115017 0.9661230659763043 -0.062262700678735225
vn 0.6135887491281069 0.725835537599299 0.3109205996735206
vn 0.39784280828760427 0.8848007396993244 -0.24258761493811076
vn 0.5036199751548932 0.7900752400118641 -0.34949683223912054
vn 0.3651915960453344 0.7243659220207088 0.5847470471861743
vn 0.3479013343173541 0.6139090609007719 0.7085762672600155
vn 0.5378287714083024 0.7897183930949283 0.2951017998132175
vn 0.7214990433891767 0.6922381165562005 0.015669089802132392
vn 0.8165444319608569 0.5754089882453554 -0.04647243139946545
vn -0.1413722696913909 0.33971020692854687 0.9298445336027247
vn -0.172985852425183 0.21912790984131617 0.9602389567130198
vn 0.24217182789246677 -0.3273656830801697 -0.9133370217595886
vn 0.31867346681710007 -0.5459730041349206 -0.7748294653035988
vn 0.3996530114704461 -0.5515548119984534 -0.7321644349351818
vn 0.7153244630917793 -0.5384501837599797 -0.445401293342646
vn 0.7196819923432155 -0.5981038064855477 -0.35260412159303867
vn 0.2606645282653036 -0.5168207280118005 -0.8154448717121099
vn 0.016434068868133353 -0.7762041454107576 -0.63026744008206
vn 0.06588070223260836 -0.6908444123824301 -0.7199956464821945
vn 0.4169396591886595 -0.7221434065314398 -0.5519694022306055
vn 0.6246589966753773 0.12367881728645126 -0.7710413011163123
vn -0.5433238183206015 -0.045077202082668834 -0.8383121580282134
vn 0.16516927711708573 -0.026611701706884126 -0.9859061452434928
vn 0.5946996136599161 -0.13070352938965668 -0.7932521395608294
vn 0.4917250037890599 -0.5564330965478687 -0.6697676684603396
vn 0.983420165621692 -0.11418981117979136 0.1408739325472509
vn 0.5951979088422137 0.14923650347696912 0.7895998450733288
vn 0.592934003665159 0.08709252225678676 0.8005274260539462
vn -0.15272010579354245 -0.028172371102786913 0.987867848850673
vn -0.126696120010009 0.4363942121421057 0.8907907637505453
vn -0.16110753465577454 0.29457792050383347 0.9419491552248326
vn -0.15748985826949866 0.14178386451309433 0.9772892510950817
vn 0.7035458851108191 -0.05964892448244663 0.7081420714459222
vn 0.12764651276198652 -0.712857118892877 0.6895948780432253
vn 0.643651157945658 -0.010833034742446472 0.7652423356254427
vn 0.013621033909462593 -0.5493716049069355 0.8354671191358852
vn 0.6081348614893165 0.02827717441285825 0.7933299387068375
vn -0.08575580308617352 -0.33755898343482077 0.937389926839144
vn -0.13937272117369884 -0.1807924780224149 0.9735960787118819
vn 0.8902709440251382 -0.06686683130441394 0.4504958080780513
vn 0.6111341562383882 -0.790801190756356 -0.03388981819253083
vn 0.8402273991655717 -0.07605283542185684 0.5368741788499006
vn 0.4957987856856237 -0.8514757359137336 0.1707999861323956
vn 0.7671029836756263 -0.08219063040139574 0.6362371513124434
vn 0.3262933562533404 -0.8519777288572865 0.40947111643693584
vn 0.21156723045383724 -0.8178362478864541 0.5351478100871755
vn -0.0663990709403034 0.627370607771626 0.77588483931736
vn -0.9750595738766391 0.032476436078458584 -0.21955434063381402
vn -0.943543371140004 0.15067240411807561 -0.2949978532380127
vn -0.8804595082192684 0.24141769749704992 -0.4080545915946871
vn -0.7986788230091781 0.26181895486436746 -0.541814518585839
vn -0.7169375116133678 0.20720341460814046 -0.6656330441139164
vn -0.6539572718058801 0.09008684386933523 -0.7511486185928004
vn -0.6241674458009473 -0.06270498224868587 -0.7787702387761832
vn -0.634395850792114 -0.21617020656307048 -0.7421673303859645
vn -0.682298279288534 -0.33514965697085447 -0.6497259156846249
vn -0.7568974588132399 -0.39238821655878664 -0.5226257976295033
vn -0.8411066390034222 -0.3747702823138566 -0.38998315004466433
vn -0.9156341766407815 -0.28633518391594626 -0.28218117764865047
vn -0.9621677299495944 -0.16889523633111383 -0.21379349519641894
vn -0.9793646824516401 -0.06812892093020657 -0.19027156618707883
vn -0.7897928037351472 0.5836561245182815 -0.18860767609107393
vn -0.34273179396263825 0.8617248854446585 0.3741191510903202
vn -0.6276357420122385 0.7523030713468905 0.20028345960358818
vn -0.633631630528851 0.7525612729105995 0.17933902896059153
vn 0.46868678359104643 0.8771557035469717 -0.10454936930511188
vn 0.25928370388868216 0.9400490711752024 0.22153939758066832
vn 0.6835396339643803 -0.6441927821651613 -0.34320435341957745
vn 0.6666460909884003 -0.7325115181866682 -0.13787626733324312
vn 0.9183523369989015 -0.05395362847550761 0.3920688601546705
vn 0.7933826292963061 -0.4347313349831786 -0.42608997866016923
vn 0.9359788860547776 0.03862651613395638 0.34993073187562584
vn 0.8262068497963085 -0.22513682134056087 -0.5164258446537398
vn 0.9600206152671861 0.14335620884256034 0.24043588677296454
vn 0.8368023322036928 -0.07319636899911314 -0.5425902214229505
vn 0.7750175766065968 0.3094088244763719 -0.5510117378849455
vn 0.7897782841774346 0.23832693378988135 -0.5651995527882705
vn 0.9504250264044194 0.21634814538646174 0.22335117902531185
vn 0.7933082283660383 0.14486032387484704 -0.5913353882304122
vn 0.8013262198793143 0.060480685910717015 -0.5951624786272217
vn 0.7187108227347518 0.4483165108620586 -0.5314763017975549
vn 0.9066955862325684 -0.07516160164812412 0.41503475462190853
vn 0.6436133752518869 -0.7587464291483592 -0.10032785979720388
vn 0.5659925598915505 0.4261343921201103 0.7057350083422486
vn 0.5297257715053769 0.4988707896576302 0.6859435415756941
vn 0.8865635771662546 0.4325505265207986 0.16402763684438768
vn 0.7713747294174788 0.23166718347060414 0.5927152291943483
vn 0.48048516324391705 0.5380803314841047 0.6925341614479552
vn 0.907365463584761 -0.08954521230652997 0.41069401072646566
vn 0.6561255900022169 0.505669304079407 0.5601765481132629
vn 0.4643754037074501 0.5803345333771731 0.6690047188185161
vn 0.6442443958236658 -0.757317696485637 -0.10686002545146837
vn -0.577769460772389 0.8087046256770315 0.11035976897110483
vn -0.6456170040685164 0.728478186252077 0.2291248921712291
vn -0.8083104907410916 0.5674572133620279 -0.15692820511717215
vn -0.8588080554040108 0.5079152988436472 -0.06686384055489328
vn -0.7292225902098316 0.5508947741792453 0.40589328857430274
vn -0.9110989641448065 0.27452958193277527 -0.3074608693445007
vn -0.9586921412817575 0.2007372202918434 -0.20152902181597185
vn -0.992640244102434 0.019650558465748667 -0.11949561222172335
vn -0.8018336552980465 0.1523925043120934 0.5777882950189129
vn -0.9755614164480619 -0.18127485339675634 -0.12417467641929021
vn -0.7661903276616663 -0.2861709413745659 0.5753768974424531
vn -0.9403620469936177 -0.2807865865975239 -0.19203675002687398
vn -0.7076190235025845 -0.5196241543744161 0.4788173511558679
vn -0.9078076679666078 0.24553405881413082 -0.3399974469658383
vn -0.4537248699715661 0.4633150897551856 -0.7612311541013215
vn 0.38760639471294817 0.5416017545182703 -0.7459415676045688
vn 0.050941394245573354 0.5109789686297332 -0.858082436581947
vn -0.4417940098775011 0.8915294884379229 -0.09996611466879217
vn -0.049365348734314876 0.7042653908520001 -0.708218413762604
vn -0.23906329152581912 0.8736468449540115 -0.4237805245014719
vn -0.5930005653570979 0.5764497656601397 -0.5621885779314022
vn -0.7313978357644502 0.5948631568090478 -0.33345918867269614
vn 0.4825192674239024 0.6493493660049742 0.5878099671098124
vn 0.43728947262675444 0.5524481626893782 -0.7096329647578002
vn 0.6492058955418764 0.6872119130780683 0.32599308538257665
vn 0.8079461828277307 0.5847543776133801 0.07269995540636653
vn 0.8884554862900839 -0.45263961602978325 0.07592250576384209
vn 0.9765402721539762 -0.1957926653430433 -0.08963441894331263
vn 0.9820470073756702 0.11488272207737579 -0.1496182992570858
vn 0.4685058551219444 0.46415133682429777 -0.7517085873133769
vn 0.8374805324162046 -0.5310467877115584 0.12890177300993924
vn 0.47899884689788474 0.659958751974999 0.5788044146014253
vn 0.6447679939431483 0.6974737833588844 0.31273719880048245
vn 0.4378664199127764 0.5433411654307158 -0.7162774436356067
vn 0.7985754070333426 0.5971617884535886 0.07533337701472582
vn 0.7261133468332315 -0.5912657404579126 0.35094761961210047
vn 0.5568397390101448 -0.5587960078809163 0.6145539249207221
vn 0.4114823251148285 -0.381517997609089 0.827723573192431
vn 0.3078841606042867 -0.14689504462834502 0.9400155262082803
vn 0.26389402004112583 0.04511359591073279 0.9634960869928518
vn 0.28323395130833623 0.23944978850210805 0.9286777307616256
vn 0.35658034284481044 0.47837877095411097 0.8024987293429889
vn 0.16615117010798455 -0.45466133552574617 -0.8750296330123296
vn 0.12685973923554647 0.3339344831341805 -0.9340205391397968
vn 0.07364888128285549 0.4334689016595113 -0.8981539698625624
vn 0.18708796999731378 -0.008216884854120723 -0.9823087978256017
vn 0.007995816030398407 0.8130488048719892 0.5821406254696868
vn 0.17815483578704164 0.9382148330507778 0.2966711673371604
vn -0.05383308985911828 0.920710552323103 0.38651530018500785
vn -0.06655549999153977 0.9876586352917592 0.14177723919760774
vn 0.09699060077587981 0.9951205598565133 0.01810786326416193
vn 0.3580252844297631 0.9335799114640778 0.01569855470136144
vn 0.14095825011915622 0.9713214262169884 -0.19148226731251386
vn 0.5001489107169129 0.8421491418658166 -0.20158345657159973
vn 0.24734108827134832 0.9023153845262727 -0.3530571241314207
vn 0.7993413835731817 -0.2608490235765438 -0.541305033605337
vn 0.6007571678544849 0.014923909493731721 -0.7992922508049739
vn 0.7963324534617362 0.033141249966429406 -0.6039505618130296
vn 0.5580231196226594 0.30393028586880083 -0.7721635702999102
vn 0.7617182752847319 0.3282890712795797 -0.5585799448383775
vn 0.6123719225657431 0.4974323039030417 -0.6144605206901804
vn 0.6431169499336289 0.6402252655080929 -0.420133547950123
vn 0.4217039052731427 0.6730194025113143 -0.607627106143804
vn 0.46334451893125495 0.7742340484776946 -0.4311304848351632
vn 0.7275637141089584 -0.5674395518138363 -0.3855689263274342
vn 0.6729146936198004 -0.4505757633456904 -0.5866577337732953
vn 0.5949911131601896 -0.2750907626838302 -0.7551891468674766
vn 0.2315948531645055 -0.9684150500223208 0.09239109739567525
vn 0.26282355334823804 -0.9549782863200534 -0.13762358977522707
vn 0.4722989689528707 -0.8786147220211096 0.07049719266626105
vn 0.35825305998149415 -0.8837750292978636 -0.3009924294786439
vn 0.6031018007635938 -0.7830247530584616 -0.15211986725423374
vn 0.5315651722842373 -0.7518659900024101 -0.3900461520027144
vn 0.5126789794949403 -0.6363690417783379 -0.5763633460328187
vn 0.06417484343026353 -0.9785925784097866 0.19554578735423214
vn 0.29506128944938786 -0.8917709807003911 0.34305007425903195
vn 0.07935277346819036 -0.8961363049931015 0.4366266828953735
vn 0.10909972159898829 -0.7700607169843325 0.6285727825038236
vn -0.15762926975992414 -0.835636388875386 0.5261794740411845
vn -0.03764061944632266 -0.5803674410788846 0.8134843680755299
vn -0.28957243710395186 -0.6382893077984475 0.713256309624988
vn -0.11835207671556783 -0.31952824044191014 0.9401566303000842
vn -0.3860328365012194 -0.39844135886718335 0.8319994787780188
vn -0.27714546834691794 0.8442658981262408 0.4586997739653457
vn -0.3710238777089903 0.6368444004285309 0.6758479798095199
vn -0.11415548976297157 0.6173678363109761 0.7783479163238506
vn -0.43665538786960223 0.3940377132397509 0.8087436879439832
vn -0.16108011767227481 0.35810588342311883 0.9196811251452505
vn -0.33759970197060163 0.19778014562148447 0.9202768361896898
vn -0.1824873600100228 0.004316464455493982 0.9831987243539206
vn -0.4443533224208358 -0.014135660647914381 0.895740089507895
vn -0.26275330309823774 -0.16043948819408602 0.9514304348395554
vn 0.5793174362135227 0.0608396572332676 0.8128282993392453
vn 0.5831823780981495 0.19170121244928048 0.7893978458428063
vn 0.61101135984873 0.3071920234228769 0.7295876773090154
vn 0.6594438587177078 0.3933750829952282 0.6406167663104027
vn 0.7226298157829292 0.43987184742310287 0.5332156291652715
vn 0.7929655007505183 0.4410446079701421 0.4203395870007288
vn 0.8619535063565604 0.39677633180837685 0.3156021156398035
vn 0.9212777736562873 0.3124035964371869 0.23162740921580444
vn 0.9637805465511516 0.1980909839584635 0.17856937073286416
vn 0.9843383147275886 0.06764093945412893 0.16279676123625247
vn 0.9804707052756518 -0.0632260764579838 0.18622475493874371
vn 0.9526421541899702 -0.178708348221978 0.24604115984132688
vn 0.9042110000332731 -0.26489968642211553 0.335008393256487
vn 0.8410239926380596 -0.3113645861029445 0.4424146678491564
vn 0.7706920775368539 -0.31255657688501265 0.555285609274949
vn 0.7017083834319444 -0.26828666284518327 0.6600209172145398
vn 0.6423730282297726 -0.18392330633948292 0.7439953696012258
vn 0.5998686876860622 -0.06961364561447035 0.7970642997136835
vn 0.9613113676412974 -0.19081426422528583 -0.1986715153507945
vn 0.9090972205938523 -0.40751841105713577 -0.08643487813377132
vn 0.8182226563878143 -0.5692353710371054 0.08051569371195785
vn 0.6996470012002117 -0.6564658890524405 0.2820400861972281
vn 0.5676650166918771 -0.6586944614195729 0.4938400908385121
vn 0.43821538638779206 -0.5756261672046162 0.6903780057058028
vn 0.32689942098536634 -0.4172981498378931 0.8479381007486949
vn 0.2471567941431871 -0.20280333840353557 0.9475148152093683
vn 0.20858157158953433 0.04198042253629311 0.9771035626364865
vn 0.21583150442249593 0.2875353917603493 0.933134588461892
vn 0.26804212970090135 0.5042460274540148 0.8209076443195361
vn 0.3589305272445548 0.6659602437114095 0.653961642917829
vn 0.47750876586860486 0.7531859120706842 0.45243381878114886
vn 0.6094740611194653 0.7554078181381698 0.24062501349252155
vn 0.7389257554340439 0.6723428070700056 0.044089428862856134
vn 0.8502374779048828 0.5140220209061416 -0.11347948356205205
vn 0.9299964562068308 0.2995267141564517 -0.2130500855418168
vn 0.968572263745866 0.054742030878298924 -0.24263363319525214
vn -0.6717343877256615 0.6718683618278508 0.3120349607361183
vn -0.5340197346102084 0.6718686804302808 0.5132400990800662
vn -0.01592172804890787 0.6718687292810578 -0.7404990946585912
vn -0.2554987146490598 0.6718684037903155 -0.6952073466246829
vn -0.4673876773513414 0.6718682960249301 -0.5745796305619224
vn -0.6286289502254593 0.6718686815222038 -0.39168624909237293
vn -0.7217490883249413 0.6718680901644779 -0.1663475966789208
vn -0.736655221649985 0.6718687237397283 0.07701624813089887
vn 0.5292849919866669 0.6802971175277226 0.5070041707334825
vn 0.6112131362215227 0.6718687901901016 -0.41834295844287755
vn 0.44226056642208617 0.6718680286439974 -0.594137141974851
vn 0.22538145184544126 0.6718687751521281 -0.7055462778157221
vn -0.3384359259665775 0.671868384895437 0.6588277448568345
vn -0.10617843008148613 0.6718683829433358 0.7330204751482307
vn 0.13758574700878393 0.6718688723701811 0.7277790740053304
vn 0.36644110229805416 0.6718681968465051 0.6436723115163592
vn 0.6151391901341972 0.6889843403880045 0.38328103978823513
vn 0.6883665122997262 0.680296853972273 0.25168975986269054
vn 0.7392845552010519 0.6718688707836428 0.045283185765752125
vn 0.7139320698389275 0.671868152976073 -0.19721608624051087
vn -0.19993837941192769 0.9629638272078058 0.18090138730100222
vn -0.4101963078644191 0.8896751091467363 -0.2005422378930228
vn -0.023791307445094056 0.9938230280517204 -0.10839632191251913
vn -0.318432254404201 0.8821830370040541 -0.3469207237646116
vn 0.1540767847597654 0.9170865386552489 -0.3677126935739738
vn -0.1951632574276078 0.8138159366924917 -0.5473709200675237
vn 0.31127914819752617 0.7399266260724627 -0.5963336984662567
vn -0.05092607954012595 0.6512635414791135 -0.7571408943933461
vn 0.4347499000812443 0.48258399620999565 -0.760332302997406
vn 0.06236443177650892 0.4151412619397941 -0.907616885191229
vn 0.5044766801509177 0.21340146315536326 -0.8366379711123915
vn 0.13053834355402572 0.16977547455183392 -0.9767988682952446
vn 0.5288058516583148 0.00887979739504425 -0.8486963652862826
vn 0.2276831480826852 -0.014015461108821882 -0.9736344031149808
vn 0.5306249377046519 -0.19602010834172373 -0.8246291849138212
vn 0.15469704076070426 -0.20853335287157032 -0.9657031978408388
vn 0.49539217423519527 -0.46696757066910183 -0.7324806356825573
vn 0.11800661152370155 -0.4561158703557145 -0.8820616488921528
vn 0.4050216592588738 -0.7279003899486878 -0.5532797464608089
vn 0.027815250894113266 -0.6822733166931915 -0.7305678840095353
vn 0.2707606163374639 -0.909953612680171 -0.31412276487205065
vn -0.11021971046248052 -0.8560882687520343 -0.5049400870704485
vn 0.1031231153879891 -0.9934055555103894 -0.05011013224658506
vn -0.20728478909696157 -0.9339350946138779 -0.29120139982080306
vn -0.2930389373949005 -0.9447730888742554 -0.14673783325872733
vn -0.0765943146862 -0.968351229575391 0.23754832589934188
vn -0.4076673146052534 -0.9128049752954819 0.024381092640739455
vn -0.23589568367291436 -0.8399631858612406 0.4886870909102503
vn -0.5529794284075934 -0.7983552560336067 0.238416939250393
vn -0.3781720638357458 -0.6197087069124994 0.6877114283702509
vn -0.6835266045768712 -0.5962616981617971 0.4210265646498134
vn -0.4794681528753929 -0.33229897682228815 0.8122115982803491
vn -0.7764680272808634 -0.3325502773573985 0.5352641550114127
vn -0.5288066754541741 -0.008879132734710356 0.8486958589488834
vn -0.8217385344323429 -0.035798103222296804 0.5687391993125416
vn -0.5208401797035375 0.3155028398014676 0.7932108580217471
vn -0.814430744562425 0.2618350827919269 0.5178271446446572
vn -0.45643249343085934 0.6056947877136369 0.6517692866935514
vn -0.7553346134863159 0.5280992949188742 0.3880473635726254
vn -0.34256404078204583 0.8302504435837796 0.43969771308481254
vn -0.6508523377342991 0.7341407144967765 0.19346484379328585
vn -0.5204674591418085 0.8534409846280973 -0.027424619076547172
vn 0.6637767019977532 -0.3863210211331082 0.6404346637367926
vn 0.26584942979013537 -0.9285836330791166 0.258952731319537
vn 0.30508384457293003 -0.9141398484016787 0.26696851002460203
vn 0.6959048920719321 -0.37328712352557936 0.6134925464912768
vn 0.3736915507701982 -0.9097525837319821 0.18084485415943494
vn 0.8364247529528479 -0.3695225678967522 0.4047798222030805
vn 0.4117268941620161 -0.9097508385192626 0.053238862095264905
vn 0.9215510542359467 -0.36951864541238805 0.1191621799448522
vn 0.4074029660500346 -0.9097514269055784 -0.07984462722624741
vn 0.9118752968702935 -0.3695202744056936 -0.1787126457776713
vn 0.3611715585716506 -0.909751201876222 -0.2047140834522491
vn 0.8083962697445998 -0.3695194223629047 -0.4582039584722088
vn 0.2777854618183388 -0.9097516454504271 -0.30852419808276405
vn 0.6217575779788598 -0.36952047509554814 -0.690559289786925
vn 0.16582421218214913 -0.9097516516148395 -0.380597245179522
vn 0.3711590101670422 -0.36952054388421157 -0.8518776654070335
vn 0.036805453594443635 -0.9097511329501726 -0.41351932806289105
vn 0.08237956766021799 -0.3695197677568107 -0.9255640161917857
vn -0.09600057031329633 -0.9097510854884292 -0.403902033854927
vn -0.21487427771658535 -0.3695193785062885 -0.9040378718195946
vn -0.21892971957328228 -0.909751793800822 -0.35273425062467473
vn -0.49002327301982596 -0.3695211525822875 -0.7895133372484565
vn -0.31933869796551995 -0.9097517060024135 -0.26528216941095856
vn -0.7147647605018386 -0.3695201724522803 -0.5937728347571876
vn -0.38689760715073845 -0.9097514444730935 -0.15054086109808357
vn -0.8659789016686401 -0.36951969332527446 -0.3369506464002864
vn -0.40325322721271895 -0.9141400971238635 -0.04164994085110648
vn -0.9231502819647492 -0.37328823673332634 -0.09192088568398309
vn -0.37408360475869645 -0.927307970928776 -0.012703688546861741
vn -0.9211995619152449 -0.38744261607704683 -0.035771306581323596
vn 0.8916275954605569 -0.39084374250518916 0.22856377656523608
vn 0.35333077157201537 -0.9313348315999164 0.08816346924366798
vn 0.7941460466899862 -0.4007598791346733 0.4568627537922396
vn 0.2973892999910038 -0.9392201538251607 0.17153747957662832
vn 0.991044556152549 -0.01589547821301337 0.1325821311217188
vn 0.9114835363540028 -0.40790737662443216 0.0530031607640073
vn 0.9105062531293812 -0.41206661429525293 -0.03434338940091038
vn 0.7602606943870324 -0.47200786592591615 -0.4463319964714717
vn 0.8764486462771552 -0.4224885401841388 -0.2309571472200357
vn 0.8989318325323431 -0.4186663464646655 -0.1289963208699071
vn 0.1670596191897778 -0.9438697468318549 0.28495786469535556
vn 0.01549712028108796 -0.9438694641013774 0.3299549575320426
vn -0.1396139758065768 -0.9438699161007184 0.29936185334725496
vn -0.26274380106626005 -0.9438694295269181 0.2001903968870223
vn -0.3256809282309423 -0.9438695606821113 0.0551560096851659
vn -0.3326030138863147 -0.9389231272497903 -0.08830966124504204
vn -0.3030083732097388 -0.934099278458343 -0.18879741457019616
vn -0.22584447552677694 -0.938923533049056 -0.2596475918638826
vn -0.09401086831034502 -0.9438697770781393 -0.31665722881058395
vn 0.06391571329773513 -0.9438691992898331 -0.32407671348865996
vn 0.20720002190247797 -0.9438694067550804 -0.2572521990487649
vn 0.3030157335089705 -0.9438701444373037 -0.1314937857312052
vn 0.32941667874407615 -0.9438696609188758 0.024386778428245763
vn 0.2803515703592444 -0.943869333848075 0.1746816464838156
vn -0.5307681821149949 -0.3749126030389914 -0.7600826776982037
vn -0.5715222528791795 -1.276278613581133e-07 -0.8205865673187022
vn -0.3507866646064209 0.0009583108651836431 -0.9364549095255937
vn -0.32678226720479214 -0.36915661010584705 -0.8700211187411806
vn -0.029315036265329508 -0.001301393549332434 -0.9995693747927615
vn -0.024464998191604227 -0.3690117198162731 -0.929102693194741
vn 0.29113595656895547 -0.013950982166674095 -0.9565799626216641
vn 0.28061675995571067 -0.36909740523663626 -0.8860142998166234
vn 0.5600309875112318 0.061378005203084084 -0.8261949125384909
vn 0.4775734175600664 -0.3763048074633321 -0.7939258924609922
vn -0.7089704669140897 0.06203427275745449 -0.7025045380971368
vn -0.6150827664290239 0.02348791702916387 -0.7881126240555026
vn -0.6881792593694005 -0.3923954018405393 -0.6102746558625757
vn -0.7912395766704716 -0.029289971808136177 -0.6108044121171782
vn -0.7585859873031866 0.38118711294698376 -0.5284351282706262
vn 0.8884658237594304 0.38422249141483206 0.2510011097633948
vn 0.8869628135138747 0.3801993314714073 0.2621935082953939
vn 0.8522952832973637 0.3744795288664754 0.36518191703452285
vn 0.6302767724151009 0.7275157780377036 0.27105715792097795
vn 0.7219712546341808 0.486103064232204 -0.49240361333565413
vn 0.7027582174689888 0.5617737380272478 -0.43651020038792054
vn -0.0036197668167040563 -0.7398130687406804 -0.6728027352862723
vn -0.6680136438644803 -0.35126837799575744 -0.6560246170923231
vn 0.6813710215065616 -0.6729134127229324 -0.2879601882703254
vn 0.9247785355815128 -0.37485031371633376 0.06535979218509701
vn 0.9092639653153162 -0.3672282024028415 -0.19591449343794198
vn 0.3235369336825967 -0.7443752076449456 -0.584148442424361
vn 0.7573616694875297 -0.36552889032080005 -0.5411025151779527
vn 0.47988261491214335 -0.36676611447331325 -0.7969914009443464
vn 0.2380976441245875 -0.37457063380065786 -0.8961062170058273
vn 0.17711963059487362 -0.7272888298545143 -0.663083399299656
vn 0.8514620648173991 -0.3311517562294606 -0.4066335777122144
vn 0.7796689956218451 -0.12565217972907275 -0.6134556112673158
vn 0.8578888291212403 0.027928170718188976 -0.5130757976647535
vn 0.9854986588227336 0.06166664565801939 0.158081049692497
vn 0.7607439047091935 0.016754138825686996 -0.6488358885573602
vn 0.8728053054758428 0.035907926284471904 -0.48674584699118845
vn 0.7379902194560386 -0.4102880622749228 -0.5357556737374949
vn 0.5701036616665717 -0.02903219762769034 -0.8210596485367394
vn 0.869564443042034 0.023011548488807144 -0.4932830303518912
vn 0.891657733959507 -0.4055926842474045 -0.20109962693944092
vn 0.9402254605653462 0.048152101742674536 -0.3371312183741604
vn 0.9747101484188616 0.06871954180569886 0.21264465933405347
vn 0.9927997769841987 0.05771796827403426 0.10496303615293677
vn 0.9194198996099836 -0.38910313081390785 0.05714719408669774
vn 0.9993667294755845 0.035246280183272125 -0.004882596698070189
vn 0.9856930375710901 0.03565159514838225 -0.16473675803309185
vn 0.22466067352778832 -0.18711849864235877 -0.9563023837865668
vn -0.006484016342715384 -0.20915155322271856 -0.9778617414116332
vn -0.1733682936540853 -0.21456491220256713 -0.9611999444480713
vn -0.3145794241728088 -0.2099630024176592 -0.9257188144911316
vn -0.5655151235936124 -0.26771484599164913 -0.780077820619564
vn -0.6364100933019077 -0.4211093384903059 -0.6462577799761594
vn -0.742955399998309 -0.47860672159972545 -0.46792401055397426
vn -0.902554837312127 0.2946649734211205 -0.3139543264285591
vn -0.7960113377057934 0.3521553811749943 -0.49229314209455305
vn -0.9734432326541208 0.14126783621828826 -0.1801434740702485
vn -0.6823638548300275 0.2983423759083457 -0.6673615184881945
vn -0.5920538133186272 0.14766438767539533 -0.7922547006785903
vn -0.54928473760634 -0.05952222089636458 -0.8335126767196158
vn -0.989681482409609 -0.06692212901563764 -0.12669645623904846
vn -0.9469152291984185 -0.2741152006181031 -0.16796548902141586
vn -0.8566061452579367 -0.42480690711868313 -0.29285662630474574
vn -0.14546622181591326 -0.9026063487089252 -0.40514362586735303
vn -0.6375805469898639 -0.3918673282015514 -0.6632729778818699
vn -0.01518032579997782 -0.8425181971299408 -0.5384539397325653
vn -0.5337801734852619 -0.3454305361272562 -0.7718526226585486
vn 0.5061247777672906 -0.8624176895478791 0.008569602377528098
vn -0.35838226444068483 -0.7742437783991857 0.52164041651747
vn 0.3233728560270131 -0.8998562858403976 0.292726255772278
vn -0.42108189858945244 -0.7128660818774875 0.5608136802797711
vn 0.09659895730955376 -0.76350150264852 0.6385405992575248
vn -0.2951698137643355 -0.8024992164855057 0.5185265553300785
vn -0.47051562056229523 -0.8188653153797893 0.32874708527200125
vn -0.28955092978708186 -0.9366894879289227 -0.19690876634342375
vn -0.14722548223513637 -0.179322686808376 0.9727116897500805
vn -0.5909813362140599 -0.25178287031758695 0.7663853120077925
vn -0.5771561037361497 -0.30754922947444885 0.75650796649459
vn -0.08023547274747972 -0.4538172496006141 0.8874751674711369
vn -0.5503569639627929 -0.39640310264875683 0.7348277297626268
vn -0.509343624444333 -0.512250459506576 0.6914973166782444
vn -0.4795144535181836 -0.6083671514415872 0.6324201909442854
vn -0.2701872974455868 0.028195544204657832 0.9623948439107793
vn 0.03629267830110761 0.7537520437864847 0.6561560012599362
vn 0.29364901301728197 0.758678463292022 0.5815300907870823
vn 0.5064641881852884 0.7537624672009581 0.4187316194472797
vn -0.21209150970839777 0.3744778954555852 0.9026535865573064
vn 0.050835723335027026 0.36679819855660456 0.9289105504668543
vn 0.4172806376044188 0.36155747622149637 0.8337583947816009
vn 0.7209596393372671 0.36233207179989735 0.5907052295281223
vn -0.37580568341160175 -0.022100580227261815 0.9264349155062959
vn -0.3666198548114214 0.37430888912189014 0.8517527443938111
vn -0.6027416824529103 0.3684178811424465 0.7077928574719763
vn -0.8322688190400264 0.3728383094138551 -0.4102684583137464
vn 0.18526391924330893 -0.757030407342047 0.6265638375984869
vn -0.08397238971745814 -0.7451483608164937 0.6615909296065295
vn 0.43923388810827874 -0.7449530592238232 0.5021140618329175
vn 0.576943566105967 -0.7334130692771648 0.35950158739896876
vn 0.6443449876327141 -0.7449034159213573 0.1730272749056938
vn 0.6440559770604487 -0.7570515181624541 -0.1098403262041504
vn 0.5177436115105455 -0.7587926786505605 -0.3951901106636202
vn 0.2772890591355575 -0.7574094144629314 -0.5911359882181398
vn -0.032829346834496856 -0.7580180221704885 -0.6514068713570351
vn -0.3217900707661122 -0.7558379185982717 -0.5702281921874552
vn -0.9311305596727917 0.3564352253915304 -0.07713501762184632
vn -0.8538742272822509 0.3672247964673173 0.3688424498924662
vn -0.3623698697447498 -0.034418615175634694 0.9313986452806147
vn -0.4465643105192374 -0.7635612546583884 0.46642740802292676
vn -0.6081478480259067 -0.7698082928403135 0.19378180310787968
vn -0.636666444350499 -0.7625758883505291 -0.11460302415073692
vn -0.2626417450349037 -0.03269075411182559 0.9643394777569881
vn 0.0805284288285958 -0.7606239907711788 0.6441787925830246
vn 0.5826497855013193 -0.7602636227274377 0.28726025031775415
vn 0.3734329062704671 -0.7651819954089201 0.5244467355379532
vn 0.9521487329773308 -0.2029987479737773 0.22848260023630404
vn 0.9138345364996978 -0.08873382541902688 0.3962735773766504
vn 0.8536215129996456 -0.3881768643580364 0.34734569886693334
vn 0.8234509137564219 -0.2329184770785221 0.5173756620378813
vn 0.6886522905642795 -0.3884259825900827 0.6122771257768007
vn 0.9940040134300099 -0.09053840728790437 0.0613092007026869
vn 0.9285932731059007 -0.36785110477761207 0.04899079358777686
vn 0.9617020498417338 -0.23262007559993647 -0.14497264486132216
vn 0.8755368938550291 -0.3716707215297307 -0.3087005381534942
vn 0.9307473531706631 -0.08597611338643207 -0.3554116943669247
vn 0.7355965838893966 -0.357341247629692 -0.5755040386589003
vn 0.7841284915286667 -0.08734248411749504 -0.6144215159328024
vn 0.5099288850193543 -0.3732336847997971 -0.7750284825435022
vn 0.5747672806285384 -0.08530315067383196 -0.8138586766779554
vn -0.5727669660261621 -0.15362011671196346 -0.8051949219726787
vn -0.3966978050913896 -0.08294311805934097 -0.9141943396249336
vn -0.4186045943294256 -0.3752195123410717 -0.8270311428022679
vn -0.20509062050638063 -0.08186175570171175 -0.9753135343743267
vn -0.15482191437812914 -0.3750328337310076 -0.9139915472541208
vn 0.005750957419463728 -0.20334491988006656 -0.9790902767608964
vn 0.2040054305362671 -0.3640432952130225 -0.9087652411498564
vn 0.21277798871896608 -0.09468631034859848 -0.9725019435195389
vn 0.35509650671331305 -0.2896437947566116 -0.8888267227525238
vn -0.7150252326229235 -0.08855780653349932 -0.6934669650491718
vn -0.6774405774171807 -0.3697409099040328 -0.6358977304661613
vn -0.8244866159679608 -0.23628501937650692 -0.514189857647877
vn -0.8661749213160994 -0.37266637459841234 -0.33295762331973217
vn -0.9360909285491841 -0.08543085869335292 -0.3412262326827216
vn -0.9779661673910707 -0.14161351549606305 -0.1533877037681524
vn -0.9267261818814864 -0.375587812335315 -0.010600898100364766
vn -0.9954997705662931 -0.08291158750776553 0.04588981868998918
vn -0.8885026197492288 -0.37477030679377715 0.26478351883086493
vn -0.9661313855333791 -0.08176460870010654 0.24475435573544294
vn 0.10769076125081269 -0.3716025433299316 0.9221248558259053
vn -0.20441991507637913 -0.09083972567389037 0.9746592443308884
vn -0.19357370110405248 -0.35735059374980743 0.9136901966134577
vn -0.4802108126004978 -0.08953445633996394 0.8725715767714856
vn -0.470217768678866 -0.3734575099990105 0.7996403805736723
vn -0.6383719196671874 -0.22181213738296257 0.7370757545124055
vn -0.7416702714422136 -0.3659616089560214 0.5621363795638503
vn -0.7945313760994996 -0.09258348444737802 0.6001234796281658
vn -0.8598492509253312 -0.248784794758895 0.44583112450783596
vn 0.4443103300859405 -0.3727060373598163 0.8146646796654843
vn 0.29289134541569023 -0.2329553005120855 0.9273329972258676
vn 0.09012240581743348 -0.08741853159847406 0.9920866657217223
vn 0.7560008702901001 -0.06952088087209224 0.6508682902426417
vn 0.6436275358571998 -0.16705641543149335 0.74688402657278
vn 0.48603804756152524 -0.08723546717757293 0.8695728776755235
vn -0.20272262133788835 -0.9237623025691508 0.3249103678709494
vn -0.07937201635649074 -0.9237672639175806 0.37463865942229185
vn 0.053555227335643614 -0.9237589387388007 0.3792113668196039
vn 0.18002220976681393 -0.9237595801572708 0.3380240258596061
vn 0.2847525990850887 -0.9237721346063151 0.25604882471743295
vn 0.3551781155389929 -0.9237616026489809 0.14322362833539767
vn 0.38273789110377304 -0.9237639591067427 0.013109331366348205
vn 0.36411609682501866 -0.9237742321810531 -0.11857755264475413
vn 0.30161030841073355 -0.9237694775948793 -0.23596858715614277
vn 0.20272041558835513 -0.9237657141068195 -0.3249020445371229
vn 0.0793700556022027 -0.9237665100225861 -0.3746409337410886
vn -0.05355212026712854 -0.9237661244546075 -0.37919430075491606
vn -0.18002306086912004 -0.9237583000564918 -0.3380270708568378
vn -0.2847656849184035 -0.9237648742286797 -0.2560604651917667
vn -0.35517053785077185 -0.923764614672829 -0.14322299299048785
vn -0.3827424758395504 -0.9237620785283452 -0.013107992264350712
vn -0.3641444511237335 -0.9237616359550586 0.11858861097689254
vn -0.3016163546625007 -0.9237669348602885 0.23597081315055082
vn 0.1489364848768707 -0.69541936086044 -0.703000594603574
vn -0.10048342713227361 -0.6954298399126884 -0.7115338492515768
vn -0.33778392505369437 -0.6954294079695552 -0.6342554363239107
vn -0.5343468216607253 -0.6954222504409443 -0.48048035107872383
vn -0.6664478287738731 -0.6954305500759642 -0.26874456560762705
vn -0.7181795455836759 -0.6954229645451552 -0.024597574849014
vn -0.6832780057775615 -0.6954260350575118 0.2225169579713582
vn -0.5659611114369246 -0.6954333363364563 0.4427871893506249
vn -0.38039499813085426 -0.6954179167357437 0.6096667667504485
vn -0.1489365801811253 -0.6954223860270609 0.7029975818567095
vn 0.10048767679142673 -0.6954183363515732 0.7115444921289686
vn 0.33778546188888314 -0.6954236982205385 0.6342608782589254
vn 0.5343424072657811 -0.6954272997062937 0.4804779522731743
vn 0.666439469045009 -0.6954392140904465 0.2687428763786469
vn 0.7181833366196396 -0.6954190533251194 0.024597464793673758
vn 0.6832734422638881 -0.6954315768230056 -0.22251365138868465
vn 0.5659682603911089 -0.6954239646420721 -0.44279277052743765
vn 0.3803901597412877 -0.6954250664001007 -0.6096616302461662
vn 0.8732242160294844 -0.012641728517795707 0.48715465228177246
vn 0.65513142435814 -0.73884907597948 0.1578127363134645
vn 0.6440669282460876 -0.7570423620518524 -0.10983921885465597
vn 0.5177569106572122 -0.7587800952575616 -0.3951968477956588
vn 0.2772985667909364 -0.7574070719547732 -0.5911345297041865
vn -0.03457767453838731 -0.7591338060952797 -0.6500155758647723
vn -0.32560794500310264 -0.7598613279261834 -0.562663512654867
vn -0.5546399672029436 -0.7569414572589206 -0.34556350655684054
vn -0.6485077822988123 -0.7599184233953137 -0.0442904739448234
vn -0.5987489994570161 -0.7591368050795689 0.25536434132980806
vn -0.42762149657975396 -0.7507726540804277 0.503468248798196
vn -0.32542474413780426 -0.026216043123722096 0.9452044514208445
vn 0.1782373676279724 -0.9401334875579817 0.29048316018853376
vn 0.08026468947080384 -0.9349345015533393 0.34562270965514463
vn -0.011931043195054013 -0.9349324756167241 0.35462503612331336
vn -0.10330323367700565 -0.9349346210578025 0.33944910702397996
vn -0.18763861919637356 -0.9349352757270878 0.30114411630844296
vn -0.2592017724473802 -0.9349278263222788 0.24233117985194447
vn -0.3098713578910945 -0.940119063227068 0.14197143556289493
vn -0.32560575650379725 -0.9454422050526424 -0.010951175132709672
vn -0.27650222601209745 -0.9454445746693634 -0.17228196434514415
vn -0.14083778484165763 -0.9538841896794934 -0.26508427158243664
vn 0.010948842554040862 -0.9454472375930278 -0.32559122189401835
vn 0.17230302203159803 -0.9454323976362792 -0.2765307398798463
vn 0.29053408488786986 -0.940112637373978 -0.1782643390252557
vn 0.34562680542186325 -0.9349326769959961 -0.08026830544478777
vn 0.35467877479850857 -0.9349121486060439 0.011926487171822257
vn 0.33944167923555446 -0.9349383969617032 0.10329346680418756
vn 0.2778640386707834 -0.9401285707300018 0.19735715469859594
vn 0.6052458403536061 -0.4493886575886566 -0.6570595917915835
vn -0.3161975262492277 0.7546539072357815 -0.5749057354798589
vn -0.8913320457194467 -0.3457739855468616 0.2932022087103453
vn -0.6770711067541325 -0.7084405549048445 -0.1992152016409648
vn -0.7567351491005011 -0.6532260137674224 -0.025449735821137045
vn -0.6680763960874521 -0.6532270120922649 0.35632625452499866
vn -0.40041302475347046 -0.6532177907881701 0.642632031107693
vn -0.025449333270856807 -0.6532263288860349 0.7567348906229595
vn 0.3563300579652046 -0.6532210375744265 0.6680802091520924
vn 0.64262513020212 -0.6532276588252232 0.40040800164135826
vn 0.7567342729588837 -0.6532271191893896 0.025447414110687717
vn 0.6680771111852968 -0.6532254775537554 -0.35632772693824555
vn 0.40041124276035406 -0.6532236899346416 -0.6426271450688026
vn 0.09470906341258345 -0.671485209829928 -0.7349406821554845
vn -0.5815319855842027 0.7586781339396732 0.29364611154297604
vn -0.41873146833227726 0.7537700427801707 0.5064530383317636
vn -0.3538961921381804 0.028197240122227255 0.9348595620945349
vn -0.6561269799110544 0.753776218240585 0.03631527292642878
vn -0.6681148591631234 0.7275131257598427 -0.15603585104899265
vn -0.6317130432759901 0.7268379701007842 -0.26952772802581687
vn -0.5310887097645245 0.7450367094169803 -0.4035654643075529
vn -0.9026524454493344 0.3744836113163972 -0.21208627390702534
vn -0.8532045825456549 0.37476388612101474 -0.3627588317085745
vn -0.7249504787309149 0.36996374209597976 -0.5810108716041005
vn -0.43893994899764693 0.37084341469451976 -0.8184173036731636
vn -0.08566745824879257 0.36943778273482814 -0.9252982282946214
vn 0.1315487836628448 0.37749293106586945 -0.9166209710191694
vn 0.06003632226926939 0.39320160833072476 -0.917490128129187
vn 0.8505503418473197 0.3923397650019892 0.3501908405164126
vn 0.7268466784727512 0.41500969244111036 0.5472301720236777
vn 0.5261086007816365 0.407633747594071 0.7463541170289087
vn 0.26348995229045297 0.4079803428413733 0.8741424854661912
vn -0.027351260770683037 0.4074294499224902 0.9128270109227219
vn -0.32528015132085286 0.39715984418929867 0.8581706597875595
vn -0.5791719575139178 0.39715964513257623 0.7119157674245336
vn -0.770795055952718 0.39965714620375864 0.4961342028192712
vn -0.8852197481521723 0.4115827583828484 0.21676169053449154
vn -0.9074976670425463 0.41356469047390393 -0.07356786734410545
vn -0.8366462259929192 0.41863321756747673 -0.3532270115391898
vn -0.6927904858147728 0.39716362617199474 -0.6019156060532431
vn -0.46777771596362067 0.39715981463303796 -0.7895872909872026
vn -0.19508296573868253 0.3971617437282642 -0.8967748802220792
vn 0.8222216550775887 0.38028021745852875 0.42348377316157576
vn -0.0027129344878873735 0.9987679784348668 -0.049549624010622274
vn -0.015529696397320334 0.9997612113881122 -0.01537363761708063
vn 0.07211874513029018 0.9971955306638508 0.01999900559711087
vn 0.0708316218530806 0.9970160958799827 0.030688530461708403
vn 0.03767054102660867 0.9992810816019204 0.0042720359617602855
vn 0.06691068302249631 0.9976329156549287 -0.015859574373508385
vn 0.061001064984123804 0.9981376962966789 -9.644874915606751e-05
vn 0.06619949025183196 0.9977995551887237 0.0036979934535980702
vn 0.0004178846869159357 0.9977451216116969 -0.06711555462371095
vn 0.013012546779713828 0.9968502434439217 -0.07823212749312046
vn 0.04099100979902153 0.9974653845744065 -0.058159639712503056
vn 0.06736959266796862 0.9974275068263286 -0.024488907896553874
vn 0.054757328294927285 0.998405349781828 -0.013725615652025276
vn -0.053497058701843264 0.9949374890516739 -0.08507324837927545
vn -0.05081191774452947 0.9943341146587498 -0.09336925318820828
vn -0.023350602764934007 0.9964531020688622 -0.08084531358004562
vn -0.015539739653660388 0.9969111818897533 -0.07698449139061593
vn -0.08650842124350792 0.9932615512321927 -0.07712187690774933
vn -0.09715039558361777 0.9905751807824397 -0.09655367344531028
vn -0.10736744540884718 -0.37220903337326217 -0.9219179286366657
vn -0.07144563448124475 -0.7767931048683866 -0.625690013938615
vn 0.7757996682331095 0.6210025578377711 0.11176179100364723
vn 0.41149348850635087 -0.3815116378153176 0.8277209548684555
vn 0.3078958823532797 -0.1468923980621149 0.9400121004654444
vn 0.31433923139947223 0.44161792470157113 0.8403359186572155
vn -0.38543010174115405 0.7423105180536255 0.548104671991365
vn -0.3951740151026398 0.7009853119668791 0.5936809666768473
vn 0.93840553012831 0.3111223299609237 -0.15032616812881172
vn 0.39721834492525493 0.5920478834344337 -0.7012110168669973
vn 0.45649327704269443 0.6493504247252414 0.6082416575046223
vn 0.6228616693014629 0.6986706280530648 0.35199814546518693
vn 0.28321051047349705 0.23945987524544607 0.9286822787717964
vn 0.9866253039146924 0.05854802413200305 -0.15212704738303226
vn 0.9662425329140129 -0.2440351961822449 -0.08259655327073884
vn 0.2638860180488564 0.045113890435181686 0.9634982648495641
vn 0.556834936843685 -0.5588035672881085 0.6145514024850757
vn 0.7269910078416981 -0.5904640178513524 0.35048012517138516
vn 0.8706713640194549 -0.4805171863216076 0.10504574968111488
vn -0.13602421741895873 0.7064997523790143 0.6945181870649259
vn -0.09605943098178972 0.672463783325685 0.733869910702681
vn -0.11476578613104117 0.6897196587710097 0.7149234970530246
vn -0.2963597614428356 -0.951525454108549 -0.08228123711433426
vn -0.7291373217088299 0.5695698579688586 0.37940603973132575
vn -0.7620868267785947 0.46418456044098666 0.4513937995794138
vn -0.7966102515811417 0.24040935971367655 0.5546309104601819
vn -0.8005557756648455 -0.031219987734326656 0.5984444522389077
vn -0.7635868030706254 -0.3014248654519436 0.5710326126095248
vn -0.6912008412657513 -0.5508477764242627 0.46776930664801336
vn -0.5826429943342019 -0.7438917070559953 0.32734121238639075
vn -0.44198661392422284 -0.8863063147039721 0.13823512443537472
vn -0.1482498796567317 -0.9353973891404721 -0.3210197775386319
vn -0.03042272443469707 -0.8459372821308596 -0.5324139109180231
vn 0.06811991815731311 -0.6501231653341618 -0.7567691501680884
vn 0.013455689002080431 -0.7193774657187795 -0.6944890252909007
vn -0.16771534560553927 -0.9000180430171463 -0.40229228813389006
vn 0.6124057036632864 -0.7743723943435676 -0.1590806367830014
vn -0.05293790018390756 -0.8204139321900082 -0.5693141124130398
vn -0.3595570638824661 -0.9237142788808926 -0.13217658190380394
vn -0.5818958539550567 -0.789771848024515 0.19405577347210745
vn -0.7500900459452465 -0.4960168132182549 0.4374154135129042
vn -0.8010580046310997 -0.2381104428353942 0.549189848985916
vn -0.8583094939340005 0.16072291610155628 0.4873119707770087
vn -0.17261386425565844 0.2444253296410003 0.9541806496133831
vn -0.8871294650775764 0.2988795911983584 -0.3516707297405845
vn 0.44520209716313935 0.8953364216758648 -0.012953173441301946
vn -0.13212974158534616 0.9745538296935339 0.18107060616857842
vn -0.8434966837819174 0.33578009326834596 -0.41924345363238386
vn 0.6164254536962479 0.7394774845274452 -0.27054151236425245
vn -0.8409413021725313 -0.13797123969486327 -0.5232414961730675
vn -0.6054335983917121 -0.3524857169127942 -0.7135852978522865
vn -0.5791893124603432 -0.28658226426341044 -0.7631581396679011
vn 0.7452161601314057 0.43465204367302557 -0.5056980083111514
vn -0.9181285526533314 0.2616470485233721 -0.2976252388519951
vn -0.7298416364250951 0.55743203421517 0.3957280795837935
vn -0.9247050054884214 0.3800980281671443 0.021122069219362893
vn -0.8824364058071795 0.08225822988007281 0.46318416782431543
vn -0.801659286866923 0.2281580893763774 0.5525271704017257
vn -0.833122843169405 -0.21853690525012084 0.5080826204792159
vn -0.7942113189310204 -0.13878634462313244 0.5915798605666002
vn -0.8431614859771864 -0.3420761375379786 0.4148043209657307
vn -0.7596406021145724 -0.34922303932739124 0.5486250308015023
vn -0.49484843060583344 -0.42552155438260825 0.7576651222557051
vn -0.9374304872938989 0.347856002058962 0.01484194473370963
vn -0.989802938147763 0.06894942584008246 0.1246439742241016
vn -0.963134683330644 -0.2340405331931307 0.13265221667297983
vn -0.8947520948071406 -0.42829292500608185 0.12642728830425926
vn -0.7384632060433534 0.5757227120865673 0.35102058644452594
vn 0.2518227296493387 -0.9090796776497488 -0.33190277569822285
vn -0.2277772340258359 -0.9458108739077967 -0.23142887127000614
vn -0.4673412238036141 -0.87993418523722 0.08548690066115384
vn -0.6652165895686931 -0.6369293974576092 0.38962524509698265
vn -0.7997000279230999 -0.23791677161202643 0.5512490137183956
vn -0.822520627404756 0.2095477759789018 0.528724452882579
vn -0.15999517827901283 -0.8888546916640649 -0.42934703915858874
vn -0.22311606308723228 -0.8944768257995871 -0.3874666830837835
vn -0.18921722927752185 -0.8715314591256018 -0.45236020591884185
vn -0.8461712775492277 -0.37903925087750645 -0.3745976713020604
vn -0.9161289689471578 -0.2842837024782805 -0.282649055829058
vn -0.9641762354012566 -0.14134645960611253 -0.2244668470939037
vn -0.9723822665534816 0.019875223479065698 -0.23254613130295454
vn -0.9437390201027089 0.15782410011736828 -0.2905997511315552
vn -0.8676973877465072 -0.4670042003258323 0.17031829078498162
vn -0.9312816766484674 -0.2702680371172726 0.24427367203936584
vn -0.9610614013221036 -0.04710373966604127 0.2722906913544199
vn -0.3219589999472007 0.087282043439749 -0.9427217231219296
vn -0.4144045865346707 0.3721451011566526 -0.8305280623459591
vn -0.8293887044432934 0.5583663361612068 -0.01847732620768977
vn -0.7228084169638999 0.6606325648370064 -0.20276243893537016
vn -0.5629712530266151 0.5488472438382439 -0.6179240011496612
vn -0.713189662181465 0.5965235693053098 -0.36813059777848
vn 0.2886649097485782 -0.8703892144891947 -0.39886737793498256
vn -0.35462065637612494 -0.48508927745586894 -0.7993325859545006
vn -0.38085102650771824 -0.6748854610477536 -0.6320459714881335
vn -0.3108434137046328 -0.22264462087173226 -0.9240160956137794
vn -0.2431052322019602 -0.525359664930271 -0.8154122077454963
vn -0.6006004638199841 0.6907911676438929 -0.40259985787926794
vn -0.47522166229668716 0.6457683197193526 -0.5976183137511913
vn -0.35945165377902233 0.5301531408038251 -0.7679402033305494
vn -0.32537971070785343 -0.6443384035748988 -0.6920665181456366
vn -0.2650899038114339 0.3557306891879179 -0.8962047866794363
vn -0.20175711497671175 0.1402798207677173 -0.9693377318776211
vn -0.1759063159222769 -0.0942409740690535 -0.9798855069982249
vn -0.1901727278404716 -0.323925475216386 -0.9267721511199787
vn -0.9549126471912056 0.18549498294155797 0.23180476168058992
vn -0.9094779258007704 0.39441674550817746 0.13147369829690625
vn -0.3715460169793633 -0.6073285185327064 -0.7022148017833566
vn -0.3006709147401246 0.05158624521030844 -0.9523318015977617
vn 0.41576354555625383 0.4658605450846346 -0.7810983463815168
vn -0.340348889169541 -0.4570977517555647 -0.8217203167629894
vn -0.29859883956675803 -0.21542037189952756 -0.9297487813275447
vn 0.1024388859056921 0.3724619612389993 -0.9223764752444626
vn 0.045951166849110096 0.5278859699933415 -0.8480712782245338
vn 0.980672306206099 0.0712392322004821 0.18222732955266838
vn -0.08228460906839775 0.7479923032378328 -0.6585869399004378
vn -0.30967620590080885 0.8963961476983587 -0.31713497739987967
vn -0.5270440521439863 0.847762863557795 0.05935228952563371
vn -0.680940298957029 0.6652046545844609 0.3063055284768464
vn 0.9239583541550415 0.35374678740675064 0.14547910566988717
vn 0.9209228085952291 0.3671964885561672 0.13064424748566422
vn 0.976626986088426 0.06692797281430876 0.20425566454520805
vn 0.6521217578792851 0.3863478115610668 0.6522825932081934
vn 0.7646017922830401 0.3998614841179069 0.5054650262447319
vn 0.872498375080221 0.39405787079737176 0.28890306323231707
vn -0.778746891420912 0.3976348477210316 -0.48522139996102615
vn -0.8941043040491319 0.3976329206667439 -0.20607172024043624
vn -0.9125700536054535 0.3976344691578563 0.09540820824273785
vn -0.8321451608199636 0.3976354798707566 0.38654942306498147
vn -0.6615447164103135 0.397635641125872 0.6358022374103559
vn -0.4192557241265292 0.3976354986178746 0.8161560194142133
vn -0.13153378774978866 0.3976348111319818 0.9080668585826855
vn 0.17044235881719494 0.3976339002240573 0.9015745580446662
vn 0.4539476262519518 0.39763419135241823 0.7973823439779232
vn 0.6631897403359012 0.3935342004840862 0.6366397736259893
vn 0.7815282474543348 0.389985540704762 0.4869546965295336
vn 0.8637446046603449 0.39353497758686823 0.3147625761361218
vn 0.915827931129986 0.3976334948345462 0.056096384445296424
vn 0.8844204658779754 0.3976330381822135 -0.24431210875060436
vn 0.7571716225311509 0.39763548144482935 -0.5182443033258382
vn 0.5478725340092745 0.39763672262685734 -0.7360167955263168
vn 0.279202998180251 0.39763456946855796 -0.8740322848560649
vn -0.019723680608388448 0.39763410049744596 -0.9173320546807713
vn -0.31651108426806923 0.397635731046176 -0.8612238727130271
vn -0.579002010237004 0.3976329665801494 -0.7117897835949728
vn 0.5329445124317322 -0.10075806784362006 -0.8401297271453522
vn 0.21836268467482506 -0.02954082503970256 -0.9754204619534986
vn -0.37387932131382984 -0.43296951890844027 -0.8202143919671879
vn -0.0916845884660048 -0.459565640443557 -0.8833987538827088
vn -0.6757499354427826 0.0478632737220321 -0.7355753746406174
vn 0.20491780744599958 0.017439413155924774 -0.9786238087540592
vn 0.26614596295952153 0.0488199507472575 -0.9626956626106634
vn 0.38650054050672616 0.07456010351694113 -0.9192704298254957
vn 0.5027140147365823 0.05030084391004925 -0.8629880905837368
vn 0.2478482542521157 -0.7303270537041758 -0.6365482208693668
vn 0.35516845249498635 -0.7227618838452867 -0.5928495843067859
vn 0.5774482142431532 -0.07528348108452623 -0.8129489266511084
vn 0.5280462828643955 -0.07403929776028936 -0.8459818588718424
vn 0.4277617874280876 -0.07794313173182135 -0.9005246922945332
vn 0.3131612759362493 -0.06275904945128352 -0.9476240377733944
vn -0.8906802177243704 -0.39848094788757854 -0.21886453327363278
vn -0.3379203669619664 -0.9374529489262613 -0.08361694889044163
vn -0.7744211661236587 -0.3960094941665523 -0.49340484187898254
vn -0.29354562603436696 -0.9374529668812932 -0.1871173437219349
vn -0.6405007082086901 -0.388569007333519 -0.662399403173048
vn -0.25451141649900094 -0.9300307217286423 -0.2650788477275633
vn 0.695903289394021 0.3732904438896504 0.6134923441341784
vn 0.8364262769741309 0.369519520609846 0.40477945485840056
vn 0.9215499165808303 0.36952160637246456 0.11916179620070368
vn 0.9118758567423989 0.3695190066491729 -0.17871241035620455
vn 0.8083955250226956 0.36952213198455025 -0.4582030871751881
vn 0.6217572466442625 0.36952185663985293 -0.6905588488396786
vn 0.371158762796731 0.36952206975824076 -0.8518771113023202
vn 0.08238021134373029 0.3695221396741571 -0.9255630119390008
vn -0.21487417974254602 0.3695229727082418 -0.9040364259922451
vn -0.4900238840882359 0.3695204734409533 -0.7895132758421817
vn -0.7147644261827693 0.3695209117401297 -0.5937727771213157
vn -0.8659775846037584 0.3695238357653082 -0.33694948844765144
vn -0.9231503037119331 0.3732880867930214 -0.09192127618223853
vn -0.919862648901425 0.38707940259021484 -0.06342115771929735
vn -0.6210953720970475 -0.3434384585401889 -0.7044789308099776
vn -0.6327659956862722 -0.3115250113168662 -0.7089142134470059
vn -0.6599591926551277 -0.3231569267237284 -0.6782502965281083
vn -0.7093041705791129 -0.2891153320129898 -0.6428840629492192
vn -0.7393734461340637 -0.260506711125665 -0.6208567955739295
vn -0.6216221043740692 -0.22738788062168414 -0.7495870270355088
vn -0.602111650735884 -0.13047009841585175 -0.7876795753778734
vn -0.7185639813638726 -0.3637720556593862 -0.5927357726743381
vn -0.7388233832684984 -0.37019395903095476 -0.5631131689391374
vn -0.7403960161108821 -0.424075956501824 -0.5215106158499532
vn -0.7722620013337244 -0.42908681180006586 -0.4685039052508375
vn -0.8197806338623105 -0.40443963933965144 -0.40544825869045364
vn -0.8755936749565855 -0.35692919114766314 -0.3254800591168319
vn -0.9250053590272471 -0.2804334972118269 -0.2563632957590032
vn -0.9601855069335227 -0.18061874154057658 -0.2131212389207436
vn -0.9773197248364435 -0.06829717362272253 -0.20045361438688653
vn -0.9745532877330086 0.044360834663366766 -0.2197225653335435
vn -0.9521849805220861 0.1451415548241553 -0.26884510769471154
vn -0.9126389320703282 0.22312992890749692 -0.3424955685775599
vn -0.8630198425434893 0.27260133276362686 -0.42530608360533156
vn -0.8187851534580609 0.2993622260963063 -0.48987052377472523
vn -0.7849658920876427 0.2922794408522437 -0.5462611799443111
vn -0.7401582924344543 0.25328732506989543 -0.6229054768578053
vn -0.6855634781666514 0.19175904492935253 -0.702304197689168
vn -0.6426820477477909 0.10238643221966233 -0.7592606956770741
vn -0.6108677516570203 0.006678853743049501 -0.7917044795238788
vn -0.8364651164264378 0.04664270819587924 -0.5460316536372776
vn -0.8617803644802928 0.025427857584689642 -0.5066438862306211
vn -0.747476628372337 0.10162554503943189 -0.6564685359044725
vn -0.780374213994539 0.07407010287450695 -0.6209103848322765
vn -0.8114890262429573 0.06674244566680644 -0.580543716040119
vn -0.8673295138043726 0.012143963884987431 -0.49758621225374655
vn -0.8853212426409983 0.09258384733677444 -0.45566931928858156
vn -0.8979251843074079 0.3446341925078822 -0.27378392345232294
vn -0.9004538790611455 0.37292467783794336 -0.22385262192612848
vn -0.928371088496466 0.28751190542440624 -0.2355080174497549
vn -0.9481959819737981 0.22215069098532764 -0.22709788696394007
vn -0.9582393662044284 0.21204375730287858 -0.19187173331424642
vn 0.48718703563216315 -0.770086596784738 -0.4118439337472944
vn 0.770409500877278 -0.05663450596413476 -0.6350289235083878
vn 0.6117270298011432 -0.11806509319072077 -0.7822088434558495
vn 0.6159472780187821 0.001068525872713355 -0.787786651926594
vn 0.6143198975229681 0.1130009972932485 -0.7809237082571517
vn 0.8004507485696686 0.058843286059548645 -0.5965031993208177
vn 0.7878165599713282 0.09754161409742265 -0.6081370744776315
vn 0.7664287691949431 0.05322087630352595 -0.6401206761820849
vn 0.7426318720635566 0.018495854473392557 -0.6694444009495311
vn 0.7458727114654519 -0.024021612566472637 -0.665655211367628
vn 0.7734442916126268 -0.07119540368760541 -0.6298532704254227
vn 0.7442079489487987 -0.3707025143961746 -0.5556385286692922
vn -0.035759605557461195 -0.3915901057387883 -0.9194446365594068
vn -0.027626989908411493 -0.6849286827026353 -0.7280861549568383
vn -0.24256742829936498 -0.3964802819215645 -0.8854176578178398
vn -0.19613598285473408 -0.6789377023705242 -0.7075127366552779
vn 0.10342906031716902 -0.6897751093890598 -0.7165980239640756
vn 0.21454816066815113 -0.689882926800726 -0.6913975947765346
vn 0.37195184165368284 -0.6751461572554713 -0.6370474816162485
vn 0.5893404334378772 -0.6610423735336391 -0.46443603855457655
vn 0.8043016849496814 0.4315426544439927 -0.4084969240796511
vn 0.6939171542855548 0.39485644561723876 -0.602135674364805
vn 0.6971739421183567 -0.37666739530926213 -0.6099755468394503
vn 0.8287325914657495 -0.366460521771243 -0.42297633246508165
vn 0.9282176737161257 -0.36646186109239437 -0.06416895328523578
vn 0.8998083445332371 0.4315633991813372 -0.06401543247846599
vn 0.9038135975919785 -0.3740049828804613 0.20794531393717694
vn 0.8923521968942567 0.40459632567558873 0.20002342349786564
vn 0.7313801727821766 -0.39653363779904843 -0.5548370183711309
vn 0.7396774926615173 0.36177581466563496 -0.5674464439689326
vn 0.8308167034340153 -0.39924824482282795 -0.387742755317139
vn 0.8448368614272027 0.361360120378537 -0.3945497953032581
vn 0.7073394603123833 0.4463882597470541 -0.5480952558132419
vn 0.4702452609084126 0.3992956425448279 -0.7870402686253684
vn 0.27360129656456794 0.421777453872758 -0.864433982397037
vn -0.023812039183418687 0.42230171892592105 -0.9061425080980032
vn -0.31831924974337056 0.42177524564026064 -0.8489867474866234
vn -0.5204979310796004 0.40231865960621394 -0.7531411553450752
vn -0.6766727104808004 0.4096666304161854 -0.6117902375929314
vn -0.31697333333039196 0.9223958009228677 -0.22071223889327393
vn 0.3646700798220187 0.9254290274355704 0.10294099310894986
vn 0.3729018989729407 0.9212995710098794 0.11023281815950778
vn 0.36848632818608895 0.9157427122923626 0.1601034378873897
vn -0.3717170729559321 0.9111399241844118 -0.17790575097589786
vn -0.8194784765982882 -0.44241845894758036 0.36430884366783767
vn -0.9754597528633885 -0.19368287516760874 -0.10471491971302645
vn -0.41331196690042993 0.9084562922957224 -0.06229272032273694
vn -0.5885871308938929 -0.4344628949638423 0.681767689353003
vn -0.36611701752962644 -0.4037941733943458 0.8383964426260337
vn -0.20479018738484786 -0.4033410569894744 0.8918390947348588
vn 0.0516533710796689 -0.4302654860995649 0.9012233578462173
vn 0.3749731254738836 -0.4256128865267921 0.8235586354320372
vn 0.8458737716457446 -0.0657679659774767 0.5293128914857337
vn 0.3332545260103268 0.9127576325751785 0.23625182553662447
vn -0.6613835052510599 -0.4777934592641425 -0.57817408214674
vn -0.8244287702463102 -0.09563809150920144 -0.5578266381615656
vn -0.5518429811202433 -0.47143682420442956 -0.6879074392477266
vn -0.2982752141589512 -0.5015330299455935 -0.8120939086657554
vn -0.016202915700520317 -0.4259193891112308 0.9046160177124424
vn -0.13485722588406462 -0.24329167177696648 0.9605325039116703
vn 0.003938483926669163 -0.6166298868030062 0.7872433366156051
vn -0.4474464383284771 -0.794541825266376 0.41048139145342033
vn -0.07982171674137378 -0.7643345860495826 0.6398602457606449
vn -0.24503752979283705 -0.8294523012483983 0.5019616409116945
vn -0.5226331085641415 -0.08278496096773907 0.848528894069113
vn -0.6878458010897216 -0.14790359121807592 0.7106283709703937
vn -0.7716041382200147 -0.2956071688702368 0.5632436911269149
vn -0.32022761789753595 -0.11769547693420104 0.9400010890658056
vn -0.6328033603727726 -0.6689503757078243 0.3899555127720178
vn -0.7514458909444509 -0.48633159647691737 0.445881880379673
vn -0.1348539733761306 -0.2432913304529643 0.9605330470062424
vn -0.32022632992814576 -0.11770035756694472 0.9400009167279381
vn -0.24503900445539367 -0.829458127187876 0.5019512939892583
vn -0.5226315245600175 -0.08278323404478528 0.848530038182007
vn -0.6878491916965119 -0.14790158268941603 0.7106255070854274
vn -0.7716082883550586 -0.2956019997459559 0.5632407185990451
vn -0.07981683958333419 -0.7643344799373861 0.6398609809152093
vn 0.00394337683375326 -0.6166293357245461 0.7872437437687592
vn -0.016202800894641923 -0.4259125330965154 0.9046192477470719
vn -0.7514540303684997 -0.4863292334230072 0.4458707401939806
vn -0.632803284800143 -0.6689520820606869 0.3899527082260376
vn -0.4474448443996678 -0.7945431987320866 0.4104804703865227
vn -0.08535210629103636 -0.36778831928331684 0.9259842170093595
vn -0.0348225776575468 -0.5085291657475496 0.8603403254929909
vn 0.2534938249332253 -0.263278408828248 0.9308197248477222
vn 0.29443302347277744 -0.37339312709256245 0.8797083421957055
vn 0.6586550302459417 0.3614889112931652 0.6599237214586242
vn 0.6417328763243171 0.27546688976191824 0.7157491935653255
vn 0.8245646068705358 0.14263463323236453 0.5474929867122568
vn 0.6066670421335422 0.18031973129930343 0.7742350382752552
vn -0.13134006785492008 -0.18409050648546804 0.9740946935477005
vn -0.7739300478944876 -0.24370064025665175 0.5845017355872729
vn -0.24097468360102925 -0.05112754537466095 0.9691837679033558
vn -0.9033942606218376 0.2431431589005701 0.3532141194167862
vn 0.037948024498315025 0.3070715095274387 0.9509295638864191
vn -0.6139054909809755 0.13018344080249353 0.7785706903578062
vn -0.1260668657917965 0.39928156163438605 0.9081196946924118
vn -0.7741026337157166 0.34768899185153246 0.5290344765888665
vn -0.15172589184374982 0.07672048048301823 0.9854406230812052
vn -0.7937530772805821 0.02490428391495479 0.6077300625691389
vn 0.01620887266776696 -0.7499115611934397 -0.6613394913622338
vn -0.6418383936007603 -0.3271484833951343 -0.6935541408659159
vn 0.0755819382267408 -0.7600738278539472 -0.6454263295104543
vn 0.137146936722844 -0.7917688490295549 -0.5952250057364477
vn 0.2670340193155351 -0.7765756933661385 -0.5706338799975794
vn 0.278115151390788 -0.7986495633537541 -0.5336767163009241
vn 0.21828222270811198 -0.7914293484882788 -0.5709574919387822
vn 0.1361498833895927 -0.779443106506483 -0.6114995118334308
vn 0.21760247943086336 -0.28998557202200564 -0.9319643388910387
vn 0.2742867850517325 -0.29650598118474936 -0.9147955851815495
vn 0.2393790141401894 0.4030986949897606 -0.8832944750686619
vn 0.346695573534185 -0.9051416385220026 -0.24600974270444384
vn 0.9664344082057766 0.036131972870408396 -0.2543600109538495
vn 0.3873662899810112 0.4041863679197727 -0.8286016759421679
vn 0.41195764532750034 -0.9067725969471886 -0.08974606332242557
vn 0.40068290315822563 -0.9158412223190353 0.026231023957730408
vn 0.36306546848751214 -0.9314455541459988 0.024344306389711426
vn 0.640428881220273 -0.43026873140457766 -0.6361758144368935
vn 0.5974563786644534 -0.46408141871320313 -0.6539681279682503
vn 0.3384037608026647 -0.9383943442658053 -0.06999249477309974
vn 0.531350237422408 -0.47353392857749216 -0.7024475380248103
vn 0.3071842904436089 -0.7282125899712449 -0.6126534383417986
vn -0.18051111511962176 -0.7614138732902068 -0.6226272166228163
vn -0.43358428873724597 -0.7573434290153525 -0.4882986740586996
vn -0.5847930395972919 -0.7296262325315007 -0.3544892969335585
vn 0.10237641325892297 -0.7567035093411741 -0.6456925498710587
vn -0.45873326022653815 -0.06237697633904989 -0.886381920384621
vn -0.5145723110040353 0.20385492456503868 -0.8328616370553685
vn -0.6199382090057035 0.3847674844625737 -0.6838352140063743
vn -0.7540095098497658 0.44027683487150915 -0.4874689402737798
vn -0.8881484543743837 0.3790351413572392 -0.2598551223445311
vn -0.9748729139154535 0.20229112709559816 -0.09327969560620043
vn -0.9949099067027516 -0.09481560984389906 -0.03412151336989399
vn -0.9448965981278955 -0.31965726116908605 -0.07063748458296722
vn -0.8341492591581929 -0.5042582123530821 -0.22342486146423415
vn -0.6944301075702591 -0.5703916990540628 -0.4386571957122987
vn -0.5634570834735022 -0.4996964634361259 -0.6578902336354927
vn -0.4763046678439783 -0.31112686568953973 -0.8223952436853225
vn -0.041305430071406316 -0.29677935762291807 -0.9540523436036119
vn -0.2877341466218944 -0.3404450413973227 -0.8951571005447845
vn -0.417551701421859 -0.3428897483408858 -0.8414732301876482
vn -0.9014960331441174 -0.388405593824587 0.19090834688716588
vn -0.7736711546835173 -0.4244085286823258 -0.47043633489812
vn -0.6342335036209005 -0.3544493265650502 0.6871051868399334
vn -0.5888441169826168 0.07850560823649733 0.8044249345777266
vn -0.566165346987504 -0.36226185351627554 0.7404209271471679
vn -0.5537893751407835 0.04863091128249614 0.8312354434509
vn -0.49346353016395156 -0.34986752835295526 0.7962954583584694
vn -0.6747498520043426 0.03856144726336891 0.7370384331940039
vn -0.7872594886252889 -0.20055359213105214 0.5830958362505945
vn -0.8862057566131988 -0.1977653372246012 0.4189608911796753
vn -0.2620177650055651 0.3799575065757135 0.8871183596444474
vn -0.3651792840005537 0.37447630166435464 0.8522978294168243
vn -0.11394903893229487 0.36205355560307423 0.9251663847122733
vn 0.2777816790139528 0.3576778222143669 0.8915738411933006
vn 0.6086897970690093 0.3690368343442019 0.7023592712005007
vn 0.7721481835978209 0.37321005722375405 0.5142970306677147
vn 0.3868454655150553 -0.8774644697153249 0.2835607345836932
vn 0.3159337807844012 -0.7994915613052315 0.5108806999300304
vn 0.3420759357178516 -0.8546624788832989 0.3905587041557403
vn 0.7456768857485311 0.665751061857593 0.02723060219421156
vn 0.7305562962228366 0.3435076554377068 0.5901609854140316
vn 0.14640026713967966 0.9078596196893558 0.39288404487702067
vn 0.7916256035139062 0.6040827254996813 0.09172221439826159
vn 0.26932872217534687 0.9081096650968523 0.32062263733098656
vn 0.05338888095996309 0.45634787172803765 0.8881983153322985
vn -0.5906200484417152 0.36222178921324893 0.7210848312077148
vn -0.8339394110269939 0.35720511192809634 0.42065373735221523
vn -0.9303066541209675 0.36362882541977937 0.047995902138437775
vn -0.3683879516545821 0.916028433574397 -0.15868908582186037
vn -0.3915771120249689 0.9157419584989815 -0.08991123835558244
vn -0.04036045767584838 0.9071449933763859 -0.4188782573115404
vn 0.05440206475708839 0.9191191669651884 -0.3902055513026227
vn -0.20090816972294048 0.905474763164321 -0.3738333326645647
vn -0.3270558518281601 0.9071521426434865 -0.26478191003595347
vn 0.3371322945056446 0.9315837368703512 0.1359910188212138
vn 0.024404872216031895 0.9339889467964415 -0.3564674592079804
vn -0.07405743276509213 0.9373468112355189 -0.3404356798557522
vn -0.1775791414999859 0.9373464724035763 -0.29974529049961685
vn -0.26269880593448885 0.9373033525571852 -0.2290234980207376
vn 0.8170485604606798 -0.38900929940425893 0.4255624687706124
vn -0.08989055762022395 0.44205484128498956 -0.8924725233570096
vn -0.03449043518619003 0.3631780857311852 -0.9310811392812655
vn -0.23972775633787508 0.35994749037753343 -0.9016476068909205
vn -0.018926036878176507 -0.37285940401452267 -0.9276948151014002
vn -0.007816661555715735 0.402407955162373 -0.9154270792499865
vn -0.3175051270122997 -0.3589016631834108 -0.8777129886728832
vn -0.83940679999221 0.4032540341451893 -0.36439320530502267
vn -0.8475398331885095 -0.3711913885914518 -0.3793325509290537
vn -0.7169389092161242 0.42217554160083637 -0.554766989398283
vn -0.680833960825993 -0.3593263246912791 -0.6382395398044904
vn -0.48281327015634634 0.4220245243590705 -0.7673243427654534
vn -0.16308565276530992 0.43215098090347687 -0.8869321279366733
vn -0.8707728284575663 -0.07733857774349907 -0.48556505806392475
vn -0.8551611088343218 -0.058891096653535736 -0.5150061326549396
vn -0.8210301210821601 -0.13732305854692234 -0.5541226559771147
vn -0.8162140126685089 -0.13210458587787013 -0.562443831785546
vn -0.8371034762530724 -0.10553879093624033 -0.5367674856515982
vn -0.8338982174886329 -0.13206774901823592 -0.5358841969479384
vn -0.8312108969583812 -0.1341133134516846 -0.539538751094538
vn -0.8448880427709864 -0.11914695215541997 -0.5215057036837526
vn -0.8424522313156103 -0.12766594451446026 -0.5234268282793502
vn -0.8715748353361709 -0.08517783638242966 -0.48280642352596637
vn -0.8780291643300495 -0.09636133664276056 -0.46880622797302457
vn -0.8620114026389825 -0.125379998436783 -0.4911376565814994
vn -0.851875476022194 -0.11429993306456071 -0.5111200432906117
vn -0.8894497196720685 -0.03665614843478868 -0.4555606687996734
vn -0.8904803734842034 -0.04225671637882586 -0.45305526634210214
vn -0.883834796699444 -0.06309574974982396 -0.4635245176975649
vn -0.8797822747779108 -0.07013359453220906 -0.4701748907636352
vn -0.8896902640108545 -0.005312528258080899 -0.4565336911639744
vn -0.896081889522277 -0.0028366009198239365 -0.44387971452343666
vn -0.9662113449603906 -0.1644739155686896 -0.19845394419697632
vn -0.965537992033514 -0.19984924073782637 -0.16672332445223134
vn -0.9860201480500647 -0.11274217968472827 -0.12269257744160803
vn -0.9571139233832283 0.19943843631178834 -0.21013626004921748
vn -0.9892297705141214 0.053431580754582916 -0.1362700528606528
vn -0.9536163818872877 0.14217706340958208 -0.26533277000104294
vn -0.9748426497408 0.04421550277210445 -0.21846463686589193
vn -0.9777385533405322 -0.06533031483534693 -0.19939726997899887
vn -0.7855570112236566 -0.28079232695995215 0.551412596190703
vn -0.04714005630532312 -0.8393693778311894 -0.5415134925842688
vn -0.010413194997207971 -0.7819043287263012 -0.6233114679588546
vn 0.04808463900117359 -0.6211168873302331 -0.7822414459521622
vn 0.12100783950357592 -0.3823342222586734 -0.9160663978492672
vn 0.14086711812994102 -0.09862630902223495 -0.9851037032710901
vn 0.111492372123755 0.19184044805705808 -0.9750726605989347
vn 0.03808768940447174 0.47417394981642924 -0.8796069538329689
vn -0.07583853595472308 0.6858732116154486 -0.7237585606074405
vn -0.23159604569828496 0.8275414632013767 -0.5114082501284491
vn -0.3903172585635679 0.8800493252829549 -0.27049144669737124
vn -0.5418458580722261 0.8400920734042122 -0.025463194877800722
vn -0.6751034715976199 0.7113196734344304 0.19560067694662328
vn -0.7579300500436355 0.5197542565950043 0.39420496190716164
vn -0.8142968186247267 0.26056153305468993 0.5186794565720128
vn -0.821925001074654 -0.028004926382634653 0.5689068611879569
vn -0.03834135727650667 -0.8352480970692645 -0.5485349183637882
vn 0.012569062434948361 -0.7791786403969287 -0.6266758851421522
vn 0.1669906162568018 0.1223031918703991 -0.9783435303309804
vn 0.18646624877435494 -0.2543678975602214 -0.9489611745265519
vn 0.1143779581754176 -0.6026531858121189 -0.7897637750075184
vn 0.7565353974138165 0.41713545812880387 -0.5036389600016979
vn 0.698673955178763 0.5786555704357076 -0.42072845774749995
vn 0.6430151778154449 -0.14596018386358567 0.7518158722888737
vn 0.08245994179613539 -0.6917497094555805 0.7174138955073969
vn 0.7000894362185631 -0.20150737347378597 0.6850325245788487
vn 0.27164296236937174 -0.8561542164303906 0.4395566615166424
vn 0.7717915189982644 -0.259089541575008 0.5806982526655334
vn 0.4689187238493321 -0.874757005325418 0.12212867008864271
vn 0.8444805317258831 -0.2698838464990212 0.46261792111294486
vn 0.5875028475790457 -0.8032334700690831 -0.09826696620580032
vn 0.8909646583576641 -0.26337664169027364 0.36988474173661756
vn 0.6227410720185117 -0.09590804399940518 0.7765276584368666
vn 0.8415820617382823 -0.008244842788802874 0.5400663440057435
vn -0.12174060040168135 -0.12054685915161141 0.9852145355010349
vn 0.828234702312629 0.10547704795888985 0.5503652153243235
vn -0.12944961577634034 0.26735833506994483 0.9548624600663622
vn 0.0012686934636569529 0.7736208063957525 0.6336475663399022
vn -0.07619599671099425 0.5914907820105826 0.8027034476578059
vn 0.9683273369292632 0.07095615970801152 0.23938962374123957
vn 0.9041270015132716 0.045016144895672974 -0.42488576327449773
vn 0.9471819355982163 0.26862052808987547 0.1751838827207933
vn 0.8933065814118721 0.1592863814396192 0.4202751483184633
vn 0.9687869262503332 0.22654291677768967 0.10064888665200519
vn 0.9173957823745722 0.1266880048329438 0.3772732801468912
vn 0.9552434369106985 0.060230208354947745 -0.2896244089170599
vn 0.9861477486317523 0.11215573572985554 -0.12220355482317792
vn 0.9390370499121589 0.0948830035957554 0.3304642711715108
vn 0.9871518789347221 0.15967028257694904 -0.006047212369773115
vn 0.9788303311177918 0.2018527383947395 0.033862292987612425
vn 0.6781507205332504 0.5480091914543834 0.48969125612139164
vn 0.8191755025566934 0.23723485991336166 0.5221792003257854
vn 0.7425946508770095 0.5046563481513349 0.44031256484389714
vn 0.8474776546525503 0.21249699728442623 0.48644285482440297
vn 0.8233230244083214 0.43741855053117473 0.36166864548968103
vn 0.8698420749382171 0.18797836367726256 0.45611281439617063
vn 0.8831607680319787 0.37131202632083626 0.28662595297474336
vn 0.9217607397015061 0.31286786908209574 0.22906513318478025
vn -0.9356678836082523 0.23457901516677598 -0.2636252970172624
vn -0.3181440842279868 0.8104046543189829 0.4919640616232706
vn 0.175739181277473 0.9047241982303207 0.3880591002675066
vn 0.375661529474256 0.9194207794571705 0.11637802874869366
vn 0.5905423225993135 0.7778392629490624 -0.21500196797673304
vn 0.9812848878385997 0.18052206548966654 -0.0670205399182344
vn 0.9079704368970914 0.2934460864501824 0.2991305401793287
vn 0.913776644446623 0.06567011302888068 -0.40087364632592654
vn 0.5994647483969153 0.667335049744916 0.4419343240928153
vn 0.6179873119043839 0.6567542395472902 0.4321638013090109
vn 0.7491364717862391 0.5626339299593387 0.3496249526252025
vn 0.617006193961816 0.6515052780673459 0.441411632451099
vn 0.6113455890846123 0.6508090312949771 0.45022680450155544
vn 0.6158338687091738 0.6510062079508581 0.44377873243333354
vn 0.7464325482060207 0.546101241356625 0.3802786940750425
vn 0.9625480549853522 0.1643323306947917 -0.21562960588085575
vn 0.9279488120020889 0.3499480653147201 0.12824723734411062
vn 0.8482898402858294 0.4604736568319312 0.2614734369523431
vn 0.8952396621993962 0.3649552341846823 0.2556435492366562
vn 0.9795948856686172 0.1683697736215461 0.1097518988560938
vn 0.7343648289557128 0.5345027225823168 0.41834810570258074
vn 0.605543719615054 0.6527208846038954 0.45527162270085886
vn 0.6674393684314286 0.5512311078412565 0.5006685083125928
vn 0.8117677002576346 0.23885476949760073 0.5328992399194047
vn 0.6717133572188321 0.6878275713161142 0.275126149013833
vn 0.5522604658117233 0.6954519077270562 0.4597336423846059
vn 0.7376681144279589 0.5216196148139577 0.4286708882087027
vn 0.5523517623064715 0.6970441491696264 0.45720562637103107
vn 0.605605704023703 0.6521411812086465 0.45601930992639594
vn 0.7748279651193081 0.5894363208830012 0.22848730400830572
vn 0.9025465286380381 0.2778976288960953 0.32891134291379404
vn 0.8640240412545697 0.47374573465635955 0.17037439663584336
vn 0.38724543787637733 0.9055820595441423 0.1730956506551277
vn 0.3408497653496109 0.934822328749629 0.09964261704830608
vn 0.2638391143971533 0.9271841392896338 0.26592948983493114
vn 0.29069444224234886 0.9371703801285637 0.19289484145278007
vn -0.3677814787244548 0.9296286426686088 -0.022964551756426383
vn -0.4032554360502274 0.9141390843323705 -0.041650783809143645
vn -0.3868960663934886 0.9097521672415104 -0.15054045306368719
vn -0.31933917947171225 0.9097513865463122 -0.2652826853215187
vn -0.21893203333176833 0.9097501356823964 -0.35273709105660966
vn -0.0960007319988862 0.9097511091185084 -0.4039019422004823
vn 0.036805408504209644 0.9097519290298122 -0.4135175806799198
vn 0.16582428784022488 0.9097514608080378 -0.3805976683059466
vn 0.2777845098068529 0.9097523135106357 -0.3085230853168244
vn 0.361170040039218 0.9097519809533625 -0.20471330032389828
vn 0.4074045825193502 0.9097506933877069 -0.0798447369763369
vn 0.4117262636229727 0.9097511491193497 0.053238430847356334
vn 0.37369585819842727 0.9097505694700263 0.18084608625652815
vn 0.30507974314852976 0.914142066399793 0.2669656022013765
vn 7.536139215392257e-07 0.9999999999997159 1.2030049566083554e-08
vn -0.3255916025153065 0.9454471010035441 -0.010949318495170359
vn -0.2874431908220975 0.9454479168994695 0.15331225808938065
vn -0.2764978766150596 0.9454465801673411 -0.17227793903237515
vn -0.010949545284080741 0.9454471139720995 0.32559155723068123
vn 0.1533128515940646 0.9454471943205106 0.2874452509393236
vn -0.17227921061041152 0.9454474619800015 0.2764940690630218
vn 0.3255900553686015 0.9454475866572469 0.010953388930299715
vn 0.2874470343160613 0.9454464597298055 -0.15331403799808457
vn 0.27649542346771633 0.945447359048545 0.17227760176395468
vn 0.010951665057068447 0.9454461435899684 -0.32559430370222175
vn -0.15331441172621768 0.9454471732771601 -0.28744448803077016
vn 0.17228000361475637 0.9454460840664831 -0.27649828657308556
vn -0.33841937529450555 0.9377572321358407 -0.07799807691349492
vn -0.3454086092316351 0.9377573163067102 0.036112440818981316
vn -0.31496885696340654 0.9377570163377302 0.14630925279189672
vn -0.25039605298882545 0.9377568710371731 0.24065300220480937
vn -0.15868841980802215 0.9377577194000576 0.3089149480430429
vn -0.04978547678213906 0.9377570744971929 0.3437049250913365
vn 0.06451279709950036 0.9377579488609088 0.3412449682538626
vn 0.17181884906047393 0.9377581618262363 0.301807741842075
vn 0.25796247419706336 0.9342982636652922 0.2460530764248833
vn 0.30998451546499334 0.9309158798903274 0.1931456050236475
vn 0.3345508272615017 0.9342990899314464 0.1231298279537329
vn 0.3466419488618323 0.9377571835937036 0.02123261424497164
vn 0.3347576973393 0.9377556057461014 -0.09247544519412758
vn 0.28659309677638384 0.937756261900759 -0.19615705479548112
vn 0.2073718559654964 0.9377565342203829 -0.27858498861281344
vn 0.10568091791858941 0.9377552662359836 -0.33082715159817827
vn -0.007465030053258546 0.9377563742520951 -0.3472135594642995
vn -0.11980774376627734 0.937751736825139 -0.3259873994728465
vn -0.21915374976865026 0.9377563156885323 -0.2694155272967941
vn -0.2947574510098213 0.9377567268872299 -0.18365828664109346
vn -0.8350238420951654 0.548918998846411 -0.037724207587198993
vn -0.8605734662429051 0.48286956770893813 -0.16201941173592407
vn -0.8713588064869557 0.48249738126447106 -0.08905115064139102
vn -0.8980874536848185 0.2642512955810017 -0.3515823919335002
vn -0.9110533448312519 0.2907072340154802 -0.29235442011855567
vn -0.9031820881465963 0.11169956205107186 -0.41446993074136557
vn -0.8758302914684297 0.0036199376461905435 -0.4826056325798147
vn -0.8783701532088034 0.27922981006308034 -0.38793889612164345
vn -0.8512191322205951 0.4907915895511482 -0.1858752392533072
vn -0.8474069402371908 0.49361798258308087 -0.19555757440828356
vn -0.8328063795415823 0.2920331557319451 -0.4702660631473248
vn -0.8572688973409619 0.48479281078410225 -0.17339541015799997
vn -0.8527353057381689 0.296710292765736 -0.42989010283385554
vn -0.6998734264055204 0.0679585035251988 -0.7110266020410293
vn -0.8311613265901592 0.28837547854472895 -0.4754055453557365
vn -0.8293127647901797 0.5444992467515269 -0.1255424567351142
vn -0.3232465114140885 0.9396525169805485 -0.11209299795590096
vn -0.8755458807280815 0.39125534801299583 -0.2834407581688239
vn -0.4104763209054726 0.9104107338424352 -0.05158958887591529
vn -0.7973406438398616 0.3564275732335069 -0.4870393030545978
vn -0.767906955136568 0.5471077108381279 -0.3331547102989063
vn -0.8114117662621372 0.4360926232586651 -0.3891454349092831
vn -0.6926373243892925 0.03199195952636874 -0.7205761940201083
vn -0.6782280137648347 -0.003235368546743536 -0.7348444010366917
vn -0.6560732344732318 0.0025204768552450686 -0.7546930224960702
vn -0.8987372116160846 -0.01213965968442375 -0.43831957875423705
vn -0.9252114513070985 0.18781235682512523 -0.3297124337873904
vn -0.907439424567423 0.15891798754441458 -0.3889714179417011
vn -0.9242307102101642 0.2250800894365458 -0.3084421301373273
vn -0.6363122669693501 0.754200616316213 0.1621361441892925
vn -0.8693833057961068 -0.09984502308312215 -0.4839459050023709
vn -0.8151678690309099 0.577610944300842 -0.04320812797951904
vn -0.712943577300488 -0.0403327687911459 -0.700060514061194
vn -0.8337031659876201 0.3542876371484616 -0.4235791557501136
vn -0.7556441839393879 -0.07296081565352266 -0.650905973745632
vn -0.8752558438042081 0.2447902273978429 -0.4171390085536188
vn -0.8449205774692712 -0.003457917504678477 -0.534880604037503
vn -0.8627183555514838 -0.06902125638546087 -0.5009521984795713
vn -0.8879806706943724 0.1946377447033371 -0.4166611054681864
vn -0.8040902494607809 0.10465933440060673 -0.5852224315975263
vn -0.8267636140356379 0.20184375642319316 -0.5250914439406773
vn -0.8708207547692408 -0.10766147715120486 -0.4796667795467499
vn -0.9212780152506701 0.25545035519018927 -0.29324381434054514
vn -0.8831111321685339 -0.03669528828185043 -0.46772661251838343
vn -0.9118747683123676 0.3082717456791968 -0.27102202443928197
vn -0.8915415867768244 0.07216725669635332 -0.4471526429625402
vn -0.8969565330565507 0.36808488126334094 -0.24491324584947444
vn -0.8792983817638725 0.44041350215531344 -0.1813016904133182
vn -0.8584231472133469 0.4863774365703042 -0.16293154858293157
vn -0.8673486351283528 -0.1058621740773149 -0.486312189072624
vn -0.881564763143646 -0.030769217548571547 -0.47105925703135915
vn -0.8588341582107939 0.019355475814679942 -0.5118879313349207
vn -0.7811944781456107 -0.00588526186740538 -0.6242600027292788
vn -0.8689309918783394 -0.015614299153179915 -0.4946868959405335
vn -0.9128181626443219 0.17058035317071407 -0.3710328086016094
vn -0.461394316752905 0.7763642951459242 0.4293876636452106
vn -0.560518530728408 0.7130926329037487 0.42109128892493863
vn -0.7065507153493279 0.6499800619172057 0.27984282329453886
vn -0.8999658750174417 0.38056916763106685 -0.21267000835258154
vn -0.8652195035884146 0.4984265683959748 -0.05446252406224009
vn -0.8879434790859129 0.4595659229332117 -0.018855779680261402
vn -0.8039558569355654 0.5919949029281854 0.05654215247096104
vn -0.6356048737471308 0.7264290462034867 0.26135662475014204
vn -0.936827224582796 0.21438195289834244 -0.2763966887500438
vn -0.3560421426285786 0.9131286252367611 0.19857015497217456
vn -0.3574185217846015 0.8929601430970057 0.27363147319978687
vn -0.5610978294457049 0.8192310671195026 0.11844696896738129
vn -0.567200529381878 0.8231951323350475 0.025166119462500604
vn -0.7564650990889024 0.6483800867803932 -0.08581268511745281
vn -0.7817745943646822 0.5934658913727817 -0.191381084182963
vn -0.8552220803690298 0.46028133224140366 -0.23819380436809642
vn -0.8820234952890301 0.27467030978308893 -0.3828717470404212
vn -0.8633037208695952 -0.008758376049111036 -0.5046087359347782
vn -0.890178806297487 0.13831200847383734 -0.4341099873657763
vn -0.8865215809112369 0.3033854575191185 -0.34933758850795954
vn -0.7771577245628777 -0.46406952635568416 -0.4250474630676687
vn -0.844484088935597 -0.4283568440460112 -0.3214918936669415
vn -0.6091689110557272 -0.24866196571540938 -0.7530474517649788
vn -0.6102784816942957 -0.17966149986849425 -0.7715451511388741
vn -0.8661003929676893 -0.012305206450835422 -0.4997186120162192
vn -0.9046945925159547 -0.3559929176910974 -0.23408702831675715
vn -0.9518177697630033 -0.2542447304210378 -0.17147171841594322
vn -0.9778243762831031 -0.1456484481677303 -0.1504859418447193
vn -0.9884836805437386 -0.019440744013297512 -0.15007355120378013
vn -0.9778402271432259 0.10701049500183686 -0.17993677817485276
vn -0.5914801839987982 -0.09882964220913487 -0.8002398976291811
vn -0.5601932753514216 -0.1105043913533184 -0.8209581437215171
vn -0.5673371025020982 -0.2259610350745662 -0.791877656429675
vn -0.5986282455798141 -0.3338136195264757 -0.7281570510629333
vn -0.6478427355908787 -0.41467073616302214 -0.6390211033386489
vn -0.7093783201534383 -0.4594376726623817 -0.5345085816288266
vn -0.6050042692425714 0.6482461259544838 0.46232758341165986
vn -0.6788324732428662 0.5859959226348798 0.4424875726235365
vn -0.8055195326579522 0.544808880992568 0.2330698729955042
vn -0.7878377206253938 0.5670419054818571 0.2403647299153692
vn -0.8552696289073545 0.5075987970142306 0.10419847953968271
vn -0.8912664190374011 0.45203610464146743 -0.0361597897783708
vn -0.904740881087095 0.4259362463626564 -0.00471721572934866
vn -0.9079728022652805 0.3849609547028569 -0.16550061540912384
vn -0.931662885383935 0.27395962971890103 -0.23864280689424391
vn 0.1362177480427357 -0.3339300925529189 -0.932703285298044
vn 0.16442451600372293 -0.11735059678464027 -0.9793842024309103
vn -0.3986146231395288 -0.25078560425050284 -0.8821637959699105
vn 0.00026664564351228397 -0.4482572779430885 -0.8939045484117158
vn -0.5301816694813078 -0.2614115933230841 -0.8065800494819467
vn 0.08655808674906411 -0.5547298662716241 -0.8275158446124203
vn -0.5957385715593692 -0.2663571175551979 -0.757726494379132
vn 0.3850905239916433 -0.7132198070075908 -0.5856814793246382
vn 0.55327787492324 -0.35358084313147975 -0.7542308535792313
vn 0.2957336457971207 -0.7333993013912754 -0.6121005435893129
vn 0.45549023930679683 -0.3894228010129803 -0.8005488891675772
vn 0.1323907926694543 -0.41870716573755845 -0.8984191601787966
vn 0.2819274238569142 -0.3814668995874703 -0.8803408045731644
vn 0.11579819231824497 -0.754448261320023 -0.6460639284521471
vn -0.3250462347620772 0.924581588819563 0.19873054843905935
vn -0.559337972352 0.8271990229128062 -0.05369179804450859
vn -0.5599787133687606 0.8239163677343453 0.08709569193312997
vn -0.7218278069618482 0.6672909582990886 -0.18354125985437975
vn -0.7441069454483996 0.6361526632159742 -0.20399667354806456
vn -0.7722859068938314 0.6024682006899469 -0.20151065770968596
vn -0.8009105381751632 0.5530773981493252 -0.2294508694608575
vn -0.8263995575727423 0.5045041507639616 -0.2500786538381667
vn -0.8679816056614691 0.41040254400296106 -0.27960272550394677
vn 0.17755714421622326 -0.13093986857702877 -0.9753605545411449
vn -0.7992097860078846 0.5868235690485588 -0.1300069873443057
vn -0.610710022508885 0.7726587660752717 0.17329656550040454
vn -0.7013943471579893 0.6654674872553743 0.25534093518438433
vn -0.7187904881814013 0.5938689920073907 0.36146902278351406
vn 0.1535150039313963 -0.285022496520161 -0.9461476206413872
vn 0.1451328159693305 -0.42745053222390095 -0.8923130102325731
vn 0.0929572392674259 -0.5360405619751591 -0.8390586794647524
vn 0.07179061088094252 -0.6642937458899952 -0.7440160800418091
vn -0.004824740583916962 -0.7403285239790554 -0.6722279363886116
vn -0.039642207654159316 -0.8391469523190419 -0.5424581898966668
vn -0.1339252607982744 -0.8759562183402212 -0.463427155086118
vn -0.17853009318194804 -0.9344400094637255 -0.30813775254239406
vn -0.2834601424815154 -0.9302595174856564 -0.2329540249742699
vn -0.33128183405600303 -0.9413990017411679 -0.06340556714692898
vn -0.43905680270409964 -0.898452768341829 -0.0034273981614511557
vn -0.4829725304608331 -0.8593896309771903 0.1678898358720625
vn -0.586476531672436 -0.7841536055949283 0.20285068555453237
vn -0.6188929302247843 -0.6964416135288946 0.3632363140753551
vn -0.7123410837625955 -0.5988608022784996 0.3659725671116381
vn -0.725886312086289 -0.46844558606354786 0.5036345846180004
vn -0.8053958035767445 -0.3607968742287161 0.47027993272917573
vn -0.7863499265711936 -0.21021710478023953 0.5809152793990634
vn -0.8317762176236878 -0.07314009912570982 0.5502716144737186
vn -0.7863773009838327 0.45109498230931067 0.42204745874456484
vn -0.7878499254175547 0.35954653131381503 0.5000187864868251
vn -0.8316832508864581 0.20769119817149118 0.5149440128761802
vn -0.809996965211854 0.07694933961540305 0.5813636688685833
vn 0.6967971812297866 -0.05378782495825358 -0.7152485988217553
vn 0.31698068686393144 -0.7324539498673001 -0.602523406581903
vn 0.03867591898265714 -0.03920974893389335 -0.9984822326308005
vn 0.2040626508231728 -0.7251923873935439 -0.6576126791702486
vn 0.12456476060583442 -0.7170068798153506 -0.6858460138490757
vn -0.6210638699427138 -0.7318268003415179 -0.2805516062218788
vn -0.472498837924268 -0.7608186955187682 -0.44485925943980986
vn -0.22077934400267155 -0.7650015438342526 -0.6050034042821247
vn 0.5842646283908384 -0.7549275019163232 -0.29785787023628413
vn 0.6542280209958702 -0.7549253217984373 -0.045535206723514306
vn 0.6676738517623494 -0.7286528393433028 0.15256692757531384
vn 0.8822918667936885 0.380036256872651 0.2777291940936942
vn 0.885525926322567 -0.3921339752542055 0.24914810708069546
vn 0.710888933402878 -0.4760541151829848 -0.517696246637605
vn 0.363561293056392 -0.9300676935349628 0.052889239299870466
vn 0.13704184196054833 -0.9856504459934201 -0.0985531930737527
vn -0.2907867828994321 -0.9095927463957173 -0.2967896268323661
vn -0.6885781829027008 -0.6400668816309324 -0.340843766364692
vn -0.943210242539373 -0.2481503842087435 -0.22085249644473143
vn -0.9864442090465442 0.1611352094345276 0.031036538451139118
vn -0.8066986132889461 0.4781157233696361 0.34733658371156506
vn -0.4521365741570407 0.6178684704684623 0.6432814869949998
vn -0.017762539132064943 0.5429416008356266 0.8395825809803519
vn 0.38004142678903413 0.27341356514477333 0.8836365408463934
vn 0.6346662745874414 -0.11850055346974595 0.7636467368676845
vn 0.6778986176457824 -0.527784929398668 0.5117582754519758
vn 0.4968451499570291 -0.8437322730569349 0.2031274190412392
vn 0.1370428625734793 -0.9856495584525776 -0.09856065005825229
vn -0.29078033483490384 -0.9095951127276227 -0.2967886921284643
vn -0.6885795542228088 -0.6400643438231709 -0.34084576170539593
vn -0.9432102356509642 -0.24814951207720037 -0.22085350578856486
vn -0.9864441106004818 0.16113611342837267 0.03103497399424107
vn -0.8067007404718866 0.4781145524988206 0.3473332549741859
vn -0.45213824599984503 0.6178694366721033 0.6432793838843907
vn -0.017762167455917334 0.5429409546718986 0.8395830067046588
vn 0.38004056369899875 0.2734120236234222 0.8836373890241928
vn 0.6346679413660945 -0.1185018620364575 0.7636451485448043
vn 0.6779021663132809 -0.5277831913434078 0.5117553671854638
vn 0.496844814745071 -0.8437333505683957 0.20312376325670264
vn 0.7858563138547258 -0.6061062424997097 0.12273987443999645
vn 0.6695757465672577 -0.6886699417252263 0.27821220493190585
vn 0.5037021300004008 -0.6779446198289092 0.5354206352748232
vn 0.35422237961931974 -0.5393387140543342 0.7639635183037495
vn 0.16496405136685774 0.2331931315983775 0.9583359667319047
vn 0.18041752907964928 -0.07182218644543499 0.9809643666999281
vn 0.22549405096988995 0.5058183552477032 0.832646518320768
vn 0.3237468892825713 0.6368870560533122 0.6996876656849138
vn 0.11085705402177852 0.6142052294427011 0.7813210925726064
vn 0.6247999591553609 -0.7681908653082532 0.13967034580187915
vn -0.1482638565711359 0.6718583133140559 0.7256888008405845
vn -0.4746200906277349 0.6421657502186751 0.6019625559938152
vn -0.9279155123336302 0.05844662398933763 0.3681803825774337
vn -0.5698763651556867 0.6329578203097705 0.5240279822162618
vn -0.7190108532983394 0.5635479040431421 0.4067396620539669
vn -0.8507941875775921 0.4351854452687135 0.29455539141298437
vn -0.9330727632563852 -0.07957385169736547 0.35077517100721284
vn -0.9223089753332613 0.06777928328391618 0.3804630373337577
vn -0.9534548127433758 -0.14727295571577498 0.26312467875749257
vn -0.8033578040771503 0.3110208355890893 0.5078211087162524
vn -0.6814612765622513 0.48034445519848695 0.5521591554128352
vn -0.9096539000541548 0.19400329010153555 0.36727715086300317
vn -0.9137142978707969 0.14896626956146178 0.3780677616504989
vn -0.8545804243423042 0.4481680532817872 0.262369385311131
vn -0.48451209994172423 0.6002099533711959 0.6363929893424405
vn -0.5699246436717116 0.5488543061357917 0.6115103034061418
vn -0.8938091383308162 0.16618657613711324 0.4165180021897578
vn -0.4155004622970478 -0.260264152879465 -0.8715629274796365
vn -0.46528228195910687 -0.3065599327061012 -0.8303814820636097
vn -0.5747142438987084 -0.31186442070340414 -0.7566003707105
vn -0.5026064854003917 -0.31304068010819924 -0.8058487782647945
vn -0.3371787495518359 -0.2958626104423019 -0.8937425840771641
vn -0.2333809075620888 -0.3010123407182064 -0.9246215024110366
vn -0.09358120630483116 -0.28219990511510895 -0.9547804833465942
vn -0.160862111948079 -0.2700852191692875 -0.9493036159869411
vn 0.19960260705334515 -0.21509876461701524 -0.9559766318889503
vn 0.10020988841275213 -0.28363335047427723 -0.953682389877804
vn 0.030357415891332364 -0.30146228233555 -0.9529947112284736
vn -0.6328987872253053 -0.6973727485716088 -0.3363188586422376
vn -0.8064058574522385 -0.17837031868527733 0.5638205587585757
vn 0.822822446712694 -0.4072914273781488 -0.396329300418233
vn -0.7059102317479954 0.6328333164140618 -0.31813949511161177
vn -0.621522358241026 0.6397899200711059 -0.45208275390897357
vn -0.9378363932674613 0.34371924817886734 0.04816614884370323
vn -0.8315760379709345 0.5414097372791673 -0.12392251390230019
vn 0.6740538098419139 -0.7303812392863587 -0.11042964609254219
vn 0.4469831942473214 -0.8529069237947642 0.26973283708776297
vn 0.2053002588781897 -0.7378022470728036 0.6430393828676982
vn 0.011283933027204665 -0.42857360492335583 0.9034364050769909
vn -0.3579597633288267 0.6435261482464312 -0.676564043059253
vn -0.048356488017909 0.45438565852425183 -0.8894916095130161
vn 0.13804180972580093 0.28241242247392667 -0.9493090552607376
vn 0.19682317694106446 0.14419835105472587 -0.9697770220890596
vn 0.8660952379787932 0.039491194679568825 -0.4983166506281303
vn -0.5892708096310769 0.26754704126030454 0.7623506369313218
vn -0.5251802904564035 0.33316435781435616 -0.7830626879109203
vn -0.11704981399743733 0.8326260527438477 -0.5413254079898383
vn -0.12340098988959883 0.8020887891753847 -0.5843164981184704
vn -0.802120383749846 0.5698052184601738 -0.17867541237829374
vn -0.6871476558886185 0.6370568388777236 -0.34926592024687825
vn -0.5660271101468066 0.6868727557211275 -0.45587183289486033
vn -0.3543647720902092 0.7390417065508086 -0.5729249202818137
vn -0.2603844267547133 -0.3893422960817141 0.8835227935856766
vn -0.4109520929868338 0.12747974569904377 0.9027000009450803
vn -0.1600633712074067 0.9157672015518411 0.3684428717720424
vn -0.14712037103240527 -0.4036526816524025 0.9030061511540834
vn 0.8767989593974962 -0.3387905730837534 -0.341239699315671
vn -0.4162133621492315 0.9092067765943667 0.010463009285768092
vn -0.9988079976318479 -0.007601770281769007 0.04821614828293178
vn -0.7994178879694008 -0.4044541331129302 0.4442385559611084
vn -0.6238571145406665 0.09765261130326268 0.7754136110119859
vn -0.23801846876153807 0.9124163673931396 0.33293179638106046
vn -0.8862632087949627 0.3942797625250923 -0.2430658215373221
vn -0.8936330655711288 -0.3778308299942432 -0.24220612713927778
vn -0.67078330268338 -0.7202003138320887 -0.17709113133451418
vn 0.45409282041226773 -0.6789606484990361 -0.5768987330890928
vn -0.504381014409576 -0.8502637367365765 -0.15050372186069394
vn 0.4413132195288166 -0.7779125130562051 0.4473195326605917
vn 0.4360751860930087 -0.8999019636815035 -0.003858475880682012
vn -0.4968863075236947 0.5712391076118789 0.6532915729827322
vn -0.4628356528625694 0.6767021018870942 0.5725883545278128
vn -0.6691560097024672 -0.39792159971971414 -0.6276054773148296
vn -0.66237333067145 -0.3644920295165241 -0.6545281745151504
vn -0.6605744894255697 -0.4041133445718452 -0.6327193285012757
vn -0.6314704666510784 -0.388812633631229 -0.6708724064054331
vn 0.8277488057565823 0.17105096121407798 -0.5343907589360916
vn -0.5937299472324864 -0.3361073021047185 -0.7311064431607728
vn 0.838664375678258 -0.15199063953112998 -0.523011386552067
vn 0.6415174304515117 0.37641140311683535 0.6684084395266903
vn 0.6004122418483625 0.3109044864248107 0.7367791664803967
vn -0.6979159676511827 0.6513295115974969 0.2977971951172137
vn 0.6504701998625277 0.5686064258583803 0.503562559731521
vn 0.5706803354607317 0.6341243509971008 0.5217377331484969
vn 0.47738895469204995 0.6565841980121165 0.5839494643021924
vn 0.5219687518504997 0.7189617151759855 0.4589582488667532
vn 0.4678936216205073 0.7485820045314641 0.46978776201440203
vn -0.013935498456460107 0.9070964231438504 0.4206921451636608
vn -0.02261683073120924 0.975192625904145 0.22019950351863635
vn -0.21596190108949576 0.8956028117499016 0.3889165217157543
vn -0.09324613027331509 0.9737383326732619 0.2076988653597995
vn -0.1412638275456782 0.9721193155279011 0.18715920336630515
vn 0.1407292755369927 0.8873556788926128 0.4390844681195902
vn 0.12820439750532944 0.9617886238027203 0.24192204443573265
vn 0.04994535604123898 0.9714677461902659 0.2318531421437264
vn 0.24271006784275687 0.8593150417796402 0.45018827387996174
vn 0.3886593721324528 0.799050250920894 0.45876201777922243
vn 0.21947300110279355 0.9412094846074898 0.2568196018060863
vn 0.2581531188316856 0.9319034055643327 0.2547803170087366
vn -0.18917305106850626 0.9665670255498667 0.1730946038128161
vn -0.28348711517940683 0.9493605964854136 0.1354603756384773
vn -0.8504669698856537 0.5257990401688719 0.015533914220422362
vn -0.7870874110062718 0.616012652285659 -0.031965914024656795
vn -0.7863496249908495 0.617213896027088 -0.026481575251739227
vn -0.8222621522177732 0.5685449770951623 0.02532907519150664
vn -0.8168586636645118 0.5765439412726988 0.018412152996614292
vn -0.8117716687794254 0.5838654457969248 0.011309242743222493
vn -0.8069933926373614 0.590539718919203 0.004950213982258147
vn -0.8019298157258159 0.5974182159185376 0.0002143330836034262
vn -0.7964848547081296 0.6046521701635975 -0.0027621254536548444
vn -0.7896662531541079 0.6133561017980755 -0.014882910220157745
vn -0.7909334350160959 0.6115123095577887 -0.02184025258412828
vn -0.6106991835810979 0.7779824990801162 0.14761347600553765
vn -0.7783241321806147 0.6278618442945572 -0.0010245703149543443
vn -0.8140458781127805 0.5765679730217568 -0.06999057660267374
vn -0.38098016411445923 0.8701908128521422 0.3124452972586524
vn -0.40301113908537406 0.8443576416623483 0.3530470149137464
vn -0.6053346061996298 0.7727867934813516 0.1907107400173108
vn -0.7912176478359061 0.6110664711819297 -0.023924914843737724
vn -0.8826850375815474 0.4169811491973789 -0.21678063945771375
vn -0.9012453331104847 0.17517335273789497 -0.39632202315432424
vn -0.49117804484099825 0.6524560799001626 0.5771006775836317
vn -0.5411550063114622 0.5026909644363203 0.6741313324702565
vn -0.6475677803337683 0.5280582404490827 0.5493727919795586
vn -0.740154082747627 0.5669951017792331 0.3615086283207855
vn -0.24292435913462596 0.931310662883156 0.2713820276642649
vn 0.6608305454618383 -0.376568234427693 -0.64922981678649
vn 0.8510406973273446 -0.44707602167225946 -0.27541380201125143
vn 0.853948217794562 -0.5016959403281654 -0.13810729446241846
vn 0.8121919673771959 -0.3343213070560283 -0.4780935805637937
vn 0.9975964160962718 -0.03756801932994503 -0.05822400291545637
vn 0.8900284588526345 -0.2863521629044097 -0.35475594601411686
vn 0.8587446867019918 -0.27404677935527944 -0.43296180638261494
vn 0.8620364774733977 -0.13183889691728373 -0.48939924066644175
vn 0.8361002919113042 -0.03207210678107192 -0.5476382764493875
vn 0.0005410146456680245 0.8023611084026645 0.5968386373434622
vn -0.03564018641905706 0.6993142225106762 0.7139253429500196
vn 0.03737068891574793 0.8351855849994111 0.5486970659837298
vn 0.8095338366040092 -0.04292616657162947 -0.58550176055812
vn -0.09917890579930597 0.5986821086668325 0.7948227962298812
vn 0.6356377350466995 -0.740764544915208 -0.21733052887541296
vn 0.5518062308521449 -0.8323604324260258 -0.0518265773933492
vn 0.4772963256854096 -0.8765700259623171 0.061751170609390824
vn 0.4107740587597689 -0.8927436229932192 0.18513102456089522
vn 0.3285130006344587 -0.8947973009436578 0.3023524410982806
vn 0.26181108027315364 -0.8672608497420554 0.4234543384485416
vn 0.17867501590462329 -0.8268999332895954 0.5332089074810595
vn 0.11894456081424071 -0.7583032671609309 0.6409589272845533
vn 0.04178993347586089 -0.6792239202986933 0.7327403820959765
vn -0.00438079136948623 -0.5760700173291211 0.8173886124735303
vn -0.06938122772994652 -0.4655818096295925 0.8822810344673172
vn -0.09652344897385752 -0.33761084155071297 0.9363237385998556
vn -0.14445213146254765 -0.20594431503328625 0.9678432315315315
vn -0.14877517536590076 -0.065237972473279 0.9867167547692808
vn -0.17644437841726152 0.07543353145116008 0.9814158973940422
vn -0.15616111217436904 0.21555329405618776 0.9639245221831378
vn -0.16239304570318563 0.35226202538578066 0.9217049225095584
vn -0.11579994107367685 0.4763162916793323 0.8716152614130745
vn 0.7989769918925071 -0.12120569482987122 -0.5890203272954242
vn 0.8027224354383048 -0.1920854141498666 -0.5645705317450345
vn 0.8128841981546332 -0.30863443321913026 -0.493927187976128
vn 0.732259306548434 -0.5534029178357769 -0.39691500161124554
vn -0.6865844977164228 -0.7229797521280087 -0.07682451111728819
vn -0.7857835859016583 -0.582380092902221 0.20827285833428183
vn -0.6516645973867321 -0.7375730775891856 0.17697233605398757
vn -0.20374050906069383 -0.7607877694906848 0.6161913458992084
vn 0.08379221402682191 -0.7607879560072605 0.6435686061817946
vn -0.4509201722260434 -0.7607877030656903 0.4667687533925833
vn -0.6099430292641355 -0.7511313697472275 0.25252953576511333
vn 0.6918704246719325 -0.6963341264589132 0.19087718510335774
vn 0.555408363432071 -0.7607862858214658 0.33574659661072864
vn 0.7171909769087054 -0.6887379663744593 0.10619376777905118
vn 0.9920190016832556 -0.00792575710977717 0.12583911424352018
vn 0.3547265588683468 -0.760788539173988 0.5434794081609078
vn 0.9105512199413465 -0.3936365615633335 0.12628037560888705
vn -0.7918723907523668 -0.5510442508295208 0.2632268040908126
vn -0.7148446427701007 -0.6983488322368944 0.03613924758836066
vn -0.6972374271016546 -0.6653130141944102 0.2668680636423424
vn 0.7284222723710188 -0.6742198608338144 0.12177262570493198
vn 0.6427061780467965 -0.6602875159233436 0.3885217690377978
vn 0.41048749022805164 -0.6602830876749243 0.6289087886941505
vn 0.09696354717591855 -0.6602824257920992 0.7447316219344822
vn -0.23576585801188935 -0.6602833006885203 0.7130500845156604
vn -0.5217997791618965 -0.6602819368894982 0.5401414206335676
vn 0.022060953205541134 -0.7656028729684591 0.6429351096697895
vn -0.6299931945640342 -0.6673780017763914 0.39713370235722106
vn 0.01514771900565866 -0.6114665707109884 0.7911252615811667
vn 0.12558559026809746 -0.978382860754558 -0.16430227417397672
vn -0.12964233964162988 -0.9500008667174293 -0.2840619950087963
vn 0.06057770881649976 -0.9728771242249906 -0.22324973091642358
vn -0.500816772961694 -0.8642620449683348 -0.04726179797031367
vn 0.07014421095857541 -0.9084559019732381 0.412052986688592
vn 0.18249263223533413 -0.8167484109843498 0.5473741611862571
vn 0.24108242056025264 -0.6257066098309562 0.7418696010153409
vn 0.2115070531055791 -0.34570337790292144 0.9141957892011446
vn 0.03730753578123548 -0.0775748566368733 0.996288256174738
vn -0.2348425641885588 0.1067499050742082 0.9661539358777099
vn -0.532015687604626 0.15807524104886717 0.8318482591854834
vn -0.7745800914542097 0.06246522952993011 0.6293836485185815
vn -0.8975509907396648 -0.15439383792029768 0.4129948690171429
vn -0.8679753436041864 -0.43440041062200635 0.24065553421150893
vn -0.6937740533978686 -0.7025176651307051 0.1585764579349457
vn -0.4216279862609643 -0.8869136466273055 0.1887167841708283
vn -0.1365286940144715 -0.943956814802973 0.3005086479583047
vn 0.07014247420435799 -0.9084568021297962 0.4120512977489517
vn 0.18249507647929836 -0.8167466201069207 0.5473760184779164
vn 0.2410833174367924 -0.6257076227190549 0.7418684552701643
vn 0.21151004346575078 -0.3456998961963359 0.9141964139521435
vn 0.03730436399421176 -0.077578799394511 0.9962880679359226
vn -0.23483956296642264 0.10681431581404537 0.9661475464973851
vn -0.5320141001063186 0.15807542390086451 0.831849239734356
vn -0.774582786642125 0.062468712383324944 0.6293799858677503
vn -0.8975512079723655 -0.15439326988845195 0.41299460926324344
vn -0.8679734721740774 -0.43439899408992433 0.24066484067212254
vn -0.6937726355393616 -0.7025196449334463 0.15857389021952062
vn -0.4216249046120378 -0.886915329203824 0.1887157614884426
vn -0.13652864629675096 -0.9439566777423938 0.30050910017155785
vn 0.21547503281148392 -0.95345228486007 0.21094845514959756
vn -0.16207593897670472 -0.9571943264770993 0.2398132843794762
vn -0.29972562121735197 -0.36730292285148336 0.8804845909217434
vn -0.3827199457309259 0.8361986503141491 0.3928068995734576
vn -0.7718383182841223 0.07947395454911513 0.6308323873872227
vn -0.8945583346822421 -0.11000931460977299 0.4332012656371424
vn -0.9380365126264987 -0.21113813747461677 0.274787532255862
vn -0.9358063068548341 -0.020622824557958795 0.351910862517723
vn -0.7852464159125104 0.20327212859903113 0.5848662308864957
vn -0.4011073899152079 -0.8388906833634836 -0.3679338026348721
vn 0.1459998049347322 -0.694556401025246 -0.7044682127348812
vn 0.04537959732334326 -0.6867194805183616 -0.7255046844944302
vn -0.2637143814889566 -0.8656537599819542 0.4255564508088231
vn -0.42988004475720654 -0.8538484343108075 0.2935063855259792
vn -0.8628661516792986 -0.44220178162201407 0.24478478019777733
vn -0.46873128157096255 -0.5569101245718301 0.6856690884283991
vn -0.8129532954678892 -0.4696894860945894 0.34423643915207386
vn -0.514174131342862 -0.5930882966757041 0.6195734298726223
vn -0.8364936815827166 0.21548885688525277 0.5038282179775957
vn -0.308959333014566 -0.9491678441584935 -0.06020410416833972
vn -0.42842453662391533 -0.894952274028386 0.12455056655834243
vn -0.5431992935826037 -0.7863703207333821 0.2942044291322585
vn -0.8348789545492754 -0.11873900920349148 0.537473886755517
vn -0.7591962357418954 -0.45941519238381984 0.4610409489863933
vn -0.6479808351488164 -0.6702688565919758 0.3617464542503876
vn -0.5047008471533415 -0.8608782873093838 0.06454168669907757
vn 0.16594898270525152 0.7674690509386624 0.6192351661448184
vn 0.033173252976142924 0.7700188793505041 0.6371581128187689
vn -0.03457403062731764 0.7450975409228116 0.6660587743712715
vn -0.058573840499529364 0.7019595085162683 0.7098041656772202
vn -0.11905813776841069 0.572340072692319 0.8113273081942141
vn 0.1210776772611784 0.8692836716721649 0.47925577120489404
vn -0.23468287443109342 0.8594099274842983 0.4542450054653248
vn -0.5646657551195184 0.49828180498547836 0.6579269167739814
vn -0.7378649480755058 0.5737569726008733 0.35546906306092513
vn -0.7192627701410168 0.608554273637062 0.3351458839477796
vn -0.7035958274166353 0.640493343969159 0.3077680749738428
vn -0.6820319837874422 0.6767102568136024 0.27730056151085264
vn -0.6634497563516997 0.7072811946516969 0.24410598618005783
vn -0.6433396880317972 0.7353338061761168 0.21306862579388672
vn -0.6239230375060808 0.7616100602787662 0.17512897918779607
vn -0.5604540764874284 0.5320466494173333 0.634679124434082
vn -0.545742259239106 0.5774725682537125 0.6071991595803289
vn -0.5206168729146694 0.6226559682789834 0.5841725916226408
vn -0.5148684240483093 0.6473077485323802 0.5620526528786703
vn -0.48913963102410807 0.6986818981721693 0.5220977174132577
vn -0.4698001914977381 0.7435390802616836 0.4758544065071775
vn -0.44254592989752223 0.7938033604694843 0.41716822127109765
vn -0.4015386277090958 0.84739307558216 0.34740711839699456
vn -0.43408468923662524 0.8176583491013173 0.37816042457566973
vn -0.02857693265541746 0.7023324216156858 0.7112752831832794
vn -0.11569871209167266 0.5081054835984838 0.8534885034711829
vn 0.6660930893235012 0.39744316392260637 0.6311568171276157
vn 0.6612250753955828 0.313385884623845 0.6815942245842725
vn 0.6072595500390131 0.25636728661121644 0.7520050885745505
vn 0.9876270487796696 -0.06053511651383159 0.14466620955640153
vn 0.6683533431862265 0.29690588562350007 0.6820195772365477
vn 0.732552500065031 0.18878178749822816 0.6540093817044574
vn 0.686149937492578 0.2153750458526325 0.6948466398442952
vn 0.5623028621468431 0.07322927433344113 0.8236825630071732
vn 0.5777086044738792 -0.04962515092816957 0.8147331542978961
vn 0.6119983218599392 -0.16210032616814998 0.7740681741919102
vn 0.6619858745708084 -0.25343116270009175 0.7053703620377041
vn 0.722958122945902 -0.3148066230501616 0.6150027175145582
vn 0.7891422413371716 -0.340164914812836 0.5114121172476472
vn 0.8542096693194483 -0.32683531323591125 0.40435692013757124
vn 0.9137192949165971 -0.277407358850501 0.29692121404962935
vn 0.9563212175305502 -0.1947761200189902 0.2179724569096609
vn 0.7184205963372507 -0.6947072055005689 -0.03540826717052459
vn 0.9769498171386998 0.03243425431668233 0.21099069633417936
vn 0.9255532639796661 -0.05687141555443841 0.374321783535798
vn 0.03058300648438058 -0.9495637798932751 0.3120790086327051
vn 0.010490341185195805 -0.6281737140015599 0.7780024021680813
vn 0.19875010830593806 -0.8454859821116054 0.4956327758544145
vn 0.10853651809059132 -0.722089203958658 0.6832327610464258
vn 0.2170171295713236 -0.824256739228319 0.5229764749100314
vn 0.33283986642274455 -0.8814714094994749 0.33500116052739076
vn -0.720249586843117 -0.6933220991562521 -0.023345223791761335
vn 0.39480606321830264 -0.5838887170337714 0.7093674214162378
vn 0.3413548525417003 -0.4905437986877395 0.8017753090581156
vn 0.8487691038105903 0.03653363352059464 0.5275000493254483
vn 0.45429331112554805 -0.8907819328926543 0.011186397928394657
vn 0.20061084487706063 -0.9352332939800859 0.2917087155860627
vn 0.5745299888006673 -0.5148096259179163 0.636306797882091
vn 0.48624718756947116 -0.6572830313268895 0.5757974377422277
vn 0.5204115081612971 -0.6543133921777822 0.5486764501872556
vn 0.4911055298728085 -0.8218318854119994 0.2888039311514072
vn 0.5224346814615692 -0.8344580276231179 0.17533340737430597
vn -0.6970484661467206 -0.716841131438258 -0.016193459198768724
vn -0.7516807196982096 -0.6554276541057408 0.07342129028713115
vn -0.6340462012703072 -0.7603662790699698 0.14081383564118236
vn -0.38278143587159735 -0.9050904540034539 0.18517462683612984
vn 0.33222235417872303 -0.35233847984575567 0.8749205123917996
vn 0.37519040037096685 -0.5567597262175412 0.7411145462960785
vn 0.30777089275306535 -0.7840416087323363 0.5390323119724747
vn 0.13984240959140415 -0.9283484879050339 0.3444026502280536
vn -0.11071316456692466 -0.9791481327442356 0.1703277115887312
vn -0.3949386843837597 -0.9173528214285791 0.049872202620803406
vn -0.6461116270321732 -0.7631685875642831 0.010652341009143218
vn -0.176100659467466 0.2993174559634862 0.937762026470826
vn -0.17432946178698042 -0.06601008707873483 0.9824723442198867
vn -0.09521897189593616 -0.4158992835871719 0.9044120373495468
vn -0.4377871357332487 0.6371540959937743 0.6343319964693839
vn -0.12549362860328342 0.5094748540445478 0.8512853354053901
vn -0.09105420505567707 0.0242394192254045 0.9955508938759955
vn -0.13702481606147265 0.28999829897627 0.9471669263515221
vn -0.1538725008656406 0.42948884269093235 0.8898666121848584
vn -0.32129897181461736 0.5425628359259257 0.7761395105152723
vn 0.5858658008103861 0.2688721871226649 0.7645057294963065
vn 0.8714781978870616 0.4848321344210725 0.07391584431112608
vn 0.9525723536233608 0.2793614491294274 0.12067763609201573
vn 0.801300414945921 -0.06250315051117766 0.5949882361725077
vn 0.3471059381876217 -0.28650920585485695 0.8929893295192894
vn 0.38662354973767216 -0.43249755633211506 0.8145355084678573
vn 0.9211290495648562 0.27571176764484306 0.27478044914058347
vn 0.8907733516580693 0.283916189538512 0.35484423807324456
vn 0.8315153409166772 0.397651736422441 0.387885723300613
vn 0.7785149809483215 0.42109639072336214 0.46539472940590115
vn 0.7321209419371065 0.40573390912621615 0.5471552991265674
vn 0.6816693181805691 0.33412517041589457 0.6509126755147632
vn 0.6488587183891324 0.24524236825225096 0.7203044803306722
vn 0.8174336215910847 0.08399915126203152 0.5698652620398453
vn 0.10208573695155658 -0.9719510403275362 0.21187184220013236
vn -0.2237411250754309 -0.7669957231030055 0.6013796385742355
vn 0.16045081192431443 -0.9584418304714847 0.23589148894205153
vn 0.21472979828416514 -0.9206101044234029 0.32614130275445463
vn -0.16590524936472636 -0.9398137554989265 0.2987064666327662
vn -0.3543332988419181 -0.7725789995115832 0.5268487475979089
vn -0.1955920839318479 -0.9256775174413587 0.32382845830284895
vn -0.3196218898216836 -0.9457747318771796 -0.057896494621560136
vn -0.30270317307411493 -0.9175943080811931 -0.25766543188378765
vn -0.4168501332150717 -0.8797204195052668 -0.22875303264449687
vn -0.5877150369722891 -0.8058030306647435 -0.07261205883443252
vn 0.07005601380290408 -0.9917332943582037 0.1075045477711135
vn -0.08730295977991921 -0.9958557990420557 0.025483734576683754
vn -0.2482275144297778 -0.9681902102273917 -0.031477260043615334
vn -0.43523463126317957 -0.5001772730093098 0.7485943569879316
vn -0.4527420001119263 -0.5154815576627938 0.7275324357334126
vn -0.4478741626439055 -0.5931675885373093 0.6689999598989925
vn -0.38084838147785066 -0.7372868700867048 0.5579987289622192
vn -0.40930691907220546 -0.6864377324950987 0.6010583044984957
vn -0.2664454595223089 -0.7044129345141562 0.6578823867448501
vn -0.31725676435464195 -0.6027323550241642 0.7321624503334269
vn -0.3806860022070224 -0.5317730016606439 0.7565022421833683
vn 0.47441823436174624 0.7370529220130971 0.4813318284271659
vn 0.3529409246492403 0.6299414806784809 0.6918138728215433
vn 0.24155543820408137 0.358467622884673 0.9017493740599137
vn 0.6998784439954578 0.696544813834853 0.15809960768536593
vn 0.5770211174969715 0.7541588459253079 0.3135140588157956
vn 0.695992406899689 0.6723391044666969 -0.2521005714846711
vn 0.8347322908972131 0.5446061060299554 -0.0814014238719417
f 1//1 2//2 3//3
f 1//1 4//4 2//2
f 1//1 5//5 4//4
f 1//1 6//6 5//5
f 1//1 7//7 6//6
f 1//1 3//3 7//7
f 8//8 9//9 10//10
f 10//10 9//9 11//11
f 12//12 13//13 14//14
f 14//14 13//13 15//15
f 16//16 17//17 18//18
f 18//18 17//17 19//19
f 20//20 21//21 22//22
f 22//22 21//21 23//23
f 24//24 25//25 26//26
f 26//26 25//25 27//27
f 28//28 29//29 30//30
f 30//30 29//29 31//31
f 32//32 33//33 2//2
f 2//2 33//33 3//3
f 34//34 32//32 4//4
f 4//4 32//32 2//2
f 35//35 34//34 5//5
f 5//5 34//34 4//4
f 36//36 35//35 6//6
f 6//6 35//35 5//5
f 37//37 36//36 7//7
f 7//7 36//36 6//6
f 33//33 37//37 3//3
f 3//3 37//37 7//7
f 38//38 39//39 40//40
f 38//38 41//41 39//39
f 38//38 42//42 41//41
f 38//38 43//43 42//42
f 38//38 44//44 43//43
f 38//38 40//40 44//44
f 45//45 46//46 47//47
f 47//47 46//46 48//48
f 49//49 50//50 51//51
f 51//51 50//50 52//52
f 53//53 9//9 8//8
f 15//15 13//13 54//54
f 54//54 13//13 55//55
f 8//8 56//56 53//53
f 53//53 56//56 57//57
f 53//53 57//57 58//58
f 58//58 57//57 59//59
f 58//58 59//59 55//55
f 55//55 59//59 60//60
f 55//55 60//60 54//54
f 61//61 62//62 63//63
f 63//63 62//62 64//64
f 65//65 66//66 67//67
f 67//67 66//66 68//68
f 69//69 70//70 71//71
f 72//72 73//73 74//74
f 75//75 76//76 77//77
f 77//77 78//78 75//75
f 75//75 78//78 79//79
f 75//75 79//79 80//80
f 76//76 75//75 81//81
f 81//81 75//75 82//82
f 81//81 82//82 83//83
f 83//83 82//82 84//84
f 84//84 82//82 85//85
f 84//84 85//85 86//86
f 87//87 56//56 85//85
f 85//85 56//56 8//8
f 8//8 10//10 85//85
f 85//85 10//10 88//88
f 85//85 88//88 86//86
f 14//14 15//15 89//89
f 89//89 15//15 90//90
f 73//73 91//91 74//74
f 74//74 91//91 92//92
f 74//74 92//92 89//89
f 89//89 92//92 93//93
f 89//89 93//93 14//14
f 71//71 70//70 74//74
f 74//74 70//70 94//94
f 74//74 94//94 72//72
f 95//95 96//96 97//97
f 97//97 96//96 98//98
f 97//97 98//98 99//99
f 98//98 100//100 99//99
f 99//99 100//100 101//101
f 99//99 101//101 71//71
f 71//71 101//101 102//102
f 71//71 102//102 69//69
f 79//79 103//103 80//80
f 80//80 103//103 104//104
f 80//80 104//104 105//105
f 105//105 104//104 106//106
f 105//105 106//106 95//95
f 95//95 106//106 107//107
f 95//95 107//107 96//96
f 15//15 54//54 90//90
f 90//90 54//54 60//60
f 90//90 60//60 108//108
f 108//108 60//60 59//59
f 108//108 59//59 87//87
f 87//87 59//59 57//57
f 87//87 57//57 56//56
f 109//109 110//110 111//111
f 111//111 110//110 112//112
f 91//91 73//73 113//113
f 84//84 86//86 11//11
f 11//11 86//86 88//88
f 11//11 88//88 10//10
f 114//114 81//81 115//115
f 115//115 81//81 83//83
f 115//115 83//83 116//116
f 116//116 83//83 84//84
f 116//116 84//84 117//117
f 117//117 84//84 11//11
f 79//79 78//78 118//118
f 118//118 78//78 77//77
f 118//118 77//77 114//114
f 114//114 77//77 76//76
f 114//114 76//76 81//81
f 79//79 118//118 103//103
f 103//103 118//118 119//119
f 103//103 119//119 104//104
f 104//104 119//119 120//120
f 104//104 120//120 106//106
f 106//106 120//120 121//121
f 106//106 121//121 107//107
f 107//107 121//121 122//122
f 107//107 122//122 96//96
f 96//96 122//122 98//98
f 98//98 122//122 123//123
f 98//98 123//123 100//100
f 100//100 123//123 101//101
f 101//101 123//123 124//124
f 101//101 124//124 102//102
f 102//102 124//124 125//125
f 102//102 125//125 69//69
f 113//113 73//73 126//126
f 73//73 72//72 126//126
f 126//126 72//72 94//94
f 126//126 94//94 125//125
f 125//125 94//94 70//70
f 125//125 70//70 69//69
f 91//91 113//113 92//92
f 92//92 113//113 127//127
f 92//92 127//127 93//93
f 93//93 127//127 12//12
f 93//93 12//12 14//14
f 128//128 129//129 130//130
f 131//131 132//132 133//133
f 130//130 134//134 128//128
f 128//128 134//134 135//135
f 128//128 135//135 136//136
f 136//136 135//135 137//137
f 136//136 137//137 138//138
f 138//138 137//137 139//139
f 138//138 139//139 140//140
f 140//140 139//139 141//141
f 140//140 141//141 142//142
f 142//142 141//141 143//143
f 142//142 143//143 144//144
f 144//144 143//143 145//145
f 144//144 145//145 146//146
f 147//147 148//148 149//149
f 149//149 148//148 150//150
f 149//149 150//150 151//151
f 151//151 150//150 152//152
f 151//151 152//152 153//153
f 153//153 152//152 154//154
f 153//153 154//154 155//155
f 155//155 154//154 156//156
f 155//155 156//156 157//157
f 157//157 156//156 158//158
f 157//157 158//158 159//159
f 159//159 158//158 160//160
f 159//159 160//160 133//133
f 133//133 160//160 161//161
f 133//133 161//161 131//131
f 132//132 131//131 146//146
f 146//146 131//131 162//162
f 146//146 162//162 144//144
f 148//148 147//147 163//163
f 163//163 147//147 164//164
f 165//165 166//166 167//167
f 167//167 166//166 168//168
f 169//169 170//170 171//171
f 172//172 173//173 174//174
f 175//175 176//176 177//177
f 177//177 176//176 178//178
f 177//177 178//178 179//179
f 172//172 174//174 180//180
f 180//180 174//174 181//181
f 180//180 181//181 182//182
f 182//182 181//181 183//183
f 182//182 183//183 184//184
f 184//184 183//183 185//185
f 184//184 185//185 186//186
f 173//173 172//172 187//187
f 187//187 172//172 188//188
f 187//187 188//188 189//189
f 189//189 188//188 190//190
f 189//189 190//190 175//175
f 175//175 190//190 191//191
f 175//175 191//191 176//176
f 171//171 192//192 169//169
f 169//169 192//192 193//193
f 169//169 193//193 194//194
f 194//194 193//193 195//195
f 194//194 195//195 196//196
f 196//196 195//195 197//197
f 196//196 197//197 198//198
f 198//198 197//197 199//199
f 198//198 199//199 200//200
f 200//200 199//199 201//201
f 200//200 201//201 202//202
f 202//202 201//201 203//203
f 202//202 203//203 204//204
f 179//179 178//178 204//204
f 204//204 178//178 205//205
f 204//204 205//205 202//202
f 206//206 207//207 170//170
f 170//170 207//207 171//171
f 208//208 209//209 210//210
f 210//210 209//209 211//211
f 18//18 19//19 212//212
f 213//213 214//214 212//212
f 212//212 214//214 215//215
f 212//212 215//215 18//18
f 212//212 216//216 213//213
f 213//213 216//216 217//217
f 213//213 217//217 218//218
f 219//219 220//220 221//221
f 221//221 220//220 222//222
f 221//221 222//222 223//223
f 223//223 222//222 224//224
f 223//223 224//224 217//217
f 217//217 224//224 225//225
f 217//217 225//225 218//218
f 226//226 227//227 219//219
f 219//219 227//227 228//228
f 219//219 228//228 220//220
f 229//229 230//230 226//226
f 226//226 230//230 231//231
f 226//226 231//231 227//227
f 226//226 232//232 229//229
f 229//229 232//232 233//233
f 229//229 233//233 234//234
f 234//234 233//233 235//235
f 234//234 235//235 236//236
f 236//236 235//235 237//237
f 236//236 237//237 238//238
f 238//238 237//237 239//239
f 239//239 237//237 240//240
f 239//239 240//240 241//241
f 241//241 240//240 242//242
f 242//242 240//240 243//243
f 242//242 243//243 244//244
f 244//244 243//243 245//245
f 244//244 245//245 246//246
f 246//246 245//245 247//247
f 246//246 247//247 248//248
f 248//248 247//247 20//20
f 248//248 20//20 22//22
f 249//249 17//17 16//16
f 16//16 250//250 249//249
f 249//249 250//250 251//251
f 249//249 251//251 252//252
f 251//251 253//253 252//252
f 252//252 253//253 254//254
f 252//252 254//254 255//255
f 255//255 254//254 256//256
f 255//255 256//256 21//21
f 21//21 256//256 257//257
f 21//21 257//257 23//23
f 235//235 233//233 258//258
f 187//187 189//189 219//219
f 219//219 189//189 175//175
f 219//219 175//175 226//226
f 226//226 175//175 177//177
f 226//226 177//177 232//232
f 197//197 195//195 259//259
f 259//259 195//195 193//193
f 259//259 193//193 192//192
f 177//177 179//179 259//259
f 259//259 179//179 204//204
f 259//259 204//204 203//203
f 203//203 201//201 259//259
f 259//259 201//201 199//199
f 259//259 199//199 197//197
f 233//233 232//232 258//258
f 258//258 232//232 177//177
f 258//258 177//177 207//207
f 207//207 177//177 259//259
f 207//207 259//259 171//171
f 171//171 259//259 192//192
f 219//219 221//221 187//187
f 187//187 221//221 223//223
f 187//187 223//223 173//173
f 173//173 223//223 217//217
f 173//173 217//217 174//174
f 19//19 260//260 212//212
f 212//212 260//260 185//185
f 212//212 185//185 216//216
f 216//216 185//185 183//183
f 216//216 183//183 217//217
f 217//217 183//183 181//181
f 217//217 181//181 174//174
f 261//261 262//262 27//27
f 209//209 263//263 240//240
f 240//240 263//263 261//261
f 258//258 211//211 235//235
f 235//235 211//211 209//209
f 235//235 209//209 237//237
f 237//237 209//209 240//240
f 261//261 27//27 240//240
f 240//240 27//27 25//25
f 240//240 25//25 243//243
f 243//243 25//25 264//264
f 243//243 264//264 245//245
f 245//245 264//264 265//265
f 245//245 265//265 247//247
f 247//247 265//265 31//31
f 247//247 31//31 20//20
f 266//266 267//267 268//268
f 268//268 267//267 269//269
f 270//270 271//271 272//272
f 272//272 271//271 273//273
f 263//263 209//209 208//208
f 26//26 27//27 274//274
f 274//274 27//27 262//262
f 274//274 262//262 275//275
f 275//275 262//262 261//261
f 275//275 261//261 276//276
f 276//276 261//261 263//263
f 276//276 263//263 277//277
f 277//277 263//263 208//208
f 25//25 24//24 264//264
f 264//264 24//24 278//278
f 264//264 278//278 265//265
f 30//30 31//31 279//279
f 279//279 31//31 265//265
f 279//279 265//265 280//280
f 280//280 265//265 278//278
f 281//281 29//29 28//28
f 282//282 283//283 284//284
f 284//284 283//283 285//285
f 284//284 285//285 286//286
f 286//286 285//285 287//287
f 286//286 287//287 288//288
f 288//288 287//287 281//281
f 288//288 281//281 289//289
f 289//289 281//281 28//28
f 290//290 37//37 291//291
f 291//291 37//37 33//33
f 292//292 293//293 32//32
f 32//32 293//293 294//294
f 32//32 294//294 33//33
f 33//33 294//294 295//295
f 33//33 295//295 291//291
f 290//290 296//296 37//37
f 37//37 296//296 297//297
f 37//37 297//297 36//36
f 36//36 297//297 298//298
f 36//36 298//298 299//299
f 300//300 35//35 301//301
f 301//301 35//35 36//36
f 301//301 36//36 302//302
f 302//302 36//36 299//299
f 292//292 32//32 303//303
f 303//303 32//32 34//34
f 303//303 34//34 304//304
f 300//300 305//305 35//35
f 35//35 305//305 306//306
f 35//35 306//306 34//34
f 34//34 306//306 307//307
f 34//34 307//307 304//304
f 308//308 309//309 39//39
f 39//39 309//309 40//40
f 310//310 308//308 41//41
f 41//41 308//308 39//39
f 311//311 310//310 42//42
f 42//42 310//310 41//41
f 312//312 311//311 43//43
f 43//43 311//311 42//42
f 313//313 312//312 44//44
f 44//44 312//312 43//43
f 309//309 313//313 40//40
f 40//40 313//313 44//44
f 314//314 315//315 316//316
f 317//317 318//318 319//319
f 319//319 318//318 320//320
f 319//319 320//320 321//321
f 321//321 320//320 322//322
f 314//314 316//316 322//322
f 322//322 316//316 323//323
f 322//322 323//323 321//321
f 321//321 323//323 324//324
f 321//321 324//324 319//319
f 319//319 324//324 325//325
f 319//319 325//325 317//317
f 326//326 327//327 328//328
f 328//328 327//327 329//329
f 330//330 331//331 332//332
f 332//332 331//331 333//333
f 334//334 335//335 336//336
f 336//336 335//335 337//337
f 67//67 68//68 337//337
f 337//337 68//68 336//336
f 50//50 49//49 338//338
f 338//338 49//49 339//339
f 338//338 339//339 340//340
f 340//340 339//339 341//341
f 340//340 341//341 65//65
f 65//65 341//341 66//66
f 342//342 343//343 344//344
f 344//344 343//343 345//345
f 346//346 347//347 348//348
f 348//348 347//347 349//349
f 350//350 351//351 352//352
f 352//352 351//351 353//353
f 354//354 355//355 356//356
f 356//356 355//355 357//357
f 358//358 359//359 360//360
f 360//360 359//359 356//356
f 360//360 356//356 361//361
f 361//361 356//356 362//362
f 363//363 354//354 364//364
f 364//364 354//354 356//356
f 364//364 356//356 365//365
f 365//365 356//356 359//359
f 366//366 367//367 357//357
f 357//357 367//367 368//368
f 369//369 356//356 370//370
f 370//370 356//356 357//357
f 370//370 357//357 371//371
f 371//371 357//357 368//368
f 372//372 373//373 374//374
f 374//374 373//373 375//375
f 376//376 377//377 378//378
f 335//335 334//334 379//379
f 379//379 334//334 376//376
f 379//379 376//376 380//380
f 380//380 376//376 378//378
f 381//381 382//382 383//383
f 383//383 382//382 384//384
f 383//383 384//384 385//385
f 385//385 384//384 386//386
f 385//385 386//386 377//377
f 377//377 386//386 387//387
f 377//377 387//387 378//378
f 344//344 345//345 388//388
f 388//388 345//345 389//389
f 388//388 389//389 390//390
f 390//390 389//389 391//391
f 390//390 391//391 381//381
f 381//381 391//391 392//392
f 381//381 392//392 382//382
f 47//47 48//48 393//393
f 393//393 48//48 394//394
f 393//393 394//394 395//395
f 396//396 397//397 394//394
f 394//394 397//397 398//398
f 394//394 398//398 395//395
f 399//399 400//400 396//396
f 396//396 400//400 401//401
f 396//396 401//401 397//397
f 399//399 396//396 402//402
f 402//402 396//396 403//403
f 402//402 403//403 404//404
f 404//404 403//403 405//405
f 404//404 405//405 406//406
f 406//406 405//405 407//407
f 406//406 407//407 408//408
f 408//408 407//407 373//373
f 408//408 373//373 372//372
f 328//328 329//329 409//409
f 409//409 329//329 410//410
f 409//409 410//410 411//411
f 411//411 410//410 412//412
f 411//411 412//412 413//413
f 413//413 412//412 414//414
f 413//413 414//414 415//415
f 415//415 414//414 416//416
f 415//415 416//416 417//417
f 417//417 416//416 46//46
f 417//417 46//46 45//45
f 347//347 346//346 418//418
f 418//418 346//346 419//419
f 418//418 419//419 420//420
f 420//420 419//419 421//421
f 422//422 423//423 419//419
f 419//419 423//423 424//424
f 419//419 424//424 421//421
f 425//425 426//426 427//427
f 427//427 426//426 428//428
f 427//427 428//428 422//422
f 422//422 428//428 429//429
f 422//422 429//429 423//423
f 51//51 52//52 427//427
f 427//427 52//52 430//430
f 427//427 430//430 425//425
f 341//341 339//339 12//12
f 9//9 53//53 168//168
f 168//168 53//53 58//58
f 168//168 58//58 51//51
f 51//51 58//58 55//55
f 51//51 55//55 49//49
f 164//164 11//11 431//431
f 431//431 11//11 9//9
f 431//431 9//9 166//166
f 166//166 9//9 168//168
f 341//341 12//12 66//66
f 49//49 55//55 339//339
f 339//339 55//55 13//13
f 339//339 13//13 12//12
f 432//432 433//433 434//434
f 434//434 433//433 435//435
f 434//434 435//435 436//436
f 436//436 435//435 334//334
f 436//436 334//334 437//437
f 437//437 334//334 438//438
f 334//334 336//336 438//438
f 438//438 336//336 68//68
f 438//438 68//68 62//62
f 62//62 68//68 66//66
f 62//62 66//66 64//64
f 64//64 66//66 12//12
f 439//439 440//440 441//441
f 441//441 440//440 435//435
f 110//110 109//109 442//442
f 442//442 109//109 443//443
f 442//442 443//443 444//444
f 63//63 64//64 445//445
f 445//445 64//64 444//444
f 445//445 444//444 446//446
f 446//446 444//444 443//443
f 438//438 62//62 61//61
f 447//447 434//434 448//448
f 448//448 434//434 436//436
f 448//448 436//436 449//449
f 449//449 436//436 437//437
f 449//449 437//437 450//450
f 450//450 437//437 438//438
f 450//450 438//438 451//451
f 451//451 438//438 61//61
f 452//452 453//453 454//454
f 454//454 453//453 455//455
f 454//454 455//455 456//456
f 457//457 458//458 459//459
f 459//459 458//458 460//460
f 461//461 65//65 462//462
f 462//462 65//65 67//67
f 462//462 67//67 463//463
f 463//463 67//67 464//464
f 95//95 465//465 105//105
f 105//105 465//465 466//466
f 105//105 466//466 80//80
f 80//80 466//466 467//467
f 80//80 467//467 75//75
f 75//75 467//467 468//468
f 75//75 468//468 82//82
f 82//82 468//468 469//469
f 82//82 469//469 85//85
f 85//85 469//469 470//470
f 85//85 470//470 87//87
f 87//87 470//470 471//471
f 87//87 471//471 108//108
f 108//108 471//471 472//472
f 108//108 472//472 90//90
f 90//90 472//472 473//473
f 90//90 473//473 89//89
f 89//89 473//473 474//474
f 89//89 474//474 74//74
f 74//74 474//474 475//475
f 74//74 475//475 71//71
f 71//71 475//475 476//476
f 71//71 476//476 99//99
f 99//99 476//476 477//477
f 99//99 477//477 97//97
f 97//97 477//477 478//478
f 97//97 478//478 95//95
f 95//95 478//478 465//465
f 479//479 480//480 481//481
f 111//111 112//112 482//482
f 482//482 112//112 483//483
f 482//482 483//483 484//484
f 484//484 483//483 485//485
f 484//484 485//485 486//486
f 486//486 485//485 479//479
f 486//486 479//479 487//487
f 487//487 479//479 481//481
f 488//488 489//489 129//129
f 129//129 489//489 130//130
f 481//481 480//480 490//490
f 490//490 480//480 491//491
f 123//123 122//122 492//492
f 157//157 159//159 119//119
f 119//119 159//159 133//133
f 119//119 133//133 120//120
f 120//120 133//133 132//132
f 120//120 132//132 121//121
f 139//139 137//137 493//493
f 493//493 137//137 135//135
f 493//493 135//135 134//134
f 132//132 146//146 493//493
f 493//493 146//146 145//145
f 145//145 143//143 493//493
f 493//493 143//143 141//141
f 493//493 141//141 139//139
f 122//122 121//121 492//492
f 492//492 121//121 132//132
f 492//492 132//132 489//489
f 489//489 132//132 493//493
f 489//489 493//493 130//130
f 130//130 493//493 134//134
f 119//119 118//118 157//157
f 157//157 118//118 114//114
f 157//157 114//114 155//155
f 155//155 114//114 115//115
f 155//155 115//115 153//153
f 11//11 164//164 117//117
f 117//117 164//164 147//147
f 117//117 147//147 116//116
f 116//116 147//147 149//149
f 116//116 149//149 115//115
f 115//115 149//149 151//151
f 115//115 151//151 153//153
f 485//485 483//483 112//112
f 480//480 479//479 125//125
f 125//125 479//479 485//485
f 492//492 491//491 123//123
f 123//123 491//491 480//480
f 123//123 480//480 124//124
f 124//124 480//480 125//125
f 485//485 112//112 125//125
f 125//125 112//112 110//110
f 125//125 110//110 126//126
f 126//126 110//110 442//442
f 126//126 442//442 113//113
f 113//113 442//442 444//444
f 113//113 444//444 127//127
f 127//127 444//444 64//64
f 127//127 64//64 12//12
f 166//166 165//165 494//494
f 166//166 494//494 431//431
f 431//431 494//494 163//163
f 431//431 163//163 164//164
f 167//167 168//168 330//330
f 330//330 168//168 331//331
f 495//495 496//496 497//497
f 497//497 496//496 498//498
f 186//186 185//185 499//499
f 499//499 185//185 260//260
f 500//500 501//501 502//502
f 502//502 501//501 503//503
f 210//210 211//211 504//504
f 504//504 211//211 258//258
f 504//504 258//258 206//206
f 206//206 258//258 207//207
f 234//234 236//236 505//505
f 224//224 222//222 506//506
f 506//506 222//222 507//507
f 214//214 213//213 508//508
f 508//508 213//213 218//218
f 508//508 218//218 506//506
f 506//506 218//218 225//225
f 506//506 225//225 224//224
f 214//214 508//508 215//215
f 215//215 508//508 509//509
f 215//215 509//509 18//18
f 510//510 250//250 509//509
f 509//509 250//250 16//16
f 509//509 16//16 18//18
f 23//23 511//511 22//22
f 22//22 511//511 512//512
f 22//22 512//512 248//248
f 248//248 512//512 246//246
f 246//246 512//512 513//513
f 246//246 513//513 244//244
f 244//244 513//513 242//242
f 242//242 513//513 514//514
f 242//242 514//514 241//241
f 241//241 514//514 515//515
f 241//241 515//515 239//239
f 505//505 236//236 515//515
f 515//515 236//236 238//238
f 515//515 238//238 239//239
f 234//234 505//505 229//229
f 229//229 505//505 516//516
f 229//229 516//516 230//230
f 230//230 516//516 517//517
f 230//230 517//517 231//231
f 222//222 220//220 507//507
f 507//507 220//220 228//228
f 507//507 228//228 517//517
f 517//517 228//228 227//227
f 517//517 227//227 231//231
f 23//23 257//257 511//511
f 511//511 257//257 256//256
f 511//511 256//256 518//518
f 256//256 254//254 518//518
f 518//518 254//254 253//253
f 518//518 253//253 510//510
f 510//510 253//253 251//251
f 510//510 251//251 250//250
f 519//519 520//520 521//521
f 521//521 520//520 522//522
f 523//523 524//524 525//525
f 525//525 524//524 526//526
f 267//267 266//266 527//527
f 267//267 527//527 528//528
f 528//528 527//527 529//529
f 528//528 529//529 530//530
f 530//530 529//529 531//531
f 530//530 531//531 532//532
f 532//532 531//531 533//533
f 532//532 533//533 534//534
f 535//535 536//536 537//537
f 537//537 536//536 534//534
f 537//537 534//534 538//538
f 538//538 534//534 533//533
f 497//497 498//498 539//539
f 539//539 498//498 536//536
f 539//539 536//536 540//540
f 540//540 536//536 535//535
f 541//541 542//542 20//20
f 17//17 249//249 503//503
f 503//503 249//249 252//252
f 503//503 252//252 525//525
f 525//525 252//252 255//255
f 525//525 255//255 523//523
f 260//260 19//19 543//543
f 543//543 19//19 17//17
f 543//543 17//17 501//501
f 501//501 17//17 503//503
f 541//541 20//20 520//520
f 523//523 255//255 542//542
f 542//542 255//255 21//21
f 542//542 21//21 20//20
f 544//544 545//545 283//283
f 283//283 545//545 273//273
f 283//283 273//273 285//285
f 285//285 273//273 546//546
f 285//285 546//546 287//287
f 287//287 546//546 281//281
f 546//546 547//547 281//281
f 281//281 547//547 522//522
f 281//281 522//522 29//29
f 29//29 522//522 520//520
f 29//29 520//520 31//31
f 31//31 520//520 20//20
f 268//268 269//269 548//548
f 548//548 269//269 549//549
f 548//548 549//549 550//550
f 550//550 549//549 551//551
f 550//550 551//551 552//552
f 552//552 551//551 553//553
f 552//552 553//553 554//554
f 554//554 553//553 555//555
f 554//554 555//555 556//556
f 556//556 555//555 557//557
f 558//558 559//559 560//560
f 560//560 559//559 561//561
f 561//561 562//562 560//560
f 560//560 562//562 563//563
f 563//563 562//562 564//564
f 564//564 562//562 271//271
f 564//564 271//271 270//270
f 272//272 273//273 565//565
f 565//565 273//273 545//545
f 565//565 545//545 566//566
f 566//566 545//545 567//567
f 567//567 545//545 544//544
f 567//567 544//544 568//568
f 568//568 544//544 283//283
f 568//568 283//283 282//282
f 210//210 569//569 208//208
f 208//208 569//569 570//570
f 208//208 570//570 277//277
f 277//277 570//570 571//571
f 277//277 571//571 276//276
f 276//276 571//571 275//275
f 275//275 571//571 572//572
f 275//275 572//572 274//274
f 274//274 572//572 573//573
f 274//274 573//573 26//26
f 26//26 573//573 24//24
f 24//24 573//573 574//574
f 24//24 574//574 278//278
f 278//278 574//574 280//280
f 280//280 574//574 575//575
f 280//280 575//575 279//279
f 279//279 575//575 30//30
f 30//30 575//575 576//576
f 30//30 576//576 28//28
f 577//577 578//578 282//282
f 282//282 284//284 577//577
f 577//577 284//284 286//286
f 577//577 286//286 579//579
f 579//579 286//286 288//288
f 579//579 288//288 576//576
f 576//576 288//288 289//289
f 576//576 289//289 28//28
f 580//580 581//581 582//582
f 582//582 581//581 583//583
f 583//583 581//581 584//584
f 584//584 581//581 585//585
f 584//584 585//585 586//586
f 586//586 585//585 587//587
f 586//586 587//587 588//588
f 589//589 590//590 591//591
f 591//591 590//590 592//592
f 591//591 592//592 593//593
f 593//593 592//592 594//594
f 593//593 594//594 595//595
f 595//595 594//594 596//596
f 595//595 596//596 587//587
f 587//587 596//596 597//597
f 587//587 597//597 588//588
f 598//598 599//599 589//589
f 589//589 599//599 600//600
f 589//589 600//600 590//590
f 601//601 602//602 603//603
f 603//603 602//602 604//604
f 603//603 604//604 605//605
f 605//605 604//604 606//606
f 605//605 606//606 598//598
f 598//598 606//606 607//607
f 598//598 607//607 599//599
f 601//601 603//603 608//608
f 608//608 603//603 609//609
f 608//608 609//609 610//610
f 610//610 609//609 611//611
f 610//610 611//611 612//612
f 612//612 611//611 613//613
f 612//612 613//613 614//614
f 614//614 613//613 615//615
f 614//614 615//615 616//616
f 582//582 617//617 580//580
f 580//580 617//617 618//618
f 580//580 618//618 619//619
f 619//619 618//618 620//620
f 619//619 620//620 621//621
f 621//621 620//620 622//622
f 621//621 622//622 623//623
f 623//623 622//622 624//624
f 623//623 624//624 615//615
f 615//615 624//624 625//625
f 615//615 625//625 616//616
f 626//626 292//292 627//627
f 627//627 292//292 303//303
f 627//627 303//303 628//628
f 628//628 303//303 304//304
f 628//628 304//304 629//629
f 629//629 304//304 307//307
f 629//629 307//307 630//630
f 630//630 307//307 306//306
f 630//630 306//306 631//631
f 631//631 306//306 305//305
f 631//631 305//305 632//632
f 632//632 305//305 300//300
f 632//632 300//300 633//633
f 633//633 300//300 301//301
f 633//633 301//301 634//634
f 634//634 301//301 302//302
f 634//634 302//302 635//635
f 635//635 302//302 299//299
f 635//635 299//299 636//636
f 636//636 299//299 298//298
f 636//636 298//298 637//637
f 637//637 298//298 297//297
f 637//637 297//297 638//638
f 638//638 297//297 296//296
f 638//638 296//296 639//639
f 639//639 296//296 290//290
f 639//639 290//290 640//640
f 640//640 290//290 291//291
f 640//640 291//291 641//641
f 641//641 291//291 295//295
f 641//641 295//295 642//642
f 642//642 295//295 294//294
f 642//642 294//294 643//643
f 643//643 294//294 293//293
f 643//643 293//293 626//626
f 626//626 293//293 292//292
f 591//591 644//644 589//589
f 589//589 644//644 645//645
f 589//589 645//645 598//598
f 598//598 645//645 646//646
f 598//598 646//646 605//605
f 605//605 646//646 647//647
f 605//605 647//647 603//603
f 603//603 647//647 648//648
f 603//603 648//648 609//609
f 609//609 648//648 649//649
f 609//609 649//649 611//611
f 611//611 649//649 650//650
f 611//611 650//650 613//613
f 613//613 650//650 651//651
f 613//613 651//651 615//615
f 615//615 651//651 652//652
f 615//615 652//652 623//623
f 623//623 652//652 653//653
f 623//623 653//653 621//621
f 621//621 653//653 654//654
f 621//621 654//654 619//619
f 619//619 654//654 655//655
f 619//619 655//655 580//580
f 580//580 655//655 656//656
f 580//580 656//656 581//581
f 581//581 656//656 657//657
f 581//581 657//657 585//585
f 585//585 657//657 658//658
f 585//585 658//658 587//587
f 587//587 658//658 659//659
f 587//587 659//659 595//595
f 595//595 659//659 660//660
f 595//595 660//660 593//593
f 593//593 660//660 661//661
f 593//593 661//661 591//591
f 591//591 661//661 644//644
f 661//661 636//636 644//644
f 644//644 636//636 637//637
f 644//644 637//637 645//645
f 645//645 637//637 638//638
f 645//645 638//638 646//646
f 646//646 638//638 639//639
f 646//646 639//639 647//647
f 647//647 639//639 640//640
f 647//647 640//640 648//648
f 648//648 640//640 641//641
f 648//648 641//641 649//649
f 649//649 641//641 642//642
f 649//649 642//642 650//650
f 650//650 642//642 643//643
f 650//650 643//643 651//651
f 651//651 643//643 626//626
f 651//651 626//626 652//652
f 652//652 626//626 627//627
f 652//652 627//627 653//653
f 653//653 627//627 628//628
f 653//653 628//628 654//654
f 654//654 628//628 629//629
f 654//654 629//629 655//655
f 655//655 629//629 630//630
f 655//655 630//630 656//656
f 656//656 630//630 631//631
f 656//656 631//631 657//657
f 657//657 631//631 632//632
f 657//657 632//632 658//658
f 658//658 632//632 633//633
f 658//658 633//633 659//659
f 659//659 633//633 634//634
f 659//659 634//634 660//660
f 660//660 634//634 635//635
f 660//660 635//635 661//661
f 661//661 635//635 636//636
f 662//662 663//663 309//309
f 309//309 663//663 313//313
f 664//664 665//665 308//308
f 308//308 665//665 666//666
f 308//308 666//666 309//309
f 309//309 666//666 667//667
f 309//309 667//667 662//662
f 663//663 668//668 313//313
f 313//313 668//668 669//669
f 313//313 669//669 312//312
f 312//312 669//669 670//670
f 312//312 670//670 671//671
f 672//672 311//311 673//673
f 673//673 311//311 312//312
f 673//673 312//312 674//674
f 674//674 312//312 671//671
f 664//664 308//308 675//675
f 675//675 308//308 310//310
f 675//675 310//310 676//676
f 672//672 677//677 311//311
f 311//311 677//677 678//678
f 311//311 678//678 310//310
f 310//310 678//678 679//679
f 310//310 679//679 676//676
f 322//322 320//320 680//680
f 680//680 320//320 318//318
f 680//680 318//318 681//681
f 681//681 318//318 317//317
f 682//682 325//325 683//683
f 683//683 325//325 324//324
f 324//324 323//323 683//683
f 683//683 323//323 316//316
f 683//683 316//316 684//684
f 685//685 315//315 680//680
f 680//680 315//315 314//314
f 680//680 314//314 322//322
f 317//317 325//325 681//681
f 681//681 325//325 682//682
f 681//681 682//682 686//686
f 686//686 682//682 687//687
f 686//686 687//687 688//688
f 688//688 687//687 689//689
f 688//688 689//689 690//690
f 690//690 689//689 691//691
f 690//690 691//691 692//692
f 692//692 691//691 693//693
f 692//692 693//693 694//694
f 694//694 693//693 695//695
f 694//694 695//695 696//696
f 696//696 695//695 697//697
f 696//696 697//697 698//698
f 698//698 697//697 699//699
f 698//698 699//699 700//700
f 700//700 699//699 701//701
f 700//700 701//701 702//702
f 702//702 701//701 703//703
f 702//702 703//703 704//704
f 704//704 703//703 705//705
f 704//704 705//705 706//706
f 706//706 705//705 707//707
f 706//706 707//707 685//685
f 685//685 707//707 684//684
f 685//685 684//684 315//315
f 315//315 684//684 316//316
f 708//708 709//709 326//326
f 326//326 709//709 327//327
f 332//332 333//333 710//710
f 710//710 333//333 711//711
f 710//710 711//711 712//712
f 712//712 711//711 713//713
f 712//712 713//713 708//708
f 708//708 713//713 714//714
f 708//708 714//714 709//709
f 715//715 464//464 67//67
f 345//345 716//716 389//389
f 389//389 716//716 717//717
f 389//389 717//717 391//391
f 391//391 717//717 718//718
f 391//391 718//718 392//392
f 392//392 718//718 382//382
f 382//382 718//718 719//719
f 382//382 719//719 384//384
f 384//384 719//719 386//386
f 386//386 719//719 720//720
f 386//386 720//720 387//387
f 387//387 720//720 378//378
f 378//378 720//720 721//721
f 378//378 721//721 380//380
f 67//67 337//337 715//715
f 715//715 337//337 335//335
f 715//715 335//335 721//721
f 721//721 335//335 379//379
f 721//721 379//379 380//380
f 428//428 426//426 722//722
f 65//65 461//461 340//340
f 340//340 461//461 723//723
f 340//340 723//723 724//724
f 426//426 425//425 722//722
f 722//722 425//425 430//430
f 722//722 430//430 725//725
f 421//421 424//424 726//726
f 726//726 424//424 423//423
f 726//726 423//423 722//722
f 722//722 423//423 429//429
f 722//722 429//429 428//428
f 727//727 728//728 349//349
f 349//349 347//347 727//727
f 727//727 347//347 418//418
f 727//727 418//418 726//726
f 726//726 418//418 420//420
f 726//726 420//420 421//421
f 430//430 52//52 725//725
f 725//725 52//52 50//50
f 725//725 50//50 724//724
f 724//724 50//50 338//338
f 724//724 338//338 340//340
f 348//348 349//349 342//342
f 342//342 349//349 343//343
f 352//352 353//353 729//729
f 729//729 353//353 730//730
f 731//731 732//732 733//733
f 733//733 732//732 734//734
f 735//735 736//736 737//737
f 737//737 736//736 738//738
f 351//351 350//350 739//739
f 739//739 350//350 740//740
f 457//457 459//459 741//741
f 741//741 459//459 742//742
f 742//742 459//459 743//743
f 743//743 459//459 460//460
f 743//743 460//460 744//744
f 745//745 746//746 747//747
f 747//747 746//746 748//748
f 747//747 748//748 749//749
f 745//745 747//747 750//750
f 750//750 747//747 751//751
f 750//750 751//751 752//752
f 752//752 751//751 753//753
f 752//752 753//753 754//754
f 754//754 753//753 755//755
f 754//754 755//755 756//756
f 756//756 755//755 757//757
f 756//756 757//757 758//758
f 759//759 760//760 761//761
f 761//761 760//760 762//762
f 761//761 762//762 763//763
f 763//763 762//762 764//764
f 763//763 764//764 765//765
f 765//765 764//764 766//766
f 765//765 766//766 757//757
f 757//757 766//766 767//767
f 757//757 767//767 758//758
f 759//759 761//761 768//768
f 768//768 761//761 769//769
f 768//768 769//769 770//770
f 770//770 769//769 771//771
f 770//770 771//771 772//772
f 772//772 771//771 773//773
f 773//773 771//771 774//774
f 773//773 774//774 775//775
f 775//775 774//774 776//776
f 775//775 776//776 777//777
f 778//778 779//779 780//780
f 780//780 779//779 781//781
f 780//780 781//781 782//782
f 782//782 781//781 783//783
f 782//782 783//783 784//784
f 784//784 783//783 785//785
f 784//784 785//785 776//776
f 776//776 785//785 786//786
f 776//776 786//786 777//777
f 787//787 788//788 778//778
f 778//778 788//788 789//789
f 778//778 789//789 779//779
f 748//748 790//790 749//749
f 749//749 790//790 791//791
f 749//749 791//791 787//787
f 787//787 791//791 792//792
f 787//787 792//792 788//788
f 793//793 368//368 794//794
f 794//794 368//368 367//367
f 794//794 367//367 795//795
f 795//795 367//367 366//366
f 795//795 366//366 796//796
f 796//796 366//366 357//357
f 796//796 357//357 797//797
f 797//797 357//357 355//355
f 797//797 355//355 798//798
f 798//798 355//355 354//354
f 798//798 354//354 799//799
f 799//799 354//354 363//363
f 799//799 363//363 800//800
f 800//800 363//363 364//364
f 800//800 364//364 801//801
f 801//801 364//364 365//365
f 801//801 365//365 802//802
f 802//802 365//365 359//359
f 802//802 359//359 803//803
f 803//803 359//359 358//358
f 803//803 358//358 804//804
f 804//804 358//358 360//360
f 804//804 360//360 805//805
f 805//805 360//360 361//361
f 805//805 361//361 806//806
f 806//806 361//361 362//362
f 806//806 362//362 807//807
f 807//807 362//362 356//356
f 807//807 356//356 808//808
f 808//808 356//356 369//369
f 808//808 369//369 809//809
f 809//809 369//369 370//370
f 809//809 370//370 810//810
f 810//810 370//370 371//371
f 810//810 371//371 793//793
f 793//793 371//371 368//368
f 757//757 811//811 765//765
f 765//765 811//811 812//812
f 765//765 812//812 763//763
f 763//763 812//812 813//813
f 763//763 813//813 761//761
f 761//761 813//813 814//814
f 761//761 814//814 769//769
f 769//769 814//814 815//815
f 769//769 815//815 771//771
f 771//771 815//815 816//816
f 771//771 816//816 774//774
f 774//774 816//816 817//817
f 774//774 817//817 776//776
f 776//776 817//817 818//818
f 776//776 818//818 784//784
f 784//784 818//818 819//819
f 784//784 819//819 782//782
f 782//782 819//819 820//820
f 782//782 820//820 780//780
f 780//780 820//820 821//821
f 780//780 821//821 778//778
f 778//778 821//821 822//822
f 778//778 822//822 787//787
f 787//787 822//822 823//823
f 787//787 823//823 749//749
f 749//749 823//823 824//824
f 749//749 824//824 747//747
f 747//747 824//824 825//825
f 747//747 825//825 751//751
f 751//751 825//825 826//826
f 751//751 826//826 753//753
f 753//753 826//826 827//827
f 753//753 827//827 755//755
f 755//755 827//827 828//828
f 755//755 828//828 757//757
f 757//757 828//828 811//811
f 828//828 803//803 811//811
f 811//811 803//803 804//804
f 811//811 804//804 812//812
f 812//812 804//804 805//805
f 812//812 805//805 813//813
f 813//813 805//805 806//806
f 813//813 806//806 814//814
f 814//814 806//806 807//807
f 814//814 807//807 815//815
f 815//815 807//807 808//808
f 815//815 808//808 816//816
f 816//816 808//808 809//809
f 816//816 809//809 817//817
f 817//817 809//809 810//810
f 817//817 810//810 818//818
f 818//818 810//810 793//793
f 818//818 793//793 819//819
f 819//819 793//793 794//794
f 819//819 794//794 820//820
f 820//820 794//794 795//795
f 820//820 795//795 821//821
f 821//821 795//795 796//796
f 821//821 796//796 822//822
f 822//822 796//796 797//797
f 822//822 797//797 823//823
f 823//823 797//797 798//798
f 823//823 798//798 824//824
f 824//824 798//798 799//799
f 824//824 799//799 825//825
f 825//825 799//799 800//800
f 825//825 800//800 826//826
f 826//826 800//800 801//801
f 826//826 801//801 827//827
f 827//827 801//801 802//802
f 827//827 802//802 828//828
f 828//828 802//802 803//803
f 829//829 328//328 409//409
f 417//417 45//45 830//830
f 830//830 831//831 417//417
f 417//417 831//831 832//832
f 417//417 832//832 415//415
f 829//829 409//409 833//833
f 833//833 409//409 411//411
f 833//833 411//411 832//832
f 832//832 411//411 413//413
f 832//832 413//413 415//415
f 372//372 374//374 834//834
f 372//372 834//834 408//408
f 408//408 834//834 835//835
f 408//408 835//835 406//406
f 406//406 835//835 404//404
f 404//404 835//835 836//836
f 404//404 836//836 402//402
f 401//401 400//400 836//836
f 836//836 400//400 399//399
f 836//836 399//399 402//402
f 401//401 836//836 397//397
f 397//397 836//836 837//837
f 397//397 837//837 398//398
f 830//830 45//45 837//837
f 837//837 45//45 47//47
f 47//47 393//393 837//837
f 837//837 393//393 395//395
f 837//837 395//395 398//398
f 838//838 839//839 840//840
f 840//840 839//839 841//841
f 840//840 841//841 842//842
f 842//842 841//841 843//843
f 842//842 843//843 844//844
f 374//374 375//375 845//845
f 845//845 375//375 844//844
f 845//845 844//844 846//846
f 846//846 844//844 843//843
f 839//839 838//838 847//847
f 847//847 838//838 848//848
f 331//331 168//168 51//51
f 331//331 51//51 333//333
f 333//333 51//51 427//427
f 333//333 427//427 711//711
f 711//711 427//427 422//422
f 711//711 422//422 713//713
f 405//405 403//403 383//383
f 407//407 849//849 373//373
f 373//373 849//849 848//848
f 838//838 840//840 850//850
f 850//850 840//840 842//842
f 848//848 838//838 373//373
f 373//373 838//838 850//850
f 373//373 850//850 375//375
f 375//375 850//850 842//842
f 375//375 842//842 844//844
f 713//713 422//422 714//714
f 714//714 422//422 419//419
f 714//714 419//419 346//346
f 346//346 348//348 714//714
f 714//714 348//348 342//342
f 714//714 342//342 344//344
f 344//344 388//388 396//396
f 396//396 388//388 390//390
f 396//396 390//390 403//403
f 403//403 390//390 381//381
f 403//403 381//381 383//383
f 344//344 396//396 714//714
f 714//714 396//396 394//394
f 714//714 394//394 48//48
f 329//329 327//327 851//851
f 416//416 414//414 412//412
f 416//416 851//851 46//46
f 46//46 851//851 327//327
f 46//46 327//327 48//48
f 48//48 327//327 709//709
f 48//48 709//709 714//714
f 416//416 412//412 851//851
f 851//851 412//412 410//410
f 851//851 410//410 329//329
f 385//385 377//377 852//852
f 852//852 853//853 385//385
f 385//385 853//853 849//849
f 385//385 849//849 383//383
f 383//383 849//849 407//407
f 383//383 407//407 405//405
f 854//854 852//852 440//440
f 440//440 852//852 377//377
f 440//440 377//377 435//435
f 435//435 377//377 376//376
f 435//435 376//376 334//334
f 855//855 853//853 856//856
f 856//856 853//853 852//852
f 441//441 435//435 857//857
f 857//857 435//435 433//433
f 857//857 433//433 858//858
f 858//858 433//433 859//859
f 859//859 433//433 432//432
f 859//859 432//432 860//860
f 860//860 432//432 434//434
f 860//860 434//434 447//447
f 856//856 852//852 861//861
f 861//861 852//852 854//854
f 861//861 854//854 862//862
f 862//862 854//854 440//440
f 862//862 440//440 439//439
f 863//863 864//864 865//865
f 866//866 867//867 868//868
f 869//869 870//870 871//871
f 872//872 873//873 874//874
f 875//875 876//876 868//868
f 868//868 876//876 869//869
f 875//875 868//868 865//865
f 865//865 868//868 877//877
f 865//865 877//877 878//878
f 869//869 871//871 868//868
f 868//868 871//871 879//879
f 868//868 879//879 866//866
f 874//874 863//863 872//872
f 872//872 863//863 865//865
f 872//872 865//865 880//880
f 880//880 865//865 878//878
f 111//111 881//881 109//109
f 109//109 881//881 882//882
f 109//109 882//882 443//443
f 443//443 882//882 446//446
f 446//446 882//882 883//883
f 446//446 883//883 445//445
f 445//445 883//883 63//63
f 63//63 883//883 884//884
f 63//63 884//884 61//61
f 885//885 886//886 447//447
f 447//447 448//448 885//885
f 885//885 448//448 449//449
f 885//885 449//449 887//887
f 887//887 449//449 450//450
f 887//887 450//450 884//884
f 884//884 450//450 451//451
f 884//884 451//451 61//61
f 888//888 889//889 890//890
f 890//890 891//891 888//888
f 888//888 891//891 892//892
f 888//888 892//892 893//893
f 893//893 892//892 894//894
f 893//893 894//894 895//895
f 894//894 896//896 895//895
f 895//895 896//896 897//897
f 895//895 897//897 898//898
f 897//897 899//899 898//898
f 898//898 899//899 900//900
f 898//898 900//900 901//901
f 900//900 902//902 901//901
f 901//901 902//902 903//903
f 901//901 903//903 904//904
f 904//904 903//903 905//905
f 904//904 905//905 906//906
f 906//906 905//905 907//907
f 906//906 907//907 908//908
f 908//908 907//907 909//909
f 908//908 909//909 910//910
f 910//910 909//909 911//911
f 910//910 911//911 912//912
f 912//912 911//911 913//913
f 912//912 913//913 914//914
f 914//914 913//913 915//915
f 914//914 915//915 889//889
f 889//889 915//915 916//916
f 889//889 916//916 890//890
f 898//898 917//917 895//895
f 895//895 917//917 918//918
f 895//895 918//918 893//893
f 893//893 918//918 919//919
f 893//893 919//919 888//888
f 888//888 919//919 920//920
f 888//888 920//920 889//889
f 889//889 920//920 921//921
f 889//889 921//921 914//914
f 914//914 921//921 922//922
f 914//914 922//922 912//912
f 912//912 922//922 923//923
f 912//912 923//923 910//910
f 910//910 923//923 924//924
f 910//910 924//924 908//908
f 908//908 924//924 925//925
f 908//908 925//925 906//906
f 906//906 925//925 926//926
f 906//906 926//926 904//904
f 904//904 926//926 927//927
f 904//904 927//927 901//901
f 901//901 927//927 928//928
f 901//901 928//928 898//898
f 898//898 928//928 917//917
f 929//929 718//718 930//930
f 930//930 718//718 717//717
f 930//930 717//717 716//716
f 931//931 464//464 932//932
f 932//932 464//464 715//715
f 932//932 715//715 933//933
f 933//933 715//715 721//721
f 933//933 721//721 452//452
f 452//452 721//721 720//720
f 452//452 720//720 453//453
f 453//453 720//720 455//455
f 455//455 720//720 719//719
f 455//455 719//719 456//456
f 456//456 719//719 718//718
f 456//456 718//718 934//934
f 934//934 718//718 929//929
f 934//934 929//929 935//935
f 744//744 460//460 456//456
f 456//456 460//460 454//454
f 454//454 460//460 452//452
f 452//452 460//460 458//458
f 452//452 458//458 936//936
f 936//936 458//458 937//937
f 937//937 458//458 457//457
f 937//937 457//457 741//741
f 938//938 939//939 940//940
f 940//940 941//941 938//938
f 938//938 941//941 942//942
f 938//938 942//942 943//943
f 943//943 942//942 944//944
f 943//943 944//944 945//945
f 945//945 944//944 463//463
f 945//945 463//463 946//946
f 946//946 463//463 931//931
f 931//931 463//463 464//464
f 947//947 948//948 940//940
f 939//939 949//949 940//940
f 940//940 949//949 950//950
f 940//940 950//950 947//947
f 940//940 951//951 952//952
f 940//940 952//952 941//941
f 941//941 952//952 953//953
f 941//941 953//953 942//942
f 942//942 953//953 954//954
f 942//942 954//954 944//944
f 944//944 954//954 462//462
f 944//944 462//462 463//463
f 955//955 728//728 727//727
f 725//725 473//473 472//472
f 956//956 957//957 465//465
f 465//465 957//957 958//958
f 465//465 958//958 466//466
f 466//466 958//958 959//959
f 466//466 959//959 467//467
f 465//465 478//478 956//956
f 956//956 478//478 477//477
f 956//956 477//477 960//960
f 960//960 477//477 476//476
f 959//959 961//961 467//467
f 467//467 961//961 962//962
f 467//467 962//962 468//468
f 468//468 962//962 963//963
f 468//468 963//963 469//469
f 474//474 953//953 952//952
f 473//473 725//725 474//474
f 474//474 725//725 724//724
f 474//474 724//724 953//953
f 953//953 724//724 723//723
f 953//953 723//723 954//954
f 954//954 723//723 461//461
f 954//954 461//461 462//462
f 963//963 964//964 469//469
f 469//469 964//964 965//965
f 469//469 965//965 470//470
f 470//470 965//965 966//966
f 470//470 966//966 471//471
f 471//471 966//966 967//967
f 471//471 967//967 968//968
f 472//472 471//471 725//725
f 725//725 471//471 968//968
f 725//725 968//968 722//722
f 722//722 968//968 955//955
f 722//722 955//955 726//726
f 726//726 955//955 727//727
f 952//952 951//951 474//474
f 474//474 951//951 969//969
f 474//474 969//969 475//475
f 475//475 969//969 970//970
f 475//475 970//970 476//476
f 476//476 970//970 971//971
f 476//476 971//971 960//960
f 490//490 972//972 481//481
f 481//481 972//972 973//973
f 481//481 973//973 487//487
f 487//487 973//973 974//974
f 487//487 974//974 486//486
f 486//486 974//974 484//484
f 484//484 974//974 975//975
f 484//484 975//975 482//482
f 482//482 975//975 881//881
f 482//482 881//881 111//111
f 490//490 491//491 976//976
f 976//976 491//491 492//492
f 976//976 492//492 488//488
f 488//488 492//492 489//489
f 140//140 142//142 977//977
f 978//978 979//979 163//163
f 980//980 150//150 979//979
f 979//979 150//150 148//148
f 979//979 148//148 163//163
f 981//981 154//154 980//980
f 980//980 154//154 152//152
f 980//980 152//152 150//150
f 982//982 161//161 981//981
f 981//981 161//161 160//160
f 160//160 158//158 981//981
f 981//981 158//158 156//156
f 981//981 156//156 154//154
f 977//977 142//142 983//983
f 142//142 144//144 983//983
f 983//983 144//144 162//162
f 983//983 162//162 982//982
f 982//982 162//162 131//131
f 982//982 131//131 161//161
f 140//140 977//977 138//138
f 138//138 977//977 984//984
f 138//138 984//984 136//136
f 136//136 984//984 985//985
f 136//136 985//985 128//128
f 128//128 985//985 986//986
f 128//128 986//986 129//129
f 332//332 987//987 330//330
f 330//330 987//987 988//988
f 163//163 494//494 978//978
f 978//978 494//494 165//165
f 978//978 165//165 988//988
f 988//988 165//165 167//167
f 988//988 167//167 330//330
f 989//989 990//990 991//991
f 991//991 990//990 992//992
f 993//993 994//994 995//995
f 995//995 994//994 996//996
f 991//991 992//992 997//997
f 997//997 992//992 998//998
f 999//999 1000//1000 998//998
f 998//998 1000//1000 1001//1001
f 998//998 1001//1001 997//997
f 998//998 1002//1002 999//999
f 999//999 1002//1002 1003//1003
f 999//999 1003//1003 1004//1004
f 1004//1004 1003//1003 1005//1005
f 1005//1005 1003//1003 1006//1006
f 1005//1005 1006//1006 1007//1007
f 1007//1007 1006//1006 1008//1008
f 1008//1008 1006//1006 496//496
f 1008//1008 496//496 495//495
f 1009//1009 527//527 1010//1010
f 1010//1010 527//527 266//266
f 1010//1010 266//266 268//268
f 538//538 533//533 1011//1011
f 1011//1011 533//533 531//531
f 1011//1011 531//531 1009//1009
f 1009//1009 531//531 529//529
f 1009//1009 529//529 527//527
f 538//538 1011//1011 537//537
f 537//537 1011//1011 1012//1012
f 537//537 1012//1012 535//535
f 1013//1013 495//495 1012//1012
f 1012//1012 495//495 497//497
f 497//497 539//539 1012//1012
f 1012//1012 539//539 540//540
f 1012//1012 540//540 535//535
f 501//501 500//500 543//543
f 543//543 500//500 1014//1014
f 1014//1014 1015//1015 543//543
f 543//543 1015//1015 499//499
f 543//543 499//499 260//260
f 502//502 503//503 993//993
f 993//993 503//503 994//994
f 733//733 1016//1016 731//731
f 731//731 1016//1016 1017//1017
f 731//731 1017//1017 1018//1018
f 1019//1019 1020//1020 733//733
f 733//733 1020//1020 737//737
f 733//733 737//737 1016//1016
f 1016//1016 737//737 1021//1021
f 1016//1016 1021//1021 1017//1017
f 206//206 170//170 1022//1022
f 1023//1023 1024//1024 1022//1022
f 1022//1022 1024//1024 569//569
f 569//569 210//210 1022//1022
f 1022//1022 210//210 504//504
f 1022//1022 504//504 206//206
f 1025//1025 1026//1026 1027//1027
f 1027//1027 1026//1026 1028//1028
f 1028//1028 1029//1029 1030//1030
f 1031//1031 1032//1032 1033//1033
f 1034//1034 546//546 1035//1035
f 1035//1035 546//546 1031//1031
f 1035//1035 1031//1031 1036//1036
f 1036//1036 1031//1031 1033//1033
f 1037//1037 1038//1038 1039//1039
f 1039//1039 1038//1038 1040//1040
f 1039//1039 1040//1040 1041//1041
f 1041//1041 1040//1040 1042//1042
f 1041//1041 1042//1042 1032//1032
f 1032//1032 1042//1042 1043//1043
f 1032//1032 1043//1043 1033//1033
f 1044//1044 1045//1045 1046//1046
f 1046//1046 1045//1045 1047//1047
f 1046//1046 1047//1047 1048//1048
f 1048//1048 1047//1047 1049//1049
f 1048//1048 1049//1049 1037//1037
f 1037//1037 1049//1049 1050//1050
f 1037//1037 1050//1050 1038//1038
f 546//546 1034//1034 547//547
f 547//547 1034//1034 1051//1051
f 521//521 522//522 1051//1051
f 1051//1051 522//522 547//547
f 515//515 1052//1052 505//505
f 505//505 1052//1052 1053//1053
f 505//505 1053//1053 516//516
f 516//516 1053//1053 1054//1054
f 516//516 1054//1054 517//517
f 517//517 1054//1054 1055//1055
f 517//517 1055//1055 507//507
f 507//507 1055//1055 1056//1056
f 507//507 1056//1056 506//506
f 506//506 1056//1056 1057//1057
f 506//506 1057//1057 508//508
f 508//508 1057//1057 1058//1058
f 508//508 1058//1058 509//509
f 509//509 1058//1058 1059//1059
f 509//509 1059//1059 510//510
f 510//510 1059//1059 1060//1060
f 510//510 1060//1060 518//518
f 518//518 1060//1060 1061//1061
f 518//518 1061//1061 511//511
f 511//511 1061//1061 1062//1062
f 511//511 1062//1062 512//512
f 512//512 1062//1062 1063//1063
f 512//512 1063//1063 513//513
f 513//513 1063//1063 1064//1064
f 513//513 1064//1064 514//514
f 514//514 1064//1064 1065//1065
f 514//514 1065//1065 515//515
f 515//515 1065//1065 1052//1052
f 1066//1066 519//519 1067//1067
f 1067//1067 519//519 521//521
f 1067//1067 521//521 1068//1068
f 1068//1068 521//521 1069//1069
f 524//524 523//523 1070//1070
f 1070//1070 523//523 542//542
f 1070//1070 542//542 1071//1071
f 1071//1071 542//542 541//541
f 1071//1071 541//541 519//519
f 519//519 541//541 520//520
f 1072//1072 1073//1073 1074//1074
f 1072//1072 1074//1074 1075//1075
f 1075//1075 1074//1074 1076//1076
f 1075//1075 1076//1076 1077//1077
f 1077//1077 1076//1076 1078//1078
f 1077//1077 1078//1078 1079//1079
f 1080//1080 1081//1081 1082//1082
f 1082//1082 1081//1081 1083//1083
f 1082//1082 1083//1083 1078//1078
f 1078//1078 1083//1083 1084//1084
f 1078//1078 1084//1084 1079//1079
f 525//525 526//526 1082//1082
f 1082//1082 526//526 1085//1085
f 1082//1082 1085//1085 1080//1080
f 1086//1086 1087//1087 1044//1044
f 1044//1044 1087//1087 1045//1045
f 994//994 503//503 525//525
f 994//994 525//525 996//996
f 996//996 525//525 1082//1082
f 996//996 1082//1082 1088//1088
f 1088//1088 1082//1082 1078//1078
f 1088//1088 1078//1078 1089//1089
f 530//530 532//532 1039//1039
f 528//528 1090//1090 267//267
f 267//267 1090//1090 557//557
f 555//555 553//553 1091//1091
f 1091//1091 553//553 551//551
f 557//557 555//555 267//267
f 267//267 555//555 1091//1091
f 267//267 1091//1091 269//269
f 269//269 1091//1091 551//551
f 269//269 551//551 549//549
f 1089//1089 1078//1078 1092//1092
f 1092//1092 1078//1078 1076//1076
f 1092//1092 1076//1076 1074//1074
f 1074//1074 1093//1093 1092//1092
f 1092//1092 1093//1093 1086//1086
f 1092//1092 1086//1086 1044//1044
f 1044//1044 1046//1046 534//534
f 534//534 1046//1046 1048//1048
f 534//534 1048//1048 532//532
f 532//532 1048//1048 1037//1037
f 532//532 1037//1037 1039//1039
f 1044//1044 534//534 1092//1092
f 1092//1092 534//534 536//536
f 1092//1092 536//536 498//498
f 992//992 990//990 1094//1094
f 1006//1006 1003//1003 1002//1002
f 1006//1006 1094//1094 496//496
f 496//496 1094//1094 990//990
f 496//496 990//990 498//498
f 498//498 990//990 1095//1095
f 498//498 1095//1095 1092//1092
f 1006//1006 1002//1002 1094//1094
f 1094//1094 1002//1002 998//998
f 1094//1094 998//998 992//992
f 1041//1041 1032//1032 561//561
f 561//561 559//559 1041//1041
f 1041//1041 559//559 1090//1090
f 1041//1041 1090//1090 1039//1039
f 1039//1039 1090//1090 528//528
f 1039//1039 528//528 530//530
f 562//562 561//561 271//271
f 271//271 561//561 1032//1032
f 271//271 1032//1032 273//273
f 273//273 1032//1032 1031//1031
f 273//273 1031//1031 546//546
f 1074//1074 1073//1073 1093//1093
f 1093//1093 1073//1073 1096//1096
f 1097//1097 1098//1098 1099//1099
f 1099//1099 1098//1098 1100//1100
f 1101//1101 1068//1068 1102//1102
f 1102//1102 1103//1103 1101//1101
f 1101//1101 1103//1103 1104//1104
f 1101//1101 1104//1104 1105//1105
f 1105//1105 1104//1104 1106//1106
f 1105//1105 1106//1106 1107//1107
f 1107//1107 1106//1106 1108//1108
f 1107//1107 1108//1108 1109//1109
f 1102//1102 1068//1068 1110//1110
f 1110//1110 1068//1068 1069//1069
f 1111//1111 1112//1112 1113//1113
f 1114//1114 1097//1097 1099//1099
f 1113//1113 1115//1115 1111//1111
f 1111//1111 1115//1115 1116//1116
f 1111//1111 1116//1116 1117//1117
f 1117//1117 1116//1116 1114//1114
f 1117//1117 1114//1114 1118//1118
f 1118//1118 1114//1114 1099//1099
f 1119//1119 1010//1010 268//268
f 552//552 554//554 1120//1120
f 268//268 548//548 1119//1119
f 1119//1119 548//548 550//550
f 1119//1119 550//550 1121//1121
f 1121//1121 550//550 552//552
f 1121//1121 552//552 1122//1122
f 1122//1122 552//552 1120//1120
f 556//556 557//557 558//558
f 558//558 557//557 1090//1090
f 558//558 1090//1090 559//559
f 282//282 578//578 568//568
f 568//568 578//578 1123//1123
f 272//272 1124//1124 270//270
f 270//270 1124//1124 1125//1125
f 558//558 560//560 1126//1126
f 1126//1126 560//560 563//563
f 1126//1126 563//563 1125//1125
f 1125//1125 563//563 564//564
f 1125//1125 564//564 270//270
f 272//272 565//565 1124//1124
f 1124//1124 565//565 566//566
f 1124//1124 566//566 1123//1123
f 1123//1123 566//566 567//567
f 1123//1123 567//567 568//568
f 570//570 569//569 1127//1127
f 1127//1127 569//569 1024//1024
f 1128//1128 1129//1129 1123//1123
f 1123//1123 1129//1129 1124//1124
f 1126//1126 1125//1125 1130//1130
f 1130//1130 1125//1125 1124//1124
f 1130//1130 1124//1124 1131//1131
f 1131//1131 1124//1124 1129//1129
f 570//570 1127//1127 571//571
f 571//571 1127//1127 1132//1132
f 571//571 1132//1132 1133//1133
f 575//575 574//574 1134//1134
f 1134//1134 574//574 573//573
f 1134//1134 573//573 1133//1133
f 1133//1133 573//573 572//572
f 1133//1133 572//572 571//571
f 1134//1134 1135//1135 575//575
f 575//575 1135//1135 1136//1136
f 575//575 1136//1136 576//576
f 576//576 1136//1136 1137//1137
f 576//576 1137//1137 579//579
f 579//579 1137//1137 1138//1138
f 579//579 1138//1138 577//577
f 577//577 1138//1138 1128//1128
f 577//577 1128//1128 578//578
f 578//578 1128//1128 1123//1123
f 1024//1024 1023//1023 1139//1139
f 1138//1138 1137//1137 620//620
f 620//620 618//618 1138//1138
f 1138//1138 618//618 617//617
f 1138//1138 617//617 1128//1128
f 617//617 582//582 1128//1128
f 1128//1128 582//582 583//583
f 1128//1128 583//583 1129//1129
f 588//588 1131//1131 586//586
f 586//586 1131//1131 1129//1129
f 586//586 1129//1129 584//584
f 584//584 1129//1129 583//583
f 1140//1140 1141//1141 1130//1130
f 602//602 1132//1132 604//604
f 604//604 1132//1132 1127//1127
f 602//602 601//601 1132//1132
f 1132//1132 601//601 608//608
f 1132//1132 608//608 1133//1133
f 608//608 610//610 1133//1133
f 1133//1133 610//610 612//612
f 1133//1133 612//612 1134//1134
f 612//612 614//614 1134//1134
f 1134//1134 614//614 616//616
f 1134//1134 616//616 1135//1135
f 1135//1135 616//616 625//625
f 1135//1135 625//625 1136//1136
f 1136//1136 625//625 624//624
f 1136//1136 624//624 1137//1137
f 1137//1137 624//624 622//622
f 1137//1137 622//622 620//620
f 588//588 597//597 1131//1131
f 1131//1131 597//597 596//596
f 1131//1131 596//596 1130//1130
f 1130//1130 596//596 594//594
f 1130//1130 594//594 1140//1140
f 1140//1140 594//594 592//592
f 1140//1140 592//592 1142//1142
f 592//592 590//590 1142//1142
f 1142//1142 590//590 600//600
f 1142//1142 600//600 1139//1139
f 1139//1139 600//600 599//599
f 1139//1139 599//599 1024//1024
f 1024//1024 599//599 607//607
f 1024//1024 607//607 1127//1127
f 1127//1127 607//607 606//606
f 1127//1127 606//606 604//604
f 1143//1143 1144//1144 1145//1145
f 1145//1145 1144//1144 1146//1146
f 1146//1146 1144//1144 1147//1147
f 1147//1147 1144//1144 1148//1148
f 1147//1147 1148//1148 1149//1149
f 1149//1149 1148//1148 1150//1150
f 1149//1149 1150//1150 1151//1151
f 1152//1152 1153//1153 1154//1154
f 1154//1154 1153//1153 1155//1155
f 1154//1154 1155//1155 1156//1156
f 1156//1156 1155//1155 1157//1157
f 1156//1156 1157//1157 1158//1158
f 1158//1158 1157//1157 1159//1159
f 1158//1158 1159//1159 1150//1150
f 1150//1150 1159//1159 1160//1160
f 1150//1150 1160//1160 1151//1151
f 1161//1161 1162//1162 1152//1152
f 1152//1152 1162//1162 1163//1163
f 1152//1152 1163//1163 1153//1153
f 1164//1164 1165//1165 1166//1166
f 1166//1166 1165//1165 1167//1167
f 1166//1166 1167//1167 1168//1168
f 1168//1168 1167//1167 1169//1169
f 1168//1168 1169//1169 1161//1161
f 1161//1161 1169//1169 1170//1170
f 1161//1161 1170//1170 1162//1162
f 1164//1164 1166//1166 1171//1171
f 1171//1171 1166//1166 1172//1172
f 1171//1171 1172//1172 1173//1173
f 1173//1173 1172//1172 1174//1174
f 1173//1173 1174//1174 1175//1175
f 1175//1175 1174//1174 1176//1176
f 1175//1175 1176//1176 1177//1177
f 1177//1177 1176//1176 1178//1178
f 1177//1177 1178//1178 1179//1179
f 1145//1145 1180//1180 1143//1143
f 1143//1143 1180//1180 1181//1181
f 1143//1143 1181//1181 1182//1182
f 1182//1182 1181//1181 1183//1183
f 1182//1182 1183//1183 1184//1184
f 1184//1184 1183//1183 1185//1185
f 1184//1184 1185//1185 1186//1186
f 1186//1186 1185//1185 1187//1187
f 1186//1186 1187//1187 1178//1178
f 1178//1178 1187//1187 1188//1188
f 1178//1178 1188//1188 1179//1179
f 1189//1189 664//664 1190//1190
f 1190//1190 664//664 675//675
f 1190//1190 675//675 1191//1191
f 1191//1191 675//675 676//676
f 1191//1191 676//676 1192//1192
f 1192//1192 676//676 679//679
f 1192//1192 679//679 1193//1193
f 1193//1193 679//679 678//678
f 1193//1193 678//678 1194//1194
f 1194//1194 678//678 677//677
f 1194//1194 677//677 1195//1195
f 1195//1195 677//677 672//672
f 1195//1195 672//672 1196//1196
f 1196//1196 672//672 673//673
f 1196//1196 673//673 1197//1197
f 1197//1197 673//673 674//674
f 1197//1197 674//674 1198//1198
f 1198//1198 674//674 671//671
f 1198//1198 671//671 1199//1199
f 1199//1199 671//671 670//670
f 1199//1199 670//670 1200//1200
f 1200//1200 670//670 669//669
f 1200//1200 669//669 1201//1201
f 1201//1201 669//669 668//668
f 1201//1201 668//668 1202//1202
f 1202//1202 668//668 663//663
f 1202//1202 663//663 1203//1203
f 1203//1203 663//663 662//662
f 1203//1203 662//662 1204//1204
f 1204//1204 662//662 667//667
f 1204//1204 667//667 1205//1205
f 1205//1205 667//667 666//666
f 1205//1205 666//666 1206//1206
f 1206//1206 666//666 665//665
f 1206//1206 665//665 1189//1189
f 1189//1189 665//665 664//664
f 1154//1154 1207//1207 1152//1152
f 1152//1152 1207//1207 1208//1208
f 1152//1152 1208//1208 1161//1161
f 1161//1161 1208//1208 1209//1209
f 1161//1161 1209//1209 1168//1168
f 1168//1168 1209//1209 1210//1210
f 1168//1168 1210//1210 1166//1166
f 1166//1166 1210//1210 1211//1211
f 1166//1166 1211//1211 1172//1172
f 1172//1172 1211//1211 1212//1212
f 1172//1172 1212//1212 1174//1174
f 1174//1174 1212//1212 1213//1213
f 1174//1174 1213//1213 1176//1176
f 1176//1176 1213//1213 1214//1214
f 1176//1176 1214//1214 1178//1178
f 1178//1178 1214//1214 1215//1215
f 1178//1178 1215//1215 1186//1186
f 1186//1186 1215//1215 1216//1216
f 1186//1186 1216//1216 1184//1184
f 1184//1184 1216//1216 1217//1217
f 1184//1184 1217//1217 1182//1182
f 1182//1182 1217//1217 1218//1218
f 1182//1182 1218//1218 1143//1143
f 1143//1143 1218//1218 1219//1219
f 1143//1143 1219//1219 1144//1144
f 1144//1144 1219//1219 1220//1220
f 1144//1144 1220//1220 1148//1148
f 1148//1148 1220//1220 1221//1221
f 1148//1148 1221//1221 1150//1150
f 1150//1150 1221//1221 1222//1222
f 1150//1150 1222//1222 1158//1158
f 1158//1158 1222//1222 1223//1223
f 1158//1158 1223//1223 1156//1156
f 1156//1156 1223//1223 1224//1224
f 1156//1156 1224//1224 1154//1154
f 1154//1154 1224//1224 1207//1207
f 1224//1224 1199//1199 1207//1207
f 1207//1207 1199//1199 1200//1200
f 1207//1207 1200//1200 1208//1208
f 1208//1208 1200//1200 1201//1201
f 1208//1208 1201//1201 1209//1209
f 1209//1209 1201//1201 1202//1202
f 1209//1209 1202//1202 1210//1210
f 1210//1210 1202//1202 1203//1203
f 1210//1210 1203//1203 1211//1211
f 1211//1211 1203//1203 1204//1204
f 1211//1211 1204//1204 1212//1212
f 1212//1212 1204//1204 1205//1205
f 1212//1212 1205//1205 1213//1213
f 1213//1213 1205//1205 1206//1206
f 1213//1213 1206//1206 1214//1214
f 1214//1214 1206//1206 1189//1189
f 1214//1214 1189//1189 1215//1215
f 1215//1215 1189//1189 1190//1190
f 1215//1215 1190//1190 1216//1216
f 1216//1216 1190//1190 1191//1191
f 1216//1216 1191//1191 1217//1217
f 1217//1217 1191//1191 1192//1192
f 1217//1217 1192//1192 1218//1218
f 1218//1218 1192//1192 1193//1193
f 1218//1218 1193//1193 1219//1219
f 1219//1219 1193//1193 1194//1194
f 1219//1219 1194//1194 1220//1220
f 1220//1220 1194//1194 1195//1195
f 1220//1220 1195//1195 1221//1221
f 1221//1221 1195//1195 1196//1196
f 1221//1221 1196//1196 1222//1222
f 1222//1222 1196//1196 1197//1197
f 1222//1222 1197//1197 1223//1223
f 1223//1223 1197//1197 1198//1198
f 1223//1223 1198//1198 1224//1224
f 1224//1224 1198//1198 1199//1199
f 698//698 1225//1225 696//696
f 696//696 1225//1225 1226//1226
f 696//696 1226//1226 694//694
f 685//685 1227//1227 706//706
f 706//706 1227//1227 1228//1228
f 706//706 1228//1228 704//704
f 704//704 1228//1228 1229//1229
f 704//704 1229//1229 702//702
f 702//702 1229//1229 1230//1230
f 702//702 1230//1230 700//700
f 700//700 1230//1230 1231//1231
f 700//700 1231//1231 698//698
f 698//698 1231//1231 1232//1232
f 698//698 1232//1232 1225//1225
f 1233//1233 688//688 690//690
f 681//681 1234//1234 680//680
f 680//680 1234//1234 1235//1235
f 680//680 1235//1235 685//685
f 685//685 1235//1235 1236//1236
f 685//685 1236//1236 1227//1227
f 1226//1226 1237//1237 694//694
f 694//694 1237//1237 1238//1238
f 694//694 1238//1238 692//692
f 692//692 1238//1238 1239//1239
f 692//692 1239//1239 690//690
f 690//690 1239//1239 1240//1240
f 690//690 1240//1240 1233//1233
f 1233//1233 1241//1241 688//688
f 688//688 1241//1241 1242//1242
f 688//688 1242//1242 686//686
f 686//686 1242//1242 1243//1243
f 686//686 1243//1243 681//681
f 681//681 1243//1243 1244//1244
f 681//681 1244//1244 1234//1234
f 1245//1245 1246//1246 1247//1247
f 1247//1247 1246//1246 1248//1248
f 1247//1247 1248//1248 1249//1249
f 1249//1249 1248//1248 1250//1250
f 1249//1249 1250//1250 1251//1251
f 1251//1251 1250//1250 1252//1252
f 1251//1251 1252//1252 1253//1253
f 1253//1253 1252//1252 1254//1254
f 1253//1253 1254//1254 1255//1255
f 1255//1255 1254//1254 1256//1256
f 1255//1255 1256//1256 1257//1257
f 1257//1257 1256//1256 1258//1258
f 1257//1257 1258//1258 1259//1259
f 1259//1259 1258//1258 1260//1260
f 1259//1259 1260//1260 1261//1261
f 1261//1261 1260//1260 1262//1262
f 1261//1261 1262//1262 1263//1263
f 1263//1263 1262//1262 1264//1264
f 1263//1263 1264//1264 1265//1265
f 1265//1265 1264//1264 1266//1266
f 1265//1265 1266//1266 1267//1267
f 1266//1266 1268//1268 1267//1267
f 1267//1267 1268//1268 1269//1269
f 1267//1267 1269//1269 1270//1270
f 1270//1270 1269//1269 1271//1271
f 1270//1270 1271//1271 1272//1272
f 1272//1272 1271//1271 1273//1273
f 1272//1272 1273//1273 1274//1274
f 1274//1274 1273//1273 1275//1275
f 1274//1274 1275//1275 1276//1276
f 1276//1276 1275//1275 1277//1277
f 1276//1276 1277//1277 1278//1278
f 1278//1278 1277//1277 1279//1279
f 1278//1278 1279//1279 1280//1280
f 1280//1280 1279//1279 1281//1281
f 1280//1280 1281//1281 1282//1282
f 1282//1282 1281//1281 1283//1283
f 1282//1282 1283//1283 1284//1284
f 1284//1284 1283//1283 1285//1285
f 1284//1284 1285//1285 1245//1245
f 1245//1245 1285//1285 1286//1286
f 1245//1245 1286//1286 1246//1246
f 1287//1287 1288//1288 1289//1289
f 1287//1287 1289//1289 1290//1290
f 1290//1290 1289//1289 1291//1291
f 1290//1290 1291//1291 1292//1292
f 1292//1292 1291//1291 1293//1293
f 1292//1292 1293//1293 1294//1294
f 1294//1294 1293//1293 1295//1295
f 1294//1294 1295//1295 1296//1296
f 1296//1296 1295//1295 1297//1297
f 1296//1296 1297//1297 1298//1298
f 1298//1298 1297//1297 1299//1299
f 1298//1298 1299//1299 1300//1300
f 1300//1300 1299//1299 1301//1301
f 1300//1300 1301//1301 1302//1302
f 1302//1302 1301//1301 1303//1303
f 1302//1302 1303//1303 1304//1304
f 1304//1304 1303//1303 1305//1305
f 1304//1304 1305//1305 1306//1306
f 1306//1306 1305//1305 1307//1307
f 1306//1306 1307//1307 1308//1308
f 1308//1308 1307//1307 1309//1309
f 1308//1308 1309//1309 1310//1310
f 1310//1310 1309//1309 1311//1311
f 1310//1310 1311//1311 1312//1312
f 1312//1312 1311//1311 1313//1313
f 1312//1312 1313//1313 1314//1314
f 1314//1314 1313//1313 1315//1315
f 1314//1314 1315//1315 1316//1316
f 1317//1317 1318//1318 1319//1319
f 1319//1319 1318//1318 1320//1320
f 1319//1319 1320//1320 1287//1287
f 1287//1287 1320//1320 1288//1288
f 1321//1321 1322//1322 1317//1317
f 1317//1317 1322//1322 1323//1323
f 1324//1324 1318//1318 1325//1325
f 1325//1325 1318//1318 1317//1317
f 1325//1325 1317//1317 1326//1326
f 1326//1326 1317//1317 1323//1323
f 691//691 1327//1327 693//693
f 693//693 1327//1327 1328//1328
f 693//693 1328//1328 695//695
f 695//695 1328//1328 1329//1329
f 695//695 1329//1329 697//697
f 697//697 1329//1329 1330//1330
f 697//697 1330//1330 699//699
f 699//699 1330//1330 1331//1331
f 699//699 1331//1331 701//701
f 701//701 1331//1331 1332//1332
f 701//701 1332//1332 703//703
f 703//703 1332//1332 1333//1333
f 703//703 1333//1333 705//705
f 705//705 1333//1333 1334//1334
f 705//705 1334//1334 707//707
f 707//707 1334//1334 1335//1335
f 707//707 1335//1335 684//684
f 684//684 1335//1335 1336//1336
f 684//684 1336//1336 683//683
f 683//683 1336//1336 1337//1337
f 683//683 1337//1337 682//682
f 682//682 1337//1337 1338//1338
f 682//682 1338//1338 687//687
f 687//687 1338//1338 1339//1339
f 687//687 1339//1339 689//689
f 689//689 1339//1339 1340//1340
f 689//689 1340//1340 691//691
f 691//691 1340//1340 1327//1327
f 1341//1341 1342//1342 1343//1343
f 1341//1341 1343//1343 1344//1344
f 1344//1344 1343//1343 1345//1345
f 1344//1344 1345//1345 1346//1346
f 1346//1346 1345//1345 1347//1347
f 1346//1346 1347//1347 1348//1348
f 1348//1348 1347//1347 1349//1349
f 1348//1348 1349//1349 1350//1350
f 1351//1351 1352//1352 1353//1353
f 1353//1353 1352//1352 1342//1342
f 1353//1353 1342//1342 1341//1341
f 1354//1354 1355//1355 829//829
f 829//829 1355//1355 987//987
f 987//987 332//332 710//710
f 710//710 712//712 987//987
f 987//987 712//712 708//708
f 987//987 708//708 829//829
f 829//829 708//708 326//326
f 829//829 326//326 328//328
f 955//955 1356//1356 728//728
f 728//728 1356//1356 1357//1357
f 716//716 345//345 343//343
f 929//929 930//930 1357//1357
f 1357//1357 930//930 716//716
f 1357//1357 716//716 728//728
f 728//728 716//716 343//343
f 728//728 343//343 349//349
f 1358//1358 1359//1359 1357//1357
f 1357//1357 1359//1359 935//935
f 1357//1357 935//935 929//929
f 1141//1141 1360//1360 1113//1113
f 1113//1113 1360//1360 1361//1361
f 1362//1362 1363//1363 730//730
f 730//730 1363//1363 729//729
f 737//737 1020//1020 735//735
f 735//735 1020//1020 1364//1364
f 735//735 1364//1364 739//739
f 739//739 1364//1364 351//351
f 1321//1321 1365//1365 1322//1322
f 1322//1322 1365//1365 1366//1366
f 1322//1322 1366//1366 1323//1323
f 1367//1367 1324//1324 1368//1368
f 1368//1368 1324//1324 1325//1325
f 1368//1368 1325//1325 1366//1366
f 1366//1366 1325//1325 1326//1326
f 1366//1366 1326//1326 1323//1323
f 1368//1368 1369//1369 1367//1367
f 1367//1367 1369//1369 1370//1370
f 1367//1367 1370//1370 1371//1371
f 1030//1030 1372//1372 1028//1028
f 1028//1028 1372//1372 1373//1373
f 1028//1028 1373//1373 1027//1027
f 1027//1027 1373//1373 1025//1025
f 1025//1025 1373//1373 1374//1374
f 1025//1025 1374//1374 1375//1375
f 1376//1376 1377//1377 1378//1378
f 1378//1378 1377//1377 1374//1374
f 1378//1378 1374//1374 1379//1379
f 1376//1376 1378//1378 1380//1380
f 1380//1380 1378//1378 1381//1381
f 1380//1380 1381//1381 1382//1382
f 1383//1383 1384//1384 1385//1385
f 1385//1385 1384//1384 1386//1386
f 1385//1385 1386//1386 1381//1381
f 1381//1381 1386//1386 1387//1387
f 1381//1381 1387//1387 1382//1382
f 1019//1019 733//733 1372//1372
f 1372//1372 733//733 734//734
f 1372//1372 734//734 1373//1373
f 732//732 731//731 1018//1018
f 732//732 1018//1018 1388//1388
f 1388//1388 1018//1018 1017//1017
f 1388//1388 1017//1017 1389//1389
f 1389//1389 1017//1017 1390//1390
f 1390//1390 1017//1017 1021//1021
f 1390//1390 1021//1021 1391//1391
f 1391//1391 1021//1021 737//737
f 1391//1391 737//737 738//738
f 736//736 735//735 740//740
f 740//740 735//735 739//739
f 1392//1392 1393//1393 1394//1394
f 1395//1395 1396//1396 1397//1397
f 1397//1397 1396//1396 1398//1398
f 1398//1398 1399//1399 1397//1397
f 1397//1397 1399//1399 1400//1400
f 1397//1397 1400//1400 1392//1392
f 1401//1401 1397//1397 1402//1402
f 1402//1402 1397//1397 1392//1392
f 1402//1402 1392//1392 1403//1403
f 1403//1403 1392//1392 1394//1394
f 1404//1404 1405//1405 1406//1406
f 1406//1406 1405//1405 1407//1407
f 1404//1404 1406//1406 1408//1408
f 1409//1409 1410//1410 1411//1411
f 1411//1411 1410//1410 1412//1412
f 1409//1409 1413//1413 1410//1410
f 1410//1410 1413//1413 1414//1414
f 1410//1410 1414//1414 1408//1408
f 1408//1408 1414//1414 1415//1415
f 1408//1408 1415//1415 1404//1404
f 1416//1416 1417//1417 1418//1418
f 1416//1416 1418//1418 1419//1419
f 1418//1418 1420//1420 1419//1419
f 1419//1419 1420//1420 1421//1421
f 1419//1419 1421//1421 1412//1412
f 1412//1412 1421//1421 1422//1422
f 1412//1412 1422//1422 1411//1411
f 743//743 937//937 742//742
f 742//742 937//937 741//741
f 744//744 456//456 934//934
f 1423//1423 743//743 1424//1424
f 1424//1424 743//743 1425//1425
f 934//934 935//935 744//744
f 744//744 935//935 1359//1359
f 744//744 1359//1359 743//743
f 743//743 1359//1359 1426//1426
f 743//743 1426//1426 1425//1425
f 1427//1427 1423//1423 1424//1424
f 1427//1427 1424//1424 1428//1428
f 1428//1428 1424//1424 1425//1425
f 1428//1428 1425//1425 1429//1429
f 1429//1429 1425//1425 1426//1426
f 1429//1429 1426//1426 1430//1430
f 1430//1430 1426//1426 1359//1359
f 1430//1430 1359//1359 1358//1358
f 1431//1431 1432//1432 1433//1433
f 1434//1434 1355//1355 1354//1354
f 789//789 1435//1435 1436//1436
f 789//789 788//788 1435//1435
f 1435//1435 788//788 792//792
f 1435//1435 792//792 1437//1437
f 792//792 791//791 1437//1437
f 1437//1437 791//791 790//790
f 1437//1437 790//790 1438//1438
f 790//790 748//748 1438//1438
f 1438//1438 748//748 746//746
f 1438//1438 746//746 1439//1439
f 746//746 745//745 1439//1439
f 1439//1439 745//745 750//750
f 1439//1439 750//750 1440//1440
f 750//750 752//752 1440//1440
f 1440//1440 752//752 754//754
f 1440//1440 754//754 1441//1441
f 754//754 756//756 1441//1441
f 1441//1441 756//756 758//758
f 1441//1441 758//758 1442//1442
f 758//758 767//767 1442//1442
f 1442//1442 767//767 766//766
f 1442//1442 766//766 1443//1443
f 760//760 1444//1444 762//762
f 762//762 1444//1444 1443//1443
f 762//762 1443//1443 764//764
f 764//764 1443//1443 766//766
f 760//760 759//759 1444//1444
f 1444//1444 759//759 768//768
f 1444//1444 768//768 1354//1354
f 1354//1354 768//768 770//770
f 1354//1354 770//770 1434//1434
f 1434//1434 770//770 772//772
f 1434//1434 772//772 1445//1445
f 777//777 1446//1446 775//775
f 775//775 1446//1446 1445//1445
f 775//775 1445//1445 773//773
f 773//773 1445//1445 772//772
f 777//777 786//786 1446//1446
f 1446//1446 786//786 785//785
f 1446//1446 785//785 1433//1433
f 1433//1433 785//785 783//783
f 1433//1433 783//783 1431//1431
f 1431//1431 783//783 781//781
f 1431//1431 781//781 1436//1436
f 1436//1436 781//781 779//779
f 1436//1436 779//779 789//789
f 1441//1441 1442//1442 830//830
f 830//830 1442//1442 831//831
f 831//831 1442//1442 1443//1443
f 831//831 1443//1443 832//832
f 832//832 1443//1443 1444//1444
f 832//832 1444//1444 833//833
f 833//833 1444//1444 1354//1354
f 833//833 1354//1354 829//829
f 834//834 1439//1439 835//835
f 835//835 1439//1439 1440//1440
f 835//835 1440//1440 836//836
f 836//836 1440//1440 1441//1441
f 836//836 1441//1441 837//837
f 837//837 1441//1441 830//830
f 1447//1447 1431//1431 1448//1448
f 1448//1448 1431//1431 1436//1436
f 1448//1448 1436//1436 1449//1449
f 1449//1449 1436//1436 1435//1435
f 1449//1449 1435//1435 1450//1450
f 1450//1450 1435//1435 1437//1437
f 1450//1450 1437//1437 834//834
f 834//834 1437//1437 1438//1438
f 834//834 1438//1438 1439//1439
f 834//834 374//374 845//845
f 834//834 845//845 1450//1450
f 841//841 839//839 1447//1447
f 845//845 846//846 1450//1450
f 1450//1450 846//846 843//843
f 1450//1450 843//843 1449//1449
f 1449//1449 843//843 841//841
f 1449//1449 841//841 1448//1448
f 1448//1448 841//841 1447//1447
f 847//847 848//848 855//855
f 855//855 848//848 849//849
f 855//855 849//849 853//853
f 855//855 856//856 1451//1451
f 1451//1451 856//856 861//861
f 1451//1451 861//861 1452//1452
f 447//447 886//886 860//860
f 860//860 886//886 1453//1453
f 441//441 1454//1454 439//439
f 439//439 1454//1454 1452//1452
f 439//439 1452//1452 862//862
f 862//862 1452//1452 861//861
f 441//441 857//857 1454//1454
f 1454//1454 857//857 858//858
f 1454//1454 858//858 1453//1453
f 1453//1453 858//858 859//859
f 1453//1453 859//859 860//860
f 1455//1455 1456//1456 1457//1457
f 1457//1457 1456//1456 1458//1458
f 1457//1457 1458//1458 1459//1459
f 1455//1455 1457//1457 1460//1460
f 1460//1460 1457//1457 1461//1461
f 1460//1460 1461//1461 1462//1462
f 1462//1462 1461//1461 1463//1463
f 1462//1462 1463//1463 1464//1464
f 1464//1464 1463//1463 1465//1465
f 1464//1464 1465//1465 1466//1466
f 1466//1466 1465//1465 1467//1467
f 1466//1466 1467//1467 1468//1468
f 1469//1469 1470//1470 1471//1471
f 1471//1471 1470//1470 1472//1472
f 1471//1471 1472//1472 1473//1473
f 1473//1473 1472//1472 1474//1474
f 1473//1473 1474//1474 1475//1475
f 1475//1475 1474//1474 1476//1476
f 1475//1475 1476//1476 1467//1467
f 1467//1467 1476//1476 1477//1477
f 1467//1467 1477//1477 1468//1468
f 1469//1469 1471//1471 1478//1478
f 1478//1478 1471//1471 1479//1479
f 1478//1478 1479//1479 1480//1480
f 1480//1480 1479//1479 1481//1481
f 1480//1480 1481//1481 1482//1482
f 1482//1482 1481//1481 1483//1483
f 1483//1483 1481//1481 1484//1484
f 1483//1483 1484//1484 1485//1485
f 1485//1485 1484//1484 1486//1486
f 1485//1485 1486//1486 1487//1487
f 1488//1488 1489//1489 1490//1490
f 1490//1490 1489//1489 1491//1491
f 1490//1490 1491//1491 1492//1492
f 1492//1492 1491//1491 1493//1493
f 1492//1492 1493//1493 1494//1494
f 1494//1494 1493//1493 1495//1495
f 1494//1494 1495//1495 1486//1486
f 1486//1486 1495//1495 1496//1496
f 1486//1486 1496//1496 1487//1487
f 1497//1497 1498//1498 1488//1488
f 1488//1488 1498//1498 1499//1499
f 1488//1488 1499//1499 1489//1489
f 1458//1458 1500//1500 1459//1459
f 1459//1459 1500//1500 1501//1501
f 1459//1459 1501//1501 1497//1497
f 1497//1497 1501//1501 1502//1502
f 1497//1497 1502//1502 1498//1498
f 1503//1503 868//868 1504//1504
f 1504//1504 868//868 867//867
f 1504//1504 867//867 1505//1505
f 1505//1505 867//867 866//866
f 1505//1505 866//866 1506//1506
f 1506//1506 866//866 879//879
f 1506//1506 879//879 1507//1507
f 1507//1507 879//879 871//871
f 1507//1507 871//871 1508//1508
f 1508//1508 871//871 870//870
f 1508//1508 870//870 1509//1509
f 1509//1509 870//870 869//869
f 1509//1509 869//869 1510//1510
f 1510//1510 869//869 876//876
f 1510//1510 876//876 1511//1511
f 1511//1511 876//876 875//875
f 1511//1511 875//875 1512//1512
f 1512//1512 875//875 865//865
f 1512//1512 865//865 1513//1513
f 1513//1513 865//865 864//864
f 1513//1513 864//864 1514//1514
f 1514//1514 864//864 863//863
f 1514//1514 863//863 1515//1515
f 1515//1515 863//863 874//874
f 1515//1515 874//874 1516//1516
f 1516//1516 874//874 873//873
f 1516//1516 873//873 1517//1517
f 1517//1517 873//873 872//872
f 1517//1517 872//872 1518//1518
f 1518//1518 872//872 880//880
f 1518//1518 880//880 1519//1519
f 1519//1519 880//880 878//878
f 1519//1519 878//878 1520//1520
f 1520//1520 878//878 877//877
f 1520//1520 877//877 1503//1503
f 1503//1503 877//877 868//868
f 1467//1467 1521//1521 1475//1475
f 1475//1475 1521//1521 1522//1522
f 1475//1475 1522//1522 1473//1473
f 1473//1473 1522//1522 1523//1523
f 1473//1473 1523//1523 1471//1471
f 1471//1471 1523//1523 1524//1524
f 1471//1471 1524//1524 1479//1479
f 1479//1479 1524//1524 1525//1525
f 1479//1479 1525//1525 1481//1481
f 1481//1481 1525//1525 1526//1526
f 1481//1481 1526//1526 1484//1484
f 1484//1484 1526//1526 1527//1527
f 1484//1484 1527//1527 1486//1486
f 1486//1486 1527//1527 1528//1528
f 1486//1486 1528//1528 1494//1494
f 1494//1494 1528//1528 1529//1529
f 1494//1494 1529//1529 1492//1492
f 1492//1492 1529//1529 1530//1530
f 1492//1492 1530//1530 1490//1490
f 1490//1490 1530//1530 1531//1531
f 1490//1490 1531//1531 1488//1488
f 1488//1488 1531//1531 1532//1532
f 1488//1488 1532//1532 1497//1497
f 1497//1497 1532//1532 1533//1533
f 1497//1497 1533//1533 1459//1459
f 1459//1459 1533//1533 1534//1534
f 1459//1459 1534//1534 1457//1457
f 1457//1457 1534//1534 1535//1535
f 1457//1457 1535//1535 1461//1461
f 1461//1461 1535//1535 1536//1536
f 1461//1461 1536//1536 1463//1463
f 1463//1463 1536//1536 1537//1537
f 1463//1463 1537//1537 1465//1465
f 1465//1465 1537//1537 1538//1538
f 1465//1465 1538//1538 1467//1467
f 1467//1467 1538//1538 1521//1521
f 1538//1538 1513//1513 1521//1521
f 1521//1521 1513//1513 1514//1514
f 1521//1521 1514//1514 1522//1522
f 1522//1522 1514//1514 1515//1515
f 1522//1522 1515//1515 1523//1523
f 1523//1523 1515//1515 1516//1516
f 1523//1523 1516//1516 1524//1524
f 1524//1524 1516//1516 1517//1517
f 1524//1524 1517//1517 1525//1525
f 1525//1525 1517//1517 1518//1518
f 1525//1525 1518//1518 1526//1526
f 1526//1526 1518//1518 1519//1519
f 1526//1526 1519//1519 1527//1527
f 1527//1527 1519//1519 1520//1520
f 1527//1527 1520//1520 1528//1528
f 1528//1528 1520//1520 1503//1503
f 1528//1528 1503//1503 1529//1529
f 1529//1529 1503//1503 1504//1504
f 1529//1529 1504//1504 1530//1530
f 1530//1530 1504//1504 1505//1505
f 1530//1530 1505//1505 1531//1531
f 1531//1531 1505//1505 1506//1506
f 1531//1531 1506//1506 1532//1532
f 1532//1532 1506//1506 1507//1507
f 1532//1532 1507//1507 1533//1533
f 1533//1533 1507//1507 1508//1508
f 1533//1533 1508//1508 1534//1534
f 1534//1534 1508//1508 1509//1509
f 1534//1534 1509//1509 1535//1535
f 1535//1535 1509//1509 1510//1510
f 1535//1535 1510//1510 1536//1536
f 1536//1536 1510//1510 1511//1511
f 1536//1536 1511//1511 1537//1537
f 1537//1537 1511//1511 1512//1512
f 1537//1537 1512//1512 1538//1538
f 1538//1538 1512//1512 1513//1513
f 972//972 1539//1539 973//973
f 973//973 1539//1539 1540//1540
f 973//973 1540//1540 974//974
f 974//974 1540//1540 1541//1541
f 974//974 1541//1541 975//975
f 975//975 1541//1541 1542//1542
f 975//975 1542//1542 881//881
f 881//881 1542//1542 882//882
f 882//882 1542//1542 1543//1543
f 882//882 1543//1543 883//883
f 883//883 1543//1543 1544//1544
f 883//883 1544//1544 884//884
f 884//884 1544//1544 1545//1545
f 884//884 1545//1545 887//887
f 887//887 1545//1545 1546//1546
f 887//887 1546//1546 885//885
f 885//885 1546//1546 1547//1547
f 885//885 1547//1547 886//886
f 886//886 1547//1547 1453//1453
f 1453//1453 1547//1547 1548//1548
f 1453//1453 1548//1548 1454//1454
f 1454//1454 1548//1548 1549//1549
f 1454//1454 1549//1549 1452//1452
f 1452//1452 1549//1549 1550//1550
f 1452//1452 1550//1550 1451//1451
f 892//892 1551//1551 894//894
f 894//894 1551//1551 1552//1552
f 894//894 1552//1552 896//896
f 896//896 1552//1552 1553//1553
f 896//896 1553//1553 897//897
f 897//897 1553//1553 1554//1554
f 897//897 1554//1554 899//899
f 899//899 1554//1554 1555//1555
f 899//899 1555//1555 900//900
f 900//900 1555//1555 1556//1556
f 900//900 1556//1556 902//902
f 902//902 1556//1556 1557//1557
f 902//902 1557//1557 903//903
f 903//903 1557//1557 1558//1558
f 903//903 1558//1558 905//905
f 905//905 1558//1558 1559//1559
f 905//905 1559//1559 907//907
f 907//907 1559//1559 1560//1560
f 907//907 1560//1560 909//909
f 909//909 1560//1560 1561//1561
f 909//909 1561//1561 911//911
f 911//911 1561//1561 1562//1562
f 911//911 1562//1562 913//913
f 913//913 1562//1562 1563//1563
f 913//913 1563//1563 915//915
f 915//915 1563//1563 1564//1564
f 915//915 1564//1564 916//916
f 916//916 1564//1564 1565//1565
f 916//916 1565//1565 890//890
f 890//890 1565//1565 1566//1566
f 890//890 1566//1566 891//891
f 891//891 1566//1566 1567//1567
f 891//891 1567//1567 892//892
f 892//892 1567//1567 1551//1551
f 925//925 924//924 1568//1568
f 1568//1568 1569//1569 925//925
f 925//925 1569//1569 1570//1570
f 925//925 1570//1570 926//926
f 926//926 1570//1570 1571//1571
f 926//926 1571//1571 927//927
f 927//927 1571//1571 1572//1572
f 927//927 1572//1572 928//928
f 928//928 1572//1572 1573//1573
f 928//928 1573//1573 917//917
f 917//917 1573//1573 1574//1574
f 917//917 1574//1574 918//918
f 918//918 1574//1574 1575//1575
f 918//918 1575//1575 919//919
f 919//919 1575//1575 1576//1576
f 919//919 1576//1576 920//920
f 920//920 1576//1576 1577//1577
f 920//920 1577//1577 921//921
f 921//921 1577//1577 1578//1578
f 921//921 1578//1578 922//922
f 922//922 1578//1578 1579//1579
f 922//922 1579//1579 923//923
f 923//923 1579//1579 1580//1580
f 923//923 1580//1580 924//924
f 924//924 1580//1580 1581//1581
f 924//924 1581//1581 1568//1568
f 946//946 931//931 936//936
f 931//931 932//932 936//936
f 936//936 932//932 933//933
f 936//936 933//933 452//452
f 1582//1582 937//937 1583//1583
f 1583//1583 937//937 1584//1584
f 943//943 945//945 938//938
f 938//938 945//945 946//946
f 938//938 946//946 939//939
f 939//939 946//946 936//936
f 1582//1582 1585//1585 937//937
f 937//937 1585//1585 1586//1586
f 937//937 1586//1586 936//936
f 936//936 1586//1586 1587//1587
f 936//936 1587//1587 939//939
f 939//939 1587//1587 1588//1588
f 939//939 1588//1588 949//949
f 1589//1589 1590//1590 1586//1586
f 1586//1586 1590//1590 1587//1587
f 1590//1590 1591//1591 1587//1587
f 1587//1587 1591//1591 1588//1588
f 1588//1588 1591//1591 949//949
f 949//949 1591//1591 1592//1592
f 949//949 1592//1592 950//950
f 950//950 1592//1592 1593//1593
f 950//950 1593//1593 947//947
f 947//947 1593//1593 1594//1594
f 947//947 1594//1594 948//948
f 948//948 1594//1594 1595//1595
f 951//951 940//940 948//948
f 1356//1356 955//955 1596//1596
f 1596//1596 955//955 968//968
f 1596//1596 968//968 1597//1597
f 1597//1597 968//968 967//967
f 1597//1597 967//967 1598//1598
f 1598//1598 967//967 966//966
f 1598//1598 966//966 1599//1599
f 1599//1599 966//966 965//965
f 1599//1599 965//965 1600//1600
f 1600//1600 965//965 964//964
f 1600//1600 964//964 1601//1601
f 1601//1601 964//964 963//963
f 1601//1601 963//963 1602//1602
f 1602//1602 963//963 962//962
f 1602//1602 962//962 1603//1603
f 1603//1603 962//962 961//961
f 1603//1603 961//961 1604//1604
f 1604//1604 961//961 959//959
f 1604//1604 959//959 1605//1605
f 1605//1605 959//959 958//958
f 1605//1605 958//958 1606//1606
f 1606//1606 958//958 957//957
f 1606//1606 957//957 1607//1607
f 1607//1607 957//957 956//956
f 1607//1607 956//956 1608//1608
f 1608//1608 956//956 960//960
f 1608//1608 960//960 1609//1609
f 1609//1609 960//960 971//971
f 1609//1609 971//971 1595//1595
f 1595//1595 971//971 970//970
f 1595//1595 970//970 948//948
f 948//948 970//970 969//969
f 948//948 969//969 951//951
f 488//488 129//129 986//986
f 1610//1610 1539//1539 986//986
f 986//986 1539//1539 972//972
f 972//972 490//490 986//986
f 986//986 490//490 976//976
f 986//986 976//976 488//488
f 987//987 1611//1611 1612//1612
f 984//984 1613//1613 985//985
f 985//985 1613//1613 1614//1614
f 985//985 1614//1614 986//986
f 986//986 1614//1614 1615//1615
f 986//986 1615//1615 1616//1616
f 977//977 1617//1617 984//984
f 984//984 1617//1617 1618//1618
f 984//984 1618//1618 1613//1613
f 980//980 1619//1619 981//981
f 981//981 1619//1619 1620//1620
f 981//981 1620//1620 982//982
f 982//982 1620//1620 1621//1621
f 982//982 1621//1621 983//983
f 983//983 1621//1621 1622//1622
f 983//983 1622//1622 977//977
f 977//977 1622//1622 1623//1623
f 977//977 1623//1623 1617//1617
f 979//979 978//978 1624//1624
f 1624//1624 1625//1625 979//979
f 979//979 1625//1625 1626//1626
f 979//979 1626//1626 980//980
f 980//980 1626//1626 1627//1627
f 980//980 1627//1627 1619//1619
f 987//987 1612//1612 988//988
f 988//988 1612//1612 1628//1628
f 988//988 1628//1628 978//978
f 978//978 1628//1628 1629//1629
f 978//978 1629//1629 1624//1624
f 1370//1370 1630//1630 1371//1371
f 1371//1371 1630//1630 1631//1631
f 1632//1632 1633//1633 1634//1634
f 1635//1635 1636//1636 1637//1637
f 1122//1122 1120//1120 1638//1638
f 1638//1638 1120//1120 1639//1639
f 1637//1637 1640//1640 1635//1635
f 1635//1635 1640//1640 1641//1641
f 1635//1635 1641//1641 1642//1642
f 1122//1122 1638//1638 1121//1121
f 1121//1121 1638//1638 1643//1643
f 1121//1121 1643//1643 1644//1644
f 1632//1632 1634//1634 1641//1641
f 1641//1641 1634//1634 1645//1645
f 1641//1641 1645//1645 1642//1642
f 1632//1632 1013//1013 1633//1633
f 1633//1633 1013//1013 1012//1012
f 1633//1633 1012//1012 1646//1646
f 1646//1646 1012//1012 1011//1011
f 1646//1646 1011//1011 1647//1647
f 1647//1647 1011//1011 1009//1009
f 1647//1647 1009//1009 1648//1648
f 1648//1648 1009//1009 1010//1010
f 1648//1648 1010//1010 1644//1644
f 1644//1644 1010//1010 1119//1119
f 1644//1644 1119//1119 1121//1121
f 1649//1649 1095//1095 989//989
f 989//989 1095//1095 990//990
f 995//995 996//996 1650//1650
f 1650//1650 996//996 1088//1088
f 1650//1650 1088//1088 1651//1651
f 1651//1651 1088//1088 1089//1089
f 1651//1651 1089//1089 1649//1649
f 1649//1649 1089//1089 1092//1092
f 1649//1649 1092//1092 1095//1095
f 1637//1637 991//991 997//997
f 1637//1637 997//997 1640//1640
f 1632//1632 1641//1641 1004//1004
f 1004//1004 1005//1005 1632//1632
f 1632//1632 1005//1005 1007//1007
f 1632//1632 1007//1007 1013//1013
f 1013//1013 1007//1007 1008//1008
f 1013//1013 1008//1008 495//495
f 997//997 1001//1001 1640//1640
f 1640//1640 1001//1001 1000//1000
f 1640//1640 1000//1000 1641//1641
f 1641//1641 1000//1000 999//999
f 1641//1641 999//999 1004//1004
f 198//198 200//200 1652//1652
f 995//995 1653//1653 993//993
f 993//993 1653//1653 1654//1654
f 1655//1655 500//500 1654//1654
f 1654//1654 500//500 502//502
f 1654//1654 502//502 993//993
f 186//186 499//499 1656//1656
f 1656//1656 499//499 1015//1015
f 1656//1656 1015//1015 1655//1655
f 1655//1655 1015//1015 1014//1014
f 1655//1655 1014//1014 500//500
f 1657//1657 182//182 1656//1656
f 1656//1656 182//182 184//184
f 1656//1656 184//184 186//186
f 1658//1658 172//172 1657//1657
f 1657//1657 172//172 180//180
f 1657//1657 180//180 182//182
f 1659//1659 176//176 1658//1658
f 1658//1658 176//176 191//191
f 191//191 190//190 1658//1658
f 1658//1658 190//190 188//188
f 1658//1658 188//188 172//172
f 1652//1652 200//200 1660//1660
f 200//200 202//202 1660//1660
f 1660//1660 202//202 205//205
f 1660//1660 205//205 1659//1659
f 1659//1659 205//205 178//178
f 1659//1659 178//178 176//176
f 198//198 1652//1652 196//196
f 196//196 1652//1652 1661//1661
f 196//196 1661//1661 194//194
f 194//194 1661//1661 1662//1662
f 194//194 1662//1662 169//169
f 169//169 1662//1662 1022//1022
f 169//169 1022//1022 170//170
f 1663//1663 1020//1020 1029//1029
f 1029//1029 1020//1020 1019//1019
f 1029//1029 1019//1019 1030//1030
f 1030//1030 1019//1019 1372//1372
f 1364//1364 1020//1020 1664//1664
f 1664//1664 1020//1020 1663//1663
f 1665//1665 1408//1408 1666//1666
f 1665//1665 1666//1666 1667//1667
f 1667//1667 1666//1666 1364//1364
f 1667//1667 1364//1364 1664//1664
f 1410//1410 1408//1408 1665//1665
f 1665//1665 1668//1668 1410//1410
f 1410//1410 1668//1668 1669//1669
f 1410//1410 1669//1669 1412//1412
f 1412//1412 1669//1669 1670//1670
f 1412//1412 1670//1670 1419//1419
f 1419//1419 1670//1670 1671//1671
f 1419//1419 1671//1671 1416//1416
f 1672//1672 1673//1673 1671//1671
f 1671//1671 1673//1673 1416//1416
f 1674//1674 1097//1097 1114//1114
f 1675//1675 1676//1676 1114//1114
f 1114//1114 1676//1676 1677//1677
f 1114//1114 1677//1677 1674//1674
f 1114//1114 1116//1116 1675//1675
f 1675//1675 1116//1116 1115//1115
f 1675//1675 1115//1115 1678//1678
f 1678//1678 1115//1115 1113//1113
f 1678//1678 1113//1113 1361//1361
f 1022//1022 1679//1679 1023//1023
f 1023//1023 1679//1679 1680//1680
f 1681//1681 1139//1139 1680//1680
f 1680//1680 1139//1139 1023//1023
f 1140//1140 1682//1682 1141//1141
f 1141//1141 1682//1682 1360//1360
f 1681//1681 1029//1029 1139//1139
f 1139//1139 1029//1029 1028//1028
f 1139//1139 1028//1028 1142//1142
f 1142//1142 1028//1028 1026//1026
f 1142//1142 1026//1026 1140//1140
f 1140//1140 1026//1026 1025//1025
f 1140//1140 1025//1025 1682//1682
f 1683//1683 1098//1098 1674//1674
f 1674//1674 1098//1098 1097//1097
f 1098//1098 1684//1684 1100//1100
f 1100//1100 1684//1684 1685//1685
f 1685//1685 1684//1684 1686//1686
f 1686//1686 1684//1684 1687//1687
f 1686//1686 1687//1687 1688//1688
f 1688//1688 1687//1687 1689//1689
f 1688//1688 1689//1689 1690//1690
f 1690//1690 1689//1689 1691//1691
f 1690//1690 1691//1691 1692//1692
f 1690//1690 1692//1692 1109//1109
f 1108//1108 1686//1686 1109//1109
f 1109//1109 1686//1686 1688//1688
f 1109//1109 1688//1688 1690//1690
f 1693//1693 1067//1067 1068//1068
f 1068//1068 1101//1101 1693//1693
f 1693//1693 1101//1101 1105//1105
f 1693//1693 1105//1105 1694//1694
f 1694//1694 1105//1105 1107//1107
f 1694//1694 1107//1107 1695//1695
f 1695//1695 1107//1107 1109//1109
f 1695//1695 1109//1109 1696//1696
f 1697//1697 1069//1069 521//521
f 1045//1045 1698//1698 1047//1047
f 1047//1047 1698//1698 1699//1699
f 1047//1047 1699//1699 1049//1049
f 1049//1049 1699//1699 1700//1700
f 1049//1049 1700//1700 1050//1050
f 1050//1050 1700//1700 1038//1038
f 1038//1038 1700//1700 1701//1701
f 1038//1038 1701//1701 1040//1040
f 1040//1040 1701//1701 1042//1042
f 1042//1042 1701//1701 1702//1702
f 1042//1042 1702//1702 1043//1043
f 1043//1043 1702//1702 1033//1033
f 1033//1033 1702//1702 1703//1703
f 1033//1033 1703//1703 1036//1036
f 521//521 1051//1051 1697//1697
f 1697//1697 1051//1051 1034//1034
f 1697//1697 1034//1034 1703//1703
f 1703//1703 1034//1034 1035//1035
f 1703//1703 1035//1035 1036//1036
f 1704//1704 1699//1699 1698//1698
f 1705//1705 1706//1706 1707//1707
f 1699//1699 1704//1704 1700//1700
f 1704//1704 1705//1705 1700//1700
f 1700//1700 1705//1705 1707//1707
f 1700//1700 1707//1707 1701//1701
f 1701//1701 1707//1707 1708//1708
f 1701//1701 1708//1708 1702//1702
f 1702//1702 1708//1708 1709//1709
f 1702//1702 1709//1709 1703//1703
f 1703//1703 1709//1709 1710//1710
f 1703//1703 1710//1710 1697//1697
f 1697//1697 1710//1710 1711//1711
f 1697//1697 1711//1711 1069//1069
f 1069//1069 1711//1711 1110//1110
f 1712//1712 1713//1713 1714//1714
f 1061//1061 1715//1715 1062//1062
f 1062//1062 1715//1715 1716//1716
f 1062//1062 1716//1716 1063//1063
f 1053//1053 1717//1717 1054//1054
f 1054//1054 1717//1717 1718//1718
f 1054//1054 1718//1718 1055//1055
f 1695//1695 1719//1719 1694//1694
f 1694//1694 1719//1719 1720//1720
f 1694//1694 1720//1720 1693//1693
f 1693//1693 1720//1720 1066//1066
f 1693//1693 1066//1066 1067//1067
f 1721//1721 1722//1722 1723//1723
f 1723//1723 1722//1722 1724//1724
f 1060//1060 1059//1059 1725//1725
f 1718//1718 1726//1726 1055//1055
f 1055//1055 1726//1726 1727//1727
f 1055//1055 1727//1727 1056//1056
f 1056//1056 1727//1727 1728//1728
f 1056//1056 1728//1728 1057//1057
f 1725//1725 1729//1729 1060//1060
f 1060//1060 1729//1729 1723//1723
f 1060//1060 1723//1723 1061//1061
f 1061//1061 1723//1723 1724//1724
f 1061//1061 1724//1724 1715//1715
f 1728//1728 1730//1730 1057//1057
f 1057//1057 1730//1730 1731//1731
f 1057//1057 1731//1731 1058//1058
f 1058//1058 1731//1731 1732//1732
f 1058//1058 1732//1732 1059//1059
f 1059//1059 1732//1732 1733//1733
f 1059//1059 1733//1733 1725//1725
f 1695//1695 1696//1696 1719//1719
f 1719//1719 1696//1696 1065//1065
f 1719//1719 1065//1065 1716//1716
f 1716//1716 1065//1065 1064//1064
f 1716//1716 1064//1064 1063//1063
f 1696//1696 1712//1712 1065//1065
f 1065//1065 1712//1712 1714//1714
f 1065//1065 1714//1714 1052//1052
f 1052//1052 1714//1714 1734//1734
f 1052//1052 1734//1734 1053//1053
f 1053//1053 1734//1734 1735//1735
f 1053//1053 1735//1735 1717//1717
f 519//519 1066//1066 1071//1071
f 1071//1071 1066//1066 1720//1720
f 1071//1071 1720//1720 1719//1719
f 1081//1081 1080//1080 1715//1715
f 1715//1715 1080//1080 1085//1085
f 1715//1715 1085//1085 1716//1716
f 1077//1077 1079//1079 1715//1715
f 1079//1079 1084//1084 1715//1715
f 1715//1715 1084//1084 1083//1083
f 1715//1715 1083//1083 1081//1081
f 1072//1072 1075//1075 1722//1722
f 1722//1722 1075//1075 1077//1077
f 1722//1722 1077//1077 1724//1724
f 1724//1724 1077//1077 1715//1715
f 1721//1721 1096//1096 1722//1722
f 1722//1722 1096//1096 1073//1073
f 1722//1722 1073//1073 1072//1072
f 1085//1085 526//526 1716//1716
f 1716//1716 526//526 524//524
f 1716//1716 524//524 1719//1719
f 1719//1719 524//524 1070//1070
f 1719//1719 1070//1070 1071//1071
f 1093//1093 1096//1096 1086//1086
f 1086//1086 1096//1096 1087//1087
f 1707//1707 1706//1706 1736//1736
f 1737//1737 1738//1738 1112//1112
f 1739//1739 1740//1740 1117//1117
f 1707//1707 1736//1736 1708//1708
f 1103//1103 1102//1102 1100//1100
f 1100//1100 1102//1102 1110//1110
f 1100//1100 1110//1110 1099//1099
f 1737//1737 1112//1112 1740//1740
f 1740//1740 1112//1112 1111//1111
f 1740//1740 1111//1111 1117//1117
f 1686//1686 1108//1108 1685//1685
f 1685//1685 1108//1108 1106//1106
f 1685//1685 1106//1106 1100//1100
f 1100//1100 1106//1106 1104//1104
f 1100//1100 1104//1104 1103//1103
f 1736//1736 1739//1739 1708//1708
f 1708//1708 1739//1739 1117//1117
f 1708//1708 1117//1117 1709//1709
f 1709//1709 1117//1117 1118//1118
f 1709//1709 1118//1118 1710//1710
f 1710//1710 1118//1118 1099//1099
f 1710//1710 1099//1099 1711//1711
f 1711//1711 1099//1099 1110//1110
f 1120//1120 554//554 556//556
f 1141//1141 1113//1113 1130//1130
f 1130//1130 1113//1113 1112//1112
f 1130//1130 1112//1112 1126//1126
f 1741//1741 1742//1742 1738//1738
f 1738//1738 1742//1742 1639//1639
f 1738//1738 1639//1639 1112//1112
f 1112//1112 1639//1639 1120//1120
f 1112//1112 1120//1120 1126//1126
f 1126//1126 1120//1120 556//556
f 1126//1126 556//556 558//558
f 1374//1374 1377//1377 1375//1375
f 1375//1375 1377//1377 1743//1743
f 1639//1639 1742//1742 1744//1744
f 1638//1638 1639//1639 1159//1159
f 1159//1159 1639//1639 1160//1160
f 1160//1160 1639//1639 1744//1744
f 1160//1160 1744//1744 1151//1151
f 1159//1159 1157//1157 1638//1638
f 1638//1638 1157//1157 1155//1155
f 1638//1638 1155//1155 1643//1643
f 1155//1155 1153//1153 1643//1643
f 1643//1643 1153//1153 1163//1163
f 1643//1643 1163//1163 1644//1644
f 1169//1169 1648//1648 1170//1170
f 1170//1170 1648//1648 1644//1644
f 1170//1170 1644//1644 1162//1162
f 1162//1162 1644//1644 1163//1163
f 1169//1169 1167//1167 1648//1648
f 1648//1648 1167//1167 1165//1165
f 1648//1648 1165//1165 1647//1647
f 1165//1165 1164//1164 1647//1647
f 1647//1647 1164//1164 1171//1171
f 1647//1647 1171//1171 1646//1646
f 1171//1171 1173//1173 1646//1646
f 1646//1646 1173//1173 1175//1175
f 1646//1646 1175//1175 1633//1633
f 1175//1175 1177//1177 1633//1633
f 1633//1633 1177//1177 1179//1179
f 1633//1633 1179//1179 1634//1634
f 1634//1634 1179//1179 1188//1188
f 1634//1634 1188//1188 1645//1645
f 1645//1645 1188//1188 1187//1187
f 1645//1645 1187//1187 1642//1642
f 1187//1187 1185//1185 1642//1642
f 1642//1642 1185//1185 1183//1183
f 1642//1642 1183//1183 1635//1635
f 1145//1145 1636//1636 1180//1180
f 1180//1180 1636//1636 1635//1635
f 1180//1180 1635//1635 1181//1181
f 1181//1181 1635//1635 1183//1183
f 1151//1151 1744//1744 1149//1149
f 1149//1149 1744//1744 1745//1745
f 1149//1149 1745//1745 1147//1147
f 1147//1147 1745//1745 1146//1146
f 1146//1146 1745//1745 1746//1746
f 1146//1146 1746//1746 1145//1145
f 1145//1145 1746//1746 1747//1747
f 1145//1145 1747//1747 1636//1636
f 1385//1385 1365//1365 1321//1321
f 1748//1748 1749//1749 1317//1317
f 1317//1317 1749//1749 1750//1750
f 1317//1317 1750//1750 1321//1321
f 1321//1321 1750//1750 1383//1383
f 1321//1321 1383//1383 1385//1385
f 1287//1287 1751//1751 1319//1319
f 1319//1319 1751//1751 1752//1752
f 1319//1319 1752//1752 1317//1317
f 1317//1317 1752//1752 1753//1753
f 1317//1317 1753//1753 1748//1748
f 1230//1230 1754//1754 1231//1231
f 1231//1231 1754//1754 1755//1755
f 1231//1231 1755//1755 1232//1232
f 1232//1232 1755//1755 1756//1756
f 1232//1232 1756//1756 1225//1225
f 1225//1225 1756//1756 1757//1757
f 1225//1225 1757//1757 1226//1226
f 1226//1226 1757//1757 1758//1758
f 1226//1226 1758//1758 1237//1237
f 1237//1237 1758//1758 1759//1759
f 1237//1237 1759//1759 1238//1238
f 1238//1238 1759//1759 1760//1760
f 1238//1238 1760//1760 1239//1239
f 1239//1239 1760//1760 1761//1761
f 1239//1239 1761//1761 1240//1240
f 1240//1240 1761//1761 1762//1762
f 1240//1240 1762//1762 1233//1233
f 1233//1233 1762//1762 1763//1763
f 1233//1233 1763//1763 1241//1241
f 1241//1241 1763//1763 1764//1764
f 1241//1241 1764//1764 1242//1242
f 1242//1242 1764//1764 1765//1765
f 1242//1242 1765//1765 1243//1243
f 1243//1243 1765//1765 1766//1766
f 1243//1243 1766//1766 1244//1244
f 1244//1244 1766//1766 1767//1767
f 1244//1244 1767//1767 1234//1234
f 1234//1234 1767//1767 1768//1768
f 1234//1234 1768//1768 1235//1235
f 1235//1235 1768//1768 1769//1769
f 1235//1235 1769//1769 1236//1236
f 1236//1236 1769//1769 1770//1770
f 1236//1236 1770//1770 1227//1227
f 1227//1227 1770//1770 1771//1771
f 1227//1227 1771//1771 1228//1228
f 1228//1228 1771//1771 1772//1772
f 1228//1228 1772//1772 1229//1229
f 1229//1229 1772//1772 1773//1773
f 1229//1229 1773//1773 1230//1230
f 1230//1230 1773//1773 1754//1754
f 1774//1774 1349//1349 1347//1347
f 1775//1775 1776//1776 1777//1777
f 1778//1778 1343//1343 1352//1352
f 1352//1352 1343//1343 1342//1342
f 1776//1776 1775//1775 1778//1778
f 1778//1778 1775//1775 1779//1779
f 1778//1778 1779//1779 1343//1343
f 1343//1343 1779//1779 1780//1780
f 1343//1343 1780//1780 1345//1345
f 1345//1345 1780//1780 1781//1781
f 1345//1345 1781//1781 1347//1347
f 1347//1347 1781//1781 1782//1782
f 1347//1347 1782//1782 1774//1774
f 1783//1783 1784//1784 1785//1785
f 1785//1785 1786//1786 1783//1783
f 1783//1783 1786//1786 1787//1787
f 1783//1783 1787//1787 1777//1777
f 1777//1777 1787//1787 1788//1788
f 1777//1777 1788//1788 1775//1775
f 1316//1316 1315//1315 1789//1789
f 1789//1789 1315//1315 1790//1790
f 1789//1789 1790//1790 1791//1791
f 1791//1791 1790//1790 1792//1792
f 1791//1791 1792//1792 1793//1793
f 1793//1793 1792//1792 1794//1794
f 1795//1795 1751//1751 1287//1287
f 1287//1287 1290//1290 1795//1795
f 1795//1795 1290//1290 1292//1292
f 1795//1795 1292//1292 1796//1796
f 1796//1796 1292//1292 1294//1294
f 1796//1796 1294//1294 1797//1797
f 1797//1797 1294//1294 1296//1296
f 1797//1797 1296//1296 1798//1798
f 1798//1798 1296//1296 1298//1298
f 1798//1798 1298//1298 1799//1799
f 1799//1799 1298//1298 1300//1300
f 1799//1799 1300//1300 1800//1800
f 1800//1800 1300//1300 1302//1302
f 1800//1800 1302//1302 1801//1801
f 1801//1801 1302//1302 1304//1304
f 1801//1801 1304//1304 1802//1802
f 1802//1802 1304//1304 1306//1306
f 1802//1802 1306//1306 1803//1803
f 1803//1803 1306//1306 1308//1308
f 1803//1803 1308//1308 1804//1804
f 1804//1804 1308//1308 1310//1310
f 1804//1804 1310//1310 1805//1805
f 1805//1805 1310//1310 1312//1312
f 1805//1805 1312//1312 1806//1806
f 1806//1806 1312//1312 1314//1314
f 1806//1806 1314//1314 1807//1807
f 1807//1807 1314//1314 1316//1316
f 1807//1807 1316//1316 1808//1808
f 1776//1776 1778//1778 1809//1809
f 1793//1793 1794//1794 1809//1809
f 1809//1809 1794//1794 1777//1777
f 1809//1809 1777//1777 1776//1776
f 1810//1810 1811//1811 1264//1264
f 1264//1264 1811//1811 1812//1812
f 1264//1264 1812//1812 1266//1266
f 1266//1266 1812//1812 1813//1813
f 1810//1810 1264//1264 1814//1814
f 1814//1814 1264//1264 1262//1262
f 1814//1814 1262//1262 1815//1815
f 1813//1813 1816//1816 1266//1266
f 1266//1266 1816//1816 1817//1817
f 1266//1266 1817//1817 1268//1268
f 1268//1268 1817//1817 1818//1818
f 1268//1268 1818//1818 1269//1269
f 1269//1269 1818//1818 1819//1819
f 1269//1269 1819//1819 1271//1271
f 1271//1271 1819//1819 1820//1820
f 1271//1271 1820//1820 1273//1273
f 1273//1273 1820//1820 1821//1821
f 1273//1273 1821//1821 1275//1275
f 1275//1275 1821//1821 1822//1822
f 1275//1275 1822//1822 1277//1277
f 1277//1277 1822//1822 1823//1823
f 1277//1277 1823//1823 1279//1279
f 1279//1279 1823//1823 1824//1824
f 1279//1279 1824//1824 1281//1281
f 1281//1281 1824//1824 1825//1825
f 1281//1281 1825//1825 1283//1283
f 1283//1283 1825//1825 1826//1826
f 1283//1283 1826//1826 1285//1285
f 1285//1285 1826//1826 1827//1827
f 1285//1285 1827//1827 1286//1286
f 1286//1286 1827//1827 1828//1828
f 1286//1286 1828//1828 1246//1246
f 1246//1246 1828//1828 1829//1829
f 1246//1246 1829//1829 1248//1248
f 1248//1248 1829//1829 1830//1830
f 1248//1248 1830//1830 1250//1250
f 1250//1250 1830//1830 1831//1831
f 1250//1250 1831//1831 1252//1252
f 1252//1252 1831//1831 1832//1832
f 1252//1252 1832//1832 1254//1254
f 1254//1254 1832//1832 1833//1833
f 1254//1254 1833//1833 1256//1256
f 1256//1256 1833//1833 1834//1834
f 1256//1256 1834//1834 1258//1258
f 1258//1258 1834//1834 1815//1815
f 1258//1258 1815//1815 1260//1260
f 1260//1260 1815//1815 1262//1262
f 1835//1835 1353//1353 1836//1836
f 1353//1353 1837//1837 1351//1351
f 1838//1838 1837//1837 1353//1353
f 1839//1839 1838//1838 1353//1353
f 1835//1835 1839//1839 1353//1353
f 1840//1840 1817//1817 1841//1841
f 1841//1841 1817//1817 1816//1816
f 1841//1841 1816//1816 1842//1842
f 1842//1842 1816//1816 1813//1813
f 1842//1842 1813//1813 1843//1843
f 1843//1843 1813//1813 1812//1812
f 1843//1843 1812//1812 1844//1844
f 1844//1844 1812//1812 1811//1811
f 1844//1844 1811//1811 1845//1845
f 1845//1845 1811//1811 1846//1846
f 1847//1847 1848//1848 1784//1784
f 1784//1784 1848//1848 1785//1785
f 1786//1786 1785//1785 1787//1787
f 1787//1787 1785//1785 1849//1849
f 1787//1787 1849//1849 1788//1788
f 1788//1788 1849//1849 1775//1775
f 1775//1775 1849//1849 1850//1850
f 1775//1775 1850//1850 1779//1779
f 1779//1779 1850//1850 1851//1851
f 1779//1779 1851//1851 1780//1780
f 1851//1851 1349//1349 1774//1774
f 1780//1780 1851//1851 1781//1781
f 1781//1781 1851//1851 1774//1774
f 1781//1781 1774//1774 1782//1782
f 1852//1852 1349//1349 1853//1853
f 1853//1853 1349//1349 1851//1851
f 1853//1853 1851//1851 1854//1854
f 1854//1854 1851//1851 1850//1850
f 1854//1854 1850//1850 1855//1855
f 1855//1855 1850//1850 1856//1856
f 1856//1856 1850//1850 1849//1849
f 1856//1856 1849//1849 1857//1857
f 1857//1857 1849//1849 1785//1785
f 1857//1857 1785//1785 1848//1848
f 1852//1852 1858//1858 1349//1349
f 1349//1349 1858//1858 1350//1350
f 1859//1859 1860//1860 1861//1861
f 1861//1861 1860//1860 1862//1862
f 1861//1861 1862//1862 1630//1630
f 1630//1630 1862//1862 1631//1631
f 1339//1339 1311//1311 1340//1340
f 1340//1340 1311//1311 1309//1309
f 1340//1340 1309//1309 1327//1327
f 1318//1318 1324//1324 1367//1367
f 1863//1863 1864//1864 1336//1336
f 1336//1336 1864//1864 1337//1337
f 1784//1784 1783//1783 1338//1338
f 1792//1792 1790//1790 1338//1338
f 1338//1338 1790//1790 1315//1315
f 1338//1338 1315//1315 1339//1339
f 1339//1339 1315//1315 1313//1313
f 1339//1339 1313//1313 1311//1311
f 1335//1335 1320//1320 1318//1318
f 1309//1309 1307//1307 1327//1327
f 1327//1327 1307//1307 1305//1305
f 1327//1327 1305//1305 1328//1328
f 1328//1328 1305//1305 1303//1303
f 1328//1328 1303//1303 1329//1329
f 1864//1864 1865//1865 1337//1337
f 1337//1337 1865//1865 1866//1866
f 1337//1337 1866//1866 1338//1338
f 1338//1338 1866//1866 1847//1847
f 1338//1338 1847//1847 1784//1784
f 1303//1303 1301//1301 1329//1329
f 1329//1329 1301//1301 1299//1299
f 1329//1329 1299//1299 1330//1330
f 1330//1330 1299//1299 1297//1297
f 1330//1330 1297//1297 1331//1331
f 1331//1331 1297//1297 1295//1295
f 1331//1331 1295//1295 1332//1332
f 1332//1332 1295//1295 1293//1293
f 1332//1332 1293//1293 1333//1333
f 1333//1333 1293//1293 1291//1291
f 1333//1333 1291//1291 1334//1334
f 1334//1334 1291//1291 1289//1289
f 1334//1334 1289//1289 1335//1335
f 1335//1335 1289//1289 1288//1288
f 1335//1335 1288//1288 1320//1320
f 1367//1367 1371//1371 1318//1318
f 1318//1318 1371//1371 1631//1631
f 1318//1318 1631//1631 1335//1335
f 1335//1335 1631//1631 1862//1862
f 1335//1335 1862//1862 1336//1336
f 1336//1336 1862//1862 1860//1860
f 1336//1336 1860//1860 1863//1863
f 1783//1783 1777//1777 1338//1338
f 1338//1338 1777//1777 1794//1794
f 1338//1338 1794//1794 1792//1792
f 1867//1867 1868//1868 1869//1869
f 1869//1869 1870//1870 1867//1867
f 1867//1867 1870//1870 1871//1871
f 1867//1867 1871//1871 1872//1872
f 1872//1872 1871//1871 1873//1873
f 1872//1872 1873//1873 1874//1874
f 1869//1869 1868//1868 1875//1875
f 1875//1875 1868//1868 1876//1876
f 1875//1875 1876//1876 1877//1877
f 1877//1877 1876//1876 1878//1878
f 1877//1877 1878//1878 1858//1858
f 1858//1858 1878//1878 1879//1879
f 1858//1858 1879//1879 1350//1350
f 1350//1350 1879//1879 1880//1880
f 1350//1350 1880//1880 1348//1348
f 1348//1348 1880//1880 1881//1881
f 1348//1348 1881//1881 1346//1346
f 1346//1346 1881//1881 1882//1882
f 1346//1346 1882//1882 1344//1344
f 1344//1344 1882//1882 1883//1883
f 1344//1344 1883//1883 1341//1341
f 1341//1341 1883//1883 1884//1884
f 1885//1885 1353//1353 1884//1884
f 1884//1884 1353//1353 1341//1341
f 1611//1611 987//987 1886//1886
f 1886//1886 987//987 1355//1355
f 1887//1887 1888//1888 1356//1356
f 1356//1356 1888//1888 1357//1357
f 1358//1358 1357//1357 1889//1889
f 1889//1889 1357//1357 1888//1888
f 1886//1886 1355//1355 1890//1890
f 1890//1890 1355//1355 1434//1434
f 1890//1890 1434//1434 1445//1445
f 1891//1891 1892//1892 1445//1445
f 1445//1445 1892//1892 1893//1893
f 1445//1445 1893//1893 1890//1890
f 1445//1445 1446//1446 1891//1891
f 1891//1891 1446//1446 1433//1433
f 1891//1891 1433//1433 1894//1894
f 1894//1894 1433//1433 1432//1432
f 1894//1894 1432//1432 1895//1895
f 1427//1427 1896//1896 1432//1432
f 1432//1432 1896//1896 1895//1895
f 1896//1896 1427//1427 1428//1428
f 1896//1896 1428//1428 1897//1897
f 1897//1897 1428//1428 1429//1429
f 1897//1897 1429//1429 1898//1898
f 1898//1898 1429//1429 1899//1899
f 1899//1899 1429//1429 1430//1430
f 1899//1899 1430//1430 1900//1900
f 1900//1900 1430//1430 1358//1358
f 1900//1900 1358//1358 1889//1889
f 1901//1901 1902//1902 1353//1353
f 1353//1353 1885//1885 1892//1892
f 1901//1901 1353//1353 1903//1903
f 1903//1903 1353//1353 1892//1892
f 1903//1903 1892//1892 1904//1904
f 1905//1905 1906//1906 1907//1907
f 1907//1907 1906//1906 1908//1908
f 1907//1907 1908//1908 1909//1909
f 1909//1909 1908//1908 1910//1910
f 1911//1911 1912//1912 1913//1913
f 1906//1906 1914//1914 1908//1908
f 1908//1908 1914//1914 1911//1911
f 1908//1908 1911//1911 1915//1915
f 1915//1915 1911//1911 1913//1913
f 1915//1915 1913//1913 1916//1916
f 1917//1917 1918//1918 1919//1919
f 1920//1920 1921//1921 1922//1922
f 1923//1923 1924//1924 1919//1919
f 1919//1919 1924//1924 1925//1925
f 1919//1919 1925//1925 1917//1917
f 1922//1922 1926//1926 1920//1920
f 1920//1920 1926//1926 1927//1927
f 1920//1920 1927//1927 1918//1918
f 1918//1918 1927//1927 1928//1928
f 1918//1918 1928//1928 1919//1919
f 1929//1929 1930//1930 1931//1931
f 1931//1931 1930//1930 1932//1932
f 1682//1682 1025//1025 1375//1375
f 1676//1676 1675//1675 1933//1933
f 1933//1933 1675//1675 1678//1678
f 1933//1933 1678//1678 1934//1934
f 1935//1935 1936//1936 1743//1743
f 1743//1743 1936//1936 1934//1934
f 1934//1934 1678//1678 1743//1743
f 1743//1743 1678//1678 1361//1361
f 1743//1743 1361//1361 1375//1375
f 1375//1375 1361//1361 1360//1360
f 1375//1375 1360//1360 1682//1682
f 1937//1937 1938//1938 1939//1939
f 1939//1939 1938//1938 1940//1940
f 1939//1939 1940//1940 1941//1941
f 1417//1417 1416//1416 1942//1942
f 1942//1942 1416//1416 1673//1673
f 1673//1673 1672//1672 1943//1943
f 1943//1943 1672//1672 1944//1944
f 1943//1943 1944//1944 1945//1945
f 1945//1945 1944//1944 1946//1946
f 1945//1945 1946//1946 1937//1937
f 1937//1937 1946//1946 1938//1938
f 1947//1947 1948//1948 1362//1362
f 1362//1362 1948//1948 1363//1363
f 1666//1666 1949//1949 1364//1364
f 1364//1364 1949//1949 1947//1947
f 1364//1364 1947//1947 1362//1362
f 1362//1362 730//730 1364//1364
f 1364//1364 730//730 353//353
f 1364//1364 353//353 351//351
f 1406//1406 1950//1950 1408//1408
f 1408//1408 1950//1950 1951//1951
f 1951//1951 1952//1952 1408//1408
f 1408//1408 1952//1952 1953//1953
f 1408//1408 1953//1953 1666//1666
f 1666//1666 1953//1953 1954//1954
f 1666//1666 1954//1954 1949//1949
f 1951//1951 1955//1955 1952//1952
f 1952//1952 1955//1955 1956//1956
f 1957//1957 1370//1370 1369//1369
f 1958//1958 1959//1959 1369//1369
f 1369//1369 1959//1959 1960//1960
f 1369//1369 1960//1960 1957//1957
f 1369//1369 1368//1368 1958//1958
f 1958//1958 1368//1368 1366//1366
f 1958//1958 1366//1366 1961//1961
f 1961//1961 1366//1366 1365//1365
f 1961//1961 1365//1365 1962//1962
f 1385//1385 1963//1963 1365//1365
f 1365//1365 1963//1963 1962//1962
f 1964//1964 1965//1965 1966//1966
f 1379//1379 1967//1967 1378//1378
f 1378//1378 1967//1967 1964//1964
f 1378//1378 1964//1964 1381//1381
f 1381//1381 1964//1964 1966//1966
f 1381//1381 1966//1966 1385//1385
f 1385//1385 1966//1966 1963//1963
f 1379//1379 1374//1374 1373//1373
f 1379//1379 1373//1373 1967//1967
f 734//734 1968//1968 1965//1965
f 734//734 1965//1965 1373//1373
f 1373//1373 1965//1965 1964//1964
f 1373//1373 1964//1964 1967//1967
f 1389//1389 1390//1390 1969//1969
f 1969//1969 1390//1390 1970//1970
f 1390//1390 1391//1391 1970//1970
f 1970//1970 1391//1391 738//738
f 1970//1970 738//738 1971//1971
f 1971//1971 738//738 736//736
f 1971//1971 736//736 740//740
f 1389//1389 1969//1969 1388//1388
f 1388//1388 1969//1969 1972//1972
f 1388//1388 1972//1972 732//732
f 732//732 1972//1972 1968//1968
f 732//732 1968//1968 734//734
f 1973//1973 1402//1402 1974//1974
f 1974//1974 1402//1402 1403//1403
f 1974//1974 1403//1403 1975//1975
f 1975//1975 1403//1403 1394//1394
f 1975//1975 1394//1394 1976//1976
f 1976//1976 1394//1394 1393//1393
f 1976//1976 1393//1393 1977//1977
f 1977//1977 1393//1393 1392//1392
f 1977//1977 1392//1392 1978//1978
f 1978//1978 1392//1392 1400//1400
f 1978//1978 1400//1400 1979//1979
f 1979//1979 1400//1400 1399//1399
f 1979//1979 1399//1399 1980//1980
f 1980//1980 1399//1399 1398//1398
f 1980//1980 1398//1398 1981//1981
f 1981//1981 1398//1398 1396//1396
f 1981//1981 1396//1396 1982//1982
f 1982//1982 1396//1396 1395//1395
f 1982//1982 1395//1395 1983//1983
f 1983//1983 1395//1395 1397//1397
f 1983//1983 1397//1397 1984//1984
f 1984//1984 1397//1397 1401//1401
f 1984//1984 1401//1401 1973//1973
f 1973//1973 1401//1401 1402//1402
f 1955//1955 1951//1951 1985//1985
f 1985//1985 1951//1951 1950//1950
f 1985//1985 1950//1950 1986//1986
f 1986//1986 1950//1950 1987//1987
f 1987//1987 1950//1950 1406//1406
f 1987//1987 1406//1406 1407//1407
f 1414//1414 1988//1988 1989//1989
f 1414//1414 1989//1989 1415//1415
f 1415//1415 1989//1989 1405//1405
f 1415//1415 1405//1405 1404//1404
f 1417//1417 1942//1942 1990//1990
f 1990//1990 1942//1942 1991//1991
f 1990//1990 1991//1991 1992//1992
f 1992//1992 1991//1991 1993//1993
f 1992//1992 1993//1993 1994//1994
f 1994//1994 1993//1993 1995//1995
f 1418//1418 1417//1417 1420//1420
f 1420//1420 1417//1417 1990//1990
f 1420//1420 1990//1990 1421//1421
f 1421//1421 1990//1990 1422//1422
f 1994//1994 1413//1413 1992//1992
f 1992//1992 1413//1413 1409//1409
f 1992//1992 1409//1409 1990//1990
f 1990//1990 1409//1409 1411//1411
f 1990//1990 1411//1411 1422//1422
f 1995//1995 1996//1996 1994//1994
f 1994//1994 1996//1996 1997//1997
f 1994//1994 1997//1997 1413//1413
f 1413//1413 1997//1997 1988//1988
f 1413//1413 1988//1988 1414//1414
f 847//847 855//855 1451//1451
f 1998//1998 1999//1999 1550//1550
f 1550//1550 1999//1999 1584//1584
f 1550//1550 1584//1584 1451//1451
f 1451//1451 1584//1584 1447//1447
f 1451//1451 1447//1447 847//847
f 847//847 1447//1447 839//839
f 1427//1427 1432//1432 1423//1423
f 1423//1423 1432//1432 1431//1431
f 1423//1423 1431//1431 743//743
f 743//743 1431//1431 1447//1447
f 743//743 1447//1447 937//937
f 937//937 1447//1447 1584//1584
f 1539//1539 1501//1501 1500//1500
f 1500//1500 1458//1458 1539//1539
f 1539//1539 1458//1458 1456//1456
f 1539//1539 1456//1456 1540//1540
f 1456//1456 1455//1455 1540//1540
f 1540//1540 1455//1455 1460//1460
f 1540//1540 1460//1460 1541//1541
f 1460//1460 1462//1462 1541//1541
f 1541//1541 1462//1462 1464//1464
f 1541//1541 1464//1464 1542//1542
f 1464//1464 1466//1466 1542//1542
f 1542//1542 1466//1466 1468//1468
f 1542//1542 1468//1468 1543//1543
f 1474//1474 1544//1544 1476//1476
f 1476//1476 1544//1544 1543//1543
f 1476//1476 1543//1543 1477//1477
f 1477//1477 1543//1543 1468//1468
f 1474//1474 1472//1472 1544//1544
f 1544//1544 1472//1472 1470//1470
f 1544//1544 1470//1470 1545//1545
f 1470//1470 1469//1469 1545//1545
f 1545//1545 1469//1469 1478//1478
f 1545//1545 1478//1478 1546//1546
f 1478//1478 1480//1480 1546//1546
f 1546//1546 1480//1480 1482//1482
f 1546//1546 1482//1482 1547//1547
f 1487//1487 1548//1548 1485//1485
f 1485//1485 1548//1548 1547//1547
f 1485//1485 1547//1547 1483//1483
f 1483//1483 1547//1547 1482//1482
f 1487//1487 1496//1496 1548//1548
f 1548//1548 1496//1496 1495//1495
f 1548//1548 1495//1495 1549//1549
f 2000//2000 1998//1998 1550//1550
f 1495//1495 1493//1493 1549//1549
f 1549//1549 1493//1493 1491//1491
f 1549//1549 1491//1491 1550//1550
f 1550//1550 1491//1491 1489//1489
f 1550//1550 1489//1489 2000//2000
f 2000//2000 1489//1489 1499//1499
f 2000//2000 1499//1499 2001//2001
f 1499//1499 1498//1498 2001//2001
f 2001//2001 1498//1498 1502//1502
f 2001//2001 1502//1502 2002//2002
f 2002//2002 1502//1502 1501//1501
f 2002//2002 1501//1501 2003//2003
f 2003//2003 1501//1501 1539//1539
f 2003//2003 1539//1539 1610//1610
f 1560//1560 1559//1559 1571//1571
f 2004//2004 1568//1568 1581//1581
f 1566//1566 1578//1578 1577//1577
f 1571//1571 1559//1559 1572//1572
f 1572//1572 1559//1559 1558//1558
f 1572//1572 1558//1558 1573//1573
f 1566//1566 1565//1565 1578//1578
f 1578//1578 1565//1565 1564//1564
f 1578//1578 1564//1564 1579//1579
f 1579//1579 1564//1564 1563//1563
f 1579//1579 1563//1563 1580//1580
f 1580//1580 1563//1563 1562//1562
f 1580//1580 1562//1562 1581//1581
f 1581//1581 1562//1562 1561//1561
f 1581//1581 1561//1561 1560//1560
f 1571//1571 1570//1570 1560//1560
f 1560//1560 1570//1570 2005//2005
f 1560//1560 2005//2005 1581//1581
f 1581//1581 2005//2005 2006//2006
f 1581//1581 2006//2006 2004//2004
f 1575//1575 1552//1552 1576//1576
f 1576//1576 1552//1552 1551//1551
f 1576//1576 1551//1551 1577//1577
f 1577//1577 1551//1551 1567//1567
f 1577//1577 1567//1567 1566//1566
f 1574//1574 1554//1554 1575//1575
f 1575//1575 1554//1554 1553//1553
f 1575//1575 1553//1553 1552//1552
f 1558//1558 1557//1557 1573//1573
f 1573//1573 1557//1557 1556//1556
f 1573//1573 1556//1556 1574//1574
f 1574//1574 1556//1556 1555//1555
f 1574//1574 1555//1555 1554//1554
f 2007//2007 2008//2008 2009//2009
f 1569//1569 1568//1568 2010//2010
f 2010//2010 2007//2007 1569//1569
f 1569//1569 2007//2007 2009//2009
f 1569//1569 2009//2009 1570//1570
f 1570//1570 2009//2009 2011//2011
f 1570//1570 2011//2011 2012//2012
f 1584//1584 1999//1999 2013//2013
f 1584//1584 2013//2013 1583//1583
f 1583//1583 2013//2013 2014//2014
f 1583//1583 2014//2014 1582//1582
f 1582//1582 2014//2014 2015//2015
f 1582//1582 2015//2015 1585//1585
f 1585//1585 2015//2015 1589//1589
f 1585//1585 1589//1589 1586//1586
f 2016//2016 1590//1590 2017//2017
f 2017//2017 1590//1590 1589//1589
f 2018//2018 2019//2019 1594//1594
f 1594//1594 1593//1593 2018//2018
f 2018//2018 1593//1593 1592//1592
f 2018//2018 1592//1592 2020//2020
f 2020//2020 1592//1592 1591//1591
f 2020//2020 1591//1591 2021//2021
f 2021//2021 1591//1591 1590//1590
f 2021//2021 1590//1590 2016//2016
f 1619//1619 1627//1627 1600//1600
f 1887//1887 1356//1356 2022//2022
f 2022//2022 1356//1356 1596//1596
f 2022//2022 1596//1596 1611//1611
f 1611//1611 1596//1596 1597//1597
f 1611//1611 1597//1597 1612//1612
f 1598//1598 1629//1629 1597//1597
f 1597//1597 1629//1629 1628//1628
f 1597//1597 1628//1628 1612//1612
f 1600//1600 1627//1627 1599//1599
f 1627//1627 1626//1626 1599//1599
f 1599//1599 1626//1626 1625//1625
f 1599//1599 1625//1625 1598//1598
f 1598//1598 1625//1625 1624//1624
f 1598//1598 1624//1624 1629//1629
f 1619//1619 1600//1600 1620//1620
f 1620//1620 1600//1600 1601//1601
f 1620//1620 1601//1601 1621//1621
f 1621//1621 1601//1601 1602//1602
f 1621//1621 1602//1602 1622//1622
f 1622//1622 1602//1602 1603//1603
f 1622//1622 1603//1603 1623//1623
f 1623//1623 1603//1603 1604//1604
f 1623//1623 1604//1604 1617//1617
f 1617//1617 1604//1604 1618//1618
f 1618//1618 1604//1604 1605//1605
f 1618//1618 1605//1605 1613//1613
f 1613//1613 1605//1605 1614//1614
f 1614//1614 1605//1605 1606//1606
f 1614//1614 1606//1606 1615//1615
f 1594//1594 2019//2019 1595//1595
f 1595//1595 2019//2019 2023//2023
f 1595//1595 2023//2023 1609//1609
f 1609//1609 2023//2023 2024//2024
f 1609//1609 2024//2024 1608//1608
f 1608//1608 2024//2024 2025//2025
f 1608//1608 2025//2025 1607//1607
f 1607//1607 2025//2025 2026//2026
f 1607//1607 2026//2026 1606//1606
f 1606//1606 2026//2026 1616//1616
f 1606//1606 1616//1616 1615//1615
f 2027//2027 1610//1610 1959//1959
f 1959//1959 1610//1610 986//986
f 1959//1959 986//986 1616//1616
f 1957//1957 2028//2028 1370//1370
f 1370//1370 2028//2028 1630//1630
f 2029//2029 1859//1859 2030//2030
f 2030//2030 1859//1859 1861//1861
f 2030//2030 1861//1861 2028//2028
f 2028//2028 1861//1861 1630//1630
f 1859//1859 2029//2029 2031//2031
f 2031//2031 2029//2029 2032//2032
f 2033//2033 2031//2031 2032//2032
f 2034//2034 2035//2035 2036//2036
f 2036//2036 2035//2035 2037//2037
f 2036//2036 2037//2037 2038//2038
f 2038//2038 2037//2037 2033//2033
f 2038//2038 2033//2033 2039//2039
f 2039//2039 2033//2033 2032//2032
f 1636//1636 1747//1747 1637//1637
f 1637//1637 1747//1747 1653//1653
f 1653//1653 995//995 1650//1650
f 1650//1650 1651//1651 1653//1653
f 1653//1653 1651//1651 1649//1649
f 1653//1653 1649//1649 1637//1637
f 1637//1637 1649//1649 989//989
f 1637//1637 989//989 991//991
f 1653//1653 2040//2040 2041//2041
f 1661//1661 2042//2042 1662//1662
f 1662//1662 2042//2042 2043//2043
f 1662//1662 2043//2043 1022//1022
f 1022//1022 2043//2043 2044//2044
f 1022//1022 2044//2044 1679//1679
f 1652//1652 2045//2045 1661//1661
f 1661//1661 2045//2045 2046//2046
f 1661//1661 2046//2046 2042//2042
f 1660//1660 2047//2047 1652//1652
f 1652//1652 2047//2047 2048//2048
f 1652//1652 2048//2048 2045//2045
f 1657//1657 2049//2049 1658//1658
f 1658//1658 2049//2049 2050//2050
f 1658//1658 2050//2050 1659//1659
f 1659//1659 2050//2050 2051//2051
f 1659//1659 2051//2051 1660//1660
f 1660//1660 2051//2051 2052//2052
f 1660//1660 2052//2052 2047//2047
f 1656//1656 1655//1655 2053//2053
f 2053//2053 2054//2054 1656//1656
f 1656//1656 2054//2054 2055//2055
f 1656//1656 2055//2055 1657//1657
f 1657//1657 2055//2055 2056//2056
f 1657//1657 2056//2056 2049//2049
f 1653//1653 2041//2041 1654//1654
f 1654//1654 2041//2041 2057//2057
f 1654//1654 2057//2057 1655//1655
f 1655//1655 2057//2057 2058//2058
f 1655//1655 2058//2058 2053//2053
f 2059//2059 2060//2060 1672//1672
f 1672//1672 2060//2060 2061//2061
f 1677//1677 1676//1676 1674//1674
f 1674//1674 1676//1676 1940//1940
f 1674//1674 1940//1940 1683//1683
f 1683//1683 1940//1940 1938//1938
f 1683//1683 1938//1938 1946//1946
f 1946//1946 1944//1944 1683//1683
f 1683//1683 1944//1944 1672//1672
f 1683//1683 1672//1672 2062//2062
f 2062//2062 1672//1672 2061//2061
f 2062//2062 2061//2061 2063//2063
f 1668//1668 1679//1679 1669//1669
f 1669//1669 1679//1679 2064//2064
f 1669//1669 2064//2064 1670//1670
f 1670//1670 2064//2064 2065//2065
f 1670//1670 2065//2065 2066//2066
f 2059//2059 1672//1672 2066//2066
f 2066//2066 1672//1672 1671//1671
f 2066//2066 1671//1671 1670//1670
f 1668//1668 1665//1665 1679//1679
f 1679//1679 1665//1665 1667//1667
f 1679//1679 1667//1667 1680//1680
f 1029//1029 1681//1681 1663//1663
f 1663//1663 1681//1681 1680//1680
f 1663//1663 1680//1680 1664//1664
f 1664//1664 1680//1680 1667//1667
f 2061//2061 2060//2060 1691//1691
f 1691//1691 1689//1689 2061//2061
f 2061//2061 1689//1689 1687//1687
f 2061//2061 1687//1687 2063//2063
f 2063//2063 1687//1687 1684//1684
f 2063//2063 1684//1684 2062//2062
f 2062//2062 1684//1684 1098//1098
f 2062//2062 1098//1098 1683//1683
f 1692//1692 1691//1691 2067//2067
f 1696//1696 1109//1109 1692//1692
f 2068//2068 1723//1723 2069//2069
f 2069//2069 1723//1723 1729//1729
f 2069//2069 1729//1729 2070//2070
f 2070//2070 1729//1729 1725//1725
f 2070//2070 1725//1725 2071//2071
f 2071//2071 1725//1725 1733//1733
f 2071//2071 1733//1733 2072//2072
f 2072//2072 1733//1733 1732//1732
f 2072//2072 1732//1732 2073//2073
f 2073//2073 1732//1732 1731//1731
f 2073//2073 1731//1731 2074//2074
f 2074//2074 1731//1731 1730//1730
f 2074//2074 1730//1730 2075//2075
f 2075//2075 1730//1730 1728//1728
f 2075//2075 1728//1728 2076//2076
f 2076//2076 1728//1728 1727//1727
f 2076//2076 1727//1727 2077//2077
f 2077//2077 1727//1727 1726//1726
f 2077//2077 1726//1726 2078//2078
f 2078//2078 1726//1726 1718//1718
f 2078//2078 1718//1718 2079//2079
f 2079//2079 1718//1718 1717//1717
f 2079//2079 1717//1717 2080//2080
f 2080//2080 1717//1717 1735//1735
f 2080//2080 1735//1735 2081//2081
f 2081//2081 1735//1735 1734//1734
f 2081//2081 1734//1734 2082//2082
f 2082//2082 1734//1734 1714//1714
f 2082//2082 1714//1714 2067//2067
f 2067//2067 1714//1714 1713//1713
f 2067//2067 1713//1713 1692//1692
f 1692//1692 1713//1713 1712//1712
f 1692//1692 1712//1712 1696//1696
f 1723//1723 2068//2068 1721//1721
f 1721//1721 2068//2068 2083//2083
f 1698//1698 1045//1045 1087//1087
f 1705//1705 1704//1704 2083//2083
f 2083//2083 1704//1704 1698//1698
f 2083//2083 1698//1698 1721//1721
f 1721//1721 1698//1698 1087//1087
f 1721//1721 1087//1087 1096//1096
f 2084//2084 1736//1736 2083//2083
f 2083//2083 1736//1736 1706//1706
f 2083//2083 1706//1706 1705//1705
f 1739//1739 1736//1736 2084//2084
f 2085//2085 1741//1741 1738//1738
f 1738//1738 1737//1737 2085//2085
f 2085//2085 1737//1737 1740//1740
f 2085//2085 1740//1740 2086//2086
f 2086//2086 1740//1740 1739//1739
f 2086//2086 1739//1739 2087//2087
f 2087//2087 1739//1739 2084//2084
f 1741//1741 2088//2088 1742//1742
f 1742//1742 2088//2088 2089//2089
f 1930//1930 2090//2090 2091//2091
f 2091//2091 2090//2090 2092//2092
f 2091//2091 2092//2092 2093//2093
f 2093//2093 2092//2092 2094//2094
f 2093//2093 2094//2094 2095//2095
f 2095//2095 2094//2094 2096//2096
f 2095//2095 2096//2096 2097//2097
f 2097//2097 2096//2096 2098//2098
f 2090//2090 1930//1930 2099//2099
f 2099//2099 1930//1930 1929//1929
f 2099//2099 1929//1929 2100//2100
f 2100//2100 1929//1929 2101//2101
f 2100//2100 2101//2101 2102//2102
f 2102//2102 2101//2101 2103//2103
f 2102//2102 2103//2103 1935//1935
f 2104//2104 1933//1933 2105//2105
f 2105//2105 1933//1933 1934//1934
f 2105//2105 1934//1934 2103//2103
f 2103//2103 1934//1934 1936//1936
f 2103//2103 1936//1936 1935//1935
f 2106//2106 2100//2100 2107//2107
f 1743//1743 1377//1377 1935//1935
f 1935//1935 1377//1377 2107//2107
f 1935//1935 2107//2107 2102//2102
f 2102//2102 2107//2107 2100//2100
f 2108//2108 2109//2109 2110//2110
f 2110//2110 2109//2109 2111//2111
f 2107//2107 2112//2112 2106//2106
f 2106//2106 2112//2112 2113//2113
f 2106//2106 2113//2113 2114//2114
f 2114//2114 2113//2113 2115//2115
f 2114//2114 2115//2115 2111//2111
f 2111//2111 2115//2115 2116//2116
f 2111//2111 2116//2116 2110//2110
f 2117//2117 2118//2118 2119//2119
f 2119//2119 2118//2118 2120//2120
f 2119//2119 2120//2120 2121//2121
f 2121//2121 2120//2120 2122//2122
f 2121//2121 2122//2122 2123//2123
f 2123//2123 2122//2122 2109//2109
f 2123//2123 2109//2109 2124//2124
f 2124//2124 2109//2109 2108//2108
f 2125//2125 1747//1747 2126//2126
f 2126//2126 1747//1747 1746//1746
f 2126//2126 1746//1746 2127//2127
f 2127//2127 1746//1746 1745//1745
f 2127//2127 1745//1745 2128//2128
f 2128//2128 1745//1745 1744//1744
f 2128//2128 1744//1744 2129//2129
f 2129//2129 1744//1744 1742//1742
f 2129//2129 1742//1742 2089//2089
f 1382//1382 1387//1387 2130//2130
f 1384//1384 1383//1383 2131//2131
f 2132//2132 1380//1380 1382//1382
f 1376//1376 2107//2107 1377//1377
f 2117//2117 2119//2119 2133//2133
f 2133//2133 2119//2119 2134//2134
f 2134//2134 2119//2119 2135//2135
f 2134//2134 2135//2135 2136//2136
f 2137//2137 2138//2138 2139//2139
f 2139//2139 2138//2138 2136//2136
f 2107//2107 1376//1376 2112//2112
f 2110//2110 2116//2116 2140//2140
f 2140//2140 2116//2116 2115//2115
f 2140//2140 2115//2115 2113//2113
f 2123//2123 2124//2124 2141//2141
f 2141//2141 2124//2124 2108//2108
f 2141//2141 2108//2108 2130//2130
f 2136//2136 2135//2135 2139//2139
f 2139//2139 2135//2135 2142//2142
f 2139//2139 2142//2142 2143//2143
f 1386//1386 1384//1384 2144//2144
f 2144//2144 1384//1384 2131//2131
f 2144//2144 2131//2131 2143//2143
f 2143//2143 2131//2131 2145//2145
f 2143//2143 2145//2145 2139//2139
f 2139//2139 2145//2145 2146//2146
f 2139//2139 2146//2146 2137//2137
f 1376//1376 1380//1380 2112//2112
f 2112//2112 1380//1380 2132//2132
f 2112//2112 2132//2132 2113//2113
f 2113//2113 2132//2132 1382//1382
f 2113//2113 1382//1382 2140//2140
f 2140//2140 1382//1382 2130//2130
f 2140//2140 2130//2130 2110//2110
f 2110//2110 2130//2130 2108//2108
f 2119//2119 2121//2121 2135//2135
f 2135//2135 2121//2121 2123//2123
f 2135//2135 2123//2123 2142//2142
f 2142//2142 2123//2123 2141//2141
f 2142//2142 2141//2141 2143//2143
f 2143//2143 2141//2141 2130//2130
f 2143//2143 2130//2130 2144//2144
f 2144//2144 2130//2130 1387//1387
f 2144//2144 1387//1387 1386//1386
f 2147//2147 2148//2148 2117//2117
f 2117//2117 2148//2148 2118//2118
f 2149//2149 2150//2150 2151//2151
f 2151//2151 2150//2150 2152//2152
f 2151//2151 2152//2152 2153//2153
f 2149//2149 2151//2151 2154//2154
f 2154//2154 2151//2151 2155//2155
f 2154//2154 2155//2155 2156//2156
f 2156//2156 2155//2155 1750//1750
f 2156//2156 1750//1750 1749//1749
f 2153//2153 2146//2146 2145//2145
f 2153//2153 2145//2145 2151//2151
f 2151//2151 2145//2145 2131//2131
f 2151//2151 2131//2131 2155//2155
f 2155//2155 2131//2131 1383//1383
f 2155//2155 1383//1383 1750//1750
f 2154//2154 2156//2156 1749//1749
f 2149//2149 2154//2154 2157//2157
f 2157//2157 2154//2154 1749//1749
f 2157//2157 1749//1749 2158//2158
f 1751//1751 2159//2159 1752//1752
f 1752//1752 2159//2159 2160//2160
f 1752//1752 2160//2160 1753//1753
f 1753//1753 2160//2160 2158//2158
f 1753//1753 2158//2158 1748//1748
f 1748//1748 2158//2158 1749//1749
f 1808//1808 2161//2161 2162//2162
f 1808//1808 2162//2162 1807//1807
f 1807//1807 2162//2162 2163//2163
f 1807//1807 2163//2163 1806//1806
f 1806//1806 2163//2163 2164//2164
f 1806//1806 2164//2164 1805//1805
f 1805//1805 2164//2164 2165//2165
f 1805//1805 2165//2165 1804//1804
f 1804//1804 2165//2165 2166//2166
f 1804//1804 2166//2166 1803//1803
f 1803//1803 2166//2166 2167//2167
f 1803//1803 2167//2167 1802//1802
f 1802//1802 2167//2167 2168//2168
f 1802//1802 2168//2168 1801//1801
f 1801//1801 2168//2168 2169//2169
f 1801//1801 2169//2169 1800//1800
f 1800//1800 2169//2169 2170//2170
f 1800//1800 2170//2170 1799//1799
f 1799//1799 2170//2170 2171//2171
f 1799//1799 2171//2171 1798//1798
f 1798//1798 2171//2171 2172//2172
f 1798//1798 2172//2172 1797//1797
f 1797//1797 2172//2172 2173//2173
f 1797//1797 2173//2173 1796//1796
f 1796//1796 2173//2173 2174//2174
f 1796//1796 2174//2174 1795//1795
f 1795//1795 2174//2174 2159//2159
f 1795//1795 2159//2159 1751//1751
f 2175//2175 2176//2176 2177//2177
f 2178//2178 2176//2176 2175//2175
f 2175//2175 2179//2179 2180//2180
f 2181//2181 2179//2179 2175//2175
f 2177//2177 2181//2181 2175//2175
f 2175//2175 2182//2182 2183//2183
f 2184//2184 2182//2182 2175//2175
f 2180//2180 2184//2184 2175//2175
f 2175//2175 2185//2185 2186//2186
f 2187//2187 2185//2185 2175//2175
f 2183//2183 2187//2187 2175//2175
f 2186//2186 2178//2178 2175//2175
f 1755//1755 2188//2188 1756//1756
f 1756//1756 2188//2188 2189//2189
f 1756//1756 2189//2189 1757//1757
f 1757//1757 2189//2189 2190//2190
f 1757//1757 2190//2190 1758//1758
f 1758//1758 2190//2190 2191//2191
f 1758//1758 2191//2191 1759//1759
f 1759//1759 2191//2191 2192//2192
f 1759//1759 2192//2192 1760//1760
f 1760//1760 2192//2192 2193//2193
f 1760//1760 2193//2193 1761//1761
f 1761//1761 2193//2193 2194//2194
f 1761//1761 2194//2194 1762//1762
f 1762//1762 2194//2194 2195//2195
f 1762//1762 2195//2195 1763//1763
f 1763//1763 2195//2195 2196//2196
f 1763//1763 2196//2196 1764//1764
f 1764//1764 2196//2196 2197//2197
f 1764//1764 2197//2197 1765//1765
f 1765//1765 2197//2197 2198//2198
f 1765//1765 2198//2198 1766//1766
f 1766//1766 2198//2198 2199//2199
f 1766//1766 2199//2199 1767//1767
f 1767//1767 2199//2199 2200//2200
f 1767//1767 2200//2200 1768//1768
f 1768//1768 2200//2200 2201//2201
f 1768//1768 2201//2201 1769//1769
f 1769//1769 2201//2201 2202//2202
f 1769//1769 2202//2202 1770//1770
f 1770//1770 2202//2202 2203//2203
f 1770//1770 2203//2203 1771//1771
f 1771//1771 2203//2203 2204//2204
f 1771//1771 2204//2204 1772//1772
f 1772//1772 2204//2204 2205//2205
f 1772//1772 2205//2205 1773//1773
f 1773//1773 2205//2205 2206//2206
f 1773//1773 2206//2206 1754//1754
f 1754//1754 2206//2206 2207//2207
f 1754//1754 2207//2207 1755//1755
f 1755//1755 2207//2207 2188//2188
f 2208//2208 2209//2209 2210//2210
f 2210//2210 2209//2209 2211//2211
f 2210//2210 2211//2211 2212//2212
f 2212//2212 2211//2211 2213//2213
f 2213//2213 2211//2211 1836//1836
f 2213//2213 1836//1836 2214//2214
f 2215//2215 2211//2211 2209//2209
f 2216//2216 2217//2217 2218//2218
f 2219//2219 2216//2216 2220//2220
f 2216//2216 2218//2218 2220//2220
f 2220//2220 2218//2218 1351//1351
f 2220//2220 1351//1351 1837//1837
f 1837//1837 1838//1838 2220//2220
f 2220//2220 1838//1838 2215//2215
f 2220//2220 2215//2215 2219//2219
f 2219//2219 2215//2215 2209//2209
f 1836//1836 2211//2211 1835//1835
f 1835//1835 2211//2211 2215//2215
f 1835//1835 2215//2215 1839//1839
f 1839//1839 2215//2215 1838//1838
f 2221//2221 1809//1809 2222//2222
f 2222//2222 1809//1809 1778//1778
f 1352//1352 1351//1351 1778//1778
f 1778//1778 1351//1351 2218//2218
f 1778//1778 2218//2218 2222//2222
f 2222//2222 2218//2218 2217//2217
f 2222//2222 2217//2217 2223//2223
f 2161//2161 1808//1808 2224//2224
f 2224//2224 1808//1808 2225//2225
f 2224//2224 2225//2225 2226//2226
f 2226//2226 2225//2225 2227//2227
f 2226//2226 2227//2227 2228//2228
f 2225//2225 1808//1808 1316//1316
f 1793//1793 2229//2229 1791//1791
f 1791//1791 2229//2229 2228//2228
f 1316//1316 1789//1789 2225//2225
f 2225//2225 1789//1789 1791//1791
f 2225//2225 1791//1791 2227//2227
f 2227//2227 1791//1791 2228//2228
f 1793//1793 1809//1809 2221//2221
f 2221//2221 2230//2230 1793//1793
f 1793//1793 2230//2230 2231//2231
f 1793//1793 2231//2231 2229//2229
f 2229//2229 2231//2231 2232//2232
f 2233//2233 2234//2234 2235//2235
f 2235//2235 2234//2234 2236//2236
f 2237//2237 2238//2238 2235//2235
f 2235//2235 2238//2238 2239//2239
f 2235//2235 2239//2239 2233//2233
f 2232//2232 2240//2240 2241//2241
f 2241//2241 2240//2240 2242//2242
f 2241//2241 2242//2242 2243//2243
f 2243//2243 2242//2242 2244//2244
f 2243//2243 2244//2244 2235//2235
f 2235//2235 2244//2244 2245//2245
f 2235//2235 2245//2245 2237//2237
f 2246//2246 2247//2247 2248//2248
f 2240//2240 2232//2232 2231//2231
f 2240//2240 2231//2231 2242//2242
f 2234//2234 2233//2233 2236//2236
f 2236//2236 2233//2233 2249//2249
f 2236//2236 2249//2249 2250//2250
f 2250//2250 2249//2249 2251//2251
f 2250//2250 2251//2251 2252//2252
f 2252//2252 2251//2251 2253//2253
f 2252//2252 2253//2253 2254//2254
f 2254//2254 2253//2253 2246//2246
f 2254//2254 2246//2246 2255//2255
f 2255//2255 2246//2246 2248//2248
f 2255//2255 2248//2248 2256//2256
f 2256//2256 2248//2248 2222//2222
f 2256//2256 2222//2222 2223//2223
f 2233//2233 2249//2249 2238//2238
f 2233//2233 2238//2238 2249//2249
f 2249//2249 2238//2238 2257//2257
f 2249//2249 2257//2257 2251//2251
f 2251//2251 2257//2257 2258//2258
f 2251//2251 2258//2258 2253//2253
f 2253//2253 2258//2258 2259//2259
f 2253//2253 2259//2259 2246//2246
f 2246//2246 2259//2259 2260//2260
f 2246//2246 2260//2260 2247//2247
f 2233//2233 2239//2239 2249//2249
f 2249//2249 2239//2239 2238//2238
f 2238//2238 2237//2237 2257//2257
f 2257//2257 2237//2237 2245//2245
f 2257//2257 2245//2245 2258//2258
f 2258//2258 2245//2245 2244//2244
f 2258//2258 2244//2244 2259//2259
f 2259//2259 2244//2244 2242//2242
f 2259//2259 2242//2242 2260//2260
f 2260//2260 2242//2242 2231//2231
f 2260//2260 2231//2231 2247//2247
f 2247//2247 2231//2231 2230//2230
f 2247//2247 2230//2230 2248//2248
f 2248//2248 2230//2230 2221//2221
f 2248//2248 2221//2221 2222//2222
f 2214//2214 2261//2261 2262//2262
f 2263//2263 2264//2264 2265//2265
f 2266//2266 2267//2267 2268//2268
f 2268//2268 2267//2267 2269//2269
f 2268//2268 2269//2269 2265//2265
f 2265//2265 2269//2269 2270//2270
f 2265//2265 2270//2270 2263//2263
f 2266//2266 2268//2268 2262//2262
f 2262//2262 2268//2268 2271//2271
f 2262//2262 2271//2271 2214//2214
f 2272//2272 2273//2273 2274//2274
f 2272//2272 2274//2274 2275//2275
f 2275//2275 2274//2274 2276//2276
f 2275//2275 2276//2276 2277//2277
f 2277//2277 2276//2276 2278//2278
f 2277//2277 2278//2278 2279//2279
f 2280//2280 1840//1840 2281//2281
f 2281//2281 1840//1840 2279//2279
f 2281//2281 2279//2279 2282//2282
f 2282//2282 2279//2279 2278//2278
f 2214//2214 1836//1836 1902//1902
f 1902//1902 1836//1836 1353//1353
f 1823//1823 1822//1822 1902//1902
f 2283//2283 2284//2284 1831//1831
f 1902//1902 2285//2285 1823//1823
f 1823//1823 2285//2285 2286//2286
f 1823//1823 2286//2286 1824//1824
f 1822//1822 1821//1821 1902//1902
f 1902//1902 1821//1821 1820//1820
f 1902//1902 1820//1820 2214//2214
f 1820//1820 1819//1819 2214//2214
f 2214//2214 1819//1819 1818//1818
f 2214//2214 1818//1818 2261//2261
f 2261//2261 1818//1818 2287//2287
f 1831//1831 2284//2284 1832//1832
f 1832//1832 2284//2284 2288//2288
f 1832//1832 2288//2288 1833//1833
f 1833//1833 2288//2288 2289//2289
f 1833//1833 2289//2289 1834//1834
f 1834//1834 2289//2289 2290//2290
f 1834//1834 2290//2290 1815//1815
f 1815//1815 2290//2290 2291//2291
f 1815//1815 2291//2291 1814//1814
f 1814//1814 2291//2291 2292//2292
f 1814//1814 2292//2292 1810//1810
f 1810//1810 2292//2292 1846//1846
f 1810//1810 1846//1846 1811//1811
f 2286//2286 2293//2293 1824//1824
f 1824//1824 2293//2293 2294//2294
f 1824//1824 2294//2294 1825//1825
f 1825//1825 2294//2294 2295//2295
f 1825//1825 2295//2295 1826//1826
f 1826//1826 2295//2295 2296//2296
f 1826//1826 2296//2296 1827//1827
f 1827//1827 2296//2296 2297//2297
f 1827//1827 2297//2297 1828//1828
f 1828//1828 2297//2297 2298//2298
f 1828//1828 2298//2298 1829//1829
f 1829//1829 2298//2298 2283//2283
f 1829//1829 2283//2283 1830//1830
f 1830//1830 2283//2283 1831//1831
f 1817//1817 1840//1840 1818//1818
f 1818//1818 1840//1840 2280//2280
f 1818//1818 2280//2280 2287//2287
f 2299//2299 2300//2300 2301//2301
f 2300//2300 2302//2302 2303//2303
f 2299//2299 2301//2301 2264//2264
f 2300//2300 2303//2303 2301//2301
f 2301//2301 2303//2303 2304//2304
f 2301//2301 2304//2304 2305//2305
f 2305//2305 2304//2304 2306//2306
f 2305//2305 2306//2306 2307//2307
f 2307//2307 2306//2306 2212//2212
f 2307//2307 2212//2212 2213//2213
f 2264//2264 2301//2301 2265//2265
f 2265//2265 2301//2301 2305//2305
f 2265//2265 2305//2305 2268//2268
f 2268//2268 2305//2305 2307//2307
f 2268//2268 2307//2307 2271//2271
f 2271//2271 2307//2307 2213//2213
f 2271//2271 2213//2213 2214//2214
f 2308//2308 2309//2309 2293//2293
f 2310//2310 2311//2311 2312//2312
f 2312//2312 2311//2311 2313//2313
f 2293//2293 2286//2286 2308//2308
f 2308//2308 2286//2286 2285//2285
f 2308//2308 2285//2285 2313//2313
f 2313//2313 2285//2285 2314//2314
f 2313//2313 2314//2314 2312//2312
f 2315//2315 2316//2316 2317//2317
f 2317//2317 2316//2316 2318//2318
f 2311//2311 2310//2310 1901//1901
f 1901//1901 2310//2310 2312//2312
f 1901//1901 2312//2312 1902//1902
f 1902//1902 2312//2312 2314//2314
f 1902//1902 2314//2314 2285//2285
f 1901//1901 1903//1903 2311//2311
f 2311//2311 1903//1903 1904//1904
f 2311//2311 1904//1904 2319//2319
f 2319//2319 1904//1904 2320//2320
f 1904//1904 2321//2321 2320//2320
f 2320//2320 2321//2321 2317//2317
f 2320//2320 2317//2317 2318//2318
f 2272//2272 2275//2275 2322//2322
f 2322//2322 2275//2275 2323//2323
f 2322//2322 2323//2323 2324//2324
f 2324//2324 2323//2323 2325//2325
f 2325//2325 2323//2323 2326//2326
f 2326//2326 2323//2323 2275//2275
f 2326//2326 2275//2275 2327//2327
f 2327//2327 2275//2275 2277//2277
f 2327//2327 2277//2277 2328//2328
f 2328//2328 2277//2277 2279//2279
f 2328//2328 2279//2279 2329//2329
f 2279//2279 1840//1840 1841//1841
f 2329//2329 2279//2279 2330//2330
f 2330//2330 2279//2279 1841//1841
f 2330//2330 1841//1841 1842//1842
f 2293//2293 2309//2309 2331//2331
f 2328//2328 2329//2329 2332//2332
f 2332//2332 2329//2329 2330//2330
f 2332//2332 2330//2330 1842//1842
f 2332//2332 2324//2324 2325//2325
f 2325//2325 2326//2326 2332//2332
f 2332//2332 2326//2326 2327//2327
f 2332//2332 2327//2327 2328//2328
f 2324//2324 2332//2332 2333//2333
f 2333//2333 2332//2332 1842//1842
f 2333//2333 1842//1842 2334//2334
f 2334//2334 1842//1842 1843//1843
f 2334//2334 1843//1843 2335//2335
f 2293//2293 2331//2331 2294//2294
f 2294//2294 2331//2331 2336//2336
f 2294//2294 2336//2336 2295//2295
f 2295//2295 2336//2336 2337//2337
f 2295//2295 2337//2337 2296//2296
f 2337//2337 2338//2338 2296//2296
f 2296//2296 2338//2338 2339//2339
f 2296//2296 2339//2339 2297//2297
f 2339//2339 2340//2340 2297//2297
f 2297//2297 2340//2340 2341//2341
f 2297//2297 2341//2341 2298//2298
f 2341//2341 2342//2342 2298//2298
f 2298//2298 2342//2342 2343//2343
f 2298//2298 2343//2343 2283//2283
f 2343//2343 2344//2344 2283//2283
f 2283//2283 2344//2344 2345//2345
f 2283//2283 2345//2345 2284//2284
f 2345//2345 2346//2346 2284//2284
f 2284//2284 2346//2346 2347//2347
f 2284//2284 2347//2347 2288//2288
f 2347//2347 2348//2348 2288//2288
f 2288//2288 2348//2348 2349//2349
f 2288//2288 2349//2349 2289//2289
f 2349//2349 2350//2350 2289//2289
f 2289//2289 2350//2350 2351//2351
f 2289//2289 2351//2351 2290//2290
f 2290//2290 2351//2351 2352//2352
f 2352//2352 2353//2353 2290//2290
f 2290//2290 2353//2353 2354//2354
f 2290//2290 2354//2354 2291//2291
f 1843//1843 1844//1844 2335//2335
f 2335//2335 1844//1844 1845//1845
f 2335//2335 1845//1845 2355//2355
f 2355//2355 1845//1845 1846//1846
f 2355//2355 1846//1846 2356//2356
f 2356//2356 1846//1846 2292//2292
f 2356//2356 2292//2292 2357//2357
f 2357//2357 2292//2292 2291//2291
f 2357//2357 2291//2291 2358//2358
f 2358//2358 2291//2291 2354//2354
f 1858//1858 1852//1852 1877//1877
f 1877//1877 1852//1852 1853//1853
f 1877//1877 1853//1853 1875//1875
f 1856//1856 1866//1866 1855//1855
f 1855//1855 1866//1866 1875//1875
f 1855//1855 1875//1875 1854//1854
f 1854//1854 1875//1875 1853//1853
f 1856//1856 1857//1857 1866//1866
f 1866//1866 1857//1857 1848//1848
f 1866//1866 1848//1848 1847//1847
f 1869//1869 1875//1875 2359//2359
f 2359//2359 1875//1875 1866//1866
f 2359//2359 1866//1866 2360//2360
f 2360//2360 1866//1866 1865//1865
f 1859//1859 2031//2031 2361//2361
f 2360//2360 1865//1865 2362//2362
f 2362//2362 1865//1865 1864//1864
f 2362//2362 1864//1864 2363//2363
f 2363//2363 1864//1864 1863//1863
f 2363//2363 1863//1863 2361//2361
f 2361//2361 1863//1863 1860//1860
f 2361//2361 1860//1860 1859//1859
f 2035//2035 2364//2364 2365//2365
f 2035//2035 2365//2365 2037//2037
f 2037//2037 2365//2365 2366//2366
f 2037//2037 2366//2366 2033//2033
f 2033//2033 2366//2366 2361//2361
f 2033//2033 2361//2361 2031//2031
f 1869//1869 2359//2359 2367//2367
f 1869//1869 2367//2367 1870//1870
f 1870//1870 2367//2367 2368//2368
f 1870//1870 2368//2368 1871//1871
f 1871//1871 2368//2368 2369//2369
f 1871//1871 2369//2369 1873//1873
f 1874//1874 1873//1873 2370//2370
f 2370//2370 1873//1873 2371//2371
f 1878//1878 1876//1876 1879//1879
f 1879//1879 1876//1876 1868//1868
f 1879//1879 1868//1868 1867//1867
f 1899//1899 1900//1900 2370//2370
f 2370//2370 1900//1900 1889//1889
f 2370//2370 1889//1889 1874//1874
f 1874//1874 1889//1889 1888//1888
f 1874//1874 1888//1888 1872//1872
f 1884//1884 1883//1883 1611//1611
f 1883//1883 1882//1882 1611//1611
f 1611//1611 1882//1882 1881//1881
f 1611//1611 1881//1881 2022//2022
f 2022//2022 1881//1881 1887//1887
f 1893//1893 1892//1892 1890//1890
f 1890//1890 1892//1892 1885//1885
f 1884//1884 1611//1611 1885//1885
f 1885//1885 1611//1611 1886//1886
f 1885//1885 1886//1886 1890//1890
f 1881//1881 1880//1880 1887//1887
f 1887//1887 1880//1880 1879//1879
f 1887//1887 1879//1879 1888//1888
f 1888//1888 1879//1879 1867//1867
f 1888//1888 1867//1867 1872//1872
f 1904//1904 1892//1892 1891//1891
f 2315//2315 2317//2317 1894//1894
f 1894//1894 2317//2317 1891//1891
f 1891//1891 2317//2317 2321//2321
f 1891//1891 2321//2321 1904//1904
f 1894//1894 1895//1895 2315//2315
f 2315//2315 1895//1895 1896//1896
f 2315//2315 1896//1896 2372//2372
f 2372//2372 1896//1896 1897//1897
f 2372//2372 1897//1897 2373//2373
f 2373//2373 1897//1897 1898//1898
f 2373//2373 1898//1898 1899//1899
f 2374//2374 1908//1908 2375//2375
f 2375//2375 1908//1908 1915//1915
f 2375//2375 1915//1915 2376//2376
f 2376//2376 1915//1915 1916//1916
f 2376//2376 1916//1916 2377//2377
f 2377//2377 1916//1916 1913//1913
f 2377//2377 1913//1913 2378//2378
f 2378//2378 1913//1913 1912//1912
f 2378//2378 1912//1912 2379//2379
f 2379//2379 1912//1912 1911//1911
f 2379//2379 1911//1911 2380//2380
f 2380//2380 1911//1911 1914//1914
f 2380//2380 1914//1914 2381//2381
f 2381//2381 1914//1914 1906//1906
f 2381//2381 1906//1906 2382//2382
f 2382//2382 1906//1906 1905//1905
f 2382//2382 1905//1905 2383//2383
f 2383//2383 1905//1905 1907//1907
f 2383//2383 1907//1907 2384//2384
f 2384//2384 1907//1907 1909//1909
f 2384//2384 1909//1909 2385//2385
f 2385//2385 1909//1909 1910//1910
f 2385//2385 1910//1910 2374//2374
f 2374//2374 1910//1910 1908//1908
f 2386//2386 1928//1928 2387//2387
f 2387//2387 1928//1928 1927//1927
f 2387//2387 1927//1927 2388//2388
f 2388//2388 1927//1927 1926//1926
f 2388//2388 1926//1926 2389//2389
f 2389//2389 1926//1926 1922//1922
f 2389//2389 1922//1922 2390//2390
f 2390//2390 1922//1922 1921//1921
f 2390//2390 1921//1921 2391//2391
f 2391//2391 1921//1921 1920//1920
f 2391//2391 1920//1920 2392//2392
f 2392//2392 1920//1920 1918//1918
f 2392//2392 1918//1918 2393//2393
f 2393//2393 1918//1918 1917//1917
f 2393//2393 1917//1917 2394//2394
f 2394//2394 1917//1917 1925//1925
f 2394//2394 1925//1925 2395//2395
f 2395//2395 1925//1925 1924//1924
f 2395//2395 1924//1924 2396//2396
f 2396//2396 1924//1924 1923//1923
f 2396//2396 1923//1923 2397//2397
f 2397//2397 1923//1923 1919//1919
f 2397//2397 1919//1919 2386//2386
f 2386//2386 1919//1919 1928//1928
f 2097//2097 2398//2398 2095//2095
f 2095//2095 2398//2398 2399//2399
f 2095//2095 2399//2399 2093//2093
f 2093//2093 2399//2399 2400//2400
f 2093//2093 2400//2400 2091//2091
f 2091//2091 2400//2400 2401//2401
f 2091//2091 2401//2401 1930//1930
f 1930//1930 2401//2401 1932//1932
f 1931//1931 1932//1932 2398//2398
f 2401//2401 2400//2400 1932//1932
f 1932//1932 2400//2400 2399//2399
f 1932//1932 2399//2399 2398//2398
f 2402//2402 2403//2403 2404//2404
f 2404//2404 2403//2403 1931//1931
f 2404//2404 1931//1931 2405//2405
f 2405//2405 1931//1931 2398//2398
f 2405//2405 2398//2398 2406//2406
f 2406//2406 2398//2398 2407//2407
f 1929//1929 1931//1931 2101//2101
f 2101//2101 1931//1931 2403//2403
f 2101//2101 2403//2403 2103//2103
f 2103//2103 2403//2403 2402//2402
f 2103//2103 2402//2402 2105//2105
f 2105//2105 2402//2402 2404//2404
f 2105//2105 2404//2404 2104//2104
f 2104//2104 2404//2404 2405//2405
f 1941//1941 1940//1940 2408//2408
f 2408//2408 1940//1940 1676//1676
f 2408//2408 1676//1676 2104//2104
f 2104//2104 1676//1676 1933//1933
f 1941//1941 2408//2408 1939//1939
f 1939//1939 2408//2408 2409//2409
f 1939//1939 2409//2409 2410//2410
f 2411//2411 2412//2412 2409//2409
f 2409//2409 2412//2412 2413//2413
f 2409//2409 2413//2413 2410//2410
f 2414//2414 2415//2415 1937//1937
f 2414//2414 1937//1937 2416//2416
f 2416//2416 1937//1937 1939//1939
f 2416//2416 1939//1939 2410//2410
f 2417//2417 2418//2418 1945//1945
f 2419//2419 2420//2420 1995//1995
f 1995//1995 1993//1993 2419//2419
f 2419//2419 1993//1993 1991//1991
f 2419//2419 1991//1991 1943//1943
f 1943//1943 1991//1991 1942//1942
f 1943//1943 1942//1942 1673//1673
f 1945//1945 2418//2418 1943//1943
f 2421//2421 2419//2419 2422//2422
f 2422//2422 2419//2419 1943//1943
f 2422//2422 1943//1943 2423//2423
f 2423//2423 1943//1943 2418//2418
f 1937//1937 2415//2415 1945//1945
f 1945//1945 2415//2415 2424//2424
f 1945//1945 2424//2424 2417//2417
f 2425//2425 2426//2426 1949//1949
f 1948//1948 1947//1947 2427//2427
f 2427//2427 1947//1947 1949//1949
f 2427//2427 1949//1949 2428//2428
f 2428//2428 1949//1949 2426//2426
f 2425//2425 1949//1949 2429//2429
f 2429//2429 1949//1949 1954//1954
f 2429//2429 1954//1954 2430//2430
f 1953//1953 2431//2431 1954//1954
f 1954//1954 2431//2431 2432//2432
f 1954//1954 2432//2432 2430//2430
f 1952//1952 1956//1956 1953//1953
f 1953//1953 1956//1956 2433//2433
f 2433//2433 2434//2434 1953//1953
f 1953//1953 2434//2434 2435//2435
f 1953//1953 2435//2435 2431//2431
f 352//352 729//729 2436//2436
f 1971//1971 740//740 2436//2436
f 2436//2436 740//740 350//350
f 2436//2436 350//350 352//352
f 1959//1959 1958//1958 1972//1972
f 1972//1972 1969//1969 1959//1959
f 1959//1959 1969//1969 1970//1970
f 1959//1959 1970//1970 2027//2027
f 2437//2437 2012//2012 2436//2436
f 2436//2436 2012//2012 2027//2027
f 2436//2436 2027//2027 1971//1971
f 1971//1971 2027//2027 1970//1970
f 1965//1965 1968//1968 1966//1966
f 1966//1966 1968//1968 1972//1972
f 1966//1966 1972//1972 1963//1963
f 1963//1963 1972//1972 1958//1958
f 1963//1963 1958//1958 1962//1962
f 1962//1962 1958//1958 1961//1961
f 2438//2438 1984//1984 1973//1973
f 1570//1570 1979//1979 1980//1980
f 1977//1977 2439//2439 1976//1976
f 1976//1976 2439//2439 2440//2440
f 1570//1570 2012//2012 1979//1979
f 1979//1979 2012//2012 2437//2437
f 1979//1979 2437//2437 1978//1978
f 1978//1978 2437//2437 2441//2441
f 1978//1978 2441//2441 1977//1977
f 1977//1977 2441//2441 2442//2442
f 1977//1977 2442//2442 2439//2439
f 1984//1984 2438//2438 1983//1983
f 1983//1983 2438//2438 2443//2443
f 1983//1983 2443//2443 1982//1982
f 1982//1982 2443//2443 2444//2444
f 1982//1982 2444//2444 1981//1981
f 1981//1981 2444//2444 2445//2445
f 1981//1981 2445//2445 1980//1980
f 1980//1980 2445//2445 2446//2446
f 1980//1980 2446//2446 1570//1570
f 2440//2440 2447//2447 1976//1976
f 1976//1976 2447//2447 2448//2448
f 1976//1976 2448//2448 1975//1975
f 1975//1975 2448//2448 2449//2449
f 1975//1975 2449//2449 1974//1974
f 1974//1974 2449//2449 2450//2450
f 1974//1974 2450//2450 1973//1973
f 1973//1973 2450//2450 2451//2451
f 1973//1973 2451//2451 2438//2438
f 2452//2452 2453//2453 2422//2422
f 2422//2422 2453//2453 2454//2454
f 2422//2422 2454//2454 2455//2455
f 2456//2456 2421//2421 2457//2457
f 2457//2457 2421//2421 2422//2422
f 2457//2457 2422//2422 2458//2458
f 2458//2458 2422//2422 2455//2455
f 2458//2458 2455//2455 2459//2459
f 1407//1407 2456//2456 1987//1987
f 1987//1987 2456//2456 2457//2457
f 1987//1987 2457//2457 1986//1986
f 1986//1986 2457//2457 2458//2458
f 1986//1986 2458//2458 2459//2459
f 2454//2454 1956//1956 2455//2455
f 2455//2455 1956//1956 1955//1955
f 2455//2455 1955//1955 2459//2459
f 2459//2459 1955//1955 1985//1985
f 2459//2459 1985//1985 1986//1986
f 1407//1407 1405//1405 2456//2456
f 2456//2456 1405//1405 1989//1989
f 2456//2456 1989//1989 2421//2421
f 2421//2421 1989//1989 1988//1988
f 2421//2421 1988//1988 2419//2419
f 2419//2419 1988//1988 1997//1997
f 2419//2419 1997//1997 2420//2420
f 2420//2420 1997//1997 1996//1996
f 2420//2420 1996//1996 1995//1995
f 1998//1998 2460//2460 1999//1999
f 1999//1999 2460//2460 2461//2461
f 1999//1999 2461//2461 2462//2462
f 1610//1610 2027//2027 2003//2003
f 2003//2003 2027//2027 2012//2012
f 2003//2003 2012//2012 2002//2002
f 2012//2012 2011//2011 2002//2002
f 2002//2002 2011//2011 2009//2009
f 2002//2002 2009//2009 2001//2001
f 2001//2001 2009//2009 2008//2008
f 2001//2001 2008//2008 2000//2000
f 2000//2000 2008//2008 2463//2463
f 2000//2000 2463//2463 1998//1998
f 1998//1998 2463//2463 2460//2460
f 2464//2464 2451//2451 2450//2450
f 2451//2451 2464//2464 2438//2438
f 2438//2438 2464//2464 2008//2008
f 2438//2438 2008//2008 2007//2007
f 2007//2007 2010//2010 2438//2438
f 2438//2438 2010//2010 1568//1568
f 2438//2438 1568//1568 2443//2443
f 2443//2443 1568//1568 2004//2004
f 2443//2443 2004//2004 2444//2444
f 2444//2444 2004//2004 2006//2006
f 2444//2444 2006//2006 2445//2445
f 2445//2445 2006//2006 2005//2005
f 2445//2445 2005//2005 2446//2446
f 2446//2446 2005//2005 1570//1570
f 1589//1589 2015//2015 2017//2017
f 2017//2017 2015//2015 2465//2465
f 2465//2465 2015//2015 2466//2466
f 2466//2466 2015//2015 2014//2014
f 2466//2466 2014//2014 2467//2467
f 2467//2467 2014//2014 2468//2468
f 2468//2468 2014//2014 2013//2013
f 2468//2468 2013//2013 2469//2469
f 2469//2469 2013//2013 1999//1999
f 2469//2469 1999//1999 2462//2462
f 2016//2016 2038//2038 2039//2039
f 1959//1959 1616//1616 2026//2026
f 2026//2026 2025//2025 1959//1959
f 1959//1959 2025//2025 2024//2024
f 1959//1959 2024//2024 1960//1960
f 2017//2017 2465//2465 2466//2466
f 2466//2466 2470//2470 2017//2017
f 2017//2017 2470//2470 2034//2034
f 2017//2017 2034//2034 2016//2016
f 2016//2016 2034//2034 2036//2036
f 2016//2016 2036//2036 2038//2038
f 2019//2019 2032//2032 2023//2023
f 2023//2023 2032//2032 2029//2029
f 2029//2029 2030//2030 2023//2023
f 2023//2023 2030//2030 2028//2028
f 2023//2023 2028//2028 2024//2024
f 2024//2024 2028//2028 1957//1957
f 2024//2024 1957//1957 1960//1960
f 2019//2019 2018//2018 2020//2020
f 2039//2039 2032//2032 2016//2016
f 2016//2016 2032//2032 2019//2019
f 2016//2016 2019//2019 2021//2021
f 2021//2021 2019//2019 2020//2020
f 2470//2470 2471//2471 2034//2034
f 2034//2034 2471//2471 2035//2035
f 2035//2035 2471//2471 2364//2364
f 2364//2364 2471//2471 2472//2472
f 2097//2097 2098//2098 2473//2473
f 2474//2474 2475//2475 2473//2473
f 2473//2473 2475//2475 2476//2476
f 2473//2473 2476//2476 2097//2097
f 2040//2040 1653//1653 2477//2477
f 2477//2477 1653//1653 1747//1747
f 2477//2477 1747//1747 2478//2478
f 2478//2478 1747//1747 2125//2125
f 2055//2055 2054//2054 2072//2072
f 2479//2479 2068//2068 2480//2480
f 2480//2480 2068//2068 2069//2069
f 2480//2480 2069//2069 2040//2040
f 2040//2040 2069//2069 2070//2070
f 2040//2040 2070//2070 2041//2041
f 2072//2072 2054//2054 2071//2071
f 2054//2054 2053//2053 2071//2071
f 2071//2071 2053//2053 2058//2058
f 2071//2071 2058//2058 2070//2070
f 2070//2070 2058//2058 2057//2057
f 2070//2070 2057//2057 2041//2041
f 2055//2055 2072//2072 2056//2056
f 2056//2056 2072//2072 2073//2073
f 2056//2056 2073//2073 2049//2049
f 2049//2049 2073//2073 2074//2074
f 2049//2049 2074//2074 2050//2050
f 2050//2050 2074//2074 2051//2051
f 2051//2051 2074//2074 2075//2075
f 2051//2051 2075//2075 2052//2052
f 2052//2052 2075//2075 2076//2076
f 2052//2052 2076//2076 2047//2047
f 2047//2047 2076//2076 2048//2048
f 2048//2048 2076//2076 2077//2077
f 2048//2048 2077//2077 2045//2045
f 2045//2045 2077//2077 2046//2046
f 2046//2046 2077//2077 2078//2078
f 2046//2046 2078//2078 2042//2042
f 2042//2042 2078//2078 2043//2043
f 2043//2043 2078//2078 2079//2079
f 2043//2043 2079//2079 2044//2044
f 1691//1691 2060//2060 2067//2067
f 2067//2067 2060//2060 2059//2059
f 2067//2067 2059//2059 2082//2082
f 2082//2082 2059//2059 2066//2066
f 2082//2082 2066//2066 2081//2081
f 2081//2081 2066//2066 2065//2065
f 2081//2081 2065//2065 2080//2080
f 2080//2080 2065//2065 2064//2064
f 2080//2080 2064//2064 2079//2079
f 2079//2079 2064//2064 1679//1679
f 2079//2079 1679//1679 2044//2044
f 2479//2479 2481//2481 2068//2068
f 2068//2068 2481//2481 2083//2083
f 2084//2084 2083//2083 2482//2482
f 2482//2482 2083//2083 2481//2481
f 2088//2088 1741//1741 2483//2483
f 2483//2483 1741//1741 2085//2085
f 2483//2483 2085//2085 2086//2086
f 2087//2087 2084//2084 2482//2482
f 2482//2482 2484//2484 2087//2087
f 2087//2087 2484//2484 2473//2473
f 2087//2087 2473//2473 2086//2086
f 2086//2086 2473//2473 2485//2485
f 2086//2086 2485//2485 2483//2483
f 2126//2126 2127//2127 2486//2486
f 2486//2486 2127//2127 2128//2128
f 2486//2486 2128//2128 2148//2148
f 2148//2148 2128//2128 2129//2129
f 2109//2109 2122//2122 2111//2111
f 2111//2111 2122//2122 2094//2094
f 2111//2111 2094//2094 2114//2114
f 2094//2094 2092//2092 2114//2114
f 2114//2114 2092//2092 2090//2090
f 2114//2114 2090//2090 2106//2106
f 2106//2106 2090//2090 2099//2099
f 2106//2106 2099//2099 2100//2100
f 2089//2089 2088//2088 2096//2096
f 2096//2096 2088//2088 2483//2483
f 2096//2096 2483//2483 2098//2098
f 2098//2098 2483//2483 2485//2485
f 2098//2098 2485//2485 2473//2473
f 2129//2129 2089//2089 2148//2148
f 2148//2148 2089//2089 2096//2096
f 2148//2148 2096//2096 2118//2118
f 2118//2118 2096//2096 2094//2094
f 2118//2118 2094//2094 2120//2120
f 2120//2120 2094//2094 2122//2122
f 2477//2477 2478//2478 2487//2487
f 2478//2478 2125//2125 2488//2488
f 2488//2488 2125//2125 2126//2126
f 2486//2486 2148//2148 2147//2147
f 2147//2147 2489//2489 2486//2486
f 2486//2486 2489//2489 2490//2490
f 2486//2486 2490//2490 2491//2491
f 2492//2492 2134//2134 2136//2136
f 2152//2152 2492//2492 2153//2153
f 2153//2153 2492//2492 2146//2146
f 2136//2136 2138//2138 2492//2492
f 2492//2492 2138//2138 2137//2137
f 2492//2492 2137//2137 2146//2146
f 2489//2489 2147//2147 2493//2493
f 2493//2493 2147//2147 2492//2492
f 2134//2134 2492//2492 2133//2133
f 2133//2133 2492//2492 2147//2147
f 2133//2133 2147//2147 2117//2117
f 2494//2494 2495//2495 2496//2496
f 2496//2496 2495//2495 2497//2497
f 2496//2496 2497//2497 2498//2498
f 2499//2499 2500//2500 2494//2494
f 2494//2494 2500//2500 2501//2501
f 2494//2494 2501//2501 2495//2495
f 2150//2150 2149//2149 2157//2157
f 2499//2499 2502//2502 2500//2500
f 2500//2500 2502//2502 2503//2503
f 2500//2500 2503//2503 2504//2504
f 2504//2504 2503//2503 2492//2492
f 2492//2492 2152//2152 2504//2504
f 2504//2504 2152//2152 2150//2150
f 2504//2504 2150//2150 2505//2505
f 2505//2505 2150//2150 2157//2157
f 2160//2160 2159//2159 2206//2206
f 2182//2182 2506//2506 2183//2183
f 2183//2183 2506//2506 2498//2498
f 2183//2183 2498//2498 2187//2187
f 2187//2187 2498//2498 2497//2497
f 2187//2187 2497//2497 2185//2185
f 2206//2206 2159//2159 2207//2207
f 2497//2497 2495//2495 2185//2185
f 2185//2185 2495//2495 2501//2501
f 2185//2185 2501//2501 2186//2186
f 2186//2186 2501//2501 2500//2500
f 2186//2186 2500//2500 2178//2178
f 2178//2178 2500//2500 2504//2504
f 2178//2178 2504//2504 2176//2176
f 2176//2176 2504//2504 2505//2505
f 2176//2176 2505//2505 2177//2177
f 2177//2177 2505//2505 2157//2157
f 2177//2177 2157//2157 2158//2158
f 2161//2161 2224//2224 2200//2200
f 2224//2224 2226//2226 2200//2200
f 2200//2200 2226//2226 2507//2507
f 2200//2200 2507//2507 2201//2201
f 2201//2201 2507//2507 2506//2506
f 2201//2201 2506//2506 2202//2202
f 2202//2202 2506//2506 2182//2182
f 2202//2202 2182//2182 2203//2203
f 2158//2158 2160//2160 2177//2177
f 2177//2177 2160//2160 2206//2206
f 2177//2177 2206//2206 2181//2181
f 2181//2181 2206//2206 2205//2205
f 2181//2181 2205//2205 2179//2179
f 2179//2179 2205//2205 2204//2204
f 2179//2179 2204//2204 2180//2180
f 2180//2180 2204//2204 2203//2203
f 2180//2180 2203//2203 2184//2184
f 2184//2184 2203//2203 2182//2182
f 2161//2161 2200//2200 2162//2162
f 2162//2162 2200//2200 2199//2199
f 2162//2162 2199//2199 2163//2163
f 2199//2199 2198//2198 2163//2163
f 2163//2163 2198//2198 2197//2197
f 2163//2163 2197//2197 2164//2164
f 2164//2164 2197//2197 2196//2196
f 2164//2164 2196//2196 2165//2165
f 2165//2165 2196//2196 2195//2195
f 2165//2165 2195//2195 2166//2166
f 2166//2166 2195//2195 2194//2194
f 2166//2166 2194//2194 2167//2167
f 2167//2167 2194//2194 2193//2193
f 2167//2167 2193//2193 2168//2168
f 2168//2168 2193//2193 2192//2192
f 2168//2168 2192//2192 2169//2169
f 2169//2169 2192//2192 2191//2191
f 2169//2169 2191//2191 2170//2170
f 2170//2170 2191//2191 2190//2190
f 2170//2170 2190//2190 2171//2171
f 2171//2171 2190//2190 2189//2189
f 2171//2171 2189//2189 2172//2172
f 2172//2172 2189//2189 2188//2188
f 2172//2172 2188//2188 2173//2173
f 2173//2173 2188//2188 2207//2207
f 2173//2173 2207//2207 2174//2174
f 2174//2174 2207//2207 2159//2159
f 2212//2212 2306//2306 2210//2210
f 2210//2210 2306//2306 2304//2304
f 2210//2210 2304//2304 2208//2208
f 2208//2208 2304//2304 2508//2508
f 2508//2508 2304//2304 2303//2303
f 2508//2508 2303//2303 2302//2302
f 2223//2223 2217//2217 2509//2509
f 2509//2509 2217//2217 2216//2216
f 2509//2509 2216//2216 2510//2510
f 2209//2209 2208//2208 2511//2511
f 2511//2511 2512//2512 2209//2209
f 2209//2209 2512//2512 2513//2513
f 2209//2209 2513//2513 2514//2514
f 2514//2514 2515//2515 2209//2209
f 2209//2209 2515//2515 2516//2516
f 2209//2209 2516//2516 2219//2219
f 2219//2219 2516//2516 2517//2517
f 2219//2219 2517//2517 2216//2216
f 2216//2216 2517//2517 2518//2518
f 2216//2216 2518//2518 2510//2510
f 2223//2223 2509//2509 2519//2519
f 2229//2229 2232//2232 2241//2241
f 2256//2256 2229//2229 2255//2255
f 2255//2255 2229//2229 2241//2241
f 2255//2255 2241//2241 2254//2254
f 2520//2520 2236//2236 2250//2250
f 2520//2520 2250//2250 2252//2252
f 2521//2521 2520//2520 2241//2241
f 2241//2241 2520//2520 2252//2252
f 2241//2241 2252//2252 2254//2254
f 2241//2241 2243//2243 2521//2521
f 2521//2521 2243//2243 2235//2235
f 2521//2521 2235//2235 2520//2520
f 2520//2520 2235//2235 2236//2236
f 2522//2522 2506//2506 2519//2519
f 2519//2519 2506//2506 2507//2507
f 2256//2256 2223//2223 2229//2229
f 2229//2229 2223//2223 2519//2519
f 2229//2229 2519//2519 2228//2228
f 2228//2228 2519//2519 2507//2507
f 2228//2228 2507//2507 2226//2226
f 2523//2523 2263//2263 2270//2270
f 2273//2273 2523//2523 2524//2524
f 2523//2523 2270//2270 2524//2524
f 2524//2524 2270//2270 2269//2269
f 2524//2524 2269//2269 2525//2525
f 2525//2525 2269//2269 2267//2267
f 2525//2525 2267//2267 2526//2526
f 2273//2273 2524//2524 2274//2274
f 2274//2274 2524//2524 2525//2525
f 2274//2274 2525//2525 2276//2276
f 2276//2276 2525//2525 2526//2526
f 2276//2276 2526//2526 2278//2278
f 2267//2267 2266//2266 2526//2526
f 2526//2526 2266//2266 2262//2262
f 2526//2526 2262//2262 2527//2527
f 2527//2527 2262//2262 2261//2261
f 2527//2527 2261//2261 2287//2287
f 2278//2278 2526//2526 2282//2282
f 2282//2282 2526//2526 2527//2527
f 2282//2282 2527//2527 2281//2281
f 2281//2281 2527//2527 2287//2287
f 2281//2281 2287//2287 2280//2280
f 2264//2264 2263//2263 2528//2528
f 2529//2529 2300//2300 2528//2528
f 2528//2528 2300//2300 2299//2299
f 2528//2528 2299//2299 2264//2264
f 2529//2529 2530//2530 2300//2300
f 2300//2300 2530//2530 2531//2531
f 2300//2300 2531//2531 2302//2302
f 2322//2322 2532//2532 2272//2272
f 2272//2272 2532//2532 2273//2273
f 2316//2316 2315//2315 2533//2533
f 2533//2533 2315//2315 2372//2372
f 2372//2372 2534//2534 2533//2533
f 2533//2533 2534//2534 2535//2535
f 2533//2533 2535//2535 2536//2536
f 2536//2536 2535//2535 2537//2537
f 2536//2536 2537//2537 2538//2538
f 2316//2316 2533//2533 2536//2536
f 2536//2536 2538//2538 2316//2316
f 2316//2316 2538//2538 2539//2539
f 2316//2316 2539//2539 2318//2318
f 2318//2318 2539//2539 2319//2319
f 2318//2318 2319//2319 2320//2320
f 2540//2540 2541//2541 2309//2309
f 2309//2309 2308//2308 2540//2540
f 2540//2540 2308//2308 2313//2313
f 2540//2540 2313//2313 2539//2539
f 2539//2539 2313//2313 2311//2311
f 2539//2539 2311//2311 2319//2319
f 2542//2542 2324//2324 2333//2333
f 2542//2542 2333//2333 2543//2543
f 2544//2544 2532//2532 2542//2542
f 2542//2542 2532//2532 2322//2322
f 2542//2542 2322//2322 2324//2324
f 2336//2336 2331//2331 2545//2545
f 2545//2545 2331//2331 2309//2309
f 2545//2545 2309//2309 2541//2541
f 2355//2355 2546//2546 2335//2335
f 2335//2335 2546//2546 2543//2543
f 2335//2335 2543//2543 2334//2334
f 2334//2334 2543//2543 2333//2333
f 2341//2341 2547//2547 2342//2342
f 2342//2342 2547//2547 2548//2548
f 2342//2342 2548//2548 2343//2343
f 2343//2343 2548//2548 2549//2549
f 2343//2343 2549//2549 2344//2344
f 2344//2344 2549//2549 2550//2550
f 2344//2344 2550//2550 2345//2345
f 2345//2345 2550//2550 2551//2551
f 2345//2345 2551//2551 2346//2346
f 2346//2346 2551//2551 2552//2552
f 2346//2346 2552//2552 2347//2347
f 2347//2347 2552//2552 2553//2553
f 2347//2347 2553//2553 2348//2348
f 2348//2348 2553//2553 2554//2554
f 2348//2348 2554//2554 2349//2349
f 2349//2349 2554//2554 2555//2555
f 2349//2349 2555//2555 2350//2350
f 2350//2350 2555//2555 2556//2556
f 2350//2350 2556//2556 2351//2351
f 2351//2351 2556//2556 2557//2557
f 2351//2351 2557//2557 2352//2352
f 2352//2352 2557//2557 2558//2558
f 2352//2352 2558//2558 2353//2353
f 2353//2353 2558//2558 2559//2559
f 2353//2353 2559//2559 2354//2354
f 2354//2354 2559//2559 2560//2560
f 2354//2354 2560//2560 2358//2358
f 2358//2358 2560//2560 2561//2561
f 2358//2358 2561//2561 2357//2357
f 2357//2357 2561//2561 2562//2562
f 2357//2357 2562//2562 2356//2356
f 2356//2356 2562//2562 2563//2563
f 2356//2356 2563//2563 2355//2355
f 2355//2355 2563//2563 2564//2564
f 2355//2355 2564//2564 2546//2546
f 2545//2545 2565//2565 2336//2336
f 2336//2336 2565//2565 2566//2566
f 2336//2336 2566//2566 2337//2337
f 2337//2337 2566//2566 2567//2567
f 2337//2337 2567//2567 2338//2338
f 2338//2338 2567//2567 2568//2568
f 2338//2338 2568//2568 2339//2339
f 2339//2339 2568//2568 2547//2547
f 2339//2339 2547//2547 2340//2340
f 2340//2340 2547//2547 2341//2341
f 2365//2365 2362//2362 2366//2366
f 2366//2366 2362//2362 2363//2363
f 2366//2366 2363//2363 2361//2361
f 2569//2569 2570//2570 2571//2571
f 2572//2572 2573//2573 2360//2360
f 2572//2572 2360//2360 2574//2574
f 2569//2569 2571//2571 2472//2472
f 2472//2472 2571//2571 2575//2575
f 2472//2472 2575//2575 2364//2364
f 2364//2364 2575//2575 2574//2574
f 2364//2364 2574//2574 2365//2365
f 2365//2365 2574//2574 2360//2360
f 2365//2365 2360//2360 2362//2362
f 2359//2359 2360//2360 2367//2367
f 2367//2367 2360//2360 2368//2368
f 2576//2576 2577//2577 2578//2578
f 2578//2578 2577//2577 2579//2579
f 2368//2368 2360//2360 2369//2369
f 2369//2369 2360//2360 2573//2573
f 2369//2369 2573//2573 2576//2576
f 2576//2576 2573//2573 2580//2580
f 2576//2576 2580//2580 2577//2577
f 2371//2371 1873//1873 2576//2576
f 2576//2576 1873//1873 2369//2369
f 2534//2534 2372//2372 2373//2373
f 2581//2581 2537//2537 2535//2535
f 2535//2535 2534//2534 2581//2581
f 2581//2581 2534//2534 2373//2373
f 2581//2581 2373//2373 2371//2371
f 2371//2371 2373//2373 1899//1899
f 2371//2371 1899//1899 2370//2370
f 2582//2582 2583//2583 2571//2571
f 2571//2571 2583//2583 2584//2584
f 2585//2585 2579//2579 2586//2586
f 2586//2586 2579//2579 2577//2577
f 2586//2586 2577//2577 2587//2587
f 2587//2587 2577//2577 2580//2580
f 2587//2587 2580//2580 2588//2588
f 2588//2588 2580//2580 2573//2573
f 2588//2588 2573//2573 2589//2589
f 2589//2589 2573//2573 2572//2572
f 2589//2589 2572//2572 2590//2590
f 2590//2590 2572//2572 2574//2574
f 2590//2590 2574//2574 2584//2584
f 2584//2584 2574//2574 2575//2575
f 2584//2584 2575//2575 2571//2571
f 2475//2475 2474//2474 2591//2591
f 2591//2591 2474//2474 2592//2592
f 2591//2591 2592//2592 2593//2593
f 2594//2594 2476//2476 2475//2475
f 2595//2595 2596//2596 2597//2597
f 2597//2597 2596//2596 2594//2594
f 2597//2597 2594//2594 2591//2591
f 2591//2591 2594//2594 2475//2475
f 2598//2598 2599//2599 2385//2385
f 2385//2385 2599//2599 2600//2600
f 2385//2385 2600//2600 2384//2384
f 2384//2384 2600//2600 2601//2601
f 2384//2384 2601//2601 2383//2383
f 2383//2383 2601//2601 2602//2602
f 2383//2383 2602//2602 2382//2382
f 2382//2382 2602//2602 2603//2603
f 2382//2382 2603//2603 2381//2381
f 2381//2381 2603//2603 2604//2604
f 2381//2381 2604//2604 2380//2380
f 2380//2380 2604//2604 2605//2605
f 2380//2380 2605//2605 2379//2379
f 2379//2379 2605//2605 2606//2606
f 2379//2379 2606//2606 2378//2378
f 2378//2378 2606//2606 2607//2607
f 2378//2378 2607//2607 2377//2377
f 2377//2377 2607//2607 2608//2608
f 2377//2377 2608//2608 2376//2376
f 2376//2376 2608//2608 2609//2609
f 2376//2376 2609//2609 2375//2375
f 2375//2375 2609//2609 2610//2610
f 2375//2375 2610//2610 2374//2374
f 2374//2374 2610//2610 2598//2598
f 2374//2374 2598//2598 2385//2385
f 2611//2611 2612//2612 2397//2397
f 2397//2397 2612//2612 2613//2613
f 2397//2397 2613//2613 2396//2396
f 2396//2396 2613//2613 2614//2614
f 2396//2396 2614//2614 2395//2395
f 2395//2395 2614//2614 2615//2615
f 2395//2395 2615//2615 2394//2394
f 2394//2394 2615//2615 2616//2616
f 2394//2394 2616//2616 2393//2393
f 2393//2393 2616//2616 2617//2617
f 2393//2393 2617//2617 2392//2392
f 2392//2392 2617//2617 2618//2618
f 2392//2392 2618//2618 2391//2391
f 2391//2391 2618//2618 2619//2619
f 2391//2391 2619//2619 2390//2390
f 2390//2390 2619//2619 2620//2620
f 2390//2390 2620//2620 2389//2389
f 2389//2389 2620//2620 2621//2621
f 2389//2389 2621//2621 2388//2388
f 2388//2388 2621//2621 2622//2622
f 2388//2388 2622//2622 2387//2387
f 2387//2387 2622//2622 2623//2623
f 2387//2387 2623//2623 2386//2386
f 2386//2386 2623//2623 2611//2611
f 2386//2386 2611//2611 2397//2397
f 2398//2398 2097//2097 2407//2407
f 2407//2407 2097//2097 2476//2476
f 2407//2407 2476//2476 2624//2624
f 2624//2624 2476//2476 2594//2594
f 2624//2624 2594//2594 2625//2625
f 2407//2407 2624//2624 2406//2406
f 2406//2406 2624//2624 2626//2626
f 2409//2409 2408//2408 2627//2627
f 2627//2627 2408//2408 2104//2104
f 2104//2104 2405//2405 2627//2627
f 2627//2627 2405//2405 2406//2406
f 2627//2627 2406//2406 2626//2626
f 2409//2409 2627//2627 2411//2411
f 2411//2411 2627//2627 2628//2628
f 2411//2411 2628//2628 2412//2412
f 2412//2412 2628//2628 2629//2629
f 2412//2412 2629//2629 2413//2413
f 2413//2413 2629//2629 2410//2410
f 2410//2410 2629//2629 2630//2630
f 2410//2410 2630//2630 2416//2416
f 2416//2416 2630//2630 2414//2414
f 2414//2414 2630//2630 2631//2631
f 2414//2414 2631//2631 2415//2415
f 2415//2415 2631//2631 2424//2424
f 2424//2424 2631//2631 2417//2417
f 2417//2417 2631//2631 2632//2632
f 2417//2417 2632//2632 2418//2418
f 2418//2418 2632//2632 2423//2423
f 2423//2423 2632//2632 2452//2452
f 2423//2423 2452//2452 2422//2422
f 2435//2435 2434//2434 2449//2449
f 2464//2464 2450//2450 2453//2453
f 1956//1956 2454//2454 2433//2433
f 2433//2433 2454//2454 2453//2453
f 2433//2433 2453//2453 2434//2434
f 2434//2434 2453//2453 2450//2450
f 2434//2434 2450//2450 2449//2449
f 2448//2448 2432//2432 2449//2449
f 2449//2449 2432//2432 2431//2431
f 2449//2449 2431//2431 2435//2435
f 2440//2440 2428//2428 2447//2447
f 2447//2447 2428//2428 2426//2426
f 2426//2426 2425//2425 2447//2447
f 2447//2447 2425//2425 2429//2429
f 2447//2447 2429//2429 2448//2448
f 2448//2448 2429//2429 2430//2430
f 2448//2448 2430//2430 2432//2432
f 2440//2440 2439//2439 2428//2428
f 2428//2428 2439//2439 2442//2442
f 2428//2428 2442//2442 2427//2427
f 2427//2427 2442//2442 1948//1948
f 2437//2437 2436//2436 2441//2441
f 2441//2441 2436//2436 729//729
f 2441//2441 729//729 2442//2442
f 2442//2442 729//729 1363//1363
f 2442//2442 1363//1363 1948//1948
f 2633//2633 2634//2634 2453//2453
f 2453//2453 2634//2634 2635//2635
f 2453//2453 2635//2635 2464//2464
f 2636//2636 2634//2634 2633//2633
f 2636//2636 2461//2461 2460//2460
f 2636//2636 2460//2460 2634//2634
f 2634//2634 2460//2460 2463//2463
f 2634//2634 2463//2463 2635//2635
f 2635//2635 2463//2463 2008//2008
f 2635//2635 2008//2008 2464//2464
f 2461//2461 2468//2468 2462//2462
f 2462//2462 2468//2468 2469//2469
f 2468//2468 2637//2637 2467//2467
f 2467//2467 2637//2637 2466//2466
f 2471//2471 2470//2470 2638//2638
f 2638//2638 2470//2470 2466//2466
f 2638//2638 2466//2466 2637//2637
f 2638//2638 2639//2639 2570//2570
f 2570//2570 2569//2569 2638//2638
f 2638//2638 2569//2569 2472//2472
f 2638//2638 2472//2472 2471//2471
f 2639//2639 2640//2640 2570//2570
f 2570//2570 2640//2640 2582//2582
f 2570//2570 2582//2582 2571//2571
f 2583//2583 2582//2582 2641//2641
f 2641//2641 2582//2582 2640//2640
f 2040//2040 2477//2477 2642//2642
f 2479//2479 2592//2592 2481//2481
f 2481//2481 2592//2592 2474//2474
f 2481//2481 2474//2474 2482//2482
f 2482//2482 2474//2474 2473//2473
f 2482//2482 2473//2473 2484//2484
f 2643//2643 2644//2644 2479//2479
f 2479//2479 2644//2644 2645//2645
f 2479//2479 2645//2645 2592//2592
f 2642//2642 2646//2646 2040//2040
f 2040//2040 2646//2646 2647//2647
f 2040//2040 2647//2647 2480//2480
f 2480//2480 2647//2647 2648//2648
f 2480//2480 2648//2648 2479//2479
f 2479//2479 2648//2648 2649//2649
f 2479//2479 2649//2649 2643//2643
f 2491//2491 2650//2650 2486//2486
f 2486//2486 2650//2650 2651//2651
f 2486//2486 2651//2651 2126//2126
f 2126//2126 2651//2651 2652//2652
f 2126//2126 2652//2652 2488//2488
f 2488//2488 2652//2652 2653//2653
f 2488//2488 2653//2653 2478//2478
f 2478//2478 2653//2653 2654//2654
f 2478//2478 2654//2654 2487//2487
f 2490//2490 2489//2489 2493//2493
f 2655//2655 2650//2650 2491//2491
f 2650//2650 2655//2655 2651//2651
f 2651//2651 2655//2655 2656//2656
f 2651//2651 2656//2656 2652//2652
f 2503//2503 2502//2502 2655//2655
f 2492//2492 2503//2503 2493//2493
f 2493//2493 2503//2503 2655//2655
f 2493//2493 2655//2655 2490//2490
f 2490//2490 2655//2655 2491//2491
f 2496//2496 2656//2656 2494//2494
f 2494//2494 2656//2656 2655//2655
f 2494//2494 2655//2655 2499//2499
f 2499//2499 2655//2655 2502//2502
f 2496//2496 2498//2498 2522//2522
f 2522//2522 2498//2498 2506//2506
f 2530//2530 2529//2529 2657//2657
f 2208//2208 2508//2508 2658//2658
f 2208//2208 2658//2658 2511//2511
f 2511//2511 2658//2658 2659//2659
f 2511//2511 2659//2659 2512//2512
f 2512//2512 2659//2659 2660//2660
f 2512//2512 2660//2660 2513//2513
f 2513//2513 2660//2660 2661//2661
f 2513//2513 2661//2661 2514//2514
f 2514//2514 2661//2661 2662//2662
f 2514//2514 2662//2662 2515//2515
f 2515//2515 2662//2662 2663//2663
f 2515//2515 2663//2663 2516//2516
f 2664//2664 2519//2519 2509//2509
f 2509//2509 2510//2510 2664//2664
f 2664//2664 2510//2510 2518//2518
f 2664//2664 2518//2518 2663//2663
f 2663//2663 2518//2518 2517//2517
f 2663//2663 2517//2517 2516//2516
f 2530//2530 2658//2658 2531//2531
f 2531//2531 2658//2658 2508//2508
f 2531//2531 2508//2508 2302//2302
f 2530//2530 2657//2657 2658//2658
f 2658//2658 2657//2657 2665//2665
f 2658//2658 2665//2665 2659//2659
f 2659//2659 2665//2665 2666//2666
f 2659//2659 2666//2666 2660//2660
f 2666//2666 2667//2667 2660//2660
f 2660//2660 2667//2667 2668//2668
f 2660//2660 2668//2668 2661//2661
f 2661//2661 2668//2668 2669//2669
f 2661//2661 2669//2669 2662//2662
f 2662//2662 2669//2669 2670//2670
f 2662//2662 2670//2670 2663//2663
f 2663//2663 2670//2670 2671//2671
f 2663//2663 2671//2671 2664//2664
f 2522//2522 2519//2519 2672//2672
f 2672//2672 2519//2519 2664//2664
f 2672//2672 2664//2664 2673//2673
f 2673//2673 2664//2664 2671//2671
f 2532//2532 2544//2544 2273//2273
f 2273//2273 2544//2544 2674//2674
f 2273//2273 2674//2674 2523//2523
f 2523//2523 2674//2674 2263//2263
f 2675//2675 2529//2529 2674//2674
f 2674//2674 2529//2529 2528//2528
f 2674//2674 2528//2528 2263//2263
f 2544//2544 2676//2676 2674//2674
f 2674//2674 2676//2676 2677//2677
f 2674//2674 2677//2677 2675//2675
f 2675//2675 2677//2677 2678//2678
f 2676//2676 2544//2544 2542//2542
f 2568//2568 2567//2567 2679//2679
f 2676//2676 2542//2542 2680//2680
f 2680//2680 2542//2542 2543//2543
f 2680//2680 2543//2543 2681//2681
f 2543//2543 2546//2546 2681//2681
f 2681//2681 2546//2546 2564//2564
f 2681//2681 2564//2564 2682//2682
f 2564//2564 2563//2563 2682//2682
f 2682//2682 2563//2563 2562//2562
f 2682//2682 2562//2562 2683//2683
f 2562//2562 2561//2561 2683//2683
f 2683//2683 2561//2561 2560//2560
f 2683//2683 2560//2560 2684//2684
f 2560//2560 2559//2559 2684//2684
f 2684//2684 2559//2559 2558//2558
f 2684//2684 2558//2558 2685//2685
f 2558//2558 2557//2557 2685//2685
f 2685//2685 2557//2557 2556//2556
f 2685//2685 2556//2556 2686//2686
f 2556//2556 2555//2555 2686//2686
f 2686//2686 2555//2555 2554//2554
f 2686//2686 2554//2554 2687//2687
f 2554//2554 2553//2553 2687//2687
f 2687//2687 2553//2553 2552//2552
f 2687//2687 2552//2552 2688//2688
f 2552//2552 2551//2551 2688//2688
f 2688//2688 2551//2551 2550//2550
f 2688//2688 2550//2550 2689//2689
f 2550//2550 2549//2549 2689//2689
f 2689//2689 2549//2549 2548//2548
f 2689//2689 2548//2548 2690//2690
f 2679//2679 2691//2691 2568//2568
f 2568//2568 2691//2691 2690//2690
f 2568//2568 2690//2690 2547//2547
f 2547//2547 2690//2690 2548//2548
f 2579//2579 2585//2585 2692//2692
f 2539//2539 2538//2538 2537//2537
f 2371//2371 2576//2576 2581//2581
f 2581//2581 2576//2576 2578//2578
f 2581//2581 2578//2578 2537//2537
f 2567//2567 2566//2566 2679//2679
f 2679//2679 2566//2566 2565//2565
f 2565//2565 2545//2545 2679//2679
f 2679//2679 2545//2545 2541//2541
f 2679//2679 2541//2541 2693//2693
f 2693//2693 2541//2541 2540//2540
f 2693//2693 2540//2540 2539//2539
f 2578//2578 2579//2579 2537//2537
f 2537//2537 2579//2579 2692//2692
f 2537//2537 2692//2692 2539//2539
f 2539//2539 2692//2692 2694//2694
f 2539//2539 2694//2694 2693//2693
f 2583//2583 2641//2641 2695//2695
f 2695//2695 2587//2587 2588//2588
f 2586//2586 2587//2587 2585//2585
f 2585//2585 2587//2587 2695//2695
f 2585//2585 2695//2695 2692//2692
f 2692//2692 2695//2695 2694//2694
f 2584//2584 2583//2583 2590//2590
f 2590//2590 2583//2583 2695//2695
f 2590//2590 2695//2695 2589//2589
f 2589//2589 2695//2695 2588//2588
f 2648//2648 2696//2696 2649//2649
f 2649//2649 2696//2696 2697//2697
f 2593//2593 2592//2592 2698//2698
f 2698//2698 2592//2592 2645//2645
f 2698//2698 2645//2645 2699//2699
f 2699//2699 2645//2645 2644//2644
f 2699//2699 2644//2644 2700//2700
f 2700//2700 2644//2644 2643//2643
f 2700//2700 2643//2643 2697//2697
f 2697//2697 2643//2643 2649//2649
f 2593//2593 2701//2701 2591//2591
f 2591//2591 2701//2701 2597//2597
f 2702//2702 2703//2703 2704//2704
f 2705//2705 2706//2706 2707//2707
f 2708//2708 2703//2703 2702//2702
f 2702//2702 2709//2709 2708//2708
f 2708//2708 2709//2709 2710//2710
f 2708//2708 2710//2710 2707//2707
f 2707//2707 2710//2710 2711//2711
f 2707//2707 2711//2711 2705//2705
f 2701//2701 2712//2712 2713//2713
f 2701//2701 2713//2713 2597//2597
f 2713//2713 2714//2714 2597//2597
f 2597//2597 2714//2714 2715//2715
f 2597//2597 2715//2715 2595//2595
f 2625//2625 2594//2594 2715//2715
f 2715//2715 2594//2594 2596//2596
f 2715//2715 2596//2596 2595//2595
f 2636//2636 2633//2633 2611//2611
f 2641//2641 2640//2640 2639//2639
f 2611//2611 2633//2633 2612//2612
f 2603//2603 2602//2602 2626//2626
f 2626//2626 2602//2602 2601//2601
f 2615//2615 2614//2614 2607//2607
f 2607//2607 2614//2614 2613//2613
f 2607//2607 2613//2613 2608//2608
f 2638//2638 2637//2637 2639//2639
f 2639//2639 2637//2637 2468//2468
f 2639//2639 2468//2468 2461//2461
f 2632//2632 2631//2631 2600//2600
f 2600//2600 2631//2631 2630//2630
f 2600//2600 2630//2630 2601//2601
f 2601//2601 2630//2630 2629//2629
f 2601//2601 2629//2629 2626//2626
f 2626//2626 2629//2629 2628//2628
f 2626//2626 2628//2628 2627//2627
f 2613//2613 2612//2612 2608//2608
f 2608//2608 2612//2612 2633//2633
f 2608//2608 2633//2633 2609//2609
f 2609//2609 2633//2633 2453//2453
f 2609//2609 2453//2453 2610//2610
f 2610//2610 2453//2453 2452//2452
f 2610//2610 2452//2452 2598//2598
f 2598//2598 2452//2452 2632//2632
f 2598//2598 2632//2632 2599//2599
f 2599//2599 2632//2632 2600//2600
f 2461//2461 2636//2636 2639//2639
f 2639//2639 2636//2636 2611//2611
f 2639//2639 2611//2611 2641//2641
f 2641//2641 2611//2611 2623//2623
f 2641//2641 2623//2623 2695//2695
f 2625//2625 2715//2715 2604//2604
f 2623//2623 2622//2622 2695//2695
f 2695//2695 2622//2622 2621//2621
f 2695//2695 2621//2621 2716//2716
f 2716//2716 2621//2621 2620//2620
f 2716//2716 2620//2620 2717//2717
f 2717//2717 2620//2620 2619//2619
f 2717//2717 2619//2619 2718//2718
f 2718//2718 2619//2619 2618//2618
f 2718//2718 2618//2618 2719//2719
f 2719//2719 2618//2618 2720//2720
f 2720//2720 2618//2618 2617//2617
f 2720//2720 2617//2617 2721//2721
f 2721//2721 2617//2617 2616//2616
f 2721//2721 2616//2616 2722//2722
f 2722//2722 2616//2616 2615//2615
f 2722//2722 2615//2615 2713//2713
f 2607//2607 2606//2606 2615//2615
f 2615//2615 2606//2606 2605//2605
f 2615//2615 2605//2605 2713//2713
f 2713//2713 2605//2605 2604//2604
f 2713//2713 2604//2604 2714//2714
f 2714//2714 2604//2604 2715//2715
f 2603//2603 2626//2626 2604//2604
f 2604//2604 2626//2626 2624//2624
f 2604//2604 2624//2624 2625//2625
f 2477//2477 2487//2487 2654//2654
f 2477//2477 2654//2654 2642//2642
f 2654//2654 2723//2723 2642//2642
f 2642//2642 2723//2723 2724//2724
f 2642//2642 2724//2724 2646//2646
f 2646//2646 2724//2724 2725//2725
f 2646//2646 2725//2725 2647//2647
f 2647//2647 2725//2725 2696//2696
f 2647//2647 2696//2696 2648//2648
f 2726//2726 2654//2654 2653//2653
f 2666//2666 2665//2665 2727//2727
f 2727//2727 2665//2665 2675//2675
f 2675//2675 2665//2665 2657//2657
f 2675//2675 2657//2657 2529//2529
f 2726//2726 2668//2668 2727//2727
f 2727//2727 2668//2668 2667//2667
f 2727//2727 2667//2667 2666//2666
f 2656//2656 2496//2496 2522//2522
f 2522//2522 2672//2672 2656//2656
f 2656//2656 2672//2672 2673//2673
f 2656//2656 2673//2673 2652//2652
f 2652//2652 2673//2673 2671//2671
f 2652//2652 2671//2671 2653//2653
f 2653//2653 2671//2671 2670//2670
f 2653//2653 2670//2670 2726//2726
f 2726//2726 2670//2670 2669//2669
f 2726//2726 2669//2669 2668//2668
f 2728//2728 2729//2729 2727//2727
f 2729//2729 2730//2730 2727//2727
f 2727//2727 2730//2730 2731//2731
f 2727//2727 2731//2731 2726//2726
f 2728//2728 2727//2727 2732//2732
f 2732//2732 2727//2727 2675//2675
f 2732//2732 2675//2675 2678//2678
f 2694//2694 2695//2695 2716//2716
f 2733//2733 2734//2734 2682//2682
f 2735//2735 2678//2678 2677//2677
f 2728//2728 2732//2732 2736//2736
f 2736//2736 2732//2732 2694//2694
f 2736//2736 2694//2694 2737//2737
f 2737//2737 2694//2694 2707//2707
f 2708//2708 2707//2707 2703//2703
f 2703//2703 2707//2707 2694//2694
f 2703//2703 2694//2694 2704//2704
f 2704//2704 2694//2694 2716//2716
f 2682//2682 2683//2683 2733//2733
f 2733//2733 2683//2683 2684//2684
f 2733//2733 2684//2684 2738//2738
f 2738//2738 2684//2684 2685//2685
f 2738//2738 2685//2685 2739//2739
f 2739//2739 2685//2685 2686//2686
f 2739//2739 2686//2686 2740//2740
f 2740//2740 2686//2686 2687//2687
f 2740//2740 2687//2687 2741//2741
f 2741//2741 2687//2687 2688//2688
f 2741//2741 2688//2688 2742//2742
f 2742//2742 2688//2688 2689//2689
f 2742//2742 2689//2689 2743//2743
f 2677//2677 2676//2676 2735//2735
f 2735//2735 2676//2676 2680//2680
f 2735//2735 2680//2680 2734//2734
f 2734//2734 2680//2680 2681//2681
f 2734//2734 2681//2681 2682//2682
f 2689//2689 2690//2690 2743//2743
f 2743//2743 2690//2690 2691//2691
f 2743//2743 2691//2691 2744//2744
f 2744//2744 2691//2691 2679//2679
f 2744//2744 2679//2679 2745//2745
f 2745//2745 2679//2679 2693//2693
f 2745//2745 2693//2693 2735//2735
f 2735//2735 2693//2693 2694//2694
f 2735//2735 2694//2694 2678//2678
f 2678//2678 2694//2694 2732//2732
f 2737//2737 2707//2707 2706//2706
f 2746//2746 2747//2747 2748//2748
f 2748//2748 2747//2747 2737//2737
f 2748//2748 2737//2737 2749//2749
f 2749//2749 2737//2737 2706//2706
f 2697//2697 2696//2696 2750//2750
f 2750//2750 2696//2696 2751//2751
f 2699//2699 2712//2712 2698//2698
f 2698//2698 2712//2712 2701//2701
f 2698//2698 2701//2701 2593//2593
f 2697//2697 2750//2750 2700//2700
f 2700//2700 2750//2750 2752//2752
f 2700//2700 2752//2752 2699//2699
f 2753//2753 2754//2754 2752//2752
f 2752//2752 2754//2754 2755//2755
f 2752//2752 2755//2755 2699//2699
f 2699//2699 2755//2755 2756//2756
f 2699//2699 2756//2756 2712//2712
f 2704//2704 2716//2716 2702//2702
f 2702//2702 2716//2716 2717//2717
f 2718//2718 2710//2710 2717//2717
f 2717//2717 2710//2710 2709//2709
f 2717//2717 2709//2709 2702//2702
f 2749//2749 2706//2706 2705//2705
f 2748//2748 2749//2749 2719//2719
f 2719//2719 2749//2749 2705//2705
f 2719//2719 2705//2705 2718//2718
f 2718//2718 2705//2705 2711//2711
f 2718//2718 2711//2711 2710//2710
f 2748//2748 2719//2719 2746//2746
f 2746//2746 2719//2719 2720//2720
f 2746//2746 2720//2720 2757//2757
f 2757//2757 2720//2720 2758//2758
f 2758//2758 2720//2720 2721//2721
f 2758//2758 2721//2721 2759//2759
f 2713//2713 2712//2712 2722//2722
f 2722//2722 2712//2712 2756//2756
f 2756//2756 2755//2755 2722//2722
f 2722//2722 2755//2755 2754//2754
f 2722//2722 2754//2754 2721//2721
f 2721//2721 2754//2754 2753//2753
f 2721//2721 2753//2753 2759//2759
f 2729//2729 2728//2728 2760//2760
f 2760//2760 2761//2761 2724//2724
f 2724//2724 2761//2761 2762//2762
f 2724//2724 2762//2762 2725//2725
f 2760//2760 2724//2724 2729//2729
f 2729//2729 2724//2724 2723//2723
f 2729//2729 2723//2723 2730//2730
f 2730//2730 2723//2723 2731//2731
f 2731//2731 2723//2723 2654//2654
f 2731//2731 2654//2654 2726//2726
f 2751//2751 2696//2696 2763//2763
f 2763//2763 2696//2696 2725//2725
f 2763//2763 2725//2725 2764//2764
f 2764//2764 2725//2725 2762//2762
f 2736//2736 2737//2737 2747//2747
f 2747//2747 2765//2765 2736//2736
f 2736//2736 2765//2765 2766//2766
f 2736//2736 2766//2766 2728//2728
f 2728//2728 2766//2766 2767//2767
f 2728//2728 2767//2767 2760//2760
f 2747//2747 2746//2746 2757//2757
f 2747//2747 2757//2757 2765//2765
f 2759//2759 2760//2760 2758//2758
f 2758//2758 2760//2760 2767//2767
f 2758//2758 2767//2767 2757//2757
f 2757//2757 2767//2767 2766//2766
f 2757//2757 2766//2766 2765//2765
f 2759//2759 2753//2753 2760//2760
f 2760//2760 2753//2753 2752//2752
f 2760//2760 2752//2752 2761//2761
f 2751//2751 2763//2763 2764//2764
f 2752//2752 2750//2750 2751//2751
f 2751//2751 2764//2764 2752//2752
f 2752//2752 2764//2764 2762//2762
f 2752//2752 2762//2762 2761//2761
f 2768//2768 2743//2743 2769//2769
f 2769//2769 2743//2743 2744//2744
f 2769//2769 2744//2744 2770//2770
f 2770//2770 2744//2744 2745//2745
f 2738//2738 2739//2739 2771//2771
f 2771//2771 2739//2739 2740//2740
f 2771//2771 2740//2740 2772//2772
f 2772//2772 2740//2740 2741//2741
f 2772//2772 2741//2741 2768//2768
f 2768//2768 2741//2741 2742//2742
f 2768//2768 2742//2742 2743//2743
f 2734//2734 2733//2733 2773//2773
f 2773//2773 2733//2733 2738//2738
f 2773//2773 2738//2738 2774//2774
f 2774//2774 2738//2738 2771//2771
