v -9.872877126326784e-05 -0.007099999580532312 -0.0018974354024976492
v -0.0003221567894797772 -0.007200000341981649 -0.0018452979857102036
v -0.0003267646534368396 -0.007100000977516174 -0.001871693879365921
v -0.0007544020190834999 -0.007199999876320362 -0.0017145780147984624
v -0.0007651923806406558 -0.007099999580532312 -0.0017391033470630646
v -0.0011428054422140121 -0.007200000341981649 -0.0014842161908745766
v -0.0011591525981202722 -0.007100000511854887 -0.0015054437099024653
v -0.0014647929929196835 -0.007200000807642937 -0.0011675949208438396
v -0.0014857457717880607 -0.007100000977516174 -0.001184293651022017
v -0.001701650908216834 -0.007200000807642937 -0.0007831171969883144
v -0.0017259911401197314 -0.007100000511854887 -0.0007943201926536858
v -0.001839614356867969 -0.007199999876320362 -0.0003531296970322728
v -0.0018659302731975913 -0.007100000977516174 -0.0003581781347747892
v -0.0018706673290580511 -0.007200000341981649 9.738289372762665e-05
v -0.001897426787763834 -0.007100000977516174 9.877677803160623e-05
v -0.0017930007306858897 -0.007199999410659075 0.0005422327085398138
v -0.0018186493543908 -0.0071000000461936 0.0005499926046468318
v -0.0016111359000205994 -0.007200000341981649 0.0009555711876600981
v -0.0016341822920367122 -0.007100000511854887 0.0009692404419183731
v -0.0013356333365663886 -0.007199999876320362 0.0013133755419403315
v -0.0013547398848459125 -0.0071000000461936 0.0013321618316695094
v -0.0009825099259614944 -0.007199999876320362 0.0015948512591421604
v -0.0009965646313503385 -0.0071000000461936 0.001617665053345263
v -0.000572286662645638 -0.007199999876320362 0.0017836405895650387
v -0.0005804729298688471 -0.0071000000461936 0.0018091528909280896
v -0.0001288026396650821 -0.007199999876320362 0.001868768478743732
v -0.0001306454505538568 -0.0071000000461936 0.001895499648526311
v 0.000322165695251897 -0.007199999876320362 0.0018452926306053996
v 0.0003267744614277035 -0.0071000000461936 0.0018716868944466114
v 0.0007544109248556197 -0.007200000341981649 0.0017145726596936584
v 0.0007652020431123674 -0.007100000511854887 0.001739096362143755
v 0.0011428154539316893 -0.007199999876320362 0.001484207226894796
v 0.001159161445684731 -0.007100000511854887 0.0015054402174428105
v 0.0014648030046373606 -0.007199999876320362 0.001167585956864059
v 0.0014857546193525195 -0.0071000000461936 0.001184290274977684
v 0.001701658358797431 -0.007200001273304224 0.0007831112015992403
v 0.0017260010354220867 -0.0071000000461936 0.0007943132077343762
v 0.0018396242521703243 -0.007200000341981649 0.00035312073305249214
v 0.0018659390043467283 -0.0071000000461936 0.0003581747005227953
v 0.0018706762930378318 -0.007200000341981649 -9.73883070400916e-05
v 0.0018974356353282928 -0.0071000000461936 -9.878021228360012e-05
v 0.001793014002032578 -0.007199999410659075 -0.0005422405665740371
v 0.00181866146158427 -0.0071000000461936 -0.0005499949329532683
v 0.0016111457953229547 -0.007199999876320362 -0.0009555801516398787
v 0.0016341919545084238 -0.0071000000461936 -0.0009692474268376827
v 0.0013356433482840657 -0.007200000341981649 -0.0013133845059201121
v 0.001354749547317624 -0.0071000000461936 -0.001332168816588819
v 0.0009825188899412751 -0.007200000807642937 -0.0015948566142469645
v 0.00099657429382205 -0.0071000000461936 -0.0016176720382645726
v 0.0005722955684177577 -0.007200000807642937 -0.0017836460610851645
v 0.0005804825923405588 -0.0071000000461936 -0.0018091598758473992
v -9.733765909913927e-05 -0.007200000341981649 -0.0018706757109612226
v -0.0003095658903475851 -0.00727320509031415 -0.001773184398189187
v -0.000724918907508254 -0.00727320509031415 -0.001647571916691959
v -0.0010981439845636487 -0.007273205555975437 -0.0014262109762057662
v -0.0014075473882257938 -0.007273205555975437 -0.001121964305639267
v -0.0016351498197764158 -0.00727320509031415 -0.0007525141118094325
v -0.0017677204450592399 -0.0072732046246528625 -0.00033932895166799426
v -0.001797559903934598 -0.00727320509031415 9.357758244732395e-05
v -0.0017229312798008323 -0.00727320509031415 0.0005210416275076568
v -0.0015481722075492144 -0.007273205555975437 0.0009182294015772641
v -0.0012834393419325352 -0.007273206487298012 0.001262050005607307
v -0.0009441126603633165 -0.0072732046246528625 0.0015325243584811687
v -0.0005499211838468909 -0.00727320509031415 0.0017139343544840813
v -0.00012376967060845345 -0.007273205555975437 0.0017957360250875354
v 0.00030957561102695763 -0.00727320509031415 0.0017731784610077739
v 0.0007249288028106093 -0.007273205555975437 0.0016475659795105457
v 0.0010981537634506822 -0.007273205555975437 0.001426205039024353
v 0.0014075572835281491 -0.007273205555975437 0.001121958252042532
v 0.0016351594822481275 -0.00727320509031415 0.0007525081164203584
v 0.0017677303403615952 -0.0072732060216367245 0.0003393229562789202
v 0.0017975696828216314 -0.007273205555975437 -9.358357783639804e-05
v 0.0017229421064257622 -0.00727320509031415 -0.0005210511735640466
v 0.0015481819864362478 -0.00727320509031415 -0.0009182353969663382
v 0.0012834491208195686 -0.0072732046246528625 -0.001262056059204042
v 0.0009441223810426891 -0.0072732060216367245 -0.0015325304120779037
v 0.0005499309045262635 -0.007273205555975437 -0.0017139402916654944
v -9.353488712804392e-05 -0.0072732060216367245 -0.0017975702648982406
v 0.00144205114338547 -0.007300000637769699 0.0009002738515846431
v 0.0015443182783201337 -0.0072999997064471245 0.0007107000565156341
v 0.001669525052420795 -0.007300000172108412 0.00032046932028606534
v 0.0016977062914520502 -0.007300000172108412 -8.838526264298707e-05
v 0.00162722438108176 -0.0072999997064471245 -0.0004921021754853427
v 0.0014621710870414972 -0.007300000172108412 -0.0008672227850183845
v 0.0012121438048779964 -0.007300000637769699 -0.0011919400421902537
v 0.0008916739607229829 -0.0072999997064471245 -0.0014473905321210623
v 0.0005193784018047154 -0.007300000637769699 -0.0016187201254069805
v -8.833735046209767e-05 -0.007300000637769699 -0.001697707106359303
v -0.00029236776754260063 -0.007300000172108412 -0.001674674334935844
v -0.0006846464239060879 -0.007300000172108412 -0.001556039904244244
v -0.0010371359530836344 -0.007300000637769699 -0.001346977660432458
v -0.0013293499359861016 -0.007300000172108412 -0.001059634261764586
v -0.0015443057054653764 -0.0072999997064471245 -0.0007107063429430127
v -0.0016695158556103706 -0.007300000637769699 -0.00032047671265900135
v -0.0016976970946416259 -0.007300000637769699 8.837787754600868e-05
v -0.0016272118082270026 -0.0072999997064471245 0.0004920958890579641
v -0.001462161890231073 -0.007300000172108412 0.0008672153926454484
v -0.0012121355393901467 -0.007300000172108412 0.0011919363168999553
v -0.0008916613296605647 -0.0072999997064471245 0.0014473842456936836
v -0.0005193702527321875 -0.007300000172108412 0.001618716400116682
v -0.00011689472739817575 -0.007300000637769699 0.001695972983725369
v 0.0002923769352491945 -0.007300000172108412 0.0016746670007705688
v 0.0006846545729786158 -0.007300000637769699 0.0015560361789539456
v 0.0010371452663093805 -0.007300000172108412 0.0013469703262671828
v 0.001329359132796526 -0.007300000637769699 0.001059626811183989
v 0.001795975142158568 -0.006939054932445288 0.013031676411628723
v 0.0006433261441998184 -0.00730634480714798 0.013091708533465862
v 0.0006565339281223714 -0.007303272373974323 0.003945749718695879
v 0.005550007801502943 0.003562299534678459 0.006799668073654175
v 0.005550007801502943 0.0035623000003397465 0.005586469545960426
v 0.004839991219341755 0.004643069580197334 0.004956777673214674
v 0.006348252762109041 0.0012312299804762006 0.006799670867621899
v 0.006216040812432766 0.0018587016966193914 0.006799669936299324
v 0.006080165039747953 0.002326125046238303 0.012808030471205711
v 0.003502344014123082 0.00596038531512022 0.004225832875818014
v 0.0035906012635678053 0.005891932174563408 0.012937399558722973
v 0.004036027938127518 0.0055120233446359634 0.004460398107767105
v 0.004653263837099075 0.0048706126399338245 0.012882145121693611
v 0.005809618625789881 0.0030324477702379227 0.01282206829637289
v 0.005809631198644638 0.0030324191320687532 0.006799670401960611
v 0.005528528708964586 0.003601810662075877 0.01283666305243969
v 0.004839971195906401 0.004643092397600412 0.012872442603111267
v 0.004516578745096922 0.005026258993893862 0.00473389495164156
v 0.0033076771069318056 0.0061041549779474735 0.00415647029876709
v 0.002313862321898341 0.006703316234052181 0.013003811240196228
v 0.0035002492368221283 0.00596198532730341 0.012942099012434483
v 0.002677564276382327 0.006508094258606434 0.003986054565757513
v 0.0018746217247098684 0.0069062733091413975 0.0038802088238298893
v 0.0018745929701253772 0.00690628495067358 0.013026664964854717
v 0.0012751902686432004 0.007130463607609272 0.0038785019423812628
v 0.0006565345684066415 0.007303270976990461 0.003945750650018454
v -0.0003552334674168378 0.007467749062925577 0.003984189126640558
v -0.000858199899084866 0.007497547194361687 0.003906844649463892
v -0.0018142500193789601 0.007460956461727619 0.013218668289482594
v -0.0010595584753900766 0.00749999238178134 0.013179377652704716
v -0.0007144867558963597 0.007492491044104099 0.013161412440240383
v 6.5220745455008e-05 0.0074166227132081985 0.003999466076493263
v 6.52037124382332e-05 0.007416625041514635 0.013120828196406364
v 0.0008602454327046871 0.0072526512667536736 0.013079448603093624
v -0.0013442414347082376 0.007494224701076746 0.003767356276512146
v -0.0018142552580684423 0.0074609569273889065 0.003564886748790741
v -0.00231144018471241 0.007393154315650463 0.013244553469121456
v -0.0022471167612820864 0.007403841707855463 0.003309138584882021
v -0.003645692253485322 0.007036499213427305 0.013314039446413517
v -0.003645711112767458 0.007036492228507996 0.0023594030644744635
v -0.003895960981026292 0.006939052604138851 0.01332707516849041
v -0.0049040718004107475 0.00643397681415081 0.0015048927161842585
v -0.005215493030846119 0.0062368749640882015 0.013395816087722778
v -0.005314066540449858 0.006169899366796017 0.0012910902732983232
v -0.005314053036272526 0.0061699082143604755 0.013400951400399208
v -0.005687547381967306 0.005894324742257595 0.0011885901913046837
v -0.00775898527354002 0.003352522384375334 0.013528416864573956
v -0.007252566050738096 0.004216408357024193 0.013501997105777264
v -0.00756013672798872 0.003723978530615568 0.0018743794644251466
v -0.006138130556792021 0.005510066170245409 0.0011625174665823579
v -0.006561288610100746 0.005086807534098625 0.0012319728266447783
v -0.006360587198287249 0.005295996554195881 0.01345549151301384
v -0.006714493501931429 0.004915629979223013 0.0012811057968065143
v -0.006714468821883202 0.004915658850222826 0.013473940081894398
v -0.007038251031190157 0.004515614360570908 0.0014335847226902843
v -0.007325930055230856 0.004106410313397646 0.0016381371533498168
v -0.008027634583413601 0.0027500002179294825 0.0031594617757946253
v -0.007948172278702259 0.0029436578042805195 0.013538296334445477
v -0.008126276545226574 0.0024851954076439142 0.013547596521675587
v -0.007763959467411041 0.0033425516448915005 0.0021669017150998116
v -0.007849164307117462 0.003165638539940119 0.0023336121812462807
v -0.007974615320563316 0.0028809031937271357 0.002702006371691823
v -0.008013219572603703 0.0027863008435815573 0.0029197693802416325
v -0.008027634583413601 0.0027499988209456205 0.0022687911987304688
v -0.008126278407871723 0.0024851951748132706 0.002268793061375618
v -0.008381090126931667 0.0015827242750674486 0.01356092281639576
v -0.008549920283257961 3.266768908360973e-05 0.0022687939926981926
v -0.008549991063773632 6.716727057209937e-06 0.0022671916522085667
v -0.008230537176132202 0.0021655827295035124 0.002268802607432008
v -0.008381955325603485 0.001578704104758799 0.002268838696181774
v -0.008443251252174377 0.0012608477845788002 0.0022688498720526695
v -0.00850469246506691 0.0008230767562054098 0.002268827985972166
v -0.008549756370484829 5.9426580264698714e-05 0.0022688149474561214
v -0.008549991063773632 1.5558966879325453e-06 0.002266563940793276
v -0.008549992926418781 -5.794864033070724e-10 0.0022688000462949276
v -0.008549991995096207 3.3590533803362632e-06 0.00226799794472754
v -0.008482949808239937 -0.0010005747899413109 0.013566398061811924
v -0.008544216863811016 -0.0002942801220342517 0.013569538481533527
v -0.008544215932488441 -0.0002942666469607502 0.002265095943585038
v -0.008549985475838184 -9.563970706949476e-06 0.013569819740951061
v -0.00853382796049118 -0.0004920884966850281 0.0022629150189459324
v -0.008418086916208267 -0.0014003851683810353 0.0022596949711441994
v -0.008235588669776917 -0.0021487795747816563 0.01355359610170126
v -0.00826228503137827 -0.0020573758520185947 0.0022643152624368668
v -0.008235587738454342 -0.002148769563063979 0.002265156479552388
v -0.00812590029090643 -0.0024862687569111586 0.002267895732074976
v -0.008027634583413601 -0.0027500002179294825 0.0022687911987304688
v -0.008027634583413601 -0.0027500027790665627 0.00315946526825428
v -0.008180150762200356 -0.0023261269088834524 0.013550721108913422
v -0.007628514431416988 -0.003601813456043601 0.013522089459002018
v -0.007475445978343487 -0.0038682762533426285 0.013514135964214802
v -0.007679300848394632 -0.0035074607003480196 0.0020316336303949356
v -0.007864001207053661 -0.003133576363325119 0.0025955482851713896
v -0.007849163375794888 -0.003165640402585268 0.0023336107842624187
v -0.007974620908498764 -0.002880891552194953 0.0027020317502319813
v -0.008013401180505753 -0.0027858479879796505 0.0029212823137640953
v -0.0074793752282857895 -0.003861744189634919 0.0017837983323261142
v -0.007325930520892143 -0.004106411710381508 0.001638137735426426
v -0.006753249559551477 -0.004870615433901548 0.013476607389748096
v -0.006969045381993055 -0.004605957306921482 0.001394880237057805
v -0.006556846667081118 -0.005091617815196514 0.0012307490687817335
v -0.006311566568911076 -0.0053447033278644085 0.013453643769025803
v -0.006311601493507624 -0.005344669334590435 0.001179722836241126
v -0.005690587218850851 -0.005891934037208557 0.01342135202139616
v -0.005687548778951168 -0.005894327536225319 0.0011885875137522817
v -0.0022471174597740173 -0.0074038440361619 0.0033091388177126646
v -0.0018156946171075106 -0.007460812106728554 0.003564154962077737
v -0.0030859506223350763 -0.007218371145427227 0.013285846449434757
v -0.00529268104583025 -0.0061846268363296986 0.0012993982527405024
v -0.0049040718004107475 -0.006433979608118534 0.0015048924833536148
v -0.004817100241780281 -0.0064852857030928135 0.013375921174883842
v -0.004817133769392967 -0.006485265679657459 0.0015639298362657428
v -0.004413848277181387 -0.006703318562358618 0.013354940339922905
v -0.003974607679992914 -0.006906274706125259 0.0021360565442591906
v -0.0030859620310366154 -0.0072183688171207905 0.0027395060751587152
v 0.00021145091159269214 -0.0073931580409407616 0.013114197179675102
v -0.00036129815271124244 -0.0074683139100670815 0.003983643837273121
v 0.0001436010206816718 -0.007404414005577564 0.003997416701167822
v -0.0010404286440461874 -0.007499994710087776 0.013179377652704716
v -0.0012268625432625413 -0.00749791506677866 0.013189082033932209
v -0.0012268638238310814 -0.007497915532439947 0.003807196393609047
v -0.0013854993740096688 -0.0074924929067492485 0.01319733913987875
v -0.0029602311551570892 -0.007252654060721397 0.013279302977025509
v 0.0013363724574446678 -0.007110223639756441 0.003875681199133396
v 0.001995033584535122 -0.0068540372885763645 0.0038884528912603855
v 0.0024071268271654844 -0.006655699573457241 0.012999843806028366
v 0.0024071638472378254 -0.0066556804813444614 0.003936913795769215
v 0.0031155054457485676 -0.006236876826733351 0.012962939217686653
v 0.0033076778054237366 -0.0061041563749313354 0.004156467039138079
v 0.003953719511628151 -0.0055868481285870075 0.012919258326292038
v 0.0039537507109344006 -0.005586820188909769 0.0044197579845786095
v 0.004260600078850985 -0.005295998882502317 0.012903263792395592
v 0.004516579210758209 -0.005026259925216436 0.004733895882964134
v 0.005152576602995396 -0.004216411616653204 0.012856753543019295
v 0.005185933317989111 -0.00416692066937685 0.005236284341663122
v 0.005550009664148092 -0.003562300931662321 0.006799670401960611
v 0.005550006404519081 -0.0035623018629848957 0.005586470942944288
v 0.006348251365125179 0.0012312405742704868 0.012794147245585918
v 0.006382964085787535 0.0010005729272961617 0.012792353518307209
v 0.0064500076696276665 -3.1291205737637995e-11 0.006799668539315462
v 0.006449999287724495 9.562096238369122e-06 0.012788931839168072
v 0.006422019097954035 -0.0006473197718150914 0.006799669470638037
v 0.0064220186322927475 -0.0006473317043855786 0.012790433131158352
v 0.006216038949787617 -0.0018587023951113224 0.006799668539315462
v 0.0062811048701405525 -0.0015827270690351725 0.012797828763723373
v 0.006026290822774172 -0.002485197503119707 0.006799670867621899
v 0.006026282906532288 -0.002485219854861498 0.012811154127120972
v 0.005848185159265995 -0.0029436603654175997 0.012820458970963955
v 0.005550007335841656 -0.0033971744123846292 0.006722660735249519
v 0.005550006404519081 -0.003234579460695386 0.0066496701911091805
v 0.006070719566196203 -0.0018215285381302238 0.006649671588093042
v 0.006070718169212341 0.0018215264426544309 0.006649671122431755
v 0.005550007335841656 0.003234578762203455 0.006649670656770468
v 0.005550007801502943 0.0033971734810620546 0.006722662132233381
v 0.006300006527453661 -8.342239121716943e-10 0.006649671122431755
v 0.0014979717088863254 0.0027500002179294825 -7.798473234288394e-05
v 0.0013362710596993566 0.006879999302327633 0.0006814514053985476
v 0.001336273504421115 0.0027500002179294825 0.0006814512307755649
v 0.0008165228646248579 0.006880000699311495 0.0012582909548655152
v 0.0008165219915099442 0.0027500002179294825 0.0012582896742969751
v 7.798232400091365e-05 0.00687999976798892 0.0014979711268097162
v 7.798475417075679e-05 0.0027500009164214134 0.0014979710103943944
v -0.0006814485532231629 0.0068800002336502075 0.0013362738536670804
v -0.0006814497755840421 0.002750000450760126 0.0013362725730985403
v -0.0012582886265590787 0.0068800002336502075 0.0008165226900018752
v -0.0012582895578816533 0.002749999985098839 0.0008165214094333351
v -0.0014979710103943944 0.006880001164972782 7.798226579325274e-05
v -0.0014979725237935781 0.0027499995194375515 7.798454316798598e-05
v -0.0013362738536670804 0.006880000699311495 -0.0006814501248300076
v -0.0013362744357436895 0.0027499995194375515 -0.0006814514053985476
v -0.0008165216422639787 0.006879998836666346 -0.0012582886265590787
v -0.0008165228646248579 0.0027499995194375515 -0.0012582899071276188
v -7.798513252055272e-05 0.0068800002336502075 -0.0014979698462411761
v -7.798234582878649e-05 0.0027500002179294825 -0.0014979700790718198
v 0.0006814497755840421 0.00687999976798892 -0.0013362715253606439
v 0.0006814489024691284 0.002749999286606908 -0.001336272805929184
v 0.0012582899071276188 0.006879999302327633 -0.0008165203616954386
v 0.0012582886265590787 0.002749999752268195 -0.0008165216422639787
v 0.0014979725237935781 0.006880000699311495 -7.798345905030146e-05
v 0.0014979777624830604 -0.004999999422580004 -7.798575097694993e-05
v 0.0013362789759412408 -0.0027499995194375515 0.0006814488442614675
v 0.0013362772297114134 -0.005000000353902578 0.0006814455846324563
v 0.0008165274048224092 -0.0027499995194375515 0.0012582872295752168
v 0.000816524785477668 -0.005000000819563866 0.0012582875788211823
v 7.798688602633774e-05 -0.0027500002179294825 0.0014979675179347396
v 7.798771548550576e-05 -0.005000000353902578 0.0014979689149186015
v -0.0006814443622715771 -0.002749999286606908 0.001336270128376782
v -0.0006814468652009964 -0.005000000819563866 0.0013362704776227474
v -0.0012582840863615274 -0.002749999752268195 0.0008165190229192376
v -0.0012582867639139295 -0.005000001285225153 0.0008165193139575422
v -0.0014979671686887741 -0.0027500002179294825 7.798212755005807e-05
v -0.0014979655388742685 -0.004999999422580004 7.797996659064665e-05
v -0.0013362689642235637 -0.0027500002179294825 -0.000681453850120306
v -0.0013362682657316327 -0.005000000353902578 -0.0006814524531364441
v -0.000816517451312393 -0.0027500002179294825 -0.0012582923518493772
v -0.0008165166364051402 -0.005000000353902578 -0.0012582909548655152
v -7.798021397320554e-05 -0.0027500009164214134 -0.0014979735715314746
v -7.797856233082712e-05 -0.005000000353902578 -0.0014979757834225893
v 0.0006814543157815933 -0.0027500006835907698 -0.0013362751342356205
v 0.0006814560038037598 -0.004999999888241291 -0.0013362773461267352
v 0.0012582940980792046 -0.002749999985098839 -0.0008165240287780762
v 0.0012582949129864573 -0.005000000353902578 -0.0008165226317942142
v 0.0014979770639911294 -0.0027499995194375515 -7.798715523676947e-05
v 0.0011402859818190336 0.007099999114871025 0.0005815026233904064
v 0.0006967639201320708 0.007099999114871025 0.0010737394914031029
v 6.654491153312847e-05 0.007099999580532312 0.0012782691046595573
v -0.0005815034382976592 0.007100000977516174 0.0011402869131416082
v -0.0010737401898950338 0.007100000977516174 0.0006967638619244099
v -0.0012782701523974538 0.007099998649209738 6.654714525211602e-05
v -0.0011402852833271027 0.007100000977516174 -0.0005815043696202338
v -0.0006967632798478007 0.007100000977516174 -0.001073741354048252
v -6.654530443483964e-05 0.0071000000461936 -0.00127826735842973
v 0.0005815030308440328 0.007099998649209738 -0.0011402851669117808
v 0.0010737401898950338 0.007100000977516174 -0.0006967656663618982
v 0.0012782696867361665 0.007100000977516174 -6.654537719441578e-05
v -0.0009654376190155745 -0.005000000353902578 5.0255675887456164e-05
v -0.0008109613554552197 -0.005299999378621578 0.0005262435297481716
v -0.0008109628106467426 -0.005000000353902578 0.0005262441700324416
v -0.0004391911206766963 -0.00530000077560544 0.0008612261153757572
v -0.00043918826850131154 -0.004999999422580004 0.000861224252730608
v 5.026529106544331e-05 -0.005300000309944153 0.0009654382010921836
v 5.0263843149878085e-05 -0.005000000819563866 0.0009654388413764536
v 0.0005262538325041533 -0.0052999998442828655 0.0008109639747999609
v 0.0005262522026896477 -0.005000000353902578 0.0008109646150842309
v 0.0008612342644482851 -0.005299999378621578 0.0004391911206766963
v 0.0008612328092567623 -0.005000000353902578 0.0004391917318571359
v 0.0009654482128098607 -0.0052999998442828655 -5.026318831369281e-05
v 0.0009654467576183379 -0.005000000819563866 -5.0262555305380374e-05
v 0.0008109734044410288 -0.0052999998442828655 -0.0005262516788206995
v 0.000810971949249506 -0.005000000819563866 -0.0005262510967440903
v 0.0004391988622955978 -0.005300000309944153 -0.0008612318197265267
v 0.000439200724940747 -0.004999999888241291 -0.0008612300734966993
v -5.025654172641225e-05 -0.005300000309944153 -0.0009654474561102688
v -5.025469363317825e-05 -0.004999999888241291 -0.0009654457098804414
v -0.0005262416088953614 -0.0052999998442828655 -0.0008109721238724887
v -0.0005262431805022061 -0.005000000353902578 -0.0008109714835882187
v -0.000861222215462476 -0.0052999998442828655 -0.0004391992697492242
v -0.0008612236706539989 -0.005000000353902578 -0.00043919862946495414
v -0.0009654371533542871 -0.0052999998442828655 5.025860446039587e-05
v -0.001897427486255765 -0.00530000077560544 9.877565753413364e-05
v -0.001725992769934237 -0.00530000077560544 -0.0007943177479319274
v -0.0011591530637815595 -0.00530000077560544 -0.0015054447576403618
v -0.00032676197588443756 -0.005299999378621578 -0.001871693879365921
v 0.0005804821266792715 -0.005300000309944153 -0.0018091610400006175
v 0.0013547490816563368 -0.005300000309944153 -0.0013321699807420373
v 0.0018186609959229827 -0.005300000309944153 -0.0005499960388988256
v 0.001865938538685441 -0.005300000309944153 0.0003581735654734075
v 0.0014857541536912322 -0.005300000309944153 0.0011842891108244658
v 0.0007652038475498557 -0.0052999998442828655 0.0017390998546034098
v -0.0001306460762862116 -0.0052999998442828655 0.0018954984843730927
v -0.0009965650970116258 -0.005300000309944153 0.0016176638891920447
v -0.0016341827576979995 -0.00530000077560544 0.0009692393359728158
v -0.0028822487220168114 -0.007252555340528488 0.01477727573364973
v 0.0065279859118163586 9.663011951488443e-06 0.01428690180182457
v 0.0065000019967556 -0.0006472321110777557 0.014288402162492275
v 0.00635908730328083 -0.0015826283488422632 0.014295801520347595
v 0.0061042653396725655 -0.0024851211346685886 0.014309126883745193
v 0.0059261685237288475 -0.0029435609467327595 0.014318428002297878
v 0.005230562295764685 -0.004216311499476433 0.014354727230966091
v 0.004338583908975124 -0.005295900162309408 0.014401232823729515
v 0.004031702876091003 -0.005586748477071524 0.014417227357625961
v 0.00319348881021142 -0.006236777175217867 0.014460908249020576
v 0.002485110191628337 -0.006655599921941757 0.01449781283736229
v 0.0018739575752988458 -0.006938955746591091 0.014529649168252945
v 0.0007213096832856536 -0.007306245621293783 0.014589677564799786
v 0.0002894375938922167 -0.007393056992441416 0.0146121671423316
v -0.000962445221375674 -0.007499895058572292 0.014677346684038639
v -0.0011488802265375853 -0.007497816346585751 0.01468705479055643
v -0.001307516940869391 -0.007492394186556339 0.014695311896502972
v -0.0030079681891947985 -0.0072182719595730305 0.014783819206058979
v -0.004335865844041109 -0.006703219376504421 0.014852913096547127
v -0.004739116877317429 -0.006485186517238617 0.014873890206217766
v -0.005612604785710573 -0.005891834851354361 0.014919324778020382
v -0.006233584135770798 -0.005344604142010212 0.014951616525650024
v -0.006675262935459614 -0.00487051485106349 0.014974577352404594
v -0.007397463545203209 -0.003868177067488432 0.015012108720839024
v -0.0075505319982767105 -0.0036017142701894045 0.01502006221562624
v -0.008102168329060078 -0.002326027723029256 0.015048693865537643
v -0.008472003042697906 -9.464843969908543e-06 0.015067792497575283
v -0.008466234430670738 -0.00029418099438771605 0.01506751123815775
v -0.008404966443777084 -0.0010004752548411489 0.015064367093145847
v -0.00815760251134634 -0.002148678759112954 0.015051566064357758
v -0.0009815751109272242 0.0075000920332968235 0.014677346684038639
v -0.0017362666549161077 0.007461056113243103 0.014716637320816517
v -0.00037919642636552453 0.0074766334146261215 0.02599760703742504
v 0.006509450729936361 0.0005271101836115122 0.0352456234395504
v 0.006494828034192324 0.0007045985548757017 0.03479746729135513
v 0.006426239386200905 0.0012313307961449027 0.03722649812698364
v 0.006493919994682074 0.0007141440873965621 0.03755177929997444
v 0.006527123972773552 0.00011408262071199715 0.03782019391655922
v 0.00652670580893755 -0.0001386926305713132 0.03596226125955582
v 0.006500002928078175 -0.0006472203531302512 0.03621179237961769
v 0.006524211727082729 0.00023815053282305598 0.03564298897981644
v 0.006489400286227465 0.0007599350064992905 0.03431594371795654
v 0.006496537942439318 0.0006862321170046926 0.03383348137140274
v 0.006426237989217043 0.0012313415063545108 0.014292117208242416
v 0.00651183445006609 0.0004921155050396919 0.03338409215211868
v 0.006525633856654167 0.00018813469796441495 0.03298448771238327
v 0.006525353528559208 -0.00019870443793479353 0.03266593813896179
v 0.006460946518927813 0.0010006721131503582 0.01429032627493143
v 0.006510352715849876 -0.0005139696295373142 0.03799588233232498
v 0.0065000019967556 -0.0006472209934145212 0.03802022710442543
v 0.006453344132751226 -0.001055412576533854 0.036306049674749374
v 0.006429866887629032 -0.001209112349897623 0.038073811680078506
v 0.006369307171553373 -0.0015345264691859484 0.03631072863936424
v 0.006317418068647385 -0.0017646218184381723 0.03804619237780571
v 0.006257512606680393 -0.001995902508497238 0.03620076924562454
v 0.006104272790253162 -0.002485098550096154 0.03787636384367943
v 0.006104274187237024 -0.0024850976187735796 0.035925693809986115
v 0.0058156568557024 -0.0031901346519589424 0.033872004598379135
v 0.005794210825115442 -0.0032353675924241543 0.03435385599732399
v 0.0052639190107584 -0.004166820086538792 0.03650527447462082
v 0.005883664824068546 -0.0030412368942052126 0.033417221158742905
v 0.005987789016216993 -0.002794756321236491 0.03301425650715828
v 0.006104273721575737 -0.002485098084434867 0.032705456018447876
v 0.005822733044624329 -0.0031750365160405636 0.03483019024133682
v 0.00589677644893527 -0.0030115055851638317 0.03527790680527687
v 0.005485960748046637 -0.0038136395160108805 0.036981530487537384
v 0.006004800088703632 -0.00275201047770679 0.03566944971680641
v 0.0057177129201591015 -0.0033907119650393724 0.037379611283540726
v 0.005944773089140654 -0.0028995743487030268 0.03769606351852417
v 0.006500002928078175 -0.0006472201785072684 0.032442644238471985
v 0.006443152204155922 -0.0011247851653024554 0.03233036771416664
v 0.006354742217808962 -0.0016026230296120048 0.032334763556718826
v 0.006239952985197306 -0.002058441285043955 0.03245655447244644
v 0.005887601058930159 0.0030325469560921192 0.014320041052997112
v 0.00590282678604126 0.002997873118147254 0.028729138895869255
v 0.006158147472888231 0.0023262242320924997 0.014306003227829933
v 0.0060593001544475555 0.0026098196394741535 0.029466137290000916
v 0.00615031598135829 0.002350096357986331 0.030269233509898186
v 0.006188243627548218 0.0022318630944937468 0.03108476847410202
v 0.0060969265177845955 0.0025061150081455708 0.03570178523659706
v 0.006203190889209509 0.0021833244245499372 0.03626503422856331
v 0.006281003355979919 0.0019089652923867106 0.035237155854701996
v 0.0063156746327877045 0.0017719954485073686 0.03675970807671547
v 0.006182875018566847 0.0022490171249955893 0.03191329538822174
v 0.00614533806219697 0.002365125808864832 0.03259119391441345
v 0.006073842756450176 0.002570302924141288 0.03324781358242035
v 0.006008893717080355 0.002741806674748659 0.03385450318455696
v 0.005989487748593092 0.002790719736367464 0.034487802535295486
v 0.006021429784595966 0.0027096730191260576 0.035109106451272964
v 0.005330798681825399 0.004065142944455147 0.02754560112953186
v 0.005419237073510885 0.003924632910639048 0.027662303298711777
v 0.005686958320438862 0.0034509138204157352 0.028130080550909042
v 0.004989900626242161 0.004550443030893803 0.027200788259506226
v 0.005606510676443577 0.0036019098479300737 0.014334634877741337
v 0.004916518926620483 0.004645013716071844 0.027140535414218903
v 0.004917954560369253 0.004643192049115896 0.01437041163444519
v 0.004731246270239353 0.004870711825788021 0.014380116946995258
v 0.004194303415715694 0.005436938256025314 0.026545243337750435
v 0.0036685846280306578 0.005892031826078892 0.014435368590056896
v 0.003578243078663945 0.005962076596915722 0.026052115485072136
v 0.0035782326012849808 0.005962084513157606 0.014440068043768406
v 0.002639890182763338 0.006573088001459837 0.02540832757949829
v 0.0023918456863611937 0.006703415885567665 0.014501780271530151
v 0.001952605089172721 0.006906371563673019 0.025109244510531425
v 0.0019525752868503332 0.006906384136527777 0.014524637721478939
v 0.001485219574533403 0.007086141966283321 0.025065911933779716
v 0.0009382278076373041 0.00725275045260787 0.014577421359717846
v 0.001016288879327476 0.007231743540614843 0.025176558643579483
v 0.00014318608737085015 0.007416724227368832 0.014618800953030586
v -0.0006365043809637427 0.007492590229958296 0.014659385196864605
v 0.00014320356422103941 0.007416722364723682 0.025646990165114403
v 0.0005704974173568189 0.00733976298943162 0.025388630107045174
v -0.003567710053175688 0.007036598399281502 0.014812012203037739
v -0.0033567885402590036 0.007110851816833019 0.02801249735057354
v -0.0027670892886817455 0.0072821094654500484 0.02760443277657032
v -0.002233454491943121 0.007393254432827234 0.014742527157068253
v -0.0017332969000563025 0.007461360190063715 0.026943402364850044
v -0.0015915707917883992 0.00747446296736598 0.02684631757438183
v -0.004722884856164455 0.006494784262031317 0.034267209470272064
v -0.00486017344519496 0.006413535680621862 0.03379543870687485
v -0.005047268234193325 0.006296308245509863 0.03535636141896248
v -0.004654953721910715 0.006533544976264238 0.03475336730480194
v -0.005161113105714321 0.006221143063157797 0.03679630160331726
v -0.004951654002070427 0.00635717436671257 0.03636946529150009
v -0.004786096978932619 0.006457865238189697 0.03590874746441841
v -0.004669948015362024 0.006525069009512663 0.03534027189016342
v -0.005044696386903524 0.006297973450273275 0.03313520923256874
v -0.005230836104601622 0.006173622328788042 0.03691728413105011
v -0.005143231246620417 0.006233149208128452 0.03245262801647186
v -0.005156659986823797 0.0062241400592029095 0.03173140808939934
v -0.005236069671809673 0.006170007865875959 0.014898920431733131
v -0.005081251263618469 0.006274181418120861 0.03102096915245056
v -0.004911497700959444 0.0063821375370025635 0.030308755114674568
v -0.004649617709219456 0.00653655081987381 0.029640113934874535
v -0.004303212743252516 0.006719703320413828 0.02903386764228344
v -0.003873508656397462 0.006916115991771221 0.028492335230112076
v -0.003575025126338005 0.00703389523550868 0.02819783054292202
v -0.0038179776165634394 0.006939152255654335 0.014825044199824333
v -0.005137509200721979 0.006236974615603685 0.014893785119056702
v -0.006636482197791338 0.0049157594330608845 0.014971910044550896
v -0.006623933091759682 0.004930184222757816 0.033899400383234024
v -0.006282603833824396 0.005296096205711365 0.014953460544347763
v -0.006532647181302309 0.005032919812947512 0.03409931808710098
v -0.00636434368789196 0.0052128443494439125 0.034738123416900635
v -0.006406459957361221 0.005168923642486334 0.034501731395721436
v -0.006463942583650351 0.005107806529849768 0.03429016098380089
v -0.006343118846416473 0.005234711803495884 0.03498369827866554
v -0.006361845880746841 0.005215429700911045 0.035428281873464584
v -0.006394638679921627 0.0051813251338899136 0.03563414514064789
v -0.006421590223908424 0.005152969155460596 0.035755567252635956
v -0.006514472421258688 0.005052928347140551 0.03605698421597481
v -0.005472037475556135 0.006000077351927757 0.03728396072983742
v -0.006584156770259142 0.004975417163223028 0.036227889358997345
v -0.005821243394166231 0.005721542984247208 0.03771781921386719
v -0.006631479132920504 0.004921521991491318 0.036328427493572235
v -0.0061822738498449326 0.005394832231104374 0.03808033838868141
v -0.006551527883857489 0.0050119818188250065 0.03838018700480461
v -0.00663383211940527 0.0049188160337507725 0.03843759000301361
v -0.006693523842841387 0.00484924903139472 0.03644568473100662
v -0.0067806243896484375 0.004744567908346653 0.03658701851963997
v -0.006892941426485777 0.004603635054081678 0.03674065321683884
v -0.007128384429961443 0.004283676389604807 0.036986563354730606
v -0.007096901535987854 0.004328576382249594 0.038693707436323166
v -0.007263104431331158 0.004083252511918545 0.03708610683679581
v -0.007409657817333937 0.003848043968901038 0.03878750279545784
v -0.007491800468415022 0.0037071635015308857 0.03718351572751999
v -0.00767775671556592 0.00335910776630044 0.03879520297050476
v -0.00762871652841568 0.0034552779980003834 0.037194352596998215
v -0.007681662682443857 0.0033513018861413 0.037186991423368454
v -0.007905473932623863 0.002859654137864709 0.03871913254261017
v -0.00781711284071207 0.0030651534907519817 0.03713013231754303
v -0.008095736615359783 0.0023458453360944986 0.038553636521101
v -0.007903152145445347 0.00286527955904603 0.037057485431432724
v -0.008240432478487492 0.0018494287505745888 0.038305703550577164
v -0.00804829690605402 0.002485293662175536 0.03683850169181824
v -0.008305086754262447 0.0015736226923763752 0.03812650963664055
v -0.00815260037779808 0.0021655354648828506 0.036541011184453964
v -0.008190624415874481 0.002035191049799323 0.0363740548491478
v -0.008249270729720592 0.0018143376801162958 0.035976190119981766
v -0.0082669323310256 0.001741971354931593 0.03577554598450661
v -0.008273116312921047 0.0017158562550321221 0.03568281605839729
v -0.007870188914239407 0.0029437572229653597 0.0150362653657794
v -0.008048294112086296 0.0024852945934981108 0.015045569278299809
v -0.008284141309559345 0.0016682540299370885 0.0348527692258358
v -0.00830310769379139 0.0015828234609216452 0.015058895573019981
v -0.008287294767796993 0.0016543609090149403 0.03532654792070389
v -0.007681002840399742 0.0033526215702295303 0.015026389621198177
v -0.008257686160504818 0.0017802490619942546 0.03441064804792404
v -0.008233246393501759 0.0018774439813569188 0.03418932855129242
v -0.008164399303495884 0.0021260164212435484 0.033809565007686615
v -0.008115374483168125 0.002285338705405593 0.03363565355539322
v -0.008079688996076584 0.0023940359242260456 0.033537618815898895
v -0.008048294112086296 0.0024852945934981108 0.0334656797349453
v -0.007907157763838768 0.002855570986866951 0.033247627317905426
v -0.007824371568858624 0.003048892132937908 0.03317331522703171
v -0.008339520543813705 0.0014035791391506791 0.037998322397470474
v -0.008464067243039608 0.0003451586526352912 0.036706410348415375
v -0.008444679901003838 0.0006397871184162796 0.0371900349855423
v -0.008405352011322975 0.0009978166781365871 0.037625353783369064
v -0.00846464466303587 0.0003324375138618052 0.036681436002254486
v -0.008466235361993313 -0.00029417977202683687 0.03545656427741051
v -0.008370256051421165 -0.0012311332393437624 0.03368759900331497
v -0.008157607167959213 -0.002148672239854932 0.03203073889017105
v -0.007831631228327751 -0.003032321808859706 0.03051210381090641
v -0.00739747891202569 -0.0038681491278111935 0.029155654832720757
v -0.007031282410025597 -0.004419765900820494 0.028311090543866158
v -0.006233617663383484 -0.0053445701487362385 0.028269626200199127
v -0.0047391499392688274 -0.006485166493803263 0.028191903606057167
v -0.00300797657109797 -0.007218268699944019 0.028101827949285507
v -0.0011488796444609761 -0.007497815880924463 0.028005065396428108
v 0.000721333606634289 -0.0073062400333583355 0.027907690033316612
v 0.0024851474445313215 -0.006655580829828978 0.029994498938322067
v 0.0017487304285168648 -0.006989005953073502 0.028875093907117844
v 0.0009807082824409008 -0.007241234183311462 0.02789418399333954
v 0.004031733609735966 -0.0055867210030555725 0.03306537866592407
v 0.003292062319815159 -0.006169803440570831 0.031456295400857925
v 0.005075530149042606 -0.00443580886349082 0.03597686067223549
v 0.004583515226840973 -0.005038367584347725 0.03448718413710594
v -0.0070987422950565815 0.004325969144701958 0.03329088166356087
v -0.006940983701497316 0.004541171249002218 0.033439237624406815
v -0.007180811371654272 0.004207328427582979 0.033230315893888474
v -0.007681720890104771 0.0033511840738356113 0.03310582414269447
v -0.007631194312125444 0.0034504986833781004 0.03309575840830803
v -0.007174580357968807 0.004216508474200964 0.01499997079372406
v -0.00752541096881032 0.0036474140360951424 0.033093374222517014
v -0.007295236457139254 0.004033311270177364 0.0331631563603878
v -0.00682811439037323 0.004685825202614069 0.03357429802417755
v -0.0067365048453211784 0.004798075649887323 0.033704690635204315
v 0.004185864701867104 -0.002598606748506427 0.034915369004011154
v 0.005095186177641153 0.00030493742087855935 0.032740361988544464
v 0.005342747084796429 0.0009038152056746185 0.033444926142692566
v 0.004780997987836599 -0.0005394480540417135 0.03241686522960663
v 0.004472160246223211 -0.0014359018532559276 0.03254853934049606
v 0.004239420406520367 -0.0021790587343275547 0.03310523182153702
v 0.0041360980831086636 -0.0025986696127802134 0.03395940363407135
v 0.004377321340143681 -0.0021788827143609524 0.035754136741161346
v 0.004666599910706282 -0.0014356543542817235 0.036283548921346664
v 0.004987438675016165 -0.0005391838494688272 0.03638232871890068
v 0.0052663302049040794 0.00030515590333379805 0.03602784499526024
v 0.005439390894025564 0.0009039398282766342 0.03530130162835121
v 0.005466967821121216 0.001119990018196404 0.034369152039289474
v 0.0038186879828572273 0.003308410057798028 0.035820331424474716
v 0.0038394927978515625 0.003547852160409093 0.034599680453538895
v 0.0037228220608085394 0.0033982289023697376 0.03337015211582184
v 0.003662701928988099 0.0027062566950917244 0.036897752434015274
v 0.003388698911294341 0.0018076665000990033 0.03771335631608963
v 0.0030268351547420025 0.0007115390035323799 0.03817738592624664
v 0.0026169444900006056 -0.000461480172816664 0.03823874890804291
v 0.0022041359916329384 -0.0015822877176105976 0.037890709936618805
v 0.0018338433001190424 -0.0025275249499827623 0.03717157244682312
v 0.0015468253986909986 -0.0031931563280522823 0.03616047650575638
v -0.006511086598038673 0.004350609611719847 0.03395676240324974
v -0.006702854763716459 0.004091334063559771 0.033720921725034714
v -0.003163772402331233 0.0028104388620704412 0.03351754695177078
v -0.006249488331377506 0.004587648902088404 0.03559437394142151
v -0.00622895173728466 0.0046208519488573074 0.03549542650580406
v -0.002875344129279256 0.0033285170793533325 0.03555431216955185
v -0.0062082079239189625 0.0046568866819143295 0.035355981439352036
v -0.0028477541636675596 0.0035180479753762484 0.034801848232746124
v -0.006508903112262487 0.004188690800219774 0.036197368055582047
v -0.006445605773478746 0.004286095034331083 0.03609953820705414
v -0.0030286991968750954 0.0028106120880693197 0.03611211106181145
v -0.006554822437465191 0.004117170348763466 0.03625784069299698
v -0.006354677025228739 0.004426565486937761 0.03591690957546234
v -0.006324919406324625 0.004472065716981888 0.03584258258342743
v -0.006287028547376394 0.0045297592878341675 0.03573218360543251
v -0.006799296010285616 0.0037072747945785522 0.03647038713097572
v -0.0067399716936051846 0.0038115112110972404 0.036434419453144073
v -0.0032667359337210655 0.0021031019277870655 0.03632578253746033
v -0.006722601130604744 0.003841505153104663 0.03642202541232109
v -0.0065882219932973385 0.004064255394041538 0.036297257989645004
v -0.0035256645642220974 0.0013955674367025495 0.03613807633519173
v -0.007252284325659275 0.002805096097290516 0.03638042137026787
v -0.0072072469629347324 0.002905225846916437 0.036426033824682236
v -0.007043937221169472 0.0032482820097357035 0.036512166261672974
v -0.006984790787100792 0.003365170443430543 0.03651859983801842
v -0.006963928230106831 0.003405252704396844 0.036518167704343796
v -0.003736111568287015 0.0008775878231972456 0.03559928387403488
v -0.007501745130866766 0.0022012153640389442 0.035791315138339996
v -0.007410864811390638 0.002426827559247613 0.036098551005125046
v -0.007380153052508831 0.0025019552558660507 0.03617164120078087
v -0.007288929540663958 0.0027208616957068443 0.036333926022052765
v -0.007600929122418165 0.002012828132137656 0.034963350743055344
v -0.007596966344863176 0.002010402036830783 0.0350491888821125
v -0.00384168466553092 0.0006879574502818286 0.03485377877950668
v -0.007576037663966417 0.002035715850070119 0.03532661125063896
v -0.007521533872932196 0.0021532978862524033 0.035697028040885925
v -0.0075882431119680405 0.002154959598556161 0.034392714500427246
v -0.0075960527174174786 0.002111557638272643 0.03449628874659538
v -0.0038140949327498674 0.0008774882880970836 0.03410131484270096
v -0.007603595964610577 0.0020200181752443314 0.03487774729728699
v -0.007490361109375954 0.0025240133982151747 0.03388955071568489
v -0.0075181275606155396 0.0024332471657544374 0.033978767693042755
v -0.003660734510049224 0.0013953953748568892 0.03354351222515106
v -0.0075391442514956 0.0023603925947099924 0.034062501043081284
v -0.007581742014735937 0.002187601989135146 0.03432627022266388
v -0.0073202261701226234 0.002981731900945306 0.033607348799705505
v -0.007387107238173485 0.002817769767716527 0.033682215958833694
v -0.007422668859362602 0.0027236086316406727 0.03373738378286362
v -0.007083883509039879 0.0034735866356641054 0.033522315323352814
v -0.00712013803422451 0.0034053463023155928 0.03352224454283714
v -0.0034227026626467705 0.002102902624756098 0.03332984447479248
v -0.007196617312729359 0.00325408554635942 0.0335356742143631
v -0.007242840249091387 0.00315657421015203 0.03355420380830765
v -0.0067578996531665325 0.004011399112641811 0.033671438694000244
v -0.006799987982958555 0.003948742989450693 0.03363850712776184
v -0.006961265113204718 0.0036914898082613945 0.03354906663298607
v -0.007013456430286169 0.003601121250540018 0.033532947301864624
v -0.006195174064487219 0.004696860443800688 0.034976035356521606
v -0.006204281933605671 0.0046930923126637936 0.03485953062772751
v -0.0029533253982663155 0.0033284183591604233 0.03405633568763733
v -0.006274637766182423 0.004628545138984919 0.03448934480547905
v -0.006313237361609936 0.0045876153744757175 0.034366898238658905
v -0.006364632397890091 0.004529509227722883 0.03423349931836128
v -0.006457256618887186 0.004418050404638052 0.03404511883854866
v 0.003087406512349844 0.0014279502211138606 0.03449300304055214
v 0.005301311612129211 0.0006483086035586894 0.0343778058886528
v 0.0030598165467381477 0.0012384193250909448 0.035245466977357864
v 0.005273721646517515 0.00045877776574343443 0.03513026982545853
v 0.002906456356868148 0.0007205122383311391 0.03580326959490776
v 0.005120366811752319 -5.912714550504461e-05 0.035688068717718124
v 0.002668422879651189 1.3003180356463417e-05 0.03601694479584694
v 0.004882329609245062 -0.0007666375022381544 0.035901740193367004
v 0.002409494249150157 -0.0006945312488824129 0.03582923486828804
v 0.004623401444405317 -0.0014741719933226705 0.035714030265808105
v 0.0021990472450852394 -0.0012125108623877168 0.035290446132421494
v 0.004412954207509756 -0.0019921516068279743 0.03517524152994156
v 0.0020934741478413343 -0.0014021411770954728 0.034544941037893295
v 0.004307380877435207 -0.0021817819215357304 0.03442973643541336
v 0.002121063880622387 -0.0012126103974878788 0.03379247710108757
v 0.004334970843046904 -0.0019922510255128145 0.033677272498607635
v 0.0022744208108633757 -0.0006947045912966132 0.033234670758247375
v 0.004488331265747547 -0.0014743439387530088 0.03311946988105774
v 0.002512458013370633 1.2804927791876253e-05 0.033020999282598495
v 0.0047263652086257935 -0.0007668357575312257 0.03290579468011856
v 0.0027713861782103777 0.0007203402346931398 0.033208705484867096
v 0.004985296633094549 -5.929913459112868e-05 0.03309350460767746
v 0.0029818331822752953 0.0012383197899907827 0.03374749794602394
v 0.005195740144699812 0.00045867907465435565 0.033632293343544006
v -0.0043883356265723705 -0.0011030579917132854 0.03646932169795036
v -0.004383140243589878 -0.0010919636115431786 0.03649405762553215
v 0.0013013677671551704 0.006455701310187578 0.02669578045606613
v -0.0041301073506474495 -0.0005077329697087407 0.03740288317203522
v -0.006098990794271231 -0.0047480762004852295 0.028262577950954437
v -0.0034414553083479404 0.0012876245891675353 0.038486842066049576
v -0.003813966177403927 0.00029062473913654685 0.03807536140084267
v -0.002358809346333146 0.004502227529883385 0.03753764554858208
v -0.0021924520842731 0.006324123591184616 0.028404857963323593
v -0.0026321259792894125 0.0036317433696240187 0.03817623108625412
v -0.0027242512442171574 0.0033506378531455994 0.03830819949507713
v -0.0030736145563423634 0.0023210840299725533 0.038561876863241196
v -0.002095799660310149 0.005510462448000908 0.03576875105500221
v -0.0021709755528718233 0.005168148782104254 0.0366407111287117
v -0.0021205979865044355 0.0065799071453511715 0.028054717928171158
v -0.002215587068349123 0.005482229869812727 0.033657826483249664
v -0.0021107573993504047 0.00563758984208107 0.0346209816634655
v -0.0023453636094927788 0.00572509691119194 0.02952020987868309
v -0.002412141300737858 0.005334238521754742 0.030882079154253006
v -0.0023658175487071276 0.005255065858364105 0.03230810537934303
v 0.003814537776634097 0.0044897375628352165 0.02774588204920292
v -0.0001638349494896829 -0.006838176865130663 0.0279537383466959
v 0.0036285333335399628 0.0037987756077200174 0.028847483918070793
v 0.0035730337258428335 0.0031680872198194265 0.03204910084605217
v 0.003525032661855221 0.003274602582678199 0.030405843630433083
v 0.0018640629714354873 0.006698330864310265 0.025853298604488373
v -0.0008655039709992707 -0.006299999542534351 -2.987440166180022e-05
v 3.139114745920324e-09 -0.006234384141862392 -2.3452588759909077e-09
v -0.0004586201102938503 -0.006300000008195639 0.0007346164202317595
v -0.000406881095841527 -0.006300000939518213 -0.000764494645409286
v 0.0004586318682413548 -0.006299999076873064 -0.0007346218917518854
v 0.0008655157289467752 -0.006300000008195639 2.9868964702473022e-05
v 0.00040688973967917264 -0.006300000473856926 0.0007644881261512637
v -0.000458620983408764 -0.007300000172108412 0.0007346136844716966
v -0.0008655046694912016 -0.007300000172108412 -2.987715561175719e-05
v -0.00040687969885766506 -0.007300000172108412 -0.0007644927245564759
v 0.0004586301511153579 -0.007300000172108412 -0.0007346210768446326
v 0.0008655139245092869 -0.007300000637769699 2.9869772333768196e-05
v 0.00040688886656425893 -0.007300000637769699 0.0007644853903912008
v -1.963618712075288e-10 0.0071000000461936 8.853072719361421e-10
v -0.004904072266072035 -0.0027500002179294825 0.0015048925997689366
v -0.005687549244612455 -0.0027500006835907698 0.001188588561490178
v -0.007849164307117462 -0.002749999985098839 0.0023336114827543497
v -0.007325930520892143 -0.002750000450760126 0.0016381392488256097
v -0.006556846667081118 -0.002749999985098839 0.0012307475553825498
v -0.007801022380590439 -0.002750000450760126 0.0005049796891398728
v -0.007584636565297842 -0.002749999985098839 -0.00017780860071070492
v -0.0030655062291771173 -0.002749999985098839 -0.004411403555423021
v -0.0033619790337979794 -0.002749999985098839 -0.004314672667533159
v -0.002247118391096592 -0.0027500006835907698 0.003309136489406228
v -0.007922887802124023 -0.002750000450760126 0.00106431869789958
v 0.001995034283027053 -0.002749999752268195 0.0038884528912603855
v 0.00476326746866107 -0.002749999985098839 -0.0015904054744169116
v 0.005550007335841656 -0.002749999985098839 4.407455890031997e-06
v 0.00045964345918037 -0.002749999752268195 -0.0045435731299221516
v 0.0007427518139593303 -0.002749999985098839 -0.00447460263967514
v -0.004688675981014967 -0.002749999752268195 -0.003684972645714879
v -0.004237552639096975 -0.002749999985098839 -0.00393820321187377
v -0.0037026754580438137 -0.002750001149252057 -0.004184933379292488
v 0.0006565365474671125 -0.0027499995194375515 0.003945748787373304
v -0.00036130097578279674 -0.0027500002179294825 0.003983645234256983
v -0.001355707529000938 -0.002749999985098839 0.0037632423918694258
v 0.005550008732825518 -0.002749999752268195 0.005586470942944288
v 0.004516579210758209 -0.002749999286606908 0.004733893554657698
v 0.0033076773397624493 -0.0027499995194375515 0.004156468901783228
v -0.0021978209260851145 -0.002749999752268195 -0.004613780416548252
v -0.0013114212779328227 -0.0027500002179294825 -0.004703936167061329
v -0.00042076106183230877 -0.002750000450760126 -0.004680406767874956
v -0.007346808444708586 -0.0027500002179294825 -0.0007374522974714637
v -0.007135912775993347 -0.002749999752268195 -0.0011442684335634112
v -0.0060755047015845776 -0.002749999985098839 -0.0025718254037201405
v 0.0009400529670529068 -0.0027500006835907698 -0.004419034346938133
v 0.0017172744264826179 -0.0027500006835907698 -0.00413664011284709
v 0.002132652560248971 -0.002749999985098839 -0.0039407252334058285
v 0.003598941257223487 -0.002749999985098839 -0.00293454946950078
v -0.0014607490738853812 0.0012693878961727023 -0.005111568607389927
v -0.0012338841333985329 0.001253713620826602 -0.0051233782432973385
v -0.001439910032786429 -4.98186523145705e-07 -0.005221051629632711
v -0.0016867623198777437 0.0012442474253475666 -0.005099799949675798
v -0.001904660603031516 0.001179101294837892 -0.005088453181087971
v -0.0021074393298476934 0.0010760411387309432 -0.00507788872346282
v -0.0022885838989168406 0.0009383807773701847 -0.005068449769169092
v -0.0024422684218734503 0.0007705442258156836 -0.0050604380667209625
v -0.00256355875171721 0.0005779250059276819 -0.005054112058132887
v -0.002648550784215331 0.0003667158307507634 -0.005049672443419695
v -0.0026945120189338923 0.0001437053142581135 -0.005047264974564314
v -0.002699970966205001 -8.394060569116846e-05 -0.005046966020017862
v -0.00266475067473948 -0.00030890412745065987 -0.005048783496022224
v -0.0025899808388203382 -0.0005239558522589505 -0.005052662454545498
v -0.002478063339367509 -0.0007221808773465455 -0.005058475770056248
v -0.002332602860406041 -0.0008972129435278475 -0.005066037643700838
v -0.0021582641638815403 -0.0010434212163090706 -0.0050751036033034325
v -0.0019606593996286392 -0.0011561100836843252 -0.005085383076220751
v -0.001746135181747377 -0.0012316566426306963 -0.0050965468399226665
v -0.0015215876046568155 -0.0012676315382122993 -0.005108233541250229
v -0.0012942327884957194 -0.001262880046851933 -0.00512006925418973
v -0.0010713802184909582 -0.001217554439790547 -0.005131673067808151
v -0.0008601894369348884 -0.0011331100249662995 -0.005142673850059509
v -0.0006674535688944161 -0.0010122634703293443 -0.005152715370059013
v -0.0004993618931621313 -0.000858897517900914 -0.0051614767871797085
v -0.0003613207663875073 -0.000677941890899092 -0.0051686749793589115
v -0.00025776197435334325 -0.0004752115346491337 -0.005174078047275543
v -0.00019202122348360717 -0.0002572244266048074 -0.005177516024559736
v -0.00016620515089016408 -3.098458546446636e-05 -0.005178874358534813
v -0.00018114747945219278 0.00019623362459242344 -0.0051781125366687775
v -0.00023636597325094044 0.0004171307955402881 -0.005175252910703421
v -0.0003300843818578869 0.0006246052798815072 -0.005170386750251055
v -0.0004592951445374638 0.0008119871490634978 -0.005163673311471939
v -0.0006198412156663835 0.0009732571779750288 -0.005155325401574373
v -0.0008065644651651382 0.0011032286565750837 -0.005145614966750145
v -0.0010134626645594835 0.001197726116515696 -0.005134849809110165
v 0.0010008207755163312 0.0027499995194375515 -0.004400651901960373
v 0.0019799605943262577 0.002749999752268195 -0.004016644787043333
v 0.0014229017542675138 0.0023437889758497477 -0.004412619397044182
v 0.003598941257223487 0.0027500006835907698 -0.0029345513321459293
v 0.002750264247879386 0.002322522224858403 -0.0037655907217413187
v 0.0021326523274183273 0.002749999752268195 -0.0039407252334058285
v 0.005550009198486805 0.0017982905264943838 -0.0008062802371568978
v 0.005375476088374853 0.0022902581840753555 -0.0008485775324515998
v 0.005550006870180368 0.002749999752268195 4.407398591865785e-06
v 0.005258118733763695 -0.0026037960778921843 -0.0008421436650678515
v 0.005550006870180368 -0.0017982905264943838 -0.0008062788401730359
v 0.0013072980800643563 -0.0024771771859377623 -0.004406280349940062
v -0.008238024078309536 -0.001781444763764739 0.0010819431627169251
v -0.00794299878180027 -0.0016916817985475063 -0.00015496347623411566
v -0.007448840420693159 -0.0015530484961345792 -0.0013218455715104938
v -0.007072391454130411 -0.002635776065289974 -0.0013413712149485946
v -0.005647709593176842 -0.0019456311129033566 -0.003328112419694662
v -0.005231822840869427 -0.002682258142158389 -0.00334971584379673
v -0.00398210808634758 -0.002587726339697838 -0.004130908753722906
v -0.004401809070259333 -0.002082714345306158 -0.00410909578204155
v -0.003188241273164749 -0.001768007641658187 -0.004699122626334429
v -0.002844605129212141 -0.0020562023855745792 -0.004716993775218725
v -0.002455101115629077 -0.002278323983773589 -0.004737255163490772
v -0.002032248070463538 -0.0024272326845675707 -0.004759259056299925
v -0.001589642371982336 -0.0024981447495520115 -0.0047822981141507626
v -0.001141502521932125 -0.002488778904080391 -0.004805628210306168
v -0.0007022336940281093 -0.002399436431005597 -0.004828501958400011
v -0.0002859544474631548 -0.0022329881321638823 -0.004850183613598347
v 9.39527089940384e-05 -0.001994786085560918 -0.004869976546615362
v 0.0046697319485247135 -0.002390366280451417 -0.001952674356289208
v 0.005000731907784939 -0.0012928518699482083 -0.0019699789118021727
v 0.005550007801502943 -0.0014169361675158143 -0.0009995729196816683
v 0.0051307049579918385 -0.00015379430260509253 -0.0019768208730965853
v 0.00555001012980938 -0.0006250920123420656 -0.0012382239801809192
v 0.005550007335841656 0.0006250931764952838 -0.0012382250279188156
v 0.0050554764457046986 0.0009901983430609107 -0.001972980797290802
v 0.005550007801502943 0.0010819260496646166 -0.001125224633142352
v 0.004777467343956232 0.0021023566368967295 -0.0019585818517953157
v 0.00476326746866107 0.0027499995194375515 -0.0015904054744169116
v 0.003098537214100361 0.001551531138829887 -0.0037836700212210417
v 0.0017957083182409406 0.0018031385261565447 -0.004431991372257471
v -0.00131142174359411 0.002749999752268195 -0.004703936167061329
v -0.00191522017121315 0.002453046850860119 -0.0047656758688390255
v -0.002197821857407689 0.002749999752268195 -0.004613778553903103
v -0.0023447212297469378 0.0023246360942721367 -0.004743306897580624
v -0.003065505065023899 0.002750000450760126 -0.004411403089761734
v -0.002744425320997834 0.0021214920561760664 -0.00472248625010252
v -0.003135230392217636 0.002749999286606908 -0.004389969632029533
v -0.006219028029590845 0.0027499995194375515 -0.0024182586930692196
v -0.006075505167245865 0.002749999985098839 -0.0025718254037201405
v -0.00554951885715127 0.0021490578074008226 -0.0033334982581436634
v -0.0051559507846832275 0.0027499995194375515 -0.0033728780690580606
v -0.004688677843660116 0.0027499995194375515 -0.00368497334420681
v -0.0075844950042665005 0.002750000450760126 -0.00017818562628235668
v -0.0071359132416546345 0.002749999985098839 -0.001144268549978733
v -0.007367270067334175 0.0018485328182578087 -0.0013263172004371881
v -0.007016339804977179 0.002749999752268195 -0.0013492318103089929
v -0.006732953246682882 0.002750000450760126 -0.0017798300832509995
v -0.008144448511302471 0.0021208084654062986 0.0010768099455162883
v -0.007801022846251726 0.002750000450760126 0.0005049796309322119
v -0.008409927599132061 0.0008327396353706717 0.001090716221369803
v -0.008549968712031841 1.8043378076981753e-05 0.00226750154979527
v -0.008441457524895668 -0.0004820988397113979 0.0010924470843747258
v -0.007854144088923931 0.0020137587562203407 -0.0001598325907252729
v -0.0081062326207757 0.0007906539831310511 -0.00014662784815300256
v -0.008136172778904438 -0.0004578695516102016 -0.00014498892414849252
v -0.00759868836030364 0.0007257263641804457 -0.0013141960371285677
v -0.007626171689480543 -0.0004204127180855721 -0.0013126867124810815
v 0.003916109912097454 -0.0021078786812722683 -0.0029412510339170694
v 0.004207976628094912 -0.001140111475251615 -0.00295650796033442
v 0.004322586581110954 -0.0001357110304525122 -0.002962540602311492
v 0.004256253130733967 0.0008730404078960419 -0.0029591547790914774
v 0.004011108539998531 0.001853720168583095 -0.0029464582912623882
v 0.004506772384047508 0.0027499995194375515 -0.001951368642039597
v -0.006320571526885033 0.0025675734505057335 -0.0024086448829621077
v -0.0066978950053453445 0.0016299027483910322 -0.0023889399599283934
v -0.0069019547663629055 0.0006398338009603322 -0.002378250705078244
v -0.0069261896423995495 -0.0003708115254994482 -0.002376923803240061
v -0.006769821513444185 -0.0013695480301976204 -0.0023849953431636095
v -0.006437877658754587 -0.0023242775350809097 -0.0024022136349231005
v 0.0026341937482357025 -0.0025178578216582537 -0.0037592248991131783
v 0.0030190192628651857 -0.0017644957406446338 -0.0037793086376041174
v 0.003263322403654456 -0.0009544347412884235 -0.003792081493884325
v 0.003359256312251091 -0.00011370887659722939 -0.00379713112488389
v 0.0033037306275218725 0.000730658823158592 -0.0037942968774586916
v -0.005865355487912893 0.0013641859404742718 -0.0033170031383633614
v -0.006036161910742521 0.0005354554741643369 -0.003308057552203536
v -0.006056447979062796 -0.0003104970674030483 -0.0033069432247430086
v -0.005925562232732773 -0.0011464819544926286 -0.003313702065497637
v 0.0017055874923244119 -0.0019550698343664408 -0.004427049774676561
v 0.0020043766126036644 -0.0013701386051252484 -0.00444264430552721
v 0.0021940632723271847 -0.0007411829428747296 -0.004452558699995279
v 0.0022685471922159195 -8.841999806463718e-05 -0.00445648143067956
v 0.002225436270236969 0.0005671711405739188 -0.004454280715435743
v 0.002066117711365223 0.0012045188341289759 -0.004446027800440788
v -0.0037016975693404675 0.002749999053776264 -0.004185336176306009
v -0.0038551054894924164 0.0027084671892225742 -0.004137871786952019
v -0.004002536181360483 0.0027499995194375515 -0.004053378012031317
v -0.004298530053347349 0.0022242122795432806 -0.0041147577576339245
v -0.004648477770388126 0.0016684551956132054 -0.004096501972526312
v -0.004893703386187553 0.001059059053659439 -0.0040836944244802
v -0.005026322789490223 0.00041560860699974 -0.004076748620718718
v -0.005042072385549545 -0.00024121184833347797 -0.0040758829563856125
v -0.0049404483288526535 -0.000890294904820621 -0.004081131424754858
v -0.004724717233330011 -0.0015107766957953572 -0.00409232173115015
v 0.0005042545963078737 0.0016010148683562875 -0.004891575779765844
v 0.00018780039681587368 0.0019188940059393644 -0.004875123035162687
v 0.0009390977793373168 0.002750000450760126 -0.004419318865984678
v -0.000180252522113733 0.002175083151087165 -0.004855979233980179
v 0.0004596430517267436 0.002749999985098839 -0.0045435731299221516
v -0.0005880701937712729 0.002361348597332835 -0.00483475998044014
v -0.00042076146928593516 0.0027499995194375515 -0.004680406767874956
v -0.0010225486475974321 0.0024717035703361034 -0.004812147933989763
v -0.001469723880290985 0.0025026006624102592 -0.004788870457559824
v 0.0004252768703736365 -0.001692485879175365 -0.004887246061116457
v 0.000697372539434582 -0.0013358017895370722 -0.004901435226202011
v 0.0009014952811412513 -0.0009361985721625388 -0.004912086762487888
v 0.0010310813086107373 -0.000506520620547235 -0.004918861202895641
v 0.0010819658637046814 -6.057754217181355e-05 -0.004921541083604097
v 0.0010525131365284324 0.0003872963134199381 -0.004920036997646093
v 0.0009436723776161671 0.0008227085345424712 -0.0049144006334245205
v 0.0007589429733343422 0.001231663627550006 -0.004904809407889843
v -0.0031014778651297092 0.0018501486629247665 -0.004703879356384277
v -0.003404409857466817 0.0015193234430626035 -0.004688087850809097
v -0.0036434801295399666 0.0011396517511457205 -0.004675617907196283
v -0.003811008296906948 0.0007233356009237468 -0.004666865803301334
v -0.0039016087539494038 0.0002837558859027922 -0.004662120249122381
v -0.003912368789315224 -0.00016495950694661587 -0.0046615335159003735
v -0.0038429424166679382 -0.0006083871703594923 -0.0046651181764900684
v -0.0036955634132027626 -0.0010322770103812218 -0.004672762006521225
v -0.0034749649930745363 -0.0014230029191821814 -0.004684218671172857
v -0.006556844804435968 0.002749999752268195 0.001230748021043837
v 0.0019950338173657656 0.002749999985098839 0.003888452658429742
v 0.003307676874101162 0.0027500002179294825 0.004156468901783228
v 0.004516578745096922 0.002750000450760126 0.004733893554657698
v 0.00555000826716423 0.0027500002179294825 0.005586470942944288
v 0.0006565360818058252 0.002750000450760126 0.003945748787373304
v -0.0003552317793946713 0.0027500009164214134 0.00398419052362442
v -0.0013442394556477666 0.002749999985098839 0.003767355578020215
v -0.007325931452214718 0.0027500002179294825 0.0016381391324102879
v -0.007849164307117462 0.002749999752268195 0.0023336114827543497
v -0.0056875478476285934 0.002749999752268195 0.0011885891435667872
v -0.004904072266072035 0.002749999752268195 0.0015048925997689366
v -0.0022471188567578793 0.002749999053776264 0.003309136489406228
v -0.0004417297604959458 0.000999999581836164 -0.0006807379540987313
v -0.0007229153416119516 0.001000000280328095 -0.0003686665731947869
v 8.83662298889476e-09 0.0009999999310821295 -2.8138416041656455e-09
v -0.0008103947038762271 0.000999999581836164 4.2186813516309485e-05
v -0.0006807269528508186 0.0009999994654208422 0.0004417334857862443
v 0.0006807423196732998 0.0009999994654208422 -0.0004417437594383955
v 0.0003686737618409097 0.0010000000474974513 -0.0007229275652207434
v -4.218183676130138e-05 0.0009999998146668077 -0.0008104075095616281
v 0.00044174742652103305 0.0010000001639127731 0.0006807323079556227
v 0.0007229326292872429 0.0010000003967434168 0.00036866095615550876
v 0.0008104123407974839 0.001000000280328095 -4.2192441469524056e-05
v -0.00036865510628558695 0.001000000280328095 0.00072291842661798
v 4.219686525175348e-05 0.0009999999310821295 0.0008103972650133073
v -0.00036865653237327933 0.0012999995378777385 0.0007229190086945891
v -0.0006807250902056694 0.0013000000035390258 0.0004417352029122412
v 8.39202485281021e-09 0.0012999995378777385 -5.741041420037618e-09
v -0.0008103951113298535 0.001299999188631773 4.2183884943369776e-05
v -0.000722915749065578 0.0013000000035390258 -0.00036866951268166304
v 0.00072293117409572 0.0012999996542930603 0.0003686615964397788
v 0.0004417469899635762 0.001299999887123704 0.000680729397572577
v 4.219871334498748e-05 0.001300000469200313 0.0008103989530354738
v 0.0003686719574034214 0.0013000001199543476 -0.0007229269249364734
v 0.000680744182318449 0.0013000000035390258 -0.00044174204231239855
v 0.0008104105363599956 0.0013000003527849913 -4.219180118525401e-05
v -0.00044173156493343413 0.0012999996542930603 -0.0006807373138144612
v -4.217999230604619e-05 0.0013000003527849913 -0.0008104058215394616
vn 0.0079326650064635 -0.12724386917522654 -0.9918397403730167
vn -0.1752094906948857 -0.49350838619072285 -0.8519102694121413
vn -0.19974293148530078 -0.12951054362021247 -0.9712516565817818
vn -0.3507155728691752 -0.4915822543682489 -0.7970856128028385
vn -0.39948532838729883 -0.12681403107663758 -0.9079260288841738
vn -0.53127803273847 -0.491579258950711 -0.6899952783164615
vn -0.6049663978200285 -0.12923797992412858 -0.7856928165980579
vn -0.6809667875058989 -0.49158138293755177 -0.5428001273609835
vn -0.7756609780201567 -0.12681109972045554 -0.6182790568703606
vn -0.7910795970665471 -0.49158409347368665 -0.3640578939518869
vn -0.900799104354673 -0.12924740865434048 -0.4145552809336248
vn -0.8552111686039744 -0.49159331582479976 -0.16416415239449522
vn -0.9741405959798924 -0.12682405711964334 -0.18699133081416772
vn -0.8696478770605894 -0.491592126248984 0.04527417955096747
vn -0.990270459889196 -0.12925338291782337 0.05155559402372076
vn -0.8335459167487127 -0.4915871221814998 0.25207797598532783
vn -0.9494569940982911 -0.12682733629062523 0.2871345383740208
vn -0.7490014790046851 -0.4915820924443686 0.4442339820824276
vn -0.8528833560645429 -0.12925018178051076 0.5058501472351147
vn -0.6209246552509117 -0.49157341417042466 0.6105801757200839
vn -0.7072666878365814 -0.12682045340315157 0.6954785437921798
vn -0.4567601628115446 -0.4915881682699664 0.7414251320837126
vn -0.5201123051991725 -0.12925086752288442 0.8442614543048762
vn -0.2660514133415236 -0.49158175040820623 0.8291948071017944
vn -0.303047444527402 -0.12681271685860485 0.9445002812113666
vn -0.05988202502440908 -0.4915826529903932 0.868769611783183
vn -0.06818774969394643 -0.12924664651006545 0.9892652501516354
vn 0.1497693852385215 -0.49157827972080764 0.8578577540315218
vn 0.1705965157948218 -0.12681300704607348 0.9771465038788193
vn 0.35071718021565407 -0.49157763774169083 0.7970877527436232
vn 0.3993591495614191 -0.12924188595869915 0.9076391378600961
vn 0.5312779038677936 -0.49158566409353016 0.6899908142283969
vn 0.6051535172740874 -0.1268252395134002 0.7859418420934017
vn 0.6809673058278752 -0.4915844502679238 0.5427966991870055
vn 0.7754139233957488 -0.12925168859617472 0.6180835286585864
vn 0.7910773448728708 -0.49158665308187605 0.36405933162143794
vn 0.9010837790742131 -0.1268239649934649 0.41468506724099813
vn 0.8552150111429362 -0.49158749062182455 0.16416157826947608
vn 0.9738325281771995 -0.12925149230137398 0.1869338353585888
vn 0.8696507296157768 -0.4915872792263156 -0.045272015435759566
vn 0.9905843418402734 -0.126820739887146 -0.051567059595723434
vn 0.8335491054108728 -0.4915810092481 -0.25207935301280265
vn 0.9491592525308351 -0.12924542414607995 -0.2870406481187052
vn 0.7490002252893737 -0.4915814961389475 -0.444236755762354
vn 0.8531539176801372 -0.12681488264892607 -0.5060102551191752
vn 0.6209219322121606 -0.49157745509831985 -0.610579691553016
vn 0.7070429637885659 -0.1292435615898029 -0.6952599148121971
vn 0.45675826398973735 -0.4915898877305328 -0.7414251618053999
vn 0.5202763414673627 -0.1268283060526305 -0.8445277433531456
vn 0.24146250058493593 -0.4894166302931685 -0.8379541889648561
vn 0.27464771009044336 -0.1288850468732963 -0.9528679237095475
vn 0.006900974715859541 -0.4910347031576951 -0.8711126774664718
vn -0.10337902100507013 -0.8594695478589206 -0.5006244843385269
vn -0.20726022599963004 -0.857411891791095 -0.47104994059419847
vn -0.3139647225914568 -0.8574136874098779 -0.40775963705382323
vn -0.4024231754417169 -0.8574153594012042 -0.320771709055379
vn -0.46749740905667947 -0.8574140389395034 -0.21514492407384228
vn -0.5054054250160432 -0.8574109404514327 -0.09701461518009555
vn -0.513934456434373 -0.8574121143852632 0.02675519753053601
vn -0.49260226914335487 -0.8574092657917274 0.1489709883477618
vn -0.44263631382881313 -0.8574104477509757 0.2625269848368197
vn -0.3669494490911874 -0.8574059421656106 0.36083673891495
vn -0.2699294162337045 -0.8574110506587983 0.438160245184233
vn -0.15722813801718055 -0.8574124352530408 0.49002370196665024
vn -0.035388523888677886 -0.8574112381149916 0.5134136939458253
vn 0.08850821858819277 -0.8574108719813238 0.5069643891345532
vn 0.2072612978621628 -0.8574115504496768 0.4710500902918639
vn 0.3139682106967875 -0.8574107097285307 0.4077632125568405
vn 0.40237278647199426 -0.8562119643705214 0.3240327341111324
vn 0.47017214390049716 -0.8563087425435693 0.2137135759456133
vn 0.5054019506489995 -0.8574128528666121 0.09701581324363415
vn 0.5139347246879719 -0.857411955694766 -0.02675513019170463
vn 0.4925985626512936 -0.8574114295031714 -0.14897079120152268
vn 0.44263257532976585 -0.8574123564543277 -0.26252705433226475
vn 0.3669455187253072 -0.8574106264551101 -0.36082960511752754
vn 0.2699288155208579 -0.8574114012554961 -0.43815992919092184
vn 0.1428162820646942 -0.8551712835977647 -0.4982826359476808
vn 0.005214687504275579 -0.8570381726981442 -0.5152265303460786
vn 0.1269483812172013 -0.9888019105252577 0.07845310859317337
vn 0.12714954134384945 -0.990419084093751 0.05387979212046026
vn 0.13785020531041758 -0.9900995493283856 0.026461355135427946
vn 0.14017937421285984 -0.9900992262378518 -0.007298304494739455
vn 0.1343588533354797 -0.9900993460696347 -0.04063229556469636
vn 0.12073071402078692 -0.9900993532178545 -0.07160562442725431
vn 0.10008601486731658 -0.9900992782985731 -0.09841853860235741
vn 0.07362420875774428 -0.9900996351183585 -0.11950811028248043
vn 0.03908337253347875 -0.9897380647912838 -0.13744472741656447
vn 0.0018898052928890785 -0.990058745583544 -0.1406417751931989
vn -0.028073256419016864 -0.9904346945091238 -0.13509629227573483
vn -0.05653164447182089 -0.9900991925722356 -0.1284825359382306
vn -0.08563723675437077 -0.990099104470199 -0.11122062312532477
vn -0.10976514785865557 -0.9900993152511385 -0.0874926182874555
vn -0.1275087904550637 -0.9900999911272614 -0.05868147856422335
vn -0.13785935195613241 -0.9900982366193812 -0.02646282149406351
vn -0.14018474793694868 -0.990098460029068 0.007299033766342942
vn -0.13435760923503867 -0.9900995230979639 0.040632095710524035
vn -0.12072909857268015 -0.9900996965389005 0.07160360096674746
vn -0.10008143310906945 -0.9901002060206539 0.09841386479908917
vn -0.0736242639555366 -0.9900992238546659 0.11951148346244186
vn -0.042886478824087235 -0.9900989609614766 0.13365925870314888
vn -0.009652595189105774 -0.9900991040441577 0.1400378219520406
vn 0.02414058484592467 -0.9900993907243683 0.1382766381227557
vn 0.05653302874068778 -0.990098909874341 0.12848410534788376
vn 0.08563496872561106 -0.9900995888280116 0.1112180575894297
vn 0.10486100127446003 -0.9904509348750431 0.08950483795231942
vn 0.36141594357032486 -0.9323598689962314 -0.009142779582945133
vn 0.2488175256388395 -0.9685217715448368 -0.007444258097139465
vn 0.10078537444649059 -0.7048217422666833 -0.7021884504360904
vn 0.9032741169357241 0.423500386401669 -0.06887156446331603
vn 0.9165056779870344 0.209190870431976 -0.340964106535334
vn 0.8082837710077886 0.35714169224198145 -0.4681101976970408
vn 0.8931976429815754 0.12776146493083673 -0.43113220553663634
vn 0.8932745032322237 0.2463754552290695 -0.37597845275479924
vn 0.9535840399049664 0.29995983511826585 -0.026487282879643706
vn 0.6206682159659694 0.5088932045333872 -0.5964886185581085
vn 0.6522016005610464 0.7578757196798904 -0.016045739163325527
vn 0.6845640539457845 0.4612294865829645 -0.5644815468655537
vn 0.7337106520804302 0.6792212461049889 -0.018088058582838355
vn 0.9160412637370932 0.40028788680725097 -0.025258875793169246
vn 0.848927448773429 0.34520638440306367 -0.4001933768647369
vn 0.8662893279981387 0.4990268390814084 -0.022693921497861348
vn 0.8038414781517501 0.5944709125449888 -0.021052604131976335
vn 0.7507782953313639 0.41277429768291 -0.5157027539500946
vn 0.5582539564554626 0.5438370701311002 -0.6265730294650762
vn 0.4742810770984261 0.8802874973094019 -0.012303738745046129
vn 0.5709071655807311 0.8208796719836523 -0.014885308615784005
vn 0.45069359015654203 0.5914752418887333 -0.6686047606953388
vn 0.3103848547064847 0.6413787917067234 -0.7016370055218424
vn 0.3702998578972413 0.9288576141856195 -0.010077093364747772
vn 0.17526665437670252 0.6774393066805368 -0.7143931590012542
vn 0.10067448604298046 0.7071021677025384 -0.699907974158284
vn 0.1286943341565455 0.7234674750838093 -0.6782570168098974
vn 0.16411478915807726 0.7290472059981975 -0.6644971838960806
vn -0.09296010274593697 0.9956694453814439 0.0008802450073655863
vn -0.016579360058362892 0.9998603575413914 -0.002095289301345258
vn 0.058310245394443586 0.998296410554014 -0.002047426924493953
vn 0.09854802381642219 0.7216468039631292 -0.6852110458330912
vn 0.14843760047433305 0.988914843004057 -0.0037029787582000323
vn 0.2622162924443956 0.9649829476732151 -0.00710821191496127
vn 0.19871864568218142 0.7331138908436333 -0.65042672370556
vn 0.2353123797979314 0.7408094565003546 -0.629149769986037
vn -0.19791971290196625 0.9802058769038099 0.004922004473421469
vn 0.22580449741325356 0.7510202975541771 -0.6204682438365268
vn -0.3113569834155964 0.9502601282869865 0.007906798741580894
vn 0.13346295465991714 0.7516120817227904 -0.6459620099833879
vn -0.4169780412784832 0.9088458841907694 0.01133454370753679
vn 0.017933428622436232 0.7128793837565534 -0.7010573274367231
vn -0.5170241723388047 0.8558571275864284 0.013949278722633228
vn -0.12970294249594427 0.64630487957235 -0.7519754978381037
vn -0.6025009081067126 0.797975255411942 0.015104551659436223
vn -0.2977677272489158 0.5812037215639911 -0.7573220019576758
vn -0.8860078490493972 0.4630913859844577 0.023161598603175296
vn -0.8289699324018229 0.5588543885544086 0.022150024090175094
vn -0.8856417822989 0.2659166072829288 -0.3806927782576975
vn -0.47811450433327657 0.5089696535642617 -0.7157907602762282
vn -0.5949270870607549 0.44913296193127866 -0.6665893365395529
vn -0.6875698796558618 0.7259140871099563 0.01721623435431823
vn -0.6887533373924036 0.4069762243427576 -0.5999909941411946
vn -0.762769149971457 0.6463590087244716 0.020081227366363467
vn -0.7578078340044245 0.352942935066836 -0.5487791644258458
vn -0.8163409601761262 0.30471658267815344 -0.49064777690280875
vn -0.93100845447113 0.36499247009233177 -0.0019376478462221013
vn -0.9198477376367488 0.3915531549934172 0.023796352225832113
vn -0.9481370208621933 0.31694033124919213 0.024187106032289837
vn -0.9252126503965388 0.1983422938904554 -0.32348398105699855
vn -0.9399918880996839 0.1925151459726318 -0.28169694509867776
vn -0.9811787621808858 0.12389471499308742 -0.1481159553929501
vn -0.9751839816305523 -0.19571981615378434 -0.10348891503881721
vn -0.5847895742659139 0.8102965351165793 -0.03795627758299435
vn -0.9429268288626035 0.32735953678521523 -0.0610305586315898
vn -0.9815450487686569 0.18956170540277448 0.02521263735762132
vn -0.9492169649211699 0.025381754511099135 -0.31359674750191663
vn -0.9999907444044174 0.002522772672536154 -0.0034852149922391653
vn -0.9565905999606199 0.28742032883962476 -0.048207661597546754
vn -0.9750896034308072 0.21694418446803387 -0.04621132011369731
vn -0.9850446677951213 0.16653021834076565 -0.044211862975632885
vn -0.9945644163706313 0.09697861981808793 -0.03790473568730022
vn -0.7214456620525947 0.022142123647351557 -0.6921169576494123
vn -0.998241879233956 -0.015215273566326536 -0.05728565259960079
vn -0.9996107613890208 -0.01812024051648705 -0.02121279328345764
vn -0.9999748004729259 0.0019143600134513055 0.006836201055470746
vn -0.9885640590749841 -0.14851135606692353 0.02618163906929608
vn -0.9982355995719308 -0.05339133996471863 0.025981773689257734
vn -0.9985646988881395 -0.03503050539372183 -0.04051426694758026
vn -0.9987497028883336 0.042680483583312195 0.026027049420936872
vn -0.9948000751965225 -0.09230908620331787 -0.04303304536401866
vn -0.9836669261597757 -0.17340443038880587 -0.04827299349441938
vn -0.9665177763137786 -0.2553606979701715 0.02518535291902128
vn -0.9654777298248247 -0.2573935929269023 -0.04001614089942636
vn -0.9540802491581074 -0.2961323381253551 -0.045127779502361666
vn -0.9439060877788255 -0.32726860760516935 -0.044006316935712046
vn -0.580418898327951 -0.8139222675771491 -0.025385917470898873
vn -0.92855465401571 -0.3711838738438732 -0.002964170039091718
vn -0.9373723612291844 -0.3474607127835304 0.024578638603144336
vn -0.8933932310715889 -0.4486405185229254 0.023879275846370403
vn -0.840196198429168 -0.5418289587910303 0.022174930904106507
vn -0.908665814306844 -0.23600030922375528 -0.3444274843219861
vn -0.907180823139708 -0.4207402612661012 0.0007659486241825484
vn -0.9446161921356305 -0.21849071113307877 -0.24487151468421764
vn -0.9818436879655434 -0.11734911659033091 -0.14903743569214287
vn -0.9766479211609379 0.18936251671463142 -0.10149224283421646
vn -0.873045120082848 -0.28132792017670327 -0.39830493297042674
vn -0.8202610881868406 -0.32258980501315354 -0.47234263507343444
vn -0.7727584176300912 -0.6343646357081171 0.020638239865488277
vn -0.7341764374389003 -0.3739756693660488 -0.5666808250079937
vn -0.6357358103144634 -0.4350222230632914 -0.6376485277367812
vn -0.6970042115989381 -0.7168336948442947 0.018291608710541973
vn -0.5037293582035401 -0.49837466701247723 -0.7056057149457138
vn -0.6128569203830466 -0.7900299968073021 0.01609345467145734
vn -0.3159043086689971 -0.5786174540551522 -0.7519350434891946
vn 0.24730693405407572 -0.747055414652337 -0.6170473951062412
vn 0.22851465554933392 -0.74430744555623 -0.6275248829239595
vn -0.31128232818631413 -0.9502947540307971 0.006572109285054435
vn -0.12178174158752267 -0.6529837793061666 -0.7475168167867164
vn 0.006269123337757826 -0.7024710898437647 -0.7116846675503761
vn -0.5193958696708783 -0.854424520207222 0.013662717061065937
vn 0.05471026335053709 -0.7292561422529379 -0.682050046602504
vn -0.4201715345820338 -0.9073711937136903 0.011549820153204212
vn 0.11229023612715484 -0.7443426619954794 -0.6582893774047937
vn 0.19745146251553486 -0.7493805704762618 -0.6320139876166895
vn 0.1412825345007337 -0.9899612214008405 -0.004003194674877496
vn 0.13696178313339458 -0.7319520545173921 -0.6674486196320207
vn 0.09579147078074021 -0.7220923936034578 -0.6851325194629806
vn 0.034982232081674766 -0.9993869157072253 -0.0014269379045982464
vn -0.02219050270801613 -0.999753698940024 -0.0003507781424768116
vn 0.17976676139485967 -0.7406544203466966 -0.6473908719765072
vn -0.09276130247466423 -0.9956829019064711 0.003301456392630186
vn -0.21004670927551464 -0.9776857663534453 0.003304874037477146
vn 0.1872971485569596 -0.6743675549112403 -0.7142465813887157
vn 0.3159154792553134 -0.6406323599260503 -0.6998482616842492
vn 0.46430366434840964 -0.8855965215212828 -0.01187048196340349
vn 0.432059710702125 -0.5976407905849395 -0.67538869683835
vn 0.5605194611493051 -0.8280188716334621 -0.01423663906057218
vn 0.553265409486255 -0.539005797252938 -0.6351142709731306
vn 0.6502727092914902 -0.7595210683939644 -0.016527256771646123
vn 0.6718248725529719 -0.4694215075066252 -0.5729701466127101
vn 0.7293818944535948 -0.6838639380079792 -0.018225431010093995
vn 0.7500145683261702 -0.4027775340230656 -0.5246412158654779
vn 0.8267451634565705 -0.562241348017737 -0.019419095765932
vn 0.8313821301528982 -0.3280035188928337 -0.44857267555698044
vn 0.9168032897923435 -0.39440036594389183 -0.0626105356091184
vn 0.918400035302349 -0.18534301926212957 -0.34955591879904074
vn 0.9807000148508553 0.19384866736108577 -0.02549853003338653
vn 0.9937687702992591 0.10839959184696303 -0.02594532068235419
vn 0.9256939654854025 0.01750392075588096 -0.377868092093104
vn 0.9995833816358598 0.012523116863574369 -0.026004513097536607
vn 0.8963698352514105 -0.09937396155568529 -0.4320253860782817
vn 0.9949560131768117 -0.09669174744466993 -0.026706512677623036
vn 0.9014991373722969 -0.21301816323200443 -0.3767261172924807
vn 0.9772217827302642 -0.21058128373448348 -0.02632698802031075
vn 0.8532339027037316 -0.3146195366759239 -0.4159404457597101
vn 0.947324205172183 -0.3191685133403421 -0.02661410128122739
vn 0.9070171261413422 -0.42037840482337524 -0.024534254511904566
vn 0.9196094441204636 -0.1648959444353529 -0.3565498531667409
vn 0.9206310574534056 -0.13127793198732682 -0.36770172779762006
vn 0.3848744225441843 -0.09181979829741388 -0.9183903328715427
vn 0.3820052495497846 0.103193258401614 -0.9183807166621392
vn 0.9129691196782679 0.13195353168191787 -0.3861031623679836
vn 0.9093556585601461 0.17435114548903033 -0.3777220728410056
vn 0.39563762987115575 0.0056600113558419474 -0.9183892584854128
vn 0.6368651710909284 0.7702619338723761 -0.033155800073433224
vn 0.8304195739828885 0.362027771362982 0.42348462062751513
vn 0.5681188257147528 0.7702620643556548 0.28971943684029133
vn 0.5074230450890963 0.36203143903880625 0.7819559389505268
vn 0.34714548084646685 0.7702617313892726 0.5349643729119494
vn 0.048461387986664196 0.36202685316311806 0.9309071121563183
vn 0.03315504385300939 0.7702615858331304 0.6368656313987558
vn -0.4234831990924981 0.36202668622225875 0.830420771988101
vn -0.2897200138645055 0.7702616264192813 0.5681191252125513
vn -0.7819573959017622 0.36202724868659736 0.5074237895516402
vn -0.5349641040262674 0.7702618131564529 0.3471457137806924
vn -0.9309064441432637 0.3620284174064678 0.04846253442312908
vn -0.6368649970242805 0.7702620893226912 0.03315553223076854
vn -0.8304198641525617 0.36202842275174085 -0.4234834947677741
vn -0.5681186405171056 0.7702621653941648 -0.2897195313735135
vn -0.5074227163552915 0.362025149809212 -0.7819590640386714
vn -0.3471445246333142 0.770262221432161 -0.5349642878281714
vn -0.04846284947797455 0.36202818798697123 -0.9309065169625496
vn -0.033154041715386585 0.7702611265808184 -0.6368662390144283
vn 0.4234827573056157 0.36202797829295186 -0.8304204339959073
vn 0.28971931018395836 0.7702620255525586 -0.5681189429144227
vn 0.7819581114488666 0.3620252511397468 -0.5074241120369875
vn 0.5349636729932309 0.7702616764786767 -0.3471466812830708
vn 0.9309068553653983 0.3620274898901864 -0.04846156412577283
vn 0.756139543012327 -0.6532254612750128 -0.03936353941347893
vn 0.568118303321428 -0.7702622930632723 0.28971985316179427
vn 0.6745162088229666 -0.6532277085941556 0.34397884347721314
vn 0.3471447435068618 -0.7702624011899999 0.5349638869760935
vn 0.41215961575169036 -0.6532269703516638 0.6351527189177462
vn 0.033154109413630624 -0.7702611339104305 0.6368662266253464
vn 0.03936375098882986 -0.6532264409059771 0.7561386856981986
vn -0.28971936858232467 -0.7702618091663573 0.5681192065121801
vn -0.343978003869608 -0.6532273251997223 0.6745170082854075
vn -0.5349639213405227 -0.7702614242025448 0.347146858331511
vn -0.6351534799707614 -0.653226941703874 0.4121584883430585
vn -0.6368652761941564 -0.7702618570627267 0.03315556563264147
vn -0.7561385803902233 -0.6532266517146026 0.03936227553365352
vn -0.5681186204348803 -0.7702621755004152 -0.2897195438843155
vn -0.674517184601229 -0.6532269434648438 -0.34397838305511186
vn -0.34714538556120667 -0.7702620104779266 -0.5349640329013376
vn -0.4121597481034272 -0.6532273136222482 -0.6351522799936882
vn -0.0331553718864835 -0.7702614894566367 -0.6368657308845505
vn -0.039365358236669395 -0.6532264098870988 -0.7561386288220635
vn 0.28972031324266706 -0.7702612511964455 -0.5681194812712002
vn 0.34397988728165674 -0.6532259453707269 -0.6745173840904465
vn 0.5349644241426247 -0.7702614807781276 -0.34714595796470976
vn 0.6351531901333345 -0.6532270981716948 -0.41215868700979164
vn 0.6368652514404045 -0.7702618777526715 -0.033155560448875014
vn 0.38695492976846074 0.9007359315113573 0.19733388966990237
vn 0.23644516509325533 0.9007383705441621 0.3643680443363155
vn 0.022582694820346798 0.9007360266961822 0.4337794740489982
vn -0.19733310202928 0.9007356706590233 0.3869559386363533
vn -0.36437311497598746 0.9007363158715523 0.23644517832436115
vn -0.43377998387640254 0.9007357668455709 0.02258326622322784
vn -0.3869535508459731 0.9007370556264203 -0.1973314625424442
vn -0.23644561166679046 0.9007347785952837 -0.36437663392761954
vn -0.022580576547492764 0.9007360830006196 -0.43377946740651985
vn 0.19733086235344235 0.9007363591383627 -0.3869554781741866
vn 0.36437327067291125 0.9007352607763648 -0.23644895773350236
vn 0.4337795156160025 0.9007360482967954 -0.022581034755284078
vn -0.6368652960396421 -0.7702619087587366 0.033153983406025045
vn -0.5349682800008759 0.7702583004363047 0.3471470725814634
vn -0.5349633106184593 -0.7702633687431936 0.3471434848366378
vn -0.28971700704810865 0.7702658578560825 0.568114921515286
vn -0.28971815770368553 -0.7702601816800481 0.5681220305664986
vn 0.03315435922153657 0.7702612813098612 0.636866035347702
vn 0.03315204000795232 -0.7702617468884201 0.6368655929815259
vn 0.3471443605548884 0.7702624441645237 0.5349640736017993
vn 0.3471447735957414 -0.7702618995025923 0.5349645897999418
vn 0.5681186302280911 0.7702625553124173 0.28971851489220174
vn 0.5681198489037279 -0.7702609145108585 0.28972048746766466
vn 0.6368640066463694 0.7702629255389778 -0.033155128991881735
vn 0.6368687213393487 -0.7702590722150711 -0.033154086474540385
vn 0.534962211764082 0.7702634934251386 -0.34714490156270883
vn 0.5349656401344169 -0.770260078388513 -0.34714719574914515
vn 0.28971899417223457 0.7702624008841694 -0.5681185951894058
vn 0.28972107781529194 -0.7702612188606384 -0.5681191352074572
vn -0.03315481160364723 0.7702645260453954 -0.636862087412643
vn -0.03315385142106368 -0.7702606560316262 -0.6368668180284469
vn -0.34714516530106304 0.7702612573503008 -0.5349652602115686
vn -0.3471447042634846 -0.7702621236191273 -0.5349643120990129
vn -0.5681200137570002 0.7702606104658812 -0.28972097254681745
vn -0.5681180843755712 -0.7702629509525196 -0.2897185333998286
vn -0.6368656476731178 0.7702614972729901 0.03315678863629443
vn -0.7444328540354483 0.666571662049426 0.03875493756029579
vn -0.67717239020081 0.6665720107278743 -0.3116397093823578
vn -0.4547808590845093 0.6665717167866956 -0.5906407678025561
vn -0.12664284783173477 0.6657584434693771 -0.735341610438509
vn 0.22632487766524842 0.6650304301943123 -0.7116962671430687
vn 0.5315164358069261 0.6665724951416798 -0.5226580021272964
vn 0.713526113526622 0.6665721124643613 -0.21578253914622703
vn 0.7320748373202238 0.6665724287669201 0.1405262600738276
vn 0.582915212390647 0.6665724179458343 0.4646407932988781
vn 0.3002154971152991 0.6665716751684574 0.6823143389633038
vn -0.051260451691896754 0.6665730796609068 0.7436751277027603
vn -0.3909914431723875 0.6665725559191689 0.6346705594726767
vn -0.6411518964658721 0.6665720409054462 0.3802709033588602
vn -0.20575476107509455 -0.9785865995097159 0.005765895849019286
vn 0.9995873672280814 0.01262936108005854 -0.02579911852645302
vn 0.9950598747172161 -0.09578294101360434 -0.026105055804235253
vn 0.977176957916613 -0.21087171656744802 -0.025657592808602435
vn 0.9479880712485693 -0.3173471242111068 -0.0246864239078444
vn 0.9062343979380748 -0.4221650539574563 -0.022713062561289594
vn 0.8283358455817377 -0.5598358280656475 -0.02106116184920176
vn 0.7303974008326747 -0.6827563331820204 -0.01906374456172738
vn 0.6511931845316763 -0.758726623052573 -0.016773428115121086
vn 0.5620062957278754 -0.8270043931025578 -0.014582775843511454
vn 0.4645757071611674 -0.885473453174551 -0.010304175796132176
vn 0.36452074089255804 -0.9311661767428546 -0.00736075738193171
vn 0.2512524791936412 -0.9678999013881271 -0.006478625772674703
vn 0.1418141303498667 -0.9898879319011733 -0.0032610902362482743
vn 0.037964273074517454 -0.9992789310410579 -0.0005761487343383523
vn -0.022433205950155414 -0.999748151106397 0.0006209912549393835
vn -0.09164048134832266 -0.9957882944805765 0.002773941908590062
vn -0.3116106014720289 -0.9501749371914072 0.008149956045634338
vn -0.41987377627015454 -0.9074681883995372 0.01440482709031986
vn -0.5162832041154415 -0.8562557415321306 0.016666080569661994
vn -0.6126419283818081 -0.7901444012955432 0.01848493142878467
vn -0.6950096850428139 -0.7187093301213748 0.020455720304436858
vn -0.7725990725327365 -0.6345253868937247 0.021638080065580174
vn -0.838983075571402 -0.5436639470100169 0.02317135356945375
vn -0.8934060578990521 -0.44861668317233855 0.023847165213611715
vn -0.9369168084680884 -0.3486088781484181 0.02566601032635463
vn -0.9987647623599848 0.04257349583426449 0.025621220120299232
vn -0.9982215464891261 -0.053574525476870555 0.026144107266947554
vn -0.9885016059247062 -0.14897912597112822 0.0258804000965113
vn -0.9664271326236643 -0.2556342087986452 0.025879501940592162
vn -0.014890490215904176 0.9998875344474603 0.0017865491061958747
vn -0.09183783103127181 0.9957677293462583 0.00352731967201368
vn 0.18086703680059968 0.958265363770346 0.22139242895152778
vn 0.6649867437342262 -0.624268010560566 -0.40997814776949204
vn 0.6800426273926515 -0.7129737586449963 -0.17091063282465943
vn 0.754475741042112 0.44868843466534114 0.47900422208632115
vn 0.7608533241012051 0.34968834665117837 0.5466445640638091
vn 0.7544121938830255 0.21829287345493703 0.6190399527650757
vn 0.6698752653455708 -0.388179234703089 -0.6329170645696997
vn 0.6791993355775124 -0.27970696233012804 -0.6785663399956691
vn 0.6762200317653047 -0.5364835446004371 -0.5048879826380115
vn 0.6746764783716688 -0.7380923664346414 -0.005595367987369662
vn 0.6628472073162021 -0.711460322086839 0.2333619288770195
vn 0.9809393003891098 0.19286893058168206 -0.02365723078472765
vn 0.6639402806600286 -0.6238003260855167 0.4123790209172688
vn 0.6768289977443128 -0.5084082411176672 0.5323754015505121
vn 0.6889909671841357 -0.3890416429329373 0.6115047401310233
vn 0.9937396928933747 0.10910450796772918 -0.024033915812885154
vn 0.7482464923427573 0.10473556112744231 0.6551012509010189
vn 0.7310625588636941 0.010815592166145714 0.6822247122420614
vn 0.697138482241095 -0.17271169496310307 -0.6958222524478178
vn 0.7070015750416982 -0.10057411298612147 0.7000240143635165
vn 0.7326969896398924 -0.0721583647674476 -0.6767187685935179
vn 0.6650823236061499 -0.26442246794472074 0.6983883312832965
vn 0.7748497693197939 0.031037549790947378 -0.6313830101357151
vn 0.6077937739766616 -0.42499678217435227 0.670793905351452
vn 0.8207763743723934 0.11952302779963186 -0.5586057546228083
vn 0.9429897747791776 0.2881969596326598 0.1664716105538921
vn 0.9583595765534818 0.2838758569888509 -0.031006770987584892
vn 0.374846718448332 -0.8455053794398254 0.38027699247631813
vn 0.91302001621601 0.2611466015661312 0.31336384998812006
vn 0.8782841124182457 0.19237444220153654 0.4377317578852857
vn 0.8416470344799492 0.10396151651803506 0.5299266670345791
vn 0.9420211607844561 0.293131660921584 -0.16330940572930663
vn 0.9102210618844816 0.23190208568898027 -0.34310208561736766
vn 0.4355442961305996 -0.7681340752720487 0.46933059618360173
vn 0.8716612090040186 0.20064523484227503 -0.4471557071678063
vn 0.49350469509139866 -0.6706773113457796 0.5537554152951842
vn 0.5512946533661028 -0.5591897517398555 0.6191777020525429
vn 0.7099913116913218 -0.27879030423257983 0.6466748051290864
vn 0.7339858216956093 -0.17405010475590318 0.656484100785602
vn 0.7663433004657885 -0.07788539816278779 0.6376925674525509
vn 0.8012086216650649 0.018324762630366868 0.5981044621503065
vn 0.9153142102897645 0.40215802689681535 -0.02165220182995472
vn 0.7076978089942079 0.669354611333214 0.22611549135731415
vn 0.9542472914388888 0.2980211477214989 -0.024402915651726146
vn 0.7326590198158923 0.6609197611468226 0.16246793532276735
vn 0.7420136353345042 0.6634559906736952 0.09613487097229151
vn 0.7598837105358247 0.6494589828284079 0.02792447109251727
vn 0.705330256540738 0.6785041763028015 0.20528349165929913
vn 0.7144282332689159 0.6299133331507571 0.3046333734625258
vn 0.9760760209657067 0.21678895266540224 -0.01667786850863815
vn 0.7348333927827241 0.5507727756252065 0.39581464662331145
vn 0.7526250845947667 0.6572302497135537 -0.04004848187110351
vn 0.7390687785385168 0.6661179230434678 -0.10032075154145134
vn 0.7058141369068798 0.6957579770090855 -0.1332187733415264
vn 0.6803933094455051 0.7285104010987353 -0.0796086675730273
vn 0.6880040019741879 0.7256941032068638 0.0043083451912889125
vn 0.6992049320759091 0.7067848136337738 0.10755319696501298
vn 0.6328896223264058 0.69087227946107 0.34949423374900546
vn 0.6513758360451792 0.6857069975511643 0.3248313927652491
vn 0.6826127997986225 0.6752998464307347 0.27930249365466064
vn 0.6123153311550502 0.6995786325630047 0.36832006746002516
vn 0.8677590339777205 0.4965903448905474 -0.019806269500854932
vn 0.5795566440109228 0.7220791455252342 0.3777774529803813
vn 0.8043872432375152 0.5937361332612938 -0.020941990752497048
vn 0.7344181414794398 0.6784084847539484 -0.01979700178657196
vn 0.5385072131303595 0.780468626507496 0.31761408099150196
vn 0.653271250329915 0.7569158490813128 -0.017750236671803466
vn 0.48741249003879705 0.8413548164557356 0.23356184915545367
vn 0.5722629822936728 0.8199269108301684 -0.015327752374325826
vn 0.4302914648310693 0.8889247100890865 0.1570417622372031
vn 0.4756010616733976 0.8795670381979565 -0.012862948760348608
vn 0.36798398603763344 0.9202142662692732 0.13339224180722764
vn 0.3723330141240367 0.9280440891604107 -0.010114107362169614
vn 0.33417905338758125 0.9337963441366828 0.12786222254421287
vn 0.2633541507347492 0.9646722866691956 -0.007209065348877157
vn 0.3028902426195251 0.9443757226801325 0.12810931011547438
vn 0.15036845748934566 0.9886226332020542 -0.0038231025242709115
vn 0.05973735590679843 0.9982132055115561 -0.0013581795199778183
vn 0.23473130002336157 0.9581742056072534 0.16371746546490218
vn 0.27059420448658816 0.952401694238584 0.14039155711703225
vn -0.3101855047220937 0.9506469094444238 0.007443535723414516
vn -0.03591193904789723 0.9363969690299869 0.34910034234482473
vn 0.011541807097206869 0.9338481387923989 0.3574834826434688
vn -0.19547112422333981 0.9806989240924762 0.004545313930124892
vn 0.08029263702299426 0.9363071718035314 0.34188005567620655
vn 0.1278317767026308 0.9514902137912349 0.27986677174069574
vn -0.0892825905400287 0.9901764011532631 -0.10760721920779238
vn -0.12283231824507793 0.982888641947002 -0.13726667157805644
vn -0.5378595484850562 0.8430340444924271 -0.0008401965197151461
vn -0.07278991107211273 0.997118290063644 -0.021371580818201005
vn -0.12493428654695451 0.9491937996411196 0.2888296293108752
vn -0.1029961698918428 0.9696135836846336 0.22190377942219164
vn -0.08195387889432952 0.9848602407774429 0.15275427283703227
vn -0.06830897106346549 0.9961212421441648 0.05546490260892005
vn -0.14924058485174282 0.9836628923106366 -0.10067056235157681
vn -0.16976377022458428 0.9328210335099353 0.3178445874332154
vn -0.14861236076639295 0.9880409237089997 -0.04110351935912827
vn -0.14870126066073666 0.9886609730622373 0.0209144787536702
vn -0.599861008207809 0.7998871874225578 0.018634865954464862
vn -0.14076222534874355 0.9865714988787152 0.08284125491006644
vn -0.13386800236306332 0.9806201007158891 0.1430509560096761
vn -0.11842411945021039 0.972666531204535 0.1997386968190683
vn -0.10560825861533893 0.9621515502416099 0.2512196052856988
vn -0.07934664881453841 0.954824356059793 0.2863818402009873
vn -0.046170766796331766 0.9412911485396438 0.3344237341672344
vn -0.415676618420754 0.909449652081355 0.01069014627539959
vn -0.5168421857510812 0.8559290605744135 0.016112054252847823
vn -0.7626024982823544 0.6465381746124039 0.020635367270114224
vn -0.9059599272351768 0.31726228897715464 0.2803234742882041
vn -0.6864703018481186 0.7269251864749599 0.01839287766766813
vn -0.9202459113244965 0.3086087541696299 0.24064101799239423
vn -0.9341265327826257 0.34930364678982523 0.07344782563724349
vn -0.933307843864807 0.32800950802729145 0.14610349490727162
vn -0.9350208514784657 0.295838749483009 0.19548770192729417
vn -0.9441934973395801 0.3293087003182814 0.007376955763480771
vn -0.944141934079689 0.3230375233056868 -0.0651365246907729
vn -0.940291942790659 0.31932335600216954 -0.11782892953124743
vn -0.9297669401974863 0.33452930768086575 -0.1536996396168987
vn -0.9154144199728115 0.3496647507627571 -0.19937653267087452
vn -0.20314261917652152 0.90834303869862 0.3655762578749614
vn -0.9070045944824664 0.34815221956754583 -0.23692340027504252
vn -0.24735819584490623 0.8567055443382284 0.4526251575514698
vn -0.9007267504384829 0.34606369426166916 -0.26254759674865935
vn -0.3012030568865558 0.7881438680221391 0.5367550296190015
vn -0.35557769852204335 0.7240344362452196 0.5910487589402705
vn -0.4083532086953847 0.6543821119814677 0.6364210151046691
vn -0.8959239768045797 0.3409390082119671 -0.284746941100527
vn -0.883376419287992 0.35682923528390836 -0.30384041648968796
vn -0.8688268689335968 0.3800856910181566 -0.3172928289487373
vn -0.8523517423200798 0.40358500914418166 -0.3325893079430167
vn -0.47848190420347436 0.533607538854362 0.6973650850362438
vn -0.8420877164227297 0.4170566802346476 -0.3419824605467471
vn -0.5566238756170093 0.40272272398654263 0.7266252601430528
vn -0.8342735689202297 0.4322772460945617 -0.342233830458072
vn -0.6276595610074944 0.25982158010846884 0.733850272184877
vn -0.8269747544651563 0.442182114906966 -0.347257444461162
vn -0.82554094907822 0.45258048198514117 -0.3371246783033382
vn -0.6867252164639255 0.11394980539585571 0.7179303022737104
vn -0.8278481061727392 0.45910080650103824 -0.3223258639580531
vn -0.7356157544181529 -0.029692606220119867 0.6767479671101114
vn -0.827013768022029 0.47231116722472954 -0.30491046032699387
vn -0.7686764277264655 -0.1450282173205328 0.6229794263364629
vn -0.8284457121778199 0.49064648901144725 -0.270080959704539
vn -0.7834422799647072 -0.22313374937031252 0.5800254510412864
vn -0.820673606137244 0.517054027861724 -0.24320765707859454
vn -0.8162643536367034 0.5383914704792304 -0.2093970618162233
vn -0.8127862040999025 0.5598053522268149 -0.16123446915310358
vn -0.8060665621670545 0.5790804453870193 -0.12215782875672418
vn -0.807060036653848 0.5830317035652508 -0.09342446079101016
vn -0.9194033408912176 0.39239208153295996 0.026943479884726212
vn -0.9475991170904386 0.318437367638488 0.025564744882197767
vn -0.806864513064703 0.5881007078888388 0.05574239802436112
vn -0.9814831811969511 0.1898976157410519 0.025093038145600925
vn -0.8093463500648882 0.5865010530835343 -0.031224995893493295
vn -0.8860631010293399 0.46290423980673406 0.024735516231106872
vn -0.8199504252527736 0.5585783873909076 0.12518580297928647
vn -0.8082724311879311 0.5580933950608747 0.18768974231688199
vn -0.8032310520135686 0.5438496065321372 0.24299687766721492
vn -0.7963661242376238 0.5335478595559525 0.2848292080001753
vn -0.7937005113841686 0.525183711247565 0.30695531868456566
vn -0.7977302956137499 0.5099854537228242 0.32177820381611333
vn -0.8014648097660055 0.4875776583084056 0.34629782821327715
vn -0.8027877788687106 0.47187752635692665 0.3645042965704388
vn -0.7873390943984852 -0.2954163973882347 0.5411342740817011
vn -0.8081547617709892 -0.5006726969638852 0.3101817717754946
vn -0.8015220284237029 -0.45586415010293124 0.3869758579065169
vn -0.7957397633908259 -0.3761943845113566 0.47463250417647745
vn -0.813710551985358 -0.5112963031727079 0.27649815180142906
vn -0.8002594809403814 -0.535545091667246 0.2697706766054318
vn -0.7709565632050076 -0.5816298157242193 0.2594855200425144
vn -0.7323836088009376 -0.633504739854576 0.24957162126632362
vn -0.6887679664512208 -0.6838055830652895 0.24084977259567728
vn -0.6456049121226597 -0.7271021581111856 0.23348822050191176
vn -0.6491580645939505 -0.7194127581047733 0.24706090473549083
vn -0.47522924474324035 -0.5381339404578288 0.6961099245579676
vn -0.33926283608557556 -0.6404535337204157 0.6889992737269063
vn -0.1677651369519948 -0.7092830516428498 0.6846695637135368
vn 0.014621567539881293 -0.7327019684301358 0.6803925596457393
vn 0.1605850404894816 -0.7088476532805841 0.6868387359559742
vn 0.1308513834131159 -0.9621339755888338 0.23911530372709103
vn 0.0704162748323197 -0.9700654583419215 0.2324103155426132
vn 0.10778059240710479 -0.9626095916609455 0.2485279017388616
vn 0.2527549326358001 -0.9331788016832251 0.25552351773825477
vn 0.1949479303611368 -0.9492930501610644 0.2466536222393908
vn 0.3300445909393832 -0.8918111047844004 0.30942450028218876
vn 0.30480034665173245 -0.9150293852475428 0.26423090813621236
vn -0.8441300653544652 0.38048490583751077 0.3777243296300713
vn -0.8595498439595408 0.36445288462492176 0.35825711526458537
vn -0.8337503030575969 0.39429668022846204 0.38651075031902987
vn -0.8044840438009515 0.45637737424422914 0.38016459007594555
vn -0.8066596732000495 0.44543271413251523 0.3884454515286932
vn -0.8279657853269297 0.5603301457187875 0.02242289291601286
vn -0.8150398885164268 0.4354586879927958 0.38221160523815007
vn -0.8265608145802524 0.4128313515362238 0.3825800504328529
vn -0.8730235950816512 0.3476639757958833 0.34199351216727586
vn -0.8886751932237585 0.33025713658318145 0.3180984512451974
vn 0.8536357282694962 0.47038394228884156 -0.22370737640635527
vn 0.5220178511383574 -0.6191020538115218 0.5866941367179728
vn 0.43174614812188 -0.8415534224953055 0.3246276338643365
vn 0.6375440373291927 -0.30527595110412187 0.7073501213285163
vn 0.7518876188670895 0.02839851709529198 0.6586793854533226
vn 0.8386476980506036 0.30489126050638854 0.45134394625523583
vn 0.8755708056818299 0.4660223370161724 0.12727507862757942
vn 0.7858135766550844 0.31410806330970364 -0.5327599340306766
vn 0.6800176885011341 0.02856341540053998 -0.7326391162272398
vn 0.561720754000305 -0.3056357251973815 -0.7688020538528755
vn 0.45386686562091183 -0.6255330773146063 -0.6345969094447027
vn 0.3851324842513583 -0.8446210451188576 -0.3718712945586229
vn 0.3772106189853426 -0.9256050946223472 -0.031102375051602484
vn -0.3981713160187484 0.8706588318479705 0.2888127449144609
vn -0.3904074216620578 0.9195991521697473 0.043811464708067176
vn -0.4319822884986662 0.8972270017028674 -0.09151507984336636
vn -0.427925248509312 0.7526363189672897 0.5004183780194449
vn -0.4809460365743327 0.576504124254128 0.6605557543625076
vn -0.5507100110170485 0.3593391206773938 0.7533882665109668
vn -0.6299488722590384 0.13197336862954867 0.7653413933089828
vn -0.7126179972007883 -0.08911215292360512 0.695869681956943
vn -0.785053569149394 -0.2784288877604783 0.5533247220450759
vn -0.8387031206797624 -0.36502061372220496 0.4041497580351779
vn -0.5571018634085982 -0.3833483208898661 0.736669246444826
vn -0.4976051981165768 -0.2494841470420606 0.830750700981984
vn 0.64908201970633 -0.5557618209644908 0.5194432885813279
vn -0.7048078781959695 -0.5897368429495222 -0.3942794832359733
vn -0.7208668358903165 -0.6189433441993445 -0.3118655825589209
vn 0.5217431038026447 -0.7781616409120293 -0.34964066446493397
vn -0.7353634320630129 -0.65106423333066 -0.18803187724975423
vn 0.5099822213229104 -0.8598198050206054 -0.025060662977621904
vn -0.5882890102543538 -0.3070808482236097 -0.748075793665469
vn -0.6241156188694973 -0.37514302194969973 -0.685381213169424
vn 0.5872279845546183 -0.5578851037662058 -0.5864533273430125
vn -0.5657366346965526 -0.25963052746194093 -0.7826455451684714
vn -0.6613482749802535 -0.44765210070639583 -0.6018521877619072
vn -0.6765794491629871 -0.49791964935684063 -0.5425092365616182
vn -0.6886502600999741 -0.5516494595542628 -0.47057804138923426
vn -0.457560493044646 0.03279718067241433 -0.8885734297989568
vn -0.4878841009311508 -0.05028649421909299 -0.8714587612490655
vn 0.6907914032165855 -0.25298399287878826 -0.6773524463594752
vn -0.511154659040899 -0.10394847365246548 -0.8531797169214146
vn -0.5420418683547634 -0.19289399215763564 -0.8179135166629582
vn 0.8021332490603166 0.04644589180169572 -0.5953360646615365
vn -0.26299228848289397 0.5238595615966141 -0.8101890001242509
vn -0.3055912370279151 0.4364033387574178 -0.8462659876026727
vn -0.361480766519649 0.3085813921091025 -0.8798347457792147
vn -0.3826757607206759 0.2234489198520249 -0.8964540380710077
vn -0.4092495208419128 0.14537720198958554 -0.9007665062780388
vn 0.8904360642571056 0.2665957470802304 -0.36885000082560593
vn -0.1544315078936105 0.8560939755926606 -0.49320788144925143
vn -0.18621320487224843 0.7701311943824641 -0.6101004718652869
vn -0.20545541279514667 0.6860227810750903 -0.6979690660761224
vn -0.2419783343428216 0.5939651039374445 -0.7672365613116039
vn -0.07025545248884285 0.995858868337211 0.057699963169114354
vn -0.07709308827910584 0.9967248625364186 -0.024417291851210454
vn 0.9350856497486927 0.35110020722670465 -0.04840942180433756
vn -0.10357124826636963 0.976969260090682 -0.18655846635950768
vn -0.1229592274869447 0.9250960430624371 -0.3592747409518725
vn -0.07846122419193517 0.9101889023383403 0.4066939861350672
vn -0.08059593985882835 0.9481869189654911 0.3073204535676095
vn 0.9232920181903044 0.27016549989863026 0.27302463590415715
vn -0.07806405621620062 0.9839535406033295 0.16044136954428542
vn -0.1402674696145279 0.6755992698796248 0.7238029175860344
vn -0.12147505669066071 0.7402017523540978 0.661320781779859
vn 0.8575997123805676 0.047715958698902335 0.5120995221733876
vn -0.10917530198548052 0.8004077646430504 0.5894303722540045
vn -0.0896850006059559 0.8693581082030104 0.4859764195596246
vn -0.2140571051718442 0.42170245551219426 0.8811053255658122
vn -0.18238748343389397 0.5084685384262133 0.8415429586880053
vn -0.16144244808699673 0.5866161535979022 0.7936106251139029
vn -0.31187053887997407 0.12491590514717449 0.941877265688039
vn -0.28825756449796963 0.19355341437029008 0.9377871039288723
vn 0.7569083974194433 -0.25716552147335153 0.6007957826760015
vn -0.2686828485967364 0.26595891968797386 0.9257836571836583
vn -0.24518056084269793 0.3365098585917203 0.9092016320131858
vn -0.4652502017868783 -0.1813663841907513 0.8663997255440711
vn -0.43234596415095183 -0.10930777341647237 0.8950579746324351
vn -0.38025170869665437 -0.009154683709121167 0.9248377316045558
vn -0.33036739935710197 0.06874867627241639 0.9413453144053013
vn -0.735100672986424 -0.6779034603627738 -0.008596452936171112
vn -0.7270950857596212 -0.6658574678805051 0.1672320804510039
vn 0.5580202450348576 -0.7766299040468688 0.29233439460896293
vn -0.6967028364404401 -0.6319661071377339 0.3394466042325703
vn -0.6609217495697103 -0.5939354980457588 0.4587189391194237
vn -0.6355774533141985 -0.531259052868842 0.5601831125476194
vn -0.6032699960777493 -0.46760190842513066 0.6460756666749864
vn -0.9369405654408767 -0.3460649984336143 0.048799525514833776
vn 0.5143676222345864 -0.8571533666455801 -0.026721812155722363
vn -0.9252104697860036 -0.2654865246872887 -0.27111342978138847
vn 0.5260953939132125 -0.7765739640157785 -0.3466359977211284
vn -0.8600104233176566 -0.045298398539595115 -0.5082618684051883
vn 0.5913012113117058 -0.556385384995792 -0.583779222707004
vn -0.7588104474321272 0.25550089712008184 -0.5991043285093908
vn 0.6924991401411057 -0.2555814044164665 -0.674628109865232
vn -0.6487237882192327 0.556311456219558 -0.5193024266045393
vn 0.8025845561419448 0.04522287406383862 -0.5948217564143428
vn -0.559254260867832 0.7765301700938142 -0.29023364146019803
vn 0.892054954420259 0.2654448435514907 -0.36575537361219185
vn -0.514369849979316 0.8571520632635066 0.026720738675592874
vn 0.9369403405564419 0.3460655771275906 -0.048799739398140814
vn -0.5260968858391928 0.7765749421551938 0.3466315420254781
vn 0.9252101547679548 0.2654869344494006 0.2711141035632724
vn -0.5913004584531693 0.5563850645726096 0.5837802906518896
vn 0.8600102769904379 0.04529799620131657 0.5082621518576564
vn -0.6924976688232366 0.2555867133193819 0.6746276088694998
vn 0.7588110341692423 -0.2555007863842306 0.5991036325879228
vn -0.8025851898919043 -0.045224415548058526 0.5948207841060302
vn 0.6487261215360351 -0.5563109294134724 0.5193000761139285
vn -0.892055640776938 -0.26544358998574846 0.36575460939477505
vn 0.559254768486187 -0.7765300092643395 0.29023309362887323
vn 0.46909352829378104 -0.8388339342001674 0.27624064246081015
vn 0.46192270915248673 -0.8228905482733345 0.33087543929950114
vn 0.30119924773107914 0.7796010372060648 0.5490912819863927
vn 0.48518192240591557 -0.7367341694029361 0.47097905028213916
vn 0.15443942108432726 -0.30285316816539104 0.9404405476941767
vn 0.6188290623381458 -0.38705978854267525 0.6835461298983346
vn 0.5479627815891994 -0.5782633314464266 0.6044404929333469
vn 0.8318221901008085 0.24832038824646763 0.4963958388594912
vn 0.8922786976379136 0.2905251061022397 0.3455920839166765
vn 0.7957261160261283 0.09717329741909929 0.5978104202359407
vn 0.7557611091713011 -0.02027780402859156 0.6545333883981342
vn 0.6917605209367429 -0.17863851916386256 0.6996825431181405
vn 0.8838930760394588 0.4458619147983899 0.14120971305762514
vn 0.8675799558177824 0.37195581520761667 0.33008164413740426
vn 0.40860086811683455 0.5042400196786597 0.7607807391940425
vn 0.8894406917953096 0.42291123877748343 -0.17332437766908423
vn 0.8815874076513021 0.4679103591311344 -0.06215736873798631
vn 0.9093999647336105 0.3483537743433322 0.22724733671324418
vn 0.9170931584955403 0.39195367311278184 0.07288660215754435
vn 0.9118506800113712 0.4010466787544916 -0.08769206818630429
vn 0.08891538077276785 0.6240352065458271 0.7763208847205778
vn -0.22214699483754746 -0.1702339399904432 0.9600370400979208
vn -0.4704957990221934 0.8169230369789203 0.33357226316887545
vn -0.46556837488020614 0.8848740042730308 -0.015623215841045568
vn -0.46342177463378764 0.8709637737340837 0.16328614037374684
vn 0.32655201728201927 0.8800968028118329 0.3446641810363145
vn 0.8088054154139536 -0.5874134989182604 0.027913818901557082
vn 3.391248670226431e-07 -0.9999999999999122 -2.46436944939361e-07
vn 0.4285783200761785 -0.5874115882150979 -0.686489802976925
vn 0.38022892497749955 -0.5874109581319268 0.7144048788166181
vn -0.42857889044582065 -0.5874124677979157 0.6864886942548959
vn -0.808806504118861 -0.5874119019163088 -0.027915880464201952
vn -0.3802282104509078 -0.5874112548612276 -0.714405015127734
vn 0.28846221928301474 -0.8386277604936918 -0.4620530568837877
vn 0.5443810705102189 -0.8386275706596482 0.01878956624419247
vn 0.25591895741719173 -0.8386270955768094 0.480843094781346
vn -0.28846191955699285 -0.8386277524206907 0.46205325865674374
vn -0.5443811187080756 -0.8386275352207495 -0.018789751560755068
vn -0.2559192764760305 -0.8386270463232867 -0.4808430108705594
vn 1.8620696078052515e-07 0.9999999999999755 1.1987124724154666e-07
vn 0.3243555587803097 -0.7297437058901753 -0.6018866963158319
vn 0.10984587323818355 -0.7545323596804956 -0.6470044840088237
vn -0.6049480712768456 -0.7375001786843791 -0.3002187827217566
vn -0.4256490261852309 -0.7484942943060189 -0.5085068317131043
vn -0.1718819647309162 -0.7534804984909712 -0.6346051753602688
vn -0.585643737259142 -0.7954795834256704 -0.15567159458959434
vn -0.5663793670138457 -0.7963745309405994 -0.21213679334367166
vn -0.17895277412017954 -0.7885234569851024 -0.5883932888969381
vn -0.198935145362891 -0.7996278225655884 -0.5665864041066122
vn 0.3674754026545465 -0.6943920767546451 -0.6186933587685018
vn -0.5966400953023663 -0.7968803021838281 -0.09488087620271098
vn 0.05572059952793819 -0.7337811010019502 -0.6770971205082865
vn 0.5059415544023902 -0.796766453629566 -0.33043359680797896
vn 0.7107714524249102 -0.6990173081309543 -0.07860499571362155
vn 0.12584324185067672 -0.800978137048539 -0.585318291573708
vn 0.1595412868657917 -0.7934665774627503 -0.5873307145337766
vn -0.32236299761832016 -0.7982494041710849 -0.5088025024575242
vn -0.2733054250771208 -0.8098667058930988 -0.519056897949806
vn -0.219124068745743 -0.8024139261206615 -0.5550824566349909
vn -0.031978466793205755 -0.7061408798198676 -0.7073488782127098
vn 0.06701555760471431 -0.6812414407340203 -0.7289849206023163
vn 0.24650181559449658 -0.6814547827331148 -0.6890981308919509
vn 0.9672852227709903 -0.14919114118983617 -0.20518601609113152
vn 0.36337564892131063 -0.7333532514305122 -0.5745878056374955
vn 0.21522156355224328 -0.7348348605772383 -0.6431931329410773
vn -0.11145690489054319 -0.8044152047981303 -0.5835182401963133
vn -0.020200709824271294 -0.8149624325283599 -0.5791616051587449
vn 0.057984395425921625 -0.8102013655525344 -0.5832765700282317
vn -0.54982773034238 -0.7940894525283151 -0.2590586966882759
vn -0.5220013400586525 -0.8009388077715384 -0.29327738948387716
vn -0.4316914487868578 -0.7996383803172605 -0.4173978363239226
vn 0.16543555268292243 -0.8014853450649507 -0.5746758386730841
vn 0.25382773958243826 -0.7883182657448361 -0.560469259202968
vn 0.27620821782687166 -0.7992987449880371 -0.5336951720462273
vn 0.40071873526846985 -0.7972489871526801 -0.4514626758535681
vn -0.0548259374561867 0.17396039965663157 -0.9832252518794231
vn -0.02373415070175597 0.17181260848423474 -0.9848437021458326
vn -0.051988847539122515 -6.624119365413749e-05 -0.9986476632645062
vn -0.08579518875807723 0.17051530806160278 -0.9816128133345767
vn -0.11565738304424954 0.1615868329364119 -0.9800576846129699
vn -0.1434472177333319 0.14746330601317192 -0.9786099678136494
vn -0.16826975903938782 0.1285991348813446 -0.9773165048747493
vn -0.1893295383523667 0.10560029921832947 -0.9762186756625173
vn -0.20595223998617393 0.07920170621904152 -0.9753516107418236
vn -0.21760221306395405 0.050254425160494526 -0.9747429248891514
vn -0.22389981663986933 0.01969548501471041 -0.9744131361895056
vn -0.2246468985345093 -0.01150226847665825 -0.9743723460765483
vn -0.21982050657796634 -0.04233062574555585 -0.9746214973064138
vn -0.20957413657334945 -0.07180062532093331 -0.9751529887576913
vn -0.19423801020169146 -0.09896430973503231 -0.9759496200068711
vn -0.17430390112262212 -0.12295230749680701 -0.976985608970084
vn -0.1504102862086928 -0.14299022288901184 -0.9782282667970549
vn -0.12333288813090965 -0.15843207412311508 -0.9796368085134083
vn -0.09393274949605458 -0.16878564087308182 -0.98116667595632
vn -0.06315818610976183 -0.17371568056479503 -0.9827684904662108
vn -0.0320011169820249 -0.1730637514710991 -0.9843906066387735
vn -0.0014637069054642378 -0.16685279963193933 -0.9859807304491699
vn 0.027477367150765857 -0.1552805113034302 -0.9874882060580811
vn 0.05389042101503647 -0.13871995891023567 -0.9888642958074502
vn 0.07692574025145339 -0.1177025138775491 -0.9900649214640781
vn 0.095844987888778 -0.09290080252742856 -0.9910515522344736
vn 0.11003622234501885 -0.06512108898008893 -0.9917919507346713
vn 0.11904418704694662 -0.03524872513931367 -0.9922630744446679
vn 0.1225826208422898 -0.004245238628638273 -0.9924492324630119
vn 0.12053470224644738 0.02689187729577753 -0.9923448052415397
vn 0.11296686311700654 0.05716654086895569 -0.991952858982009
vn 0.10012434026466407 0.08559897835913081 -0.9912859987866462
vn 0.08241659302855889 0.11127730863706506 -0.9903660261620731
vn 0.06041754217982181 0.13337656804904793 -0.9892221245465586
vn 0.034828193018404466 0.15118791136280738 -0.9878912958563938
vn 0.006472675802116119 0.16413969922533175 -0.986415867474859
vn 0.18212601656678315 0.8085266467512795 -0.5595665961998157
vn 0.25799054926255854 0.7999103101747194 -0.5418342663281714
vn 0.32321693318188033 0.3042262194351593 -0.8960899628456342
vn 0.4034978229142201 0.7930717932075323 -0.4563185704330624
vn 0.5125345910688162 0.3239696904149717 -0.7952055914355411
vn 0.2853132422829817 0.7943283363947609 -0.5363197253302402
vn 0.9554786370478849 0.14019269404464277 -0.25962777717652064
vn 0.8468495197532996 0.3302808997431707 -0.4168457966184229
vn 0.7100158147038255 0.6993994650798828 -0.08196298625865583
vn 0.8038741975864213 -0.4375184454151864 -0.4029440213928802
vn 0.9538692550714083 -0.1526566004339842 -0.2585138421312398
vn 0.3104836934481346 -0.31538542987731594 -0.8967340222852622
vn -0.9611680900785221 -0.22351603818896632 -0.16185327703545183
vn -0.9217914714839855 -0.21362851422332454 -0.3235171417562342
vn -0.8537417836345266 -0.20270026583693576 -0.4796223192327196
vn -0.7412470376169166 -0.4243888858762013 -0.5200450968607454
vn -0.6140022180262974 -0.25489605136864396 -0.7470135736755128
vn -0.5134503907404484 -0.5314277514391108 -0.6737605221804343
vn -0.3832031886480848 -0.32367517218411007 -0.8650951965659774
vn -0.4485862466553721 -0.26693827722123376 -0.8529445090190834
vn -0.28811750427004756 -0.23338657065752386 -0.9287190169098077
vn -0.23532676681311165 -0.26937090375879064 -0.9338418651085737
vn -0.18349959860708992 -0.30313992181530386 -0.935111803536266
vn -0.13093560808972882 -0.30381298361624537 -0.9436914419026846
vn -0.07602394370294654 -0.3159218285195128 -0.9457345072739699
vn -0.006539377038462046 -0.3128438810453099 -0.9497820500727822
vn 0.035768001845870645 -0.3030113764769951 -0.9523154707183279
vn 0.0995471755942754 -0.28293921742850725 -0.9539579440793743
vn 0.15248095414144605 -0.25941513504250396 -0.9536526339999243
vn 0.7546998898160244 -0.3170747498072597 -0.5743619758883278
vn 0.8052813306993343 -0.1714204032036493 -0.567571161875414
vn 0.9531544769460498 -0.11392913662897908 -0.28020830627352505
vn 0.8175975915154072 -0.02389419436506517 -0.5752940516152151
vn 0.9485897808054702 -0.06665703289113166 -0.309409546907623
vn 0.9570770077890394 0.039837735779237354 -0.28708283816620356
vn 0.80586375589922 0.13694290699592057 -0.5760470876165498
vn 0.9545949266320799 0.1030760907977814 -0.2795064320443117
vn 0.7795755289432516 0.26008989232558993 -0.5697501580367597
vn 0.50747214546996 0.8017302323472215 -0.3157541070399339
vn 0.5558781089659565 0.20746910396865081 -0.8049572031300032
vn 0.3815243827441437 0.23597217530981085 -0.8937316587495692
vn -0.021664573403508674 0.8151075754310264 -0.5789043847944131
vn -0.10659354524582126 0.310016655981016 -0.94473673006096
vn -0.1005894143618322 0.8120365202614765 -0.5748725593381339
vn -0.17162865036843372 0.2921871365603007 -0.9408348864712672
vn -0.16156214540372052 0.8064196571932546 -0.5688453301775984
vn -0.2257017439990842 0.273487665163704 -0.9350204381504597
vn -0.19688855281204162 0.797163432344089 -0.5707585828570351
vn -0.4296888466066683 0.8084239766791812 -0.40226629119533475
vn -0.4487110269412129 0.7801112337045816 -0.4359872444800168
vn -0.6043454894380472 0.27864973475541704 -0.7464052885106208
vn -0.35449686090394705 0.8003067175137234 -0.48357122899491944
vn -0.3174815141327247 0.7988311525609417 -0.5109542815968467
vn -0.5655906966152102 0.7962376230820819 -0.21473893799429497
vn -0.5327004151348269 0.79964698170507 -0.27711905810527404
vn -0.8467589043580068 0.23415088461327502 -0.47767428350838487
vn -0.5065041441949832 0.8019741862669597 -0.3166874744519514
vn -0.49231269451304194 0.7959900300179299 -0.3521762100616159
vn -0.9429463754892234 0.2966820653397262 -0.15110223379384907
vn -0.6014524621854558 0.7832200876980822 -0.15754754824262263
vn -0.979687044686278 0.11043167873520088 -0.1673861965802196
vn -0.04182266394822337 0.08748866152961221 -0.9952871941726323
vn -0.9841640266150272 -0.06782937415343838 -0.16376918122421236
vn -0.9120754198832824 0.25381287424114707 -0.3220208895618139
vn -0.9414007916425449 0.1054956886071945 -0.3203673035440478
vn -0.9453954278025253 -0.06109235997427508 -0.32014872894149315
vn -0.8743512499297453 0.09691257570739079 -0.4755185006033429
vn -0.8780213228957857 -0.05614132497409625 -0.4753174814484394
vn 0.6678650659066069 -0.27271758767796456 -0.6925181377499621
vn 0.7032350473065706 -0.15243810178859243 -0.6944228491076716
vn 0.7185586955487926 -0.01814516405331254 -0.6952295693313797
vn 0.7096899715145448 0.11673003497948817 -0.6947763980341963
vn 0.6763606457102178 0.24423041390955555 -0.6949012748988338
vn 0.463694378863773 0.8013967303129313 -0.3778237732778111
vn -0.7058625911663734 0.3145898191634967 -0.6346583711498429
vn -0.7539436282736031 0.21294184468805671 -0.6214698513737273
vn -0.7822151535618285 0.08554953174673981 -0.6171067421088176
vn -0.7854557004804765 -0.04957949109760342 -0.6169288586581331
vn -0.7645485978886336 -0.18311482137023732 -0.6180084171441925
vn -0.7291512325645723 -0.30913205525478266 -0.6105537261073088
vn 0.49776942069013713 -0.37187023185048584 -0.7835420438555107
vn 0.5445584170554074 -0.234126116200656 -0.8053825750082416
vn 0.5780814362943733 -0.12784690606343727 -0.80590137214292
vn 0.5909321192277515 -0.015230832822159172 -0.8065774929890754
vn 0.5834942350207355 0.09787201996366483 -0.8061982047894914
vn -0.6447108976727451 0.18273432437084947 -0.742264120861794
vn -0.6675905176622958 0.07172465210091117 -0.7410657696914567
vn -0.6703074246211081 -0.04159081243891155 -0.7409171079267158
vn -0.652775518090654 -0.15357198181545287 -0.7418219256551752
vn 0.3688623543896647 -0.2551468920381099 -0.8937788468057445
vn 0.41076418128985326 -0.1840592562225691 -0.8929697517654621
vn 0.43624617783463565 -0.09956798201934373 -0.894301676886087
vn 0.44625175470691075 -0.01187816005921743 -0.8948286320489587
vn 0.44046060023096345 0.076193250087531 -0.8945328659614907
vn 0.4190581520351496 0.16181205707406524 -0.8934243803469576
vn -0.21582219107006956 0.7986079097347037 -0.5618239834244189
vn -0.36812626071571125 0.3387748751254039 -0.8658606355270086
vn -0.2569986769620977 0.8115176038399313 -0.5247769609058953
vn -0.42836743886222195 0.28423045704592004 -0.8577379463508
vn -0.48243670456217286 0.22080275587243137 -0.8476443647487609
vn -0.5159030703733285 0.14227173750825498 -0.8447501255908488
vn -0.5337191647174789 0.05583176940684799 -0.8438167257990192
vn -0.5358358020573784 -0.032404156897873015 -0.8437001622906469
vn -0.5221837042122198 -0.11959758830784677 -0.8444054689106126
vn -0.49320300289106334 -0.20295206138675348 -0.8459085403978996
vn 0.21046677842249312 0.21500173379718351 -0.9536655543976946
vn 0.16626075776559468 0.2576682094637737 -0.9518216504466281
vn 0.15570793094245292 0.7998422188199437 -0.5796615091886037
vn 0.1156776997404052 0.28820726870675917 -0.9505552272474012
vn 0.14010122814594467 0.7855190516375784 -0.6027698278666554
vn 0.06103544408245416 0.2962804596389696 -0.9531487626817644
vn 0.06597650765572347 0.804828538767324 -0.5898288935133718
vn 0.004122243819279338 0.31241554178955017 -0.9499365959653499
vn -0.06234595953536634 0.31107342056988846 -0.9483387097153442
vn 0.1997075635594172 -0.22636242452842648 -0.953350377258421
vn 0.23669511536938045 -0.18039933652003579 -0.9546892173599776
vn 0.26426167814443063 -0.1264326792976233 -0.9561278905407548
vn 0.2817619556471455 -0.06840591484635011 -0.9570427530491676
vn 0.2886339191481011 -0.008180349890368702 -0.9574045866784212
vn 0.28465659113104796 0.05230560882589914 -0.9572015192272751
vn 0.2699574448924551 0.11110806893382982 -0.9564402620994854
vn 0.24500956896533424 0.16633871628425373 -0.955144880413609
vn -0.276196056549348 0.24729113247069265 -0.92874260920233
vn -0.3172542803990967 0.20518882527324764 -0.9258764861208194
vn -0.3495436859298383 0.15391003843987835 -0.9241920318278112
vn -0.3721686005608017 0.09768624377956367 -0.9230102548362364
vn -0.38440219543811827 0.03832599990610411 -0.9223698118832556
vn -0.3858559475987472 -0.022275186751329768 -0.9222900865551285
vn -0.37648029032759256 -0.08216283862565898 -0.9227740020957601
vn -0.35657568000846124 -0.1394110933833825 -0.9238064361478291
vn -0.3267838364853395 -0.19217798698945776 -0.9253539568881751
vn -0.17161538474534066 0.7580929290699258 -0.6291607669053192
vn 0.05361091449741207 0.7325061575528927 -0.6786461515354286
vn 0.2159760570825246 0.7317751539086136 -0.6464205031472247
vn 0.36642535452312136 0.730736231852789 -0.5759835232193642
vn 0.9682567827538776 0.1456593660689409 -0.20313087339817334
vn -0.03216011984193802 0.7061633208100744 -0.7073182388672304
vn 0.06493298316008385 0.6820068150137474 -0.7284575567407731
vn 0.24576350534964636 0.6820153232869444 -0.6888072286496848
vn -0.42103895558295823 0.7538035917974106 -0.5044862167343468
vn -0.5919527548191177 0.7451070677819033 -0.3072578617440273
vn 0.10892227180173139 0.7581849513142906 -0.6428775297878255
vn 0.32106835045986004 0.7314677217949567 -0.6015563866380941
vn 0.3671031335519133 0.6942553350793003 -0.6190677015079165
vn 0.41215989912546336 0.6532274871405638 0.6351520035368795
vn 0.6745161291755686 0.6532283488134301 0.3439777838589105
vn -2.0915658989951933e-07 0.9999999999999637 -1.701643369824682e-07
vn 0.7561380315840411 0.6532271340480096 -0.03936481342055981
vn 0.6351522841754619 0.6532263699546502 -0.41216123726348125
vn -0.6351520365223906 0.6532276541014707 0.4121595836791245
vn -0.3439792297053742 0.6532253441076158 0.6745183017137373
vn 0.039365924520255786 0.6532240892469637 0.756140604130039
vn -0.4121615587348712 0.6532235175232926 -0.6351550091558265
vn -0.6745181692177796 0.6532253180458434 -0.343979539012136
vn -0.756140984829736 0.6532237389147652 0.03936442529660282
vn 0.3439774190369746 0.6532278805864346 -0.674516768670147
vn -0.03935970370205823 0.6532297018355625 -0.7561360792637185
vn 0.34398036740430954 -0.6532250601889077 -0.6745179964845966
vn 0.6351504709499425 -0.653228022636625 -0.4121614121849731
vn 2.564569211064527e-07 -0.9999999999999631 -8.752647214565412e-08
vn 0.756139441488014 -0.6532255977994139 -0.03936322402690659
vn 0.6745175582642909 -0.653225186994316 0.3439809859126228
vn -0.6745153519608444 -0.6532278852673371 -0.3439801882060955
vn -0.4121604535761265 -0.6532302851801227 -0.6351487660630519
vn -0.03936284439347919 -0.6532259264027265 -0.7561391773718343
vn -0.34397651295112125 -0.6532292681952497 0.674515886922677
vn -0.6351547756410646 -0.6532255782930241 0.4121586525163497
vn -0.7561362962123558 -0.6532292458360072 0.03936310372394191
vn 0.4121609210199222 -0.653225729580605 0.6351531479870786
vn 0.039364190448038974 -0.6532290489173098 0.7561364097574971
f 1//1 2//2 3//3
f 3//3 2//2 4//4
f 3//3 4//4 5//5
f 5//5 4//4 6//6
f 5//5 6//6 7//7
f 7//7 6//6 8//8
f 7//7 8//8 9//9
f 9//9 8//8 10//10
f 9//9 10//10 11//11
f 11//11 10//10 12//12
f 11//11 12//12 13//13
f 13//13 12//12 14//14
f 13//13 14//14 15//15
f 15//15 14//14 16//16
f 15//15 16//16 17//17
f 17//17 16//16 18//18
f 17//17 18//18 19//19
f 19//19 18//18 20//20
f 19//19 20//20 21//21
f 21//21 20//20 22//22
f 21//21 22//22 23//23
f 23//23 22//22 24//24
f 23//23 24//24 25//25
f 25//25 24//24 26//26
f 25//25 26//26 27//27
f 27//27 26//26 28//28
f 27//27 28//28 29//29
f 29//29 28//28 30//30
f 29//29 30//30 31//31
f 31//31 30//30 32//32
f 31//31 32//32 33//33
f 33//33 32//32 34//34
f 33//33 34//34 35//35
f 35//35 34//34 36//36
f 35//35 36//36 37//37
f 37//37 36//36 38//38
f 37//37 38//38 39//39
f 39//39 38//38 40//40
f 39//39 40//40 41//41
f 41//41 40//40 42//42
f 41//41 42//42 43//43
f 43//43 42//42 44//44
f 43//43 44//44 45//45
f 45//45 44//44 46//46
f 45//45 46//46 47//47
f 47//47 46//46 48//48
f 47//47 48//48 49//49
f 49//49 48//48 50//50
f 49//49 50//50 51//51
f 51//51 50//50 52//52
f 51//51 52//52 1//1
f 1//1 52//52 2//2
f 52//52 53//53 2//2
f 2//2 53//53 54//54
f 2//2 54//54 4//4
f 4//4 54//54 55//55
f 4//4 55//55 6//6
f 6//6 55//55 56//56
f 6//6 56//56 8//8
f 8//8 56//56 57//57
f 8//8 57//57 10//10
f 10//10 57//57 58//58
f 10//10 58//58 12//12
f 12//12 58//58 59//59
f 12//12 59//59 14//14
f 14//14 59//59 60//60
f 14//14 60//60 16//16
f 16//16 60//60 61//61
f 16//16 61//61 18//18
f 18//18 61//61 62//62
f 18//18 62//62 20//20
f 20//20 62//62 63//63
f 20//20 63//63 22//22
f 22//22 63//63 64//64
f 22//22 64//64 24//24
f 24//24 64//64 65//65
f 24//24 65//65 26//26
f 26//26 65//65 66//66
f 26//26 66//66 28//28
f 28//28 66//66 67//67
f 28//28 67//67 30//30
f 30//30 67//67 68//68
f 30//30 68//68 32//32
f 32//32 68//68 69//69
f 32//32 69//69 34//34
f 34//34 69//69 70//70
f 34//34 70//70 36//36
f 36//36 70//70 71//71
f 36//36 71//71 38//38
f 38//38 71//71 72//72
f 38//38 72//72 40//40
f 40//40 72//72 73//73
f 40//40 73//73 42//42
f 42//42 73//73 74//74
f 42//42 74//74 44//44
f 44//44 74//74 75//75
f 44//44 75//75 46//46
f 46//46 75//75 76//76
f 46//46 76//76 48//48
f 48//48 76//76 77//77
f 48//48 77//77 50//50
f 50//50 77//77 78//78
f 50//50 78//78 52//52
f 52//52 78//78 53//53
f 79//79 80//80 70//70
f 70//70 80//80 81//81
f 70//70 81//81 71//71
f 71//71 81//81 82//82
f 71//71 82//82 72//72
f 72//72 82//82 83//83
f 72//72 83//83 73//73
f 73//73 83//83 84//84
f 73//73 84//84 74//74
f 74//74 84//84 85//85
f 74//74 85//85 75//75
f 75//75 85//85 86//86
f 75//75 86//86 76//76
f 76//76 86//86 87//87
f 76//76 87//87 77//77
f 77//77 87//87 88//88
f 77//77 88//88 78//78
f 78//78 88//88 89//89
f 78//78 89//89 53//53
f 53//53 89//89 90//90
f 53//53 90//90 54//54
f 54//54 90//90 91//91
f 54//54 91//91 55//55
f 55//55 91//91 92//92
f 55//55 92//92 56//56
f 56//56 92//92 93//93
f 56//56 93//93 57//57
f 57//57 93//93 94//94
f 57//57 94//94 58//58
f 58//58 94//94 95//95
f 58//58 95//95 59//59
f 59//59 95//95 96//96
f 59//59 96//96 60//60
f 60//60 96//96 97//97
f 60//60 97//97 61//61
f 61//61 97//97 98//98
f 61//61 98//98 62//62
f 62//62 98//98 99//99
f 62//62 99//99 63//63
f 63//63 99//99 100//100
f 63//63 100//100 64//64
f 64//64 100//100 101//101
f 64//64 101//101 65//65
f 65//65 101//101 102//102
f 65//65 102//102 66//66
f 66//66 102//102 103//103
f 66//66 103//103 67//67
f 67//67 103//103 104//104
f 67//67 104//104 68//68
f 68//68 104//104 105//105
f 68//68 105//105 69//69
f 69//69 105//105 79//79
f 69//69 79//79 70//70
f 106//106 107//107 108//108
f 109//109 110//110 111//111
f 112//112 113//113 114//114
f 115//115 116//116 117//117
f 117//117 116//116 118//118
f 114//114 113//113 119//119
f 119//119 113//113 120//120
f 119//119 120//120 121//121
f 121//121 120//120 109//109
f 121//121 109//109 122//122
f 122//122 109//109 111//111
f 122//122 111//111 118//118
f 118//118 111//111 123//123
f 118//118 123//123 117//117
f 124//124 125//125 115//115
f 115//115 125//125 126//126
f 115//115 126//126 116//116
f 124//124 127//127 125//125
f 125//125 127//127 128//128
f 125//125 128//128 129//129
f 129//129 128//128 130//130
f 129//129 130//130 131//131
f 132//132 133//133 134//134
f 134//134 135//135 132//132
f 132//132 135//135 136//136
f 132//132 136//136 137//137
f 137//137 136//136 138//138
f 137//137 138//138 131//131
f 131//131 138//138 139//139
f 131//131 139//139 129//129
f 133//133 140//140 134//134
f 134//134 140//140 141//141
f 134//134 141//141 142//142
f 142//142 141//141 143//143
f 142//142 143//143 144//144
f 144//144 143//143 145//145
f 144//144 145//145 146//146
f 146//146 145//145 147//147
f 146//146 147//147 148//148
f 148//148 147//147 149//149
f 148//148 149//149 150//150
f 150//150 149//149 151//151
f 152//152 153//153 154//154
f 151//151 155//155 150//150
f 150//150 155//155 156//156
f 150//150 156//156 157//157
f 157//157 156//156 158//158
f 157//157 158//158 159//159
f 159//159 158//158 160//160
f 159//159 160//160 153//153
f 153//153 160//160 161//161
f 153//153 161//161 154//154
f 162//162 163//163 152//152
f 163//163 162//162 164//164
f 154//154 165//165 152//152
f 152//152 165//165 166//166
f 152//152 166//166 162//162
f 162//162 166//166 167//167
f 162//162 167//167 168//168
f 169//169 170//170 162//162
f 162//162 170//170 171//171
f 162//162 171//171 164//164
f 172//172 173//173 171//171
f 170//170 174//174 171//171
f 171//171 174//174 175//175
f 171//171 175//175 176//176
f 176//176 177//177 171//171
f 171//171 177//177 178//178
f 171//171 178//178 172//172
f 179//179 180//180 181//181
f 182//182 183//183 184//184
f 184//184 183//183 185//185
f 184//184 185//185 180//180
f 180//180 185//185 171//171
f 180//180 171//171 181//181
f 181//181 171//171 173//173
f 181//181 173//173 179//179
f 184//184 186//186 182//182
f 182//182 186//186 187//187
f 182//182 187//187 188//188
f 188//188 187//187 189//189
f 188//188 189//189 190//190
f 191//191 192//192 193//193
f 190//190 191//191 188//188
f 188//188 191//191 193//193
f 188//188 193//193 194//194
f 194//194 193//193 195//195
f 196//196 195//195 197//197
f 197//197 195//195 198//198
f 197//197 198//198 199//199
f 199//199 198//198 200//200
f 195//195 193//193 198//198
f 198//198 193//193 201//201
f 198//198 201//201 200//200
f 197//197 202//202 196//196
f 196//196 202//202 203//203
f 196//196 203//203 204//204
f 203//203 205//205 204//204
f 204//204 205//205 206//206
f 204//204 206//206 207//207
f 207//207 206//206 208//208
f 207//207 208//208 209//209
f 209//209 208//208 210//210
f 211//211 212//212 213//213
f 210//210 214//214 209//209
f 209//209 214//214 215//215
f 209//209 215//215 216//216
f 216//216 215//215 217//217
f 216//216 217//217 218//218
f 218//218 217//217 219//219
f 218//218 219//219 213//213
f 213//213 219//219 220//220
f 213//213 220//220 211//211
f 221//221 222//222 107//107
f 107//107 222//222 223//223
f 107//107 223//223 108//108
f 221//221 224//224 222//222
f 222//222 224//224 225//225
f 222//222 225//225 226//226
f 226//226 225//225 227//227
f 226//226 227//227 212//212
f 212//212 227//227 228//228
f 212//212 228//228 213//213
f 108//108 229//229 106//106
f 106//106 229//229 230//230
f 106//106 230//230 231//231
f 231//231 230//230 232//232
f 231//231 232//232 233//233
f 233//233 232//232 234//234
f 233//233 234//234 235//235
f 235//235 234//234 236//236
f 235//235 236//236 237//237
f 237//237 236//236 238//238
f 237//237 238//238 239//239
f 239//239 238//238 240//240
f 239//239 240//240 241//241
f 241//241 240//240 242//242
f 114//114 243//243 112//112
f 112//112 243//243 244//244
f 112//112 244//244 245//245
f 245//245 244//244 246//246
f 245//245 246//246 247//247
f 247//247 246//246 248//248
f 247//247 248//248 249//249
f 249//249 248//248 250//250
f 249//249 250//250 251//251
f 251//251 250//250 252//252
f 251//251 252//252 241//241
f 241//241 252//252 253//253
f 241//241 253//253 239//239
f 241//241 254//254 251//251
f 251//251 254//254 255//255
f 251//251 255//255 256//256
f 257//257 258//258 120//120
f 120//120 258//258 259//259
f 120//120 259//259 109//109
f 120//120 113//113 257//257
f 257//257 113//113 112//112
f 257//257 112//112 260//260
f 112//112 245//245 260//260
f 260//260 245//245 247//247
f 260//260 247//247 256//256
f 256//256 247//247 249//249
f 256//256 249//249 251//251
f 261//261 262//262 263//263
f 263//263 262//262 264//264
f 263//263 264//264 265//265
f 265//265 264//264 266//266
f 265//265 266//266 267//267
f 267//267 266//266 268//268
f 267//267 268//268 269//269
f 269//269 268//268 270//270
f 269//269 270//270 271//271
f 271//271 270//270 272//272
f 271//271 272//272 273//273
f 273//273 272//272 274//274
f 273//273 274//274 275//275
f 275//275 274//274 276//276
f 275//275 276//276 277//277
f 277//277 276//276 278//278
f 277//277 278//278 279//279
f 279//279 278//278 280//280
f 279//279 280//280 281//281
f 281//281 280//280 282//282
f 281//281 282//282 283//283
f 283//283 282//282 284//284
f 283//283 284//284 261//261
f 261//261 284//284 262//262
f 285//285 286//286 287//287
f 287//287 286//286 288//288
f 287//287 288//288 289//289
f 289//289 288//288 290//290
f 289//289 290//290 291//291
f 291//291 290//290 292//292
f 291//291 292//292 293//293
f 293//293 292//292 294//294
f 293//293 294//294 295//295
f 295//295 294//294 296//296
f 295//295 296//296 297//297
f 297//297 296//296 298//298
f 297//297 298//298 299//299
f 299//299 298//298 300//300
f 299//299 300//300 301//301
f 301//301 300//300 302//302
f 301//301 302//302 303//303
f 303//303 302//302 304//304
f 303//303 304//304 305//305
f 305//305 304//304 306//306
f 305//305 306//306 307//307
f 307//307 306//306 308//308
f 307//307 308//308 285//285
f 285//285 308//308 286//286
f 284//284 309//309 262//262
f 262//262 309//309 310//310
f 262//262 310//310 264//264
f 264//264 310//310 311//311
f 264//264 311//311 266//266
f 266//266 311//311 312//312
f 266//266 312//312 268//268
f 268//268 312//312 313//313
f 268//268 313//313 270//270
f 270//270 313//313 314//314
f 270//270 314//314 272//272
f 272//272 314//314 315//315
f 272//272 315//315 274//274
f 274//274 315//315 316//316
f 274//274 316//316 276//276
f 276//276 316//316 317//317
f 276//276 317//317 278//278
f 278//278 317//317 318//318
f 278//278 318//318 280//280
f 280//280 318//318 319//319
f 280//280 319//319 282//282
f 282//282 319//319 320//320
f 282//282 320//320 284//284
f 284//284 320//320 309//309
f 321//321 322//322 323//323
f 323//323 322//322 324//324
f 323//323 324//324 325//325
f 325//325 324//324 326//326
f 325//325 326//326 327//327
f 327//327 326//326 328//328
f 327//327 328//328 329//329
f 329//329 328//328 330//330
f 329//329 330//330 331//331
f 331//331 330//330 332//332
f 331//331 332//332 333//333
f 333//333 332//332 334//334
f 333//333 334//334 335//335
f 335//335 334//334 336//336
f 335//335 336//336 337//337
f 337//337 336//336 338//338
f 337//337 338//338 339//339
f 339//339 338//338 340//340
f 339//339 340//340 341//341
f 341//341 340//340 342//342
f 341//341 342//342 343//343
f 343//343 342//342 344//344
f 343//343 344//344 321//321
f 321//321 344//344 322//322
f 13//13 345//345 346//346
f 347//347 9//9 346//346
f 346//346 9//9 11//11
f 346//346 11//11 13//13
f 348//348 5//5 347//347
f 347//347 5//5 7//7
f 347//347 7//7 9//9
f 349//349 1//1 348//348
f 348//348 1//1 3//3
f 348//348 3//3 5//5
f 350//350 49//49 349//349
f 349//349 49//49 51//51
f 349//349 51//51 1//1
f 351//351 45//45 350//350
f 350//350 45//45 47//47
f 350//350 47//47 49//49
f 352//352 41//41 351//351
f 351//351 41//41 43//43
f 351//351 43//43 45//45
f 353//353 37//37 352//352
f 352//352 37//37 39//39
f 352//352 39//39 41//41
f 354//354 33//33 353//353
f 353//353 33//33 35//35
f 353//353 35//35 37//37
f 355//355 29//29 354//354
f 354//354 29//29 31//31
f 354//354 31//31 33//33
f 356//356 25//25 355//355
f 355//355 25//25 27//27
f 355//355 27//27 29//29
f 357//357 21//21 356//356
f 356//356 21//21 23//23
f 356//356 23//23 25//25
f 13//13 15//15 345//345
f 345//345 15//15 17//17
f 345//345 17//17 357//357
f 357//357 17//17 19//19
f 357//357 19//19 21//21
f 358//358 228//228 227//227
f 246//246 359//359 248//248
f 248//248 359//359 360//360
f 248//248 360//360 250//250
f 250//250 360//360 361//361
f 250//250 361//361 252//252
f 252//252 361//361 362//362
f 252//252 362//362 253//253
f 362//362 363//363 253//253
f 253//253 363//363 364//364
f 253//253 364//364 239//239
f 239//239 364//364 365//365
f 239//239 365//365 237//237
f 237//237 365//365 235//235
f 235//235 365//365 366//366
f 235//235 366//366 233//233
f 233//233 366//366 367//367
f 233//233 367//367 231//231
f 231//231 367//367 368//368
f 231//231 368//368 106//106
f 106//106 368//368 369//369
f 106//106 369//369 107//107
f 107//107 369//369 370//370
f 107//107 370//370 221//221
f 221//221 370//370 371//371
f 221//221 371//371 224//224
f 224//224 371//371 372//372
f 224//224 372//372 225//225
f 225//225 372//372 373//373
f 225//225 373//373 227//227
f 227//227 373//373 374//374
f 227//227 374//374 358//358
f 228//228 358//358 213//213
f 213//213 358//358 375//375
f 213//213 375//375 218//218
f 218//218 375//375 376//376
f 218//218 376//376 216//216
f 216//216 376//376 377//377
f 216//216 377//377 209//209
f 209//209 377//377 378//378
f 209//209 378//378 207//207
f 207//207 378//378 379//379
f 207//207 379//379 204//204
f 204//204 379//379 380//380
f 204//204 380//380 196//196
f 196//196 380//380 381//381
f 196//196 381//381 195//195
f 195//195 381//381 382//382
f 195//195 382//382 383//383
f 384//384 185//185 385//385
f 385//385 185//185 183//183
f 385//385 183//183 386//386
f 386//386 183//183 182//182
f 386//386 182//182 387//387
f 387//387 182//182 188//188
f 387//387 188//188 383//383
f 383//383 188//188 194//194
f 383//383 194//194 195//195
f 388//388 389//389 390//390
f 391//391 392//392 393//393
f 394//394 395//395 396//396
f 396//396 395//395 397//397
f 394//394 396//396 393//393
f 393//393 396//396 398//398
f 393//393 398//398 391//391
f 399//399 400//400 401//401
f 401//401 400//400 402//402
f 402//402 403//403 401//401
f 401//401 403//403 404//404
f 401//401 404//404 405//405
f 395//395 406//406 397//397
f 397//397 406//406 407//407
f 397//397 407//407 408//408
f 408//408 407//407 409//409
f 408//408 409//409 410//410
f 410//410 409//409 411//411
f 410//410 411//411 412//412
f 412//412 411//411 413//413
f 412//412 413//413 414//414
f 415//415 416//416 417//417
f 418//418 415//415 364//364
f 418//418 364//364 419//419
f 419//419 364//364 420//420
f 420//420 364//364 363//363
f 420//420 363//363 362//362
f 416//416 421//421 417//417
f 417//417 421//421 422//422
f 417//417 422//422 423//423
f 423//423 422//422 424//424
f 423//423 424//424 425//425
f 425//425 424//424 414//414
f 425//425 414//414 426//426
f 426//426 414//414 413//413
f 405//405 404//404 359//359
f 359//359 404//404 427//427
f 359//359 427//427 360//360
f 360//360 427//427 428//428
f 360//360 428//428 361//361
f 361//361 428//428 429//429
f 361//361 429//429 362//362
f 362//362 429//429 430//430
f 362//362 430//430 420//420
f 431//431 432//432 433//433
f 433//433 432//432 434//434
f 433//433 434//434 401//401
f 401//401 434//434 435//435
f 435//435 436//436 401//401
f 401//401 436//436 393//393
f 401//401 393//393 399//399
f 399//399 393//393 392//392
f 437//437 438//438 439//439
f 439//439 438//438 440//440
f 439//439 440//440 393//393
f 436//436 441//441 393//393
f 393//393 441//441 442//442
f 393//393 442//442 439//439
f 439//439 442//442 443//443
f 439//439 443//443 444//444
f 444//444 445//445 439//439
f 439//439 445//445 446//446
f 439//439 446//446 437//437
f 447//447 448//448 431//431
f 431//431 448//448 449//449
f 431//431 449//449 432//432
f 447//447 431//431 450//450
f 450//450 431//431 451//451
f 450//450 451//451 452//452
f 451//451 453//453 452//452
f 452//452 453//453 454//454
f 452//452 454//454 455//455
f 455//455 454//454 456//456
f 455//455 456//456 457//457
f 457//457 456//456 458//458
f 457//457 458//458 459//459
f 459//459 458//458 460//460
f 459//459 460//460 461//461
f 461//461 460//460 462//462
f 461//461 462//462 463//463
f 463//463 462//462 464//464
f 463//463 464//464 465//465
f 465//465 464//464 466//466
f 388//388 390//390 467//467
f 467//467 390//390 468//468
f 467//467 468//468 466//466
f 466//466 468//468 469//469
f 466//466 469//469 465//465
f 470//470 471//471 472//472
f 470//470 472//472 473//473
f 473//473 472//472 474//474
f 473//473 474//474 389//389
f 389//389 474//474 475//475
f 389//389 475//475 390//390
f 476//476 477//477 478//478
f 476//476 478//478 479//479
f 478//478 480//480 481//481
f 481//481 482//482 478//478
f 478//478 482//482 483//483
f 478//478 483//483 479//479
f 477//477 484//484 478//478
f 478//478 484//484 485//485
f 478//478 485//485 480//480
f 484//484 486//486 485//485
f 485//485 486//486 487//487
f 485//485 487//487 488//488
f 488//488 487//487 489//489
f 488//488 489//489 490//490
f 490//490 491//491 488//488
f 488//488 491//491 492//492
f 488//488 492//492 493//493
f 471//471 470//470 494//494
f 494//494 470//470 495//495
f 494//494 495//495 493//493
f 493//493 495//495 496//496
f 493//493 496//496 488//488
f 497//497 498//498 499//499
f 499//499 498//498 500//500
f 499//499 500//500 488//488
f 501//501 485//485 502//502
f 502//502 485//485 488//488
f 502//502 488//488 503//503
f 503//503 488//488 500//500
f 501//501 504//504 485//485
f 485//485 504//504 505//505
f 485//485 505//505 506//506
f 506//506 507//507 485//485
f 485//485 507//507 508//508
f 485//485 508//508 509//509
f 509//509 508//508 510//510
f 509//509 510//510 511//511
f 511//511 510//510 512//512
f 511//511 512//512 513//513
f 513//513 512//512 514//514
f 514//514 512//512 515//515
f 515//515 512//512 516//516
f 515//515 516//516 517//517
f 517//517 518//518 515//515
f 515//515 518//518 519//519
f 515//515 519//519 520//520
f 520//520 519//519 521//521
f 520//520 521//521 522//522
f 522//522 521//521 523//523
f 522//522 523//523 524//524
f 523//523 525//525 524//524
f 524//524 525//525 526//526
f 524//524 526//526 527//527
f 527//527 526//526 528//528
f 527//527 528//528 529//529
f 529//529 528//528 530//530
f 529//529 530//530 531//531
f 531//531 530//530 532//532
f 531//531 532//532 533//533
f 533//533 532//532 534//534
f 533//533 534//534 535//535
f 535//535 536//536 533//533
f 533//533 536//536 537//537
f 533//533 537//537 538//538
f 539//539 540//540 541//541
f 541//541 540//540 542//542
f 541//541 542//542 543//543
f 539//539 541//541 544//544
f 544//544 541//541 545//545
f 544//544 545//545 546//546
f 546//546 547//547 544//544
f 544//544 547//547 548//548
f 544//544 548//548 549//549
f 549//549 550//550 544//544
f 544//544 550//550 551//551
f 544//544 551//551 552//552
f 538//538 543//543 533//533
f 533//533 543//543 542//542
f 533//533 542//542 553//553
f 554//554 555//555 542//542
f 542//542 555//555 556//556
f 542//542 556//556 553//553
f 554//554 542//542 557//557
f 557//557 542//542 384//384
f 557//557 384//384 558//558
f 558//558 384//384 385//385
f 558//558 385//385 559//559
f 559//559 385//385 386//386
f 559//559 386//386 560//560
f 560//560 386//386 387//387
f 560//560 387//387 561//561
f 561//561 387//387 383//383
f 561//561 383//383 562//562
f 383//383 382//382 562//562
f 562//562 382//382 381//381
f 562//562 381//381 563//563
f 563//563 381//381 564//564
f 381//381 380//380 564//564
f 564//564 380//380 379//379
f 564//564 379//379 565//565
f 379//379 378//378 565//565
f 565//565 378//378 377//377
f 565//565 377//377 566//566
f 566//566 377//377 376//376
f 376//376 375//375 566//566
f 566//566 375//375 358//358
f 566//566 358//358 567//567
f 567//567 358//358 374//374
f 567//567 374//374 373//373
f 373//373 372//372 567//567
f 567//567 372//372 371//371
f 567//567 371//371 568//568
f 569//569 570//570 368//368
f 368//368 570//570 571//571
f 368//368 571//571 369//369
f 369//369 571//571 568//568
f 369//369 568//568 370//370
f 370//370 568//568 371//371
f 366//366 572//572 573//573
f 569//569 368//368 573//573
f 573//573 368//368 367//367
f 573//573 367//367 366//366
f 415//415 417//417 364//364
f 364//364 417//417 574//574
f 364//364 574//574 575//575
f 572//572 366//366 575//575
f 575//575 366//366 365//365
f 575//575 365//365 364//364
f 576//576 577//577 497//497
f 576//576 497//497 578//578
f 552//552 579//579 544//544
f 544//544 579//579 580//580
f 544//544 580//580 581//581
f 581//581 580//580 582//582
f 581//581 582//582 497//497
f 497//497 582//582 583//583
f 497//497 583//583 578//578
f 577//577 584//584 497//497
f 497//497 584//584 585//585
f 497//497 585//585 498//498
f 422//422 421//421 586//586
f 587//587 404//404 403//403
f 587//587 403//403 588//588
f 404//404 587//587 427//427
f 427//427 587//587 589//589
f 427//427 589//589 428//428
f 428//428 589//589 429//429
f 429//429 589//589 590//590
f 429//429 590//590 430//430
f 430//430 590//590 420//420
f 420//420 590//590 591//591
f 420//420 591//591 419//419
f 419//419 591//591 418//418
f 418//418 591//591 592//592
f 418//418 592//592 415//415
f 586//586 421//421 592//592
f 592//592 421//421 416//416
f 592//592 416//416 415//415
f 422//422 586//586 424//424
f 424//424 586//586 593//593
f 424//424 593//593 414//414
f 414//414 593//593 594//594
f 414//414 594//594 412//412
f 412//412 594//594 410//410
f 410//410 594//594 595//595
f 410//410 595//595 408//408
f 408//408 595//595 397//397
f 397//397 595//595 596//596
f 397//397 596//596 396//396
f 597//597 391//391 596//596
f 596//596 391//391 398//398
f 596//596 398//398 396//396
f 403//403 402//402 588//588
f 588//588 402//402 400//400
f 588//588 400//400 598//598
f 598//598 400//400 399//399
f 598//598 399//399 597//597
f 597//597 399//399 392//392
f 597//597 392//392 391//391
f 599//599 446//446 600//600
f 600//600 446//446 445//445
f 600//600 445//445 601//601
f 601//601 445//445 444//444
f 601//601 444//444 443//443
f 602//602 438//438 599//599
f 599//599 438//438 437//437
f 599//599 437//437 446//446
f 603//603 393//393 602//602
f 602//602 393//393 440//440
f 602//602 440//440 438//438
f 604//604 395//395 603//603
f 603//603 395//395 394//394
f 603//603 394//394 393//393
f 411//411 409//409 605//605
f 605//605 409//409 407//407
f 605//605 407//407 604//604
f 604//604 407//407 406//406
f 604//604 406//406 395//395
f 411//411 605//605 413//413
f 413//413 605//605 606//606
f 413//413 606//606 426//426
f 426//426 606//606 425//425
f 425//425 606//606 607//607
f 425//425 607//607 423//423
f 608//608 574//574 607//607
f 607//607 574//574 417//417
f 607//607 417//417 423//423
f 609//609 610//610 611//611
f 612//612 613//613 614//614
f 614//614 613//613 615//615
f 614//614 615//615 616//616
f 617//617 618//618 619//619
f 617//617 619//619 620//620
f 618//618 621//621 619//619
f 619//619 621//621 622//622
f 619//619 622//622 614//614
f 614//614 622//622 623//623
f 614//614 623//623 612//612
f 624//624 625//625 626//626
f 626//626 625//625 627//627
f 626//626 627//627 619//619
f 619//619 627//627 628//628
f 619//619 628//628 620//620
f 629//629 630//630 631//631
f 631//631 632//632 629//629
f 629//629 632//632 633//633
f 629//629 633//633 626//626
f 626//626 633//633 634//634
f 626//626 634//634 624//624
f 635//635 636//636 629//629
f 629//629 636//636 637//637
f 637//637 638//638 629//629
f 629//629 638//638 639//639
f 629//629 639//639 630//630
f 640//640 641//641 642//642
f 642//642 641//641 643//643
f 642//642 643//643 635//635
f 635//635 643//643 644//644
f 635//635 644//644 636//636
f 645//645 646//646 647//647
f 647//647 646//646 642//642
f 642//642 646//646 648//648
f 642//642 648//648 640//640
f 649//649 650//650 651//651
f 651//651 650//650 652//652
f 651//651 652//652 647//647
f 647//647 652//652 653//653
f 647//647 653//653 645//645
f 654//654 655//655 651//651
f 651//651 655//655 656//656
f 651//651 656//656 649//649
f 657//657 658//658 659//659
f 659//659 658//658 660//660
f 659//659 660//660 651//651
f 651//651 660//660 661//661
f 651//651 661//661 654//654
f 611//611 610//610 659//659
f 659//659 610//610 662//662
f 659//659 662//662 663//663
f 663//663 664//664 659//659
f 659//659 664//664 665//665
f 659//659 665//665 657//657
f 615//615 666//666 616//616
f 616//616 666//666 667//667
f 616//616 667//667 668//668
f 668//668 667//667 669//669
f 669//669 670//670 668//668
f 668//668 670//670 671//671
f 668//668 671//671 611//611
f 611//611 671//671 672//672
f 611//611 672//672 609//609
f 673//673 674//674 675//675
f 675//675 674//674 676//676
f 675//675 676//676 677//677
f 677//677 676//676 678//678
f 677//677 678//678 679//679
f 679//679 678//678 680//680
f 679//679 680//680 681//681
f 681//681 680//680 682//682
f 681//681 682//682 683//683
f 683//683 682//682 684//684
f 683//683 684//684 685//685
f 685//685 684//684 686//686
f 685//685 686//686 687//687
f 687//687 686//686 688//688
f 687//687 688//688 689//689
f 689//689 688//688 690//690
f 689//689 690//690 691//691
f 691//691 690//690 692//692
f 691//691 692//692 693//693
f 693//693 692//692 694//694
f 693//693 694//694 695//695
f 695//695 694//694 696//696
f 695//695 696//696 673//673
f 673//673 696//696 674//674
f 666//666 504//504 667//667
f 667//667 504//504 501//501
f 667//667 501//501 669//669
f 669//669 501//501 502//502
f 669//669 502//502 670//670
f 670//670 502//502 503//503
f 670//670 503//503 671//671
f 671//671 503//503 500//500
f 671//671 500//500 672//672
f 672//672 500//500 498//498
f 672//672 498//498 609//609
f 583//583 582//582 657//657
f 657//657 665//665 583//583
f 583//583 665//665 664//664
f 583//583 664//664 578//578
f 578//578 664//664 663//663
f 578//578 663//663 576//576
f 576//576 663//663 662//662
f 576//576 662//662 577//577
f 577//577 662//662 610//610
f 577//577 610//610 584//584
f 584//584 610//610 609//609
f 584//584 609//609 585//585
f 585//585 609//609 498//498
f 541//541 648//648 545//545
f 545//545 648//648 646//646
f 545//545 646//646 546//546
f 646//646 645//645 546//546
f 546//546 645//645 653//653
f 546//546 653//653 547//547
f 547//547 653//653 652//652
f 547//547 652//652 548//548
f 548//548 652//652 650//650
f 548//548 650//650 549//549
f 549//549 650//650 649//649
f 549//549 649//649 550//550
f 550//550 649//649 656//656
f 550//550 656//656 551//551
f 551//551 656//656 655//655
f 551//551 655//655 552//552
f 552//552 655//655 654//654
f 552//552 654//654 579//579
f 579//579 654//654 661//661
f 579//579 661//661 580//580
f 580//580 661//661 660//660
f 580//580 660//660 582//582
f 582//582 660//660 658//658
f 582//582 658//658 657//657
f 697//697 698//698 557//557
f 557//557 698//698 554//554
f 472//472 699//699 474//474
f 474//474 699//699 475//475
f 450//450 452//452 472//472
f 472//472 452//452 455//455
f 472//472 455//455 699//699
f 629//629 700//700 635//635
f 635//635 700//700 698//698
f 635//635 698//698 642//642
f 642//642 698//698 697//697
f 642//642 697//697 647//647
f 647//647 697//697 701//701
f 647//647 701//701 651//651
f 626//626 702//702 629//629
f 629//629 702//702 703//703
f 629//629 703//703 700//700
f 704//704 619//619 614//614
f 705//705 611//611 659//659
f 704//704 706//706 619//619
f 619//619 706//706 707//707
f 619//619 707//707 626//626
f 626//626 707//707 708//708
f 626//626 708//708 702//702
f 616//616 709//709 614//614
f 614//614 709//709 710//710
f 614//614 710//710 704//704
f 651//651 701//701 659//659
f 659//659 701//701 711//711
f 659//659 711//711 705//705
f 668//668 712//712 616//616
f 616//616 712//712 713//713
f 616//616 713//713 709//709
f 705//705 714//714 611//611
f 611//611 714//714 715//715
f 611//611 715//715 668//668
f 668//668 715//715 716//716
f 668//668 716//716 712//712
f 673//673 675//675 599//599
f 599//599 675//675 602//602
f 602//602 675//675 677//677
f 602//602 677//677 603//603
f 717//717 718//718 689//689
f 689//689 691//691 717//717
f 717//717 691//691 693//693
f 717//717 693//693 719//719
f 599//599 600//600 673//673
f 673//673 600//600 601//601
f 673//673 601//601 695//695
f 695//695 601//601 720//720
f 695//695 720//720 693//693
f 693//693 720//720 721//721
f 693//693 721//721 719//719
f 603//603 677//677 604//604
f 604//604 677//677 679//679
f 604//604 679//679 605//605
f 605//605 679//679 606//606
f 606//606 679//679 681//681
f 606//606 681//681 607//607
f 607//607 681//681 683//683
f 607//607 683//683 608//608
f 608//608 683//683 685//685
f 608//608 685//685 718//718
f 718//718 685//685 687//687
f 718//718 687//687 689//689
f 593//593 586//586 686//686
f 686//686 586//586 592//592
f 686//686 592//592 688//688
f 688//688 592//592 591//591
f 688//688 591//591 690//690
f 690//690 591//591 590//590
f 690//690 590//590 692//692
f 692//692 590//590 589//589
f 692//692 589//589 694//694
f 694//694 589//589 587//587
f 694//694 587//587 696//696
f 696//696 587//587 588//588
f 696//696 588//588 674//674
f 674//674 588//588 598//598
f 674//674 598//598 676//676
f 676//676 598//598 597//597
f 676//676 597//597 678//678
f 678//678 597//597 596//596
f 678//678 596//596 680//680
f 680//680 596//596 595//595
f 680//680 595//595 682//682
f 682//682 595//595 594//594
f 682//682 594//594 684//684
f 684//684 594//594 593//593
f 684//684 593//593 686//686
f 557//557 558//558 697//697
f 697//697 558//558 559//559
f 697//697 559//559 560//560
f 563//563 701//701 562//562
f 562//562 701//701 697//697
f 562//562 697//697 561//561
f 561//561 697//697 560//560
f 483//483 482//482 709//709
f 554//554 698//698 555//555
f 555//555 698//698 700//700
f 555//555 700//700 556//556
f 556//556 700//700 553//553
f 553//553 700//700 703//703
f 553//553 703//703 533//533
f 702//702 529//529 703//703
f 703//703 529//529 531//531
f 703//703 531//531 533//533
f 707//707 522//522 708//708
f 708//708 522//522 524//524
f 708//708 524//524 702//702
f 702//702 524//524 527//527
f 702//702 527//527 529//529
f 706//706 515//515 707//707
f 707//707 515//515 520//520
f 707//707 520//520 522//522
f 509//509 511//511 704//704
f 704//704 511//511 513//513
f 704//704 513//513 706//706
f 706//706 513//513 514//514
f 706//706 514//514 515//515
f 709//709 482//482 710//710
f 482//482 481//481 710//710
f 710//710 481//481 480//480
f 710//710 480//480 704//704
f 704//704 480//480 485//485
f 704//704 485//485 509//509
f 483//483 709//709 479//479
f 479//479 709//709 713//713
f 479//479 713//713 476//476
f 476//476 713//713 712//712
f 476//476 712//712 477//477
f 477//477 712//712 484//484
f 484//484 712//712 716//716
f 715//715 487//487 716//716
f 716//716 487//487 486//486
f 716//716 486//486 484//484
f 492//492 491//491 714//714
f 714//714 491//491 490//490
f 714//714 490//490 715//715
f 715//715 490//490 489//489
f 715//715 489//489 487//487
f 492//492 714//714 493//493
f 493//493 714//714 705//705
f 493//493 705//705 494//494
f 448//448 447//447 717//717
f 717//717 447//447 450//450
f 717//717 450//450 711//711
f 711//711 450//450 472//472
f 711//711 472//472 705//705
f 705//705 472//472 471//471
f 705//705 471//471 494//494
f 390//390 475//475 699//699
f 465//465 469//469 722//722
f 465//465 722//722 463//463
f 457//457 459//459 722//722
f 722//722 459//459 461//461
f 722//722 461//461 463//463
f 469//469 468//468 722//722
f 722//722 468//468 390//390
f 722//722 390//390 457//457
f 457//457 390//390 699//699
f 457//457 699//699 455//455
f 443//443 442//442 601//601
f 601//601 442//442 720//720
f 448//448 717//717 449//449
f 449//449 717//717 719//719
f 721//721 434//434 719//719
f 719//719 434//434 432//432
f 719//719 432//432 449//449
f 442//442 441//441 720//720
f 720//720 441//441 436//436
f 720//720 436//436 721//721
f 721//721 436//436 435//435
f 721//721 435//435 434//434
f 575//575 574//574 608//608
f 569//569 573//573 608//608
f 608//608 573//573 572//572
f 608//608 572//572 575//575
f 718//718 571//571 608//608
f 608//608 571//571 570//570
f 608//608 570//570 569//569
f 718//718 717//717 711//711
f 563//563 564//564 701//701
f 701//701 564//564 565//565
f 701//701 565//565 711//711
f 565//565 566//566 711//711
f 711//711 566//566 567//567
f 711//711 567//567 718//718
f 718//718 567//567 568//568
f 718//718 568//568 571//571
f 643//643 641//641 543//543
f 543//543 641//641 541//541
f 541//541 641//641 640//640
f 541//541 640//640 648//648
f 543//543 538//538 643//643
f 643//643 538//538 537//537
f 643//643 537//537 644//644
f 644//644 537//537 536//536
f 644//644 536//536 636//636
f 636//636 536//536 535//535
f 636//636 535//535 637//637
f 639//639 638//638 532//532
f 532//532 638//638 637//637
f 532//532 637//637 534//534
f 534//534 637//637 535//535
f 639//639 532//532 630//630
f 630//630 532//532 530//530
f 630//630 530//530 631//631
f 525//525 632//632 526//526
f 526//526 632//632 631//631
f 526//526 631//631 528//528
f 528//528 631//631 530//530
f 519//519 625//625 521//521
f 521//521 625//625 624//624
f 521//521 624//624 523//523
f 523//523 624//624 634//634
f 523//523 634//634 525//525
f 525//525 634//634 633//633
f 525//525 633//633 632//632
f 618//618 617//617 517//517
f 517//517 617//617 518//518
f 617//617 620//620 518//518
f 518//518 620//620 628//628
f 518//518 628//628 519//519
f 519//519 628//628 627//627
f 519//519 627//627 625//625
f 508//508 622//622 510//510
f 510//510 622//622 621//621
f 510//510 621//621 512//512
f 512//512 621//621 618//618
f 512//512 618//618 516//516
f 516//516 618//618 517//517
f 504//504 666//666 505//505
f 505//505 666//666 615//615
f 505//505 615//615 506//506
f 506//506 615//615 613//613
f 506//506 613//613 507//507
f 507//507 613//613 612//612
f 507//507 612//612 508//508
f 508//508 612//612 623//623
f 508//508 623//623 622//622
f 359//359 246//246 244//244
f 454//454 118//118 116//116
f 495//495 146//146 148//148
f 171//171 185//185 542//542
f 542//542 185//185 384//384
f 171//171 542//542 164//164
f 164//164 542//542 540//540
f 164//164 540//540 163//163
f 163//163 540//540 539//539
f 163//163 539//539 152//152
f 152//152 539//539 544//544
f 152//152 544//544 153//153
f 153//153 544//544 581//581
f 153//153 581//581 159//159
f 159//159 581//581 497//497
f 159//159 497//497 157//157
f 157//157 497//497 499//499
f 157//157 499//499 150//150
f 150//150 499//499 488//488
f 150//150 488//488 148//148
f 148//148 488//488 496//496
f 148//148 496//496 495//495
f 146//146 495//495 144//144
f 144//144 495//495 470//470
f 144//144 470//470 142//142
f 142//142 470//470 473//473
f 142//142 473//473 134//134
f 134//134 473//473 389//389
f 134//134 389//389 135//135
f 135//135 389//389 388//388
f 135//135 388//388 136//136
f 136//136 388//388 467//467
f 136//136 467//467 138//138
f 138//138 467//467 466//466
f 138//138 466//466 139//139
f 139//139 466//466 464//464
f 139//139 464//464 129//129
f 129//129 464//464 462//462
f 129//129 462//462 125//125
f 125//125 462//462 460//460
f 125//125 460//460 126//126
f 126//126 460//460 458//458
f 126//126 458//458 116//116
f 116//116 458//458 456//456
f 116//116 456//456 454//454
f 118//118 454//454 122//122
f 122//122 454//454 453//453
f 122//122 453//453 121//121
f 121//121 453//453 451//451
f 121//121 451//451 119//119
f 119//119 451//451 431//431
f 119//119 431//431 114//114
f 114//114 431//431 433//433
f 114//114 433//433 243//243
f 243//243 433//433 401//401
f 243//243 401//401 244//244
f 244//244 401//401 405//405
f 244//244 405//405 359//359
f 723//723 724//724 725//725
f 726//726 724//724 723//723
f 727//727 724//724 726//726
f 728//728 724//724 727//727
f 729//729 724//724 728//728
f 725//725 724//724 729//729
f 725//725 730//730 723//723
f 723//723 730//730 731//731
f 723//723 731//731 726//726
f 726//726 731//731 732//732
f 726//726 732//732 727//727
f 727//727 732//732 733//733
f 727//727 733//733 728//728
f 728//728 733//733 734//734
f 728//728 734//734 729//729
f 729//729 734//734 735//735
f 729//729 735//735 725//725
f 725//725 735//735 730//730
f 732//732 90//90 89//89
f 82//82 734//734 83//83
f 83//83 734//734 733//733
f 83//83 733//733 84//84
f 84//84 733//733 85//85
f 89//89 88//88 732//732
f 732//732 88//88 87//87
f 732//732 87//87 733//733
f 733//733 87//87 86//86
f 733//733 86//86 85//85
f 94//94 93//93 731//731
f 731//731 93//93 92//92
f 731//731 92//92 732//732
f 732//732 92//92 91//91
f 732//732 91//91 90//90
f 730//730 99//99 98//98
f 98//98 97//97 730//730
f 730//730 97//97 96//96
f 730//730 96//96 731//731
f 731//731 96//96 95//95
f 731//731 95//95 94//94
f 79//79 735//735 80//80
f 80//80 735//735 734//734
f 80//80 734//734 81//81
f 81//81 734//734 82//82
f 79//79 105//105 735//735
f 735//735 105//105 104//104
f 735//735 104//104 103//103
f 103//103 102//102 735//735
f 735//735 102//102 101//101
f 735//735 101//101 730//730
f 730//730 101//101 100//100
f 730//730 100//100 99//99
f 353//353 352//352 332//332
f 332//332 352//352 351//351
f 332//332 351//351 334//334
f 334//334 351//351 350//350
f 334//334 350//350 336//336
f 336//336 350//350 349//349
f 336//336 349//349 338//338
f 338//338 349//349 348//348
f 338//338 348//348 340//340
f 340//340 348//348 347//347
f 340//340 347//347 342//342
f 342//342 347//347 346//346
f 342//342 346//346 344//344
f 344//344 346//346 345//345
f 344//344 345//345 322//322
f 322//322 345//345 357//357
f 322//322 357//357 324//324
f 324//324 357//357 356//356
f 324//324 356//356 326//326
f 326//326 356//356 355//355
f 326//326 355//355 328//328
f 328//328 355//355 354//354
f 328//328 354//354 330//330
f 330//330 354//354 353//353
f 330//330 353//353 332//332
f 310//310 309//309 736//736
f 736//736 309//309 320//320
f 736//736 320//320 319//319
f 313//313 312//312 736//736
f 736//736 312//312 311//311
f 736//736 311//311 310//310
f 316//316 315//315 736//736
f 736//736 315//315 314//314
f 736//736 314//314 313//313
f 319//319 318//318 736//736
f 736//736 318//318 317//317
f 736//736 317//317 316//316
f 341//341 301//301 339//339
f 339//339 301//301 303//303
f 339//339 303//303 337//337
f 337//337 303//303 305//305
f 337//337 305//305 335//335
f 335//335 305//305 307//307
f 335//335 307//307 333//333
f 333//333 307//307 285//285
f 333//333 285//285 331//331
f 331//331 285//285 287//287
f 331//331 287//287 329//329
f 329//329 287//287 289//289
f 329//329 289//289 327//327
f 327//327 289//289 291//291
f 327//327 291//291 325//325
f 325//325 291//291 293//293
f 325//325 293//293 323//323
f 323//323 293//293 295//295
f 323//323 295//295 321//321
f 321//321 295//295 297//297
f 321//321 297//297 343//343
f 343//343 297//297 299//299
f 343//343 299//299 341//341
f 341//341 299//299 301//301
f 255//255 258//258 256//256
f 256//256 258//258 257//257
f 256//256 257//257 260//260
f 737//737 215//215 214//214
f 737//737 214//214 738//738
f 199//199 200//200 739//739
f 739//739 200//200 201//201
f 739//739 201//201 193//193
f 199//199 739//739 197//197
f 197//197 739//739 740//740
f 197//197 740//740 202//202
f 741//741 205//205 740//740
f 740//740 205//205 203//203
f 740//740 203//203 202//202
f 214//214 210//210 738//738
f 738//738 210//210 208//208
f 738//738 208//208 741//741
f 741//741 208//208 206//206
f 741//741 206//206 205//205
f 296//296 742//742 743//743
f 744//744 300//300 745//745
f 745//745 300//300 298//298
f 292//292 746//746 294//294
f 294//294 746//746 737//737
f 294//294 737//737 296//296
f 296//296 737//737 738//738
f 296//296 738//738 742//742
f 742//742 738//738 741//741
f 742//742 741//741 747//747
f 747//747 741//741 740//740
f 747//747 740//740 192//192
f 192//192 740//740 739//739
f 192//192 739//739 193//193
f 290//290 288//288 748//748
f 306//306 749//749 308//308
f 308//308 749//749 750//750
f 308//308 750//750 286//286
f 751//751 752//752 302//302
f 753//753 754//754 298//298
f 298//298 754//754 755//755
f 298//298 755//755 745//745
f 748//748 756//756 290//290
f 290//290 756//756 757//757
f 290//290 757//757 292//292
f 292//292 757//757 758//758
f 292//292 758//758 746//746
f 750//750 759//759 286//286
f 286//286 759//759 760//760
f 286//286 760//760 288//288
f 288//288 760//760 761//761
f 288//288 761//761 748//748
f 744//744 762//762 300//300
f 300//300 762//762 763//763
f 300//300 763//763 302//302
f 302//302 763//763 764//764
f 302//302 764//764 751//751
f 743//743 765//765 296//296
f 296//296 765//765 766//766
f 296//296 766//766 298//298
f 298//298 766//766 767//767
f 298//298 767//767 753//753
f 752//752 768//768 302//302
f 302//302 768//768 769//769
f 302//302 769//769 304//304
f 304//304 769//769 770//770
f 304//304 770//770 306//306
f 306//306 770//770 771//771
f 306//306 771//771 749//749
f 772//772 773//773 774//774
f 772//772 774//774 775//775
f 776//776 775//775 774//774
f 777//777 776//776 774//774
f 778//778 777//777 774//774
f 779//779 778//778 774//774
f 780//780 779//779 774//774
f 781//781 780//780 774//774
f 782//782 781//781 774//774
f 783//783 782//782 774//774
f 784//784 783//783 774//774
f 785//785 784//784 774//774
f 786//786 785//785 774//774
f 787//787 786//786 774//774
f 788//788 787//787 774//774
f 789//789 788//788 774//774
f 790//790 789//789 774//774
f 791//791 790//790 774//774
f 792//792 791//791 774//774
f 793//793 792//792 774//774
f 794//794 793//793 774//774
f 795//795 794//794 774//774
f 796//796 795//795 774//774
f 797//797 796//796 774//774
f 798//798 797//797 774//774
f 799//799 798//798 774//774
f 800//800 799//799 774//774
f 801//801 800//800 774//774
f 802//802 801//801 774//774
f 803//803 802//802 774//774
f 804//804 803//803 774//774
f 805//805 804//804 774//774
f 806//806 805//805 774//774
f 807//807 806//806 774//774
f 773//773 807//807 774//774
f 808//808 809//809 810//810
f 811//811 812//812 813//813
f 814//814 815//815 816//816
f 750//750 817//817 818//818
f 768//768 819//819 769//769
f 190//190 189//189 820//820
f 190//190 820//820 191//191
f 191//191 820//820 747//747
f 191//191 747//747 192//192
f 821//821 743//743 742//742
f 822//822 823//823 765//765
f 824//824 825//825 767//767
f 826//826 754//754 827//827
f 827//827 754//754 753//753
f 745//745 755//755 828//828
f 828//828 829//829 745//745
f 745//745 829//829 830//830
f 745//745 830//830 744//744
f 744//744 830//830 831//831
f 744//744 831//831 762//762
f 762//762 831//831 832//832
f 762//762 832//832 763//763
f 832//832 833//833 763//763
f 763//763 833//833 834//834
f 763//763 834//834 764//764
f 764//764 834//834 835//835
f 764//764 835//835 751//751
f 751//751 835//835 836//836
f 751//751 836//836 752//752
f 837//837 749//749 771//771
f 750//750 749//749 817//817
f 817//817 749//749 837//837
f 817//817 837//837 818//818
f 818//818 837//837 838//838
f 818//818 838//838 839//839
f 839//839 838//838 840//840
f 839//839 840//840 841//841
f 841//841 840//840 842//842
f 842//842 840//840 843//843
f 842//842 843//843 844//844
f 844//844 843//843 814//814
f 814//814 843//843 845//845
f 814//814 845//845 815//815
f 815//815 845//845 846//846
f 815//815 846//846 816//816
f 812//812 811//811 847//847
f 810//810 809//809 848//848
f 849//849 850//850 851//851
f 851//851 850//850 852//852
f 851//851 852//852 853//853
f 853//853 852//852 854//854
f 853//853 854//854 855//855
f 856//856 857//857 858//858
f 858//858 857//857 859//859
f 858//858 859//859 860//860
f 861//861 862//862 863//863
f 863//863 862//862 864//864
f 863//863 864//864 865//865
f 866//866 867//867 861//861
f 868//868 175//175 866//866
f 866//866 175//175 174//174
f 866//866 174//174 867//867
f 867//867 174//174 170//170
f 867//867 170//170 169//169
f 869//869 179//179 173//173
f 172//172 178//178 177//177
f 870//870 180//180 179//179
f 870//870 179//179 868//868
f 173//173 172//172 869//869
f 869//869 172//172 179//179
f 179//179 172//172 177//177
f 179//179 177//177 868//868
f 868//868 177//177 176//176
f 868//868 176//176 175//175
f 189//189 187//187 820//820
f 820//820 187//187 186//186
f 820//820 186//186 870//870
f 870//870 186//186 184//184
f 870//870 184//184 180//180
f 861//861 871//871 866//866
f 866//866 871//871 872//872
f 866//866 872//872 868//868
f 868//868 872//872 873//873
f 868//868 873//873 870//870
f 870//870 873//873 821//821
f 870//870 821//821 820//820
f 820//820 821//821 742//742
f 820//820 742//742 747//747
f 861//861 863//863 871//871
f 871//871 863//863 874//874
f 871//871 874//874 872//872
f 872//872 874//874 875//875
f 872//872 875//875 873//873
f 873//873 875//875 822//822
f 873//873 822//822 821//821
f 821//821 822//822 765//765
f 821//821 765//765 743//743
f 771//771 876//876 837//837
f 837//837 876//876 877//877
f 837//837 877//877 838//838
f 838//838 877//877 878//878
f 838//838 878//878 840//840
f 840//840 878//878 879//879
f 840//840 879//879 843//843
f 843//843 879//879 880//880
f 843//843 880//880 845//845
f 845//845 880//880 881//881
f 845//845 881//881 846//846
f 856//856 882//882 865//865
f 865//865 882//882 883//883
f 865//865 883//883 863//863
f 863//863 883//883 884//884
f 863//863 884//884 874//874
f 874//874 884//884 885//885
f 874//874 885//885 875//875
f 875//875 885//885 886//886
f 875//875 886//886 822//822
f 822//822 886//886 887//887
f 822//822 887//887 823//823
f 823//823 887//887 766//766
f 823//823 766//766 765//765
f 770//770 888//888 771//771
f 771//771 888//888 889//889
f 771//771 889//889 876//876
f 876//876 889//889 890//890
f 876//876 890//890 877//877
f 877//877 890//890 891//891
f 877//877 891//891 878//878
f 878//878 891//891 892//892
f 878//878 892//892 879//879
f 879//879 892//892 847//847
f 879//879 847//847 880//880
f 880//880 847//847 811//811
f 880//880 811//811 881//881
f 856//856 858//858 882//882
f 882//882 858//858 893//893
f 882//882 893//893 883//883
f 883//883 893//893 894//894
f 883//883 894//894 884//884
f 884//884 894//894 895//895
f 884//884 895//895 885//885
f 885//885 895//895 896//896
f 885//885 896//896 886//886
f 886//886 896//896 824//824
f 886//886 824//824 887//887
f 887//887 824//824 767//767
f 887//887 767//767 766//766
f 769//769 819//819 770//770
f 770//770 819//819 897//897
f 770//770 897//897 888//888
f 888//888 897//897 898//898
f 888//888 898//898 889//889
f 889//889 898//898 899//899
f 889//889 899//899 890//890
f 890//890 899//899 900//900
f 890//890 900//900 891//891
f 891//891 900//900 901//901
f 891//891 901//901 892//892
f 892//892 901//901 902//902
f 892//892 902//902 847//847
f 847//847 902//902 848//848
f 847//847 848//848 812//812
f 812//812 848//848 809//809
f 812//812 809//809 813//813
f 903//903 904//904 905//905
f 905//905 904//904 906//906
f 905//905 906//906 860//860
f 860//860 906//906 907//907
f 860//860 907//907 858//858
f 858//858 907//907 908//908
f 858//858 908//908 893//893
f 893//893 908//908 909//909
f 893//893 909//909 894//894
f 894//894 909//909 910//910
f 894//894 910//910 895//895
f 895//895 910//910 911//911
f 895//895 911//911 896//896
f 896//896 911//911 912//912
f 896//896 912//912 824//824
f 824//824 912//912 827//827
f 824//824 827//827 825//825
f 825//825 827//827 753//753
f 825//825 753//753 767//767
f 913//913 914//914 915//915
f 915//915 914//914 916//916
f 915//915 916//916 917//917
f 917//917 916//916 918//918
f 917//917 918//918 919//919
f 919//919 918//918 920//920
f 919//919 920//920 849//849
f 849//849 920//920 921//921
f 849//849 921//921 850//850
f 752//752 836//836 768//768
f 768//768 836//836 922//922
f 768//768 922//922 819//819
f 819//819 922//922 923//923
f 819//819 923//923 897//897
f 897//897 923//923 924//924
f 897//897 924//924 898//898
f 898//898 924//924 925//925
f 898//898 925//925 899//899
f 899//899 925//925 926//926
f 899//899 926//926 900//900
f 900//900 926//926 927//927
f 900//900 927//927 901//901
f 901//901 927//927 928//928
f 901//901 928//928 902//902
f 902//902 928//928 929//929
f 902//902 929//929 848//848
f 848//848 929//929 913//913
f 848//848 913//913 810//810
f 810//810 913//913 915//915
f 810//810 915//915 808//808
f 855//855 854//854 903//903
f 903//903 854//854 930//930
f 903//903 930//930 904//904
f 904//904 930//930 931//931
f 904//904 931//931 906//906
f 906//906 931//931 932//932
f 906//906 932//932 907//907
f 907//907 932//932 933//933
f 907//907 933//933 908//908
f 908//908 933//933 934//934
f 908//908 934//934 909//909
f 909//909 934//934 935//935
f 909//909 935//935 910//910
f 910//910 935//935 936//936
f 910//910 936//936 911//911
f 911//911 936//936 937//937
f 911//911 937//937 912//912
f 912//912 937//937 938//938
f 912//912 938//938 827//827
f 827//827 938//938 828//828
f 827//827 828//828 826//826
f 826//826 828//828 755//755
f 826//826 755//755 754//754
f 918//918 773//773 920//920
f 920//920 773//773 772//772
f 920//920 772//772 921//921
f 921//921 772//772 775//775
f 921//921 775//775 850//850
f 850//850 775//775 776//776
f 850//850 776//776 852//852
f 852//852 776//776 777//777
f 852//852 777//777 854//854
f 854//854 777//777 778//778
f 854//854 778//778 930//930
f 930//930 778//778 779//779
f 930//930 779//779 931//931
f 931//931 779//779 780//780
f 931//931 780//780 932//932
f 932//932 780//780 781//781
f 932//932 781//781 933//933
f 933//933 781//781 782//782
f 933//933 782//782 934//934
f 934//934 782//782 783//783
f 934//934 783//783 935//935
f 935//935 783//783 784//784
f 935//935 784//784 936//936
f 936//936 784//784 785//785
f 936//936 785//785 937//937
f 937//937 785//785 786//786
f 937//937 786//786 938//938
f 938//938 786//786 787//787
f 938//938 787//787 828//828
f 828//828 787//787 788//788
f 828//828 788//788 829//829
f 829//829 788//788 789//789
f 829//829 789//789 830//830
f 830//830 789//789 790//790
f 830//830 790//790 831//831
f 831//831 790//790 791//791
f 831//831 791//791 832//832
f 832//832 791//791 792//792
f 832//832 792//792 833//833
f 833//833 792//792 793//793
f 833//833 793//793 834//834
f 834//834 793//793 794//794
f 834//834 794//794 835//835
f 835//835 794//794 795//795
f 835//835 795//795 836//836
f 836//836 795//795 796//796
f 836//836 796//796 922//922
f 922//922 796//796 797//797
f 922//922 797//797 923//923
f 923//923 797//797 798//798
f 923//923 798//798 924//924
f 924//924 798//798 799//799
f 924//924 799//799 925//925
f 925//925 799//799 800//800
f 925//925 800//800 926//926
f 926//926 800//800 801//801
f 926//926 801//801 927//927
f 927//927 801//801 802//802
f 927//927 802//802 928//928
f 928//928 802//802 803//803
f 928//928 803//803 929//929
f 929//929 803//803 804//804
f 929//929 804//804 913//913
f 913//913 804//804 805//805
f 913//913 805//805 914//914
f 914//914 805//805 806//806
f 914//914 806//806 916//916
f 916//916 806//806 807//807
f 916//916 807//807 918//918
f 918//918 807//807 773//773
f 939//939 271//271 273//273
f 940//940 941//941 265//265
f 265//265 941//941 263//263
f 865//865 864//864 273//273
f 273//273 864//864 862//862
f 855//855 275//275 853//853
f 853//853 275//275 277//277
f 853//853 277//277 851//851
f 941//941 942//942 263//263
f 263//263 942//942 943//943
f 263//263 943//943 261//261
f 261//261 943//943 816//816
f 940//940 265//265 944//944
f 944//944 265//265 267//267
f 944//944 267//267 945//945
f 945//945 267//267 269//269
f 945//945 269//269 946//946
f 947//947 867//867 948//948
f 948//948 867//867 169//169
f 948//948 169//169 162//162
f 947//947 939//939 867//867
f 867//867 939//939 273//273
f 867//867 273//273 861//861
f 861//861 273//273 862//862
f 939//939 949//949 271//271
f 271//271 949//949 950//950
f 271//271 950//950 269//269
f 269//269 950//950 951//951
f 269//269 951//951 946//946
f 855//855 903//903 275//275
f 275//275 903//903 905//905
f 275//275 905//905 860//860
f 813//813 281//281 283//283
f 816//816 846//846 261//261
f 261//261 846//846 881//881
f 261//261 881//881 283//283
f 283//283 881//881 811//811
f 283//283 811//811 813//813
f 860//860 859//859 275//275
f 275//275 859//859 857//857
f 275//275 857//857 273//273
f 273//273 857//857 856//856
f 273//273 856//856 865//865
f 915//915 279//279 808//808
f 808//808 279//279 281//281
f 808//808 281//281 809//809
f 809//809 281//281 813//813
f 915//915 917//917 279//279
f 279//279 917//917 919//919
f 279//279 919//919 277//277
f 277//277 919//919 849//849
f 277//277 849//849 851//851
f 154//154 161//161 947//947
f 158//158 156//156 939//939
f 939//939 156//156 949//949
f 156//156 155//155 949//949
f 949//949 155//155 151//151
f 949//949 151//151 950//950
f 950//950 151//151 149//149
f 950//950 149//149 147//147
f 947//947 161//161 939//939
f 939//939 161//161 160//160
f 939//939 160//160 158//158
f 948//948 162//162 168//168
f 168//168 167//167 948//948
f 948//948 167//167 166//166
f 948//948 166//166 947//947
f 947//947 166//166 165//165
f 947//947 165//165 154//154
f 143//143 951//951 145//145
f 145//145 951//951 950//950
f 145//145 950//950 147//147
f 131//131 944//944 137//137
f 137//137 944//944 945//945
f 137//137 945//945 132//132
f 132//132 945//945 133//133
f 133//133 945//945 946//946
f 133//133 946//946 140//140
f 140//140 946//946 141//141
f 141//141 946//946 951//951
f 141//141 951//951 143//143
f 110//110 943//943 111//111
f 111//111 943//943 942//942
f 124//124 115//115 941//941
f 941//941 115//115 117//117
f 941//941 117//117 942//942
f 942//942 117//117 123//123
f 942//942 123//123 111//111
f 124//124 941//941 127//127
f 127//127 941//941 940//940
f 127//127 940//940 128//128
f 128//128 940//940 130//130
f 130//130 940//940 944//944
f 130//130 944//944 131//131
f 759//759 258//258 255//255
f 814//814 816//816 943//943
f 759//759 255//255 242//242
f 242//242 255//255 254//254
f 242//242 254//254 241//241
f 839//839 759//759 818//818
f 818//818 759//759 750//750
f 844//844 814//814 759//759
f 759//759 814//814 943//943
f 759//759 943//943 258//258
f 258//258 943//943 110//110
f 258//258 110//110 259//259
f 259//259 110//110 109//109
f 839//839 841//841 759//759
f 759//759 841//841 842//842
f 759//759 842//842 844//844
f 108//108 756//756 229//229
f 229//229 756//756 748//748
f 229//229 748//748 230//230
f 761//761 234//234 748//748
f 748//748 234//234 232//232
f 748//748 232//232 230//230
f 760//760 759//759 242//242
f 242//242 240//240 760//760
f 760//760 240//240 238//238
f 760//760 238//238 761//761
f 761//761 238//238 236//236
f 761//761 236//236 234//234
f 211//211 746//746 212//212
f 212//212 746//746 758//758
f 212//212 758//758 226//226
f 226//226 758//758 757//757
f 226//226 757//757 222//222
f 222//222 757//757 223//223
f 223//223 757//757 756//756
f 223//223 756//756 108//108
f 746//746 211//211 220//220
f 215//215 737//737 217//217
f 217//217 737//737 746//746
f 217//217 746//746 219//219
f 219//219 746//746 220//220
f 952//952 953//953 954//954
f 954//954 953//953 955//955
f 954//954 955//955 956//956
f 957//957 958//958 954//954
f 954//954 958//958 959//959
f 954//954 959//959 952//952
f 960//960 961//961 954//954
f 954//954 961//961 962//962
f 954//954 962//962 957//957
f 956//956 963//963 954//954
f 954//954 963//963 964//964
f 954//954 964//964 960//960
f 965//965 966//966 967//967
f 967//967 966//966 968//968
f 967//967 968//968 969//969
f 970//970 971//971 967//967
f 967//967 971//971 972//972
f 967//967 972//972 965//965
f 973//973 974//974 967//967
f 967//967 974//974 975//975
f 967//967 975//975 970//970
f 969//969 976//976 967//967
f 967//967 976//976 977//977
f 967//967 977//977 973//973
f 955//955 968//968 956//956
f 956//956 968//968 966//966
f 956//956 966//966 963//963
f 963//963 966//966 965//965
f 963//963 965//965 964//964
f 964//964 965//965 972//972
f 964//964 972//972 960//960
f 960//960 972//972 971//971
f 960//960 971//971 961//961
f 961//961 971//971 970//970
f 961//961 970//970 962//962
f 962//962 970//970 975//975
f 962//962 975//975 957//957
f 957//957 975//975 974//974
f 957//957 974//974 958//958
f 958//958 974//974 973//973
f 958//958 973//973 959//959
f 959//959 973//973 977//977
f 959//959 977//977 952//952
f 952//952 977//977 976//976
f 952//952 976//976 953//953
f 953//953 976//976 969//969
f 953//953 969//969 955//955
f 955//955 969//969 968//968
