v 0.003499996615573764 0.014048728160560131 0.010401658713817596
v 0.00349999638274312 0.012425384484231472 0.010401657782495022
v 0.004192076623439789 0.01379489991813898 0.010461986064910889
v 0.004090988077223301 0.012078101746737957 0.010445557534694672
v 0.005031819920986891 0.013392307795584202 0.01070659514516592
v 0.004942762199789286 0.0134405717253685 0.010670915246009827
v 0.004855959210544825 0.013486256822943687 0.01063849963247776
v 0.006186516024172306 0.011359547264873981 0.01143810898065567
v 0.005565653555095196 0.010818972252309322 0.010976307094097137
v 0.006318459752947092 0.01111952681094408 0.011563300155103207
v 0.006029324606060982 0.010252083651721478 0.011302872560918331
v 0.006328425835818052 0.009816297329962254 0.01157323457300663
v 0.004639908671379089 0.011684481985867023 0.01056752260774374
v 0.005041693802922964 0.011344495229423046 0.010710704140365124
v 0.005576039664447308 0.013064163736999035 0.010982589796185493
v 0.0060249506495893 0.012744122184813023 0.01129930280148983
v 0.006536812987178564 0.012310837395489216 0.011798244901001453
v 0.006861527916043997 0.01198764517903328 0.012233683839440346
v 0.0074999975040555 0.008603026159107685 0.014401656575500965
v 0.007499998901039362 0.009104937314987183 0.014401659369468689
v 0.007195518352091312 0.00860302522778511 0.012870928272604942
v 0.00747703667730093 0.009158991277217865 0.01397367287427187
v 0.007413223851472139 0.009304029867053032 0.01357300765812397
v 0.0071955155581235886 0.0097512137144804 0.012870922684669495
v 0.00695272721350193 0.00860302709043026 0.012382091954350471
v 0.0068653421476483345 0.010326096788048744 0.012239613570272923
v 0.006445724982768297 0.010934444144368172 0.011695613153278828
v 0.006949284113943577 0.008603026159107685 0.023624204099178314
v 0.007499998435378075 0.00860302522778511 0.03140166029334068
v 0.006946266163140535 0.00860302709043026 0.033432234078645706
v 0.007207071408629417 0.008603026159107685 0.032904189079999924
v 0.0074781691655516624 0.009156344458460808 0.03181896358728409
v 0.007499998435378075 0.009104936383664608 0.031401656568050385
v 0.007416763808578253 0.009296173229813576 0.032213423401117325
v 0.00720707094296813 0.009729063138365746 0.03290419280529022
v 0.00688749086111784 0.008743219077587128 0.03352884575724602
v 0.006376468576490879 0.009722640737891197 0.03418121114373207
v 0.006873534061014652 0.01031301449984312 0.03355090692639351
v 0.006596059538424015 0.009343922138214111 0.0339343287050724
v 0.006825558375567198 0.008882896974682808 0.03362441807985306
v 0.005410557147115469 0.010967418551445007 0.03491588681936264
v 0.006186515558511019 0.011359548196196556 0.0343652069568634
v 0.005929946433752775 0.010365759953856468 0.03457898274064064
v 0.0063630021177232265 0.01105062011629343 0.03419508412480354
v 0.006445725914090872 0.010934444144368172 0.03410770744085312
v 0.0051399762742221355 0.01123522873967886 0.03505001589655876
v 0.0052211349830031395 0.011457524262368679 0.03501243144273758
v 0.006530657410621643 0.011679771356284618 0.03401223570108414
v 0.005636889953166246 0.011679772287607193 0.03478303551673889
v 0.005401176866143942 0.011620722711086273 0.03492096811532974
v 0.005139743909239769 0.011233089491724968 0.038167938590049744
v 0.005236316472291946 0.011479002423584461 0.03804333135485649
v 0.005421870853751898 0.011631176806986332 0.03796886280179024
v 0.005636889953166246 0.011679771356284618 0.03794550523161888
v 0.006251608021557331 0.011470749042928219 0.0380474254488945
v 0.006002402864396572 0.011679771356284618 0.037945497781038284
v 0.005414274986833334 0.010960972867906094 0.03831206262111664
v 0.005236312747001648 0.01147900428622961 0.03804333135485649
v 0.006488727405667305 0.0112528707832098 0.03815772011876106
v 0.005933267530053854 0.010358386673033237 0.038655154407024384
v 0.007452453952282667 0.010090408846735954 0.038820069283246994
v 0.006553916726261377 0.009416691027581692 0.039260897785425186
v 0.00784263014793396 0.009428605437278748 0.03925349563360214
v 0.007279548794031143 0.007574230432510376 0.040728434920310974
v 0.007208332419395447 0.0075742388144135475 0.04072842374444008
v 0.007242197636514902 0.007452521473169327 0.040840912610292435
v 0.00811635423451662 0.008849103935062885 0.03967050835490227
v 0.006989511661231518 0.008489471860229969 0.03994812071323395
v 0.008526843041181564 0.0076255337335169315 0.040682196617126465
v 0.008595654740929604 0.007331603206694126 0.04095490276813507
v 0.00727367028594017 0.007331603206694126 0.04095489904284477
v 0.007356195244938135 0.006964652333408594 0.04031382501125336
v 0.007499785162508488 0.005446317605674267 0.04143717512488365
v 0.00749923987314105 0.005609604995697737 0.04147369787096977
v 0.007498812861740589 0.005636436864733696 0.03972884640097618
v 0.007497257087379694 0.005705711431801319 0.04148872569203377
v 0.007454300299286842 0.006329705007374287 0.03996165841817856
v 0.007475808262825012 0.0061048963107168674 0.04150053858757019
v 0.0074583254754543304 0.0062925550155341625 0.04147722199559212
v 0.007392616476863623 0.006767617538571358 0.041331611573696136
v 0.007364463992416859 0.006922413129359484 0.04125436767935753
v 0.007481129840016365 0.004971369635313749 0.041244979947805405
v 0.007498768158257008 0.005638748873025179 0.03362195938825607
v 0.007498700171709061 0.0056425537914037704 0.02362196147441864
v 0.007084496319293976 0.0030413419008255005 0.0030016626697033644
v 0.007106903474777937 0.003106800839304924 0.031159065663814545
v 0.007400219794362783 0.00428371736779809 0.0030016605742275715
v 0.007156785111874342 0.003260169643908739 0.031210249289870262
v 0.007486551068723202 0.005054115317761898 0.003001661039888859
v 0.007190551608800888 0.0033709050621837378 0.03126569092273712
v 0.007242722902446985 0.003555477596819401 0.031541693955659866
v 0.0072427233681082726 0.003555477596819401 0.037832945585250854
v 0.007319439668208361 0.0038672417867928743 0.03808744624257088
v 0.007222949992865324 0.003483385778963566 0.031357355415821075
v 0.007237590849399567 0.0035364991053938866 0.03144218400120735
v 0.007403012365102768 0.00430078711360693 0.03873629495501518
v 0.007426134310662746 0.0044530280865728855 0.03950165957212448
v 0.007426134776324034 0.004453028552234173 0.0408298596739769
v 0.007472139783203602 0.004857205785810947 0.041176386177539825
v 0.007498551160097122 0.005650334060192108 0.0030016638338565826
v 0.006813331041485071 0.002367984503507614 0.003010767512023449
v 0.006813332438468933 0.002367984037846327 0.005728731397539377
v 0.006838229484856129 0.0024226729292422533 0.003001656848937273
v 0.006795887369662523 0.002330057555809617 0.00602265540510416
v 0.0067215366289019585 0.0021756868809461594 0.006390558090060949
v 0.006151837762445211 0.0012129400856792927 0.031096050515770912
v 0.006681011524051428 0.002095084870234132 0.03109605237841606
v 0.006317142862826586 0.001460591098293662 0.007084316108375788
v 0.006663260515779257 0.0020605307072401047 0.006557418964803219
v 0.006491950247436762 0.0017473653424531221 0.006874180864542723
v 0.006926462519913912 0.0026265515480190516 0.031094998121261597
v 0.0069039361551404 0.0025729029439389706 0.03109605237841606
v 0.006158752366900444 0.0012228545965626836 0.00722111901268363
v 0.005589332897216082 0.0005022844998165965 0.007490755524486303
v 0.005506937392055988 0.00041150106699205935 0.03109605237841606
v 0.0047394209541380405 -0.0003089092788286507 0.007523610722273588
v 0.004758435767143965 -0.00029415273456834257 0.03109605237841606
v -0.003175444668158889 -0.0012915722327306867 0.007207794580608606
v -0.0038182067219167948 -0.0009523058542981744 0.007204532623291016
v -0.004084005020558834 -0.0007873309077695012 0.007334180176258087
v 0.003920413088053465 -0.0008907468873076141 0.031096050515770912
v 0.00381820579059422 -0.0009523049229755998 0.007204532157629728
v 0.003008641302585602 -0.0013670588377863169 0.03109605424106121
v 0.0030086401384323835 -0.0013670584885403514 0.007209152914583683
v 0.0020402674563229084 -0.001714126905426383 0.03109605610370636
v 0.002071540802717209 -0.0017052118200808764 0.007218553218990564
v 0.0010335122933611274 -0.0019254223443567753 0.03109605237841606
v 0.001020546187646687 -0.0019272144418209791 0.0072281030006706715
v 7.312163688766304e-06 -0.0019969698041677475 0.03109605237841606
v 1.3240647467327449e-09 -0.0019969737622886896 0.007231739815324545
v -0.0010190235916525126 -0.0019274242222309113 0.03109605424106121
v -0.0010205480502918363 -0.0019272149074822664 0.007228102535009384
v -0.002026190748438239 -0.0017180925933644176 0.031096050515770912
v -0.0020715410355478525 -0.0017052139155566692 0.007218558806926012
v -0.002995235612615943 -0.001372914994135499 0.03109605424106121
v -0.0029952360782772303 -0.0013729154597967863 0.007209267001599073
v -0.0043471078388392925 -0.0006083911866880953 0.007431407459080219
v -0.003907936159521341 -0.0008983828593045473 0.03109605424106121
v -0.004742717836052179 -0.000307467911625281 0.007523201406002045
v -0.004747119732201099 -0.00030342393438331783 0.03109605237841606
v -0.005496999714523554 0.0004007689421996474 0.03109605237841606
v -0.004962222650647163 -0.0001216617165482603 0.007546341512352228
v -0.006143465172499418 0.0012009477941319346 0.031096050515770912
v -0.006532114930450916 0.0018175876466557384 0.006813012529164553
v -0.00675955880433321 0.002252913312986493 0.006237230729311705
v -0.0070803528651595116 0.0030294388998299837 0.0311407670378685
v -0.00636026868596673 0.0015274258330464363 0.007036056835204363
v -0.0061510903760790825 0.0012107959482818842 0.007224502507597208
v -0.007047463674098253 0.0029372393619269133 0.031123528257012367
v -0.006903939414769411 0.0025729008484631777 0.031096050515770912
v -0.005794805008918047 0.0007415394647978246 0.007423128932714462
v -0.006674355361610651 0.0020820586942136288 0.03109605424106121
v -0.007079683244228363 0.003027527127414942 0.0030016566161066294
v -0.006813335232436657 0.0023679824080318213 0.00572873093187809
v -0.006838234607130289 0.0024226708337664604 0.0030016573145985603
v -0.006813336629420519 0.0023679828736931086 0.0030107672791928053
v -0.007407721597701311 0.0043301330879330635 0.038811393082141876
v -0.007369145750999451 0.004108133260160685 0.03837888687849045
v -0.007485663518309593 0.00503951171413064 0.003001663601025939
v -0.007484497036784887 0.005021011922508478 0.04048560559749603
v -0.00746194738894701 0.004748443607240915 0.04014931246638298
v -0.007438508793711662 0.004544578492641449 0.039734307676553726
v -0.007424458395689726 0.004441223572939634 0.03928470239043236
v -0.007242726627737284 0.0035554757341742516 0.03783294931054115
v -0.0072427247650921345 0.003555475967004895 0.03154168650507927
v -0.007236623205244541 0.0035329300444573164 0.03143375739455223
v -0.007400223053991795 0.004283715505152941 0.0030016633681952953
v -0.007161228451877832 0.0032743921037763357 0.031216345727443695
v -0.007192566059529781 0.003377694869413972 0.03126990795135498
v -0.00721823051571846 0.003466568887233734 0.03133939206600189
v -0.007498554885387421 0.005650422070175409 0.0030016584787517786
v -0.007498703431338072 0.0056426022201776505 0.02362196519970894
v -0.007498770486563444 0.005638842470943928 0.03362196311354637
v -0.007498812861740589 0.005636533256620169 0.03972792252898216
v -0.007454063277691603 0.006331870332360268 0.03996085375547409
v -0.007499451749026775 0.005593960173428059 0.04088267311453819
v -0.007493641693145037 0.005194185767322779 0.04063801094889641
v -0.007212363183498383 0.00756017304956913 0.040716227144002914
v -0.007357623428106308 0.00695746811106801 0.04099123179912567
v -0.007355412933975458 0.006968603935092688 0.040313828736543655
v -0.007433232385665178 0.006501553114503622 0.04106216877698898
v -0.00748091097921133 0.006037819664925337 0.041027508676052094
v 0.008010340854525566 0.0032784752547740936 0.0007177057559601963
v 0.007652672473341227 0.0023578363470733166 0.0008330935961566865
v 0.006861942354589701 0.0014540484407916665 0.001695976941846311
v 0.007263737265020609 0.001450678100809455 0.0007119711954146624
v 0.006883359979838133 0.0006255283951759338 0.0003801103448495269
v 0.006159297656267881 0.010077469982206821 0.002519524423405528
v 0.005887921899557114 0.010443808510899544 0.0024800612591207027
v 0.0058988542295992374 0.010488937608897686 0.002375252079218626
v 0.005944472271949053 0.010718995705246925 0.0018580856267362833
v 0.005955541972070932 0.01080814003944397 0.0016695325030013919
v 0.0067771002650260925 0.01053630467504263 0.0003647803678177297
v 0.005947846453636885 0.011172019876539707 0.0009949749801307917
v 0.006693709176033735 0.010646686889231205 0.0003647850826382637
v 0.005864120088517666 0.011455696076154709 0.0006049445946700871
v 0.00596565380692482 0.011475794948637486 0.0003647792909760028
v 0.0058106789365410805 0.011568078771233559 0.00048351779696531594
v 0.00573062663897872 0.011701647192239761 0.0003647834528237581
v 0.007083599455654621 0.008262213319540024 0.0027160365134477615
v 0.00682224053889513 0.008913612924516201 0.0026453372556716204
v 0.007796259131282568 0.008740509860217571 0.0003647795820143074
v 0.007307406980544329 0.009729703888297081 0.00036478537367656827
v 0.007866069674491882 0.00856699887663126 0.0003647838020697236
v 0.008151921443641186 0.0076960050500929356 0.0003647796984296292
v 0.007423660717904568 0.006865192204713821 0.002868383191525936
v 0.008368310518562794 0.006614034995436668 0.0003647822013590485
v 0.00748417666181922 0.00628470117226243 0.002931969240307808
v 0.008396066725254059 0.0063799647614359856 0.00036478033871389925
v 0.008441733196377754 0.005513084586709738 0.0003647832782007754
v 0.00837093498557806 0.004411961883306503 0.0003647839475888759
v 0.008333727717399597 0.00415693549439311 0.00036478135734796524
v 0.004069733899086714 0.012092470191419125 0.009670647792518139
v 0.004214898217469454 0.012078887782990932 0.009606370702385902
v 0.00431080861017108 0.011930122040212154 0.009542044252157211
v 0.005257987417280674 0.011141441762447357 0.00808810256421566
v 0.005221889819949865 0.011177207343280315 0.008296509273350239
v 0.005245327949523926 0.01123053953051567 0.008177891373634338
v 0.005149028263986111 0.011502753011882305 0.008542797528207302
v 0.005147948395460844 0.011247777380049229 0.008532434701919556
v 0.005131478421390057 0.011534906923770905 0.008588690310716629
v 0.005103180650621653 0.011484499089419842 0.008655089884996414
v 0.004976985976099968 0.011752502992749214 0.008897538296878338
v 0.004829865880310535 0.01190178282558918 0.009106571786105633
v 0.00492506567388773 0.011809696443378925 0.008977889083325863
v 0.004833714570850134 0.011760154739022255 0.009097570553421974
v 0.004880312830209732 0.011488141492009163 0.009014163166284561
v 0.004707837011665106 0.01163137424737215 0.009217453189194202
v 0.0047322288155555725 0.011982584372162819 0.00921907089650631
v 0.004531544167548418 0.012116358615458012 0.009405579417943954
v 0.004408808425068855 0.012181522324681282 0.009496992453932762
v 0.004526985809206963 0.012118982151150703 0.009409249760210514
v 0.004224397707730532 0.012271268293261528 0.009610576555132866
v 0.0038647230248898268 0.012442750856280327 0.009762153029441833
v 0.003588183084502816 0.012378538958728313 0.009820188395678997
v 0.0032722437754273415 0.01271025836467743 0.009851662442088127
v 0.0031516265589743853 0.012598229572176933 0.00984866265207529
v 0.003025058191269636 0.012817448936402798 0.00985165685415268
v 0.002482540672644973 0.012869768775999546 0.00984750036150217
v 0.0020460423547774553 0.01314929872751236 0.00985165685415268
v 0.002112993970513344 0.012988749891519547 0.009847315959632397
v 0.00195468682795763 0.013033353723585606 0.009847329929471016
v 0.0010321274166926742 0.013350731693208218 0.009851657785475254
v 0.000989354564808309 0.013227011077105999 0.009848090820014477
v 0.0002837455249391496 0.01341322623193264 0.009851657785475254
v -7.872120733054544e-10 0.013292551971971989 0.009848973713815212
v 6.10281517765543e-07 0.013418314047157764 0.009851658716797829
v -0.0010309168137609959 0.013350891880691051 0.009851658716797829
v -0.0008564437157474458 0.01324349083006382 0.009849417954683304
v -0.0018283718964084983 0.013066275045275688 0.009849349036812782
v -0.0020448616705834866 0.013149615377187729 0.009851662442088127
v -0.0021129937376827 0.012988748960196972 0.009849262423813343
v -0.0024783487897366285 0.012871235609054565 0.009849176742136478
v -0.003023929661139846 0.012817918322980404 0.009851659648120403
v -0.0030406878795474768 0.012648513540625572 0.009849014692008495
v -0.0032722451724112034 0.01271025836467743 0.009851657785475254
v -0.003355856519192457 0.012499880976974964 0.00984534528106451
v -0.0038672564551234245 0.012441594153642654 0.00976135116070509
v -0.003711181925609708 0.01231003925204277 0.009796036407351494
v -0.004045106004923582 0.012108301743865013 0.009684083051979542
v -0.004718755837529898 0.011992469429969788 0.00923285074532032
v -0.004408956505358219 0.012181521393358707 0.009497207589447498
v -0.004451430402696133 0.012131612747907639 0.009466918185353279
v -0.00408822949975729 0.01233682595193386 0.009677821770310402
v -0.004172623623162508 0.012033027596771717 0.009622742421925068
v -0.004945356864482164 0.01143183559179306 0.008899988606572151
v -0.005163868889212608 0.011232757940888405 0.00846379529684782
v -0.004976759664714336 0.01156710647046566 0.008884456008672714
v -0.005039643961936235 0.011674859561026096 0.00878780335187912
v -0.005257806275039911 0.011142292059957981 0.008089703507721424
v -0.0052488334476947784 0.011208651587367058 0.008156131021678448
v -0.005245422478765249 0.01123053953051567 0.008177908137440681
v -0.005142882466316223 0.011514291167259216 0.00855927262455225
v -0.0048544565215706825 0.011510183103382587 0.00903036817908287
v -0.004495995119214058 0.01179588958621025 0.009405752643942833
v -0.004381209146231413 0.011880104430019855 0.009492779150605202
v 0.005115389823913574 0.011278266087174416 0.008611178025603294
v -0.005361501593142748 0.011142843402922153 0.007127298042178154
v -0.005353536922484636 0.011142696253955364 0.00720224529504776
v -0.005340751726180315 0.011060087941586971 0.00726401899009943
v -0.005306053441017866 0.011141115799546242 0.007645685225725174
v -0.005299776326864958 0.011101014912128448 0.007680871989578009
v -0.005282044410705566 0.01114127691835165 0.007866505533456802
v -0.0052791377529501915 0.01112139318138361 0.007884499616920948
v -0.00526278605684638 0.011137393303215504 0.008046881295740604
v -0.005436233710497618 0.01100938767194748 0.006370628718286753
v -0.005640672519803047 0.011052975431084633 0.0045273215509951115
v -0.005447198636829853 0.01114655937999487 0.0063121444545686245
v -0.005642809439450502 0.011155328713357449 0.004369391594082117
v -0.005947557277977467 0.011171892285346985 0.0009957030415534973
v -0.00578824058175087 0.011162916198372841 0.0028349633794277906
v -0.0058428701013326645 0.010898902080953121 0.0027226838283240795
v -0.00573086179792881 0.011159729212522507 0.003454987658187747
v -0.005664933938533068 0.011156276799738407 0.004140624310821295
v -0.005655128043144941 0.010828100144863129 0.00452563539147377
v -0.005853294860571623 0.010487216524779797 0.002672517439350486
v -0.005872776266187429 0.010462944395840168 0.00247800606302917
v -0.0059601725079119205 0.010798393748700619 0.0016779913567006588
v -0.0056645432487130165 0.010712233372032642 0.004431956447660923
v -0.005390108097344637 0.011009925976395607 0.006773289758712053
v -0.005430018529295921 0.01096864603459835 0.006391829811036587
v -0.005549518391489983 0.010841039940714836 0.005347629077732563
v -0.00565321883186698 0.01072518341243267 0.00452258437871933
v 0.005352580454200506 0.011048090644180775 0.007232004310935736
v 0.005350642371922731 0.011129423975944519 0.007231654599308968
v 0.005394814070314169 0.011004996486008167 0.006857331842184067
v 0.005304477643221617 0.011096326634287834 0.007666023913770914
v 0.005305171012878418 0.011128396727144718 0.007653933484107256
v 0.005321947857737541 0.011078910902142525 0.007506628055125475
v 0.0052781435661017895 0.011142447590827942 0.007904086261987686
v 0.005289027933031321 0.01111163292080164 0.007807510904967785
v 0.005301628727465868 0.011139781214296818 0.007684694603085518
v 0.0054451883770525455 0.011145839467644691 0.006332261487841606
v 0.005446590483188629 0.011120934970676899 0.006335028447210789
v 0.005436963867396116 0.011145096272230148 0.006411397829651833
v 0.005866179708391428 0.01057770848274231 0.002760746981948614
v 0.005802454426884651 0.011125895194709301 0.0027583374176174402
v 0.005928243976086378 0.010892808437347412 0.0018718419596552849
v 0.005515106953680515 0.011149856261909008 0.005652228835970163
v 0.00564552191644907 0.011155432090163231 0.004342779982835054
v 0.005627678707242012 0.011093453504145145 0.004601669032126665
v 0.005662302486598492 0.011137505061924458 0.004196423105895519
v 0.0057386369444429874 0.011133977212011814 0.003405848518013954
v 0.005764487665146589 0.011136924847960472 0.0031306094024330378
v 0.0056684804148972034 0.011123673059046268 0.004155262839049101
v 0.005771363619714975 0.011160081252455711 0.0030082124285399914
v 0.005775325931608677 0.011161849834024906 0.0029629096388816833
v 0.005794890690594912 0.011163460090756416 0.002753297332674265
v 0.005906884558498859 0.01116956863552332 0.00148549466393888
v 0.005552965681999922 0.010837140493094921 0.00548402639105916
v 0.005451953504234552 0.010945556685328484 0.006353774107992649
v 0.005414146929979324 0.010985031723976135 0.006686100270599127
v 0.0053501129150390625 0.011143234558403492 0.007231792900711298
v 0.005344985984265804 0.011143689975142479 0.007279105484485626
v 0.00530995475128293 0.011140894144773483 0.007606199011206627
v 0.005305151920765638 0.011140191927552223 0.007651470135897398
v 0.005852095317095518 0.010488531552255154 0.0029133125208318233
v 0.005464357323944569 0.011147783137857914 0.006146788597106934
v 0.0056565627455711365 0.010721277445554733 0.004613727796822786
v 0.005660186056047678 0.01071713212877512 0.0045838006772100925
v -0.004931723698973656 0.01231400202959776 0.006956657860428095
v -0.00509291747584939 0.012058037333190441 0.0071793729439377785
v -0.00541375856846571 0.011803042143583298 0.004617305472493172
v -0.005399532616138458 0.011802999302744865 0.00481439707800746
v -0.005615255329757929 0.011271226219832897 0.004440036136657
v -0.005230642855167389 0.011642237193882465 0.007634162437170744
v -0.0052460916340351105 0.011236026883125305 0.008172104135155678
v -0.005252546165138483 0.01118927076458931 0.008130863308906555
v -0.005181759595870972 0.011839664541184902 0.007405505049973726
v -0.005118480883538723 0.012004807591438293 0.00723154516890645
v -0.00537008186802268 0.01187863014638424 0.004656234290450811
v -0.005262461490929127 0.012041504494845867 0.004735815804451704
v -0.004695868119597435 0.012563837692141533 0.006795060355216265
v -0.00505499541759491 0.012289050035178661 0.004841483663767576
v -0.004698452074080706 0.012586330994963646 0.004917040001600981
v -0.00443975068628788 0.012751379981637001 0.006727514322847128
v -0.0030982682947069407 -0.003612158354371786 0.0437016561627388
v -0.0020863444078713655 -0.0038955388590693474 0.0437016598880291
v -0.002064460888504982 -0.0037969592958688736 0.04390166327357292
v -0.0010385512141510844 -0.003966563381254673 0.043901655822992325
v -0.0010495593305677176 -0.004066941328346729 0.0437016561627388
v -2.688881579615554e-07 -0.004023343324661255 0.04390166327357292
v -2.719253302529978e-07 -0.0041243224404752254 0.0437016561627388
v 0.0010380186140537262 -0.0039666215889155865 0.04390165954828262
v 0.0010490214917808771 -0.00406700000166893 0.0437016636133194
v 0.0020639372523874044 -0.0037970745470374823 0.04390165954828262
v 0.002085813321173191 -0.0038956552743911743 0.0437016561627388
v 0.00306526361964643 -0.0035167220048606396 0.04390166327357292
v 0.005683994852006435 -0.002267304342240095 0.0437016636133194
v 0.004836814943701029 -0.002722997684031725 0.043854210525751114
v 0.00499929953366518 -0.0027245397213846445 0.0437016598880291
v 0.003954281099140644 -0.0031638864893466234 0.04390165954828262
v 0.0040727900341153145 -0.0032204026356339455 0.0437016598880291
v 0.003097755601629615 -0.0036123311147093773 0.0437016598880291
v -0.0030657732859253883 -0.0035165504086762667 0.043901655822992325
v -0.003954280633479357 -0.0031638871878385544 0.04390165954828262
v -0.0040732817724347115 -0.0032201751600950956 0.0437016598880291
v -0.0048385923728346825 -0.002726208185777068 0.04385669156908989
v -0.004999761935323477 -0.0027242605574429035 0.0437016636133194
v -0.005116288084536791 -0.0025778880808502436 0.04381989315152168
v -0.005683997180312872 -0.0022673055063933134 0.0437016598880291
v 0.006872682832181454 0.000584777444601059 0.0003393042425159365
v 0.006876480765640736 0.0006000931607559323 0.00035495872725732625
v 0.006979317869991064 0.0006153904250822961 0.00023333512945100665
v 0.006868177093565464 0.0005650190287269652 0.0003184012311976403
v 0.006914116907864809 0.0005804914399050176 0.0002670991816557944
v 0.006999866105616093 0.0005961888819001615 0.00019821683235932142
v 0.007110022008419037 0.0006010997458361089 0.00014215953706298023
v 0.006791931111365557 0.0013403986813500524 0.0017758251633495092
v 0.0067957607097923756 0.00046993294381536543 0.0004220856644678861
v 0.006872690748423338 0.0005847721477039158 0.00033930980134755373
v 0.006767553742974997 0.0012147011002525687 0.0018641415517777205
v 0.006767552811652422 0.002158981515094638 0.003088264726102352
v 0.006767554674297571 0.00035329049569554627 0.0005482782726176083
v 0.0054476638324558735 0.00011845934932352975 0.0071707600727677345
v 0.005016312003135681 -0.00033372908364981413 0.007144075818359852
v 0.004941941704601049 -0.00025840243324637413 0.007253485266119242
v 0.005788623355329037 0.0007113859173841774 0.00730866240337491
v 0.004544357769191265 -0.0005893913912586868 0.007163199130445719
v 0.004445492755621672 -0.0006335372454486787 0.007172231562435627
v 0.00439502252265811 -0.0006082346080802381 0.0072724903002381325
v 0.004185891710221767 -0.0007552948081865907 0.007192717399448156
v 0.004058747086673975 -0.0008194094407372177 0.007199709769338369
v 0.005053848959505558 -0.0003707047726493329 0.00710910651832819
v 0.005241965875029564 -0.00028915784787386656 0.00708789611235261
v 0.00546087184920907 -3.93792251998093e-05 0.0070948526263237
v 0.004896124359220266 -0.00043811812065541744 0.007126875687390566
v 0.004890838172286749 -0.00021348278096411377 0.0073897093534469604
v 0.005841836798936129 0.0006052450626157224 0.0071045467630028725
v 0.005804543849080801 0.0006652202573604882 0.007200219668447971
v 0.00610419362783432 0.0008496343507431448 0.006944507826119661
v 0.006168007850646973 0.0011664425255730748 0.00702701648697257
v 0.0066916788928210735 0.0020829327404499054 0.00632111169397831
v 0.006689223926514387 0.0019828127697110176 0.006255640182644129
v 0.006633369717746973 0.001854826812632382 0.006399078760296106
v 0.006469835992902517 0.001658935914747417 0.006744834128767252
v 0.006566221825778484 0.0017068658489733934 0.006523449905216694
v 0.00622496148571372 0.0010514428140595555 0.00687541114166379
v 0.005360469687730074 0.00023074673663359135 0.0074007329531013966
v 0.006743446923792362 0.0021095529664307833 0.0060280426405370235
v 0.0067791324108839035 0.0022659599781036377 0.005728732328861952
v 0.006767552811652422 0.0021589812822639942 0.005728731397539377
v 0.008088150061666965 0.0021818745881319046 0.0005013112677261233
v 0.007674956228584051 0.0013440202455967665 0.0003953331906814128
v 0.007548820693045855 0.001393005601130426 0.00042774243047460914
v 0.007487595081329346 0.0009895839029923081 0.0002849535085260868
v 0.007267553359270096 0.0005845079431310296 0.00010494891466805711
v 0.007432458456605673 0.0014287850353866816 0.0004950698930770159
v 0.0073349932208657265 0.0014484705170616508 0.0005924030556343496
v 0.008074643090367317 0.0032212892547249794 0.0005808359128423035
v 0.008798574097454548 0.003846998792141676 9.154019062407315e-05
v 0.008313719183206558 0.003092331113293767 0.0004135444760322571
v 0.008641472086310387 0.0039036087691783905 9.34080162551254e-05
v 0.008179208263754845 0.0031570144928991795 0.00047563613043166697
v 0.008501848205924034 0.003979865927249193 0.00014383794041350484
v 0.008395549841225147 0.004067577887326479 0.0002379697689320892
v 0.008463882841169834 0.00303380424156785 0.0004003431531600654
v 0.007948635146021843 0.002238768618553877 0.0005251886323094368
v 0.007822074927389622 0.0022900502663105726 0.0005930535262450576
v 0.00772040756419301 0.002330970950424671 0.0006990919355303049
v -0.00676755653694272 0.0021589791867882013 0.0057287332601845264
v -0.006767554674297571 0.0021589791867882013 0.003088266123086214
v -0.006779136136174202 0.0022659581154584885 0.005728734657168388
v -0.006814710795879364 0.0005024114507250488 0.000387457141187042
v -0.0068681794218719006 0.0005650168168358505 0.00031840321025811136
v -0.006872832775115967 0.000585329020395875 0.0003398786939214915
v -0.0068619465455412865 0.0014540095580741763 0.0016958859050646424
v -0.006791932974010706 0.0013403589837253094 0.0017757352907210588
v -0.006883359979838133 0.0006255267071537673 0.0003801067650783807
v -0.0068764835596084595 0.0006000911816954613 0.0003549576213117689
v -0.0067675551399588585 0.0012146607041358948 0.0018640558701008558
v -0.00676755653694272 0.0003532890696078539 0.0005482728593051434
v -0.00602845149114728 0.0007296396070159972 0.006978689692914486
v -0.006224226206541061 0.001048851991072297 0.006873837672173977
v -0.006167144514620304 0.001163975684903562 0.007025275845080614
v -0.005015960894525051 -0.00033542621531523764 0.007143128197640181
v -0.005052182357758284 -0.000372740178136155 0.007108443882316351
v -0.005447547882795334 0.000117624738777522 0.0071700443513691425
v -0.005152275785803795 -0.00032967363949865103 0.007096781395375729
v -0.004941556137055159 -0.00026007145061157644 0.0072525134310126305
v -0.0045575229451060295 -0.0005844762199558318 0.007161393761634827
v -0.004905964247882366 -0.00043504167115315795 0.007125095464289188
v -0.004191671032458544 -0.0007527475245296955 0.007192145101726055
v -0.004394834395498037 -0.0006089997477829456 0.007272048853337765
v -0.0058045643381774426 0.0006652527372352779 0.00719976332038641
v -0.005788643378764391 0.0007114310865290463 0.0073081920854747295
v -0.00451919948682189 -0.0006013633101247251 0.0071650161407887936
v -0.004890453536063433 -0.00021510959777515382 0.0073886956088244915
v -0.005360330455005169 0.00022995025210548192 0.007399982772767544
v -0.005841870326548815 0.0006052833050489426 0.007104099728167057
v -0.006469642743468285 0.0016582938842475414 0.006744129117578268
v -0.006512025836855173 0.001592576620168984 0.006603324320167303
v -0.006691103335469961 0.002081075916066766 0.006319744978100061
v -0.006710082292556763 0.002030715113505721 0.0061814067885279655
v -0.006763717625290155 0.002154394518584013 0.005847800523042679
v -0.005241968668997288 -0.000289159215753898 0.007087895181030035
v -0.0058984216302633286 0.0005351470899768174 0.007026298902928829
v 0.005163051653653383 -0.0022890467662364244 0.006397900637239218
v 0.005083788186311722 -0.0043675838969647884 0.005554335657507181
v 0.005078088026493788 -0.004539695102721453 0.005480661988258362
v 0.004177792929112911 -0.005117625929415226 0.005364161916077137
v 0.0051276772283017635 -0.003173647215589881 0.006051376461982727
v 0.005089573096483946 -0.00419505313038826 0.005627613514661789
v 0.0031956892926245928 -0.005584633909165859 0.005270014517009258
v 0.002160449745133519 -0.005923872347921133 0.005201631225645542
v 0.001089282683096826 -0.006129698362201452 0.005160138010978699
v 3.3905436236381092e-09 -0.006198689807206392 0.005146231036633253
v -0.0010892786085605621 -0.006129699293524027 0.00516014127060771
v -0.004177789203822613 -0.005117629189044237 0.005364162381738424
v -0.005078088492155075 -0.004539696965366602 0.005480666179209948
v -0.005089574493467808 -0.004195054527372122 0.005627612117677927
v -0.0021604460198432207 -0.005923874210566282 0.005201628431677818
v -0.003195687895640731 -0.00558463716879487 0.005270013120025396
v -0.005125268362462521 -0.00323542021214962 0.006026396062225103
v -0.005194926168769598 -0.0014995416859164834 0.006686929147690535
v -0.00615930138155818 0.010077468119561672 0.002519534667953849
v -0.005965659860521555 0.011475793085992336 0.00036478028050623834
v -0.005730631295591593 0.011701646260917187 0.00036478223046287894
v -0.005812391638755798 0.011564845219254494 0.0004867374082095921
v -0.006693712901324034 0.010646685026586056 0.0003647814446594566
v -0.006777103524655104 0.010536303743720055 0.00036478362744674087
v -0.00590748805552721 0.01133775245398283 0.0007528179557994008
v -0.005874949041754007 0.01142926886677742 0.0006362785352393985
v -0.007423661649227142 0.006865192670375109 0.0028683901764452457
v -0.0074841794557869434 0.006284699775278568 0.0029319783207029104
v -0.008396072313189507 0.006379962898790836 0.00036478356923907995
v -0.008441737852990627 0.005513082258403301 0.00036478624679148197
v -0.008370938710868359 0.004411959555000067 0.00036478674155659974
v -0.007652665954083204 0.0023578102700412273 0.0008330940036103129
v -0.008010340854525566 0.0032784680370241404 0.0007177022052928805
v -0.00833373237401247 0.004156933631747961 0.0003647807752713561
v -0.007263730745762587 0.0014506576117128134 0.0007119661895558238
v -0.007307408843189478 0.009729701094329357 0.00036478284164331853
v -0.0068222410045564175 0.008913613855838776 0.002645340748131275
v -0.008368314243853092 0.006614033132791519 0.00036478351103141904
v -0.008151925168931484 0.007696002721786499 0.0003647865087259561
v -0.007083602249622345 0.008262211456894875 0.002716044895350933
v -0.007866074331104755 0.008566997945308685 0.00036478336551226676
v -0.007796266116201878 0.008740507066249847 0.00036478321999311447
v -0.006944035645574331 0.0006138714961707592 0.00026805451489053667
v -0.007334989029914141 0.0014484502607956529 0.0005924016004428267
v -0.008395527489483356 0.004067567177116871 0.00023793295258656144
v -0.008074644021689892 0.00322128226980567 0.0005808314890600741
v -0.008501800708472729 0.003979845903813839 0.00014377388288266957
v -0.008179210126399994 0.00315700750797987 0.00047563621774315834
v -0.007720400579273701 0.002330946270376444 0.00069908780278638
v -0.007036223541945219 0.0006125927902758121 0.00018720187654253095
v -0.007110024802386761 0.0006010977667756379 0.00014216052659321576
v -0.007432450540363789 0.0014287651283666492 0.0004950642469339073
v -0.007548813708126545 0.001392986043356359 0.0004277351836208254
v -0.00794862862676382 0.0022387441713362932 0.000525189156178385
v -0.007822067476809025 0.0022900260519236326 0.0005930521874688566
v -0.008313720114529133 0.0030923238955438137 0.00041354200220666826
v -0.00864145066589117 0.0039035978261381388 9.337381197838113e-05
v -0.008798578754067421 0.003846996696665883 9.15412456379272e-05
v -0.008463883772492409 0.003033796790987253 0.00040034131961874664
v -0.008088141679763794 0.0021818503737449646 0.000501308124512434
v -0.007674947381019592 0.0013440008042380214 0.0003953291161451489
v -0.007487596943974495 0.0009895812254399061 0.00028495295555330813
v -0.007267557550221682 0.0005845060222782195 0.00010494862362975255
v -0.006957678589969873 -0.0013675171649083495 -0.0035141133703291416
v -0.0071033574640750885 -0.0012867979239672422 -0.003514111042022705
v -0.007094495464116335 -0.0013212475460022688 -0.002782018156722188
v -0.006767554208636284 -0.001789461704902351 -0.002753281034529209
v -0.006767554208636284 -0.001763583393767476 -0.003514113835990429
v -0.006780796684324741 -0.0016482867067679763 -0.0035141166299581528
v -0.006798461079597473 -0.0016167277935892344 -0.0027638848405331373
v -0.006798458751291037 -0.001402508933097124 -0.0017155242385342717
v -0.006767555605620146 -0.001565554877743125 -0.0016575136687606573
v -0.0067984615452587605 -0.0009064188925549388 -0.0007674545631743968
v -0.006767554674297571 -0.001047031837515533 -0.0006665724795311689
v -0.006798458751291037 -0.00016724271699786186 6.211865184013732e-06
v -0.006767557002604008 -0.0002744282828643918 0.00014207969070412219
v -0.007094498723745346 1.6112309822347015e-05 -0.00022620918753091246
v -0.006953283678740263 0.0005892870831303298 0.0002321394276805222
v -0.007267556618899107 3.5253120586276054e-05 -0.00025047166855074465
v -0.007094497326761484 -0.0006658846396021545 -0.0009400310809724033
v -0.0072675542905926704 -0.0006407748442143202 -0.0009580451296642423
v -0.007267557084560394 -0.0009088845690712333 -0.0013964587124064565
v -0.007094498723745346 -0.0011235985439270735 -0.001814760616980493
v -0.007267556618899107 -0.0010944822570309043 -0.0018251193687319756
v -0.007267557550221682 -0.0012777792289853096 -0.0026322787161916494
v -0.007267555221915245 -0.0012904012110084295 -0.0027839094400405884
v -0.00726755615323782 -0.001258763368241489 -0.0035141168627887964
v -0.006846015341579914 -0.0014922628179192543 -0.0035141129046678543
v -0.006913966033607721 -0.0014067968586459756 -0.00351411709561944
v -0.006914001889526844 -0.0014365722890943289 -0.0027749422006309032
v -0.0067984554916620255 -0.0015890164067968726 -0.00351411453448236
v -0.006914003286510706 -0.00123245595023036 -0.001776031800545752
v -0.006914001423865557 -0.0007597647490911186 -0.0008726731175556779
v -0.006914002820849419 -5.5450302170356736e-05 -0.00013549953291658312
v -0.009681246243417263 0.003523899707943201 0.00024261385260615498
v -0.00967749860137701 0.002807950135320425 0.0004466720565687865
v -0.009657347574830055 0.0022600058000534773 0.0004986374406144023
v -0.00965469516813755 0.004292320925742388 -0.0001903430966194719
v -0.008942468091845512 0.004292321391403675 -0.0001903473457787186
v -0.009668013080954552 0.004009805619716644 -7.643261028533743e-07
v -0.009677696041762829 0.003710148623213172 0.00016055125161074102
v -0.009633314795792103 0.0018626900855451822 0.00048321826034225523
v -0.009544098749756813 0.0009442107984796166 0.0002664709754753858
v -0.009420732967555523 0.000120224678539671 -0.00018798245582729578
v -0.00937733706086874 -0.00011584881576709449 -0.0003798011166509241
v -0.009287217631936073 -0.0005529629997909069 -0.0008437503129243851
v -0.009203762747347355 -0.0009080233867280185 -0.0013965563848614693
v -0.00917066354304552 -0.0010314079700037837 -0.0016610100865364075
v -0.009104114957153797 -0.0012686437694355845 -0.0025696938391774893
v -0.009099739603698254 -0.0012587636010721326 -0.0035141166299581528
v 0.006519234739243984 0.011679772287607193 0.03757217898964882
v 0.006523412652313709 0.011679771356284618 0.035796020179986954
v 0.00644603231921792 0.011679771356284618 0.03777899593114853
v 0.006500652525573969 0.011679771356284618 0.037681885063648224
v 0.006365107372403145 0.011679771356284618 0.03785209357738495
v 0.00621558353304863 0.011679771356284618 0.037918541580438614
v -0.005426534917205572 0.011633364483714104 0.037967804819345474
v -0.005246304906904697 0.011491921730339527 0.03803692385554314
v -0.005221139173954725 0.011457521468400955 0.03501243144273758
v -0.005220624152570963 0.011456748470664024 0.038054391741752625
v -0.005139978602528572 0.011235225014388561 0.03505001217126846
v -0.005143722053617239 0.011262096464633942 0.03815295919775963
v -0.005139748565852642 0.01123308576643467 0.038167938590049744
v -0.00540118059143424 0.011620721779763699 0.034920964390039444
v -0.005636895541101694 0.01167976949363947 0.03478303551673889
v -0.005636895541101694 0.011679770424962044 0.03794550523161888
v -0.006243740674108267 0.011679770424962044 0.03791002556681633
v -0.006002410314977169 0.01167976949363947 0.03794550150632858
v -0.006519240327179432 0.011679770424962044 0.03757218271493912
v -0.006523418705910444 0.011679770424962044 0.035796020179986954
v -0.0065306611359119415 0.011679770424962044 0.034012239426374435
v -0.006508088205009699 0.01167976949363947 0.03765782713890076
v -0.006456176750361919 0.01167976949363947 0.037765879184007645
v -0.006370170973241329 0.011679770424962044 0.03784864768385887
v -0.005936978850513697 0.010356670245528221 0.034573592245578766
v -0.006371204741299152 0.009731129743158817 0.034186653792858124
v -0.0063630035147070885 0.011050619184970856 0.03419508412480354
v -0.007207075599581003 0.009729062207043171 0.032904189079999924
v -0.006872968282550573 0.010313928127288818 0.03355179727077484
v -0.006445731967687607 0.010934445075690746 0.03410770744085312
v -0.006946265697479248 0.008603026159107685 0.0334322415292263
v -0.007207077462226152 0.00860302709043026 0.03290419280529022
v -0.006887477356940508 0.008743241429328918 0.03352886438369751
v -0.006825565360486507 0.008882890455424786 0.03362441435456276
v -0.006186520680785179 0.01135954912751913 0.0343652069568634
v -0.00750000262632966 0.00860302709043026 0.03140166401863098
v -0.007500003091990948 0.009104937314987183 0.03140166029334068
v -0.007478007581084967 0.009156737476587296 0.031820572912693024
v -0.0074167633429169655 0.009296183474361897 0.03221344202756882
v -0.006272053346037865 0.012825550511479378 0.004990230780094862
v -0.00698250625282526 0.012226741760969162 0.005021082703024149
v -0.006962246261537075 0.012145363725721836 0.008478078059852123
v -0.005487330723553896 0.013170829974114895 0.010172714479267597
v -0.0037868863437324762 0.01395303476601839 0.010380160063505173
v -0.003788140369579196 0.01412143837660551 0.004948622081428766
v -0.0023353896103799343 0.01435205340385437 0.010401657782495022
v -0.0019320250721648335 0.014426196925342083 0.010401660576462746
v -0.0019311814103275537 0.014582143165171146 0.004946365021169186
v 0.0062555246986448765 0.012659329921007156 0.010076056234538555
v 0.0065869842655956745 0.011619174852967262 0.037600185722112656
v 0.006840827874839306 0.011378671042621136 0.037713777273893356
v 0.006902995985001326 0.011472418904304504 0.022214602679014206
v 0.0057378350757062435 0.013784108683466911 -0.0029015508480370045
v 0.005507301539182663 0.013921118341386318 -0.002899422077462077
v 0.005512670613825321 0.0135150495916605 -0.0010373775148764253
v -0.0012177079916000366 0.015236874110996723 -0.002882489003241062
v -0.00192899105604738 0.015147937461733818 -0.002883275505155325
v -0.0019317044643685222 0.014745325781404972 -0.0010285970056429505
v -0.0029990370385348797 0.014928584918379784 -0.002885587513446808
v -0.0037880162708461285 0.014693777076900005 -0.0028884317725896835
v -0.003792800009250641 0.014287823811173439 -0.0010249766055494547
v -0.007019661832600832 0.01271846517920494 -0.0025361853186041117
v -0.007020726799964905 0.012418593280017376 -0.001080900663509965
v -0.005512675270438194 0.013515048660337925 -0.001037381705828011
v -0.006907026283442974 0.011477414518594742 0.021691296249628067
v -0.006840833928436041 0.011378669179975986 0.03771377354860306
v -0.00668254354968667 0.011531226336956024 0.037641264498233795
v -0.007018498610705137 0.012818269431591034 -0.0029176881071180105
v -0.006028859876096249 0.01359717920422554 -0.0029045308474451303
v -0.005507447756826878 0.013921043835580349 -0.002899417420849204
v -0.004618425387889147 0.014370261691510677 -0.002892782213166356
v 3.6448632556584926e-08 0.01529381051659584 -0.00288207596167922
v -5.3758673068671214e-09 0.014895959757268429 -0.0010331593221053481
v 0.0008411226444877684 0.015266913920640945 -0.002882259665057063
v 0.0019316994585096836 0.014745325781404972 -0.0010285935131832957
v 0.004296062979847193 0.014505858533084393 -0.0028909076936542988
v 0.0037879631854593754 0.014693771488964558 -0.002888432703912258
v 0.0037927930243313313 0.014287825673818588 -0.0010249753249809146
v 0.0026511000469326973 0.015011797659099102 -0.0028846613131463528
v 0.0019289820920675993 0.015147924423217773 -0.002883282257243991
v 0.006942376960068941 0.011663303710520267 0.01543673500418663
v 0.006692512426525354 0.011830378323793411 0.016542181372642517
v 0.006920601241290569 0.011504082940518856 0.01976686529815197
v 0.006648121401667595 0.011789072304964066 0.0184660442173481
v 0.006579085718840361 0.011724832467734814 0.025214748457074165
v 0.005487324204295874 0.01317083090543747 0.010172718204557896
v 0.0037868788931518793 0.01395303476601839 0.010380163788795471
v -3.010286464544265e-09 0.014733241870999336 0.004948627203702927
v 0.0008204926270991564 0.014555403031408787 0.010401660576462746
v 0.0019311762880533934 0.014582144096493721 0.004946358967572451
v 0.002005494199693203 0.014413808472454548 0.010401659645140171
v 0.003788137575611472 0.01412143837660551 0.004948624409735203
v 0.0031562780495733023 0.014152789488434792 0.010401658713817596
v -0.001125032315030694 0.01453064102679491 0.01040166150778532
v -0.0003932479303330183 0.014576968736946583 0.010401657782495022
v 3.3545479727337124e-09 0.014583378098905087 0.010401660576462746
v -0.003500002436339855 0.014048728160560131 0.010401656851172447
v -0.005617812275886536 0.013036420568823814 0.011008302681148052
v -0.005016528535634279 0.013400699943304062 0.010700288228690624
v -0.005891020875424147 0.012844858691096306 0.011194947175681591
v -0.0062555293552577496 0.012659328989684582 0.010076060891151428
v -0.006861533038318157 0.01198764517903328 0.01223368663340807
v -0.006418878212571144 0.012418143451213837 0.011666673235595226
v -0.00675363652408123 0.011887246742844582 0.014758671633899212
v -0.006944870110601187 0.011718462221324444 0.014607545919716358
v -0.006941525731235743 0.01164818461984396 0.01568819023668766
v -0.006646694149821997 0.011787738651037216 0.018545059487223625
v -0.006920606829226017 0.011504080146551132 0.019766870886087418
v -0.006576035637408495 0.011721991002559662 0.02563484199345112
v 0.006272046826779842 0.012825552374124527 0.004990227520465851
v 0.007001552265137434 0.012240131385624409 0.002364608459174633
v 0.0069825006648898125 0.012226743623614311 0.0050210836343467236
v 0.006962173152714968 0.012144777923822403 0.008492368273437023
v 0.006753681227564812 0.011887294240295887 0.014757389202713966
v 0.005510278511792421 0.013363149017095566 0.0007343408651649952
v 0.0070113386027514935 0.0122492965310812 0.0010300675639882684
v 0.00549665093421936 0.013340011239051819 0.004969000816345215
v 0.003792742034420371 0.014141731895506382 0.0007191881886683404
v 0.0019321371801197529 0.0146018136292696 0.0007075173780322075
v -3.5054030789183344e-09 0.014753032475709915 0.0007028483087196946
v 0.007018492091447115 0.012818271294236183 -0.0029176895041018724
v 0.007019124925136566 0.012332707643508911 -0.0004205691220704466
v -0.005496656522154808 0.01334000937640667 0.004969003610312939
v -0.003792750183492899 0.014141730032861233 0.0007191900513134897
v -0.0019321448635309935 0.0146018136292696 0.0007075173198245466
v -0.004094204865396023 0.013834754005074501 0.010446040891110897
v -0.004368282854557037 0.013719641603529453 0.010497039183974266
v -0.007020406890660524 0.012390435673296452 -0.0008906848961487412
v -0.007018582429736853 0.012317835353314877 -0.00027089918148703873
v -0.005510283168405294 0.013363148085772991 0.0007343342294916511
v -0.007011458743363619 0.012249632738530636 0.0010134287877008319
v -0.007005672436207533 0.012241463176906109 0.0018140082247555256
v -0.006775212939828634 0.011907326057553291 0.01422487199306488
v 0.006378175225108862 0.011568217538297176 0.03796210139989853
v 0.006786906626075506 0.011398169212043285 0.03785691782832146
v 0.006568490527570248 0.011629784479737282 0.03766268864274025
v 0.0064888326451182365 0.011624090373516083 0.03782843425869942
v 0.006602196488529444 0.011332173831760883 0.0380898080766201
v 0.0067048994824290276 0.011382341384887695 0.03798643872141838
v -0.006186520215123892 0.011359548196196556 0.011438109911978245
v -0.00750000262632966 0.009104937314987183 0.014401661232113838
v -0.007500000763684511 0.008603026159107685 0.01440165750682354
v -0.007477209437638521 0.00915859267115593 0.013975262641906738
v -0.0071955188177526 0.008603026159107685 0.012870925478637218
v -0.006328430026769638 0.009816290810704231 0.011573235504329205
v -0.006865883246064186 0.010325243696570396 0.012240448035299778
v -0.006952730007469654 0.008603026159107685 0.012382087297737598
v -0.007195520214736462 0.009751214645802975 0.012870927341282368
v -0.007413248997181654 0.009303977712988853 0.013573115691542625
v -0.005030735395848751 0.01135442964732647 0.010706142522394657
v -0.005565341096371412 0.010819321498274803 0.010976114310324192
v -0.006033953744918108 0.010245815850794315 0.011306650936603546
v -0.006318461615592241 0.01111952681094408 0.011563303880393505
v -0.006445729173719883 0.010934444144368172 0.011695611290633678
v -0.004644233267754316 0.011681072413921356 0.010568808764219284
v -0.0040920753963291645 0.012077393010258675 0.010445723310112953
v -0.0035000015050172806 0.012425381690263748 0.010401662439107895
v -0.0072107380256056786 0.009722011163830757 0.03247672691941261
v -0.007207662798464298 0.00972793623805046 0.013321055099368095
v 0.007207426708191633 0.009728382341563702 0.013320636004209518
v 0.007210983894765377 0.00972153339534998 0.032476283609867096
v -0.006949282251298428 0.008603026159107685 0.023624198511242867
v -0.0009975768625736237 0.013225493021309376 0.010401657782495022
v -0.0018028668127954006 0.013072222471237183 0.010401658713817596
v -0.0029221384320408106 0.012699456885457039 0.010401656851172447
v 0.002922138897702098 0.012699456885457039 0.010401656851172447
v 0.0018028600607067347 0.013072222471237183 0.010401659645140171
v 0.000997577328234911 0.01322549395263195 0.010401662439107895
v -3.035645956828148e-09 0.013292134739458561 0.010401660576462746
v -0.006498716305941343 -0.005161554552614689 -0.003511546179652214
v -0.006447956897318363 -0.005244708154350519 -0.003514115931466222
v -0.006681022234261036 -0.00474164355546236 -0.003514113835990429
v -0.006698736920952797 -0.004678793717175722 -0.0034966592211276293
v -0.006766998674720526 -0.00419392017647624 -0.0035141136031597853
v -0.006767557002604008 -0.004160673823207617 -0.0034806840121746063
v -0.0065427497029304504 -0.004662477411329746 0.003807974746450782
v -0.006710238289088011 -0.0042205555364489555 0.003740400541573763
v -0.0066015045158565044 -0.004434512462466955 0.004081966355443001
v -0.006286981515586376 -0.0042700329795479774 0.004860397428274155
v -0.006278341170400381 -0.004475955385714769 0.00476115895435214
v -0.005743542220443487 -0.0044477456249296665 0.005269164219498634
v -0.005501095205545425 -0.004881126806139946 0.005147561430931091
v -0.0060261827893555164 -0.004987154621630907 0.004612225107848644
v -0.005448221229016781 -0.004967301152646542 0.005103892646729946
v -0.00573976943269372 -0.00525459460914135 0.004561434034258127
v -0.005919075571000576 -0.005368408747017384 0.00391591340303421
v -0.006351080257445574 -0.00494548911228776 0.003929397091269493
v -0.006273659411817789 -0.0050522866658866405 0.0038675807882100344
v -0.00664136465638876 -0.004027815535664558 0.0043032607063651085
v -0.006767554674297571 -0.003751958254724741 0.0036687457468360662
v 0.006273659877479076 -0.005052284803241491 0.0038675752002745867
v 0.006351077929139137 -0.004945487715303898 0.0039293947629630566
v 0.006542753428220749 -0.004662476945668459 0.0038079763762652874
v 0.0060261827893555164 -0.004987153224647045 0.004612226039171219
v 0.006557042244821787 -0.00410571601241827 0.004482446238398552
v 0.006767554208636284 -0.0037519566249102354 0.0036687515676021576
v 0.006710239686071873 -0.004220554139465094 0.0037404033355414867
v 0.00596613297238946 -0.004390265792608261 0.005136955063790083
v 0.006286980584263802 -0.00427003251388669 0.004860398359596729
v 0.0062783388420939445 -0.00447595352306962 0.004761158488690853
v 0.0066015045158565044 -0.004434510599821806 0.004081967286765575
v 0.005501095671206713 -0.004881125409156084 0.005147565621882677
v 0.005448220297694206 -0.004967300221323967 0.005103893578052521
v 0.005739766173064709 -0.005254593212157488 0.004561433102935553
v 0.005919072777032852 -0.005368407350033522 0.003915911540389061
v 0.005743545480072498 -0.004447744227945805 0.005269162822514772
v -0.0044822972267866135 -0.0055873580276966095 0.004978894256055355
v -0.0034286142326891422 -0.006088405381888151 0.00487789511680603
v -0.0023179128766059875 -0.006452369038015604 0.004804522264748812
v 0.0044823018833994865 -0.005587353836745024 0.004978894256055355
v 0.0034286167938262224 -0.00608840212225914 0.004877889528870583
v 0.0023179189302027225 -0.00645236624404788 0.00480452086776495
v 0.0011686759535223246 -0.0066731940023601055 0.004760005511343479
v 1.6925677526202776e-09 -0.006747214589267969 0.00474508386105299
v -0.0011686744401231408 -0.00667319493368268 0.004760005045682192
v -0.004722158890217543 -0.005907831713557243 0.00442974828183651
v -0.0036120882723480463 -0.006435691379010677 0.004323338158428669
v -0.002441952470690012 -0.006819131318479776 0.004246039781719446
v -0.0012312117032706738 -0.007051775231957436 0.004199143499135971
v 0.0047221616841852665 -0.0059078289195895195 0.004429752938449383
v 0.003612091299146414 -0.006435689050704241 0.004323338158428669
v 0.002441956428810954 -0.0068191299214959145 0.004246044438332319
v 0.0012312158942222595 -0.007051774766296148 0.004199146293103695
v 2.8177191691014514e-09 -0.0071297562681138515 0.0041834269650280476
v -0.005216402001678944 -0.005839874967932701 0.003820872399955988
v -0.003823141334578395 -0.006546543911099434 0.0036784172989428043
v -0.002333240583539009 -0.007027819752693176 0.0035813970025628805
v -0.0007843549828976393 -0.0072715384885668755 0.00353226438164711
v 0.0007843549246899784 -0.0072715384885668755 0.0035322632174938917
v 0.00521640432998538 -0.005839873105287552 0.003820874262601137
v 0.003823141334578395 -0.006546542514115572 0.003678414272144437
v 0.002333239419385791 -0.007027819752693176 0.0035813990980386734
v -0.006767556071281433 -0.0041204881854355335 8.343752415385097e-05
v -0.006703118793666363 -0.00462188059464097 0.00011101119889644906
v -0.006515401415526867 -0.0050912280566990376 0.0001368143712170422
v -0.00621521333232522 -0.005498162005096674 0.00015917705604806542
v -0.006118215620517731 -0.00563479820266366 -0.0035141143016517162
v -0.005764990579336882 -0.00589399179443717 -0.003514115000143647
v -0.0058226874098181725 -0.005817465949803591 0.0001766879140632227
v -0.006767554208636284 -0.004127048421651125 -0.003514113137498498
v -0.0067674159072339535 -0.004160485230386257 -0.0035141166299581528
v 0.0058203148655593395 -0.001412790734320879 0.006448438856750727
v 0.006767553742974997 -0.0005472417687997222 0.004952349700033665
v 0.0063440315425395966 0.000315038429107517 0.006525638047605753
v 0.006657005753368139 0.0004795656423084438 0.0059695118106901646
v 0.006325019057840109 -0.0012601861963048577 0.006029034499078989
v 0.006651787552982569 -0.0010585773270577192 0.005474949721246958
v 0.005858937744051218 0.00018868406186811626 0.006952969823032618
v 0.006767553742974997 -0.003288830863311887 0.003868700936436653
v 0.006767554674297571 -0.003409110940992832 0.0038169086910784245
v 0.0067675551399588585 -0.0035806377418339252 0.0037430564407259226
v 0.010102834552526474 0.004152394365519285 0.00021054815442766994
v 0.010110928677022457 0.0038260607980191708 0.00038397873868234456
v 0.010008879005908966 0.00377008062787354 0.0002712459536269307
v 0.00967769231647253 0.003710151184350252 0.00016054643492680043
v 0.009668009355664253 0.004009808413684368 -7.682198770453397e-07
v 0.009843721054494381 0.004031156189739704 2.4448841941193677e-05
v 0.009852346032857895 0.003727067494764924 0.0001881396456155926
v 0.01000090129673481 0.004084074404090643 0.00010312008089385927
v 0.010124577209353447 0.004504456650465727 6.478322029579431e-05
v 0.0100190918892622 0.004397829994559288 -7.179866952355951e-05
v 0.009853181429207325 0.0043230215087533 -0.00016174875781871378
v 0.009654691442847252 0.004292323719710112 -0.00019034728757105768
v 0.010161829181015491 0.0042420937679708 0.0003559356555342674
v 0.010153291746973991 0.004625255241990089 0.00022530277783516794
v 0.010167119093239307 0.0042940364219248295 0.0004418037715367973
v 0.010145423002541065 0.0038584540598094463 0.00045032225898467004
v 0.010170932859182358 0.0038999817334115505 0.0005362122901715338
v 0.010177180171012878 0.003942997194826603 0.0006260900991037488
v -0.010102862492203712 0.0041524190455675125 0.0002105916355503723
v -0.010091450996696949 0.004459861665964127 6.964166914258385e-06
v -0.00998962763696909 0.004379709251224995 -9.42661426961422e-05
v -0.009843714535236359 0.004031152930110693 2.4445971575914882e-05
v -0.009831677190959454 0.004317512735724449 -0.00016777985729277134
v -0.010000886395573616 0.004084066487848759 0.0001031139909173362
v -0.010145660489797592 0.0038584202993661165 0.0004502453375607729
v -0.010038251988589764 0.0037826981861144304 0.0002963762090075761
v -0.009871373884379864 0.0037304020952433348 0.0001942767557920888
v -0.010161841288208961 0.004242128226906061 0.00035600332194007933
v -0.010177184827625751 0.003942994400858879 0.0006260911468416452
v -0.010167122818529606 0.004294033162295818 0.0004418089520186186
v -0.010124323889613152 0.00450449762865901 6.485514313681051e-05
v -0.01014918927103281 0.004564756993204355 0.00014425726840272546
v -0.010153294540941715 0.004625252913683653 0.00022530017304234207
v -0.010143407620489597 0.002854369580745697 0.0007629157043993473
v -0.009869437664747238 0.002810914535075426 0.0004849601536989212
v -0.009387532249093056 -0.001081109861843288 -0.0016544446116313338
v -0.00932336039841175 -0.001320657436735928 -0.002570715034380555
v -0.009495025500655174 -0.0006046844646334648 -0.000835033948533237
v -0.009621686302125454 7.467442628694698e-05 -0.00016818175208754838
v -0.009739650413393974 0.0009108936646953225 0.0002970426867250353
v -0.009825845248997211 0.001846709637902677 0.0005205863853916526
v -0.00976727157831192 -0.0008838996873237193 -0.0006583555368706584
v -0.00991350319236517 -0.0002612718380987644 0.00022493409051094204
v -0.009894486516714096 -0.00013678474351763725 6.0781978390878066e-05
v -0.010040475986897945 0.0007054756279103458 0.0007459716871380806
v -0.010012906044721603 0.0007793820113874972 0.0005614263936877251
v -0.010132024064660072 0.001781034399755299 0.0009944569319486618
v -0.010099474340677261 0.0018018935807049274 0.000801484624389559
v -0.010177229531109333 0.0028870829846709967 0.0009529690141789615
v -0.009657386690378189 -0.001613776432350278 -0.0014592173974961042
v -0.009716001339256763 -0.0013452355051413178 -0.0009379929979331791
v -0.009775664657354355 -0.0010531701846048236 -0.000527301337569952
v -0.00955766998231411 -0.0015647831605747342 -0.003514113835990429
v -0.0095894243568182 -0.0016739522106945515 -0.0035141115076839924
v -0.009594552218914032 -0.0016767466440796852 -0.0025363429449498653
v -0.009596227668225765 -0.0017315081786364317 -0.0035141147673130035
v -0.009659204632043839 -0.0014101618435233831 -0.0015440452843904495
v -0.009585550986230373 -0.0018997712759301066 -0.0025087192188948393
v -0.009578087367117405 -0.0019018998136743903 -0.003514111042022705
v -0.009501609019935131 -0.0014670859090983868 -0.0025588152930140495
v -0.009497880935668945 -0.001459716004319489 -0.003514116397127509
v -0.009319782257080078 -0.001310583669692278 -0.003514110343530774
v -0.00933170784264803 -0.0013167096767574549 -0.0035141154658049345
v -0.009463520720601082 -0.0014184045139700174 -0.0035141168627887964
v -0.01003540400415659 0.0028272229246795177 0.0005963218281976879
v -0.009992018342018127 0.0018251754809170961 0.0006327202427200973
v -0.00990718137472868 0.0008525160956196487 0.0004011577693745494
v -0.009791677817702293 -1.6636406144243665e-05 -8.011292084120214e-05
v -0.009668134152889252 -0.0007227155729196966 -0.0007691833889111876
v -0.009563661180436611 -0.001217906130477786 -0.0016146550187841058
v -0.005858937744051218 0.00018868374172598124 0.006952965632081032
v -0.006344030611217022 0.00031503758509643376 0.006525637581944466
v -0.006657007150352001 0.0004795647691935301 0.005969509948045015
v -0.006767557002604008 0.0006639384082518518 0.005346573423594236
v -0.005820312537252903 -0.0014127909671515226 0.0064484355971217155
v -0.00676755653694272 -0.003409112337976694 0.0038169033359736204
v -0.006325019057840109 -0.0012601865455508232 0.006029033102095127
v -0.006651789415627718 -0.0010585773270577192 0.005474942270666361
v -0.00676755653694272 -0.0008314799633808434 0.004850887693464756
v 0.008448735810816288 0.0046411603689193726 0.00015001615975052118
v 0.008476613089442253 0.0048729367554187775 2.8447202566894703e-05
v 0.008509130217134953 0.004752553999423981 -0.00013009959366172552
v 0.008492011576890945 0.004525091499090195 5.2827767831331585e-06
v 0.008616341277956963 0.004645719192922115 -0.00026297118165530264
v 0.008599759079515934 0.004418579861521721 -0.0001098301654565148
v 0.008782627992331982 0.0045701670460402966 -0.0003479058213997632
v 0.008757767267525196 0.004337325692176819 -0.0001779207814252004
v 0.008975235745310783 0.004537402186542749 -0.0003726963768713176
v 0.008942464366555214 0.004292323719710112 -0.00019034300930798054
v -0.008476615883409977 0.004872934892773628 2.8445732823456638e-05
v -0.008448737673461437 0.004641158040612936 0.000150011241203174
v -0.00849201437085867 0.004525090102106333 5.284063718136167e-06
v -0.0085091358050704 0.004752552602440119 -0.0001300956791965291
v -0.008599765598773956 0.004418579395860434 -0.000109833650640212
v -0.00861634872853756 0.004645718727260828 -0.00026296795113012195
v -0.008757772855460644 0.004337324295192957 -0.00017792312428355217
v -0.008782634511590004 0.00457016471773386 -0.00034789936034940183
v -0.008975242264568806 0.004537399858236313 -0.0003726953000295907
v -0.0068728262558579445 0.000585334375500679 0.00033987025381065905
v 0.009558332152664661 0.0055031017400324345 -0.0010912275174632668
v 0.009513391181826591 0.005867328029125929 -0.001362231676466763
v 0.009717587381601334 0.0059111230075359344 -0.0013396727154031396
v 0.009939931333065033 0.006703339517116547 -0.001272067311219871
v 0.010006828233599663 0.006244575139135122 -0.0009429685305804014
v 0.00998787209391594 0.006118012126535177 -0.001109675271436572
v 0.010091288946568966 0.00550302816554904 -0.00040928591624833643
v 0.009237866848707199 0.007430799771100283 -0.002525536110624671
v 0.009448622353374958 0.007489568553864956 -0.002509088022634387
v 0.009885856881737709 0.005999918095767498 -0.0012502523604780436
v 0.009715207852423191 0.007725473493337631 -0.002271144650876522
v 0.009720368310809135 0.007857197895646095 -0.0020956385415047407
v 0.009922192431986332 0.006813300773501396 -0.0013508154079318047
v 0.009618911892175674 0.007594568654894829 -0.0024185096845030785
v 0.008970014750957489 0.00593859376385808 -0.0014152595540508628
v 0.008724457584321499 0.007430799771100283 -0.002525538904592395
v 0.008787993341684341 0.0059499116614460945 -0.0013800297165289521
v 0.008627630770206451 0.006002002861350775 -0.00129237852524966
v 0.008517341688275337 0.006088458467274904 -0.0011640512384474277
v 0.008471679873764515 0.006196284666657448 -0.0010141109814867377
v -0.008471684530377388 0.006196282338351011 -0.0010141138918697834
v -0.00849999487400055 0.00551315164193511 2.8443788323784247e-05
v 0.008208179846405983 0.00771113857626915 2.8449569072108716e-05
v 0.008208178915083408 0.007711139041930437 -0.0010141129605472088
v 0.0084260618314147 0.006621702574193478 2.844844311766792e-05
v 0.008459818549454212 0.006328518036752939 -0.001014110748656094
v 0.0084999930113554 0.005513153504580259 2.8449703677324578e-05
v -0.008426066488027573 0.006621700245887041 2.844911432475783e-05
v -0.008459820412099361 0.006328515242785215 -0.0010141105158254504
v -0.008208182640373707 0.007711137179285288 2.8445465432014316e-05
v -0.008208184503018856 0.007711137179285288 -0.0010141171514987946
v -0.008165532723069191 0.007863976992666721 -0.001014110166579485
v -0.007850070483982563 0.008762850426137447 2.8445158022805117e-05
v -0.0075949993915855885 0.009319568052887917 -0.0010141151724383235
v -0.007357840426266193 0.009758870117366314 2.8445423595258035e-05
v -0.007357841823250055 0.009758871048688889 -0.0010141171514987946
v -0.006739906035363674 0.010682182386517525 2.8449680030462332e-05
v -0.006767526734620333 0.010646042414009571 -0.0010141100501641631
v -0.0060068280436098576 0.011517012491822243 2.8448794182622805e-05
v -0.0060068294405937195 0.011517011560499668 -0.0010141137754544616
v -0.0057111033238470554 0.011798527091741562 -0.0010141122620552778
v -0.005171126686036587 0.012249096296727657 2.84490488411393e-05
v -0.004247079603374004 0.012865928933024406 2.8448193916119635e-05
v -0.0044614700600504875 0.012738031335175037 -0.0010141113307327032
v -0.004247081000357866 0.012865928933024406 -0.0010141143575310707
v -0.0032504727132618427 0.013356970623135567 2.8445063435356133e-05
v -0.0030609045643359423 0.01343277283012867 -0.001014110166579485
v -0.0021983354818075895 0.013713832944631577 2.8443597329896875e-05
v -0.0021983354818075895 0.013713832013309002 -0.0010141116799786687
v -0.0011086378945037723 0.013930417597293854 2.8445358111639507e-05
v -0.001556787989102304 0.013859246857464314 -0.001014112145639956
v -3.4677551941086904e-09 0.0140030262991786 2.844946902769152e-05
v -1.2014331751686314e-09 0.0140030262991786 -0.0010141137754544616
v 0.0011086342856287956 0.013930417597293854 2.8444885174394585e-05
v 0.0015567822847515345 0.013859246857464314 -0.00101411622017622
v 0.0021983275655657053 0.013713832944631577 2.844609844032675e-05
v 0.002198329661041498 0.013713832013309002 -0.0010141172679141164
v 0.003250467823818326 0.013356970623135567 2.844534901669249e-05
v 0.0030608978122472763 0.01343277283012867 -0.0010141103994101286
v 0.004247075878083706 0.012865928933024406 2.8449276214814745e-05
v 0.004247074481099844 0.012865929864346981 -0.0010141133097931743
v 0.00446146447211504 0.012738032266497612 -0.0010141102829948068
v 0.005171120632439852 0.012249098159372807 2.8444725103327073e-05
v 0.005711096804589033 0.011798528954386711 -0.0010141143575310707
v 0.006006824318319559 0.011517013423144817 2.844749360519927e-05
v 0.006006822921335697 0.011517014354467392 -0.0010141150560230017
v 0.006739902775734663 0.010682185180485249 2.844630944309756e-05
v 0.006767520681023598 0.01064604427665472 -0.0010141149396076798
v 0.00735783576965332 0.009758871980011463 2.8443582777981646e-05
v 0.00735783576965332 0.009758871980011463 -0.0010141116799786687
v 0.00785006396472454 0.008762852288782597 2.844827395165339e-05
v 0.007594996597617865 0.009319569915533066 -0.0010141116799786687
v 0.008165528066456318 0.007863979786634445 -0.0010141149396076798
v 0.005704808514565229 0.011739068664610386 0.0003351324994582683
v 0.0056789410300552845 0.011774622835218906 0.00030619752942584455
v 0.005541104823350906 0.01192889641970396 0.00020085126743651927
v -0.005348981823772192 0.01209740899503231 0.00016213471826631576
v -0.004113685339689255 0.012931019067764282 0.00016213537310250103
v -0.003144146641716361 0.013390474021434784 0.0001621339179109782
v -0.002124408259987831 0.01372399739921093 0.00016213691560551524
v -0.0010707518085837364 0.013926266692578793 0.00016213477647397667
v -1.6532942792579775e-09 0.013994050212204456 0.00016213301569223404
v 0.0010707490146160126 0.013926265761256218 0.00016213532944675535
v 0.002124407794326544 0.01372399739921093 0.000162137919687666
v 0.003144145244732499 0.01339047309011221 0.00016213799244724214
v 0.004113682080060244 0.012931019067764282 0.00016213362687267363
v 0.005348979961127043 0.012097408063709736 0.0001621372502995655
v -0.005522789899259806 0.011946406215429306 0.00019303555018268526
v -0.005705338437110186 0.011738330125808716 0.00033572662505321205
v -0.005679379217326641 0.01177417766302824 0.00030619450262747705
v -0.006488854996860027 0.011624070815742016 0.037828437983989716
v -0.006568512413650751 0.01162976399064064 0.03766269609332085
v -0.006682540290057659 0.0115312235429883 0.037641264498233795
v -0.006621888838708401 0.011343569494783878 0.03807343915104866
v -0.006488734856247902 0.011252868920564651 0.038157716393470764
v -0.006378196179866791 0.01156819611787796 0.03796212002635002
v -0.006251633167266846 0.011470730416476727 0.0380474328994751
v -0.00673817191272974 0.01139229815453291 0.037940751761198044
v -0.006786893587559462 0.011398143135011196 0.03785690292716026
v -0.0068215858191251755 0.011391343548893929 0.037775952368974686
v 0.0057289921678602695 0.011337915435433388 0.0029908374417573214
v 0.00537746911868453 0.012027152813971043 0.002680206438526511
v 0.005545100197196007 0.01180307473987341 0.0026006100233644247
v 0.005531818140298128 0.011803037486970425 0.0028241362888365984
v 0.005042920354753733 0.0123448446393013 0.002504976699128747
v 0.00535463634878397 0.012104379944503307 0.0003259944496676326
v 0.005403958261013031 0.012063125148415565 0.00033145633642561734
v -0.005354636814445257 0.012104379944503307 0.00032599331461824477
v -0.004118034616112709 0.012938871048390865 0.0003259911900386214
v -0.0031474733259528875 0.013398813083767891 0.00032598921097815037
v -0.0021266567055135965 0.013732688501477242 0.00032599104451946914
v -0.0010718865087255836 0.013935171067714691 0.0003259903169237077
v -1.7807834096217334e-09 0.0140030262991786 0.00032599535188637674
v 0.0010718806879594922 0.013935171067714691 0.00032599136466160417
v 0.0021266532130539417 0.013732688501477242 0.000325992819853127
v 0.003147467039525509 0.013398812152445316 0.0003259935474488884
v 0.0041180322878062725 0.01293887197971344 0.00032599392579868436
v -0.005620540585368872 0.011845382861793041 0.0003205255779903382
v -0.0056642331182956696 0.011479176580905914 0.0031993223819881678
v -0.005625024437904358 0.011437533423304558 0.003862283658236265
v -0.005583126563578844 0.011417357251048088 0.004413193091750145
v -0.00527880759909749 0.012048894539475441 0.004399427678436041
v -0.004667961038649082 0.012619642540812492 0.0043736896477639675
v -0.0036825360730290413 0.013163840398192406 0.004319863859564066
v -0.0037768809124827385 0.01311782281845808 0.004475070163607597
v -0.004044261761009693 0.012979257851839066 0.004732033237814903
v -0.0043502431362867355 0.012805457226932049 0.004873740952461958
v -0.004683340433984995 0.012611151672899723 0.003821802558377385
v -0.0035830815322697163 0.013210833072662354 0.003597838804125786
v -0.0035715149715542793 0.013216170482337475 0.003964579664170742
v -0.0037111761048436165 0.013150104321539402 0.0032555158250033855
v -0.003934778273105621 0.013037560507655144 0.0029792163986712694
v -0.004215560387820005 0.012884031981229782 0.0028074681758880615
v -0.004634263459593058 0.012628600932657719 0.0027204395737499
v -0.005004830192774534 0.012373430654406548 0.0027738024946302176
v -0.005307705141603947 0.012055017054080963 0.0038480455987155437
v -0.0052360109984874725 0.012173852883279324 0.0028817174024879932
v -0.005644947290420532 0.011538749560713768 0.0031468968372792006
v -0.005526575725525618 0.011802967637777328 0.0029093220364302397
v -0.005513393320143223 0.011803029105067253 0.0031258927192538977
v -0.005489119328558445 0.011845179833471775 0.003096954431384802
v 0.003642984200268984 0.01318276021629572 0.003813945222645998
v 0.003616341156885028 0.013195360079407692 0.0034382434096187353
v 0.004050401970744133 0.012979929335415363 0.0035308836959302425
v 0.005454079248011112 0.011861658655107021 0.003587306709960103
v 0.004933592397719622 0.012426306493580341 0.003566311439499259
v 0.004968194290995598 0.012399905361235142 0.0024839697871357203
v 0.004570387303829193 0.01266972441226244 0.002463847864419222
v 0.004232526756823063 0.012880966067314148 0.0035381638444960117
v 0.004228713922202587 0.01287649292498827 0.0025577556807547808
v 0.00394021812826395 0.013034606352448463 0.0027547411154955626
v 0.0037191850133240223 0.01314613875001669 0.003068906720727682
v 0.004217405337840319 0.01288614422082901 0.004075797274708748
v 0.004041923210024834 0.012980521656572819 0.0044299885630607605
v 0.0040356433019042015 0.012985475361347198 0.0040685273706912994
v 0.003796015167608857 0.013108299113810062 0.004166848491877317
v 0.004903510678559542 0.012436392717063427 0.004633935168385506
v 0.004783373326063156 0.012528233230113983 0.004649749491363764
v 0.00491692777723074 0.012430968694388866 0.004103838000446558
v 0.004736308008432388 0.012561061419546604 0.004652109462767839
v 0.0043506380170583725 0.012805215083062649 0.0045931050553917885
v 0.005119536072015762 0.01223154179751873 0.004570090211927891
v 0.005423037335276604 0.011851423420011997 0.00412428705021739
v 0.005430392920970917 0.011803044937551022 0.004381618928164244
v 0.005523402709513903 0.01158889289945364 0.004437727387994528
v 0.00541601050645113 0.011803039349615574 0.004585502669215202
v 0.0032989659812301397 0.012769113294780254 0.009827964007854462
v 0.0032900425139814615 0.012749463319778442 0.0098419189453125
v 0.003041514428332448 0.01285723689943552 0.009841918013989925
v 0.0032860380597412586 0.012740641832351685 0.009845930151641369
v -0.0032860971987247467 0.012740762904286385 0.009845881722867489
v -0.0032900464721024036 0.012749463319778442 0.009841915220022202
v -0.00304038031026721 0.012857708148658276 0.009841916151344776
v -0.0020559844560921192 0.013191210106015205 0.009841913357377052
v -0.0010365237249061465 0.013393580913543701 0.009841915220022202
v 6.128280460870883e-07 0.013461370952427387 0.009841916151344776
v 0.0010377435246482491 0.013393420726060867 0.009841914288699627
v 0.0020571707282215357 0.013190892525017262 0.009841916151344776
v 0.0033130196388810873 0.012800074182450771 0.009768098592758179
v 0.003306120401248336 0.012784876860678196 0.00980896595865488
v 0.003062756732106209 0.012908600270748138 0.009768103249371052
v 0.003056375775486231 0.01289317850023508 0.009808969683945179
v 0.0020715396385639906 0.013244585134088993 0.009768099524080753
v 0.0020672238897532225 0.01322846207767725 0.009808970615267754
v 0.0010449924739077687 0.013448528945446014 0.009768103249371052
v 0.0010428150417283177 0.013431981205940247 0.00980896595865488
v 6.182431775414443e-07 0.013516953215003014 0.009768098592758179
v 6.154878633424232e-07 0.013500263914465904 0.00980896595865488
v -0.0010437630116939545 0.013448690064251423 0.009768099524080753
v -0.0010415918659418821 0.013432142324745655 0.009808968752622604
v -0.0020703463815152645 0.01324490550905466 0.009768101386725903
v -0.0020660338923335075 0.013228782452642918 0.009808966889977455
v -0.0030616135336458683 0.012909075245261192 0.009768099524080753
v -0.0030552376993000507 0.012893651612102985 0.00980896595865488
v -0.0033130240626633167 0.012800074182450771 0.009768100455403328
v -0.0033061252906918526 0.012784876860678196 0.009808969683945179
v 0.003876039059832692 0.012470030225813389 0.009753710590302944
v 0.003882786026224494 0.01252908818423748 0.009683072566986084
v 0.00388577813282609 0.012516590766608715 0.009711061604321003
v 0.0038835497107356787 0.012496039271354675 0.00973599310964346
v 0.0044154999777674675 0.012206345796585083 0.00948820449411869
v 0.004417322110384703 0.01223019603639841 0.009473081678152084
v 0.004413920920342207 0.012250147759914398 0.009453307837247849
v 0.004405982326716185 0.012264162302017212 0.009431382641196251
v 0.004737525712698698 0.012000981718301773 0.00920992624014616
v 0.00498022697865963 0.011765113100409508 0.008890103548765182
v 0.0047393059358000755 0.012019027024507523 0.009197873063385487
v 0.004981480538845062 0.011777578853070736 0.008881554938852787
v 0.005151006858795881 0.011516734026372433 0.008533216081559658
v 0.0052458494901657104 0.011233285069465637 0.008175017312169075
v 0.005178649909794331 0.011467383243143559 0.008443264290690422
v 0.005246123764663935 0.01123602781444788 0.008172106929123402
v 0.004737316630780697 0.012035424821078777 0.009183675982058048
v 0.004793188069015741 0.011996111832559109 0.009103572927415371
v 0.00497786607593298 0.011800386942923069 0.00886229332536459
v 0.005150192882865667 0.011530308052897453 0.008522911928594112
v 0.004699737299233675 0.01254541240632534 0.006976415403187275
v 0.004437075927853584 0.012747017666697502 0.006851299200206995
v 0.004439748823642731 0.012751379981637001 0.006727518979460001
v 0.0052400375716388226 0.01158108003437519 0.007709498051553965
v 0.005181977525353432 0.011617903597652912 0.008120828308165073
v 0.005040936172008514 0.011921992525458336 0.00815045926719904
v 0.004835672210901976 0.012188002467155457 0.008168929256498814
v 0.004585716873407364 0.012400339357554913 0.008155963383615017
v 0.004553469829261303 0.012631912715733051 0.0070975106209516525
v 0.0045020245015621185 0.012682139873504639 0.007007929962128401
v 0.004453045316040516 0.012718603014945984 0.006977395620197058
v 0.004429086577147245 0.012733976356685162 0.006974115036427975
v 0.004822310525923967 0.012411643750965595 0.007143328431993723
v 0.0049483273178339005 0.01221521757543087 0.007480299100279808
v 0.004586150869727135 0.012585852295160294 0.007223883178085089
v 0.004613032098859549 0.01248130202293396 0.007660519797354937
v 0.004722271580249071 0.012540393508970737 0.00680727232247591
v 0.005181755870580673 0.011839660815894604 0.007405510172247887
v 0.005080095492303371 0.012034974060952663 0.007444408722221851
v 0.005135492887347937 0.011965847574174404 0.007271008566021919
v 0.005095928907394409 0.012052040547132492 0.00718514621257782
v 0.004946412518620491 0.012294581159949303 0.006971768103539944
v 0.004509721416980028 0.012567393481731415 0.0075650401413440704
v 0.004108142573386431 0.012921017594635487 0.006974114570766687
v -0.0031399151775985956 0.013379853218793869 0.006974118296056986
v -0.003938388545066118 0.012501618824899197 0.009664754383265972
v -0.004405984655022621 0.012264163233339787 0.009431382641196251
v -0.004479876719415188 0.012301980517804623 0.008998601697385311
v -0.0038472660817205906 0.012546714395284653 0.009693183936178684
v -0.003887694561854005 0.012526766397058964 0.009681155905127525
v -0.0045839897356927395 0.012397623620927334 0.008175280876457691
v -0.0046120015904307365 0.012469911016523838 0.007720946334302425
v -0.004609616007655859 0.012525839731097221 0.007448642980307341
v -0.00456280168145895 0.012620544992387295 0.007124785799533129
v -0.004520427901297808 0.012630448676645756 0.007211382035166025
v -0.004524593241512775 0.012662121094763279 0.00703743752092123
v -0.004429090768098831 0.012733976356685162 0.006974117364734411
v -0.004474284593015909 0.012703747488558292 0.006986106745898724
v -0.002121548866853118 0.01371292769908905 0.006974117364734411
v -0.0010693126823753119 0.013914925046265125 0.006974114570766687
v -2.2566497559495247e-09 0.013982616364955902 0.0069741178303956985
v 0.001069308491423726 0.01391492411494255 0.006974112242460251
v 0.0021215465385466814 0.013712928630411625 0.006974112708121538
v 0.003139912150800228 0.013379853218793869 0.0069741178303956985
v -0.004415522795170546 0.012206444516777992 0.009488160721957684
v -0.0038882314693182707 0.012515607289969921 0.009709937497973442
v -0.0038785887882113457 0.012468969449400902 0.009752826765179634
v -0.0038860714994370937 0.012495048344135284 0.00973499659448862
v -0.004417319316416979 0.012230372987687588 0.009472943842411041
v -0.00441385293379426 0.012250351719558239 0.009453053586184978
v -0.005150715820491314 0.011517323553562164 0.008534007705748081
v -0.005245853215456009 0.011233286000788212 0.008175013586878777
v -0.004736428149044514 0.012001503258943558 0.009210639633238316
v -0.004717547912150621 0.012060360983014107 0.009182141162455082
v -0.004736213479191065 0.012035970576107502 0.009184369817376137
v -0.004981361795216799 0.011788615956902504 0.008871085941791534
v -0.005042911972850561 0.011713272891938686 0.008753524161875248
v -0.0049821664579212666 0.011776743456721306 0.008880449458956718
v -0.004738227464258671 0.012019552290439606 0.00919856783002615
v -0.005143717397004366 0.011543464846909046 0.00853955652564764
v -0.00443708710372448 0.01274703349918127 0.006851071957498789
v -0.003147471696138382 0.013398812152445316 0.0067275166511535645
v 0.00411803275346756 0.01293887197971344 0.006727513857185841
v 0.0031474672723561525 0.013398812152445316 0.006727513391524553
v 0.0021266499534249306 0.013732689432799816 0.006727513391524553
v 0.0010718823177739978 0.013935170136392117 0.006727518513798714
v -1.6002866809472494e-09 0.0140030262991786 0.0067275152541697025
v -0.001071884878911078 0.013935170136392117 0.006727517582476139
v -0.002126655075699091 0.013732688501477242 0.006727518513798714
v -0.005080748815089464 0.01203392818570137 0.007444201968610287
v -0.004700011573731899 0.012545211240649223 0.006976228207349777
v -0.004822714254260063 0.012411278672516346 0.007143168710172176
v -0.005041584372520447 0.011920928955078125 0.00815036240965128
v -0.004836104344576597 0.012187560088932514 0.008168898522853851
v -0.00494886701926589 0.01221458800137043 0.007480174768716097
v -0.004524596501141787 0.012662123888731003 0.007037438452243805
v -0.004562804941087961 0.012620548717677593 0.007124786730855703
v -0.005182561464607716 0.011616160161793232 0.008120635524392128
v 0.0085918502882123 0.010596484877169132 -0.0033450257033109665
v 0.008681651204824448 0.010646028444170952 -0.0031616673804819584
v 0.00898094940930605 0.009754178114235401 -0.0032891160808503628
v 0.009073049761354923 0.009824374690651894 -0.0031073864083737135
v 0.009190389886498451 0.009189466945827007 -0.003169769886881113
v 0.009459558874368668 0.008732707239687443 -0.002814468927681446
v 0.00936517771333456 0.008631778880953789 -0.0029842350631952286
v 0.008698252029716969 0.010655188001692295 -0.0029523291159421206
v 0.009281780570745468 0.009363571181893349 -0.002791611012071371
v 0.009465263225138187 0.008819455280900002 -0.002613804070279002
v 0.009640345349907875 0.00819446798413992 -0.002312467200681567
v 0.009506665170192719 0.008097823709249496 -0.002734430832788348
v 0.008443666622042656 0.010514732450246811 -0.0034698396921157837
v 0.008822973817586899 0.00966651737689972 -0.0034072555135935545
v 0.009027677588164806 0.00909771304577589 -0.0032823290675878525
v 0.009198922663927078 0.008535763248801231 -0.0030902966391295195
v 0.009337943978607655 0.007997408509254456 -0.0028331803623586893
v 0.008263814263045788 0.010415509343147278 -0.003514113137498498
v 0.008476752787828445 0.009953943081200123 -0.0034912568517029285
v 0.008880531415343285 0.008848573081195354 -0.0032565840519964695
v 0.008941107429564 0.008647115901112556 -0.0031855341512709856
v 0.009129087440669537 0.007932335138320923 -0.0028518724720925093
v 0.007555476389825344 0.011500430293381214 -0.003514116397127509
v 0.0077214231714606285 0.011628047563135624 -0.0034680257085710764
v 0.007946770638227463 0.011801269836723804 -0.0029349771793931723
v 0.007024726364761591 0.012824995443224907 -0.0030273774173110723
v 0.007936612702906132 0.011793491430580616 -0.0031490607652813196
v 0.007014530710875988 0.012813999317586422 -0.003136412939056754
v 0.007856951095163822 0.011732262559235096 -0.0033384060952812433
v 0.006947445683181286 0.01274164393544197 -0.00333170173689723
v 0.006830125115811825 0.012615111656486988 -0.0034662268590182066
v 0.0066849226132035255 0.012458502314984798 -0.0035141147673130035
v 0.005744576454162598 0.013795055449008942 -0.0030129326041787863
v -0.0030031080823391676 0.014944618567824364 -0.002998539712280035
v 0.0026322745252400637 0.014927664771676064 -0.0033184336498379707
v 0.0025940865743905306 0.014756412245333195 -0.0034625499974936247
v 0.0008236796711571515 0.015007222071290016 -0.0034622792154550552
v -0.006684927269816399 0.01245850045233965 -0.0035141126718372107
v -0.006829980760812759 0.012614945881068707 -0.003466167254373431
v -0.00575535511597991 0.013193306513130665 -0.0035141112748533487
v -0.0058768014423549175 0.013372739776968956 -0.0034648028668016195
v -0.004421783145517111 0.013927176594734192 -0.0035141115076839924
v -0.0028789197094738483 0.014460657723248005 -0.00351411453448236
v -0.004510627593845129 0.014127600938081741 -0.0034634850453585386
v 0.0008087930618785322 0.01478603482246399 -0.00351411453448236
v -0.0011707295197993517 0.014757022261619568 -0.0035141129046678543
v -0.001192349474877119 0.014977646060287952 -0.0034623059909790754
v 0.0025459546595811844 0.014540477655827999 -0.003514113835990429
v 0.004115645308047533 0.014056447893381119 -0.00351411453448236
v 0.005480987019836903 0.013370301574468613 -0.0035141147673130035
v 0.004197383765131235 0.01426033116877079 -0.0034632657188922167
v 0.00426247576251626 0.014422601088881493 -0.0033209952525794506
v 0.004297748673707247 0.014510437846183777 -0.0031163457315415144
v -0.005974224768579006 0.013516637496650219 -0.003326502861455083
v -0.006947373040020466 0.012741557322442532 -0.0033316684421151876
v -0.007014152128249407 0.012813582085072994 -0.0031363475136458874
v -0.00458145048469305 0.01428728736937046 -0.00332175986841321
v -0.0029773851856589317 0.014844585210084915 -0.003318812232464552
v -0.003000718541443348 0.014935474842786789 -0.0031122989021241665
v -0.0012185462983325124 0.015245255082845688 -0.0031099470797926188
v 0.005595543421804905 0.013554982841014862 -0.0034644706174731255
v 0.005687288008630276 0.013702846132218838 -0.0033253065776079893
v 0.005738077685236931 0.013784683309495449 -0.003124367678537965
v -0.004619969986379147 0.014374073594808578 -0.0031177629716694355
v -0.004624388180673122 0.014383857138454914 -0.00300504919141531
v 0.002652673050761223 0.015019113197922707 -0.0031116006430238485
v 0.0026547214947640896 0.015028167515993118 -0.0029977085068821907
v 0.0043016886338591576 0.014520063996315002 -0.0030033548828214407
v -0.006028476171195507 0.013596760109066963 -0.0031266005244106054
v -0.007024513557553291 0.01282475981861353 -0.0030273664742708206
v -0.0060356599278748035 0.013607289642095566 -0.0030156096909195185
v -0.00293381093069911 0.014674725010991096 -0.003462653374299407
v -0.0012094673002138734 0.015152391977608204 -0.0033175372518599033
v 0.0008417100179940462 0.015275422483682632 -0.0031097624450922012
v 0.0008354642195627093 0.015182389877736568 -0.003317446680739522
v -0.0075554861687123775 0.011500431224703789 -0.003514115931466222
v -0.008263817057013512 0.010415506549179554 -0.0035141122061759233
v -0.008443672209978104 0.010514730587601662 -0.0034698452800512314
v -0.007721432484686375 0.011628048494458199 -0.0034680247772485018
v -0.007856958545744419 0.011732261627912521 -0.003338400274515152
v -0.007936622016131878 0.011793491430580616 -0.003149060532450676
v -0.008591851219534874 0.010596482083201408 -0.0033450257033109665
v -0.008681656792759895 0.010646026581525803 -0.0031616692431271076
v -0.00869825854897499 0.010655185207724571 -0.002952324692159891
v -0.007946779951453209 0.011801270768046379 -0.002934973919764161
v -0.008882075548171997 0.010303007438778877 -0.00294367503374815
v -0.0096189109608531 0.00759456492960453 -0.0024185022339224815
v -0.009715210646390915 0.007725471165031195 -0.0022711458150297403
v -0.009450011886656284 0.008322596549987793 -0.0028490808326750994
v -0.009544952772557735 0.008432377129793167 -0.002684691222384572
v -0.009720372036099434 0.007857195101678371 -0.0020956406369805336
v -0.009397154673933983 0.00903231743723154 -0.002691841684281826
v -0.009187036193907261 0.009538521990180016 -0.0030556456185877323
v -0.009318137541413307 0.00926279928535223 -0.0027639437466859818
v -0.009195690043270588 0.009590446017682552 -0.002845620270818472
v -0.008862925693392754 0.010034321807324886 -0.0033240390475839376
v -0.00909427646547556 0.009460560977458954 -0.0032353177666664124
v -0.009289621375501156 0.008884424343705177 -0.0030770835001021624
v -0.009448624216020107 0.007489565759897232 -0.002509088721126318
v -0.009282225742936134 0.008224081248044968 -0.0029510578606277704
v -0.00912484060972929 0.008790372870862484 -0.0031862142495810986
v -0.00893368199467659 0.009370794519782066 -0.0033506727777421474
v -0.0087078046053648 0.009948641061782837 -0.0034446087665855885
v -0.009237869642674923 0.007430796977132559 -0.002525538206100464
v -0.009164676070213318 0.0077773104421794415 -0.0027603181079030037
v -0.008880524896085262 0.00884860847145319 -0.0032565922010689974
v -0.008804886601865292 0.009084682911634445 -0.003328295424580574
v -0.00851798802614212 0.00985630787909031 -0.003480707062408328
v -0.00998787209391594 0.006118009332567453 -0.0011096717789769173
v -0.010091295465826988 0.005503024905920029 -0.00040928254020400345
v -0.009717589244246483 0.005911120213568211 -0.0013396692229434848
v -0.009513393975794315 0.005867325700819492 -0.0013622342376038432
v -0.009558337740600109 0.005503099877387285 -0.0010912303114309907
v -0.009885860607028008 0.0059999157674610615 -0.0012502495665103197
v -0.009939934127032757 0.00670333718881011 -0.0012720655649900436
v -0.009920119307935238 0.006825908552855253 -0.0013598439982160926
v -0.010006830096244812 0.0062445723451673985 -0.0009429704514332116
v 0.007577850483357906 0.010415508411824703 -0.0035141119733452797
v 0.00796475075185299 0.009666617959737778 -0.003454704536125064
v 0.008285191841423512 0.008899135515093803 -0.0032733092084527016
v 0.008538614958524704 0.008143662475049496 -0.002965169958770275
v 0.007567544002085924 0.009505974128842354 -0.0031510593835264444
v 0.0075222644954919815 0.009509301744401455 -0.0029733062256127596
v 0.007192995399236679 0.010169311426579952 -0.0032159187830984592
v 0.007156858686357737 0.010146194137632847 -0.003029461484402418
v 0.008296194486320019 0.007516054902225733 -0.0022684037685394287
v 0.008239765651524067 0.007606550119817257 -0.002128003630787134
v 0.008119634352624416 0.008152041584253311 -0.0026819168124347925
v 0.00806424766778946 0.008213330991566181 -0.0025264800060540438
v 0.008405225351452827 0.0074518597684800625 -0.0023909721057862043
v 0.008226364850997925 0.008117634803056717 -0.0028173455502837896
v 0.007876587100327015 0.00882444903254509 -0.0029745984356850386
v 0.007824903354048729 0.00885629840195179 -0.002806945238262415
v 0.007284685969352722 0.01022796705365181 -0.003372986800968647
v 0.007419746834784746 0.010314368642866611 -0.0034769615158438683
v 0.007665615063160658 0.00953392218798399 -0.003303270321339369
v 0.007804425898939371 0.009590125642716885 -0.0034087800886482
v 0.008122078143060207 0.008847239427268505 -0.003223361214622855
v 0.007979667745530605 0.008821066468954086 -0.00311974692158401
v 0.008372205309569836 0.008114940486848354 -0.0029155202209949493
v 0.008554301224648952 0.007422465365380049 -0.0024801003746688366
v -0.007577855139970779 0.010415507480502129 -0.0035141129046678543
v -0.006933580618351698 0.011300411075353622 -0.0035141122061759233
v -0.006767559330910444 0.01149475947022438 -0.0035141143016517162
v -0.005702320486307144 0.012528455816209316 -0.0035141173284500837
v -0.0042460463009774685 0.013499653898179531 -0.0035141147673130035
v -0.0026560418773442507 0.014165790751576424 -0.003514111042022705
v -0.0009614112204872072 0.014517294242978096 -0.0035141108091920614
v 0.0003189858398400247 0.014560914598405361 -0.0035141108091920614
v 0.0020370553247630596 0.01433161273598671 -0.003514115698635578
v 0.0036768410354852676 0.01378078293055296 -0.0035141161642968655
v 0.00519782118499279 0.01290919166058302 -0.003514115232974291
v 0.006509388796985149 0.011774388141930103 -0.0035141154658049345
v 0.006767551880329847 0.01149476133286953 -0.0035141166299581528
v -0.008724462240934372 0.007430797442793846 -0.0025255351793020964
v -0.008970019407570362 0.005938591435551643 -0.0014152586227282882
v -0.008538617752492428 0.008143667131662369 -0.002965176710858941
v -0.008285200223326683 0.00889913272112608 -0.003273314330726862
v -0.00796476099640131 0.009666607715189457 -0.003454707097262144
v -0.00823977030813694 0.007606547325849533 -0.0021279999054968357
v 0.006147758103907108 0.011429877951741219 -0.003034561173990369
v 0.006767552345991135 0.01070443820208311 -0.0030316237825900316
v 0.004909053444862366 0.012501913122832775 -0.003039137925952673
v 0.0034725728910416365 0.013325314037501812 -0.0030428562313318253
v 0.001923885429278016 0.013845695182681084 -0.003045284654945135
v 0.0003012628003489226 0.014062325470149517 -0.0030463358853012323
v -0.0009079994633793831 0.01402111817151308 -0.003046156372874975
v -0.0025084835942834616 0.013689039275050163 -0.0030445565935224295
v -0.004010153468698263 0.013059723190963268 -0.0030416108202189207
v -0.005385525058954954 0.012142229825258255 -0.0030375351198017597
v -0.0065483832731842995 0.010982123203575611 -0.0030327236745506525
v -0.006767557002604008 0.010704436339437962 -0.0030316219199448824
v -0.00715686334297061 0.010146192274987698 -0.0030294612515717745
v -0.00752227334305644 0.009509293362498283 -0.002973308553919196
v -0.007824912667274475 0.008856295607984066 -0.0028069517575204372
v -0.008064251393079758 0.008213335648179054 -0.0025264867581427097
v -0.008784814737737179 0.005950498394668102 -0.0013788853539153934
v -0.008625983260571957 0.006002853158861399 -0.001291051972657442
v -0.008516867645084858 0.0060890535824000835 -0.0011632005916908383
v -0.008296197280287743 0.007516053505241871 -0.0022684053983539343
v -0.008405229076743126 0.007451858837157488 -0.002390974434092641
v -0.008554304949939251 0.007422463037073612 -0.002480099443346262
v -0.00766562856733799 0.009533914737403393 -0.0033032658975571394
v -0.007276951801031828 0.010223014280200005 -0.003363828407600522
v -0.007190015632659197 0.010167401283979416 -0.0032077187206596136
v -0.007567554712295532 0.009505965746939182 -0.0031510593835264444
v -0.007876596413552761 0.00882444716989994 -0.0029746072832494974
v -0.00811963714659214 0.00815204530954361 -0.002681923797354102
v -0.007979677058756351 0.008821064606308937 -0.0031197508797049522
v -0.008226370438933372 0.00811763945966959 -0.002817349974066019
v -0.007804438471794128 0.009590116329491138 -0.0034087791573256254
v -0.007440823595970869 0.010327846743166447 -0.003486361587420106
v -0.007309132255613804 0.010243602097034454 -0.0033989211078733206
v -0.008372210897505283 0.008114947006106377 -0.0029155320953577757
v -0.008122089318931103 0.008847236633300781 -0.0032233677338808775
v 0.006392376963049173 0.011662927456200123 -0.003486720146611333
v 0.006279732566326857 0.011555633507668972 -0.0034003809560090303
v 0.005015273112803698 0.012651783414185047 -0.003401688300073147
v 0.00617721164599061 0.011457889340817928 -0.003211290342733264
v -0.006579406559467316 0.011007699184119701 -0.00321000418625772
v -0.005411834456026554 0.012174204923212528 -0.0032133711501955986
v -0.004030201584100723 0.01309705339372158 -0.003216220298781991
v -0.002521236427128315 0.01373021025210619 -0.0032182703725993633
v -0.0009126838413067162 0.014064365066587925 -0.0032193847000598907
v 0.000302776723401621 0.014105813577771187 -0.0032195067033171654
v 0.001933687599375844 0.013887821696698666 -0.0032187749166041613
v 0.0034900582395493984 0.013364266604185104 -0.0032170868944376707
v 0.006252138409763575 0.01152933668345213 -0.0033657015301287174
v 0.00493323989212513 0.012535986490547657 -0.003214491531252861
v 0.004993269685655832 0.012620740570127964 -0.003367384197190404
v 0.0035326527431607246 0.01345929317176342 -0.0033687434624880552
v 0.0019573329482227564 0.013989366590976715 -0.003369624027982354
v 0.00030648105894215405 0.014210086315870285 -0.003370013553649187
v -0.0009238468483090401 0.01416812464594841 -0.0033699471969157457
v -0.002552035031840205 0.013829796575009823 -0.0033693602308630943
v -0.004079337231814861 0.013188754208385944 -0.00336828432045877
v -0.005477637983858585 0.012254472821950912 -0.0033667979296296835
v -0.006659124977886677 0.01107360702008009 -0.0033650300465524197
v 0.0035482028033584356 0.013493967242538929 -0.0034027397632598877
v 0.001965943491086364 0.014026330783963203 -0.0034034294076263905
v 0.0003078295267187059 0.01424800232052803 -0.0034037306904792786
v -0.0009279073565267026 0.014205859042704105 -0.0034036794677376747
v -0.002563261426985264 0.01386607252061367 -0.003403222421184182
v -0.004097302444279194 0.013222260400652885 -0.0034023928456008434
v -0.005501787643879652 0.012283925898373127 -0.0034012312535196543
v -0.006688536144793034 0.011097916401922703 -0.0033998580183833838
v 0.005104878917336464 0.01277813222259283 -0.0034870426170527935
v 0.003611385589465499 0.013634837232530117 -0.0034873085096478462
v 0.0020008834544569254 0.014176327735185623 -0.003487478941679001
v 0.00031330870115198195 0.014401774853467941 -0.0034875485580414534
v -0.0009443721501156688 0.014358902350068092 -0.0034875364508479834
v -0.0026088429149240255 0.014013320207595825 -0.0034874228294938803
v -0.004170343745499849 0.013358472846448421 -0.003487217705696821
v -0.005600199569016695 0.012403920292854309 -0.00348693341948092
v -0.006808695383369923 0.011197203770279884 -0.003486595582216978
v 0.0068815830163657665 0.0019442100310698152 0.0313476137816906
v 0.00670328876003623 -0.00251966854557395 0.03414645418524742
v 0.006972986273467541 -0.001900572795420885 0.03392277657985687
v 0.006726090796291828 -0.001888508559204638 0.03367071598768234
v 0.006988687440752983 0.00030413269996643066 0.03238379955291748
v 0.0068104988895356655 0.00021992037363816053 0.03225068747997284
v 0.007145394571125507 0.0018778734374791384 0.031756725162267685
v 0.006825688295066357 0.0005760322674177587 0.03204142302274704
v 0.0072427233681082726 0.0033205642830580473 0.03161760792136192
v 0.007127866614609957 0.00041138275992125273 0.03255331888794899
v 0.007242722902446985 0.0015480845468118787 0.03241622820496559
v 0.007242722902446985 0.0020694874692708254 0.03214224800467491
v 0.0072427233681082726 -0.0003079145972151309 0.033595457673072815
v 0.007242050487548113 -0.0003878443967550993 0.03360842540860176
v 0.007166943978518248 -0.001163105363957584 0.0337434858083725
v 0.007083049975335598 -0.0007469712872989476 0.040924910455942154
v 0.006848041899502277 -0.001503720530308783 0.04040702059864998
v 0.006992117967456579 -0.0007469669217243791 0.04111035168170929
v 0.006883904803544283 -0.0007469715783372521 0.04127231240272522
v -0.007128119934350252 0.00042815328924916685 0.03254352882504463
v -0.007242724299430847 0.0006762820994481444 0.03293644264340401
v -0.0072427247650921345 -0.00030791625613346696 0.03359545022249222
v -0.00724272383376956 0.0017534904181957245 0.03230777010321617
v -0.0068750581704080105 0.001788172172382474 0.03141961246728897
v -0.007145619485527277 0.0019048110116273165 0.0317467525601387
v -0.006989217828959227 0.0003211130388081074 0.03237401694059372
v -0.00698591023683548 -0.0018596978625282645 0.033908382058143616
v -0.006703286897391081 -0.0025196701753884554 0.03414645791053772
v -0.006794088054448366 -0.00017482819384895265 0.032492537051439285
v -0.007170511409640312 -0.0011441294336691499 0.03373831510543823
v -0.007242725696414709 0.00048765988321974874 0.03765389695763588
v -0.007242725230753422 0.0001643033610889688 0.037823960185050964
v -0.007242724299430847 0.00012810650514438748 0.03750166296958923
v -0.007242727559059858 9.556938312016428e-05 0.03721177577972412
v -0.007242725230753422 0.0012530266540125012 0.037501659244298935
v -0.0072427247650921345 0.0033896295353770256 0.03773452714085579
v -0.007242724299430847 0.00245302589610219 0.03750166296958923
v -0.005485887173563242 -0.004006470553576946 0.03475416451692581
v -0.006092413794249296 -0.0034170495346188545 0.034505270421504974
v -0.006146475672721863 -0.0030061970464885235 0.037559643387794495
v -0.007214903831481934 -0.000313991098664701 0.03825889900326729
v -0.007202316075563431 -0.0004077523772139102 0.038387298583984375
v -0.007171564735472202 -0.0007366617792285979 0.037305109202861786
v -0.007158951368182898 -0.0006353422068059444 0.03884282335639
v -0.00680512934923172 -0.0019376927521079779 0.03743981197476387
v -0.007146460469812155 -0.0006830994971096516 0.0390002466738224
v -0.006848041899502277 -0.0015037222765386105 0.04040701687335968
v -0.007121718022972345 -0.0007469734991900623 0.03950165957212448
v -0.007083054631948471 -0.0007469732663594186 0.040924910455942154
v -0.0072410316206514835 4.3900810851482674e-05 0.03790854662656784
v -0.00723008718341589 -0.00016130573931150138 0.03808756545186043
v -0.0063075171783566475 -0.003145733615383506 0.034404486417770386
v -0.0048487926833331585 -0.004443601705133915 0.03501081466674805
v -0.005177886690944433 -0.004236964508891106 0.03487970679998398
v -0.005239040590822697 -0.0038789897225797176 0.03765752539038658
v -0.004148019012063742 -0.004498411435633898 0.0377269946038723
v -0.004069715738296509 -0.004800852853804827 0.03530404716730118
v -0.005293122958391905 -0.003689672565087676 0.039003677666187286
v -0.004928344860672951 -0.003961584996432066 0.03887321427464485
v -0.004178180359303951 -0.0043869479559361935 0.03860672190785408
v -0.0058100465685129166 -0.0031958201434463263 0.03925822675228119
v -0.006690325681120157 -0.0018757401267066598 0.040125057101249695
v -0.006322869099676609 -0.002534930594265461 0.03966338559985161
v -0.006257840432226658 -0.002631892915815115 0.039599981158971786
v -0.005181579850614071 -0.003975185099989176 0.034505270421504974
v -0.0035363840870559216 -0.0047037964686751366 0.034505266696214676
v -0.0017930653411895037 -0.005149211268872023 0.034505270421504974
v 1.8053234462911405e-09 -0.00529906852170825 0.034505270421504974
v 0.0017930673202499747 -0.005149210803210735 0.034505270421504974
v 0.0035363836213946342 -0.004703796003013849 0.034505266696214676
v 0.005181580316275358 -0.0039751832373440266 0.034505266696214676
v 0.006092411931604147 -0.0034170476719737053 0.034505266696214676
v 0.006535160355269909 -0.0028127082623541355 0.03427223116159439
v 0.0059563275426626205 -0.003567243693396449 0.03455979377031326
v -0.0036268613766878843 -0.004964942578226328 0.03530404716730118
v 0.0018389426404610276 -0.00542175117880106 0.03530404344201088
v 0.0036268632393330336 -0.004964941181242466 0.03530404344201088
v 0.003610246814787388 -0.004916985984891653 0.03487084060907364
v 0.004069713409990072 -0.004800851922482252 0.03530404344201088
v 0.004811005666851997 -0.0044649881310760975 0.03502562269568443
v 0.0051980954594910145 -0.004223008640110493 0.03487154468894005
v -0.0036102484446018934 -0.004916986916214228 0.03487083688378334
v -0.0018305204575881362 -0.0053717042319476604 0.03487084060907364
v -0.0018389432225376368 -0.005421752110123634 0.03530404716730118
v 1.6411567937968385e-10 -0.005524692125618458 0.03487084433436394
v -1.074462185890468e-09 -0.005575443152338266 0.03530403971672058
v 0.0018305199919268489 -0.0053717042319476604 0.03487084060907364
v 0.00542836356908083 -0.004052546340972185 0.03477777540683746
v -0.0026483575347810984 -0.004901539068669081 0.03860672190785408
v 0.0023690219968557358 -0.004968673922121525 0.03860672190785408
v 0.0026483540423214436 -0.004901538137346506 0.03860672190785408
v 0.004178179893642664 -0.0043869465589523315 0.03860672190785408
v 0.0041480157524347305 -0.004498410038650036 0.037726990878582
v -0.002369019901379943 -0.004968674853444099 0.03860672563314438
v -0.0008909684838727117 -0.005196270067244768 0.03860672563314438
v 1.1075910189006777e-09 -0.005233303178101778 0.03860672190785408
v 0.0008909647003747523 -0.005196270067244768 0.03860672190785408
v 0.005293120630085468 -0.003689671866595745 0.039003681391477585
v 0.004575024358928204 -0.004182441160082817 0.038746852427721024
v 0.004280874039977789 -0.004202485084533691 0.03900368511676788
v 0.0037522485945373774 -0.0044188410975039005 0.039003681391477585
v 0.0026166217867285013 -0.004776862915605307 0.039003681391477585
v 0.0012753275223076344 -0.005027707666158676 0.039003677666187286
v 0.0008802911615930498 -0.0050680628046393394 0.039003677666187286
v -0.0008802901720628142 -0.0050680628046393394 0.039003681391477585
v -0.0012753305491060019 -0.0050277081318199635 0.039003681391477585
v -0.0026166201569139957 -0.004776863846927881 0.03900368511676788
v -0.0037522492930293083 -0.004418842028826475 0.03900368511676788
v -0.004280874505639076 -0.004202486015856266 0.039003681391477585
v -0.009495716542005539 0.004365480504930019 0.025745432823896408
v -0.009501299820840359 0.004365300294011831 0.025535855442285538
v -0.009417093358933926 0.002492030616849661 0.025933993980288506
v -0.0021286755800247192 -0.006834459025412798 0.03404528275132179
v -0.002112734830006957 -0.006494739092886448 0.0379180982708931
v -0.003132336772978306 -0.006132615730166435 0.037614788860082626
v -0.005257012322545052 -0.005852969363331795 0.0166176650673151
v -0.0061406344175338745 -0.0051830788142979145 0.016500046476721764
v -0.006177385337650776 -0.005525434389710426 0.014205724000930786
v -0.006932742428034544 -0.004428444895893335 0.016357753425836563
v -0.007619266863912344 -0.0036005089059472084 0.01619027741253376
v -0.00766374496743083 -0.003963221795856953 0.014018052257597446
v -0.009628480300307274 -0.0009964890778064728 0.004958560224622488
v -0.009703131392598152 -0.001062969327904284 0.002289957832545042
v -0.00898755993694067 -0.0034437605645507574 0.0021895163226872683
v -0.0038473946042358875 -0.008217347785830498 -0.0035141166299581528
v -0.003614150220528245 -0.008288244716823101 -0.0035141105763614178
v -0.0034154667519032955 -0.008453046903014183 -0.0019459117902442813
v -0.009347144514322281 0.004358342383056879 0.038893572986125946
v -0.009347373619675636 0.004386494867503643 0.03899009898304939
v -0.00934566743671894 0.004384403117001057 0.038247063755989075
v -0.010068737901747227 0.001447818474844098 0.002341253450140357
v -0.009070551954209805 -0.0033975131809711456 -0.0008364709210582078
v -0.01002530101686716 0.003932214342057705 0.005706822965294123
v -0.009360335767269135 0.004370881710201502 0.03262278065085411
v -0.00928312074393034 0.0029551004990935326 0.03756570816040039
v -0.009296304546296597 0.003110139863565564 0.03761269524693489
v -0.00931597501039505 0.0033895252272486687 0.03773447126150131
v -0.00932571105659008 0.003564530750736594 0.03783896565437317
v -0.00934433564543724 0.004382300190627575 0.037501655519008636
v -0.009331772103905678 0.003696350147947669 0.03793509304523468
v -0.009342921897768974 0.004051504656672478 0.03829963132739067
v -0.00934464018791914 0.004142920020967722 0.03843196481466293
v -0.008927029557526112 0.0006583608337678015 0.033788200467824936
v -0.009020773693919182 0.0012530264211818576 0.037501659244298935
v -0.009269220754504204 0.0025247184094041586 0.033149223774671555
v -0.009138575755059719 0.0018501942977309227 0.03750166296958923
v -0.009228743612766266 0.0024530256632715464 0.03750166296958923
v -0.008358885534107685 -0.0007156151696108282 0.03914888575673103
v -0.008384370245039463 -0.0006681036320514977 0.03894554823637009
v -0.008280334062874317 -0.0011626624036580324 0.03453490510582924
v -0.008336452767252922 -0.000746973673813045 0.03950166329741478
v -0.008280451409518719 -0.0007469741394743323 0.04182569310069084
v -0.008305288851261139 -0.000746970297768712 0.040784046053886414
v -0.008218882605433464 -0.0008761257049627602 0.04177769646048546
v -0.008475136011838913 -0.00047446993994526565 0.038493815809488297
v -0.00852185394614935 -0.00036513464874587953 0.038326263427734375
v -0.008655274286866188 -2.0641555238398723e-05 0.03795965760946274
v -0.00870492123067379 0.00012051512749167159 0.03785320371389389
v -0.008847649209201336 0.0005735279410146177 0.037620630115270615
v -0.008897182531654835 0.0007505154935643077 0.037565816193819046
v -0.0072756861336529255 -0.002872826298698783 0.035384561866521835
v -0.007607839070260525 -0.001960261957719922 0.041374847292900085
v -0.006622535642236471 -0.003665821859613061 0.03584638237953186
v -0.006767555605620146 -0.003080283757299185 0.040953271090984344
v -0.004107826389372349 -0.005652922671288252 0.037231892347335815
v -0.00409344770014286 -0.005362777970731258 0.03986332565546036
v -0.00516907311975956 -0.004600925836712122 0.04028939828276634
v -0.0033323285169899464 -0.005803393200039864 0.039579104632139206
v -0.002012182492762804 -0.006370409391820431 0.03917565196752548
v -0.0029195272363722324 -0.006008798256516457 0.03943747654557228
v -4.2965486724000357e-10 -0.008771868422627449 -0.0035141105763614178
v -0.001159442588686943 -0.008831867016851902 -0.00210717786103487
v -0.0012493563117459416 -0.00871922355145216 -0.003514113137498498
v -0.002303170273080468 -0.008693243376910686 -0.002043702406808734
v -0.002455588895827532 -0.008559709414839745 -0.003514113835990429
v -0.007236020173877478 -0.006326637696474791 -0.00134282186627388
v -0.006338374689221382 -0.006990170106291771 -0.0035141161642968655
v -0.006406609434634447 -0.007048070430755615 -0.0015122757758945227
v -0.0057324012741446495 -0.007385998964309692 -0.0035141129046678543
v -0.007956601679325104 -0.005467848386615515 -0.001171587617136538
v -0.007750915363430977 -0.0056505654938519 -0.0035141140688210726
v -0.007095182780176401 -0.006363743916153908 -0.0035141161642968655
v -0.008820916526019573 -0.003923323005437851 -0.0035141136031597853
v -0.009301095269620419 -0.0027660708874464035 -0.0035141166299581528
v -0.008566287346184254 -0.004483828321099281 -0.0010021515190601349
v -0.008251769468188286 -0.004950419068336487 -0.003514115698635578
v -0.009562252089381218 -0.0008438791846856475 0.007440284360200167
v -0.008919660933315754 -0.003347761696204543 0.004980197176337242
v -0.008484983816742897 -0.004529284778982401 0.0021187232341617346
v -0.006973775569349527 -0.0047880541533231735 0.014124222099781036
v -0.007704100571572781 -0.004389529582113028 0.011977041140198708
v -0.00701064383611083 -0.005216982215642929 0.012028944678604603
v -0.007741387467831373 -0.004807781428098679 0.009872447699308395
v -0.007043664809316397 -0.005643208511173725 0.00988103449344635
v -0.00621014554053545 -0.00594234187155962 0.01205845270305872
v -0.0062387362122535706 -0.006363758817315102 0.009868830442428589
v -0.005288753192871809 -0.006168132647871971 0.01426539197564125
v -0.005316866561770439 -0.006562501657754183 0.012069936841726303
v -0.005361971445381641 -0.0073272609151899815 0.0074145179241895676
v -0.0022626204881817102 -0.008688000962138176 0.004469575360417366
v -0.0011341172503307462 -0.008593542501330376 0.007193109951913357
v -0.002252805745229125 -0.008440585806965828 0.007231548428535461
v -0.0011252266122028232 -0.007944527082145214 0.01203390583395958
v -0.0022349900100380182 -0.007768472656607628 0.012045375071465969
v -0.0011192469391971827 -0.007655343506485224 0.014353486709296703
v -0.0022231207694858313 -0.007459754589945078 0.014347272925078869
v -0.0011124111479148269 -0.007456542458385229 0.01686171069741249
v -0.002209574682638049 -0.007239905185997486 0.016832636669278145
v -0.006295561790466309 -0.006985607091337442 0.004803351126611233
v -0.006264626048505306 -0.006725462153553963 0.007472747936844826
v -0.007111492566764355 -0.006257036700844765 0.0048782117664813995
v -0.007074692752212286 -0.006002048496156931 0.0075169275514781475
v -0.007820886559784412 -0.005398316774517298 0.004933090880513191
v -0.007777920458465815 -0.005154588725417852 0.007540049962699413
v -0.008372514508664608 -0.004194779321551323 0.007541176863014698
v -0.008330271579325199 -0.00386893842369318 0.009843056090176105
v -0.008816322311758995 -0.002845210023224354 0.00979625154286623
v -0.008771401830017567 -0.0024787788279354572 0.011814809404313564
v -0.006340802181512117 -0.007107729557901621 0.0018171790288761258
v -0.007163230795413256 -0.006378491409122944 0.001931733568198979
v -0.007878647185862064 -0.005514964461326599 0.002033065538853407
v -0.00842179637402296 -0.0044214120134711266 0.004966353997588158
v -0.008864212781190872 -0.0031428353395313025 0.007523061241954565
v -0.004825105424970388 -0.007849904708564281 -0.0035141129046678543
v -0.0044806161895394325 -0.008103781379759312 -0.0018203783547505736
v -0.005482901819050312 -0.0076379538513720036 -0.0016736448742449284
v -0.0044332402758300304 -0.008183888159692287 0.0015803648857399821
v -0.005425651092082262 -0.007707420736551285 0.0016972626326605678
v -0.004402163904160261 -0.008068742230534554 0.004626178182661533
v -0.005387322045862675 -0.0075877695344388485 0.004716482944786549
v -0.0043821618892252445 -0.007811207324266434 0.007349849212914705
v -0.004346271511167288 -0.007075129542499781 0.012068303301930428
v -0.004323247354477644 -0.006709310691803694 0.014306614175438881
v -0.004297127015888691 -0.006426689680665731 0.016711629927158356
v -0.0032962446566671133 -0.007142131216824055 0.01433277316391468
v -0.003313824301585555 -0.007477897219359875 0.012058480642735958
v -0.0033406319562345743 -0.00818106159567833 0.007286325097084045
v -0.0033554695546627045 -0.008433746173977852 0.0045410217717289925
v -0.0033790122251957655 -0.008543461561203003 0.0014748700195923448
v -0.0022784320171922445 -0.00879246648401022 0.001389143755659461
v 6.397524177081948e-10 -0.008951559662818909 -0.000601103762164712
v 5.22803245139869e-10 -0.008984077721834183 0.0013105059042572975
v 8.831383957463856e-10 -0.008928817696869373 0.00359934801235795
v -1.2018744888209199e-09 -0.008885139599442482 0.004402130842208862
v -1.3449628077921716e-09 -0.008560370653867722 0.007902837358415127
v 1.7422649989384809e-09 -0.007773618679493666 0.013872153125703335
v -1.071954525144747e-09 -0.007677095476537943 0.014814892783761024
v -1.402733817990054e-09 -0.007531294133514166 0.016871172934770584
v -0.0067273895256221294 -0.003925987984985113 0.02837955579161644
v -0.005959898699074984 -0.004721150733530521 0.028795326128602028
v -0.0058235847391188145 -0.004045241046696901 0.0405552014708519
v -0.00586762884631753 -0.004403787665069103 0.03632361441850662
v -0.00591150252148509 -0.0046090129762887955 0.03251495957374573
v -0.005222102161496878 -0.005665489472448826 0.01928570680320263
v -0.00605612201616168 -0.004852252546697855 0.022029934450984
v -0.006100095342844725 -0.004967779386788607 0.019100705161690712
v -0.00683764461427927 -0.004060414154082537 0.02174883522093296
v -0.006887307856231928 -0.0041932351887226105 0.018890686333179474
v -0.007515185046941042 -0.003215059172362089 0.02145221084356308
v -0.007569792214781046 -0.0033569657243788242 0.018658628687262535
v -0.008198742754757404 -0.002710809465497732 0.01600237749516964
v -0.008245790377259254 -0.0030623420607298613 0.013890217989683151
v -0.008288971148431301 -0.00347134773619473 0.011904064565896988
v -0.0007494803285226226 -0.006662499625235796 0.03895437717437744
v -0.0010637188097462058 -0.006723555736243725 0.03811773285269737
v -0.0010717528639361262 -0.007081230171024799 0.034235648810863495
v -0.0010801715543493629 -0.0072817872278392315 0.03030061535537243
v -0.005062185227870941 -0.0053145186975598335 0.03296785429120064
v -0.005103070754557848 -0.00544842891395092 0.029197176918387413
v -0.004171793349087238 -0.006087977439165115 0.02956688031554222
v -0.00518447021022439 -0.005572737194597721 0.022288082167506218
v -0.004237707704305649 -0.00620347261428833 0.022515876218676567
v -0.004268461372703314 -0.006270937155932188 0.019443025812506676
v -0.0032543025445193052 -0.00676869647577405 0.019570017233490944
v -0.0032762286718934774 -0.006892811506986618 0.01678295060992241
v -0.003155940445140004 -0.006445547565817833 0.033755525946617126
v -0.002145454054698348 -0.007024502847343683 0.030136842280626297
v -0.0021789418533444405 -0.00712211849167943 0.022850826382637024
v -0.001096983440220356 -0.007373240310698748 0.02294319123029709
v -0.005024491343647242 -0.005071400664746761 0.03679347410798073
v -0.004138723015785217 -0.005932798609137535 0.033388879150152206
v -0.003180957864969969 -0.006619950756430626 0.02988618239760399
v -0.0032308585941791534 -0.006726064253598452 0.022705920040607452
v -1.1093471696810298e-09 -0.007463620975613594 0.019496871158480644
v 1.1440609570811944e-09 -0.0074610356241464615 0.022975627332925797
v 5.698934102404962e-10 -0.0074564130045473576 0.02632133476436138
v -1.0515948112299611e-09 -0.007371958345174789 0.030359255149960518
v -2.081882666260526e-09 -0.007227370049804449 0.03339506313204765
v 1.7266165164286917e-09 -0.006711654365062714 0.03891626372933388
v -0.009918726980686188 0.0015796121442690492 0.007314121350646019
v -0.009864267893135548 0.004119720309972763 0.01120804063975811
v -0.009801539592444897 0.0019071369897574186 0.011391641572117805
v -0.009783594869077206 0.0042648715898394585 0.014563240110874176
v -0.009706997312605381 0.002257992746308446 0.015035685151815414
v -0.009778423234820366 0.004271713085472584 0.014785547740757465
v -0.009585120715200901 0.002439240925014019 0.01979404129087925
v -0.009664705954492092 0.00434639398008585 0.019481675699353218
v -0.009453901089727879 -0.0003361260751262307 0.011606787331402302
v -0.00935658160597086 0.00021282721718307585 0.015395822934806347
v -0.008677294477820396 -0.001770951203070581 0.01580200530588627
v -0.009299643337726593 0.00039102311711758375 0.0176592618227005
v -0.00862237811088562 -0.001544176135212183 0.018156152218580246
v -0.009072239510715008 0.0005865417770110071 0.026496844366192818
v -0.009233666583895683 0.0004989970475435257 0.020269710570573807
v -0.00841454602777958 -0.0012914194958284497 0.027187082916498184
v -0.008560349233448505 -0.0014079120010137558 0.020843995735049248
v -0.007391831837594509 -0.003082105191424489 0.02796737477183342
v -0.006883906200528145 -0.0007469739066436887 0.04127231240272522
v -0.006992069538682699 -0.0007469678530469537 0.04111044481396675
v 0.007242721505463123 0.0032183954026550055 0.03765389695763588
v 0.007242721971124411 0.0024530282244086266 0.03750166296958923
v 0.007242722436785698 0.00012810886255465448 0.037501659244298935
v 0.007242721039801836 0.00016430583491455764 0.037823956459760666
v 0.007242722436785698 0.0004876616585534066 0.037653904408216476
v 0.007242724299430847 9.557011799188331e-05 0.03721177950501442
v 0.007242722902446985 0.0012530280509963632 0.03750166296958923
v 0.006552011705935001 -0.002150400774553418 0.03992645815014839
v 0.006805130746215582 -0.0019376898417249322 0.03743980824947357
v 0.0071217152290046215 -0.0007469712290912867 0.03950165957212448
v 0.00616497453302145 -0.0027627611998468637 0.03951641172170639
v 0.0055910926312208176 -0.003420670982450247 0.03913724794983864
v 0.006146484520286322 -0.0030061881989240646 0.0375596359372139
v 0.00523904524743557 -0.003878985997289419 0.03765752166509628
v 0.005911038722842932 -0.0030821040272712708 0.03932306170463562
v 0.006050419993698597 -0.002913242904469371 0.039423346519470215
v 0.00717156520113349 -0.0007366655627265573 0.037305112928152084
v 0.007146459072828293 -0.0006830972852185369 0.0390002466738224
v 0.00715895090252161 -0.0006353404023684561 0.03884282335639
v 0.0072023142129182816 -0.0004077504563611001 0.03838729485869408
v 0.007214905694127083 -0.00031398897408507764 0.03825890272855759
v 0.0072410316206514835 4.3902949983021244e-05 0.03790854662656784
v -0.009347680024802685 0.004419361706823111 0.03913625329732895
v -0.009347988292574883 0.004441224038600922 0.03928469866514206
v 0.008280453272163868 -0.0007469719275832176 0.04182569310069084
v 0.008236241526901722 -0.0007469718693755567 0.04220166429877281
v 0.00821887981146574 -0.0008761241915635765 0.04177770018577576
v 0.008194147609174252 -0.0007525699329562485 0.04235120117664337
v 0.007607840467244387 -0.0019602652173489332 0.041374847292900085
v 0.0067762890830636024 -0.0029277170542627573 0.04151308164000511
v 0.006767553742974997 -0.003080281661823392 0.040953271090984344
v 0.004901005886495113 -0.004682768136262894 0.040689125657081604
v 0.004569751210510731 -0.005045839119702578 0.04005054384469986
v 0.005877737887203693 -0.003864672500640154 0.04110446572303772
v 0.005826475564390421 -0.004042612388730049 0.040556393563747406
v 0.006123166065663099 -0.0037618365604430437 0.040679529309272766
v 0.0038536456413567066 -0.005391768645495176 0.04025806486606598
v 0.0027205580845475197 -0.005988808814436197 0.039828188717365265
v 0.002838149666786194 -0.006046380382031202 0.03941097855567932
v 0.0015745332930237055 -0.006499836221337318 0.03907858207821846
v 0.002120802877470851 -0.006333803292363882 0.039202816784381866
v 0.002143734833225608 -0.006027131341397762 0.04006322845816612
v 0.0009674304747022688 -0.006366613321006298 0.03974916413426399
v -1.5592539481801282e-09 -0.006460894364863634 0.03965459764003754
v -7.913651955959722e-10 -0.00662248907610774 0.03929772973060608
v 0.0013102507218718529 -0.0062912944704294205 0.03982217237353325
v 0.0013476565945893526 -0.006555423606187105 0.03903641551733017
v 0.006766981445252895 -0.002602159045636654 0.0420883446931839
v 0.005649243947118521 -0.003796278266236186 0.04152978956699371
v 0.005327089689671993 -0.004081707447767258 0.041382525116205215
v 0.0036297072656452656 -0.005296856164932251 0.04064152017235756
v 0.00755420234054327 -0.001879888353869319 0.0419403575360775
v 0.008086052723228931 -0.0008003145921975374 0.04255608469247818
v 0.007343987934291363 -0.0017955605871975422 0.04244312644004822
v 0.007836263626813889 -0.0009369525359943509 0.04280852898955345
v 0.006506281904876232 -0.0007469718693755567 0.04175037890672684
v 0.0061398944817483425 -0.0007469718693755567 0.04220166057348251
v 0.008336450904607773 -0.0007469717529602349 0.03950165957212448
v 0.008305290713906288 -0.0007469715201295912 0.040784046053886414
v -0.006506282836198807 -0.0007469737902283669 0.04175037890672684
v -0.0061398958787322044 -0.0007469733245670795 0.04220166057348251
v -0.005801641382277012 -0.0007801085012033582 0.042564209550619125
v -0.005430631805211306 -0.0008655599085614085 0.0428801067173481
v -0.0045737652108073235 -0.0011453781044110656 0.04339953139424324
v -0.004067582078278065 -0.0013260779669508338 0.04360916092991829
v -0.002744556637480855 -0.0017542520072311163 0.043937891721725464
v 0.005430630408227444 -0.0008655581041239202 0.0428800992667675
v 0.0058023352175951 -0.0007799842860549688 0.042563546448946
v 0.0027445550076663494 -0.0017542516579851508 0.043937891721725464
v 0.004067580681294203 -0.00132607645355165 0.04360916465520859
v 0.004573762882500887 -0.0011453770566731691 0.04339953511953354
v 8.23723667053855e-07 -0.00215528579428792 0.04411213845014572
v 0.0009217862389050424 -0.0021084186155349016 0.04409698769450188
v 0.001380325760692358 -0.0020507406443357468 0.04407656192779541
v -0.0009222288499586284 -0.0021083741448819637 0.04409697279334068
v -0.0013803266920149326 -0.0020507413428276777 0.04407656192779541
v -0.008236243389546871 -0.0007469734991900623 0.042201656848192215
v 0.009228741750121117 0.002453028690069914 0.03750166296958923
v 0.009138575755059719 0.001850197440944612 0.037501659244298935
v 0.009020771831274033 0.0012530282838270068 0.03750166296958923
v 0.008892368525266647 0.0007327959756366909 0.03757050260901451
v 0.008374442346394062 -0.0006871989462524652 0.03901635855436325
v 0.008395977318286896 -0.0006450628279708326 0.03887138515710831
v 0.008494174107909203 -0.00043061780161224306 0.038422152400016785
v 0.008525310084223747 -0.00035680434666574 0.03831488639116287
v 0.008660250343382359 -6.8203221417206805e-06 0.037948351353406906
v 0.008700772188603878 0.00010843991913134232 0.03786156326532364
v 0.00882237683981657 0.0004875619779340923 0.03765393793582916
v 0.008843330666422844 0.000558644300326705 0.03762607276439667
v 0.009344637393951416 0.0041429223492741585 0.03843196481466293
v 0.009346643462777138 0.00430078711360693 0.03873629495501518
v 0.009342918172478676 0.004051506984978914 0.03829963132739067
v 0.00933176837861538 0.0036963524762541056 0.03793509304523468
v 0.009347143582999706 0.004358345177024603 0.038893572986125946
v 0.009347373619675636 0.00438649719581008 0.03899009898304939
v 0.00934789702296257 0.004436304792761803 0.039243556559085846
v 0.00934850424528122 0.004453028552234173 0.03950165957212448
v 0.009325708262622356 0.0035645330790430307 0.03783896565437317
v 0.009296300821006298 0.003110142657533288 0.03761269152164459
v 0.009283117949962616 0.0029551035258919 0.03756570443511009
v 0.009350234642624855 0.004453028552234173 0.040167585015296936
v 0.009351802989840508 0.004453028552234173 0.0408298596739769
v 0.008823772892355919 0.00445302901789546 0.0408298559486866
v 0.007552428636699915 0.010796457529067993 0.02085927501320839
v 0.008948799222707748 0.008345676586031914 0.01994718424975872
v 0.009029090404510498 0.008443990722298622 0.01474754512310028
v 0.008636611513793468 0.009347225539386272 0.014913308434188366
v 0.007653027307242155 0.011488080024719238 0.005696600768715143
v 0.008326209150254726 0.01085793599486351 -0.000968154170550406
v 0.008307019248604774 0.0107019217684865 0.0010537507478147745
v 0.00926999282091856 0.008788117207586765 0.0010614763014018536
v 0.00964121799916029 0.006500440649688244 0.010661104694008827
v 0.009758570231497288 0.006497461348772049 0.006040360778570175
v 0.009169788099825382 0.008747139014303684 0.005882898811250925
v 0.00921680312603712 0.006367135792970657 0.04128987714648247
v 0.00924429390579462 0.006171163637191057 0.041494425386190414
v 0.009253603406250477 0.006097847130149603 0.04150104522705078
v 0.009295796975493431 0.005705767311155796 0.041488729417324066
v 0.009305011481046677 0.005600525997579098 0.04147202521562576
v 0.009316512383520603 0.005452392622828484 0.04143878445029259
v 0.009342323988676071 0.004974473267793655 0.041246701031923294
v 0.009346834383904934 0.004830541089177132 0.041158851236104965
v 0.009345663711428642 0.0043844059109687805 0.038247060030698776
v 0.009194637648761272 0.006399884819984436 0.033907774835824966
v 0.007872494868934155 0.010096469894051552 0.0383952371776104
v 0.008579520508646965 0.008736899122595787 0.03926955536007881
v 0.008399375714361668 0.00914192758500576 0.03357040509581566
v 0.009012709371745586 0.0074089220724999905 0.04031024128198624
v 0.008745206519961357 0.008274589665234089 0.03360912203788757
v 0.009302708320319653 0.008962629362940788 -0.0011208709329366684
v 0.009892843663692474 0.006525468081235886 0.0010345072951167822
v 0.010025294497609138 0.003932217136025429 0.005706822499632835
v 0.00986426416784525 0.004119723103940487 0.011208037845790386
v 0.009783591143786907 0.004264873918145895 0.014563244767487049
v 0.009778421372175217 0.004271715879440308 0.01478554867208004
v 0.009565219283103943 0.006459198892116547 0.014596459455788136
v 0.009082436561584473 0.008642311207950115 0.010615215636789799
v 0.00867833849042654 0.00960529688745737 0.010630039498209953
v 0.008243154734373093 0.010663501918315887 0.005749423522502184
v 0.008189593441784382 0.01049042772501707 0.010672057047486305
v 0.0076150717213749886 0.011293292045593262 0.010742761194705963
v 0.007713929750025272 0.011669942177832127 -0.0009181597270071507
v 0.007700303569436073 0.011522511020302773 0.001042731455527246
v 0.007452833000570536 0.010688562877476215 0.038064438849687576
v 0.007484898436814547 0.01075033936649561 0.027056900784373283
v 0.008019261062145233 0.009997216053307056 0.02673809416592121
v 0.008464721962809563 0.009182563982903957 0.026508882641792297
v 0.00882459245622158 0.008311518467962742 0.0263650082051754
v 0.008569641970098019 0.009223377332091331 0.0201725997030735
v 0.008104952052235603 0.0100420406088233 0.020476501435041428
v 0.009344333782792091 0.004382302053272724 0.037501659244298935
v 0.009360332041978836 0.004370884504169226 0.03262277692556381
v 0.009300843812525272 0.006420780438929796 0.026316314935684204
v 0.009495710954070091 0.004365483298897743 0.025745434686541557
v 0.009501295164227486 0.004365302622318268 0.025535861030220985
v 0.009664702229201794 0.004346396774053574 0.01948167197406292
v 0.008158927783370018 0.010184639133512974 0.015140204690396786
v 0.007594355847686529 0.010951444506645203 0.015428975224494934
v 0.009126342833042145 0.006570635363459587 0.04140769690275192
v 0.008955423720180988 0.0075124637223780155 0.04044003039598465
v 0.008845994248986244 0.0075887092389166355 0.040554072707891464
v 0.009019965305924416 0.0067780958488583565 0.04132688790559769
v 0.00869685597717762 0.0076277172192931175 0.040637992322444916
v 0.008912927471101284 0.006945421453565359 0.04124144837260246
v 0.0075905402190983295 0.010140929371118546 0.03875840827822685
v 0.008273082785308361 0.008873000741004944 0.03961711749434471
v 0.008412325754761696 0.008860953152179718 0.039525389671325684
v 0.008518163114786148 0.00881364569067955 0.03940494731068611
v 0.007714579813182354 0.010159623809158802 0.03866014629602432
v 0.007811689283698797 0.010144097730517387 0.038534753024578094
v -0.008326265960931778 0.0108591727912426 -0.0009768736781552434
v -0.008307241834700108 0.010702358558773994 0.0010363098699599504
v -0.0077004702761769295 0.011522894725203514 0.0010257380781695247
v -0.009893336333334446 0.006526115816086531 0.0010142293758690357
v -0.009180370718240738 0.006594796199351549 0.04106089845299721
v -0.009340963326394558 0.0049514551647007465 0.04041329026222229
v -0.00932249054312706 0.005337368696928024 0.0407404862344265
v -0.009325996041297913 0.0052502453327178955 0.04016810283064842
v -0.009313339367508888 0.005472916178405285 0.0408216156065464
v -0.0093484902754426 0.00453301053494215 0.039700865745544434
v -0.009348271414637566 0.004589772783219814 0.03984994441270828
v -0.009346270002424717 0.0047484468668699265 0.04014931991696358
v -0.00934405717998743 0.004847588017582893 0.0402897410094738
v -0.009270613081753254 0.0059412820264697075 0.04100588336586952
v -0.009259589947760105 0.006037850398570299 0.04102751240134239
v -0.00925238337367773 0.006097541656345129 0.04103826731443405
v -0.009302811697125435 0.008963963016867638 -0.0011303059291094542
v -0.007713965605944395 0.011671134270727634 -0.0009266029228456318
v -0.007967544719576836 0.009956927970051765 0.03339662402868271
v -0.007794538978487253 0.01021664310246706 0.03832656890153885
v -0.007486769929528236 0.010751413181424141 0.026881789788603783
v -0.009195326827466488 0.006400782614946365 0.03365890309214592
v -0.008920734748244286 0.007752109784632921 0.04001983255147934
v -0.008745502680540085 0.008276090025901794 0.03337230533361435
v -0.007653475273400545 0.011488698422908783 0.0056505207903683186
v -0.0076153893023729324 0.011297686025500298 0.010679780505597591
v -0.0075948359444737434 0.010956453159451485 0.015340550802648067
v -0.009270347654819489 0.008788671344518661 0.0010428231908008456
v -0.008749508298933506 0.009749172255396843 0.00576656823977828
v -0.009170743636786938 0.008747461251914501 0.005837400443851948
v -0.008678984828293324 0.009608568623661995 0.01057223230600357
v -0.009083261713385582 0.008644787594676018 0.01055935025215149
v -0.008637461811304092 0.009351074695587158 0.01483091339468956
v -0.009030143730342388 0.008446987718343735 0.014667403884232044
v -0.008951115421950817 0.008346792310476303 0.019815584644675255
v -0.009759826585650444 0.0064973048865795135 0.005994800943881273
v -0.00964238028973341 0.006500807590782642 0.010607835836708546
v -0.009566672146320343 0.006459913216531277 0.01451921183615923
v -0.009305334649980068 0.00642117066308856 0.02612246572971344
v -0.008476548828184605 0.0089774364605546 0.03910203278064728
v -0.008399521932005882 0.00914348941296339 0.033339984714984894
v -0.008021652698516846 0.009998257271945477 0.026559533551335335
v -0.007553701754659414 0.010798011906445026 0.02072751894593239
v -0.008243763819336891 0.010664061643183231 0.005703621078282595
v -0.008190066553652287 0.010494337417185307 0.010611874051392078
v -0.008159587159752846 0.010189156979322433 0.015055040828883648
v -0.008106553927063942 0.010043536312878132 0.02034502476453781
v -0.008571600541472435 0.009224727749824524 0.020041165873408318
v -0.008467664942145348 0.00918351300060749 0.02632654830813408
v -0.008828088641166687 0.00831232126802206 0.0261787548661232
v -0.00849026907235384 0.007758035324513912 0.04056266322731972
v -0.007231527473777533 0.007758035324513912 0.040562666952610016
v -0.008439304307103157 0.00794295035302639 0.04039999470114708
v -0.0068991719745099545 0.00871124304831028 0.03977493569254875
v -0.008019287139177322 0.00906955637037754 0.03950756415724754
v -0.007703251205384731 0.009684079326689243 0.0390818752348423
v -0.006606542970985174 0.009320397861301899 0.039327893406152725
v -0.006404494401067495 0.00967330951243639 0.039087068289518356
v -0.007379521150141954 0.010199394077062607 0.03875333443284035
v -0.005838571581989527 0.0104783670976758 0.038584157824516296
v -0.005423302762210369 0.010951532982289791 0.038317177444696426
v -0.005390307866036892 0.011470754630863667 0.0380474217236042
v -0.008862045593559742 0.007848929613828659 0.04015130549669266
v -0.009086675941944122 0.006907477043569088 0.04100416600704193
v -0.00893159955739975 0.007205840200185776 0.04090641811490059
v -0.007515645585954189 0.010252514854073524 0.038690995424985886
v -0.008173150941729546 0.009097822941839695 0.03945259377360344
v -0.008820515125989914 0.007370663806796074 0.040829334408044815
v -0.008606248535215855 0.007950290106236935 0.04035331681370735
v -0.008753190748393536 0.007917927578091621 0.040267214179039
v -0.00831014197319746 0.00909099169075489 0.03935962915420532
v -0.00763802882283926 0.010274129919707775 0.03859221190214157
v -0.007734052371233702 0.010261568240821362 0.038466423749923706
v -0.008414855226874352 0.009049154818058014 0.039238233119249344
v -0.007282806560397148 0.007561052218079567 0.040716804563999176
v 0.0037640624213963747 -0.002746972255408764 0.04420166090130806
v -0.0037640626542270184 -0.0027469731867313385 0.04420166090130806
v -0.0027999288868159056 -0.0031219993252307177 0.04420165717601776
v 1.926878434588275e-09 -0.0035650862846523523 0.04420166462659836
v 0.0014173854142427444 -0.0034536293242126703 0.04420166090130806
v 0.0027999256271868944 -0.0031219988595694304 0.04420165717601776
v -0.001417385064996779 -0.0034536293242126703 0.04420166090130806
v 0.007050813175737858 -0.0008695037686266005 0.04290362447500229
v 0.005944452714174986 -0.0013196510262787342 0.043604228645563126
v 0.004774317145347595 -0.0020783962681889534 0.04408610612154007
v -0.004325531423091888 -0.0023885814007371664 0.044170208275318146
v -0.008194146677851677 -0.0007525722030550241 0.04235119745135307
v -0.007525403518229723 -0.0007946857367642224 0.042632557451725006
v -0.0071294549852609634 -0.0008570645586587489 0.042854905128479004
v -0.006307866424322128 -0.0011317458702251315 0.04338311776518822
v -0.005948565434664488 -0.0013187354197725654 0.043601762503385544
v -0.005934856366366148 -0.0013265565503388643 0.043609604239463806
v -0.005089333280920982 -0.001870100386440754 0.044000718742609024
v -0.00487622432410717 -0.00201597111299634 0.044065382331609726
v 0.005415064282715321 -0.0016444112407043576 0.043873947113752365
v 0.004874438978731632 -0.0020094141364097595 0.04406072199344635
v 0.0070302365347743034 -0.000874240999110043 0.04291626438498497
v 0.006482575088739395 -0.0010530329309403896 0.04326729103922844
v -0.002656584605574608 -0.0058096470311284065 0.04024845361709595
v -0.0059059178456664085 -0.003838418982923031 0.04111648350954056
v -0.0067675551399588585 -0.002602317137643695 0.042087674140930176
v -0.0068067521788179874 -0.002891840413212776 0.04152769222855568
v -0.007344834506511688 -0.001795619842596352 0.042442020028829575
v -0.00758377555757761 -0.0018339368980377913 0.0419585257768631
v -0.00447686854749918 -0.004743614234030247 0.041007813066244125
v -0.005648128222674131 -0.00379639258608222 0.04153061285614967
v -0.006128230132162571 -0.003328220918774605 0.04175806790590286
v -0.004925332963466644 -0.0046645160764455795 0.040698982775211334
v -0.0038731987588107586 -0.005380008835345507 0.04026569053530693
v -0.0036288548726588488 -0.0052966284565627575 0.040642350912094116
v -0.0025222497060894966 -0.005870252847671509 0.04019809886813164
v -0.0013174150371924043 -0.006288944743573666 0.039824843406677246
v -0.0011956205125898123 -0.006318179424852133 0.03979676961898804
v -0.008078312501311302 -0.0008046433795243502 0.042566604912281036
v -0.007836266420781612 -0.0009369549807161093 0.04280852526426315
v 0.006590504664927721 -0.0017000570660457015 0.043465182185173035
v 0.007728277239948511 -0.000993833877146244 0.042890649288892746
v 0.0076397680677473545 -0.0010439129546284676 0.04295240342617035
v 0.007361824158579111 -0.0012106095673516393 0.04312315955758095
v 0.007322588935494423 -0.0012348549207672477 0.04314473271369934
v 0.006946977693587542 -0.0014717122539877892 0.04332616180181503
v -0.006566094700247049 -0.0017155177192762494 0.04347614571452141
v -0.006729003041982651 -0.001611200044862926 0.043416790664196014
v -0.006938680540770292 -0.00147695851046592 0.04333074390888214
v -0.007232869043946266 -0.0012908597709611058 0.043190617114305496
v -0.007282640319317579 -0.0012598707107827067 0.04316442832350731
v -0.007346119731664658 -0.0012206115061417222 0.043129850178956985
v -0.007631939835846424 -0.0010492999572306871 0.04295551776885986
v -0.007728004362434149 -0.0009949248051270843 0.0428890623152256
v -0.005106578581035137 -0.0025293531361967325 0.04389550909399986
v -0.005998285487294197 -0.0013826065696775913 0.04365359619259834
v -0.007636032998561859 -0.0008154464885592461 0.04268515482544899
v -0.007671999745070934 -0.0008663525804877281 0.04277206212282181
v -0.007704741321504116 -0.0009357123053632677 0.04284653067588806
v -0.005462233908474445 -0.0017202042508870363 0.043909523636102676
v -0.005509627982974052 -0.001801588456146419 0.04393080249428749
v -0.004959835205227137 -0.0021677264012396336 0.044091857969760895
v -0.0043965899385511875 -0.002531596226617694 0.04417028650641441
v -0.0038385551888495684 -0.0029102403204888105 0.04416834935545921
v -0.005089373327791691 -0.0024700749199837446 0.04396149516105652
v -0.00619149673730135 -0.0018280096119269729 0.0436612069606781
v -0.006205188110470772 -0.0019135498441755772 0.043608762323856354
v -0.006698547396808863 -0.001460346975363791 0.0434534065425396
v -0.007224248256534338 -0.001253963797353208 0.04318839684128761
v -0.0071614510379731655 -0.0010618020314723253 0.043126851320266724
v -0.007196599617600441 -0.0011534406803548336 0.04316739737987518
v -0.006720416713505983 -0.0015607381938025355 0.04343467950820923
v -0.00506520364433527 -0.0024019205011427402 0.04401567578315735
v -0.006167829502373934 -0.0017361869104206562 0.04369683191180229
v -0.0055923182517290115 -0.0019747137557715178 0.043920405209064484
v -0.005553555674850941 -0.0018874544184654951 0.043934568762779236
v -0.0050348760560154915 -0.002327150898054242 0.04405632242560387
v -0.004461897071450949 -0.0026726238429546356 0.04411830008029938
v -0.007120361085981131 -0.000983075238764286 0.04306858405470848
v -0.00707526970654726 -0.0009204556117765605 0.04299553856253624
v -0.00666732108220458 -0.0013606792781502008 0.043452534824609756
v -0.006628063973039389 -0.00126626284327358 0.04343193769454956
v -0.006582463160157204 -0.001181108527816832 0.04339252784848213
v -0.006532593164592981 -0.0011086493032053113 0.043336328119039536
v -0.006048634648323059 -0.0014615384861826897 0.04369201883673668
v -0.006094931624829769 -0.0015490938676521182 0.04371262714266777
v -0.006135204806923866 -0.001641881070099771 0.0437142588198185
v -0.003911809530109167 -0.003070801729336381 0.04405280947685242
v -0.0038770982064306736 -0.0029947152361273766 0.04412100091576576
v 0.003792696399614215 -0.0028097329195588827 0.044196877628564835
v 0.00770485308021307 -0.0009333802736364305 0.04284735769033432
v 0.007196743972599506 -0.0011487831361591816 0.0431683175265789
v 0.007224446628242731 -0.0012495629489421844 0.04318925365805626
v 0.007075085770338774 -0.0009157165186479688 0.04299652948975563
v 0.007672054693102837 -0.0008639979059807956 0.042772915214300156
v 0.0076360199600458145 -0.000813123828265816 0.04268601909279823
v 0.006532000377774239 -0.0011067955056205392 0.0433342382311821
v 0.0059982347302138805 -0.0013811943354085088 0.04365374520421028
v 0.006581918336451054 -0.001179130980744958 0.04339047893881798
v 0.006048629060387611 -0.0014600870199501514 0.04369218274950981
v 0.006627560127526522 -0.0012642315123230219 0.04342998191714287
v 0.0060949670150876045 -0.0015476399566978216 0.0437127947807312
v 0.006666847504675388 -0.001358673209324479 0.043450698256492615
v 0.006135269068181515 -0.0016404680209234357 0.043714430183172226
v 0.006167908199131489 -0.001734853838570416 0.04369698464870453
v 0.007120304275304079 -0.0009782437700778246 0.043069563806056976
v 0.007161510176956654 -0.0010569979203864932 0.04312780871987343
v 0.005461878143250942 -0.0017144319135695696 0.0439099483191967
v 0.0049160136841237545 -0.002081106184050441 0.0440811924636364
v 0.005509450566023588 -0.0017956788651645184 0.0439312569797039
v 0.004958455450832844 -0.0021603070199489594 0.044087328016757965
v 0.005553528666496277 -0.0018815629882737994 0.04393504559993744
v 0.00499816844239831 -0.0022407295182347298 0.04407767206430435
v 0.00559240160509944 -0.0019689977634698153 0.04392088204622269
v 0.005033798515796661 -0.002319790655747056 0.044052284210920334
v 0.005088390316814184 -0.0024636939633637667 0.04395809769630432
v 0.005649038590490818 -0.0021356074139475822 0.04384147748351097
v 0.003822265425696969 -0.002874537603929639 0.04418160021305084
v 0.003838552162051201 -0.0029102389235049486 0.044168345630168915
v 0.0038770949468016624 -0.002994714304804802 0.04412100091576576
v 0.003911807667464018 -0.0030708000995218754 0.04405280575156212
v 0.006191574037075043 -0.0018267864361405373 0.043661344796419144
v 0.006205251440405846 -0.001912456937134266 0.04360887035727501
v -0.0014730185503140092 -0.0038051956798881292 0.044052813202142715
v -7.390612566382515e-10 -0.003921026363968849 0.04405280947685242
v 0.001473018666729331 -0.0038051949813961983 0.04405280947685242
v 0.0029098279774188995 -0.0034605476539582014 0.04405280575156212
v -0.002909828908741474 -0.0034605488181114197 0.04405280947685242
v -0.0028553379233926535 -0.003292688401415944 0.044168341904878616
v 0.0028553383890539408 -0.003292688401415944 0.04416834935545921
v -0.0014454337069764733 -0.0036308816634118557 0.04416834935545921
v 6.076756875472711e-10 -0.00374454353004694 0.044168345630168915
v 0.0014454330084845424 -0.003630880732089281 0.04416834935545921
v 0.005822689738124609 -0.0058174640871584415 0.00017668819054961205
v 0.005764990113675594 -0.005893990397453308 -0.003514113137498498
v 0.005699824541807175 -0.005892431829124689 0.00015404609439428896
v 0.0052514225244522095 -0.006172696594148874 -0.0035141119733452797
v 0.004177444614470005 -0.006664589513093233 -1.615353880879411e-06
v -0.0056998226791620255 -0.005892433226108551 0.00015404382429551333
v -0.004177442751824856 -0.006664591375738382 -1.6126290347528993e-06
v -0.004665547516196966 -0.006451496388763189 -0.0035141168627887964
v -0.0021226864773780107 -0.007240616716444492 -0.0035141105763614178
v -0.0023412778973579407 -0.0071974340826272964 -0.0035141168627887964
v -0.002549468306824565 -0.007190468721091747 -0.00010762474266812205
v -0.002696121810004115 -0.007117913104593754 -0.003514111042022705
v -0.0035231306683272123 -0.006885983981192112 -0.0035141115076839924
v -0.0009029606590047479 -0.007402508985251188 -0.003514115232974291
v -0.0008570425561629236 -0.007456773426383734 -0.0001613089843885973
v 0.00031696169753558934 -0.007433613762259483 -0.00351411453448236
v 0.0008570441277697682 -0.007456773426383734 -0.00016130736912600696
v 0.0009056736016646028 -0.007402294781059027 -0.0035141173284500837
v 0.00413365988060832 -0.006670990493148565 -0.0035141105763614178
v 0.002969386987388134 -0.0070485929027199745 -0.0035141122061759233
v 0.0025494671426713467 -0.007190468721091747 -0.00010762284364318475
v 0.0017609144560992718 -0.00730251194909215 -0.00351411453448236
v 0.0015338491648435593 -0.007335338741540909 -0.0035141161642968655
v 0.006215216126292944 -0.005498160608112812 0.00015917434939183295
v 0.006767554674297571 -0.004120487254112959 8.34429229144007e-05
v 0.006767554208636284 -0.004160671960562468 -0.003480686340481043
v 0.006698738783597946 -0.004678791854530573 -0.003496663412079215
v 0.006703120190650225 -0.004621879663318396 0.0001110141965909861
v 0.006498720496892929 -0.005161553621292114 -0.0035115485079586506
v 0.006515401415526867 -0.005091228522360325 0.000136819391627796
v 0.006447956431657076 -0.00524470629170537 -0.0035141140688210726
v 0.006169849541038275 -0.005585715640336275 -0.0035141161642968655
v 0.0067669996060431 -0.004193918313831091 -0.0035141122061759233
v 0.006681022234261036 -0.0047416421584784985 -0.003514111740514636
v 0.006767415441572666 -0.004160483833402395 -0.003514110343530774
v 0.0067675551399588585 -0.004127046559005976 -0.003514115232974291
v 0.006767554208636284 -0.00027442650753073394 0.0001420774351572618
v 0.006767553277313709 -0.0017635811818763614 -0.0035141154658049345
v 0.006767553277313709 -0.0017894593765959144 -0.0027532826643437147
v 0.006767553742974997 -0.001565552898682654 -0.0016575155314058065
v 0.006767554674297571 -0.00104702974203974 -0.0006665743421763182
v 0.007094494998455048 1.611413426871877e-05 -0.0002262111083837226
v 0.007267555687576532 -0.0012903993483632803 -0.002783908974379301
v 0.007094494998455048 -0.0013212451012805104 -0.0027820193208754063
v 0.007094495464116335 -0.0011235966812819242 -0.0018147624796256423
v 0.0072675542905926704 -0.0012587616220116615 -0.003514116397127509
v 0.007162516005337238 -0.0012700418010354042 -0.0035141136031597853
v 0.0072675542905926704 -0.0006407726905308664 -0.0009580444893799722
v 0.007267553824931383 -0.000908882706426084 -0.001396458363160491
v 0.0072675542905926704 -0.0010944805108010769 -0.001825119135901332
v 0.007094495929777622 -0.0006658831262029707 -0.0009400253184139729
v 0.0072675542905926704 3.525490319589153e-05 -0.00025047140661627054
v 0.006914001423865557 -5.5448901548516005e-05 -0.00013549426512327045
v 0.006798458285629749 -0.0001672404760029167 6.208799277374055e-06
v 0.006798457354307175 -0.0009064169717021286 -0.0007674580556340516
v 0.006798458285629749 -0.0014025067212060094 -0.001715527381747961
v 0.006798459216952324 -0.0016167265130206943 -0.002763880882412195
v 0.0067961737513542175 -0.001595383626408875 -0.0035141108091920614
v 0.006914002355188131 -0.001436570892110467 -0.002774936845526099
v 0.006913964636623859 -0.0014067951124161482 -0.0035141126718372107
v 0.006878897547721863 -0.001446147565729916 -0.0035141154658049345
v 0.007094448432326317 -0.0012900219298899174 -0.0035141101107001305
v 0.0070062060840427876 -0.0013332981616258621 -0.00351411709561944
v 0.006914000958204269 -0.0007597626536153257 -0.000872675096616149
v 0.006914000958204269 -0.00123245466966182 -0.001776026445440948
v 0.009203760884702206 -0.0009080208837985992 -0.001396562671288848
v 0.009170662611722946 -0.0010314051760360599 -0.0016610134625807405
v 0.009104118682444096 -0.0012686292175203562 -0.002569622825831175
v 0.009099735878407955 -0.0012587611563503742 -0.0035141161642968655
v 0.00928722508251667 -0.0005529163754545152 -0.0008436791249550879
v 0.009377332404255867 -0.00011585214815568179 -0.000379792763851583
v 0.009420741349458694 0.00012027004413539544 -0.00018794073548633605
v 0.009544099681079388 0.0009442460141144693 0.00026649123174138367
v 0.009633312001824379 0.001862711040303111 0.00048322477960027754
v 0.009681242518126965 0.0035239020362496376 0.00024261270300485194
v 0.009677493944764137 0.0028079587500542402 0.0004466763639356941
v 0.009657345712184906 0.00226000789552927 0.0004986432031728327
v 0.009594553150236607 -0.0016767298802733421 -0.002536269137635827
v 0.009659210219979286 -0.0014101217966526747 -0.0015439605340361595
v 0.009585553780198097 -0.0018997546285390854 -0.0025086363311856985
v 0.009657391346991062 -0.0016137341735884547 -0.001459132763557136
v 0.009715999476611614 -0.0013452329440042377 -0.000937995093408972
v 0.009767279960215092 -0.0008838477078825235 -0.0006582825444638729
v 0.009775673970580101 -0.001053115469403565 -0.000527222000528127
v 0.009894493035972118 -0.00013673435023520142 6.08269838267006e-05
v 0.009913510642945766 -0.000261217966908589 0.00022497662575915456
v 0.010012912563979626 0.000779421185143292 0.000561447930522263
v 0.010040479712188244 0.0007055160240270197 0.0007459961925633252
v 0.010099472478032112 0.0018019162816926837 0.0008014958584681153
v 0.010132024064660072 0.0017810588469728827 0.0009944656630977988
v 0.010143406689167023 0.0028543800581246614 0.0007629152969457209
v 0.01017722487449646 0.0028870925307273865 0.000952974078245461
v 0.009621693752706051 7.472090510418639e-05 -0.0001681400026427582
v 0.009739654138684273 0.000910929695237428 0.0002970639616250992
v 0.009825846180319786 0.0018467310583218932 0.0005205972120165825
v 0.00986943393945694 0.0028109243139624596 0.0004849559918511659
v 0.009323365986347198 -0.0013206418370828032 -0.002570646582171321
v 0.009319816716015339 -0.0013105971738696098 -0.003514111740514636
v 0.00926337018609047 -0.001286790706217289 -0.0035141143016517162
v 0.009495033882558346 -0.000604635919444263 -0.0008349742274731398
v 0.009387539699673653 -0.001081072841770947 -0.0016543685924261808
v 0.009501613676548004 -0.0014670704258605838 -0.0025587400887161493
v 0.009497873485088348 -0.0014597006374970078 -0.0035141101107001305
v 0.009408547542989254 -0.0013672620989382267 -0.00351411709561944
v 0.009578083641827106 -0.0019018969032913446 -0.003514115000143647
v 0.00958390161395073 -0.0016466777306050062 -0.003514113137498498
v 0.009519284591078758 -0.0014908448792994022 -0.003514115232974291
v 0.01003540214151144 0.0028272324707359076 0.0005963242147117853
v 0.009992019273340702 0.001825197134166956 0.0006327336886897683
v 0.009907184168696404 0.0008525534067302942 0.0004011786659248173
v 0.009791686199605465 -1.6587775462539867e-05 -8.007020369404927e-05
v 0.009668144397437572 -0.0007226658053696156 -0.0007691108621656895
v 0.009563670493662357 -0.001217867829836905 -0.0016145771369338036
v 0.008566286414861679 -0.0044838255271315575 -0.001002158154733479
v 0.00907055102288723 -0.003397510154172778 -0.0008364753448404372
v 0.008987559005618095 -0.00344375753775239 0.0021895153913646936
v 0.00922718457877636 -0.0029679385479539633 -0.0035141108091920614
v 0.00926921609789133 0.0025247205048799515 0.033149223774671555
v 0.001063719391822815 -0.0067235552705824375 0.03811774030327797
v 0.002112732967361808 -0.006494739092886448 0.037918101996183395
v 0.003132337238639593 -0.006132615264505148 0.037614792585372925
v 0.004107825458049774 -0.005652922205626965 0.037231896072626114
v 0.0050244880840182304 -0.005071399267762899 0.03679347783327103
v 0.005867629777640104 -0.004403785802423954 0.03632361441850662
v 0.006622534245252609 -0.0036658192984759808 0.03584638237953186
v 0.007275685202330351 -0.00287282420322299 0.035384565591812134
v 0.008280332200229168 -0.001162659958936274 0.03453490883111954
v 0.008305284194648266 -0.0007469682605005801 0.04078404977917671
v 0.008927028626203537 0.0006583637441508472 0.03378819674253464
v 0.009703129529953003 -0.0010629667667672038 0.0022899562027305365
v 0.010068736039102077 0.0014478206867352128 0.0023412597365677357
v 0.007795754354447126 -0.005594085436314344 -0.003514115931466222
v 0.00829976424574852 -0.0048744939267635345 -0.0035141173284500837
v 0.008802948519587517 -0.003960570320487022 -0.0035141108091920614
v 0.004480615723878145 -0.008103780448436737 -0.0018203782383352518
v 0.0034154660534113646 -0.008453045971691608 -0.0019459150498732924
v 0.003890410764142871 -0.008203617297112942 -0.003514113835990429
v 0.0035237425472587347 -0.008314155973494053 -0.0035141101107001305
v 0.002303171204403043 -0.008693244308233261 -0.0020436968188732862
v 0.0022883815690875053 -0.008588806726038456 -0.0035141101107001305
v 0.0011594429379329085 -0.008831866085529327 -0.0021071769297122955
v 0.0009789339965209365 -0.00873980950564146 -0.003514113835990429
v 0.0011192450765520334 -0.007655342109501362 0.014353482984006405
v 0.0011252249823883176 -0.007944527082145214 0.012033903039991856
v 0.0022349888458848 -0.007768472656607628 0.012045374140143394
v 0.0011341177159920335 -0.008593542501330376 0.007193110417574644
v 0.0022528041154146194 -0.008440584875643253 0.007231548894196749
v 0.00227843108586967 -0.008792465552687645 0.0013891415437683463
v 0.002262618625536561 -0.008688000030815601 0.004469576757401228
v 0.0033554676920175552 -0.008433745242655277 0.004541016649454832
v 0.0011124147567898035 -0.007456542458385229 0.01686170883476734
v 0.0022231205366551876 -0.007459754124283791 0.014347271993756294
v 0.0033138266298919916 -0.0074778962880373 0.012058477848768234
v 0.0033406298607587814 -0.008181060664355755 0.007286325097084045
v 0.004402165301144123 -0.008068741299211979 0.004626180976629257
v 0.007074693683534861 -0.006002046633511782 0.007516930345445871
v 0.006238736677914858 -0.006363756954669952 0.009868830442428589
v 0.0062646265141665936 -0.006725460756570101 0.007472749333828688
v 0.0053168656304478645 -0.006562499329447746 0.01206993218511343
v 0.005361970514059067 -0.0073272595182061195 0.007414518855512142
v 0.006295559927821159 -0.006985604763031006 0.004803346935659647
v 0.0071114907041192055 -0.006257034372538328 0.004878210369497538
v 0.007820885628461838 -0.0053983149118721485 0.00493309460580349
v 0.00881632138043642 -0.0028452076949179173 0.009796255268156528
v 0.00833026971668005 -0.003868936328217387 0.009843056090176105
v 0.008372514508664608 -0.004194776993244886 0.007541176863014698
v 0.009706993587315083 0.0022579957731068134 0.015035686083137989
v 0.009453898295760155 -0.0003361237177159637 0.011606789194047451
v 0.009801536798477173 0.0019071400165557861 0.011391641572117805
v 0.00956224836409092 -0.0008438763907179236 0.007440285757184029
v 0.009918724186718464 0.0015796145889908075 0.007314122281968594
v 0.0096284793689847 -0.0009964860510081053 0.004958558827638626
v 0.008919659070670605 -0.0033477589022368193 0.004980194848030806
v 0.008484981022775173 -0.004529282450675964 0.002118718344718218
v 0.007956599816679955 -0.0054678465239703655 -0.0011715861037373543
v 0.00723602157086134 -0.006326635368168354 -0.0013428260572254658
v 0.007142756599932909 -0.006318195722997189 -0.0035141108091920614
v 0.006406607571989298 -0.007048068568110466 -0.001512280199676752
v 0.006398133002221584 -0.006946588400751352 -0.0035141143016517162
v 0.005482901353389025 -0.007637952920049429 -0.0016736462712287903
v 0.005872663576155901 -0.007301309611648321 -0.003514111740514636
v 0.004927573725581169 -0.0078040617518126965 -0.0035141119733452797
v 0.003379012690857053 -0.008543460629880428 0.0014748662943020463
v 0.004433237947523594 -0.008183887228369713 0.0015803684946149588
v 0.005425652954727411 -0.0077074188739061356 0.0016972629819065332
v 0.006340801250189543 -0.007107728160917759 0.0018171729752793908
v 0.00716323172673583 -0.006378489080816507 0.001931728096678853
v 0.007878647185862064 -0.00551496259868145 0.002033066004514694
v 0.008421791717410088 -0.004421410150825977 0.004966355860233307
v 0.008864209987223148 -0.003142833011224866 0.00752306031063199
v 0.00841454416513443 -0.0012914170511066914 0.027187081053853035
v 0.007391829043626785 -0.003082102630287409 0.02796737104654312
v 0.008560349233448505 -0.0014079095562919974 0.0208439938724041
v 0.007515185046941042 -0.0032150563783943653 0.021452205255627632
v 0.008622377179563046 -0.0015441736904904246 0.018156152218580246
v 0.007569790352135897 -0.0033569636289030313 0.018658630549907684
v 0.007619266398251057 -0.003600506344810128 0.01619027368724346
v 0.008198740892112255 -0.0027108073700219393 0.01600237935781479
v 0.008677293546497822 -0.0017709486419335008 0.01580200530588627
v 0.009417090564966202 0.0024920327123254538 0.025933995842933655
v 0.009072234854102135 0.0005865440471097827 0.026496844366192818
v 0.009585117921233177 0.002439243718981743 0.01979404129087925
v 0.009233662858605385 0.0004989992594346404 0.020269712433218956
v 0.00929964054375887 0.00039102562004700303 0.017659258097410202
v 0.009356578812003136 0.0002128292981069535 0.01539582572877407
v 0.0021286746487021446 -0.006834459025412798 0.03404529020190239
v 0.003155942540615797 -0.006445546634495258 0.033755529671907425
v 0.002145456150174141 -0.007024502381682396 0.030136842280626297
v 0.0031809585634618998 -0.006619949825108051 0.029886184260249138
v 0.0010717518161982298 -0.007081229705363512 0.034235648810863495
v 0.0010801710886880755 -0.007281786762177944 0.03030060976743698
v 0.004138721618801355 -0.005932798143476248 0.033388882875442505
v 0.005062183365225792 -0.005314517300575972 0.03296785429120064
v 0.005911502055823803 -0.004609010647982359 0.03251495957374573
v 0.006727386265993118 -0.003925986588001251 0.028379561379551888
v 0.0010969805298373103 -0.007373240310698748 0.022943196818232536
v 0.0021789404563605785 -0.007122118026018143 0.022850824519991875
v 0.0032308551017194986 -0.006726063322275877 0.022705920040607452
v 0.0021947503555566072 -0.007143338676542044 0.019664017483592033
v 0.0032543002162128687 -0.0067686960101127625 0.019570017233490944
v 0.002209573518484831 -0.007239904720336199 0.016832640394568443
v 0.0032762293703854084 -0.006892811041325331 0.01678295060992241
v 0.0032962430268526077 -0.007142129819840193 0.014332777820527554
v 0.004323244094848633 -0.006709309294819832 0.014306611381471157
v 0.004346273373812437 -0.007075128611177206 0.012068305164575577
v 0.0043821632862091064 -0.007811205927282572 0.007349849678575993
v 0.005387323908507824 -0.007587767671793699 0.004716481547802687
v 0.007777917664498091 -0.005154586397111416 0.0075400457717478275
v 0.007741384673863649 -0.004807779099792242 0.009872443042695522
v 0.007043664343655109 -0.005643206648528576 0.009881033562123775
v 0.00701064383611083 -0.00521698035299778 0.012028946541249752
v 0.006210144143551588 -0.005942340008914471 0.012058451771736145
v 0.006177386734634638 -0.005525432527065277 0.014205723069608212
v 0.005288752261549234 -0.0061681317165493965 0.014265391044318676
v 0.005257010459899902 -0.00585296843200922 0.0166176725178957
v 0.004297126550227404 -0.006426689680665731 0.016711629927158356
v 0.005222102161496878 -0.005665487609803677 0.01928570494055748
v 0.004268460441380739 -0.006270936224609613 0.019443031400442123
v 0.0051844678819179535 -0.005572735797613859 0.022288082167506218
v 0.0042377058416605 -0.0062034716829657555 0.022515878081321716
v 0.0051030670292675495 -0.005448427051305771 0.029197178781032562
v 0.004171793814748526 -0.006087976507842541 0.029566876590251923
v 0.008771399036049843 -0.0024787758011370897 0.011814804747700691
v 0.008288971148431301 -0.003471344942227006 0.011904061771929264
v 0.007704099640250206 -0.004389527719467878 0.011977040208876133
v 0.006973776035010815 -0.004788051825016737 0.01412422489374876
v 0.006140634883195162 -0.005183076485991478 0.016500046476721764
v 0.006100093480199575 -0.00496777705848217 0.019100705161690712
v 0.006056120619177818 -0.004852251149713993 0.02202993631362915
v 0.005959897767752409 -0.0047211493365466595 0.028795327991247177
v 0.008726075291633606 -0.0020993284415453672 0.013747242279350758
v 0.00824578944593668 -0.003062340198084712 0.013890222646296024
v 0.007663741707801819 -0.003963220398873091 0.01401805505156517
v 0.006932742428034544 -0.004428443498909473 0.01635775715112686
v 0.006887307856231928 -0.004193232860416174 0.018890684470534325
v 0.006837642285972834 -0.0040604122914373875 0.02174883522093296
v -0.006602772511541843 0.009325453080236912 0.04191702976822853
v -0.006432943977415562 0.009623943828046322 0.042120084166526794
v -0.002748965285718441 0.00962295476347208 0.042120084166526794
v -0.002749677747488022 0.006967366673052311 0.040313828736543655
v -0.0073037296533584595 0.004065420012921095 0.039675019681453705
v -0.0027504570316523314 0.00406419625505805 0.039675023406744
v -0.007439188659191132 0.004816870670765638 0.039622463285923004
v -0.0027500514406710863 0.005577326752245426 0.03971472010016441
v -0.005892143119126558 0.0011298959143459797 0.0393579937517643
v -0.006311590783298016 0.0017186772311106324 0.03955493122339249
v -0.006311589851975441 0.0017231680685654283 0.033618997782468796
v -0.006953391246497631 0.0029591775964945555 0.03974501043558121
v -0.0071981120854616165 0.003663483541458845 0.03972645103931427
v -0.007197661325335503 0.0036665620282292366 0.03362047299742699
v -0.006639786530286074 0.0022823966573923826 0.03967738151550293
v -0.0031172046437859535 -0.0010494812158867717 0.03696723282337189
v -0.0035640744026750326 -0.0008270116522908211 0.03696740046143532
v -0.004913648124784231 0.00010834431304829195 0.0336177758872509
v -0.0035640751011669636 -0.0008278160239569843 0.03803060203790665
v -0.004262253642082214 -0.0004002380301244557 0.038436055183410645
v -0.004913646262139082 0.00010440971527714282 0.03881791979074478
v -0.005425445269793272 0.0005921356496401131 0.03910934925079346
v 0.0031171583104878664 -0.001046967227011919 0.03361690789461136
v 0.0010679052211344242 -0.0016515509923920035 0.036966778337955475
v 0.0010679049883037806 -0.0016490158159285784 0.03361644595861435
v -0.0010679560946300626 -0.0016515436582267284 0.036966778337955475
v -0.0010679549304768443 -0.001649009296670556 0.033616453409194946
v -0.0031172032468020916 -0.0010469467379152775 0.03361690789461136
v 0.0042611900717020035 -0.00040097205783240497 0.0384373739361763
v 0.003560528624802828 -0.0008297294843941927 0.03803059831261635
v 0.003560529323294759 -0.0008289252291433513 0.03696739673614502
v 0.004913609009236097 0.00010437599121360108 0.03881965950131416
v 0.004913608077913523 0.00010831162217073143 0.0336177796125412
v 0.003117160638794303 -0.0010495021706447005 0.03696722909808159
v 0.005422662012279034 0.0005892221815884113 0.03910934180021286
v 0.00631156237795949 0.0017231260426342487 0.033618997782468796
v 0.005889721680432558 0.0011268206872045994 0.039358023554086685
v 0.0071976459585130215 0.003661894705146551 0.039726242423057556
v 0.006952876225113869 0.0029579035472124815 0.03974510356783867
v 0.007197645492851734 0.003666514065116644 0.03362046927213669
v 0.0066379099152982235 0.0022788294591009617 0.03967738524079323
v 0.006311564706265926 0.0017186340410262346 0.03955584764480591
v 0.0074974545277655125 0.00557457422837615 0.03971472382545471
v 0.007439306937158108 0.004817817360162735 0.03962258622050285
v 0.007302813697606325 0.004061495885252953 0.039675019681453705
v 0.007273314520716667 0.003967249300330877 0.003637814661487937
v 0.007423661649227142 0.004730257671326399 0.003147940617054701
v 0.00742366211488843 0.004714768845587969 0.02362126111984253
v 0.004456967115402222 0.011835534125566483 -0.004621559288352728
v 0.004054807126522064 0.012112990021705627 -0.004740359727293253
v 0.00312310503795743 0.012622575275599957 -0.004969687666743994
v 0.0021129946690052748 0.013000095263123512 -0.005148561671376228
v -0.006822237744927406 0.0026665176264941692 0.02361971326172352
v -0.006822855211794376 0.0026827517431229353 0.003949223086237907
v -0.00675842072814703 0.0025452806148678064 0.003951925318688154
v -0.005668121390044689 0.0008855549967847764 0.003950673621147871
v -0.005668123252689838 0.0008706760709173977 0.02361834980547428
v -0.006310786120593548 0.001729481155052781 0.023618999868631363
v -0.007423660717904568 0.004730257671326399 0.00314793991856277
v -0.007273314520716667 0.003967249765992165 0.003637810470536351
v -0.00742366025224328 0.0047147683799266815 0.02362125925719738
v -0.0070824879221618176 0.003329613944515586 0.0038598233368247747
v -0.0071971220895648 0.0036722912918776274 0.023620471358299255
v -0.007469593081623316 0.005123240873217583 0.002752176020294428
v -0.007423659786581993 0.006866849958896637 0.0006774114444851875
v -0.005668122321367264 0.010714381001889706 -0.0038634559605270624
v -0.006137294229120016 0.01011328212916851 -0.0031855939887464046
v -0.00682224053889513 0.008916947990655899 -0.0017620475264266133
v -0.007196197751909494 0.00791342556476593 -0.0005679330206476152
v -0.004054806660860777 0.012112990953028202 -0.004740361124277115
v -0.004456967581063509 0.011835534125566483 -0.00462156068533659
v -0.005005668383091688 0.011388413608074188 -0.00438428670167923
v -0.005481258034706116 0.010922223329544067 -0.004044970031827688
v -0.0031231041066348553 0.012622576206922531 -0.004969690926373005
v -0.0021129928063601255 0.013000095263123512 -0.005148559808731079
v -0.001511821523308754 0.01314999908208847 -0.0052216327749192715
v -0.0007603807607665658 0.013265351764857769 -0.005278646945953369
v 1.0137080064254178e-09 0.013304011896252632 -0.005297900643199682
v 0.0007604341371916234 0.013265347108244896 -0.005278644617646933
v 0.0015058921417221427 0.013151218183338642 -0.005222232546657324
v 0.004688249435275793 0.011647370643913746 0.008879398927092552
v 0.005668122787028551 0.010714381001889706 -0.003863454330712557
v 0.005481198895722628 0.010922287590801716 -0.004045022185891867
v 0.005005649756640196 0.011388430371880531 -0.004384293686598539
v 0.006137295160442591 0.01011328212916851 -0.0031855956185609102
v 0.0068222410045564175 0.008916947059333324 -0.0017620434518903494
v 0.00719619682058692 0.00791342556476593 -0.0005679280147887766
v 0.007423661183565855 0.006866849958896637 0.0006774126668460667
v 0.007469592150300741 0.005123239941895008 0.0027521804440766573
v 0.007081590127199888 0.003327041631564498 0.0038604375440627337
v 0.007197109516710043 0.0036722426302731037 0.023620471358299255
v 0.0068222410045564175 0.00268139922991395 0.003949275705963373
v 0.006822238676249981 0.0026665183249861 0.02361971139907837
v 0.006758420262485743 0.0025452810805290937 0.003951923456043005
v 0.006310759112238884 0.0017294386634603143 0.023618999868631363
v 0.0056681218557059765 0.0008855554624460638 0.003950668033212423
v 0.005668121390044689 0.000870675896294415 0.02361834980547428
v 0.0049128057435154915 0.00011518033716129139 0.023617779836058617
v 0.00405480433255434 -0.0005123901064507663 0.003949613310396671
v 0.0040548075921833515 -0.0005272701964713633 0.023617295548319817
v 0.0031165792606770992 -0.0010396669385954738 0.023616906255483627
v 0.002112993272021413 -0.0013991856249049306 0.003948939964175224
v 0.0021129928063601255 -0.0014140651328489184 0.023616623133420944
v 0.0010676962556317449 -0.0016414810670539737 0.023616449907422066
v -4.71593819550975e-10 -0.001702988287433982 0.003948710393160582
v -1.095889601288036e-09 -0.0017178679117932916 0.02361639402806759
v -0.002112994436174631 -0.0013991858577355742 0.0039489418268203735
v -0.0010677446844056249 -0.0016414737328886986 0.023616449907422066
v -0.0021129949018359184 -0.001414065482094884 0.023616624996066093
v -0.004054805729538202 -0.0005123902810737491 0.003949610982090235
v -0.003116625128313899 -0.001039645983837545 0.023616909980773926
v -0.004054806660860777 -0.0005272698472253978 0.023617293685674667
v -0.004912842996418476 0.00011521324631758034 0.023617779836058617
v -0.006025027018040419 0.010248566046357155 0.023625444620847702
v -0.00463585602119565 0.011677793227136135 0.023626524955034256
v -0.002919289516285062 0.012690655887126923 0.02362729236483574
v -0.000996554852463305 0.01321562472730875 0.023627692833542824
v 0.0009965553181245923 0.013215623795986176 0.023627690970897675
v 0.0029192885849624872 0.012690655887126923 0.023627297952771187
v 0.004635854624211788 0.01167779229581356 0.023626528680324554
v 0.006025025621056557 0.010248566046357155 0.023625444620847702
v 0.0017499998211860657 0.0007999998633749783 6.036725608282723e-07
v 0.0015155464643612504 0.004399335943162441 0.0008783298544585705
v 0.0015155448345467448 0.0007993376348167658 0.0008756059687584639
v 0.000875000492669642 0.004398851655423641 0.0015188755933195353
v 0.0008749988628551364 0.0007988532306626439 0.0015161517076194286
v 5.226146182479852e-10 0.004398674238473177 0.001753331976942718
v -1.1301892755000154e-09 0.0007986757555045187 0.0017506080912426114
v -0.0008749983971938491 0.004398851189762354 0.0015188748948276043
v -0.0008750000270083547 0.0007988530560396612 0.0015161510091274977
v -0.001515543437562883 0.0043993364088237286 0.0008783289231359959
v -0.0015155450673773885 0.0007993379258550704 0.0008756050374358892
v -0.0017499999376013875 0.00439999857917428 3.3269013783865375e-06
v -0.001750001567415893 0.0008000001544132829 6.03035573476518e-07
v -0.0015155435539782047 0.0044006602838635445 -0.0008716681622900069
v -0.0015155451837927103 0.0008006616844795644 -0.0008743919897824526
v -0.000875001132953912 0.004401145037263632 -0.001512213028036058
v -0.000874999153893441 0.0008011461468413472 -0.0015149377286434174
v -1.1912675290659536e-09 0.004401322454214096 -0.0017466694116592407
v 8.16647138801585e-10 0.0008013235637918115 -0.0017493941122666001
v 0.0008750013075768948 0.0044011445716023445 -0.0015122131444513798
v 0.0008749996777623892 0.00080114632146433 -0.0015149370301514864
v 0.0015155449509620667 0.0044006602838635445 -0.0008716745069250464
v 0.001515544718131423 0.0008006614516489208 -0.000874391058459878
v 0.0017500014510005713 0.00439999857917428 3.3275453006353928e-06
v -0.0038478465285152197 0.00440202048048377 -0.002669769339263439
v -0.004456966184079647 0.006453500594943762 -0.004625631496310234
v -0.0015058934222906828 0.006453956477344036 -0.005227299407124519
v -0.0013000876642763615 0.004402413964271545 -0.0031892117112874985
v 0.0015058907447382808 0.006453956477344036 -0.005227301735430956
v 0.0013000891776755452 0.004402413498610258 -0.0031892063561826944
v 0.004456967115402222 0.006453501060605049 -0.004625630099326372
v 0.0038478481583297253 0.00440202048048377 -0.002669766778126359
v -0.006025026086717844 0.010240999981760979 0.03362544625997543
v -0.005420327186584473 0.010958193801343441 0.03362598642706871
v -0.004635854624211788 0.011670227162539959 0.033626530319452286
v -0.003848240477964282 0.012212034314870834 0.03362693265080452
v -0.0029192885849624872 0.012683089822530746 0.03362729400396347
v -0.0019995218608528376 0.013003110885620117 0.03362753614783287
v -0.0009965553181245923 0.013208059594035149 0.03362768888473511
v -7.0652431531925686e-06 0.013274559751152992 0.03362773731350899
v 0.0009965549688786268 0.013208059594035149 0.03362768515944481
v 0.001985902665182948 0.013006864115595818 0.03362753242254257
v 0.0029192881193012 0.012683089822530746 0.03362729400396347
v 0.003836108138784766 0.012219270691275597 0.03362694010138512
v 0.004635854158550501 0.011670227162539959 0.03362652286887169
v 0.005410553887486458 0.010968394577503204 0.03362599015235901
v 0.006025024689733982 0.010240999981760979 0.033625442534685135
v -0.002748127095401287 0.012747769244015217 0.040467873215675354
v -0.0027481236029416323 0.01274709403514862 0.041358549147844315
v -0.001999520231038332 0.012997262179851532 0.04135873168706894
v 0.0027518724091351032 0.012746290303766727 0.04046787694096565
v 0.002787214471027255 0.012732069008052349 0.04070437327027321
v 0.002881073858588934 0.012693596072494984 0.040922291576862335
v 0.003836111631244421 0.012213067151606083 0.04182567074894905
v 0.004096003249287605 0.012050975114107132 0.04198189824819565
v 0.004592889454215765 0.011697253212332726 0.04222554713487625
v 0.005076791625469923 0.011288454756140709 0.042391300201416016
v 0.005410556215792894 0.010961715131998062 0.04245464876294136
v 0.005879370961338282 0.010424393229186535 0.04244042560458183
v 0.00617857463657856 0.010019474662840366 0.04232998192310333
v 0.006435011513531208 0.009620487689971924 0.042120084166526794
v 0.006596061401069164 0.009337874129414558 0.04192788526415825
v 0.003162861568853259 0.012569229118525982 0.04128885269165039
v -0.0028773860540241003 0.012695127166807652 0.04092235490679741
v -0.0027839248068630695 0.012733384035527706 0.040705885738134384
v -0.0038482400123029947 0.012205823324620724 0.04183564335107803
v -0.003159205662086606 0.01257092785090208 0.04128885641694069
v -0.0015097369905561209 0.013115187175571918 0.0413588285446167
v -7.061980795697309e-06 0.013268710114061832 0.04135894030332565
v 0.0015097404830157757 0.013115187175571918 0.0413588285446167
v 0.001985902199521661 0.013001014478504658 0.041358739137649536
v 0.0027518747374415398 0.012745617888867855 0.04135854169726372
v -0.004590613767504692 0.011699016205966473 0.042225927114486694
v -0.005073826760053635 0.011291181668639183 0.04239129647612572
v -0.005420329514890909 0.010951514355838299 0.04245603084564209
v -0.006177649367600679 0.010020817629992962 0.04232921451330185
v -0.005876871291548014 0.01042755227535963 0.04244042560458183
v -0.002749877516180277 0.006217736750841141 0.04362240433692932
v 0.002750121057033539 0.006216260138899088 0.04362240061163902
v -0.002749932464212179 0.006016207858920097 0.044372253119945526
v 0.0027500675059854984 0.00601473031565547 0.044372253119945526
v -0.0027500800788402557 0.005466754548251629 0.04492087662220001
v 0.0027499182615429163 0.005465277470648289 0.044920872896909714
v -0.002750283805653453 0.004716603551059961 0.04512126371264458
v 0.0027497161645442247 0.004715126007795334 0.045121267437934875
v -0.002750482875853777 0.003966755233705044 0.04491974040865898
v 0.0027495156973600388 0.003965278156101704 0.04491973668336868
v -0.002750630024820566 0.003418132197111845 0.04437028989195824
v 0.002749368315562606 0.0034166553523391485 0.04437028244137764
v -0.0027506863698363304 0.0032177388202399015 0.04362013190984726
v 0.002749313600361347 0.0032162610441446304 0.04362013563513756
v -0.0027506311889737844 0.0034192679449915886 0.04287028685212135
v 0.0027493685483932495 0.0034177901688963175 0.04287028685212135
v -0.002750482177361846 0.0039687203243374825 0.042321667075157166
v 0.002749516163021326 0.003967243246734142 0.04232166334986687
v -0.0027502798475325108 0.004718872252851725 0.042121272534132004
v 0.0027497184928506613 0.0047173951752483845 0.04212126508355141
v -0.0027500810101628304 0.005468720570206642 0.0423227958381176
v 0.0027499187272042036 0.005467242561280727 0.0423227995634079
v -0.0027499322313815355 0.006017342675477266 0.04287225380539894
v 0.0027500661090016365 0.0060158660635352135 0.04287225008010864
v 0.002750114072114229 0.006191173102706671 0.0483180433511734
v 0.0027501792646944523 0.006424484308809042 0.04829994961619377
v 0.0027502754237502813 0.006789728533476591 0.048255689442157745
v 0.002749780658632517 0.004949038382619619 0.0482826754450798
v 0.002749783918261528 0.0049561369232833385 0.04828350618481636
v 0.0027500451542437077 0.00593501515686512 0.04832889884710312
v 0.0027510959189385176 0.009849346242845058 0.04701274633407593
v 0.0027508363127708435 0.008880254812538624 0.04759834706783295
v 0.002748640486970544 0.0006990648107603192 0.04614841938018799
v 0.002748496364802122 0.00017192693485412747 0.045521192252635956
v 0.002748466096818447 5.219821468926966e-05 0.0453554205596447
v 0.0027482248842716217 -0.0008337339968420565 0.043612655252218246
v 0.002748824656009674 0.0013868361711502075 0.04678400978446007
v 0.0027487848419696093 0.0012357871746644378 0.046658605337142944
v 0.0027496162801980972 0.004332647193223238 0.048181675374507904
v 0.0027493981178849936 0.003534147748723626 0.04796365648508072
v 0.002749277278780937 0.00306540634483099 0.04778626561164856
v 0.0027518020942807198 0.012470265850424767 0.04329408332705498
v 0.00275158672593534 0.011668765917420387 0.04507725313305855
v 0.0027512458618730307 0.01040403638035059 0.04656808450818062
v 0.0027512151282280684 0.010289116762578487 0.046668022871017456
v 0.0027508095372468233 0.008775361813604832 0.047649532556533813
v 0.0027507247868925333 0.008465942926704884 0.04778819531202316
v 0.002750309882685542 0.006910599302500486 0.04823670536279678
v 0.0027499482966959476 0.005575848743319511 0.03971472382545471
v 0.00275032059289515 0.006965889595448971 0.04031382128596306
v 0.002751033054664731 0.00962147768586874 0.042120080441236496
v 0.0027512514498084784 0.010425233282148838 0.04244042560458183
v 0.0027514821849763393 0.011289078742265701 0.042391300201416016
v 0.0027518332935869694 0.012589153833687305 0.04282262176275253
v 0.002751686377450824 0.012051337398588657 0.04198189824819565
v 0.002751825377345085 0.012569340877234936 0.04128885269165039
v 0.00274822604842484 -0.0008295111474581063 0.03803059831261635
v 0.002748607425019145 0.0005899405805394053 0.03910934180021286
v 0.00274906144477427 0.0022798741701990366 0.03967738524079323
v 0.0027495413087308407 0.004062719643115997 0.039675015956163406
v -0.0027517739217728376 -0.0008280335459858179 0.03803059458732605
v 0.0017965184524655342 -0.0008340926142409444 0.04442334920167923
v -0.0018000603886321187 -0.0008331267163157463 0.04442334920167923
v -0.002751773688942194 -0.0008322570356540382 0.043612658977508545
v -0.000626866880338639 -0.0008337681065313518 0.04485529288649559
v 0.0006233215681277215 -0.0008341041393578053 0.04485529288649559
v -0.002748415106907487 0.011670242995023727 0.045077256858348846
v -0.002748197643086314 0.012471743859350681 0.04329407960176468
v -0.0027503864839673042 0.004332069773226976 0.048181239515542984
v -0.002750219078734517 0.0049505154602229595 0.0482826754450798
v -0.0027485175523906946 0.011290556751191616 0.04239129647612572
v -0.0027487485203891993 0.010426710359752178 0.04244042560458183
v -0.002749162260442972 0.008881731890141964 0.047598354518413544
v -0.0027491904329508543 0.008776839822530746 0.047649528831243515
v -0.002749514300376177 0.007578167133033276 0.048092395067214966
v -0.0027496935799717903 0.006912077311426401 0.048236701637506485
v -0.002748901955783367 0.009846601635217667 0.04701579734683037
v -0.0027487832121551037 0.010290593840181828 0.046668026596307755
v -0.0027487538754940033 0.01040551345795393 0.04656808078289032
v -0.0027499545831233263 0.005936492700129747 0.04832889884710312
v -0.002749884268268943 0.006191094871610403 0.04831814393401146
v -0.0027483119629323483 0.012052814476191998 0.04198190197348595
v -0.0027481652796268463 0.012590629979968071 0.04282262548804283
v -0.002748172963038087 0.012570817954838276 0.04128885641694069
v -0.0027498207055032253 0.006425961852073669 0.04829994589090347
v -0.0027497224509716034 0.006789600942283869 0.04825592041015625
v -0.002750938292592764 0.002281351713463664 0.03967738151550293
v -0.002751390915364027 0.0005914174253121018 0.03910934925079346
v -0.002750214422121644 0.004957614000886679 0.04828350991010666
v -0.002751363907009363 0.0006940994644537568 0.046141598373651505
v -0.002751503372564912 0.00017340450722258538 0.045521192252635956
v -0.0027515359688550234 5.367566700442694e-05 0.045355428010225296
v -0.002751218620687723 0.0012372653000056744 0.046658601611852646
v -0.00275117508135736 0.001388313714414835 0.04678400605916977
v -0.0027507261838763952 0.0030668843537569046 0.04778626188635826
v -0.00275059905834496 0.003533473238348961 0.047962937504053116
v -0.0014807295519858599 0.012972918339073658 0.04282189533114433
v -0.0013948160922154784 0.012553795240819454 0.04422852396965027
v 1.39181791092291e-10 0.012695634737610817 0.04422862455248833
v -0.001869518542662263 0.003585744882002473 0.04828070104122162
v -0.0009530728566460311 0.004652954172343016 0.048708297312259674
v -0.00115704454947263 0.004867532756179571 0.04870845749974251
v 0.001869517145678401 0.0035857451148331165 0.04828070104122162
v 0.0009530706447549164 0.004652954172343016 0.04870830103754997
v 0.0007100828806869686 0.004483827389776707 0.04870817810297012
v 0.0011318497126922011 0.00840099435299635 0.04828434810042381
v 0.0005770118441432714 0.007107746321707964 0.048710163682699203
v 0.0008358658524230123 0.006964071653783321 0.04871004447340965
v 1.4879074361484612e-10 0.0057630413211882114 0.048853252083063126
v -0.0014164689928293228 0.005396401975303888 0.04870885983109474
v -0.0013136477209627628 0.005118776112794876 0.048708654940128326
v 0.0014612983213737607 0.005689041689038277 0.04870908334851265
v 0.0014463027473539114 0.005984715651720762 0.04870930686593056
v 0.00141646689735353 0.005396401975303888 0.04870885983109474
v 0.0002945347223430872 0.007196374237537384 0.04871022328734398
v -0.0021300341468304396 -0.0006855757092125714 0.04452423006296158
v 0.0022696233354508877 0.004006654489785433 0.048281021416187286
v 0.002576808910816908 0.004499488044530153 0.048281390219926834
v 0.002438920782878995 0.012124109081923962 0.044501371681690216
v 0.0014807275729253888 0.012972919270396233 0.042821891605854034
v -0.002436888637021184 0.012124761007726192 0.04450162500143051
v -0.0026914644986391068 0.006760281976312399 0.04828310385346413
v -0.002573701087385416 0.0011277854209765792 0.04665304720401764
v -0.001866834587417543 -0.0001844644284574315 0.04551553353667259
v -0.0025768105406314135 0.004499488044530153 0.04828139767050743
v -0.0013720967108383775 0.00627131899818778 0.04870952293276787
v -0.0014463000698015094 0.005984714720398188 0.048709314316511154
v -0.0014612986706197262 0.005689041689038277 0.04870908707380295
v 0.002091385656967759 0.010638206265866756 0.046660248190164566
v 0.001639609457924962 0.008119164034724236 0.0482841394841671
v 0.002080241683870554 0.00774089340120554 0.04828384146094322
v 0.0026914626359939575 0.006760281976312399 0.04828310012817383
v 0.0013720961287617683 0.006271318532526493 0.048709530383348465
v 0.0013136446941643953 0.005118776112794876 0.04870865121483803
v 0.0020743156783282757 -0.0008447736618109047 0.044218383729457855
v 0.0018668327247723937 -0.0001844646321842447 0.04551553726196289
v 0.000630887399893254 -0.000438457791460678 0.04551533982157707
v -0.0006308868760243058 -0.00043845802429132164 0.04551533982157707
v 0.0005777520127594471 0.008574842475354671 0.04828447848558426
v 0.0008387629641219974 0.009845474734902382 0.04759236052632332
v -1.369947211227185e-10 0.0072263251058757305 0.04871025308966637
v 0.001060499344021082 0.006771229673177004 0.04870989918708801
v 0.002435712842270732 0.007281664293259382 0.04828349128365517
v 0.0012417164398357272 0.006537117529660463 0.048709724098443985
v 0.0011570433853194118 0.0048675318248569965 0.048708461225032806
v -0.002269625198096037 0.004006654489785433 0.048281021416187286
v -0.0024357133079320192 0.007281663827598095 0.04828350245952606
v -0.0012417142279446125 0.006537117063999176 0.04870972782373428
v -0.0010605002753436565 0.006771229673177004 0.04870990663766861
v -0.0020802454091608524 0.007740892004221678 0.04828384518623352
v -0.0023803426884114742 0.009183930233120918 0.04759186506271362
v -0.0016396109713241458 0.00811916496604681 0.0482841357588768
v -0.0008358664927072823 0.006964070722460747 0.04871005192399025
v 4.893487282053854e-10 0.008633594028651714 0.04828452318906784
v 8.589216560217494e-10 0.009930768050253391 0.04759242758154869
v 8.694902436934271e-11 0.01106799766421318 0.04666057229042053
v -0.0002945355954580009 0.007196374703198671 0.04871022328734398
v 0.0023803457152098417 0.009183930233120918 0.04759186506271362
v 0.0016431903932243586 0.009593084454536438 0.047592174261808395
v 0.0013928760308772326 0.0032539914827793837 0.04828044772148132
v 0.002022144617512822 0.0021207944955676794 0.04758652299642563
v 0.002714121248573065 0.0026024256367236376 0.04758688434958458
v -0.00043802137952297926 0.004367077723145485 0.048708077520132065
v -0.0007100800867192447 0.004483826924115419 0.048708174377679825
v -0.00085920823039487 0.0030249767005443573 0.04828028008341789
v -0.001392878359183669 0.003253991948440671 0.04828044772148132
v -0.0012473796959966421 0.0017883173422887921 0.047586265951395035
v -0.002022143919020891 0.0021207951940596104 0.04758651554584503
v -0.001587613602168858 0.000704621837940067 0.04665272682905197
v -0.0027141228783875704 0.0026024263352155685 0.04758688062429428
v -0.0020913872867822647 0.010638207197189331 0.04666024446487427
v -0.0016431910917162895 0.009593084454536438 0.047592174261808395
v -0.0011318502947688103 0.00840099435299635 0.048284340649843216
v -0.0005770109710283577 0.007107745856046677 0.048710159957408905
v 0.00106754619628191 0.010959438979625702 0.04666048660874367
v 0.001587611623108387 0.0007046214886941016 0.04665272682905197
v 0.0025736994575709105 0.0011277853045612574 0.04665304720401764
v 0.0012473801616579294 0.0017883166437968612 0.04758626967668533
v 0.0008592093363404274 0.0030249771662056446 0.048280276358127594
v 0.00043802245636470616 0.004367076326161623 0.04870808869600296
v 0.00014802705845795572 0.004307481925934553 0.04870803654193878
v 0.0002903633867390454 0.002908077323809266 0.04828018322587013
v 0.00042154581751674414 0.0016186041757464409 0.04758613929152489
v 0.0005365268443711102 0.0004886175156570971 0.04665256664156914
v -0.0005365240504033864 0.0004886173410341144 0.04665256664156914
v -0.0004215470689814538 0.0016186041757464409 0.047586143016815186
v -0.000290365656837821 0.002908076625317335 0.04828018695116043
v -0.00014802727673668414 0.004307481460273266 0.04870804399251938
v -0.0005777509068138897 0.008574843406677246 0.04828447103500366
v -0.0008387669222429395 0.009845475666224957 0.04759236425161362
v -0.0010675452649593353 0.010959438979625702 0.04666048660874367
v -0.0012553008273243904 0.011873926967382431 0.04552465304732323
v 0.0024592112749814987 0.011496198363602161 0.045524369925260544
v 0.0012553032720461488 0.011873926967382431 0.045524660497903824
v 9.993273986097506e-10 0.012001578696072102 0.045524753630161285
v -0.002459210343658924 0.011496198363602161 0.045524369925260544
v 0.0013948153937235475 0.012553795240819454 0.04422852396965027
v 4.742262138535125e-10 0.013123493641614914 0.04282200336456299
v 0.006425000261515379 0.006451478227972984 -0.0019520933274179697
v 0.006424999795854092 0.006450791843235493 -0.0010451185517013073
v 0.004374999552965164 0.0044014789164066315 -0.001953642815351486
v 0.004375000484287739 0.00440079253166914 -0.0010466683888807893
v 0.006425000261515379 0.004398128017783165 0.0024750474840402603
v 0.005345968529582024 0.004398801829665899 0.0015843119472265244
v 0.006425001192837954 0.005919440183788538 0.000504256400745362
v 0.004625488072633743 0.004399731755256653 0.00035554400528781116
v 0.006424999330192804 0.006308834534138441 -0.00028004564228467643
v 0.006424999330192804 0.006372823379933834 -0.0004828738747164607
v -0.004374999087303877 0.00440079253166914 -0.0010466707171872258
v -0.004625489469617605 0.004399731755256653 0.00035554810892790556
v -0.006425001192837954 0.00645079230889678 -0.0010451184352859855
v -0.006425001658499241 0.006310057360678911 -0.0002834665938280523
v -0.006425000727176666 0.004398128483444452 0.002475047716870904
v -0.006424999795854092 0.005319118965417147 0.0013615094358101487
v -0.005345969460904598 0.004398802295327187 0.0015843093860894442
v -0.006424999795854092 0.005738141015172005 0.0007849077228456736
v -0.006425001658499241 0.006223270669579506 -6.623640365432948e-05
v -0.006425000727176666 0.006451478693634272 -0.0019520932110026479
v -0.004375002346932888 0.004401479382067919 -0.0019536446779966354
v -0.006424999795854092 0.00439788680523634 0.0027945656329393387
v -0.004122195299714804 0.004401903599500656 -0.002515152795240283
v -0.004308883100748062 0.004401711747050285 -0.0022615401539951563
v 0.006424999330192804 0.004397887270897627 0.0027945658657699823
v 0.004122195299714804 0.0044019040651619434 -0.002515156287699938
v 0.004308884032070637 0.004401712212711573 -0.0022615408524870872
v -0.006178170908242464 0.006452348083257675 -0.0031015777494758368
v -0.005481198895722628 0.0064530642703175545 -0.004048404283821583
v 0.005481198895722628 0.006453064735978842 -0.004048405215144157
v 0.006178170908242464 0.006452348083257675 -0.0031015798449516296
v 0.006425000261515379 0.003967249300330877 0.003637812566012144
v 0.006424998864531517 0.003757457947358489 0.0037269273307174444
v 0.006424999795854092 0.004092981573194265 0.0035127310547977686
v 0.006425000727176666 0.005123240407556295 0.0027521781157702208
v 0.006425000261515379 0.004318362567573786 0.003184613073244691
v 0.006424999330192804 0.009074991568922997 -0.0019501090282574296
v -0.006425000261515379 0.0037574577145278454 0.0037269270978868008
v -0.006425001192837954 0.004092981573194265 0.0035127310547977686
v -0.006425000727176666 0.004318362567573786 0.003184613073244691
v -0.006424998864531517 0.003967249300330877 0.0036378121003508568
v -0.006425000261515379 0.005123240407556295 0.0027521781157702208
v -0.006425001658499241 0.009074991568922997 -0.0019501089118421078
v -0.006362598389387131 0.009568695910274982 -0.002537574153393507
v 0.006362596992403269 0.009568696841597557 -0.0025375762488693
v 0.0061781699769198895 0.010040395893156528 -0.0030988659709692
v 4.188475677402437e-10 0.0025452806148678064 0.003951928112655878
v 9.44024192151005e-10 0.0007999998051673174 6.029789574313327e-07
v 0.0015117815928533673 0.008267738856375217 0.037073954939842224
v 0.0015006591565907001 0.008221928961575031 0.03707391396164894
v 0.0015117824077606201 0.008266263641417027 0.039023950695991516
v 0.0015006577596068382 0.00822045374661684 0.03902392089366913
v 0.001988546457141638 0.008369329385459423 0.03707402944564819
v 0.0016035353764891624 0.007689939346164465 0.037073515355587006
v 0.001500536105595529 0.007771551143378019 0.03707357868552208
v 0.0016881820047274232 0.008839575573801994 0.037074387073516846
v 0.002098708413541317 0.009142418392002583 0.03707461431622505
v 0.0016881827032193542 0.008838100358843803 0.03902438282966614
v 0.0010470178676769137 0.008043238893151283 0.03562378138303757
v 0.0016035373555496335 0.007691035978496075 0.03562351316213608
v 0.0015014931559562683 0.008661595173180103 0.03562425076961517
v 0.0019885480869561434 0.008370425552129745 0.035624027252197266
v 0.0020987065508961678 0.009143516421318054 0.035624612122774124
v 0.0015005366876721382 0.007770074997097254 0.03902357444167137
v 0.00150149199180305 0.008659022860229015 0.03902424871921539
v 0.0010473732836544514 0.00804127100855112 0.039023783057928085
v 0.0010471594287082553 0.008039794862270355 0.04059601575136185
v 0.0010237829992547631 0.007992451079189777 0.046086058020591736
v 0.0007624310092069209 0.007314334623515606 0.03996984660625458
v 0.0010005858493968844 0.007947851903736591 0.04614512622356415
v 0.0007624319405294955 0.007309169042855501 0.046797677874565125
v 0.0010470162378624082 0.008035370148718357 0.04602519050240517
v 0.0010412109550088644 0.008024796843528748 0.04604058712720871
v 0.0010354014812037349 0.008014120161533356 0.046055857092142105
v 0.0006342468550428748 0.007366111967712641 0.046750377863645554
v 0.0005005671991966665 0.007412824779748917 0.04671024903655052
v 0.0006343017448671162 0.0073712836019694805 0.03988637775182724
v 0.0005005695857107639 0.0074180555529892445 0.03979610651731491
v 0.0005052456981502473 0.00749489339068532 0.03984134644269943
v 0.0009713420877233148 0.008042169734835625 0.040535420179367065
v 0.0008639557636342943 0.008019826374948025 0.04043521359562874
v 0.0007885447121225297 0.007985030300915241 0.040353745222091675
v 0.0005972886574454606 0.007788034155964851 0.04008295387029648
v 0.0011653515975922346 0.0080097746104002 0.039023760706186295
v 0.0013359455624595284 0.007883590646088123 0.039023663848638535
v 0.0011967300670221448 0.00796010997146368 0.046063218265771866
v 0.0013226659502834082 0.007886628620326519 0.04603186249732971
v 0.0013359475415199995 0.00787829514592886 0.0460236594080925
v 0.001000609016045928 0.008039068430662155 0.04602377861738205
v 0.0011653510155156255 0.008004479110240936 0.046023815870285034
v 0.0010851462138816714 0.008029532618820667 0.04602464661002159
v 0.001043169293552637 0.008036484941840172 0.04602424055337906
v 0.0005407671560533345 0.00765644758939743 0.046479374170303345
v 0.0006090529495850205 0.007802843581885099 0.046320632100105286
v 0.0008815228939056396 0.008021319285035133 0.046048179268836975
v 0.0007859414909034967 0.007979156449437141 0.04610460251569748
v 0.0007412583800032735 0.00794918742030859 0.04614350572228432
v 0.0005972929066047072 0.007788036949932575 0.04008295387029648
vn 0.1937716982083413 0.6792730061412094 0.7078422932414677
vn 0.2891402617028162 0.614957317760538 0.7336384711799072
vn 0.20892896252593507 0.748680141252872 0.6291476255310957
vn 0.2474382944366915 0.6019383993802704 0.7592393916267643
vn 0.09271864984525573 0.6883915779062872 0.7193888291032637
vn 0.09579628113509968 0.6979830216232824 0.7096779368462272
vn 0.11941552560090497 0.7109006082652211 0.693080267655629
vn -0.788092399955543 0.03613903987970241 0.614495190322012
vn 0.13255522334708109 0.6047888729471097 0.7852767231509987
vn -0.8525263578379021 -0.2717198586857891 0.4465054619905743
vn 0.12829486221929567 0.5992313853321865 0.7902291915393916
vn 0.07536229657380768 0.6199675612950227 0.7809998381542878
vn 0.2283156214666191 0.5997373767040032 0.7669335407833668
vn 0.17226123316023137 0.6052916401896434 0.7771409768289456
vn 0.051001639101631024 0.699083943275944 0.7132183908612452
vn 0.01865293940491903 0.7055378807462557 0.7084266840567476
vn -0.047408082653427275 0.7431772693245811 0.6674129306946224
vn 0.1192517839780889 0.9742451624442257 0.1913775730645248
vn -0.7243813065431179 0.6856978676440553 0.07134533649287275
vn -0.98107683859779 -0.18789552471248896 0.04672802756359456
vn -0.6817495617013013 0.6877052401160777 0.24955768438774137
vn -0.9956283453681389 -0.0702463839862993 0.06156007989234153
vn -0.9760853502458308 -0.17889346827336483 0.12350917392890531
vn -0.94276880947613 -0.24635856882272844 0.2247096514317475
vn -0.052146913505861286 0.783952371591778 0.6186270107968443
vn -0.9002823020261214 -0.28776420485759874 0.3266244618230876
vn -0.87134804972373 -0.3054062180400286 0.3840307516659815
vn 0.5053581612707622 0.8629096167109597 -0.0003496066060741988
vn -0.7152448948833663 0.6972091587995054 -0.04820922348854451
vn -0.009590841381233884 0.7663698254115856 -0.6423280364893128
vn -0.681644676606968 0.6875512666594853 -0.25026743809037366
vn -0.9825857210374549 -0.1661079159105436 -0.08326740710002181
vn -0.9777555963928463 -0.20927934511695068 -0.014005335764978238
vn -0.9763508502439359 -0.17937151198865925 -0.1206850360021724
vn -0.9404545400203835 -0.24155188622446802 -0.23916091741012138
vn 0.06379260625472613 0.5962459500504224 -0.8002632507092269
vn 0.08130099555506481 0.5995978696026183 -0.796161128723173
vn -0.9054059411074072 -0.27977379938464497 -0.31932225569992884
vn 0.01790930475292036 0.5872304866074775 -0.809221608956417
vn 0.02375979672858219 0.6108473002176638 -0.7913918421845197
vn 0.15130940938339005 0.6129031314991146 -0.7755354369921651
vn -0.7816218823710451 -0.023080337306651027 -0.6233253813447318
vn 0.1205333928080004 0.6050967074056122 -0.7869750160615516
vn -0.8617437008058804 -0.27865576533106223 -0.42396787445412104
vn -0.8705245879419613 -0.31344386996801027 -0.3793940987521491
vn 0.07002744829563107 0.9175807429597868 -0.39133328076534507
vn -0.7817939967057094 0.39525305456747667 -0.48225840539071235
vn -0.0069242516685951334 0.9963357482433712 -0.08524747216868932
vn -0.4269456620731161 0.7320569850052397 -0.5308577703509546
vn -0.5747590523426482 0.6394460769685455 -0.5106473797051326
vn 0.3132557341026591 0.8785690680990286 0.3605374288911051
vn -0.8414810475780037 0.5402861033376788 -0.0007570384485402821
vn -0.31017427358504474 0.8239100388089385 0.474303877230456
vn -0.07249327381151956 0.8666429247082943 0.4936342434486711
vn 0.06662531349218315 0.5060856043729637 0.8599060580368766
vn 0.0210431103938555 0.8487147365331908 0.5284320992297387
vn 0.4173389687377719 0.7133207744577792 0.5630290027164206
vn -0.016210982806556102 0.45602812527187425 0.8898177077342672
vn 0.057444589760440444 0.5168636421949541 0.854138217435692
vn 0.46551394496868614 0.6914479858576865 0.5524458796054501
vn 0.07407301567974661 0.5632190667221949 0.8229808449950022
vn 0.5176021716755062 0.6690711810065011 0.5333214289932158
vn 0.044315112711846745 0.5816031246037924 0.8122647205415497
vn 0.20373333885195044 0.5228653028203654 0.827710457676357
vn -0.22389060432409424 -0.3804723690508593 0.8972813236015885
vn -0.7453076632876154 0.3359260436072167 0.5759081352708582
vn 0.08063348490732085 0.6297931045173037 0.7725664286093185
vn 0.5617868946484588 0.6406083523403122 0.5234657810335568
vn 0.09230391352309036 0.6711474577330206 0.7355549452806535
vn 0.09445384323051009 0.6606248229538866 0.744750505066047
vn -0.7286456341967877 0.3319019603032992 0.5990965101824481
vn -0.6612990113600203 -0.47397182335329047 0.5814071965855059
vn -0.685203405804835 -0.20800108138748916 0.6980199444250069
vn -0.6969972612689807 -0.1421956985785369 0.7028336937635408
vn -0.7038243896758548 -0.19737641207040102 0.6824029458140007
vn -0.6867181878532607 -0.09329622943720858 0.7209118836892159
vn -0.6782045624519774 -0.3460181052847748 0.6483132285280444
vn -0.6844020601785274 -0.012006823209810275 0.7290059370264385
vn -0.6880534448176354 0.08195544173186477 0.7210171722262377
vn -0.6977894419594246 0.1753349541969229 0.6945124538312597
vn -0.7113114239405811 0.26629421009345355 0.6504794015511381
vn -0.6918855429258607 -0.29412924141265434 0.6593803036459334
vn -0.0873456993750013 -0.995451841530975 -0.038031039865913566
vn -0.05223334986265198 -0.9986320101222641 -0.0024053110593239193
vn -0.9361819570433619 0.30518173814934185 -0.17443465827239535
vn -0.9414134836332092 0.2643523288466654 0.20942420840707487
vn -0.9687930611354809 0.1747880913052356 -0.1757530307949675
vn -0.9674253925510793 0.223848147655347 0.11823754327057082
vn -0.9827084662031412 0.06529575791683191 -0.1732643484700066
vn -0.968140072276697 0.23622883783644485 0.08307067248141498
vn -0.9936107725153166 0.11195150357359786 0.01430012549337825
vn -0.7727500503097723 -0.2528643724543691 0.5821657572285597
vn -0.774868852903864 -0.3776135750337212 0.5069381113604522
vn -0.9775536469412843 0.19868775958382873 0.07008595824666693
vn -0.9860808245819501 0.1602874494464496 0.04418756546510334
vn -0.7901020369897416 -0.5436359307627502 0.28319383102105006
vn -0.7620757256662956 -0.6438841645675971 0.06821855296967615
vn -0.6649020087588313 -0.6697866618073298 0.3305921148688587
vn -0.699297041031889 -0.37913890378520715 0.6060011056430474
vn 0.09306419806426505 -0.12078285707257598 -0.9883069141091955
vn -0.9426401100117818 0.3113316196424806 -0.12042526980565874
vn -0.9375307126819833 0.3478837689891194 -0.003611931884414198
vn -0.9079559580704643 0.38348724112935 -0.1689778509016654
vn -0.9195974912561379 0.3926379610999117 -0.013262186046112071
vn -0.9181817348052876 0.39515960196073857 -0.028128114906320945
vn -0.7583256189185537 0.5277301149257703 0.382678953552747
vn -0.8162708559060817 0.43147037292372437 0.3841031203822941
vn -0.8634597139798611 0.49995886005558465 -0.06692130143487178
vn -0.8992584035027914 0.4360354861858448 -0.03474735265145713
vn -0.8891051671959227 0.4537412933719101 -0.06009026838595847
vn -0.9020818311334438 0.32479814218621406 0.2841734272786902
vn -0.8487121131664788 0.37613290123373044 0.3717684623175923
vn -0.831287685536718 0.5476036741231474 -0.09534673545453222
vn -0.748453636542919 0.660940205420781 -0.05454538297615965
vn -0.6779150589103454 0.6277622395565536 0.38255162199306253
vn -0.6204488335578094 0.7802895650749656 -0.07868570119071591
vn -0.5858895266703442 0.7143965677369529 0.3825846397121314
vn 0.37358939402502017 0.7472176704436696 -0.5496332574078407
vn 0.3795822065194878 0.6972800224276112 -0.6080443395157518
vn 0.5036535430719167 0.8597096314467038 -0.08504386014802925
vn -0.4821219825986507 0.7895757046628998 0.37964272744414773
vn -0.41723771531717413 0.7167710448657559 -0.5587056095646052
vn -0.37012796929284103 0.8496020663911457 0.3757414205687908
vn -0.3329706515415294 0.7665681730537005 -0.5490935997378967
vn -0.25288594380057133 0.8912134847564597 0.3765464433723174
vn -0.23257448329647912 0.8058532576266193 -0.5445269845397391
vn -0.12840010861579587 0.9165425585635 0.37876529731395053
vn -0.11773154771601972 0.8333025996833164 -0.5401352238406759
vn -0.001596955068794727 0.9248172260764503 0.3804083964461984
vn 2.6763268414778e-06 0.842891932074705 -0.5380828847270723
vn 0.12511588721984485 0.9158379325131952 0.3815585094518889
vn 0.11771056121143934 0.8333159504807558 -0.5401192002268043
vn 0.24941797225746082 0.8897961509499368 0.38216944523294083
vn 0.23206940277333882 0.8061048524275305 -0.544370057212201
vn 0.37287647592221496 0.8470546464976656 0.378763197196539
vn 0.31739115080009334 0.7766780262483542 -0.5440901588310095
vn 0.5636422333353771 0.8219254480204742 -0.08213398016077825
vn 0.47999324800303167 0.7909062877564836 0.3795704491379149
vn 0.6160565739247993 0.7848877775754268 -0.06652423871601487
vn 0.5848320140988775 0.7160784540734743 0.38105532786826835
vn 0.6766008374001025 0.6288037891867458 0.38316719788347053
vn 0.6784572866000399 0.7310200394791462 -0.07283826013311222
vn 0.763152398734842 0.5269021873348343 0.37412899017187096
vn 0.8943112260653349 0.4450076006082098 -0.04664403857344766
vn 0.9173597617632196 0.39766352744162414 -0.017742221969454436
vn 0.9405959135110998 0.2620405180452274 0.21590297447883475
vn 0.8640952030092028 0.5012206702982702 -0.046014343440247185
vn 0.8118474569926131 0.5818696577375959 0.04828465572995358
vn 0.9183837034655082 0.2988363100177667 0.25936120184781475
vn 0.8847801585292067 0.35070997948554117 0.30686573833239106
vn 0.7743585720456901 0.6296332157038503 -0.06269621664652665
vn 0.8171118815366942 0.43622660133144703 0.37687468121695067
vn 0.9387202735164845 0.30180047910315033 -0.16649540204535856
vn 0.9359010607502214 0.3521731835924048 -0.007953190869111506
vn 0.9077173117987816 0.38379977730743703 -0.1695494405757664
vn 0.9424288760322033 0.3122470388134721 -0.11970630882662843
vn 0.7790899957489601 -0.5702373011819203 0.26047686819494176
vn 0.7815502269296443 -0.44455686655726206 0.4376624671856273
vn 0.9827353503306164 0.06598906286003031 -0.17284870492258686
vn 0.6958046745472511 -0.4983050595326936 0.5172503480156513
vn 0.7087683919022746 -0.5772823267731741 0.40545342745574847
vn 0.7211927930967369 -0.6439745487651629 0.25529930616441504
vn 0.7505931932225923 -0.6385276408375741 0.16997738136091647
vn 0.7762752850413783 -0.2975275330479744 0.5557643825510172
vn 0.9913235057334207 0.12878215357443018 0.026322308051013203
vn 0.9667291384441719 0.25579931238880116 0.0012184680570764249
vn 0.9685463887367298 0.17978401353042778 -0.1720337215313619
vn 0.9623063434721675 0.2303369870480138 0.1446076543993097
vn 0.971309794155263 0.20876517912572443 0.11390515248514896
vn 0.9799891446888137 0.1878965079273772 0.0656976301002123
vn -0.13112512009780658 -0.1881636398317444 -0.9733450814200508
vn 0.05148598711523664 -0.9986730380851474 -0.0011645310435903044
vn 0.08517387943872672 -0.9963555057837361 -0.0045952536156912424
vn 0.697972789826584 -0.1864618673175453 0.6914231386771411
vn 0.6784638516496466 -0.34512147195012677 0.6485198313110434
vn 0.6715242178844053 -0.3236706594650901 0.6665527203426386
vn 0.6874026402046504 -0.42126189279238396 0.5916215242202181
vn 0.16457754254763765 -0.412407620676568 0.8960101488805092
vn 0.6792569651903484 0.10032664100235282 0.7270106879170226
vn 0.6614163298009146 -0.4754120463557282 0.5800963927249908
vn 0.672721792775209 -0.054029124355271414 0.7379202146890349
vn 0.6672781349513235 -0.18588991344640096 0.7212384007349948
vn -0.8853054092900408 0.22500188931535567 -0.40695022064905406
vn -0.8452805923096659 0.35012383109627776 -0.403626093263413
vn -0.866206717335631 0.4005166102846415 -0.29878481843750143
vn -0.7950766106892095 0.45899852441987077 -0.3964511794853694
vn -0.7902704398253363 0.4955770620832819 -0.36038313983200226
vn 0.16994623303154996 -0.009770227035526425 -0.9854049018256711
vn -0.17800955030992807 0.8888040275647447 -0.42230320929771026
vn -0.9102281013233066 -0.3456560511931988 -0.2280497705214651
vn -0.9013748312654195 -0.36356198257728295 -0.2352575150461978
vn -0.890850855906159 -0.400265023297593 -0.2148782531012415
vn -0.7890986835313607 -0.5603990233143794 -0.2515476144139776
vn -0.8366863634553835 -0.5050868441652919 -0.2117621520927475
vn -0.7497956784418295 -0.5993525034716346 -0.28032662587103835
vn -0.8008558472992976 -0.5614795603194466 -0.2082561288173894
vn -0.7010707006529787 -0.6653839201114403 -0.25644514334078156
vn -0.7632107414654552 -0.6148633054879525 -0.1986264828168159
vn -0.760380674079117 -0.6342530939269753 -0.13980072721930714
vn 0.15520419348078335 -0.05883699441695886 -0.9861287271010608
vn 0.15881524309854597 -0.030142393132148518 -0.9868480909926396
vn -0.8835800520601225 -0.3942757151193608 -0.25265183963024646
vn -0.8383260083700803 -0.4834417459431356 -0.2519793284571986
vn -0.9131873681740351 -0.3275824465785286 -0.24244292380064378
vn -0.935099889741633 -0.24924282155814886 -0.25192501286477825
vn 0.14706215382163318 -0.07318805938282351 -0.9864158508849696
vn -0.9556674883711976 -0.15108661500373577 -0.25273006634945444
vn 0.14106654991735845 -0.15303241111846153 -0.9781008688482409
vn -0.9681484411574951 -0.07676766334722979 -0.23831769080057494
vn -0.9671450953706859 -0.003795498065560689 -0.25419669292668085
vn -0.9542857624732348 0.11154767412469029 -0.277300919468812
vn -0.9158656867422926 0.10751409217891786 -0.3868213590677382
vn 0.11050116250114823 0.6661577938727123 -0.7375793426801862
vn -0.44704934520801265 0.08045390293796134 -0.8908838602484254
vn -0.01526714772123595 0.6963853225800827 -0.7175056771172561
vn -0.41450469244543553 0.8957103007311209 -0.16090033283023283
vn -0.4011771616797827 0.8673790355737452 -0.29446645580390507
vn -0.981375672758115 -0.004895118854168918 -0.1920360037335724
vn -0.9512857880467519 -0.0202291396401383 -0.3076461138543599
vn -0.33719653107803366 0.8527049304803137 -0.39898972538588545
vn -0.936545361480464 -0.1509474894905448 -0.3163821128096985
vn -0.8912637360523731 0.02137194948200623 -0.45298144837653614
vn -0.8626438352559985 0.0022366804372631445 -0.5058068907749708
vn -0.8396414820831158 -0.24566712626407847 -0.484406693428588
vn -0.8604757270926999 -0.20700735123723377 -0.46554213516934645
vn -0.762031114239892 0.04660444358792618 -0.6458611358242329
vn -0.18561811838126036 0.7926611828541138 -0.5807186610785963
vn -0.09209019608607007 0.7526580685170082 -0.6519395889812766
vn -0.7224874612241486 -0.03174821734231618 -0.6906547032124442
vn -0.6991627249497343 -0.2147281063754577 -0.6819555149518717
vn -0.5699054435316797 -0.002865440671621389 -0.8217052845654073
vn -0.6417049316199859 -0.05397285094668399 -0.7650501369814111
vn -0.5330842963468204 -0.2719186931377285 -0.8011749854499237
vn -0.29202489381082164 -0.046302694447937956 -0.9552892346727453
vn 0.20208933157755116 0.6141141665201951 -0.7629047729184453
vn -0.08491074320437329 -0.049977527320349206 -0.9951343690434095
vn 0.2757773173670532 0.6457191367765801 -0.7120348780968103
vn -0.03457553947315706 -0.09631471284908075 -0.9947502240054731
vn 0.24239659073180034 0.6680609677325193 -0.7035186111211913
vn -0.02589490282619546 -0.09665750617900865 -0.9949807940391998
vn 0.20692729342797184 0.6843244759933595 -0.6992003338035444
vn 0.1662622894985021 0.6907885175306294 -0.7036817996357101
vn -0.014263300044944992 -0.10054092287670256 -0.9948306796128317
vn 0.09216923908363116 0.6964404460111681 -0.7116709468051299
vn -0.00987554021600575 -0.1479349743753428 -0.988947782778246
vn 0.0025196773876265863 0.7009439586885199 -0.7132119025955255
vn 0.0025297306656694735 -0.10360554023538879 -0.9946152484731432
vn 0.013796859631192463 -0.10659774108626215 -0.9942065018192265
vn -0.08254200111456207 0.6948840381872617 -0.7143689463607497
vn -0.1558361524912933 0.6868579154292487 -0.7098882289409352
vn 0.02773043019539253 -0.10351098484326142 -0.9942416704493714
vn -0.20160227708623343 0.6793035098635302 -0.7056226068946023
vn -0.23852510013386682 0.6650982961673588 -0.707636935893969
vn 0.035969010663229196 -0.09803640151817798 -0.9945326008981682
vn -0.27871878937768885 0.6486353109165854 -0.7082288259312666
vn 0.08399131399492148 -0.05829052257259605 -0.9947601088461581
vn -0.2265558985012631 0.6247521865419938 -0.7472329825866114
vn 0.2860764040376531 -0.06716457837682432 -0.9558499937042155
vn -0.1948989940490701 0.6270411687547721 -0.7542106833009661
vn -0.11736951683659197 0.6668435067139649 -0.7358968229792595
vn 0.7209922766497315 -0.043294168000407626 -0.69158929432763
vn 0.5377076523270365 0.01539035247803392 -0.8429908763916419
vn 0.6180956286483721 -0.04146447430177486 -0.7850085930845924
vn 0.5079802961893778 -0.2643742299899114 -0.8197940504788952
vn 0.23217094640081692 0.4008145145611218 -0.8862529980566956
vn 0.20728604480650004 0.8171999086953499 -0.5377888106466974
vn 0.33946600363305107 0.8586341620764192 -0.3840705769682583
vn 0.830335849486537 0.06585349870684301 -0.5533585580485215
vn 0.915174167994695 -0.14024939236749473 -0.3778708114895435
vn 0.4380601044460126 0.8873975974360815 -0.1436274658880361
vn 0.9846560144401406 0.03508246461644946 -0.17094371560046714
vn 0.9735304537836393 0.028138510961197294 -0.22681860540243998
vn 0.929655864790606 -0.01992203254467854 -0.3678900456382578
vn 0.1740584835493065 0.7589199358462346 -0.6274903786351335
vn 0.09260633332290481 0.7121835573608173 -0.6958582094459895
vn 0.03374058093313006 0.6795594039559057 -0.7328441783171842
vn -0.2848043700886543 0.8265223335566523 -0.4855381580375236
vn 0.9937712648819689 -0.03774552501460642 -0.10485203114991813
vn 0.993630473167212 -0.03848657586392453 -0.10591159649336139
vn 0.40231817803249204 0.9060868238330014 -0.1309456043586026
vn 0.993390400909718 -0.04331332602083686 -0.10629895187367853
vn 0.4068242910394986 0.9039320686844606 -0.13191213524176137
vn 0.9929256867280758 -0.05109376399325038 -0.10718212498631102
vn 0.4112708312678587 0.9020153158886463 -0.1312428026618987
vn 0.49189781883079076 0.8553984688642134 -0.1622652005029721
vn 0.9918296399274023 0.06302791518695772 -0.11091188966321532
vn 0.9908123671051823 -0.09106578336779522 -0.09998938089134993
vn 0.9922428337452923 -0.06594291790972615 -0.10538353978996576
vn 0.982342782614086 -0.1627232685075472 -0.0923244026909202
vn 0.8435893676004865 -0.493027267146401 -0.21279354483057716
vn 0.9633142739575222 -0.25753694138055494 -0.07550055240884243
vn 0.9910753439638266 -0.09026426608329638 -0.09809192043907795
vn 0.9771681801682581 -0.19068480343603983 -0.09371047649656451
vn 0.9842291952528262 -0.15162057207045773 -0.09112679812767184
vn 0.9931124142805454 -0.026272271230940652 -0.11418187407042527
vn 0.33705957304083867 0.9295654530432427 -0.1493282047372114
vn 0.18469922598928507 0.869458562321598 -0.4581790090397187
vn 0.8839368269297524 -0.4087866551444198 -0.22704439339741073
vn 0.33965281059967106 0.928014075952921 -0.1530550328639678
vn 0.41160394842623893 0.9010267928638063 -0.13686821465005516
vn 0.40239333241192893 0.9041813641494497 -0.143302710216043
vn 0.41402446059754766 0.8992250836007231 -0.1413435355797444
vn 0.3645861241585761 0.9153253932482578 -0.17104497229076743
vn -0.44541640791896986 0.882495902301476 -0.1510139264361583
vn -0.9936646266829697 -0.030652286166725065 -0.1081251452334177
vn -0.4521425477921484 0.8790930169393819 -0.15087274122398764
vn -0.4414554369893927 0.8854850494762109 -0.14502870166493548
vn -0.9941034745946251 -0.021251040748606374 -0.10633285036147046
vn -0.4412851094242211 0.8850824263370851 -0.1479748316089977
vn -0.9930457830604694 -0.06287757460441083 -0.09953131847657665
vn -0.43962693934568103 0.885789123248132 -0.14868013766759336
vn -0.9915028585006497 -0.07538608791877426 -0.10601424118175697
vn -0.9894063428350807 -0.10218068710883696 -0.1031222378523492
vn -0.9927688977707593 -0.05481690014692915 -0.10679430264444559
vn -0.9902307709931693 -0.0903750552707601 -0.10618554309829777
vn -0.9948750365357968 -0.05705847434480975 -0.08347450019820338
vn -0.9827183639072777 -0.15848301400587125 -0.09564387858623256
vn -0.9859057215672866 -0.13698490019127074 -0.09604709938605968
vn -0.9813868142789528 -0.1626820134207101 -0.1020513756340012
vn -0.9770951591283767 -0.19175623968421415 -0.09227456068745181
vn -0.989386711855682 -0.10479866683803445 -0.10065373233205178
vn -0.9751375911749663 -0.20680684289942508 -0.07960909500463287
vn -0.969674290797418 -0.2209884326197826 -0.10438334356963215
vn -0.9801005855303039 -0.17588507451276664 -0.09201783961164228
vn -0.9753842348942556 -0.20645319052361916 -0.07747692845206153
vn -0.9784169521956435 -0.1854609371128714 -0.09112907582875646
vn -0.978430539042091 -0.18316637979925976 -0.09551836253326605
vn -0.958245019510529 -0.2770823733164465 -0.07065296158400892
vn -0.9560420276703284 -0.28178235276616137 -0.08113166458031967
vn -0.4100109718604515 0.8977922353792179 -0.1608107740384179
vn -0.4331641832980042 0.89055953440737 -0.13882545149900108
vn -0.4557377230617654 0.8764982287040075 -0.15509346490814763
vn -0.9907594412596591 -0.08506858163644347 -0.105636480314387
vn -0.9910367093404612 -0.07997682797798611 -0.10700442853550443
vn -0.991311182090349 -0.07709153131198464 -0.10657877866915241
vn -0.9913222744404989 -0.0775769288413936 -0.10612242133335249
vn -0.3481698268928463 0.9226257764007688 -0.16595013818097307
vn -0.9867351230438253 -0.13112948587611953 -0.09570190638410513
vn -0.4129425289422362 0.895939822440861 -0.16361632667747128
vn -0.3767934456237292 0.9111604626267236 -0.16677323130782445
vn 0.7707872582211708 -0.6336967639889868 -0.06569180979221485
vn 0.8447423636285935 -0.5312404139958251 -0.0647608031815653
vn 0.9076872149987502 -0.41909920103851356 -0.021442467598025323
vn 0.9157048586146561 -0.3951036360181564 -0.07333299881189227
vn 0.9707402227179416 -0.22608857412999636 -0.08091586151914949
vn 0.9548537547529683 -0.27712227410227147 -0.10703995623384732
vn 0.987804359820584 -0.10788569751698394 -0.11226407702698164
vn 0.9851837194165316 0.030802522170814663 -0.16871349567988078
vn 0.9140207292215126 -0.3903538168825017 -0.11040835203297224
vn 0.8885333525085679 -0.45368864029321315 -0.06837469669973326
vn 0.8654592850168187 -0.49811346543076845 -0.05350889210895385
vn 0.8130835220946222 -0.5795663771423758 -0.05475400062338314
vn 0.6480431341705313 -0.7605876410928635 -0.039326027910637364
vn 0.7131593883769599 -0.7008361533618158 -0.015243782693745905
vn 0.5908961159780175 -0.806681473911492 -0.01033342973442272
vn 0.5196854802427742 -0.8539919502957785 -0.024995008598718157
vn -0.2819598254819849 -0.8329015409128105 0.47620760174448534
vn -0.19036289766936854 -0.8584438708046251 0.4762731231855243
vn -0.19207204168632344 -0.7954081955920557 0.5748340048983159
vn -0.0759370429193272 -0.8284841438144825 0.5548401472141795
vn -0.09598222796422039 -0.8740875347061544 0.4761915513596831
vn -0.004389110423764891 -0.8611226177216453 0.5083783757772443
vn -0.00028626684959973635 -0.8791215606156089 0.4765975238207469
vn 0.08381915984022659 -0.8387534805173948 0.5380213261234487
vn 0.09618678170532277 -0.8738909157548588 0.4765110391022511
vn 0.1864688639065469 -0.8188943230193143 0.5428088526545419
vn 0.19171358046237436 -0.8590469084765116 0.4746412456827204
vn 0.2832165883316838 -0.8114287552252835 0.5112452828998117
vn 0.5036279933758038 -0.6407468867902345 0.5794844875895161
vn 0.419496304854524 -0.7127777504220946 0.5621127366610886
vn 0.45303930848376484 -0.7379569259587423 0.5001749297976414
vn 0.3574672321920779 -0.785417231349223 0.5053087675952753
vn 0.3749911336961083 -0.7941810375003633 0.4781821089544799
vn 0.2823873680925678 -0.8335671098381305 0.47478758170139496
vn -0.2769883194953294 -0.8135168433257252 0.5113392381663088
vn -0.35740712031238664 -0.7854182334090063 0.5053497293743046
vn -0.3755249062819017 -0.7946579389285796 0.4769693961458647
vn -0.4133144404793808 -0.7243098924530706 0.5518571853168516
vn -0.45587948428232206 -0.7525093198522825 0.4752931930355612
vn -0.48219273425636033 -0.7314642883469824 0.4821308555811559
vn -0.5001699279064222 -0.6227869648331852 0.6016364680203099
vn -0.6412596531066515 0.6299840771235579 -0.43807090735212717
vn -0.7707987153846451 0.5401061494561692 -0.3378678553532597
vn -0.5749472519960368 0.5515169332533544 -0.604371350873799
vn -0.8066687764675321 0.43258790784632106 -0.40268248913693455
vn -0.6562667300735153 0.5456632718655772 -0.5211195378563052
vn -0.4698868503816792 0.5757984006453761 -0.6690758922966903
vn -0.3071376051968965 0.5068902108285459 -0.8054370277309751
vn -0.9532053572380852 0.24619513559505427 -0.1754636775573422
vn -0.9409302089179333 0.2439658743998814 -0.23479990220175978
vn -0.875919906864468 0.43212530107820735 -0.2145507886879246
vn -0.9969527133686676 0.06434861393429987 -0.0440969748575318
vn -0.9926146523696626 0.11460306987095467 -0.0397779873448459
vn -0.9957565585837798 0.06528407106473469 -0.06486035848345477
vn -0.4379178735439672 0.3254603976585388 -0.8380354799092196
vn -0.36391560058018 0.5086825297026271 -0.7802611868020238
vn -0.5067497535080191 0.6462098516906833 -0.5706290519220582
vn -0.7814414330542366 0.5512776290030702 -0.29230508457242765
vn -0.3561718160379256 0.5496467692272221 -0.755665313838291
vn -0.34151036554361897 0.6159522425908623 -0.709910913476861
vn -0.44165572112952045 0.8034616583044532 -0.3992362554030153
vn -0.3543623985441813 0.6244550612443477 -0.6960482504714258
vn -0.3669024628366971 0.6391991909990152 -0.6758749714189529
vn -0.27220138443640485 0.4029372343906311 -0.8738123319412093
vn -0.3080088610142278 0.3343703680697196 -0.8906890582541354
vn -0.4333492421769519 0.32123171794506794 -0.8420324326833983
vn -0.2650640287115175 0.39966320611042727 -0.8775023546206323
vn -0.6089662884135155 0.7234741164436774 -0.3251849664604857
vn -0.7100805962791192 0.44035414670217354 -0.5494304071218585
vn -0.7374715965094436 0.4996275189415059 -0.45443149831208585
vn -0.7503076927638945 0.30305556345613793 -0.5875335663922565
vn -0.8530907853348653 0.39334235857110844 -0.34280884021632296
vn -0.9575871670970222 0.2582157572382505 -0.12787274973573032
vn -0.973559689622003 0.1239647176884347 -0.19187047587249087
vn -0.9388038303149958 0.10896593409204464 -0.3267625948503605
vn -0.9035904485606663 0.37152848253356435 -0.21328593000064655
vn -0.9077061689009889 0.1332174219288878 -0.39789776253921083
vn -0.8109084704997788 0.20949029496131577 -0.5463893014954908
vn -0.6946476194694513 0.6707180651892025 -0.26000377265393126
vn -0.9864770077953675 0.12695687226857452 -0.10365840860672815
vn -0.9747767569264364 0.22206543390428438 -0.02229836812148512
vn -0.9958250322747361 0.07617683770171892 -0.050295074239799474
vn -0.0678475203219252 0.04676658094566356 -0.9965990171040802
vn -0.06942803624420717 0.25778154891726635 -0.9637055674951183
vn -0.2485595423783454 0.3308457096202822 -0.9103621643711471
vn -0.006296268831618663 0.35706273020504437 -0.9340591863995128
vn -0.08552568613785304 0.49825860371308733 -0.8627999309437465
vn -0.48944145816039764 0.4155756171035441 -0.7666446148658661
vn -0.6858954671848574 0.4535621838089655 -0.5690595342437457
vn -0.7818182299169159 0.1456130788775325 -0.6062648650791053
vn -0.07067304989333222 -0.42359347202135894 -0.9030912968685196
vn -0.3007420954749344 -0.11731474499314495 -0.9464625944095936
vn -0.3086029405548502 -0.3467726744637201 -0.8857273493159046
vn -0.5720420118946639 0.017054509942704726 -0.8200469988470901
vn -0.5944832686128159 -0.20301691427279506 -0.7780576944279745
vn -0.8124831917719534 -0.035624190858832845 -0.5818951624766379
vn -0.07339588874499743 -0.19809419821332092 -0.9774311904935066
vn -0.2784798069837133 0.11743669124351702 -0.953235343790865
vn -0.537035851344162 0.22254206213209946 -0.8136753191249222
vn -0.7407266125273609 0.3058127182352927 -0.5981660863500056
vn 0.9982492331714151 0.05687820606288431 -0.01622769693301382
vn 0.9927074369226474 0.11447576923338583 -0.03777886892024163
vn 0.976090786482499 0.21552906602475225 -0.028177974421066503
vn 0.9235312877481213 0.2750593682268764 -0.2672682257600563
vn 0.7780194555100811 0.45431823666339016 -0.4339132017844867
vn 0.8543606208177681 0.4584792160670414 -0.24467271615451727
vn 0.8615731196162825 0.4084900243794108 -0.301376275670756
vn 0.9531861656319599 0.24402595025074825 -0.178570628189692
vn 0.7887612824893795 0.5029965536542083 -0.35334134524238564
vn 0.7731715901163695 0.5383200448066933 -0.3352867751585862
vn 0.9969540943419974 0.06250742505882025 -0.04664070740504982
vn 0.9928207841084574 0.08482450893039913 -0.08433085631596858
vn 0.7267940171978556 0.2871461002800282 -0.6239531822656047
vn 0.7979386820191268 0.22566650196899252 -0.5588993555432474
vn 0.8231125906446112 0.365586343966988 -0.4345483727125989
vn 0.4009070473693444 0.50148787577868 -0.766670365813484
vn 0.28327982731966816 0.36769088730406607 -0.8857516304400956
vn 0.4906492507281538 0.3749300341783496 -0.7865689939419956
vn 0.2372073290613889 0.31078581017057055 -0.9204047279518853
vn 0.5164634470564213 0.6347440753225726 -0.5747742745613197
vn 0.3521341438274247 0.5532956015055646 -0.7548943781122774
vn 0.2971768479460971 0.45556776569298574 -0.8391328452076721
vn 0.4048302965057528 0.6724185390174185 -0.6196496908873146
vn 0.49316566649516247 0.8148474071232632 -0.30464951747028446
vn 0.7249373951079815 0.4972350520950128 -0.4766792172332713
vn 0.778994884544802 0.587780661355044 -0.21835948339849492
vn 0.33634112713933856 0.6196338592921717 -0.7091745388924567
vn 0.6078714530712633 0.7382967350134931 -0.29225028247966983
vn 0.724984998290186 0.6454118025676356 -0.24050022320275372
vn 0.6556205499557075 0.4078793272659473 -0.6354495643753753
vn 0.9072983393302081 0.3266796940942815 -0.26474535107365627
vn 0.9091168513493364 0.15713057070888004 -0.38576746148602303
vn 0.9522617274882497 0.23699270432806854 -0.1924371597596553
vn 0.9796287458072424 0.07315198228815456 -0.18701953875315583
vn 0.9923550879238681 0.003096373943919959 -0.123376626392568
vn 0.3227337798298994 0.31050343083153353 -0.8941087891294621
vn 0.5950938564109727 0.2775055378650878 -0.7542240903843664
vn -0.2907536575027687 0.35175916467133134 -0.8897908747107321
vn -0.2317180333697914 0.38769390356937755 -0.8921884274896053
vn -0.23391758021414763 0.4337881039712522 -0.8701209378700089
vn -0.16964438769986256 0.47761735345390754 -0.8620339003784155
vn -0.27336504891518837 0.36569613768269055 -0.8896841489627425
vn -0.2395915538489967 0.3860977189547613 -0.8907998870353283
vn -0.1295864967480978 0.4971868606195458 -0.8579117469109719
vn -0.08762446797645176 0.5110015848187195 -0.8551019430013015
vn -0.044171729608590775 0.5192958632278769 -0.853452204132018
vn -1.4669872198818077e-06 0.522147042248891 -0.8528554779495662
vn 0.04417264408672633 0.5192969470529979 -0.8534514973305886
vn 0.1696616939325359 0.4772795653880583 -0.8622175630749636
vn 0.23361083368915725 0.4331016157236729 -0.870545213553323
vn 0.2390477154207995 0.3869215486950766 -0.890588516042903
vn 0.08762460379156946 0.5110000714680377 -0.8551028334475514
vn 0.1295823208762862 0.49718481748336735 -0.857913561718397
vn 0.275615870128465 0.36352785812816885 -0.8898782998242373
vn 0.28578048722362126 0.33455866829859277 -0.8979977787213629
vn -0.17001996154559712 -0.01354790402675467 -0.9853474853941202
vn 0.7014399010876881 -0.6517187194402807 -0.2885217078370621
vn 0.7452562954455568 -0.6414852673707017 -0.18190576089037014
vn 0.768502150602402 -0.6064669983471558 -0.20396623356642613
vn 0.742159219442325 -0.5899366880755348 -0.31807923078885236
vn 0.7856141655244265 -0.5638179279737034 -0.2547934987844046
vn 0.8258030954610495 -0.5275789709536788 -0.19927287054289766
vn 0.8087500047361921 -0.5588102592644856 -0.18345169385963064
vn -0.14881995464105313 -0.07767198085022586 -0.9858091521645743
vn -0.14731190870049965 -0.11653436930324274 -0.9822010702122612
vn 0.9661689846359571 -0.08145756791762215 -0.24470831158027587
vn 0.9665441197014668 -0.0012098615049359286 -0.25649756510668037
vn 0.9542911124868344 0.1115519198606717 -0.27728079955892776
vn 0.8475539720243562 0.3412896854993034 -0.40641556943296764
vn 0.8811449325016045 0.22851693138308768 -0.4139608918702348
vn 0.9106553905033734 0.11422228564895118 -0.39706426332305167
vn 0.7953016060423513 0.46125166987097993 -0.3933729178116979
vn 0.8388856741196893 -0.4818353836423207 -0.25319061757302913
vn -0.1557117563520722 -0.020555189481214473 -0.9875886457018146
vn 0.9554575141363258 -0.15025170007250707 -0.2540184349722556
vn 0.9352684268430307 -0.24694837259361288 -0.25355368469799194
vn -0.15860799737551123 -0.0606780709557572 -0.9854753547773877
vn 0.9103497990110043 -0.3313495241847012 -0.24793292694435742
vn 0.8835748862445171 -0.39265419681040375 -0.25518248788889425
vn 0.6543460568891166 0.5325308545183428 -0.5368818555507614
vn 0.6850371791842316 0.45385735153424556 -0.5698574976199151
vn 0.8081926885324322 -0.018335325320958728 -0.588632647793251
vn 0.782505904355522 0.1413311381821084 -0.6063909786836349
vn 0.5926915856850727 -0.19039228591644733 -0.7826030039053158
vn 0.5747606915716653 0.009277287630141262 -0.8182689529477999
vn 0.7395464064290885 0.3048969752823492 -0.6000907824666999
vn 0.5045580790613076 0.3563579608142957 -0.7864032989619515
vn 0.311827902690168 0.48337183074308465 -0.8179945185317136
vn 0.4883028733947157 0.41766617456454697 -0.7662344748568036
vn 0.25181966331063155 0.33142909087474676 -0.9092533282271003
vn 0.28434120247895156 0.12061113353724932 -0.9511062164867201
vn 0.5357434572689629 0.22327489302913633 -0.8143262676202496
vn 0.3058259993087787 -0.12026967204817605 -0.9444605148613736
vn 0.3087640557228016 -0.3394515575438421 -0.8885028969984657
vn 0.06645013881086759 -0.42179644350785467 -0.9042522542389052
vn 0.06969531445495158 -0.20005084887435268 -0.9773035459915596
vn 0.06442914074046746 0.04466095025543662 -0.9969224068831668
vn 0.06878417367643007 0.2542322926678575 -0.9646940856128928
vn 0.014457118732959445 0.3665801767850537 -0.9302741347077106
vn 0.094066977535865 0.49781933289927865 -0.8621643204917404
vn 0.4296928411458695 0.6053785059011941 -0.6699857661628555
vn 0.24814801443120793 0.7123628212656336 -0.6564767884794679
vn 0.35551379991381843 0.9328481766107137 -0.05834567220372196
vn 0.9967807763562705 0.08003712670611979 -0.004705553657010015
vn 0.7189868268709894 0.04203748695269764 -0.6937512468289249
vn 0.713409273740815 0.14761937543753004 -0.6850224289291821
vn 0.9365831149908247 0.3497016580409853 -0.022821460896911908
vn 0.9370550618377638 0.32897983869103087 -0.1170473272614464
vn 0.9967617310236498 0.07575984002499407 -0.02695363066684339
vn 0.9370531610505132 0.28371873329107083 -0.2035560211463945
vn 0.9967610508747311 0.06534235452844173 -0.04688053075404994
vn 0.937722615799908 0.22078562038296232 -0.26819769881467714
vn 0.9965147552241898 0.05453493346053976 -0.06312118228398415
vn 0.367842201807833 0.5880396602799786 -0.7203481606188586
vn 0.5900173605259273 0.5112448106507954 -0.6249065993095692
vn 0.088917528091624 0.6312295754681119 -0.7704822491481697
vn 0.3609617920399341 0.7502623635292058 -0.5539070053347305
vn 0.08729262089994991 0.790242625467061 -0.6065447973821423
vn 0.010051903650832262 0.8867701918014287 -0.4621012726291194
vn 0.3569028917617606 0.8831171436446278 -0.30450687422954287
vn 0.0880587054302465 0.9469390375500366 -0.3091150652455483
vn 0.053900748958451136 0.9855650890093972 -0.1604872723539682
vn 0.08975138758664239 0.9957722440972849 -0.019553166283996323
vn 0.06233399112553089 0.7371665934592156 -0.6728297608147975
vn 0.6219167046296717 0.39603812212540873 -0.6755541564715218
vn 0.5339312647139935 0.5042085094365574 -0.6787423543382868
vn 0.7152328670466886 0.6971169265463181 -0.04969845690551421
vn 0.6788944659277892 0.26728302602981013 -0.683858236865631
vn 0.7167816414876775 0.6569555547282947 -0.23373805325164607
vn 0.7167893617510188 0.5665582947235076 -0.40647842447116206
vn 0.7151196355002981 0.4384132013978718 -0.5444242571395858
vn -0.06345128987382775 -0.33378104584047164 -0.9405127044601729
vn -0.0897305964388316 -0.1716078115880932 -0.9810704251299581
vn 0.026417727733275796 -0.05330654277195634 -0.9982286893087736
vn -0.09274195474200253 -0.5707052479265692 -0.8159010049140187
vn 0.08627204835233747 -0.5504798764999814 -0.8303788528386647
vn -0.09379979377668057 -0.5131050369480185 -0.8531851028622246
vn -0.10174341886298653 -0.43243255162333777 -0.8959075649946262
vn -0.09823260959806969 0.12290663599053049 -0.9875445879761807
vn -0.10004973221385295 0.3466576056272385 -0.9326406357996235
vn -0.10982971630398498 0.5444979530114545 -0.8315403854190859
vn -0.06842872624883728 0.6729439101562177 -0.736521556512518
vn -0.1028416839257573 0.7777872290271705 -0.6200569444894158
vn -0.03219674872205185 0.8629755913341479 -0.5042187006976305
vn -0.10735877043812825 0.9308741606064342 -0.3492096669986096
vn -0.1087881028642298 0.9858816470915702 -0.1272891456614201
vn -0.08106910360263835 0.7314652998825966 -0.6770423291853531
vn 0.36268617159749234 0.9316734148745216 0.021056802891274935
vn 0.3462808917569789 0.9381298385222833 0.0013964519849960998
vn 0.3037849364366852 0.9164976166952647 0.26028221411778957
vn 0.3629140058662544 0.9190547174929363 0.1537265448778671
vn 0.2564639691697508 0.8946988025560488 0.36570518894660137
vn 0.09663615554212335 0.8622080001605599 0.49725126234245665
vn 0.298854341648086 0.8235496859909269 0.48213275887698676
vn 0.4833631745430954 0.7008986342040179 0.5245008542095652
vn 0.7843846709623115 0.40200061561163264 -0.4723729384789257
vn 0.6008692020211197 0.5813090958188152 0.5486674194635716
vn -0.04954503561823948 0.9199266130505058 -0.3889477034859729
vn 0.6826300527921242 0.44955139174277253 0.5761247757275828
vn -0.3145696190761311 0.8661654831912604 0.38833401921844046
vn 0.5839052696359609 0.6492138547498734 -0.4874176924283381
vn 0.3890772994491658 0.7723473965745182 -0.502093969350268
vn 0.06957125963229047 0.8620763715687517 0.5019802480337567
vn -0.11151852862683556 0.8753304938458651 0.4704892605750525
vn -0.01884729176117517 0.8460968059469914 0.5326959494491844
vn -0.365689655279641 0.9305823984491821 0.01695510890630522
vn -0.35606730321805724 0.9344592300877347 0.0014222808648119156
vn -0.013381730380396296 0.9962465120980576 -0.0855208537403678
vn -0.35889362372930045 0.9256099271217683 0.12017333173415061
vn -0.3293596602968158 0.9192033364954794 0.2158412387490977
vn -0.22640986329882004 0.9075444751200882 0.35369704477138797
vn -0.11361570056293821 0.591328936987505 -0.7983868491319357
vn -0.028048271672935964 0.6291112705358676 -0.7768090523036583
vn 0.8619106392446281 -0.2788082613781587 -0.4235280431614948
vn 0.9373690734020746 -0.242275119687382 -0.2502838121209617
vn 0.9113845942836963 -0.25198777413522133 -0.3253925060426546
vn 0.870537603872534 -0.31341021636262806 -0.3793920353979481
vn 0.03632782989328805 0.749560332676023 -0.6609384210755597
vn 0.6814040437006893 0.6860726141548901 -0.25493704582705184
vn -0.0015013578224847878 0.6446722652750075 -0.7644575961489815
vn 0.0192384497054261 0.5346978827155483 -0.8448242753806509
vn 0.7812596551614135 -0.02512296707255464 -0.6237003990238749
vn 0.7152624153553537 0.6971871791893329 -0.04826711462317418
vn 0.9777602835393536 -0.2092532361407776 -0.014068087917516497
vn 0.982636963847459 -0.16548884113419565 -0.0838930315384319
vn 0.9763962420513945 -0.17918359870302447 -0.12059691730615664
vn -0.5980776621605276 0.8012835359282251 0.015741825655203354
vn -0.68939605444244 0.7242308387409723 0.014925559813423746
vn -0.6921859723594866 0.7210324405651836 0.03147696493258435
vn -0.49815255234304573 0.866536754916905 0.030952980021139356
vn -0.3498852156807936 0.9333655820650213 0.0800563930265937
vn -0.3302918057856368 0.9437383080521015 0.016288920953211133
vn -0.15427233004895444 0.6893034947140848 0.7078564404992131
vn -0.10875900898606611 0.694555267859868 0.711171187445383
vn -0.16065893476566986 0.9869097916386633 0.014063066795336657
vn 0.6065583606863736 0.7939252773029574 0.04206672248799113
vn 0.6715785784927076 0.7397022253439115 0.042694621803913535
vn 0.7001285163926233 0.7096138226125078 0.07917249074728264
vn 0.7132062052197806 0.7008284439147754 0.013281605173875551
vn 0.5497425139915751 0.8228159425567777 0.1440732209143127
vn 0.4572099092552345 0.8872769670826426 0.06081679507707859
vn 0.4947834463830209 0.8577589365986777 0.1394236273751538
vn -0.09445019819001955 0.9882267760096394 0.12036195096233815
vn -0.14368878892185852 0.9778222663521808 -0.1523717407003484
vn -0.1566505091360057 0.9757272563195972 0.15302594310266773
vn -0.23921209506169216 0.9544282821971101 0.17844951027803163
vn -0.32465140189793923 0.9453982943491405 0.02869725226286632
vn -0.3231917288688859 0.9346163829835096 0.14845646853391867
vn -0.6669894016753832 0.7250261766740339 0.17164551025339092
vn -0.6550813732370887 0.7442128318932326 0.13044406955958268
vn -0.5057086431307448 0.8517532356140116 0.13702260355110366
vn -0.7139582294574688 0.700062035710419 0.01329634336726746
vn -0.7272874214147446 0.6850190225618454 0.042449327206747337
vn -0.6830338529222889 0.7303688464673068 0.005109194863028137
vn -0.6730008661913063 0.7273808521312399 0.1341153610090306
vn -0.5711678754585078 0.8068791888890844 0.15070909920077064
vn -0.48560700944725416 0.8739977510161023 0.017713373323278242
vn -0.40176950274501777 0.9005788586500044 0.16594874514944813
vn -0.009978304953074262 0.9986521083329999 0.05093525254985559
vn -0.00020052203848519085 0.9881022067503529 0.15379853317244271
vn 0.07763200351025498 0.9894776179251524 0.12209551857521168
vn 0.15666744920420142 0.9757013759752 0.1531735462798664
vn 0.3895134422481285 0.9060846965011916 0.16519625018249534
vn 0.30193850074031103 0.9519918231453103 0.050445123006704194
vn 0.32360892211684106 0.9345597092869259 0.1479033985543023
vn 0.22401400546094444 0.9579099397680783 0.17951677540235747
vn 0.1296245588078361 0.9901965774678431 -0.05204048159696444
vn 0.7108531325895077 0.7020416998949218 0.042723243045587174
vn -0.02267334725383007 0.9995061370290206 0.021757788619982572
vn 0.7060868141617107 0.7078205979641231 0.020770458942386355
vn -0.022789525907984172 0.9995431935417936 0.01985048496037616
vn -0.016407975163756854 0.9998517716828691 0.005216609402016108
vn 0.4989231346141084 0.8660859624534646 0.03115784632942722
vn 0.35024397554888376 0.9320815657513531 0.09248303832713863
vn -2.7032096931044247e-05 0.9999143512176384 0.013087761392812656
vn 0.05368266943667473 0.7047414965234386 0.7074302750660708
vn 0.1608464016855015 0.9868735483032995 0.014458033202389661
vn 0.12269722983366588 0.6989283364277051 0.7045882274985475
vn 0.3301693768254073 0.9437804203416718 0.01633097628495153
vn 0.17888179917044156 0.6835362698402226 0.7076577348820972
vn -0.06662270730097276 0.702141374322101 0.7089138913415086
vn -0.028721893327346735 0.7026535401975718 0.710952217305433
vn 0.006251620033920303 0.7029554003494691 0.7112064555151824
vn -0.18335539079715096 0.6868373784632417 0.7033030756447506
vn -0.04730468492053813 0.6970720939203052 0.7154388601845231
vn -0.10723888093232697 0.6984462679740056 0.7075822448094395
vn -0.019607240164472312 0.7027607347492971 0.7111560347966968
vn -0.6067708842504269 0.793777860345685 0.0417828008991937
vn -0.12560974011922668 0.9727022334473117 0.19512190608384264
vn 0.03440362023349675 0.7309601516003027 0.6815523807362805
vn -0.0005624245811602148 0.9994103754641004 0.03433052713397439
vn -0.7100216442008085 0.7022443998772974 0.052173437756726226
vn -0.7194796310088688 0.6935214247061284 0.03710921768137905
vn 0.02031536670892597 0.9996066934059212 0.019332469411909272
vn -0.7066077140637067 0.7073292191477968 0.019771549393786975
vn 0.021289520625754312 0.9997605541004985 0.005058732666352725
vn 0.5958893372440675 0.8029968092193084 0.010584051324310938
vn 0.6887184440294678 0.7249494242455803 0.010734856292959255
vn 0.6898998636698416 0.723748283855879 0.015053229686817497
vn 0.6888572081889248 0.7242921724044682 0.029607359216526602
vn -0.007832417173874331 0.9992323706615438 0.038383885464156615
vn 0.5047677095396664 0.8622432950425267 0.04178587752201771
vn 0.6641209214834898 0.7471070425525302 0.027829276245212337
vn 0.48836412446528593 0.8725425921028162 0.013034834166684925
vn 0.32808516746130406 0.9437068789223664 0.04215980984888813
vn 0.15959485473598836 0.986239339580584 0.043144494497585346
vn 3.7555482010988274e-05 0.9990504564869958 0.043568153308481836
vn 0.6669795705570483 0.7364979600394832 0.11273423312026959
vn 0.6625000381977026 0.743800853625104 0.08862273711982087
vn -0.4851774434823315 0.8742365807215752 0.01769884923371143
vn -0.3279257157001084 0.9437432632909107 0.04258377596684148
vn -0.15949244619362377 0.9862483422046897 0.04331705328938208
vn -0.2214200165633181 0.7488653695583809 0.6246389633550644
vn -0.16957551423847644 0.738021340933563 0.6531222284514453
vn -0.6563539510797961 0.7477637420860234 0.10024408672558893
vn -0.6525001753855547 0.755164015149692 0.06301453280645714
vn -0.5067921048245443 0.8612702288989261 0.03708578298889891
vn -0.6626834367046239 0.7484443336659469 0.026110191892922473
vn -0.6899987738039893 0.7237300583197248 0.010793277237197385
vn 0.0006871016764172926 0.9992086452122998 0.03976947603736741
vn 0.2535535686233038 0.639284663546633 0.7259653619784181
vn 0.6136614952126864 0.7325402077080315 0.29462588715929905
vn 0.6329136782572717 0.7552765714088399 0.17022801342833732
vn 0.4541663333566427 0.7581903800224574 0.467846437719456
vn 0.2337142712268555 0.6170921061848201 0.7513820412475152
vn 0.4503332950313232 0.7040453700548809 0.5491084048623887
vn 0.7905921104466702 0.01870793727246307 0.6120572914217178
vn 0.9777494121657706 -0.20928534451799052 0.014343346174303839
vn 0.7153085600860237 0.697089547988605 0.048988018460656826
vn 0.9827029616365257 -0.16403079472511783 0.08595805705486366
vn 0.6803765057054864 0.6879303700305335 0.25266502819671266
vn -0.07527875503925514 0.6213291334544611 0.7799251354844695
vn 0.9003157721626686 -0.2877330148670092 0.3265596768596506
vn 0.049442025056801585 0.7846092316705113 0.6180160513576429
vn 0.9427822198718762 -0.24635338221084285 0.2246590682940167
vn 0.9761145939561111 -0.1787585660037373 0.12347337585967265
vn -0.17955757910341122 0.6045263648394621 0.7760843704137508
vn -0.13956370922310057 0.6043713688117559 0.7843833371690747
vn -0.12656500257545053 0.6060274730646787 0.7853101311035765
vn 0.8647896439023326 -0.2731852701845612 0.42131778974245254
vn 0.8713516555480021 -0.3054332412706074 0.3840010774733413
vn -0.2286966556865724 0.6002482039874478 0.7664202067323254
vn -0.24928093967098408 0.5994382872255404 0.7606134056962587
vn -0.2849136712449376 0.6146487514562559 0.7355481712783994
vn 0.8852713703835995 -0.4650738281501184 0.0009670309913210465
vn 0.8850210536320638 -0.46555041073894265 -0.0007414100034312072
vn -0.8849852846149137 -0.46561838553176554 -0.0007517112826708851
vn -0.885306473930804 -0.4650070162288404 0.0009602469253381335
vn -0.5056790202731197 0.862720773137461 0.001263349800760656
vn -0.08799898252959591 0.6870344667155762 0.7212765216049943
vn -0.174177135980369 0.6688013406751775 0.7227496745158458
vn -0.2583212107555335 0.6426936233632689 0.7212593559614932
vn 0.25832331480776355 0.6426928114289111 0.7212593258768523
vn 0.17417863105733794 0.6688012207136885 0.7227494252193299
vn 0.08800002326910905 0.6870354725157515 0.7212754365772444
vn -2.2477978587776296e-06 0.6910982701074806 0.7227608048652023
vn 0.7139015744593905 0.3585178847720179 0.6015060002053191
vn 0.5578420559000875 0.40103691075595016 -0.7266234491677843
vn 0.48837908548920494 0.1971850767602239 -0.8500611238962716
vn 0.9616087605677445 0.21749349076764785 0.1673474621052542
vn 0.6572558889779784 0.06909699908842942 -0.7504933718033365
vn 0.9985458566395223 0.05220884990373459 -0.013431611212802858
vn 0.8849094722738926 0.4541180364807574 -0.10349896049141072
vn 0.9728337905162666 0.2153819841187683 -0.08488237123699549
vn 0.8988161710708709 0.3552733797313858 -0.2567300455259131
vn 0.7642918855457361 0.2810525023554758 -0.5804027951420191
vn 0.7597041291991184 0.3925409205733906 -0.518421895518702
vn 0.4990460013582099 0.39844905504564154 -0.7695397579473181
vn 0.3990289224808821 0.5354792296535296 -0.7443372311213573
vn 0.6494681544900556 0.5977087673833981 -0.47003760030055064
vn 0.36200517452922787 0.6164864198978336 -0.699211518566174
vn 0.5082609796019275 0.7356990259313929 -0.44768037689593765
vn 0.6022759210772619 0.7749502579380381 -0.1916137067443348
vn 0.7902614376583293 0.5862507464075635 -0.17831691587385962
vn 0.7252083748279017 0.6651055147745117 -0.1780659071692432
vn 0.9325276310906295 0.18329323176174875 -0.3111202475616665
vn 0.9955226657558724 0.06439916077321431 -0.0691908235102553
vn -0.7297873807247256 0.6672087268032494 -0.14914051700504252
vn -0.7959539514907967 0.5793364159632356 -0.17557512422054403
vn -0.8848148725705204 0.45469499588981954 -0.10176002157414686
vn -0.6488337824899976 0.6046610274286072 -0.46195212371922645
vn -0.9114358469478371 0.20535164807596668 -0.35653246350222173
vn -0.9935364146030966 0.06825907597596459 -0.09069780264444806
vn -0.9734619082170157 0.20438166369926888 -0.1029565383742355
vn -0.6061417989714676 0.38685384117017213 -0.694936130238971
vn -0.7647980935949156 0.27385178282623984 -0.583171567445184
vn -0.7550784515414324 0.41202473921335114 -0.5099923002300748
vn -0.9068201874119304 0.33965703672451164 -0.24962020171796034
vn -0.39462408767881 0.5352665899533292 -0.7468343237314427
vn -0.35714763802229177 0.6173213247923306 -0.7009707173710895
vn -0.5120524384414297 0.737396483249721 -0.4405096216623762
vn -0.6018316463085972 0.773924570532322 -0.19707721488757718
vn -0.4573578906998624 0.40866578763864175 -0.7898202541263811
vn 0.28206855099321637 0.6498682311446176 -0.7057681026297188
vn 0.21594615441202378 0.6813208936083996 -0.6994062469890513
vn 0.14598979813961585 0.7042449549965771 -0.694784874764141
vn -0.28206644063422875 0.6498674461022901 -0.7057696689178589
vn -0.2159469604795453 0.6813203519763448 -0.699406525736267
vn -0.14599150288966564 0.7042444631456095 -0.6947850151037867
vn -0.07360775524565379 0.7181525813631796 -0.6919817687259525
vn -5.404046091518156e-07 0.7228149750016809 -0.6910416137346778
vn 0.07360801224768616 0.7181544008371193 -0.6919798530963329
vn 0.39810055411832657 0.811441861989188 -0.42787621273237564
vn 0.3035395915866574 0.854875090677872 -0.42077582591910534
vn 0.20876375587937257 0.8874666355470652 -0.41087791985200467
vn 0.1122985190201271 0.9121213830853 -0.3942380310731647
vn -0.3965978550434277 0.816700705288135 -0.4191778850998884
vn -0.3085164707684785 0.8537725133749614 -0.41939251623027796
vn -0.2120238782604021 0.8849962143669327 -0.4145208988743708
vn -0.10856343866199643 0.9064475810161651 -0.4081259151975355
vn 0.017679506710364303 0.9279425283832159 -0.3723037725570917
vn 0.48607118805848426 0.8555240695395899 -0.1783630190870086
vn 0.36349424836017474 0.9173235065738548 -0.1624485016739726
vn 0.2167180386588698 0.963142189696149 -0.15934369817209673
vn 0.06404030734049611 0.9834934827304552 -0.16923181870574625
vn -0.07070231041458484 0.9862821912656963 -0.14915972142028253
vn -0.485805975541895 0.854081549798979 -0.18584203082392875
vn -0.36735313767653094 0.9150549083739098 -0.16651182210288645
vn -0.22253785460198908 0.9628910617633925 -0.15270136360003614
vn 0.9978551806658114 0.06536707023047085 -0.003490637174704708
vn 0.9671306232052937 0.25389712137687964 -0.013950247849913035
vn 0.8727152689414305 0.48744007843676407 -0.027753005063380527
vn 0.7223896943471877 0.6903497539259678 -0.039627600928298326
vn 0.4609649503690236 0.4949211265793492 -0.736589704650229
vn 0.3583715516535647 0.5835046714123175 -0.7287606804743378
vn 0.5716523016350001 0.8189967613132768 -0.04957772679107396
vn 0.7070502969031264 0.0007676528907536565 -0.7071628442998402
vn 0.7076275850425475 0.005867510963463133 -0.7065612310351778
vn -0.5215423236106869 0.29409591693226605 -0.8009376981554401
vn -0.996040512474351 0.03216773036014131 -0.082876622960333
vn -0.7899794848768877 0.18510259777941182 -0.5845249710396985
vn -0.9504011899880608 0.08817676107814289 -0.298265715218907
vn -0.7785565352236716 0.2138826310435432 -0.5900033403281741
vn -0.9441755441351691 0.1177488088744762 -0.3076812634297051
vn -0.5389353529841304 0.20653127715057096 -0.8166354859191616
vn -0.9929282618746793 0.044737843388636955 -0.10996359460958971
vn -0.993217014236767 0.0459801182679698 -0.10679789957983836
vn -0.9932087008358571 0.0461348416341492 -0.10680848735629939
vn 0.8696768468342023 -0.21959831733068516 -0.4420845632976242
vn 0.8490477405078035 -0.19960273175252619 -0.48915916000369725
vn 0.6624317907108603 -0.2871544334207254 -0.6919006099306642
vn 0.09300287345909888 -0.43309314410761873 -0.8965382278828539
vn 0.09700349894462176 -0.5118134882766435 -0.8536025271814717
vn 0.3585382836773516 -0.4673014244435829 -0.8081334529956654
vn 0.34428593783632283 -0.3711906590853595 -0.8623715484731278
vn 0.6628838957441481 -0.3574956965231731 -0.6578615110572079
vn 0.9373567120086529 -0.15766040453760774 -0.310653490714921
vn 0.7333784835091787 -0.36679344478509207 -0.5723797417698001
vn 0.40231387762546644 -0.5132206401354228 -0.7581214404097459
vn 0.10562277739552467 -0.5668943785720066 -0.8169911825954511
vn 0.9830718561679516 -0.06646929030290603 -0.17073827648517004
vn 0.9988192220264516 0.036931666008999484 -0.03156285405779611
vn 0.9985282249109018 0.04694166180995383 0.027163660335153023
vn 0.9420192379070021 -0.12227569975800122 -0.3124874536070243
vn 0.9873127834999198 -0.05352166242683885 -0.14949548216821812
vn 0.9995660554819238 0.02902085244136854 -0.005048846589478821
vn -0.8708628461817556 -0.2431226253762911 -0.4271876545153799
vn -0.8546708074235764 -0.2617209302034647 -0.44837480485790565
vn -0.6633512703130542 -0.4035277984005582 -0.6301828370338689
vn -0.358677003818776 -0.4773502303041002 -0.8021767664051411
vn -0.35863991835594927 -0.5238053180139111 -0.7726612438721018
vn -0.6635074321394986 -0.38050956541056563 -0.6441819293698877
vn -0.9374681003629057 -0.12851113092815086 -0.3234786701307099
vn -0.7293582918197797 -0.2501992728743142 -0.6367391977936472
vn -0.38517596128605464 -0.36332943938005374 -0.84831079052853
vn -0.9830814899368504 -0.07019243158262227 -0.16918571657223705
vn -0.9990909939379194 0.00752311750461911 -0.041959367668638545
vn -0.9984720808582201 0.04746691924936457 0.028291258784824965
vn -0.9434758980126133 -0.14954633445165025 -0.2957856043173302
vn -0.9883859004949335 -0.042656883682172304 -0.14585507182592336
vn -0.9981845981506581 0.059441504428446174 0.009706470320992708
vn -0.9376078983965226 -0.07888750848524141 -0.33862691840644793
vn -0.3903890625775509 -0.16103968424940213 -0.9064560661811878
vn -0.4264210107171234 0.824562084353967 -0.3718366451344303
vn -0.4462491221565061 0.8864065194115626 -0.12306584952466207
vn -0.42086114033725497 0.68814664081468 -0.5910415393942264
vn -0.3992179845112867 0.49541568925728413 -0.771484475333416
vn -0.402134541838137 0.2906948131519689 -0.8682075419317513
vn -0.3871488746669314 0.07408722375777073 -0.9190358165599394
vn -0.9651454142248141 0.11304343641448586 -0.23604133299999855
vn -0.9920960789117074 -0.11534974672784562 -0.04939439378954991
vn -0.9526654339778687 0.07491503116274123 -0.2946460741459906
vn -0.9956672757244844 -0.08659381206960262 -0.033884919398427
vn -0.9432296034022589 0.026627933415131966 -0.3310723009066998
vn -0.9963464055287049 -0.06441944068713744 -0.05607116773874012
vn -0.9380397497216384 -0.02530487524677549 -0.34560250466527437
vn -0.9978331896198828 -0.030840760282036295 -0.058118613182328964
vn -0.9830116714273232 -0.1827429197980815 -0.0171195531872911
vn -0.9826945954590168 -0.18507997984871666 -0.007532138795706386
vn -0.9855676535597709 -0.16475943140953447 -0.03886811055729473
vn -0.6731326642147261 0.28591991243888143 -0.6820133576684017
vn -0.708718916894341 0.1440943907762782 -0.6906187829641801
vn -0.9852904002738507 0.16333512131569716 -0.05024405709117703
vn -0.7287677851791405 0.004744686566835748 -0.6847444802511902
vn -0.977199989958434 0.14829361001785024 -0.15195125814915197
vn -0.981200381315864 -0.1928229105516951 -0.008070741724023141
vn -0.7106161805028693 -0.15024825258388094 -0.6873500611791664
vn -0.804057303423642 0.5867743607671706 -0.09585250313570308
vn -0.5969523890456507 0.4137122791353527 -0.687379076860303
vn -0.25372511069786297 0.6905329326678062 -0.6773387904900737
vn -0.3911600164228526 0.6155773281329975 -0.6841479333014999
vn -0.5070376623700757 0.5282664779759032 -0.6810633870538216
vn -0.7260622703383786 -0.1337075750799546 -0.6745041615567079
vn -0.7278836546633141 0.02038447017466335 -0.6853975916573354
vn -0.7367860929349416 0.17264068375820743 -0.6537135822125483
vn -0.7516967759344991 0.31575911825235103 -0.5790061625666666
vn -0.7712110246953968 0.440476915716829 -0.459579853897955
vn -0.7909520304015412 0.5353262557190273 -0.29634555090557085
vn 0.5319202178848361 0.24523468772095072 -0.8105065266509308
vn 0.7890305838024929 0.1858006307741592 -0.5855842069491131
vn 0.9452575024546592 0.09880005343417886 -0.3110093302371863
vn 0.996425702728649 0.02616168678961738 -0.08032051472718414
vn 0.524147406238804 0.2921260080998877 -0.7999574313204164
vn 0.9958556191757031 0.03521938985603322 -0.08385213374950923
vn 0.7783785597287478 0.217049483036288 -0.5890809279447775
vn 0.9420152641236385 0.11627600006202124 -0.31478108896127865
vn 0.9961547164920854 0.03041313100732993 -0.08216338766691435
vn -0.9645806465856961 0.037895037140977625 -0.2610519917418834
vn -0.989438947023594 -0.004567693994581487 -0.1448782464154421
vn -0.9324194755616946 -0.16697528372533896 -0.32048896426881357
vn -0.8957309836045697 -0.10512081858545413 -0.43199029909329456
vn -0.7142920817723841 -0.38237689833570804 -0.5861524797665174
vn -0.6751053284673245 -0.313332156289713 -0.6678740564731231
vn -0.38188073736966627 -0.5334362544310998 -0.7547270134853522
vn -0.3563123215317875 -0.47536354886858184 -0.8044072512923386
vn -0.09618182685290846 -0.5898129574018085 -0.8017915760745865
vn -0.08867422482946527 -0.5492461480412921 -0.8309425676379182
vn 0.9899594481972477 -0.012730136750772397 -0.1407772515121221
vn 0.9611559320117671 0.033019007978438965 -0.27402375712830324
vn 0.8977156759344462 -0.10413283025610383 -0.4280921849840451
vn 0.934191006608582 -0.1794307949392777 -0.3083695072459393
vn 0.6785087259281973 -0.3114179948169766 -0.6653155201432384
vn 0.7162798085401877 -0.3897822274869392 -0.5788031193877174
vn 0.35960351211702535 -0.47273554318552424 -0.8044914047285948
vn 0.38288448096916405 -0.5362203382864335 -0.752241465914341
vn 0.09705496150489364 -0.5900458276403657 -0.8015149753632052
vn 0.6645820070268327 0.6006132153788721 -0.44451605308294495
vn 0.11437278150811844 -0.5867401793004619 -0.8016575508560736
vn 0.10668138090493465 -0.582977101639964 -0.8054543946938792
vn 0.4134869870688646 -0.5062689372589133 -0.7567828451355403
vn 0.9918138052637341 0.10628185652523385 -0.07077812276276892
vn 0.9941823487029178 0.09479454696197157 -0.051141484079212804
vn 0.947887927772379 -0.09829718712489877 -0.30306127991994886
vn 0.9967173877406842 0.03597209435771123 -0.07252901076746326
vn 0.10871975611591822 -0.5536622655919682 -0.8256137779189882
vn 0.4189861486830339 -0.45701235404381646 -0.7845956381876514
vn 0.7477891078439587 -0.32888038007027937 -0.5767574410397882
vn 0.9526418263948916 -0.0023676004541236615 -0.3040854239701315
vn 0.9795560192989967 0.20070358744117073 -0.013714045477106812
vn 0.9878794576334878 0.13922712079913901 -0.06862933789384569
vn 0.7590430925402435 -0.2581736805625635 -0.5976620569617271
vn -0.09065549402924868 -0.5993583118711504 -0.7953308716460575
vn -0.09316281712272316 -0.5740117173974089 -0.8135301087213891
vn -0.3606337868488542 -0.576364466097324 -0.7333125350104156
vn -0.6809799062505192 -0.4736990300973156 -0.5584582313547689
vn -0.9049795944880912 -0.30080431112199035 -0.300879876313779
vn -0.9874270952121722 -0.1380313343823208 -0.07703948578156336
vn 0.9889028563006563 -0.13229628422118275 -0.0675931504049893
vn 0.9976649896228748 -0.0032185962313151565 -0.06822176426250551
vn -0.9610739789653896 -0.2637282502878778 -0.08236635815506407
vn -0.9737185926729839 -0.22775256786948325 -0.0009327978344083771
vn -0.9872797475643328 -0.13725639786315216 -0.08024575561946587
vn -0.9928762274461685 -0.1146775514844171 0.03233969940805024
vn -0.9975049627717855 -0.005705592771773331 -0.07036544220554376
vn 0.9868942023216333 -0.14215660470578703 -0.07636316626796967
vn 0.9921543802154279 -0.11988722037421028 0.0354505318759217
vn 0.9638683675220273 -0.2530347606076097 -0.08325370871421658
vn 0.9742253595783918 -0.22555486571268396 -0.003154569334517252
vn 0.950564208357191 -0.31052193238178033 -0.001953279332830566
vn 0.919838293592636 -0.38452323546498746 -0.07771354468897561
vn 0.9045834381424278 -0.42625964557678814 -0.005614088632655523
vn 0.8618234747140828 -0.4996556309237993 -0.08720406480138734
vn 0.8577585833615148 -0.5139744444903505 -0.008971236285096617
vn 0.7878966186648552 -0.6105022901935583 -0.08065898564269365
vn 0.7944535795750994 -0.6072312568747914 -0.010663516051101185
vn 0.7144438595515061 -0.6951694947460232 -0.07943138626328099
vn 0.7192243158661327 -0.6947745590278933 -0.0021669320455056144
vn 0.6480837406264391 -0.7615631616229112 -0.0030026645763445462
vn 0.5800687220859674 -0.8123470915234017 -0.060103914606478556
vn 0.5197815175342214 -0.8523745103767311 -0.05731376876327287
vn 0.5644458913474534 -0.8254104158356774 -0.009923767981618412
vn 0.4754867016023821 -0.8796315338044651 -0.012679169377024792
vn 0.39246097116870365 -0.9188418394677893 -0.041280263477442576
vn 0.36927137143391026 -0.9292210826643376 -0.013668715061610354
vn 0.2639464202506354 -0.9637827042650373 -0.038146902842128134
vn 0.26021133278108505 -0.9653931523358603 -0.0174963914943026
vn 0.12741098074114712 -0.9915840977866256 -0.022965604787657967
vn 0.16324201780239703 -0.9864292860246318 -0.017587134409475628
vn 0.003682529405969896 -0.9995616723901996 -0.02937519473435441
vn 0.00380524833077046 -0.9999690921470186 -0.006880031672069172
vn -0.13216601753735271 -0.9906755802052039 -0.033076254222611276
vn -0.1575402528796037 -0.9874835964868662 -0.007564085668116797
vn -0.2697817621277784 -0.9619374203335387 -0.043522410150260864
vn -0.26925925937326006 -0.9629576066807125 -0.014563618283850239
vn -0.39652937229158985 -0.9168987245275392 -0.04540028490890493
vn -0.3657915072243829 -0.9305673372916551 -0.015524303798673226
vn -0.5091593464207397 -0.8586793570348163 -0.05853649933741835
vn -0.47571927365531363 -0.879532739607457 -0.010645779983730027
vn -0.5556154409054147 -0.8314297906867391 -0.003998122820365414
vn -0.5904961838057395 -0.8035219436972588 -0.0752777716715729
vn -0.6459219232293577 -0.7633927317903199 0.004050449530683395
vn -0.7137739746232672 -0.6957198540776449 -0.08062628475059498
vn -0.7210181852825831 -0.6928463541266485 -0.009833924202540145
vn -0.7885277994599361 -0.6095122269514675 -0.08196801007425687
vn -0.7948978009871528 -0.6066460466489225 -0.010865545132311225
vn -0.8626160207239374 -0.4985502162587391 -0.08568128534729286
vn -0.8602911717249526 -0.50963105069936 -0.013239789091010435
vn -0.9241869705212765 -0.3767134477038541 -0.06297159548384124
vn -0.9035943783325369 -0.42801615820410366 -0.01787086349441433
vn -0.9485094960974991 -0.3166114017904016 -0.00932502381686145
vn -0.757872585267396 -0.6403910220770628 -0.12461333533458083
vn -0.7206129788114791 -0.68579989144237 -0.101958048559593
vn -0.6389027091238002 -0.7535701864075413 -0.15471038243108384
vn 0.6270395879021357 -0.7787222363112678 0.02032323492699106
vn 0.4824735477659117 -0.8758950047845261 0.005216924351515127
vn 0.360729517304998 -0.932665133302736 0.0031566542877880625
vn 0.2422805309857384 -0.9702049843226299 -0.0015597117663333619
vn 0.12129005539811154 -0.9926050829301707 -0.004885877885483952
vn -0.0005051960672800133 -0.9999828858300375 -0.0058286211031426125
vn -0.12192541220167606 -0.9925323710175822 -0.003699505597757931
vn -0.2419166724914513 -0.9702960315045743 0.0013909770444367534
vn -0.3590084745968216 -0.9332927125673954 0.008810666050687425
vn -0.47715301802722376 -0.8787087774890124 0.013995776194169604
vn -0.6363162898281647 -0.7711583874991387 0.02040393807693197
vn 0.6794596074860744 -0.7336954841187854 -0.005057507149848142
vn 0.7463918538063888 -0.6528019976231039 -0.12941697133972502
vn 0.7338390853747302 -0.6704746736726439 -0.10928819121909243
vn -0.48646826626396555 0.7405256252635495 0.46364903132235746
vn -0.6232782262163319 0.7626850340057554 0.1727304015750063
vn -0.6622311878992926 0.7446296852102079 0.08352535948583974
vn -0.2761120852891378 0.6407845089127677 0.7163500048821851
vn -0.07301563489092627 0.5230607057133684 0.8491620665103382
vn -0.25728272332785157 0.6315266309669342 0.7314230750096404
vn -0.06697456194336555 0.5092613481636299 0.8580019156849573
vn -0.49071948624905637 0.7199307831790975 0.4908095896033344
vn -0.6115111922114048 0.7329426206101946 0.29807579018304514
vn -0.6847722917264801 0.7137474026221384 0.14714466940333096
vn -0.9421766336717446 -0.3277331323669477 -0.06995845132596971
vn -0.7492851264821893 -0.6614149485108787 -0.03319736614433649
vn -0.8672421295523715 -0.4951951521493618 -0.05169961331807202
vn -0.866881426443034 -0.49600732222808924 -0.04993324327751278
vn -0.6392284587043476 -0.7689865178843892 -0.006834683204515585
vn -0.605829910663285 -0.7951699844955313 0.025977203527179974
vn -0.6874271526353243 -0.7257317862475555 0.02751879811370592
vn 0.6288545001886946 -0.7773354567259265 0.017076454817158356
vn 0.49276149425253657 -0.8696693103283915 0.02934962444303629
vn 0.36526423043496287 -0.9307661420316188 0.016013457226057043
vn 0.2547141613565863 -0.9667486114604644 0.022755620045929986
vn 0.12605735632082654 -0.9916464044651383 0.02733041215875482
vn 1.6959000407891578e-08 -0.9996265129756279 0.027328273933538896
vn -0.1260569300434493 -0.9916464221930087 0.02733173503138833
vn -0.2550632173890706 -0.9666628697049682 0.022486695375069983
vn -0.36483293142505363 -0.9309583141707 0.014613330361368856
vn -0.4926087837572595 -0.8697606537586022 0.029206015452344625
vn 0.7469836382338807 -0.6648215395710982 0.005269225103310543
vn 0.9443102591001582 -0.3218857587637299 -0.06832051568372266
vn 0.9344233750693189 -0.34519611313531495 -0.0877074660467037
vn 0.9397355944946142 -0.3083827871577704 -0.14763830473376155
vn 0.8022631829890807 -0.5967204934681303 -0.017275355144826466
vn 0.5838719468687743 -0.8118346998905257 0.0042390698657994675
vn 0.4277574681052867 -0.903891876326178 -0.0017390778292752619
vn 0.44061065023219764 -0.897658462716486 -0.008458085802083301
vn 0.4608884400558018 -0.8874282623263365 -0.0072749603015053906
vn 0.5022342595174406 -0.864687348559656 -0.008748588905648709
vn 0.5765754556553264 -0.8169334942516672 -0.013431675458188519
vn 0.4079004215593134 -0.9130254323497552 -0.0013438654237454286
vn 0.40625457918996016 -0.9137599046514502 0.00023138401201074622
vn 0.4252701958829969 -0.9050333828562234 0.007735399760702226
vn 0.44959942057594676 -0.89321079901713 0.00590165544176845
vn 0.49294183787429136 -0.8700519677614021 0.004232950227420702
vn 0.5449606584281718 -0.838417819058793 0.008569798727534751
vn 0.6148263573517836 -0.7886388418161303 -0.006109622283702332
vn 0.7862231422913597 -0.6154388212558467 -0.055571825745733314
vn 0.7116991344732172 -0.7019410763988367 -0.02762367198827855
vn 0.9174949742592623 -0.39610319199186916 -0.03612801548449528
vn 0.879539360949126 -0.473735134847609 -0.044559337429104146
vn 0.8723252487578138 -0.48449682149825957 -0.06566193979545312
vn 0.8199765930661358 -0.5710446922542375 -0.03932360959927319
vn -0.39982011691731595 -0.9165727533683906 -0.006185619686917945
vn -0.3921522157741123 -0.9198985472169715 0.0018172758621780485
vn -0.4625413995340938 -0.886597617560759 0.0003438787982552286
vn -0.8515865278206414 -0.519826457018043 -0.06768190466034976
vn -0.6390318541703748 -0.7689577020161059 -0.018502482689700086
vn -0.5765517067363882 -0.817041301064185 0.005625105750245593
vn -0.5416944375834783 -0.840558068787494 0.005410109736198185
vn -0.5099461409769496 -0.8602032273493819 -0.0023110518005396313
vn -0.4923364165198774 -0.8703668478758504 0.008148808932733781
vn -0.44288167614329316 -0.8964494391198343 0.01530437970783965
vn -0.4197083929892079 -0.907603685610023 0.010020714621171614
vn -0.5096479330139555 -0.8603791602292814 -0.0025855401291140553
vn -0.4745564627911193 -0.8802181213204737 -0.0034960724015122894
vn -0.4659045314250371 -0.8848320870522286 -0.002268329873294071
vn -0.42375526672298924 -0.9057543258387595 -0.006369862549748414
vn -0.651284768559207 -0.75870782509152 -0.013805302882424493
vn -0.5887714045001904 -0.8082795847726515 -0.00568736165749175
vn -0.6488094388009412 -0.7609507801643537 -0.00047147647794656115
vn -0.5552423778314987 -0.831685388302716 0.0023058065364781758
vn -0.5161051847784572 -0.8565247995082946 0.0008402809471609368
vn -0.7570647576969445 -0.6531459090736639 -0.01591772953670977
vn -0.8691851133694146 -0.49246682004999615 -0.044650530196652265
vn -0.8864355031680177 -0.46093549052346683 -0.04207816891399322
vn -0.9408259383422527 -0.3388873419824465 -0.0013867899957189218
vn -0.8935784343304637 -0.44414314747512623 -0.06522611632164836
vn -0.31421203101575823 -0.5645488639188434 -0.7632531557831226
vn -0.2463934918397897 -0.3968861955536048 -0.8841784859167188
vn -0.15770718140822026 -0.4221937397502685 -0.8926818532086095
vn -0.173889973310703 -0.2246357317799273 -0.9588018904808748
vn 0.17359427443042202 -0.22646100264627392 -0.9584260233139643
vn 0.26600713867529363 -0.44809258599667545 -0.8534947196957899
vn 0.16112961955490637 -0.42271900010045166 -0.8918216708827867
vn 0.11735145959094458 -0.4388327121100843 -0.8908728785376635
vn 0.05915710548523398 -0.4503324031237889 -0.8908990759717748
vn 0.0022709543577108865 -0.4556782972687118 -0.890141636013389
vn -0.06020745414929486 -0.4507681795487126 -0.8906082813286659
vn -0.11739968041352346 -0.43874070647332425 -0.8909118404882105
vn -0.41458756559437365 -0.8670147776254465 -0.2764100682566186
vn -0.38245802416073454 -0.7507694826490503 -0.5385824390731135
vn -0.34616448428452884 -0.8979688367724531 -0.2717022598462401
vn -0.28969963628812706 -0.759260535414633 -0.582749997937719
vn -0.24896714085821992 -0.9297618658671591 -0.27121621550361247
vn -0.21006450601071222 -0.7850370269166597 -0.5827433137191086
vn -0.12564015602527365 -0.9541801582441731 -0.2715783069522852
vn -0.10596510997653712 -0.8057067340538843 -0.5827590017905203
vn -0.00019936131155145844 -0.9623369792876517 -0.2718593359636286
vn -6.294986020841037e-05 -0.8126697627947318 -0.582724508388372
vn 0.12522143429000498 -0.9540742108719455 -0.27214333088177695
vn 0.10584555350384774 -0.805734175153769 -0.5827427887093413
vn 0.24848535478249176 -0.9295361176052274 -0.27242913670534574
vn 0.20994199218674603 -0.7850586925891573 -0.5827582767381886
vn 0.346552591057172 -0.8976071918202477 -0.27240159842432954
vn 0.29187625871852746 -0.7572021980748173 -0.584339867566077
vn 0.4142526997280183 -0.8678017040169521 -0.2744356086103306
vn 0.36765491273743955 -0.7169543831207883 -0.5922890153159314
vn -0.3965606383904028 -0.28644147426864097 -0.8721759810372008
vn -0.48328461590034755 -0.840610541010863 -0.2445606231090315
vn -0.5007442907431635 -0.7336144070111562 -0.45941817238088833
vn -0.47815681386731845 -0.5296860738691059 -0.7005702851972716
vn -0.6331318409467805 -0.26845440373979307 -0.7260002101184633
vn -0.6544517533569318 -0.48176876744771924 -0.5827450190606035
vn -0.6331859077951754 -0.6737620611407487 -0.38094657254918257
vn -0.5791490233613859 -0.7859487214946463 -0.216497149913074
vn -0.7796590143387075 -0.20898831510081223 -0.5903013683803544
vn -0.8908615639557117 -0.13206295108725916 -0.43465509408783815
vn -0.793057075676559 -0.3674124465967435 -0.48586888026003455
vn -0.897705091299653 -0.27837962974573816 -0.34151186040503334
vn -0.9570269447877796 -0.14363349622814983 -0.25193023977174
vn -0.9853282068134155 -0.032244205439993866 -0.16759664696348409
vn -0.9685040268602362 -0.04950996065366885 -0.24402605137890326
vn -0.9880854518877198 -0.09721945696053294 -0.11931268564632941
vn -0.7139332591441662 -0.6612024239846258 -0.23045749283684386
vn -0.7934638847428861 -0.5378248063250857 -0.2848851370466914
vn -0.8705455076822355 -0.44166340568201645 -0.21698837557722186
vn -0.9369213943442082 -0.2949221820912984 -0.1876145179100275
vn -0.6291796078125758 -0.7704523858237936 -0.10264571248346266
vn -0.5414916220036612 -0.8373966494418649 -0.07452298171290973
vn -0.5486329433539784 -0.8357412099212069 -0.023206109242769734
vn -0.9667344112644846 -0.23508824887507435 -0.10078736685697101
vn -0.9423165143826163 -0.3116851326936497 -0.12203263817331089
vn -0.8599263191679687 -0.4945385879898457 -0.1263262070642455
vn -0.7141045796559137 -0.681687167406456 -0.15923961538453077
vn -0.576013082825812 -0.8005690750559429 -0.16522131968234777
vn -0.5641493239126345 -0.8121935766054724 -0.14858376240265392
vn -0.5482950562798384 -0.8251294383020733 -0.13613941863543233
vn -0.5289171777293562 -0.8369123327182287 -0.14079902857244925
vn -0.5084556845138722 -0.8486371096666542 -0.14590364279947513
vn -0.6950450930497012 -0.7069526017820474 -0.13088291508491828
vn -0.7555266383595135 -0.6418491059059431 -0.13118393185491137
vn -0.5864619028159961 -0.7950776653567919 -0.15464133534160432
vn -0.6005442434350564 -0.7849084279731114 -0.15252990321177912
vn -0.6576962253271279 -0.7522584414549282 -0.0392799242648227
vn -0.9192647334166921 -0.3806443199299906 -0.10031077510104931
vn -0.8453712144360545 -0.515595558435944 -0.1396736550822582
vn -0.8910464163725668 -0.44659062942533967 -0.0811978668382694
vn -0.8427083301926548 -0.5333416978124638 -0.07341187641264979
vn -0.7776117082654022 -0.6244564347981334 -0.07330888218877436
vn -0.5131604163379322 -0.8410306898167363 -0.17127103050505915
vn -0.4619873372722369 -0.8778978569772347 -0.12594861219913228
vn 0.37947939240130574 -0.9167651487631255 -0.12464771460424179
vn 0.5289408522187513 -0.8023775693908135 -0.2764268637317857
vn 0.5752342751831155 -0.7882478558557495 -0.21856542817511007
vn 0.5636399120247769 -0.810469701869062 -0.15952715105892093
vn 0.45749839323499303 -0.8450624407070526 -0.2767032553000396
vn 0.48754580824163674 -0.8434571467949886 -0.22556401837719192
vn 0.5519211050642603 -0.8176129099606961 -0.16398848511480435
vn 0.5614616724635894 -0.8122738324181534 -0.158025350887491
vn 0.5587183567686016 -0.8114807024624494 -0.17126840730515167
vn 0.5306295400875134 -0.8314763789223277 -0.1645579608549149
vn 0.4843301605351736 -0.8535106889428531 -0.19220769874349214
vn 0.5219601146998778 -0.8367437781830733 -0.16558227059201147
vn 0.4773091857815365 -0.8642305537410931 -0.1590015444859894
vn 0.5425631648312617 -0.8288631143726809 -0.136422687998387
vn 0.24818162139487734 -0.9608795528193151 -0.1229486387706782
vn 0.12502567328602657 -0.9844734639390093 -0.12320949565396365
vn -0.0001165023633257725 -0.9923450562402524 -0.12349605573754009
vn -0.12524544032238336 -0.9843715442722891 -0.12379920236189297
vn -0.24836254636612828 -0.960681889357543 -0.12412233087947798
vn -0.3663707899311222 -0.9223326529555835 -0.12277997221518089
vn 0.6373346663400458 -0.25634445971780484 -0.7266994158888592
vn 0.5021187571072009 -0.7274272508733038 -0.4676818880906413
vn 0.3930020203025689 -0.2961347951282218 -0.8705478706840107
vn 0.47862518561351364 -0.5313857599158811 -0.6989614480463504
vn 0.655692541162678 -0.48314024074296213 -0.5802092719342414
vn 0.6317782908541816 -0.6749614796512285 -0.3811603234760846
vn 0.9708509026065563 -0.12050787384575426 -0.20718681726695545
vn 0.9851828457616559 -0.05323920452447949 -0.1630348046233258
vn 0.7929421143236598 -0.15039269803629995 -0.5904446118894526
vn 0.7151902852286873 -0.6531949136224133 -0.24867501026906005
vn 0.787846418024899 -0.5339459995172159 -0.30691968200963793
vn 0.7981902421350117 -0.5967983312636056 -0.08200054366543674
vn 0.9101601973623 -0.29976953415579305 -0.2859136959458887
vn 0.8509396714873355 -0.07458993042962743 -0.5199403982838119
vn 0.797406151985545 -0.3685929466772712 -0.47778935571585573
vn 0.944580018921293 -0.2679072840396315 -0.1897215723452608
vn 0.5162003412333228 -0.8532020026567818 -0.074723158211211
vn 0.37045274215782686 -0.9285729688162335 -0.022737796981076086
vn -0.46424817549655606 -0.8847724045397924 -0.040637712939985804
vn -0.3650111748723239 -0.93038554619399 -0.033905422156883455
vn -0.25375981213926396 -0.9665499066962683 -0.037245611935909216
vn -0.12599676313743843 -0.9911744229017655 -0.04120775490414845
vn 1.425096767421122e-08 -0.9991505882668243 -0.04120803278559388
vn 0.12599653262024127 -0.9911745615740746 -0.04120512414879124
vn 0.25633181440522856 -0.9659274759595795 -0.03575069384053224
vn 0.8556969907736727 -0.5045716249889838 -0.1148483140357648
vn 0.635719155018492 -0.7656925126664995 -0.09785771297673371
vn 0.6995300510808513 -0.7045603565892873 -0.11938346433907034
vn 0.8493131636019146 -0.5044966200083264 -0.1554037017985153
vn 0.7182728194749032 -0.6758449897652158 -0.16528069038102547
vn 0.7503439587721542 -0.6490773123018568 -0.12523013291189058
vn 0.5771403310693954 -0.809498708751341 -0.1078001798839893
vn 0.600520236691902 -0.7868094638713305 -0.14250022065250026
vn 0.9465447482003457 -0.2976097291126104 -0.12442463096936544
vn 0.6673190766234206 0.3449102033873473 -0.6600925704579351
vn 0.8372032274404295 0.4584368286095132 -0.29820534894226913
vn 0.6983381166327655 0.19420565810296586 -0.6889180192291359
vn 0.8935098867540516 0.34335710836929056 -0.2893889742285306
vn 0.7534629125924183 0.08320385124453303 -0.652204537308525
vn 0.9341545061693836 0.14461031395545249 -0.3262563649971297
vn 0.7412143054308589 -0.05461383465035398 -0.6690431095896836
vn 0.8733221010548745 0.487090082913379 0.007194368390422977
vn 0.9376950232982911 0.34227169942460073 -0.05981744774405551
vn 0.9604064318811969 0.27619203079542787 -0.03657113241786675
vn 0.9721229972716642 0.21129904667512028 -0.10163459573266025
vn 0.7781242317343816 -0.14111995155619558 -0.6120521540363659
vn 0.3822316500680665 0.1796252102081861 -0.9064401522129899
vn 0.3559830663225282 -0.015196372993441308 -0.93436883870314
vn 0.38098309977205186 -0.1145723023807333 -0.9174557565437457
vn 0.40532740109826365 -0.2551444571313856 -0.8778445214923071
vn 0.4175846559463766 -0.36287934836228775 -0.8330315922282345
vn 0.09806011745978128 0.020124574633475084 -0.9949769921257454
vn 0.12280796932611328 -0.05667132438385873 -0.990811063554791
vn 0.11395531383244836 -0.2588981780463304 -0.9591589648507899
vn 0.11271532534116582 -0.3335237538335671 -0.935979252474114
vn 0.10588287418481124 -0.47235245557721256 -0.8750268422537337
vn 0.08981809235810374 0.0696421081772153 -0.9935203505987101
vn 0.33876306124038985 0.26224463045443924 -0.9035858244443935
vn 0.7896117939314596 0.6128385859987707 0.030693360770196843
vn 0.6744319957376133 0.7378483223342632 -0.02685770567068302
vn 0.7635121500403275 0.5870796386359021 -0.26904775531480507
vn 0.644853630782362 0.7050640757078293 -0.295039732939598
vn 0.6061100360420749 0.4687964067600056 -0.6425422579239297
vn 0.524680840121054 0.5739025796887403 -0.6287653338380497
vn 0.29527144885236056 0.3232714959100985 -0.8990607940649369
vn 0.07850783353581858 0.08614827516963817 -0.9931842702936894
vn 0.5396290763029934 0.8418677472457748 -0.007691303901297886
vn -0.2467470589212765 0.9688831069485744 0.019529822922327154
vn 0.17377540555905147 0.7784929035693591 -0.6031176564443588
vn 0.09835913885139251 0.4406648322015144 -0.8922667681053819
vn 0.02836923521351448 0.4517509335839763 -0.8916929294882887
vn -0.07896691897552938 0.08481734517223685 -0.9932624243700381
vn -0.2975358920368744 0.31906753250929054 -0.8998157048241902
vn -0.06477659489699511 0.09790859365251456 -0.9930850416971032
vn -0.24427125656148882 0.36916352322582696 -0.8966882659750631
vn -0.04829292588758719 0.10899005046454925 -0.9928690559227592
vn -0.029877617248113303 0.11608734656911289 -0.9927895325566833
vn -0.18207951641495473 0.41013882126690837 -0.8936627982588775
vn 0.007526267038907236 0.11992997898987531 -0.9927538241900392
vn -0.011134399439885008 0.11965076084652788 -0.9927536051699636
vn -0.042102691540283975 0.45067912293986895 -0.8916925992242024
vn 0.026131668626461473 0.11706425392188459 -0.9927804874938414
vn 0.0445362356475881 0.110849573160201 -0.9928388065766486
vn 0.06257885738136178 0.10067138543739584 -0.99294972620116
vn 0.16742408190695154 0.41670923016215117 -0.8934890006571328
vn 0.29607149903875496 0.736785822002245 -0.6078555091083906
vn 0.36042459637484703 0.8966318150873903 -0.25718767175181756
vn -0.43355938850084796 0.6549208728471219 -0.6189546889328291
vn -0.5302398844416426 0.5683379100728837 -0.6291563278878309
vn -0.652354064617303 0.6981477058236402 -0.2949982291988745
vn -0.3219934301011994 0.7247798701638776 -0.609109489974419
vn -0.1991690125783783 0.7719461134999763 -0.6036811263248466
vn -0.2419948351982813 0.9375399827696388 -0.2499145462866499
vn -0.09688405098492238 0.9759155953616873 -0.19545391117753208
vn 0.23537976172572267 0.377615310957255 -0.8955462270037196
vn 0.41703637861788173 0.6683266221568533 -0.6159709287179822
vn 0.5093276177303914 0.816431381590261 -0.27207568243358654
vn -0.39206861537881893 0.882438925917023 -0.2599687343919389
vn -0.40686991168371756 0.9134629689036737 0.00650226177339937
vn 0.2077906905758357 0.9466632343164233 -0.24627575947215333
vn 0.21793766349935087 0.9757720876333084 0.01928750435330212
vn 0.3843338511880149 0.9231006419616289 0.013141371352238473
vn -0.5307797000231057 0.8011479722736672 -0.27646850917450516
vn -0.6826991928844268 0.7301077690480252 -0.029401659998500557
vn -0.5623341747866245 0.8268359557385863 -0.011071502377948848
vn -0.11270391799047505 0.43712604818481876 -0.892310845427713
vn -0.07446457822162428 0.7956111596333749 -0.6012136968309288
vn 0.07165670532674105 0.9779854458731352 -0.1959841428331424
vn 0.050136646237354816 0.7976465671339146 -0.6010376615849888
vn -0.08963767686301966 0.06952389693647752 -0.993544923313167
vn -0.10010973895437925 0.023903151962183167 -0.9946892376479997
vn -0.371199744397781 0.18864121841841 -0.909189331477575
vn -0.3384367041531666 0.2620290389749175 -0.9037706456927127
vn -0.6058614138632532 0.46871788673818066 -0.6428339519995143
vn -0.7628229870053387 0.5881111526648605 -0.26874962810664904
vn -0.6696316313320873 0.3534600220146872 -0.6531917721135996
vn -0.836339995635967 0.4549409134321392 -0.3058826196192934
vn -0.862230766385624 0.5063291042365958 0.013745679358476976
vn -0.7894436340414864 0.612504896143399 0.04020573182688963
vn -0.9099197921191473 0.4104923777741727 -0.059514533512023224
vn -0.7568657666063902 -0.24835649324291728 -0.604543847544082
vn -0.951600078054009 -0.0009851928108526474 -0.3073374706128906
vn -0.7506064491013202 -0.1269885722239677 -0.6484318476848783
vn -0.9466816074973743 0.11376453009915909 -0.30141593474384326
vn -0.9780276152582867 0.20771873714156627 -0.017745704621158386
vn -0.9568454196133828 0.281762133102867 -0.07111218822544778
vn -0.9014947696359782 0.2738052110528533 -0.33516844529173245
vn -0.9460558516083352 0.32079347799735175 -0.04549582521495896
vn -0.9216918863584136 0.3875541748185656 -0.016906454441125884
vn -0.7431637006298758 0.2884316122428874 -0.6037507094199367
vn -0.725684026982079 0.11165301359359975 -0.6789081657621601
vn -0.7839852722131888 0.05090330109071737 -0.6186888934600975
vn -0.42412444843639735 -0.45227611733306206 -0.7845793560428745
vn -0.3672731363421589 -0.33156279590331456 -0.8690089502957785
vn -0.4045142174521622 -0.20034542077313086 -0.8923171859010124
vn -0.38437385922366424 -0.060500018952758146 -0.9211929678695026
vn -0.3846373376684421 0.06837944884249669 -0.9205315689574851
vn -0.10285106327656948 -0.5586597051068445 -0.8229951352667966
vn -0.11084187718900873 -0.4932670074863514 -0.8627871913668378
vn -0.09953216527382652 -0.31851112845475055 -0.9426791655310862
vn -0.1113921844561649 -0.21799864639238495 -0.9695712307062188
vn -0.1001415536847599 -0.08344938792608572 -0.9914675329431438
vn -0.9484182409974614 -0.09673434091694616 -0.3019028112334251
vn -0.9968370165470081 0.04102773958797757 -0.06806384521874281
vn -0.41244414783312294 -0.506253822316883 -0.7573617974969129
vn -0.1065499170443533 -0.5832089699751118 -0.8053039255575566
vn -0.10935022835287196 -0.5859328151071314 -0.8029478586681746
vn -0.7472610920723953 -0.3284290283959052 -0.5776982201648997
vn -0.9917868205257289 0.10632585353363856 -0.07108948939054864
vn -0.9878535193899073 0.13941698443373932 -0.06861726226232265
vn -0.9941826991569174 0.09480231619030742 -0.051120265472897275
vn -0.06956809919206182 -0.08004972445493418 -0.9943602572455782
vn -0.07200125716120961 -0.1893557605056955 -0.9792651402610608
vn -0.07924842356565101 -0.31488625308969537 -0.94581516956406
vn -0.08683882863164875 -0.4674553652168089 -0.8797411547562743
vn -0.7925754950323882 -0.4696075631893092 -0.38896377886580086
vn -0.8734282072202434 -0.47313399182712 -0.11518416822535354
vn -0.7559628173815358 -0.5158759983920301 -0.40297912231230665
vn -0.8349621549057261 -0.5364064213353058 -0.1229078965137591
vn -0.8591670791078763 -0.4069762081317372 -0.3101649499733221
vn -0.9535606955135967 -0.2882110213697371 -0.08750089789618595
vn -0.8326689603927827 -0.4463376816237084 -0.327788157750056
vn -0.9247816321525046 -0.36714178402096653 -0.09992919122684732
vn -0.6400304720306244 -0.5258844887918054 -0.5601843440515253
vn -0.6152804627203169 -0.5137451625836238 -0.5979095752006308
vn -0.8141470694216558 -0.4560194144375504 -0.35945909782360963
vn -0.9036490489591653 -0.413997655026396 -0.10965554225775044
vn -0.5559361980045736 -0.40747448609909526 -0.724499473379034
vn -0.2857195297849631 -0.23279500227427255 -0.9296078943380274
vn -0.5925063946331317 -0.41141470114373535 -0.6925850965777843
vn -0.3108838493067146 -0.300985673885541 -0.901531395102748
vn -0.31441204409857865 -0.4070890359854735 -0.8575684131928899
vn -0.6032292826555155 -0.46147345342612556 -0.6505049456613516
vn -0.323121285908487 -0.5139540190059153 -0.7946344448490216
vn -0.34239105527839386 -0.5792418794302451 -0.7397615902298964
vn 0.06074382024733261 -0.06886991538738263 -0.9957746346720701
vn 0.06432274226347981 -0.050826602924834784 -0.9966339555036378
vn 0.053581970756183 -0.052103125802867224 -0.9972032073210826
vn 0.049439699965574464 -0.06120700149290712 -0.9968999042208606
vn 0.036882334226508835 -0.06876713376635828 -0.9969507383695364
vn 0.02300362067012347 -0.07422873137423576 -0.9969758918221827
vn 0.009247423221146616 -0.07755886074673593 -0.9969448872848676
vn -0.003799666542225072 -0.07811831057120804 -0.996936854614006
vn -0.01757673183622534 -0.07565697806464759 -0.9969789767934342
vn -0.031860786221166275 -0.07096834499390386 -0.9969696004945164
vn -0.0452730189885431 -0.06387858559802358 -0.9969302282776157
vn -0.056393117819203684 -0.05808135988565509 -0.996717799528263
vn -0.05706805048514627 -0.04757537684386911 -0.9972360909694297
vn 0.08796486689133982 -0.5715552804598557 -0.8158349977607264
vn 0.0922026928619766 -0.5997483567491942 -0.794858837785453
vn 0.044009068197209164 -0.44479520242374204 -0.8945504065267847
vn 0.07945920228089681 -0.33379954962126357 -0.9392891438984725
vn 0.07991372948359907 -0.1873125185482831 -0.9790443382376107
vn 0.9542932725482182 -0.2864956559025696 -0.08511515210682971
vn -0.7011855924291512 -0.7019566976413039 -0.12488218290170654
vn -0.7884181358662452 -0.6143096725704421 -0.03194478398097469
vn -0.5793303650731417 -0.8037786168081176 -0.13533758999719728
vn -0.40543214853690157 -0.9049648537864853 -0.1290867396131645
vn -0.22025944366419434 -0.9660113680989737 -0.13530637154357852
vn -0.047189833466149474 -0.9879736598423535 -0.14724526163901838
vn 0.10939985766925445 -0.9831339296839283 -0.14655834144184235
vn 0.2933527383275004 -0.9470885713872379 -0.13025900684189923
vn 0.47239355835349894 -0.8715839054858044 -0.1310947051723749
vn 0.6224812034206216 -0.7713665899555664 -0.13232813490840117
vn 0.7446151583878324 -0.6553556024989092 -0.12671740279991123
vn 0.798265118241652 -0.594735729375056 -0.09519565748163884
vn 0.835905923482421 -0.5360428240733426 -0.11798041297807081
vn 0.8739910252074637 -0.47252212834396257 -0.11341307720936826
vn 0.9043511214252051 -0.4130473978158941 -0.10742856386684362
vn 0.9256022397507063 -0.36572075068409304 -0.09751321083596536
vn 0.3638194902267005 -0.5762140999102981 -0.7318556480589248
vn 0.6836926876873838 -0.47218081485509517 -0.5564257245002067
vn 0.9056103358288738 -0.29981864825763566 -0.29996449422703064
vn 0.8588962575966259 -0.40739135060278475 -0.31036995044712257
vn 0.6394164933866111 -0.5272023370148259 -0.5596465347264072
vn 0.3414958945911097 -0.5814526940516115 -0.7384397866837491
vn 0.5887928562267689 -0.4203991449418893 -0.690353193219566
vn 0.6233693864489153 -0.43089622102924385 -0.6524868234232932
vn 0.7665885882720409 -0.5080392708870368 -0.39273150569778265
vn 0.7900760859868486 -0.4725380715735495 -0.39049654193763694
vn 0.8117736943792387 -0.4565381954366331 -0.36413781075486373
vn 0.832642263075219 -0.44314757492240003 -0.3321552176037182
vn 0.6029169366737579 -0.46126893613387543 -0.6509394257762043
vn 0.6174465345565163 -0.5068163581524364 -0.6015787197642967
vn 0.3111148068107803 -0.3081102356294896 -0.8990415227804729
vn 0.25761659714607144 -0.20239199504693126 -0.9448127693970916
vn 0.47521952266184553 -0.33971353516650943 -0.8116410039578587
vn 0.3269676809031393 -0.5113872119431833 -0.794717091238008
vn 0.32048571383750146 -0.4085406810905149 -0.8546247241451451
vn -0.2291187080244841 -0.22425619737453995 -0.9472136905536693
vn -0.4168436667432143 -0.39986333784197076 -0.816303049452806
vn -0.33272271666801984 -0.46926142357740674 -0.8179787956635296
vn -0.6586587261653676 -0.6403734284916699 -0.3950829717009323
vn 0.6942165837366284 -0.6031520633717847 -0.39277337398989176
vn 0.5789869561399423 -0.7071792849804405 -0.4057974414832569
vn 0.43092978401709114 -0.8032604494581481 -0.41118386590827866
vn 0.26935956478957634 -0.8688958945700073 -0.41528947645679204
vn 0.1082481989333718 -0.9024357015629421 -0.4170037553455387
vn -0.04489488977715681 -0.9078154999276303 -0.41695979058302884
vn -0.20583950526430475 -0.8857734237821842 -0.4159754076790278
vn -0.373199223702267 -0.8308620791736888 -0.41278389602696514
vn -0.5456249023969955 -0.5205107598644525 -0.656781557863495
vn -0.5282099111964335 -0.7449900305753746 -0.4074115168440363
vn -0.4341570049587624 -0.6122719859240703 -0.6607803797766942
vn -0.30635563945482647 -0.6819480243150613 -0.6641484128619213
vn -0.1688887262932638 -0.7265917985199131 -0.6659887059512624
vn -0.036820239958409016 -0.7446743211874582 -0.6664116035104755
vn 0.08872885136095221 -0.7402795497914788 -0.6664183213993231
vn 0.2210091104320504 -0.7130004764087856 -0.6654211401412483
vn 0.3539808208326332 -0.6598442902521386 -0.6627994350512881
vn 0.47621001565340576 -0.5816392978393108 -0.6594844563751118
vn 0.5743954425082647 -0.49156351112220836 -0.6545496086309589
vn -0.2346137461094025 -0.5222969431790342 -0.8198550440671507
vn -0.1293030519799591 -0.5563303636476062 -0.8208393553140529
vn -0.028171390182726117 -0.5703265647420664 -0.8209348222147032
vn 0.06792644027697374 -0.5669008857733957 -0.8209807454627899
vn 0.16920388202874098 -0.5458964137443062 -0.8205895147803858
vn 0.2711293196484675 -0.5054301324834474 -0.8191637645823476
vn 0.3649207032760295 -0.4457390327425871 -0.8174041809351301
vn 0.4409023655279439 -0.37735830790451647 -0.8143744909605799
vn -0.18492207198915023 -0.26085092264644794 -0.9475023078841214
vn -0.13029175904755988 -0.2901165787225026 -0.9480803912509964
vn -0.07182903761796171 -0.3090865287679571 -0.9483175138575962
vn -0.015613121928241807 -0.3176899124326932 -0.9480661105440704
vn 0.037755838399317045 -0.3156793473704811 -0.9481144689912245
vn 0.0940144399066719 -0.3033565913102604 -0.9482278542616507
vn 0.15071647541327873 -0.2809998877937368 -0.9477993495982713
vn 0.2021811014149457 -0.24794625933930106 -0.9474415310246261
vn 0.24636746745907337 -0.20767668632271918 -0.9466643887544399
vn -0.7065084261285687 0.31533756903097526 0.6335677243728312
vn -0.7652432016685013 0.5386967908927788 0.3524324187443076
vn -0.856955485415194 0.41081403857512977 0.311221981431905
vn -0.5541454636902833 0.49993491601622375 0.6655733504425583
vn -0.7487944214211248 0.3608951994464637 0.5559330620363389
vn -0.6055520660318164 0.4457084794982956 0.6592804006095705
vn -0.9017255989597313 0.19730020563068518 0.38466033463148164
vn -0.6453034379405669 0.3870591144681213 0.6586112016123312
vn -0.9952181601834073 0.04814527771295901 0.08498732773240814
vn -0.9089583738379691 0.22208034741237792 0.3528101386341279
vn -0.9905587014160958 0.06478402215749576 0.12081593240113253
vn -0.9932986165004241 0.05245558377147734 0.1029867476403493
vn -0.9999477151460184 0.006924307466258662 0.007524688722467813
vn -0.9927316614820717 0.082410115236127 0.08770644900925914
vn -0.9469580903922614 0.24177477120430022 0.21169632743566882
vn -0.44859902604345225 0.882665450780495 -0.14021631799234985
vn -0.8119341993075104 0.5126225169933538 -0.2792508031613706
vn -0.3958286085304418 0.886464910047939 -0.23979090041649495
vn -0.35598549134072716 0.8953872603765503 -0.2674995026355697
vn 0.9073585062213637 0.22089716819154454 0.35763806043637486
vn 0.9924552154847289 0.06542855527599854 0.10369064283558065
vn 0.9941835548543448 0.07208860208447104 0.08001432813368238
vn 0.993096007368367 0.05647527061866225 0.10281470691276126
vn 0.6825864735019468 0.3443591359619723 0.6445870706674933
vn 0.9025680224617278 0.19391365206780775 0.3844066341405303
vn 0.7290070857834583 0.35390823127479687 0.5859160628566641
vn 0.8496015069419356 0.41502882211344205 0.32546636725953876
vn 0.7599008029073001 0.5469748799797876 0.35123959117949366
vn 0.6093960241878201 0.45133987084245875 0.651865635458712
vn 0.9503244390851989 0.2333126944655974 0.20603069450595227
vn 0.7387385055580621 0.23051383506087855 0.6333472919744484
vn 0.7201973261697392 0.3649914456650162 0.5899975050534704
vn 0.9993036024861941 0.03729554879872757 0.0011627974527859684
vn 0.9991010827450149 0.04212963220251209 -0.004703248687881562
vn 0.7268682513841227 0.06282824528264848 0.6838970366396473
vn 0.7370390043003942 -0.2624599217276549 0.6228067883594371
vn 0.7313148500411034 -0.07677921344904771 0.6777046130073956
vn 0.5728628127962588 0.776983134798949 0.26100844038681315
vn 0.6350716529891558 0.6802476277650414 0.36598792396697305
vn 0.7824752144704776 0.6194430400550242 -0.06342601096371944
vn 0.6840904279142391 0.5988082475800384 0.4164720507623973
vn 0.6781705017775216 0.6573687822023593 0.32855905816856057
vn 0.9821955553609345 0.1869384599757702 -0.018598473354360986
vn 0.6340784279897583 0.7410342133660689 0.22093628443279378
vn 0.9119079917554386 0.40803782481932077 -0.04391979154413483
vn 0.6144990325000653 0.7803469380379898 0.11597239046953062
vn 0.8040672044648897 0.5154777052431703 -0.2962408920140033
vn 0.590694831498901 0.8063461682645772 0.02975689778049513
vn 0.4485903041214535 0.8826675891347026 -0.14023076031796183
vn 0.6972496478107196 0.4639625924439693 0.5464262451973724
vn 0.6929480021099762 0.5355348246235292 0.4827271672355291
vn 0.6925517573166031 0.6386622125957778 0.3353843193113687
vn 0.4535461689011357 0.8804230722061632 0.13838745102849181
vn 0.49914621416517085 0.8364172393702994 0.22640507628749118
vn 0.6017239090044416 0.7942448151061173 -0.08428232916491979
vn 0.40405076691739733 0.9089667219970872 -0.10257912095223422
vn 0.3766743293616439 0.9254500908608719 0.04072565439081204
vn 0.5441771278788142 0.7856148545552448 -0.2944156140487558
vn 0.47112894057660465 0.8337350320245683 -0.28796426466865355
vn 0.3823426045837059 0.9043663969375869 -0.18956675027618888
vn 0.6254425074879519 0.7240882694433388 -0.2907195347439418
vn 0.7603690271547843 0.5797495022610023 -0.29279593093451056
vn 0.7088864637616288 0.6359889910235608 -0.30495570955856205
vn 0.6601894922515474 0.6792008622371923 -0.3206805623309562
vn 0.3537619273752041 0.693600624090981 0.6275114923253455
vn 0.25938830292844695 0.747257854753022 0.6118197502645789
vn 0.1313158071593786 0.7812169371396186 0.6102919431847961
vn -0.0003281695314871243 0.7917122192848871 0.6108941431539161
vn -0.13177457633067718 0.7799320949008506 0.6118344452353438
vn -0.2582794695599878 0.7461881064840266 0.6135919045632808
vn -0.3519031213211247 0.6935030766784506 0.6286634042490248
vn -0.6579761585505596 0.6702553176308338 0.3432567318591713
vn -0.7192617115008956 0.6045303909196121 0.3423530295227184
vn -0.6073475535582962 0.7158424381323033 0.34452656349772526
vn 0.30458699328767075 0.9524184213888165 0.01122114607387522
vn -0.1644531522563356 0.986340367832062 0.009372272822916375
vn -0.2999884062359685 0.9539117018292553 0.007708517186683195
vn -0.2958041592377983 0.8953221297170494 0.33301378862825803
vn -0.38234531872797567 0.9240105991485308 0.004058313439811044
vn -0.4527676277216698 0.8813911337004793 0.13472618424595603
vn -0.49682882226738545 0.8376975106289909 0.22676860904982965
vn 0.2990033416421368 0.8952591089541394 0.330315197230578
vn 0.15697784215269425 0.9325729682747043 0.32506248001944366
vn 0.16595214434845895 0.9860739363889656 0.01086635911971755
vn -1.6835602883756857e-07 0.9456930174479555 0.3250610969497158
vn -0.0017365333366127055 0.9999581599717735 0.008981244782079697
vn -0.15697801465072575 0.9325730704208985 0.3250621036695206
vn -0.5603878130969854 0.789697755330668 0.2496857107607134
vn 0.2650566110729879 0.9427046055086062 -0.20261544778068066
vn -0.1923448053521799 0.9581030946759571 -0.21223085502910768
vn -0.2682828122902377 0.9412129343384077 -0.20528649459651557
vn -0.3626392918130088 0.911580931351828 -0.19368260022287295
vn -0.4027224171382123 0.9097634411457416 -0.10072306532773294
vn 0.18352743459212545 0.9573153462150283 -0.2233047439111707
vn 0.09074145901168953 0.9751938287470966 -0.20189844969689158
vn -0.016696659638102473 0.9634870660601702 -0.2672337835897523
vn -0.07611723241811476 0.9765936210998003 -0.2011742184182319
vn -0.5212607539295674 0.7816224692611231 -0.3425690323991996
vn -0.44852306306936335 0.8624783655609439 -0.2344315056347989
vn -0.3681416654864239 0.826741620333491 -0.4254056973539918
vn -0.30471886344105154 0.872792873652896 -0.3812860002201936
vn -0.23056226539166086 0.8839808607818332 -0.40671719849162336
vn -0.13006778729292287 0.9098744571381244 -0.3939680735241452
vn -0.048020820228425326 0.912813536891043 -0.405543398039043
vn 0.05307252984133032 0.9108002026753844 -0.409421906329791
vn 0.14186824380683324 0.9149445373774913 -0.37782257068927655
vn 0.22301175928259284 0.8853521931520311 -0.40794270345548717
vn 0.30922233812678684 0.8671840257960911 -0.3903503695495721
vn 0.3701500001303413 0.8320385511690395 -0.4131595657515799
vn -0.9994312947460077 0.024238337147737432 0.023443337958393207
vn -0.999349207242242 0.024175528928923964 0.026771361289802675
vn -0.9941274378873901 -0.10542149362620995 0.024432476769095567
vn -0.3035868439134517 -0.9505465525469071 0.06554601165486311
vn -0.298003877782888 -0.9490139367701214 0.10279220127245675
vn -0.41255587240365443 -0.9062250191933616 0.09248711657983001
vn -0.5647272027527531 -0.819710495431552 0.09569686593828726
vn -0.6541972963349488 -0.7495988537078958 0.10063526214926638
vn -0.6355721122034526 -0.7593501987205065 0.13941078111957225
vn -0.7376727516078919 -0.6677160858053792 0.09997069716664603
vn -0.8113285006619552 -0.5771493544676096 0.09297680706093028
vn -0.8076669483159671 -0.5765021505789873 0.12377144652857297
vn -0.9754706798297702 -0.21715284050388828 0.03607764756104296
vn -0.9750451278759911 -0.21968334545539528 0.032034767594251584
vn -0.9335746176292377 -0.357301337028673 0.027824231812314176
vn -0.22772894707948574 -0.6575083105243538 -0.7182077333567766
vn -0.18118251747720834 -0.6658341702444027 -0.7237663663749296
vn -0.26738552604909127 -0.9624976039294738 -0.045862216360231654
vn -0.7257706442149128 -0.6443182456941536 0.24106217094658164
vn -0.7415057712669145 -0.6475656850818894 0.17557868515933608
vn -0.9993944415264145 0.03471099845777606 -0.0024283393853387542
vn -0.9951551045711191 -0.09406931126687326 0.028588153557389154
vn -0.9316702290178984 -0.36300167273086653 0.01484486296095219
vn -0.9988559941095758 0.037341449777688725 0.029871711699725325
vn -0.9997986005759398 0.015588721153350662 0.012639227001502065
vn -0.7265457012376036 -0.21708391771332697 0.6519247783934833
vn -0.7163188670263426 -0.28744684644694646 0.6358156896536937
vn -0.7133643728442196 -0.35600207568566755 0.6036338241550664
vn -0.7128918977662473 -0.4074256306408624 0.5707797277375343
vn -0.9996270032729665 0.02730855684803536 -0.0003115291102944213
vn -0.7269354291173983 -0.46858914576717636 0.50198515352856
vn -0.7261693329310904 -0.5362154667682651 0.43029184643554036
vn -0.7261498851977983 -0.5998957238690171 0.3359039516154762
vn -0.9670229457542804 -0.254260236664001 0.014776820912516461
vn -0.7113496005120383 -0.11680712766532546 0.6930640957212687
vn -0.9938376406944941 -0.10997504096104804 0.013864858615134593
vn -0.7005462439490784 -0.12308936441715466 0.702911067245508
vn -0.7184975424117265 -0.13379328369461926 0.682539844101808
vn -0.8424559468764636 0.5129024854190717 0.1649212479440414
vn -0.8312282001076916 0.46990545794616045 0.29706655809453975
vn -0.9088944079128808 -0.41650883759276924 0.020768810072175126
vn -0.8457948850857676 0.5297151760145976 0.06350468220987458
vn -0.8555938800194827 0.5132015384019482 0.06770002551757857
vn -0.8465429205191456 0.5319234866846891 0.020554513667786996
vn -0.8697228521841117 -0.4869932050559857 0.08012352100371468
vn -0.8105888062577341 0.40342965994818597 0.4244882762147296
vn -0.788406635607354 0.3251703323406575 0.5221869702470174
vn -0.7671597106872124 0.23270403724334557 0.5977581528920877
vn -0.7520013063840246 0.14009910707544196 0.64410113755014
vn -0.733773193284292 0.03627961378932597 0.678425154634371
vn -0.7199398374630053 -0.048825864782857074 0.6923168821875916
vn -0.8255024346729686 -0.5634598675182535 0.032537794106444
vn -0.8164370022399892 -0.5690827653344053 0.09785411372408419
vn -0.7505729789314443 -0.6591665339930282 0.04625671585398116
vn -0.7291147661591822 -0.6740960947351167 0.11826289710431412
vn -0.5138579627364415 -0.8539728523956602 0.08173347847469847
vn -0.4934550336559929 -0.8561930319087231 0.1530869748558358
vn -0.5772541841757818 -0.804108064293801 0.14208387589458957
vn -0.3978031849373916 -0.893684054060549 0.20756068406991024
vn -0.2550512509870328 -0.9425513533220441 0.2157447698571922
vn -0.34457132281780856 -0.9146164016820139 0.2115359101094441
vn -0.0003600089459998541 -0.6918993229816659 -0.7219939038877484
vn -0.07858278421836692 -0.9955359018123617 -0.05227823856192369
vn -0.06014148160712686 -0.6873608032963335 -0.7238218898886097
vn -0.16827148070707887 -0.9845309078013977 -0.04882212986344215
vn -0.12523702646961002 -0.6804786590910846 -0.7219864830609015
vn -0.7127954870963865 -0.7012485728284196 -0.013154188729447486
vn -0.4212287926137513 -0.566580078345846 -0.7082042919206126
vn -0.6029032988733836 -0.797461185480958 -0.023733306952396355
vn -0.35502784785707503 -0.6043929954543199 -0.7132070767257767
vn -0.8101779602790258 -0.5861806857893608 -0.001968828492283922
vn -0.5527349062339214 -0.4462821171721881 -0.703787180419541
vn -0.4878954429182186 -0.5165948794433518 -0.7036247347219569
vn -0.6445388893712062 -0.3089465317154676 -0.6993723333311919
vn -0.671497437439303 -0.2448698424319743 -0.6993782608716042
vn -0.8795359705621613 -0.4758109669039871 0.004516664828177433
vn -0.6030224052210412 -0.37928972177203424 -0.7017857833837353
vn -0.9749092246054302 -0.2179946119601451 0.04505943780812746
vn -0.933392952649832 -0.35640005662761726 0.04191175944122801
vn -0.8794772393850918 -0.4751941233612822 0.026652026686170723
vn -0.727085208098826 -0.673140109573305 0.13501663989125862
vn -0.804313516214182 -0.5792767772181598 0.13235627303199776
vn -0.7172924051915659 -0.6809363078187032 0.14770697393397192
vn -0.8046499703950255 -0.5826703427949567 0.11416521699051997
vn -0.7130451402329079 -0.6890195680917928 0.12968678720992224
vn -0.6177044942792093 -0.7707085003463744 0.1563635674993035
vn -0.5969630268503959 -0.7899539315166629 0.14002832090324008
vn -0.5392977768922574 -0.830920338686263 0.13685502766275953
vn -0.5127786077649947 -0.8448101025177982 0.1528201233557312
vn -0.49003840968949175 -0.8642099477973315 0.11403299152932649
vn -0.15780305345413553 -0.9857141737762609 0.058870739227009306
vn -0.08453291533936441 -0.9908964094473326 0.10477829913017309
vn -0.1785980590540511 -0.9775597872110517 0.11171211093703683
vn -0.10845153629102705 -0.9855705726674062 0.12995734133998404
vn -0.2055907108289528 -0.9694771430951119 0.13359090027762316
vn -0.11818829835510127 -0.9874750936837149 0.10452016784460318
vn -0.2287100177116431 -0.9673112440795163 0.10954763747191588
vn -0.1283304696468414 -0.9904635001638896 0.05013327640717076
vn -0.2566054518288593 -0.9647129415855764 0.05901340889163431
vn -0.6053145371142393 -0.7934851949255523 0.06305201497281923
vn -0.6039180221816489 -0.7900833410215339 0.10512533816571484
vn -0.7161246739131487 -0.6954391596800821 0.05941234380368806
vn -0.7140625134627264 -0.6935411157595075 0.09547485332982315
vn -0.8102622521839826 -0.5835914542038375 0.053815399896221694
vn -0.8076668257882468 -0.583689028277613 0.08355487292476516
vn -0.8770355649191259 -0.47517021649141905 0.07086524695848918
vn -0.8737545652707495 -0.47671976336012545 0.09639101042311853
vn -0.9305544362638835 -0.35829836372057755 0.07543688557173191
vn -0.9269454569977164 -0.3647642535191172 0.08785874518757816
vn -0.604737068200164 -0.7961742596733419 0.019990662277069825
vn -0.7162883073431036 -0.6974130144045712 0.023369811781038214
vn -0.8109754469424837 -0.5845270491532516 0.02543527598888138
vn -0.8790167775392358 -0.4743815607406149 0.04787107303827511
vn -0.9323529105678019 -0.35687527036838074 0.05794904274656658
vn -0.2807352339917289 -0.6405706309677826 -0.7147426076128011
vn -0.36820267078632024 -0.9288306225866555 -0.04123672842390057
vn -0.48410662983683456 -0.8745143287438775 -0.029418697620177292
vn -0.37675171429192883 -0.9262445356847115 0.011366876981217843
vn -0.4892312801855398 -0.8720105799271082 0.01582096656991529
vn -0.37878580680455914 -0.9232487484559064 0.06428888736027027
vn -0.4906354098976805 -0.8689714670574421 0.0645405608479789
vn -0.38104892347832636 -0.9172354864711953 0.11610676239547033
vn -0.41166808499919105 -0.8995145852289641 0.14629729578315373
vn -0.43955587923877776 -0.8888480559162808 0.1293822341763864
vn -0.46898734174149914 -0.8789314629720719 0.08677762778513773
vn -0.3362475303307469 -0.9341686051154604 0.11944293852341648
vn -0.3084147102254155 -0.9408554296334037 0.14025486460695777
vn -0.2765681748752301 -0.9541700632213821 0.11432206741608515
vn -0.2732682083176365 -0.9598753010302579 0.06295945357879758
vn -0.2709971674695759 -0.9625536300367552 0.007144545229170938
vn -0.15465569847085714 -0.9879570738275796 0.004736581524447695
vn 0.004440953354178779 -0.9996315583009091 -0.026777333366152088
vn 2.34492301468279e-07 -0.9999951600838735 0.0031112391057393756
vn 3.0369488891513433e-07 -0.9992240287858147 0.03938705748025705
vn 0.002151719663280979 -0.9977869134974461 0.06645784645721667
vn 0.0008538454701653369 -0.992890539693808 0.11902792585965644
vn 3.4977938900024934e-05 -0.9942564490668411 0.10702388642513358
vn 7.094500736824914e-07 -0.9961127393225052 0.0880875164760111
vn -4.0231333356565304e-08 -0.998684078788972 0.05128460561826253
vn -0.7599969028296263 -0.6492879717139297 0.028806899815611863
vn -0.6918197750961986 -0.7215131197959779 0.028358715558361162
vn -0.6438420809608074 -0.7534302549702755 0.13345495749309239
vn -0.6784040350356113 -0.7324066162809556 0.05786634319949831
vn -0.6977270052080364 -0.7154900715516018 0.03536924814734116
vn -0.5848884849572225 -0.8097156951723262 0.047602028906772204
vn -0.6800005213281581 -0.732606040877429 0.029793956825706888
vn -0.6687418297896829 -0.741484267500061 0.054639236263372845
vn -0.7521543963797005 -0.6581193714799101 0.03380320827342829
vn -0.745742071034328 -0.6636568279885267 0.05855235395471816
vn -0.8302670781350007 -0.5562723086871003 0.03489552339616069
vn -0.827057719805769 -0.5587296015035043 0.061617858721456836
vn -0.8707090450447091 -0.4842297419995127 0.08594949587063516
vn -0.8681606037113958 -0.4843090847527867 0.10835993996575757
vn -0.8712373777941178 -0.4775294685592262 0.11362674945615922
vn -0.1167059604509147 -0.9713945078583316 0.20681496294489793
vn -0.14945748387355434 -0.9831570135388706 0.10518910230397081
vn -0.15543919988589183 -0.9849997889928656 0.07492710339285953
vn -0.1633249274327626 -0.9859924321883965 0.03382146871874402
vn -0.6111376590653446 -0.7902684835731016 0.044570007215628975
vn -0.613889203860579 -0.7889018214705011 0.02782016290300755
vn -0.5266495992326221 -0.8495967323976831 0.0287331155167337
vn -0.5998446847666796 -0.7997456702807231 0.024356046978107875
vn -0.5104250950846495 -0.8597117434414278 0.019024733814881706
vn -0.49272515964154057 -0.8693242974779193 0.03869344738764528
vn -0.4081352709505487 -0.9125621507997843 0.02561096510860285
vn -0.36577634143313875 -0.9276086529445092 0.07582779853234037
vn -0.423333341595693 -0.9040571085335077 0.05890353472804274
vn -0.30451663526349004 -0.9520024163622761 0.031000291743630653
vn -0.29176622175820166 -0.9563416575287561 0.016825751575935473
vn -0.15274874028754945 -0.9882175695365152 0.009688013207543502
vn -0.6002828258243987 -0.7967634394425768 0.0694877729381916
vn -0.5243714923647481 -0.849919947321234 0.05167805279456301
vn -0.4249265959956629 -0.9047362110627014 0.029829120125227856
vn -0.41039219685090383 -0.9117580346921252 0.016599124622769773
vn -0.015494719300422984 -0.9998396345345306 0.008978802128188444
vn -0.001971225412447986 -0.9999903748706804 0.003919749528915928
vn 0.01246023972156111 -0.9998008338002847 0.01558958493150274
vn 0.00120169818921586 -0.9994080496928223 0.03438177032457161
vn 4.102750211124957e-08 -0.9981735423783437 0.06041174799546193
vn 0.014182665700496725 -0.9863605254637039 0.16398709034736259
vn -0.9957957381256507 -0.08509187345137342 0.033914908275359236
vn -0.9990216811001162 0.03627569314899221 0.02529337420071866
vn -0.9955041093962103 -0.08799259632554722 0.03505525876594768
vn -0.9991466367997361 0.034269939189862215 0.02305578972186709
vn -0.9949378680990439 -0.09479815228160285 0.0333458984962722
vn -0.9991709727201101 0.03335761689160651 0.02333745206447469
vn -0.9942447475795123 -0.10319714943144748 0.02877030169767414
vn -0.9992258838420834 0.030696421873859056 0.02460412047095258
vn -0.9731335737451758 -0.22346560408801802 0.05544521115046507
vn -0.9704391034811474 -0.2358356374351105 0.05127863639257492
vn -0.9238738731442164 -0.37594628601351865 0.07156435253773935
vn -0.9681230107343747 -0.24708726002771914 0.04105754520918147
vn -0.914420381913188 -0.40097111180756584 0.05529496032681707
vn -0.9686077394270731 -0.24728692871865005 0.025460204376097636
vn -0.9684413504269129 -0.24720900085359543 0.03176571548484913
vn -0.9132388886828431 -0.40654101600944487 0.02681668322768391
vn -0.9120303655825984 -0.40867502020561586 0.034428768714715514
vn -0.8341724966650804 -0.5507891323815424 0.028063810467118963
vn 0.3516208725056839 0.8975483764927127 -0.26602570152832494
vn 0.39580763598899654 0.8864727793510526 -0.23979642775158724
vn -0.7398851057372855 -0.23067279308432953 0.6319494385145066
vn -0.727331911452792 -0.0635930635525545 0.6833331638742765
vn -0.999101833642709 0.04210841960944501 -0.0047336043108495655
vn -0.709009362683901 0.3837292066630125 0.5916566737393768
vn -0.7415548199354517 0.22486800517582795 0.6320845111840219
vn -0.9991129913981591 0.04179952511091977 -0.005101972160217758
vn -0.7289079322433218 0.06658595914469138 0.6813659342508593
vn -0.7379838335853246 0.606799078315724 -0.2952536873976277
vn -0.9120214912774133 0.40741924421149095 -0.04718430771199719
vn -0.6053718439543908 0.7956702824501031 0.020826237611099502
vn -0.6806439681245771 0.6631332475193671 -0.3114130451507249
vn -0.5781534524562145 0.7638816345834362 -0.28674628813482
vn -0.7809784210821881 0.6205844802774776 -0.07033923970804283
vn -0.6041014416100255 0.7921279518877601 -0.0871478977531389
vn -0.6317291359648494 0.7172138973872281 -0.29414711313852365
vn -0.6334674512697137 0.7005075418795574 -0.3286459674965031
vn -0.9823548898138713 0.18610123895519545 -0.018579540309654485
vn -0.6253465345692051 0.7717471744096457 0.11553359032339416
vn -0.6637330628412218 0.7150419491215527 0.2194844693545801
vn -0.6805537173404133 0.6564615876015405 0.32543021036438824
vn -0.6934097080951324 0.5767401546523904 0.4319187084752871
vn -0.6978107226279645 0.4743661557507755 0.5366907355858391
vn -0.7503478101742435 -0.6509618794566934 0.11500780521741626
vn -0.7118926966442108 -0.690868036583883 0.1261354212398889
vn 0.8556006403085709 0.5131904207403004 0.06769886530774927
vn 0.8760255303363278 0.4131668342599267 0.24874170793533132
vn 0.8696055244190121 -0.48720593879081053 0.08010371468852101
vn 0.8055513102783771 0.5005398333218747 0.3170914091660318
vn 0.8179556616296871 -0.5671543443675949 0.09635603392058174
vn 0.6675532583618943 -0.6865789136157329 0.28806603865894725
vn 0.7333088554082174 -0.6697469884019541 0.11703458508664268
vn 0.4933935389676778 -0.8141609688325792 0.3061122874609031
vn 0.5278231725875497 -0.8368396201731967 0.14526578601994913
vn 0.5828735213024882 -0.7556958442514998 0.29863397185425966
vn 0.615435762675464 -0.7762656757296986 0.13656655045795155
vn 0.6773071891661122 -0.7237253651193515 0.13219896893229321
vn 0.3996029553976668 -0.8804425100439063 0.2552223825314626
vn 0.30132373335708146 -0.890124529746768 0.34188057748115114
vn 0.38850675795351547 -0.9062424319000522 0.16669479190522937
vn 0.21306875463438538 -0.95210531242428 0.21931069251638516
vn 0.27049124210083525 -0.9399574292647864 0.20812140475376717
vn 0.1888384672157905 -0.8831819199389592 0.42933638279619946
vn 0.08808454513546109 -0.9080099119817707 0.4095840727508038
vn -0.005021645539342241 -0.8916135740324838 0.452769276427959
vn 0.005852706663429973 -0.9484913316630476 0.31674901670687267
vn 0.13661982817698107 -0.9015508951752187 0.4105374598713908
vn 0.15943151007448675 -0.9628811283516912 0.21781075790590101
vn 0.5802487924776826 -0.6767311998428587 0.4531514338357944
vn 0.498484938360343 -0.7390742371187398 0.45308060900378166
vn 0.43604241668149973 -0.7822452140028695 0.4449263265127863
vn 0.29980702063053266 -0.8395207353827349 0.45312325612693444
vn 0.7553458277735178 -0.5964885483572576 0.27139287415809354
vn 0.7121494618878005 0.3973436857387609 0.5787582736656585
vn 0.6425368778979895 -0.6172160234876346 0.4540823062961338
vn 0.6439954775616703 0.11801202247906989 0.7558723354049384
vn -0.3248682812342758 0.906514933045647 -0.2696131970307343
vn -0.30894494703443504 0.9284756878139497 -0.20612112177140704
vn 0.8484570619868349 0.5232114971508576 0.0798144298596855
vn 2.719097343205665e-07 0.9999999999999514 1.5279113649095766e-07
vn 0.3232416035057195 0.9075301316723166 -0.26814907396796855
vn 0.31427983589170067 0.9234998067631266 -0.21994611080979246
vn 0.3125097635584229 0.9400187170445566 -0.13675693505838862
vn 0.3090750192875103 0.951017098821972 0.006253814888899072
vn 0.29161324960230206 0.9509205346922174 0.10349806450872663
vn 0.27012448157203056 0.9390171346974423 0.2127900025848189
vn 0.21219389911247524 0.9237171397184673 0.3189363494018491
vn -0.31062894446780875 0.9505169059481794 0.005222103552668446
vn -0.3075477517322405 0.9411731597991143 -0.14002665345638765
vn -0.20979889443940733 0.9212351367338348 0.3275824273965181
vn -0.2709877387708793 0.9307253202461843 0.2455932077409376
vn -0.2920346788550938 0.9509443639236257 0.10208115922095158
vn -0.0006882070534887811 0.893660065582283 0.4487440401325918
vn -0.07023564727299773 0.9014242049450126 0.42720177503305723
vn -0.13552460409432554 0.899965323831591 0.41436155418399473
vn 0.07092375262752976 0.901613884695709 0.4266875018525172
vn 0.13641254128488542 0.8998781364944861 0.41425952981121683
vn -0.8864509866512438 0.4058336343515683 0.22249429092458492
vn 0.7145081362235252 -0.1388405024976632 0.6857123581623572
vn 0.6997558699088324 -0.12143350204525391 0.7039855304686015
vn 0.7106596168566228 -0.11719364804612106 0.6937063916577673
vn 0.7326097158838161 -0.05039175645534086 0.6787810214450459
vn 0.8413992077221412 0.5006888201276803 0.20336685728924592
vn 0.8265606058650428 0.45242744661016515 0.3348237900535439
vn 0.8069580902815623 0.3908917313061352 0.44274405125944516
vn 0.7870913332820968 0.31400893611945424 0.5309290170157771
vn 0.7691244578404848 0.23138283039799834 0.5957428590831716
vn 0.7513034688122016 0.15071669789848774 0.6425165949026758
vn 0.747289803820242 0.0513099384650536 0.6625143314080206
vn 0.7485192818762204 0.022591694510709366 0.6627280739478614
vn 0.7243401036853574 -0.5910084524569093 0.3550217223179097
vn 0.7214158485424975 -0.6348899229961716 0.2765392542653275
vn 0.7267898881810941 -0.5415063796160792 0.4225485762285795
vn 0.7225956906162885 -0.46316937037560796 0.5131565085318825
vn 0.7159499873412644 -0.6642316964557864 0.2149694607368949
vn 0.7443779782609157 -0.6475699706069924 0.16295569535383098
vn 0.7556233081877315 -0.6495796592854103 0.08414084837983721
vn 0.7405074739925664 -0.6717794247032717 0.019002250037556633
vn 0.7201074003054243 -0.3914191253382375 0.5729191918105141
vn 0.7197726890379502 -0.30320991258242813 0.6244926140690812
vn 0.720967117711858 -0.21002125429516244 0.6603767772435237
vn 0.7302539035596861 -0.6831353945594536 -0.007434314759305205
vn 0.6306847523042721 -0.7056365483712049 0.32297647718320144
vn 4.93774077463153e-08 -0.9102206313282073 0.4141236558136678
vn 0.7738794088498719 0.6330892601824563 0.017568414834663527
vn 0.9462640395444808 0.3226884230534029 0.0213670094367293
vn 0.9447304329608348 0.3269320760067247 0.02449136001872047
vn 0.8968735124021264 0.4413630201829719 0.028575989334378882
vn 0.7741138452805191 0.6327291193572498 0.020040360835262866
vn 0.8466841815982887 0.5252117171017423 0.0853144117384361
vn 0.8526259412005364 0.5215379220614301 0.03204996480099886
vn 0.9331756932206166 0.35782510123245487 0.03382783632166141
vn 0.9840020856000116 0.1766925962096954 0.02279521834738749
vn 0.9836341168418041 0.1783936574583787 0.025290851378840313
vn 0.937858871757979 0.3464408013751197 0.019987691397847715
vn 0.9738593862567217 0.21583294110383391 0.0708098674914031
vn 0.699470353487425 0.20185322439900302 0.6855629076838261
vn 0.7144143219745159 0.10263776100218817 0.6921543661454072
vn 0.7156762230512934 0.0031043849382713104 0.6984253049204263
vn 0.7208887622752145 -0.07223941337387259 0.6892756049511024
vn 0.7115823775389184 -0.16435910137095963 0.6831080483880945
vn 0.7062994905330945 -0.29157440733217965 0.6450778206244415
vn 0.6998975397659608 -0.4102931361104751 0.5846391847029981
vn 0.9994927092975533 0.03176222648302299 -0.002342014064445725
vn 0.9878009421174041 0.15563750858486256 0.005124907166547766
vn 0.8355235869661741 0.5441832639792944 0.07592700987145094
vn 0.9099095723244488 0.4101589387359369 0.06192103977929073
vn 0.9106365746645803 0.4131226268650402 0.008409759526238072
vn 0.9575297749084751 0.2830954692769368 0.05471458159024642
vn 0.952229505602249 0.30527133040266907 0.008269431339643519
vn 0.9293937402582229 0.36232650321855925 0.07033335363994885
vn 0.9814912380598055 0.1876469417620496 0.038256696919366055
vn 0.9988503568561391 0.03785983554379177 0.029404038174382804
vn 0.9990282034899214 0.03621325960529429 0.025124658414790682
vn 0.9991475924434601 0.03417513084497171 0.023154890329392993
vn 0.9991724705894179 0.033324433148468 0.023320724079066348
vn 0.9837046971497303 0.1784431917092556 0.021979448086139133
vn 0.9464894445266029 0.32168680520257237 0.02598712678010498
vn 0.899624913722304 0.4356322183137792 0.029993082154936675
vn 0.8580263397318837 0.5132431641592824 0.01929390499804821
vn 0.8459675330325807 0.5320775655791344 0.035105516121418615
vn 0.7730155110784453 0.6329501607526029 0.042674508027435616
vn 0.7620281157556519 0.6401121498401674 0.0978242629662505
vn 0.7654746480183449 0.6427298694608704 0.030771385149242898
vn 0.7351236152676424 0.6613114354727362 0.1491993819987897
vn 0.7864354759642338 0.6176218469975162 0.00790545737359025
vn 0.8498981088277902 0.5268224408433171 0.011459512853315939
vn 0.9031725930335159 0.4290452163034687 0.014123369294351276
vn 0.9497618772307845 0.31255658113242324 0.016148069539949333
vn 0.8976974557417342 0.44014715621091743 0.02024250069183903
vn 0.843649951835624 0.5365328623005848 0.019678578182653332
vn 0.9996163753233422 0.027694054103570554 -0.00037623494147660233
vn 0.9998108949882111 0.015587654828308943 0.011627522514525134
vn 0.985876187895432 0.16639407033606787 0.0190040916059343
vn 0.9994283992413798 0.024076429701806536 0.023731841956058052
vn 0.9993550991620538 0.025075573197044013 0.025702167372444986
vn 0.9990480441680133 0.03498563007702108 0.026057842047676628
vn 0.8433101644646369 0.5364192665853786 0.032898889747701984
vn 0.7758027990826801 0.6299651333993287 0.03569240306626387
vn 0.5707905350909941 0.3978585181094348 0.718266499718803
vn 0.8601232220356115 0.447506149415778 0.24479846639662903
vn 0.6417932874243777 0.5989882116973071 0.47886793426233093
vn 0.4015623375322574 0.5264598057300508 0.7493915945794338
vn 0.34366095476646685 0.6701746576172136 0.6578473048182617
vn 0.2903870522407744 0.6075894844635067 0.7392634024894535
vn 0.28106714405604283 0.6364753331303495 0.718262076716285
vn 0.31702413533049495 0.6550865388454984 0.6858260160138119
vn 0.5965168241644535 0.6289728622690743 0.4985587397868002
vn 0.8063901154871705 0.5338231010046491 0.25449534077929203
vn 0.5271570542553089 0.6752345816581347 0.515910554148516
vn 0.7225222025285353 0.6326209394379628 0.2788411982436305
vn -0.8441444431516262 0.5309269907649203 0.0744089347695384
vn -0.8512360631628872 0.5238957637970798 0.0305023514900658
vn -0.7661129983968767 0.6418369671669683 0.03340929908356972
vn -0.9815718260139679 0.18747310199426542 0.037021431688313115
vn -0.684641299116393 0.16219379291982952 0.7106049993368305
vn -0.7029885626052834 -0.4923880187226978 0.5131872171678611
vn -0.7041465224139115 -0.3826528917634527 0.5981257722230854
vn -0.9549736864206119 0.24354223968205818 -0.16944744239696774
vn -0.7069570602735541 -0.2687809764462703 0.6541930155771796
vn -0.7048223555569111 -0.6795242923764172 0.20364720272455686
vn -0.7085802355598331 -0.6415389455841306 0.2938398051196829
vn -0.7083541517430604 -0.5981040310663781 0.37484125137252233
vn -0.7114210406189145 -0.549283891228998 0.43836891974800307
vn -0.712002818929418 -0.13636216636725645 0.6888086420916851
vn -0.7285941451563898 -0.05038241550790689 0.6830901725624652
vn -0.7207453813770553 0.015427775437028203 0.6930281949305582
vn -0.9294086429545402 0.3627250732664143 0.06804480601246815
vn -0.7608663955479177 0.6431796292282193 0.08603657752241137
vn -0.8662280027850314 0.4996220646249531 0.005180707572776756
vn -0.8142199693160087 0.5765175602865468 0.06836186252791404
vn -0.7873432622783926 0.6164448854146741 0.009289272894457301
vn -0.9879968936880975 0.15439718546052308 0.004862837087454129
vn -0.947386368011859 0.31450397728745355 0.059550969561135016
vn -0.9525121103253257 0.30446257064230664 0.004819000049075904
vn -0.7742210377677641 0.6325896617738564 0.02030035700780094
vn -0.7727891373887998 0.6332238081385378 0.042714844497001525
vn -0.774695373120532 0.631257349784538 0.03689494828077678
vn -0.9340906804383659 0.35573635792370406 0.03043426308240294
vn -0.8984011604372689 0.43864137654282304 0.02165866361495797
vn -0.9458741430800274 0.3236198414733089 0.02433728944262459
vn -0.8996789664802949 0.4354548620852764 0.0309325129797328
vn -0.9465872123351817 0.3213403381854514 0.026702743274224165
vn -0.8969128606811365 0.4412740062505272 0.02871535743099704
vn -0.9449213230263547 0.3264192211999256 0.023962164371308478
vn -0.9451137550600075 0.32610407917213685 0.020399008399062276
vn -0.9836773321713065 0.1780025833873882 0.02634362313269161
vn -0.9839061443156124 0.17709486085918702 0.023793054348918
vn -0.9836344434378257 0.17894152037681338 0.02105264752930701
vn -0.9859013628696223 0.16614269196886816 0.019877338784646138
vn -0.8965120632481445 0.4383350860723079 0.06425319267193894
vn -0.9067816980945722 0.42155200470716236 0.006392130168936915
vn -0.849505301206804 0.5274310122249533 0.012540756153379498
vn -0.7735641008921542 0.6334721351490806 0.01765320935631712
vn -0.8445756345515771 0.534998528822225 0.021646516575557495
vn -0.8459337186681816 0.5321254844634059 0.03519392568053632
vn -0.8433545445512147 0.5363361052624239 0.03311637626231706
vn -0.8435633606111148 0.5366608764187145 0.0198987526237091
vn -0.8976114277914664 0.4403158025849474 0.02038918076182699
vn -0.9030141075258261 0.42937130806041013 0.0143457806977664
vn -0.9493989389401258 0.3136419758024057 0.016442802502204795
vn -0.08732785591532623 0.6384972922001965 0.7646535512467388
vn -0.5923416574572488 0.6060334089744871 0.5309000546690136
vn -0.08901267460537049 0.656689593956319 0.7488895251965295
vn -0.5598966181795182 0.640588744579996 0.525511024878226
vn -0.08129689778668253 0.6168053651725155 0.7829060964794319
vn -0.05255168673602811 0.5760359609435832 0.8157333460886599
vn -0.5364263214123196 0.6617189875123906 0.5238079641067167
vn -0.5001482480881483 0.6802310337092862 0.5358520977967259
vn -0.0721608696205143 0.5562253611188359 0.827892599643113
vn -0.4620890361216359 0.6906326088857966 0.5563275314414845
vn -0.4261340700294761 0.7145057501160006 0.5548795251325146
vn 0.00039873205212810983 0.4452739533781487 0.8953942971985831
vn -0.8464440250458094 0.46945394899081105 0.25128768820056036
vn -0.5954117234281946 0.37009146248128205 0.7131039117847645
vn -0.4051203061050891 0.49497478983528154 0.7686855631588496
vn -0.2786780977853958 0.6332633928222763 0.7220221555644484
vn -0.31337927166476237 0.650690168472397 0.6916615767441665
vn -0.26872724300507395 0.5798571305801536 0.7691237722124071
vn -0.3386466343420879 0.6650097525575409 0.66564291181694
vn -0.6318869101180701 0.6064988013355349 0.48257448834350686
vn -0.5864919546907822 0.6346932086486485 0.5031815954287964
vn -0.5214558208378097 0.6750680344337261 0.5218878958168618
vn -0.7110194088721496 0.6490480830665377 0.27053278188558183
vn -0.7918256051217293 0.5519286746675477 0.2615089848424549
vn -0.18945837125785958 0.3285469573551243 0.9252904529784198
vn 0.04098395261101873 0.04882433646620716 0.9979661816900474
vn -0.049649138906520625 -0.03100228113308427 0.9982854409287888
vn -0.028491364234180937 -0.09123058716084573 0.9954221326303542
vn -1.627772480967294e-06 -0.09618434331616599 0.9953635376575677
vn 0.015034428096848388 -0.09499189900755114 0.9953645086573762
vn 0.026251121535090613 -0.09067450156133199 0.995534536510288
vn -0.015032656279604359 -0.09498728976059705 0.9953649752875151
vn 0.030910764403977015 0.9506819011452017 0.30862347201550777
vn 0.015168392474629974 0.7323006260479373 0.6808125387796075
vn -0.0027209338311401294 0.28716947767361506 0.9578759249567502
vn -0.041934004273334914 0.13128435312957612 0.9904574488128971
vn -0.8213148050744996 0.46142463477424994 0.33545386775067426
vn -0.014145683790239732 0.974221315501508 0.22515045647881288
vn -0.019563197610453522 0.9324440740605433 0.36078432622361817
vn -0.02111280162092476 0.7951641939942963 0.6060265292849122
vn -0.02398564053759975 0.7396272745433168 0.672589164200276
vn -0.006255566052287063 0.6656970148845285 0.7461959208325878
vn -0.05662177145278365 0.4152995395673769 0.9079208486606493
vn -0.04357995934319545 0.2938867070880784 0.9548462653959386
vn 0.01655051866008682 0.546756735416724 0.837127918903992
vn -0.005538521170182689 0.40433450390134984 0.914594409417692
vn 0.014761518808466163 0.9138455114257242 0.405793640671615
vn 0.00898220543140103 0.8397404924981415 0.5429136443713372
vn -0.26344917549725644 -0.8721295866218127 0.41229178510938297
vn -0.5881818050476432 -0.7558081659772897 0.2877432544004149
vn -0.593595099773192 -0.6687041376784677 0.4477495212470375
vn -0.6739013568996525 -0.6823910958180778 0.2831949037624274
vn -0.6481222192859768 -0.6184207757819512 0.4444022197841383
vn -0.7588427642067124 -0.5927689321180628 0.2697826019718976
vn -0.3828992340384536 -0.8058608698400431 0.4516375040155708
vn -0.4676910250719548 -0.7636606595736268 0.445070221523208
vn -0.551401677121409 -0.7134724616642366 0.43233463533988525
vn -0.4928431222375859 -0.8093248409228954 0.31952927679359555
vn -0.37469639150299516 -0.8727054501141803 0.31303004893402814
vn -0.2961759483587059 -0.8473638931221361 0.44074282778817675
vn -0.21702592514332264 -0.8858257270092187 0.41013720775403173
vn -0.14764264839220773 -0.9019259763567459 0.4058708927093267
vn -0.10275194744970621 -0.907645010301599 0.40696753257465507
vn -0.7257929181753516 0.3503011108715857 0.5920420353730304
vn -0.6366378816288001 0.12045230420460443 0.7616977419468928
vn 0.548237834566831 -0.48725555105913243 0.6797185481591135
vn 0.5730736085375782 0.033235027060716064 0.8188296966854538
vn 0.5760739370823119 0.0017148017483854933 0.8173957905870621
vn 0.5781239952022315 -0.16643917733576252 0.7987932438492484
vn 0.5655474953527113 -0.24273361689012632 0.788185524944294
vn 0.5629026276799945 -0.32889247886650347 0.7582680061139362
vn -0.5460885741189174 -0.49723431376425065 0.6741997526194758
vn -0.5535173294751891 -0.4450205258707349 0.7039710913982118
vn -0.5666548720068331 -0.3567300595727906 0.7427286992086094
vn -0.5679298565858341 -0.2568829700841126 0.7819634375590454
vn -0.5716410649702389 -0.23931683565014347 0.7848273345227555
vn -0.5769347181324543 -0.1696958270475839 0.7989678700023313
vn -0.583846112832962 -0.013089611559210198 0.8117588179989604
vn -0.5680107358780195 0.03234159112511244 0.8223854481998129
vn -0.45436935722346133 -0.6530884770250468 0.6058249981582501
vn -0.10147746399991263 0.5780381416592275 0.8096753862427171
vn -0.06950819878519027 0.9228519012120964 0.3788310688563676
vn -0.13325821236017718 0.8206010362414609 0.5557483136798624
vn -0.1943216425945019 0.6945230476879893 0.6927314309669812
vn -0.04651745851281025 0.5018700672366653 0.8636912420913934
vn -0.19934180936906304 0.2503459205439911 0.9474121400448963
vn -0.16152583463047587 0.062342407488656035 0.9848973697677572
vn -0.13310384902362227 -0.09889309862664189 0.9861559310875325
vn -0.1466308430488562 -0.2840944172093159 0.9475176821449196
vn -0.4334021438708646 -0.5412413546142005 0.7205694815515875
vn -0.45544363652662107 -0.3085129614551583 0.8350993034134174
vn -0.5190016921985355 -0.5533928821364664 0.6514549573805942
vn -0.41611359236956746 0.03691912670096287 0.908562852162101
vn -0.3697658008437858 0.21818739546649193 0.9031431298448227
vn -0.24397524021968536 0.5727823355568493 0.7825576516997248
vn -0.31548648386375633 0.3836433975522922 0.867920515953977
vn -0.45766353894667267 -0.14719662844865752 0.8768564521585934
vn -0.3929630692713619 -0.4048246861836373 0.8256494411341598
vn -0.4309222594163072 -0.13130558940858725 0.8927848836811746
vn -0.3966196494667774 -0.20056283662742125 0.8958054488675613
vn -0.2814127604303214 0.07536469232898264 0.9566227163396991
vn -0.3067468151276458 -0.21854754754617797 0.9263602759567127
vn -0.29703318890317254 -0.44431087462042007 0.8451976877536104
vn -0.16937127423574214 0.726996094199326 0.6654247143612007
vn -0.043571954234622706 0.8640890725432306 0.5014494585853649
vn -0.3589722896038541 0.23437575216388784 0.9034416982263873
vn -0.2804346981979581 0.4241511838656528 0.8610761599719188
vn -0.19091141262607106 0.5935696410798271 0.7818106635992396
vn -0.08482644663263351 0.7751800494133497 0.6260194605147652
vn -0.1958958473908859 0.4287307591700608 0.8819380664856631
vn -0.2866331401054684 0.25434240478447295 0.9236619425535136
vn -0.3688961420412207 0.07225382138292616 0.9266579852797191
vn -0.31364143346612916 -0.66864166216342 0.6742012895513109
vn -0.23380956472205613 -0.49701130600481097 0.8356511527831901
vn 0.09898396174067915 -0.10888114226238213 0.9891142867119849
vn 0.21071302100709766 0.6921369274786733 0.6903234722928405
vn 0.3273580150466887 0.38905567949628406 0.8610879213160387
vn 0.3843750423696404 0.1688235362615717 0.9076091892480348
vn 0.08092528376891564 0.8494568763220092 0.5214154904835254
vn 0.1590728825880642 0.8269235682493778 0.5393451865909629
vn 0.03701533601407944 0.9613671139441028 0.2727693845110761
vn 0.09174897401126421 0.7358344424158345 0.670917132828234
vn 0.10130588637309251 0.5847235871675537 0.8048822547404497
vn 0.18849038016229872 0.5936539940896807 0.7823338877280219
vn 0.19748959237913302 0.42915935079391954 0.8813739912931772
vn 0.27828447414183954 0.42426494521129693 0.8617174755779617
vn 0.2878250148619099 0.25437919476362164 0.9232810980904748
vn 0.3719659204358672 0.19231627355793568 0.9081056133286962
vn 0.37404061745598366 0.06622085832715566 0.9250450877744073
vn 0.43298959516028496 -0.11996695347884705 0.8933800650092527
vn 0.1684983098201768 0.7270564317074877 0.6655803968721727
vn 0.25652178220077554 0.5679298080394946 0.7820820343140233
vn 0.09460792927166968 0.4068552588043749 0.9085802870974871
vn 0.08196737719517376 0.20453216207160724 0.9754219311426505
vn 0.18609702375759754 0.2459171218499144 0.9512584648399292
vn 0.14378569492023624 0.05272868225334158 0.9882030965364007
vn 0.2716297816782773 0.07424917521631438 0.9595333874780536
vn 0.22201902064255616 -0.10641918323609069 0.9692174740027564
vn 0.3615751271692576 -0.147530258852369 0.9205966815796633
vn 0.31732711356114124 -0.30070251000677706 0.8993783983811146
vn 0.43775374636197056 -0.5600965628374941 0.7033231816481559
vn 0.4512014859115664 -0.4343721396597601 0.7795755661888052
vn 0.14560549227458278 -0.22488279426662913 0.9634452602313789
vn 0.1934733146867502 -0.3387904539241521 0.9207546387795116
vn 0.2528896614887517 -0.4854018808249315 0.8369180564450284
vn 0.31953610859374143 -0.663022627653571 0.6769768611438083
vn 0.46575703619614073 -0.3152554474363953 0.826852094449464
vn 0.5181906182180787 -0.556523723817941 0.6494303873538545
vn -0.11358010332560377 -0.7069041197757027 0.6981304502545954
vn -0.0047294580208494105 -0.7043279529506208 0.7098589767828657
vn 0.11342018585555472 -0.7067954484005576 0.698266464582645
vn 0.20852901714027017 -0.6764003672586345 0.7063980408968424
vn -0.20001594062221223 -0.688681148407552 0.6969303403677207
vn -0.11024069693001734 -0.3617400068246741 0.9257381682759271
vn 0.10895052942189588 -0.36332157493644845 0.9252714279196065
vn -0.059521194584104896 -0.3761192469360206 0.9246575255085322
vn -4.029949016540547e-07 -0.3808175005893829 0.9246502210266826
vn 0.05952227862905882 -0.37612710343087635 0.9246542599325996
vn -0.5750651823456278 0.81677540314818 -0.04666879970513389
vn -0.3726202401928568 0.5752157140956672 -0.7282039816260477
vn -0.4835246002225698 0.8742968416032538 -0.0425322670707639
vn -0.3104583721064955 0.6234682952212178 -0.7175673376366383
vn -0.37786930479246583 0.9252076122159549 -0.03472265533206717
vn 0.48408199537242647 0.8739204615764737 -0.043904995094099356
vn 0.37801150682651025 0.9252001024489679 -0.033347730585012114
vn 0.2839975517452499 0.6335144213690519 -0.7197255508318012
vn 0.11250580722608156 0.6927734858789402 -0.7123253053230311
vn 0.1456881413812132 0.6928092604543569 -0.7062508719212847
vn 0.23117365091545908 0.9726342589352258 -0.023266745968047776
vn 0.17608158351674236 0.6795599987494956 -0.712175177920308
vn 0.21414278276399265 0.6619712166179257 -0.7182875308394797
vn 0.057837082197806824 0.6960986041136695 -0.715612748121388
vn 0.07908191591281512 0.9966736248853858 -0.01969101402629652
vn -0.009748690063553592 0.7030639467116045 -0.7110598075241961
vn -0.07742601587152095 0.9967508138497204 -0.022204214829238414
vn -0.05640433518449096 0.7041221001820444 -0.7078351637264306
vn -0.24906190949801124 0.6496957475926816 -0.71823645187166
vn -0.1824346694643601 0.6733691545732361 -0.7164436984486324
vn -0.23163880290386665 0.9724594850995018 -0.02580726311090891
vn -0.1208625490462776 0.6929298141537581 -0.7108027271295985
vn -0.08968217193711432 0.7007875006852124 -0.7077103835044497
vn -0.7215336381352077 0.6911716135571444 -0.04087798493302587
vn -0.9978388340712155 0.06561104241896441 -0.0035850149364052585
vn -0.9985381368555354 0.05230744548104615 -0.013620587077058014
vn -0.9616377922306323 0.21770492599967334 0.1669051279897419
vn -0.9670084138846656 0.2543429781917618 -0.014296045635358481
vn -0.7141365216954421 0.3582726407229538 0.601373214643067
vn -0.8727074488432018 0.48737556741579324 -0.029099227132763073
vn -0.5626878643781728 0.3975148259744084 -0.7248202055765741
vn -0.4686082158383279 0.4863559759652053 -0.7374714941553687
vn -0.6571951978763239 0.06912842284820447 -0.7505436250097787
vn -0.48835683545049663 0.19717951600787112 -0.8500751965183304
vn -0.7076569570209209 0.005841239711302483 -0.7065320311907489
vn -0.7069790124658173 0.0006838480959713382 -0.7072341962070551
vn -0.9966896421508337 0.051334033289323296 -0.06304422460062453
vn -0.7234095195808775 0.06244161591951518 -0.6875897843781013
vn -0.9966832956396388 0.08113249898782078 -0.006318686643574764
vn -0.9967615027991996 0.07576226132250388 -0.026955264732176257
vn -0.9967618810186254 0.06533408864639349 -0.04687440035837273
vn -0.36733069270884733 0.5873262836735907 -0.7211906812350027
vn -0.0855467472200678 0.9935346098480555 -0.07463734369695914
vn -0.36903840013903605 0.9269311344396853 -0.06789205571477984
vn -0.36049256236761507 0.8826645580694034 -0.3015765083785144
vn -0.03917619230614062 0.7325321542431378 -0.6796042002197311
vn -0.14394991496509102 0.726529208701525 -0.6718881833200216
vn -0.07808281456956571 0.800699471557519 -0.5939557477762168
vn 0.07792173034343798 0.8713930738333274 -0.48435763111113456
vn -0.08638024832995313 0.9499967822150381 -0.30007426827292105
vn -0.37050372617405875 0.7546883629853494 -0.5414540272872956
vn -0.08460708563374897 0.6331576448904294 -0.7693848437403537
vn -0.7154939569438457 0.43762413700961555 -0.5445672706685808
vn -0.9369768966451415 0.2190817121569577 -0.2721718180701593
vn -0.9370549927857725 0.2837150031268925 -0.20355278798376436
vn -0.9370534273197579 0.32898374768492683 -0.11704942591689843
vn -0.9367929251220768 0.3489320614288582 -0.025795967673858906
vn -0.7022845902696633 0.24901299616752137 -0.6669249448097178
vn -0.7160439538138924 0.696275882648504 -0.04980915024987563
vn -0.5045865556336304 0.5347917017115726 -0.6777833309061455
vn -0.6007280321068977 0.4290625713416635 -0.6745599612448504
vn -0.2670829766661576 0.6888498945021237 -0.6739083813246114
vn -0.39570852604087325 0.6280006293680546 -0.6700969869592662
vn -0.7167781315614763 0.5665681557177982 -0.40648448315006014
vn -0.7167854289877655 0.6569509729893843 -0.23373931607482382
vn 0.06498909526987781 0.8669502825409653 -0.494139277024346
vn 0.10729515361333151 0.9309118856545382 -0.34912864557094697
vn 0.10781919306432107 0.9862884079777524 -0.12494077755348527
vn 0.058007270325468395 0.7276282858110777 -0.6835146189197571
vn 0.10254421003682004 0.7671712971722484 -0.6331926134936937
vn 0.03385828267314263 0.6912080722954242 -0.7218621873239167
vn 0.09796020123525631 0.5435534816765324 -0.8336386576516636
vn 0.09511349187296363 0.34526044449486604 -0.9336748090909057
vn 0.09770624144310024 0.1237966338953245 -0.9874856372723855
vn 0.030466438421555785 -0.32396100582879694 -0.9455797495887376
vn 0.09315655136759383 -0.1910854798213003 -0.9771428740664082
vn 0.03802959219985841 -0.03396936546690989 -0.9986990699539516
vn 0.9853873115304815 0.1616901275630435 -0.05355510174928556
vn 0.9774063246904241 0.14759593198018237 -0.15130207307918478
vn 0.9802116406037322 -0.19750483433486052 -0.013303384505418809
vn 0.9832441212731681 -0.18147653937681282 -0.01724133514468973
vn 0.983122932036103 -0.1826383681370379 -0.010607873914035875
vn 0.9653086227893865 0.11331386165080513 -0.23524292024679594
vn 0.9857191024514763 -0.1638917721757854 -0.03869545290258989
vn 0.9528527431700966 0.07405761837992224 -0.29425689285574214
vn 0.9920971066007892 -0.11492329794282906 -0.050358382264383744
vn 0.9433635912149225 0.02580581066785438 -0.33075549111973845
vn 0.9942676879717668 -0.092288011408139 -0.05398784683249144
vn 0.9380988538127061 -0.02594756999241406 -0.34539436024170383
vn 0.9966557176620049 -0.05467438691797099 -0.060729662165847666
vn 0.9370548059184324 -0.07804114973804471 -0.34034962854795797
vn 0.9978690663330156 -0.03168028192668348 -0.057041092141732086
vn 0.4000657416680749 0.4960667217110274 -0.7706265048351552
vn 0.40279629781590964 0.29091536907402477 -0.8678268205709715
vn 0.3867808781165733 0.07714273197363566 -0.9189393621055832
vn 0.3856665749197686 -0.17823185322490165 -0.9052594652836675
vn 0.44720524589226723 0.8864255384838621 -0.1194036547599445
vn 0.3382075651356667 0.6444576981585148 -0.6857768719993643
vn 0.20580691666314543 0.7050661960262303 -0.678620050009363
vn 0.417028143878106 0.6790485276041318 -0.6041362630832904
vn 0.4254513856725203 0.8262282554075346 -0.3692397437919627
vn 0.8052250200103104 0.5851556421950982 -0.0959455134784195
vn 0.5615112685474177 0.4594092498923872 -0.6882210665241101
vn 0.4635878143524237 0.5685731908285365 -0.6795666744735201
vn 0.7244437899185225 -0.12840314330378724 -0.6772693910388942
vn 0.733267367558495 0.14054764237313788 -0.6652558364247452
vn 0.6412531085156753 0.3482888152148061 -0.683731929936909
vn 0.7278283714453131 -0.13122098814000502 -0.6730875975612862
vn 0.7280994320998363 0.020239545904172353 -0.685172662733627
vn 0.737229252721521 0.17228327357249168 -0.653308122235453
vn 0.7523011371660073 0.31510616820674603 -0.5785767898704495
vn 0.7718106284417163 0.4397100047051569 -0.459307593652221
vn 0.7914207202139878 0.5346587195633523 -0.2962993371758521
vn 0.8794402869205072 -0.47600914949371 0.0002670944600092288
vn 0.9312200827793622 -0.36426098649413796 0.011962071171633079
vn 0.9335454843624379 -0.3573845645925168 0.027732681397916025
vn 0.6714040634200341 -0.2527960868060883 -0.6966424636200375
vn 0.9937135834014245 -0.11136320981956595 0.011469510110883393
vn 0.1442611723775648 -0.9838531213495068 0.10593276053744319
vn 0.29767827521041257 -0.9494887680519478 0.09929110640408942
vn 0.41776544274520805 -0.9032597380864918 0.0979483557790662
vn 0.511684624638585 -0.8549616079490677 0.08496760465974622
vn 0.6060943876520524 -0.7916790430763481 0.07677164848042076
vn 0.6771075390125878 -0.7333224218956282 0.061348236791671854
vn 0.7500105914227815 -0.6597862744147543 0.046542290957239246
vn 0.8261278077296744 -0.5625096860952778 0.03310133448600228
vn 0.9091416500659782 -0.4159460819316715 0.021220674847932514
vn 0.9005440762414703 -0.4342143914757722 0.02186844717216937
vn 0.9668207077431697 -0.2550246826447005 0.014836789442669482
vn 0.9746467430305337 -0.2213568447462756 0.032632400830248674
vn 0.9954999720241227 -0.08733181445247647 0.03678260301296612
vn 0.5630996092496524 -0.4386621567015332 -0.7003530126592221
vn 0.6057379383621572 -0.38273898915313814 -0.6975617651583246
vn 0.6460165294728798 -0.30926097459917506 -0.6978683924908652
vn 0.3743187928562463 -0.9264577596196303 -0.03951532557398083
vn 0.26378250346119375 -0.9635769511654108 -0.04402556133108438
vn 0.22343665407326616 -0.6552897776870767 -0.7215756154938754
vn 0.17625531299194835 -0.6682397704429253 -0.7227652965109053
vn 0.1646692694724185 -0.9852914786525591 -0.04565888507260805
vn 0.1164268230777517 -0.6824128893930828 -0.7216352563852504
vn 0.08063443981661803 -0.9958711749686932 -0.04169760163288501
vn 0.047028030987352434 -0.6893567969244487 -0.7228938862900399
vn 0.1181884356311521 -0.9874750755120427 0.10452018429732483
vn 0.10743553757593859 -0.9859533276489989 0.1278813550273645
vn 0.20605049211350449 -0.9697743262777421 0.1306941115442229
vn 0.09169404108846906 -0.9911477606169788 0.0960120797234079
vn 0.17388844262479053 -0.9786948875405302 0.10917475268373066
vn 0.1542072670522216 -0.9880319153037534 0.0036129114964757393
vn 0.1546865587278948 -0.9859709229679986 0.06271688457309248
vn 0.2732677973469104 -0.9598754282587763 0.06295929763107859
vn 0.1316017910987131 -0.9898491687596936 0.05366182707804763
vn 0.22870977861540978 -0.9673113112418991 0.10954754360170887
vn 0.30874997940646765 -0.9412624408206437 0.1367423406150062
vn 0.2763525906457738 -0.9538112983858623 0.1177847728479589
vn 0.37878551436421104 -0.9232488676185551 0.06428889911093226
vn 0.7140634976701048 -0.6935400981159627 0.09547488465788723
vn 0.5882606486960811 -0.796962191431314 0.13711555208897272
vn 0.6023490097167084 -0.7909355958173415 0.10768729619768401
vn 0.5119100874641985 -0.845683427554568 0.15088937242879036
vn 0.4897875491477676 -0.863868997849482 0.11763720182984114
vn 0.6053152538356807 -0.7934846514339318 0.06305197389945148
vn 0.7161242762902358 -0.6954395927251139 0.05941206761352004
vn 0.8102627202199063 -0.5835908252620919 0.05381517343415572
vn 0.9324762384374072 -0.35279872695541886 0.07759589556322959
vn 0.8737540788797857 -0.4767205706350309 0.09639142687162565
vn 0.8770355919820213 -0.4751701990092469 0.07086502924756281
vn 0.9948540020362484 -0.09540035305675472 0.03412165396206645
vn 0.9723691800904515 -0.22663463463168845 0.05599035627305922
vn 0.9955041253790688 -0.08799240643746391 0.03505528152218214
vn 0.9748628955837266 -0.21813069877346683 0.04540190598104265
vn 0.9957843480021797 -0.08530213316431809 0.03372059239531348
vn 0.9756108907078488 -0.21642897635609284 0.036631791188686744
vn 0.9333864442088842 -0.3563938710815958 0.04210884019502758
vn 0.8794774363130494 -0.47519374801426884 0.026652220627511644
vn 0.8125639380469623 -0.5828258587741527 -0.007339273110055233
vn 0.7139105901559614 -0.7001422938071905 -0.011508157349148408
vn 0.49408205704199604 -0.5085833859763303 -0.7051424398077317
vn 0.6006037520744089 -0.799252972051191 -0.021675323791817788
vn 0.4238531843101887 -0.5632590371002945 -0.7092867792895637
vn 0.48180147926447486 -0.8755535653237743 -0.03568317288850645
vn 0.36436261456640373 -0.6031515718791876 -0.7095407433305008
vn 0.2996776474464171 -0.6364988765659836 -0.7106774850459396
vn 0.2709973922044058 -0.9625535665836389 0.007144569653086246
vn 0.37675158974094486 -0.9262445857580028 0.011366924898864561
vn 0.4892315243125155 -0.8720104459139026 0.015820803895165325
vn 0.604737338543401 -0.7961740538286917 0.019990682365341905
vn 0.7162882868499945 -0.6974130289525495 0.02337000574947563
vn 0.8109761760671719 -0.5845260353398279 0.025435327034842314
vn 0.8790171857928136 -0.47438083452101615 0.04787077312960853
vn 0.9323971041995334 -0.35677877515984513 0.0578320471344812
vn 0.9132390849243189 -0.40654057092911283 0.026816747663049017
vn 0.8343110852890246 -0.5506034497591797 0.027583583471701797
vn 0.9123081324731522 -0.4080223938239738 0.034808010019294844
vn 0.8301155001390101 -0.5564753995464917 0.035261680738916085
vn 0.9133878572316869 -0.4036802528787893 0.052582085327838826
vn 0.828358126678878 -0.5572888308230008 0.05702607302798154
vn 0.8154257604713709 -0.5702590428103353 0.09942561668265706
vn 0.8671604915406361 -0.48827427745897894 0.09808624716500414
vn 0.9245059730454971 -0.3747548773865214 0.06962390163020056
vn 0.9941405765328561 -0.1052478173609364 0.024645710208464774
vn 0.9686077606648891 -0.24728685727613162 0.025460090303122702
vn 0.9942389617917305 -0.10334081633127218 0.0284528124319545
vn 0.9683987714494936 -0.24739505569014147 0.03161496283697605
vn 0.968942053162418 -0.24425780586427034 0.03859302900486403
vn 0.9702625136604028 -0.23646725775618493 0.05170967602554175
vn 0.3035863986114681 -0.9505466866777775 0.06554612897813186
vn 0.4233338555715873 -0.9040568709143979 0.058903487836983855
vn 0.30446658969945284 -0.9520435813011412 0.030217793765964215
vn 0.42473745003212876 -0.9048582135866007 0.028804719145841845
vn 0.15543897757025968 -0.9849998318717457 0.07492700090451317
vn 0.16213481851909625 -0.9862583258234787 0.031730354042284026
vn 0.5243724263803152 -0.8499193723750867 0.05167803124693882
vn 0.6111379764171954 -0.7902682455963913 0.044569875282495314
vn 0.6935174645379656 -0.7194873751802133 0.03703300334996281
vn 0.759750536878885 -0.6496358832772174 0.027428832838371348
vn 0.1567621913137506 -0.9875807610321768 0.010481212411620311
vn 0.29130472059297535 -0.9565606458343212 0.011545154883093284
vn 0.4085300923022713 -0.9126224868712948 0.014945238049337773
vn 0.2875089628255254 -0.9575784757832619 0.019546329875344083
vn 0.3900702106678604 -0.9203183858229471 0.02931381015453054
vn 0.25363878470281725 -0.9651203990930814 0.06488437522924402
vn 0.365776318448674 -0.9276086748654232 0.07582764124346841
vn 0.33624823222848044 -0.9341683496090887 0.11944296091379022
vn 0.4395559788886729 -0.8888480221072825 0.12938212789714237
vn 0.41186420526290074 -0.8999956932963121 0.14274322565799594
vn 0.3805658087783891 -0.9169757454011489 0.11968770836998249
vn 0.49063674937173907 -0.8689706973711885 0.06454074121176107
vn 0.8076671117034915 -0.5836885523259676 0.08355543403128264
vn 0.8046503140917206 -0.5826699433229641 0.11416483337748662
vn 0.713046127852366 -0.6890185357949963 0.12968684160571772
vn 0.7172925179661462 -0.6809362972847123 0.1477064748410577
vn 0.6177038624922866 -0.770709048307097 0.15636336245962265
vn 0.6355720481237201 -0.759350277834551 0.13941064233554573
vn 0.5392970070209855 -0.8309209378052469 0.13685442387828192
vn 0.5647276358785301 -0.8197101962122159 0.09569687299372467
vn 0.4689875595364876 -0.8789313705488082 0.08677738683091875
vn 0.5848891764449711 -0.8097151902545154 0.0476021212617384
vn 0.492725302890274 -0.8693242055327064 0.03869368897658662
vn 0.6000485603868133 -0.7995551890008333 0.025558265190628725
vn 0.5106465293190674 -0.8595530291425934 0.0202166314252086
vn 0.6135450129769346 -0.7892107067093124 0.026626630776744813
vn 0.5263578788852957 -0.849815937512885 0.027572734439458055
vn 0.9285398167836333 -0.3607909946176171 0.08742806671914533
vn 0.8710923021033247 -0.47787415256744253 0.11328943253577914
vn 0.8043138294420306 -0.579276474530032 0.13235569434049088
vn 0.7270859733748588 -0.6731392984295188 0.1350165628037873
vn 0.6541972495948296 -0.7495988388733568 0.10063567648838886
vn 0.6687419359034715 -0.7414841595529279 0.05463940241405794
vn 0.679781185202851 -0.732789077929606 0.030293687647510833
vn 0.6905680503977253 -0.722780701638845 0.026529702379473954
vn 0.92605503320127 -0.36735731363002533 0.08643309322895919
vn 0.870477725053942 -0.48016479921862454 0.10821412004101662
vn 0.8076670673877236 -0.5765019293353819 0.1237717000363836
vn 0.73767308399353 -0.6677157284851809 0.09997063111223485
vn 0.7457420334776178 -0.6636568402776524 0.05855269299827478
vn 0.7521543377138695 -0.658119431431879 0.03380334643183495
vn -0.7373923477613501 -0.07413641563444108 0.6713838822461269
vn -0.704109900817599 -0.009567144617097293 0.7100265609922678
vn -0.7321466389606313 -0.3194696315339156 0.6015816267026738
vn -0.688931165757981 -0.3517795646367115 0.6337388947755652
vn -0.7144270441344761 -0.09057919205785121 0.6938223177265364
vn -0.7039112997334652 -0.0015576066880885523 0.7102861789229389
vn -0.7361008475611502 -0.12043681516848519 0.6660709540070248
vn -0.6720254528910843 -0.15897941188640116 0.7232615967012124
vn -0.504204412676458 -0.6149128191130021 0.6063498454919307
vn -0.5671378878146739 -0.5182233691879456 0.6401555715860047
vn -0.8416321674512365 -0.5400500477465182 -0.0011138403465522876
vn -0.6505789879165071 -0.27810007417295846 0.706687575401272
vn -0.6812494794286397 -0.1487938440386781 0.7167702133559968
vn -0.9577543293430004 -0.2875851359015084 -0.0011975947772049098
vn -0.6137394804668512 -0.4155524175165144 0.671297280206363
vn -0.28121166138876347 -0.6777232259271725 0.6794197749093253
vn -0.3978825002042818 -0.9159640336501212 0.05195579939322483
vn -0.655536032085266 -0.7551609930240444 -0.0020940995306544807
vn -0.2029983706889777 -0.9240830153190883 0.3238244004030607
vn -0.32483090956953176 -0.827990169426775 0.4570745666965635
vn -0.40478499209635327 -0.7682474225809509 0.49592843019056787
vn -0.4572856638960604 -0.7036162330936657 0.5438878727478847
vn 0.41328874590223535 -0.9105996753078953 -0.0008023962320732364
vn 0.10487134154644645 -0.729523055647509 0.6758684139689988
vn 0.14121411214442633 -0.9899782158005095 0.0013064347289765527
vn -0.10487585199570308 -0.7295237519493925 0.675866962508049
vn -0.14236639839437804 -0.9898139056724161 -0.0004906584660924805
vn -0.41560192556262493 -0.9095465116385414 -0.00042735792853119687
vn 0.31755857475308347 -0.8295320664920148 0.4593833935421238
vn 0.18470946003503233 -0.9129603518708576 0.36384861039367294
vn 0.39353330774029244 -0.9167881344420786 0.06805183498773197
vn 0.393197316861458 -0.7701057119161391 0.5023276445578988
vn 0.6555949129308818 -0.7551051824110203 -0.0033872754788076454
vn 0.26497681752889823 -0.6762692074056627 0.6873479797651068
vn 0.4496913571540417 -0.6873214017578689 0.5704094792222112
vn 0.8416773297519549 -0.5399765121184498 -0.0021538203297026774
vn 0.4959404660785499 -0.6201379582448553 0.607842057486723
vn 0.6812583398893259 -0.14878734757711712 0.7167631404670625
vn 0.6505528145050604 -0.27809159758353225 0.7067150054250887
vn 0.958683480430448 -0.2844544609301147 -0.0034123315666643077
vn 0.6118997822909121 -0.4078054268475351 0.6776971228107982
vn 0.5577525083305974 -0.5221189758476413 0.6452161765724238
vn 0.7212816360334419 -0.1526878424210638 0.67560285989457
vn 0.7338563614105672 -0.11744045230348352 0.6690759157076244
vn 0.7128582860853099 -0.09264827776913058 0.6951613917544104
vn 0.689855795784641 -0.45313038745865797 -0.5645988248162639
vn 0.7235885750856738 -0.48625928856639783 -0.48986883784170726
vn 0.988825862852403 -0.14904938460852082 0.0027737883881168057
vn 0.5913458927859423 0.528438449462009 -0.6091492758063372
vn 0.5152181876571816 0.5713211155705892 -0.6388602366796878
vn 0.4159799695651225 0.6246011543710318 -0.6609342349121993
vn 0.30210773963953147 0.6686866751030457 -0.6794034472899934
vn -0.910672639743028 -0.41310863332059417 0.004074346506611044
vn -0.65889759852745 -0.3646355906159349 -0.6579474452499436
vn -0.6304381366787141 -0.36097164561143513 -0.687202464260456
vn -0.5534456478957939 -0.48392106747961383 -0.6778778026123854
vn -0.7580562478757485 -0.6521857424930376 0.0021171550124928777
vn -0.8394818151684028 -0.5433859653635643 0.0014052215024551516
vn -0.7235893025626815 -0.486258723229289 -0.4898683244508406
vn -0.6924201526824136 -0.4497672101277996 -0.5641487293729543
vn -0.9891229342177007 -0.1470908631471755 -0.00031461593306010685
vn -0.6928701645730639 -0.37880448632698677 -0.6135455127234188
vn -0.9589999360575262 -0.2833921250632652 0.0028330361429534504
vn -0.7127205656726451 -0.5380085136374387 -0.4500846970525645
vn -0.7586801695042286 -0.4369819836213766 -0.48316782425091387
vn -0.8466516909402094 0.35800185149735103 -0.39372019068439035
vn -0.9081733500774566 0.3027957221546155 -0.28902580655359184
vn -0.7889211037802802 -0.2528822628466873 -0.5600482596595072
vn -0.778246796411327 -0.356225387346358 -0.5171415640667879
vn -0.520112366506999 0.5640914459673712 -0.6413142496412577
vn -0.5822782676256179 0.5232143350544779 -0.6222529860470016
vn -0.6887890650627726 0.46030403652248575 -0.5600801887328795
vn -0.7789884694497771 0.4012385047648209 -0.4818554002586093
vn -0.41587608722224895 0.6248310092702992 -0.6607823317333567
vn -0.30250546856120303 0.668631496195193 -0.6792807694807389
vn -0.20337781186371065 0.6928151851838046 -0.6918414448558713
vn -0.10375668748922372 0.7069470413046418 -0.6996144871226414
vn -7.98372728935946e-05 0.7110447717362632 -0.7031467316375261
vn 0.10358663128168692 0.70683799854805 -0.699749850752609
vn 0.20303859768947619 0.6928455350946996 -0.6919106823482566
vn 0.46729282003489947 0.8695163309619112 -0.15993364416021777
vn 0.8465327213807102 0.358040186482139 -0.39394108251819054
vn 0.7827542866010998 0.4068078292025642 -0.47095978268542293
vn 0.686578611663316 0.4637510956686547 -0.5599506507475421
vn 0.9027091011388744 0.31217092800814455 -0.2960837557644444
vn 0.7891000827730933 -0.2535568188680113 -0.5594908390429927
vn 0.7801761219703041 -0.3539401506836097 -0.5158018887532702
vn 0.7623976527916791 -0.43200967958593556 -0.4817856948496871
vn 0.7155444450611904 -0.5320826747968619 -0.4526413307720473
vn 0.6732587945294322 -0.39001635691827896 -0.6281797807355546
vn 0.9601805320480485 -0.27937269482034155 0.002059918626196409
vn 0.655449627945477 -0.3477787761785379 -0.6703996629368888
vn 0.9097438452331764 -0.4151700038725616 6.28077366833918e-05
vn 0.6303307527830109 -0.3599966957692201 -0.6878121263333806
vn 0.8413021695489696 -0.5405650171822056 -0.00034887103416586437
vn 0.5526722482558837 -0.4830810789970743 -0.679106808331951
vn 0.7558453037959526 -0.6547501977417542 -0.00023513132037521642
vn 0.654949472206008 -0.7556724030635307 -0.0006388311673467516
vn 0.3974966515419031 -0.6180045798687652 -0.6782822062196573
vn 0.5407226536834443 -0.841200850104976 -0.0003762661286259076
vn 0.41547741119857334 -0.9096031828759817 -0.0007553049814835609
vn 0.20713931827197415 -0.7049372056832248 -0.6783486116071502
vn 0.28177825824491315 -0.9594794402705086 -0.0004657023238487457
vn 0.14233686270779447 -0.9898179386723233 -0.0008159638322101639
vn -0.0009087241102003876 -0.7353547035271171 -0.6776818089789908
vn -0.0036438965364588025 -0.9999922139965977 0.0015145838419710748
vn -0.20748824834443858 -0.7061093921284216 -0.6770215307853861
vn -0.1387562264996283 -0.9903264120731405 0.0005542182998235987
vn -0.2852690765247909 -0.9584462317497886 0.0015410461781658604
vn -0.39816196062329545 -0.6190290317031077 -0.6769565060041347
vn -0.4121899013473696 -0.9110977510617414 0.0006109316515516616
vn -0.543776982207824 -0.8392281861458278 0.0016264068788586906
vn -0.6522179039937641 -0.7580311882035711 0.0007234781706068856
vn -0.8019106000370991 0.5974432599477122 0.0009698923599315841
vn -0.6180700312388668 0.78612299876914 -0.0002594043193757849
vn -0.38929320761292013 0.9211138716296129 -0.0001843853267657973
vn -0.13289925534653552 0.9911295515331923 -2.4390944569166598e-06
vn 0.13289886720682265 0.991129603575921 -3.2528445366697153e-06
vn 0.3892919896105069 0.9211143861108086 -0.0001858085069068181
vn 0.6180702146150202 0.786122853605399 -0.0002623833980328244
vn 0.80213259626572 0.5971458766821771 -0.00031617952114785944
vn 0.757162234181977 -0.6532266881204257 -0.0004950310870211329
vn 0.5522884773513071 -0.7705030119435123 0.3182806094799847
vn 0.6557219537376795 -0.6535131251411429 0.3780863851749986
vn 0.31886418856335 -0.7706793198924153 0.5517055511248737
vn 0.3785813334373041 -0.6537228311401473 0.655227162149848
vn -2.138190184113495e-07 -0.770744293768595 0.637144593968358
vn -4.0446801547793545e-07 -0.6537991839421687 0.7566681089330979
vn -0.31886473740494264 -0.7706788804651393 0.5517058477528368
vn -0.37858215517308796 -0.6537227924439166 0.6552267259688266
vn -0.5522889466814999 -0.7705026288785232 0.3182807224208279
vn -0.6557220263847546 -0.6535129603147977 0.37808654408013664
vn -0.6377274716803911 -0.7702618591845551 -0.0005832235321912334
vn -0.7571628164633671 -0.6532260133250579 -0.000494854233780646
vn -0.552289161742821 -0.7700196602620932 -0.31944702946069536
vn -0.6557213934647079 -0.6529403505537339 -0.37907565573572344
vn -0.318864569972741 -0.769843804143856 -0.5528706026163944
vn -0.37858134219435574 -0.6527306642245565 -0.656215549437294
vn -7.453277699991237e-07 -0.7697793475202521 -0.6383100783559188
vn 4.1104875045249483e-07 -0.6526534801163069 -0.7576565415093467
vn 0.31886347638407553 -0.769843120603032 -0.5528721851282155
vn 0.3785816644859558 -0.6527308044503156 -0.656215224020814
vn 0.5522873097978115 -0.7700209381993769 -0.3194471508259978
vn 0.6557214258058977 -0.652940843844918 -0.3790747501195076
vn 0.6377276119788461 -0.7702617428262071 -0.0005834878681830525
vn -0.1466340040890676 -0.909706995417759 -0.38849922951378013
vn -0.3235029712864721 -0.369452123871485 -0.8711205173428491
vn -0.09455637214175891 -0.37696930449247706 -0.9213865833393969
vn -0.04047863649187622 -0.9148073527126207 -0.40185692405467555
vn 0.09363950131423372 -0.3776153587091898 -0.9212156558920129
vn 0.040478996215486104 -0.9148078134705074 -0.4018558389257219
vn 0.32202790900435835 -0.3731157605183049 -0.8701049678487807
vn 0.14663147701421772 -0.9097076565141653 -0.38849863529764783
vn -0.8039408953676316 0.5937503659246296 0.033757069183492826
vn -0.7243981361758688 0.6893802943187771 0.001466325299282
vn -0.6134372787908424 0.7896105241759187 0.014488792231145919
vn -0.5160186390732538 0.8565575406450745 0.005826121612904231
vn -0.39126882134510615 0.9202764266094065 -8.983447641121017e-05
vn -0.2647802600377838 0.9643087567240898 0.00018867846594815697
vn -0.13286215328813403 0.9911314386695774 0.002473763208987594
vn -0.0015362577165561016 0.9999967471836958 0.002036058509935769
vn 0.13265041682977438 0.9911628192877465 0.0003641104951473098
vn 0.2642089663645244 0.9644653995557584 -0.0003393410393875385
vn 0.39072228419839694 0.9205084988457026 0.0004474188396610378
vn 0.5149425006883422 0.8572015438966396 0.006303501094951821
vn 0.6126919826659718 0.7901849366005891 0.014707152897942753
vn 0.7197184117005425 0.6942578438306863 -0.0033843963737249278
vn 0.8107311281060866 0.5853478686798973 -0.009105523144446884
vn -0.34664248155171096 0.9379806356509469 0.005596170790573802
vn -0.8019860821564523 0.59646660208124 0.032340634332121934
vn -0.2751719297585388 0.9600113210488146 0.05156231696764216
vn 0.34654787842062507 0.9380157600708517 0.005567927879028924
vn -0.19810487249682834 0.9747301460360916 0.10322597493593856
vn 0.11823261724757171 0.9813197400666321 0.1517650024687732
vn 0.2873046510051604 0.8791339582389913 0.38023613844799986
vn 0.32869125610034267 0.8284897651084048 0.45339471465137177
vn 0.3743137402114272 0.7413880227122348 0.5569856584040337
vn 0.43629451321582335 0.6324158876091336 0.640075966458138
vn 0.5028422799808165 0.4947155473013592 0.7088061573674503
vn 0.5790578859879959 0.3172552176295158 0.751026691644153
vn 0.6521007604008394 0.12450054108621175 0.7478396977654286
vn 0.7046044680731127 -0.0065831821870703956 0.7095697325025198
vn 0.7372628566294911 -0.07425834737838334 0.6715126045571699
vn 0.22348541407051734 0.9345389527072749 0.2769317886601665
vn -0.11401145212560629 0.9814588235778483 0.154077793355812
vn 0.1964445979181019 0.9750372595753067 0.10349812746456533
vn -0.28677605925247 0.8412507084447521 0.458319470872476
vn -0.22347480712027304 0.9338720204752826 0.2791810522868088
vn -0.168848690131298 0.9844420428182467 0.048620820363116796
vn -0.0012802063108106815 0.9987155900483056 0.050651073693127074
vn 0.16794153126482586 0.9844944141804473 0.05065955510980542
vn 0.27510085398984835 0.9599753404040117 0.05260100712208716
vn 0.8019467196039606 0.5965184510617797 0.03236041500509112
vn -0.36173713125365814 0.7477729681952123 0.5567601242087078
vn -0.4297208301595086 0.6184013665221416 0.6579663806081362
vn -0.5043992165637577 0.49368448938522835 0.708418700536846
vn -0.6472605134759165 0.13079911010723316 0.7509629954199132
vn -0.5795852924083352 0.313687637064913 0.7521176471647077
vn -0.7704327377845194 -0.6375211088451599 -0.0004820027882451563
vn 0.77009051453194 -0.6379344528428217 -0.0004830155917787769
vn -0.7704102364657007 -0.5518399877618163 -0.31928153008888804
vn 0.7701140238031713 -0.5522534547631347 -0.31928124286257537
vn -0.7703486286528307 -0.3182352622580815 -0.5525299161024978
vn 0.7701756935694071 -0.3186531911568001 -0.5525301302195842
vn -0.7702600414777392 0.0006899516956274248 -0.6377295606049395
vn 0.7702618858811261 0.00027553410341319627 -0.6377276466014382
vn -0.7701763255475442 0.3194843749886723 -0.5520490573347449
vn 0.7703470699125863 0.3190762396824925 -0.552046868614589
vn -0.7701139528331717 0.5527365380265017 -0.31844437376431195
vn 0.7704096815682423 0.5523229075165798 -0.3184467433941681
vn -0.7700903471383442 0.6379346538046489 0.0004844785728831683
vn 0.7704330977160714 0.6375206741043581 0.0004816981868015851
vn -0.7701132752758141 0.5522544240711688 0.3192813717362479
vn 0.7704102161696849 0.5518400586238822 0.31928145658551715
vn -0.7701755073037526 0.31865411344326006 0.5525298579580089
vn 0.770347159471157 0.3182402050045026 0.5525291176159061
vn -0.7702601533793633 -0.00027384718699858304 0.6377297398771035
vn 0.7702634787839596 -0.000689412816520601 0.6377254095310937
vn -0.7703491769011473 -0.3190738946179308 0.5520452838500389
vn 0.7701746901042517 -0.31948992465851783 0.5520481272176501
vn -0.7704091798834652 -0.5523236210150964 0.3184467195938105
vn 0.7701140056979349 -0.552735433529813 0.3184461630299394
vn 0.7956679356147149 0.036055919174756985 0.6046590005342527
vn 0.7962945780318375 0.0544995200145199 0.602448958265582
vn 0.8226216144251117 0.08115117952100907 0.5627683053823944
vn 0.7971108709886001 -0.07210814319584403 0.5995120307688936
vn 0.7926853188358223 -0.05435546514327334 0.6072029880618252
vn 0.7926779003229302 0.0016862886363007406 0.6096383376808464
vn 0.7948391444851854 0.35223038476563406 0.4941300339403706
vn 0.81153530956248 0.27042361890586153 0.5179589826146348
vn 0.7933798322576658 -0.4484339557125675 0.4116496436665255
vn 0.7934620494137192 -0.4896891054897093 0.3614174263989895
vn 0.7376449841839235 -0.5558523844367558 0.3832857994033595
vn 0.6988089130638678 -0.7098697085866199 0.0880403308356066
vn 0.7734025450290712 -0.3936830851291245 0.4968522233277917
vn 0.8061322019288067 -0.3733848977751272 0.45905837442189323
vn 0.813324215504229 -0.12811327055065688 0.5675303607590034
vn 0.7923972675581622 -0.20332822350856855 0.5751210341234338
vn 0.7908635230491631 -0.24067213406544324 0.5626826919273875
vn 0.7886206801483229 0.58647661303905 0.18472304999820974
vn 0.7976563799881216 0.5115505208588172 0.3194688780981928
vn 0.8048313377382751 0.4132722706659191 0.42597247339828653
vn 0.8046268638269761 0.37515610524264337 0.4602537416546828
vn 0.7996610012232322 0.24582019618276285 0.5478272668198668
vn 0.793410615195486 0.22842756506167963 0.5641989393955936
vn 0.8127351333517565 0.11254386607328003 0.5716602848064422
vn 0.6719713528403055 -0.15933714665580273 0.7232331399054921
vn 0.6887415611924018 -0.35214728076166435 0.6337407628821258
vn 0.7301796824971107 -0.3233072915303538 0.6019219438695729
vn 0.7545885333535962 -0.10612828576720476 0.6475592114172906
vn 0.7529856156586454 0.17667993808315108 0.6338744844920835
vn 0.7901066514190342 0.6025545342440294 0.11251449971164396
vn 0.7507255746780065 0.4297155541004093 0.5017525825429849
vn 0.7411940921368918 0.5993598766824355 0.3023227679229342
vn 0.15672452085430943 -0.964533088696273 0.21239902394553184
vn 0.7410824282724146 -0.309734320161464 0.5957025141964548
vn 0.74155575684923 -0.11060273835554878 0.6617114883028853
vn 0.7039043342367096 -0.0019332918318613443 0.7102921586399975
vn -0.14811158532178761 -0.9669638278745109 0.20747027226988415
vn 0.1460072316909663 -0.9522885955576531 0.26800805783553067
vn -0.1316428605357141 -0.9575787272543538 0.2563457399293118
vn -0.6992579204053572 -0.7096745066933676 0.08602589900663839
vn -0.05817800009807572 -0.9546343791216689 0.2920419875695515
vn 0.05509544088468433 -0.9552908033609837 0.29048919671417855
vn -0.7965615179429332 0.5095800395088681 0.32529668222499664
vn -0.788367205177898 0.5868194138197261 0.18471633756726272
vn -0.8011740745269672 -0.14274500733226544 0.5811574358016675
vn -0.7972201544669985 -0.07160517384255831 0.5994269967148561
vn -0.761138463895871 0.1824023684973215 0.6224127366505292
vn -0.7586794783169968 -0.10460618177160964 0.6430108832016879
vn -0.811428035329058 0.27073598856585773 0.5179638674437561
vn -0.7981349291797771 0.23741039782631904 0.553730022508389
vn -0.8060282102510371 0.1710720737334414 0.5666152750041689
vn -0.8136501658060891 0.10332948484532414 0.5720982653752097
vn -0.7946689905402492 0.352476607013344 0.49422812241120195
vn -0.8044197816957643 0.37548917875923 0.46034410113659346
vn -0.8022945460640281 0.42187931986086225 0.4223047487652154
vn -0.7937084557311485 0.0009018333737886344 0.6082976853461153
vn -0.7962433556391815 0.037489186883949734 0.6038137787987586
vn -0.7638472859129682 0.40837697119636324 0.49976551821817095
vn -0.7898797599149436 0.6028444080821628 0.1125548067422163
vn -0.741081296164947 0.599387068626584 0.3025452932003943
vn -0.7962651244862227 0.054890323146192924 0.6024524080388813
vn -0.8226287538665702 0.08150966661420563 0.5627060578671381
vn -0.7399817550794261 -0.1070985119715434 0.6640458650447673
vn -0.7372371514174685 -0.3125013829227777 0.599019422257082
vn -0.79262239855526 -0.05392904149346358 0.6073231362232983
vn -0.7935537904309702 -0.44834258905932584 0.4114137874794919
vn -0.7995825311547418 -0.4716041654284832 0.37182964785326145
vn -0.8013226573399516 -0.5028183908530552 0.3241229159648893
vn -0.8179958566179377 -0.3781261014872822 0.43347829233990015
vn -0.7966682009579926 -0.3589324350853582 0.48629958320571365
vn -0.7917949697537734 -0.242679860946174 0.5605062095675362
vn -0.8025772748954061 -0.19116801121743693 0.5650880544734898
vn -0.18533932927428545 0.9630478857480391 0.1954177647512879
vn -0.17680541466820268 0.9065091866562216 0.38338093308337673
vn 1.0289998338711345e-07 0.9245054544771691 0.3811688138370616
vn -0.24060441100020483 -0.2942785142108772 0.9249376592403853
vn -0.1310379043168532 -0.15336579384949348 0.9794426991453671
vn -0.15906490150743907 -0.12387894136101077 0.9794653465006833
vn 0.24405667393287586 -0.2939739841957676 0.924129664346345
vn 0.13103701757646258 -0.1533632219784044 0.9794432204926781
vn 0.09762734115071461 -0.17661948805631275 0.9794255758854615
vn 0.153027717456528 0.35590907788553705 0.9219063108411351
vn 0.07933238067030657 0.18410907115463707 0.979699047307773
vn 0.1149265981489285 0.16435493378632265 0.9796832818712424
vn 4.093207277585603e-07 -0.0007570549815720974 0.9999997134337525
vn -0.19494402392982224 -0.05052442338782046 0.9795121796973107
vn -0.18011719588142808 -0.08945607579655117 0.9795689900414841
vn 0.19985297889206188 -0.012515504646509232 0.9797459614468498
vn 0.1957469331511487 0.0292887877079026 0.9802169683679839
vn 0.19507290113058004 -0.05044766961672527 0.9794904776845668
vn 0.040490961335520305 0.19630088209586255 0.9797073265718246
vn -0.3151584436011932 -0.8479757070169702 0.4261600118921798
vn 0.28410687427272835 -0.22902070565836083 0.9310385600879946
vn 0.3137024506558854 -0.15374234418845467 0.9369920298785528
vn 0.3551287598756653 0.8427642682853599 0.40451446452582385
vn 0.1854349464446565 0.9630399749253584 0.1953660342353104
vn -0.3457615772798709 0.8426345300656297 0.4128147047017722
vn -0.31761842969633597 0.12239921689613024 0.94028557620568
vn -0.30673791678229406 -0.6243168525959455 0.718429062589168
vn -0.2320233684749641 -0.792460362367401 0.5640671330241271
vn -0.3147798030083655 -0.1610447101603612 0.9354027351613742
vn -0.18704188135194472 0.06967619967930853 0.9798778300474883
vn -0.19444024957673545 0.030045283171104005 0.9804541143285112
vn -0.19886365340891252 -0.013221689700208043 0.9799379747077522
vn 0.26211284252122435 0.6589596060514604 0.7050312726240929
vn 0.21585421076431963 0.31701882097062883 0.923529115321063
vn 0.2733582046766517 0.25779919116431155 0.9267226494323879
vn 0.31755775939227654 0.12238619778218991 0.9403077624066364
vn 0.1870412312028898 0.06967034282339259 0.979878370595544
vn 0.18011690175375564 -0.08945456735523608 0.9795691818763572
vn 0.06048880891343661 -0.9943429068855789 0.08731143981501455
vn 0.24240131399997136 -0.7946057107076017 0.5566357583572532
vn 0.08480796303316704 -0.8159369400268467 0.5718868063749949
vn -0.08651796248848737 -0.8167267519384748 0.5705015817987446
vn 0.07811343241650343 0.37941402338481517 0.9219236901908201
vn 0.11270780480874583 0.547821489112797 0.8289683750309363
vn 8.78951386795334e-07 0.20041495799001288 0.9797111026282639
vn 0.1457954834888522 0.13785186500098687 0.9796634831971648
vn 0.3284454322936127 0.20609677727425602 0.9217633733245357
vn 0.17070514659516933 0.10567754325034909 0.9796387139034943
vn 0.15907335566336472 -0.1238680388403896 0.9794653523590472
vn -0.28940761957718736 -0.22254983482084542 0.9309751880430972
vn -0.29873079117083223 0.18723274322846495 0.9357904756245343
vn -0.1707142140037104 0.10565540608502408 0.9796395216109363
vn -0.14579814730688226 0.13784849055994927 0.9796635615823548
vn -0.26762088294165853 0.26424380201553566 0.9265820396003267
vn -0.3009917430210587 0.4546987045985411 0.838244032886339
vn -0.21828893558765888 0.31708462282599126 0.9229340618740354
vn -0.11491313617617097 0.16436257865962023 0.9796835784428138
vn -3.7096367448076937e-06 0.38735563029361075 0.9219303746303611
vn 1.6511772081904904e-06 0.5592824460625302 0.8289771682764168
vn -8.50935753248501e-08 0.7097044224980343 0.7044995618783052
vn -0.0404997416421403 0.1963006158671487 0.9797070169888025
vn 0.3011376853219131 0.4547691841592149 0.8381533771441373
vn 0.2138827646591003 0.5121226349693232 0.8318560991745252
vn 0.18832402031562598 -0.33999093720913515 0.9213795233169737
vn 0.2662644019335513 -0.48855605462345447 0.8309129014245311
vn 0.6213998558781298 -0.36937132678056256 0.6909609555300549
vn -0.06022203532002085 -0.1926757784805306 0.9794127581611521
vn -0.09761812568622721 -0.17662256110603614 0.9794259402557461
vn -0.11616921141731133 -0.370952648229718 0.9213570681826017
vn -0.1883264656602807 -0.3399905166478785 0.9213791786888912
vn -0.16762014564317984 -0.5348578833547595 0.8281488582301044
vn -0.2661347277840025 -0.48840099484831684 0.8310455913477365
vn -0.2053143291119858 -0.6765684015275625 0.7071783539643547
vn -0.6155821963324407 -0.3715570403481109 0.6949848381988493
vn -0.2678813558840771 0.6619407318915719 0.7000528884538357
vn -0.21383391304565597 0.5121108641976647 0.8318759044486768
vn -0.15302535708847584 0.3559112234610783 0.9219058743181883
vn -0.07932059924360904 0.18411774285255547 0.9796983715932751
vn 0.14296901525082387 0.6951656816573673 0.7044888471253875
vn 0.20528365916880917 -0.6765716346761558 0.7071841644366045
vn 0.3105278414260364 -0.6165963977278014 0.7234509948907288
vn 0.16761421745383598 -0.5348587413201413 0.8281495039790656
vn 0.1161655020182377 -0.3709548253857294 0.9213566593148897
vn 0.060206976733870946 -0.19267873043073994 0.9794131032369157
vn 0.020352665263485156 -0.20087006300770616 0.9794064461723501
vn 0.039258895564917524 -0.38676012321413483 0.921344314689362
vn 0.05664626546542726 -0.5576619193913392 0.8281330715951319
vn 0.07185450486651324 -0.7071259487483937 0.7034271978940481
vn -0.07185480441651093 -0.707126596140876 0.7034265164979804
vn -0.05664572845724347 -0.5576625648866169 0.8281326736529772
vn -0.03925313857590127 -0.3867586480719745 0.9213451792099854
vn -0.020358937833115782 -0.2008652228564528 0.979407308476476
vn -0.07811958323318459 0.3794115599569134 0.9219241828298764
vn -0.11270824500090894 0.5478206458379682 0.8289688724569135
vn -0.14297007679004253 0.6951667627436435 0.7044875649145074
vn -0.16776209419066762 0.8159204427111053 0.5532898977198801
vn 0.3421520279484069 0.7446924965931728 0.5730314784447885
vn 0.1623239430589302 0.8143010702315155 0.557283325185322
vn -8.035465518737014e-07 0.8329804949156456 0.5533023541332898
vn -0.4130794884430856 0.696179960071161 0.5871105512788162
vn 0.17422904241893755 0.9085521804274748 0.37970669762102055
vn 9.646895597891707e-05 0.980864025439628 0.1946940016849754
vn 0.9216395876467984 -0.3767737559537357 -0.09285476458832904
vn 0.9295260555468979 -0.3679227872966633 -0.02478174019877918
vn 0.40321523238159246 -0.9139634437920662 -0.04569791884982427
vn 0.3646031016259339 -0.9306494488059136 -0.03092218818256523
vn 0.695535722420739 -0.7058245408032171 -0.1343196800047857
vn 0.261095594438984 -0.9385612372116945 -0.22568095747804492
vn 0.9029958496542376 -0.3754985416151564 -0.20880455155985556
vn 0.32559804369188244 -0.93775293878463 -0.12085255373722527
vn 0.9175716024678605 -0.3721639101263396 -0.1398441215927089
vn 0.9277504653080068 -0.36542627718167686 -0.07578067079352736
vn -0.36350034249366314 -0.9310545067295198 -0.031701837575133056
vn -0.3228227388720952 -0.9387450206322132 -0.12059546220875984
vn -0.931166875278164 -0.3631997987973225 -0.031845824503132836
vn -0.9265579485497771 -0.36393703937719424 -0.09507996291854136
vn -0.6953949703685146 -0.7045841262704349 -0.14137554312504205
vn -0.8661136154801117 -0.3981967179433981 -0.30213668909795605
vn -0.26775764340704805 -0.937311955677516 -0.22305188217339547
vn -0.8962657234488011 -0.3815041258058226 -0.22619097012023365
vn -0.9115672104412408 -0.3738410438412131 -0.17113764865770134
vn -0.9229324726281403 -0.3726739010713646 -0.09648737963463269
vn -0.4032167659104713 -0.9139627392576869 -0.04569847850077112
vn -0.7303267811129653 -0.6796207020170063 -0.06883672115293132
vn -0.28166929773425103 -0.9050060284542087 -0.31878910768003604
vn -0.3874268546938922 -0.9051161383399551 -0.17511484339873867
vn 0.730326346254892 -0.6796212534508836 -0.06883589052107454
vn 0.2816687087880117 -0.9050052552306601 -0.3187918231300512
vn 0.3874306680979503 -0.9051147483657375 -0.17511359087176356
vn -0.8480916435102522 -0.3677628807144981 -0.38143286142734606
vn -0.6159464641186874 -0.3665431957105242 -0.6973206142213229
vn 0.616916031618058 -0.36930296925511685 -0.6950035444744016
vn 0.8456708933812662 -0.3707334191097185 -0.3839237841589773
vn 0.6869423185363589 -0.3536422675713599 -0.6348601401811883
vn 0.023961817914879 -0.382280528967979 -0.9237355836245438
vn 0.7547628111997351 -0.4559779666358701 -0.47161127294890887
vn 0.6925350237647622 -0.5097529296377851 -0.5104382348382962
vn 0.7547700269008525 -0.6038224658443724 -0.25636036400681844
vn 0.6788485446340567 -0.5357032635473116 -0.5021819061584984
vn -0.012803090005096978 -0.3512566466854606 -0.9361916732409057
vn -0.7548015410265406 -0.45595358841167427 -0.47157285638433116
vn -0.7547695494624835 -0.6038224609828913 -0.2563617811156029
vn -0.6811557533078717 -0.3454058548349381 -0.6455398013920841
vn -0.6925344939660601 -0.5097531073570487 -0.510438776159302
vn -0.6652712369011898 -0.5407066710888995 -0.5148305324977547
vn -0.6072485009471047 -0.5223484938297371 -0.5986662752246023
vn 0.6130396732575865 -0.5183453782255201 -0.5962385662505187
vn 0.5687148615127253 -0.49317516377780907 -0.6582869162662227
vn 0.0012846872287794197 -0.08357408988288605 -0.9965007381226425
vn -5.408260589061541e-08 -0.9999997138470365 -0.0007565089834928684
vn -0.6882452713296638 0.19010784167843056 -0.700126742115116
vn -0.726749867389699 0.08760556219162512 -0.6812928120288251
vn -0.6749952511220451 0.186407346040847 -0.713886344108567
vn -0.673406814325623 0.08118293345977662 -0.7348010572492949
vn -0.7047336533180084 0.24076017115086432 -0.6673717239053956
vn -0.15730307573570018 0.8071206917174336 -0.5690447533943704
vn 0.227269388956311 0.843372284285732 -0.48690021045599435
vn 0.3732412837467824 -0.7239450655542632 -0.5801676362627335
vn -0.4263822858407085 -0.7244123400472622 -0.5416870940944618
vn -0.44149175346214786 -0.7153147756038498 -0.5416731518431867
vn 0.8058232305256395 0.15399807932989412 0.5717810006531571
vn -0.19686193638776084 0.7955080890073364 0.5730726466387632
vn 0.5301924377324758 -0.5067722933990295 0.6797630628493893
vn -0.7047327720021703 0.2397472188002827 0.6677372171323583
vn -0.41385025390973007 -0.7288073033148569 0.5454978294858541
vn -0.38752743040071014 0.7386846882140007 -0.5515137551187707
vn 0.5453951427820746 -0.47788141071390716 -0.6886025671777637
vn 0.6229297355275755 -0.7520155229398569 -0.2154789963152754
vn -0.6787187950410858 -0.699043182663596 0.22512091424282832
vn -0.7827220410344626 -0.31077623623074396 -0.5392256832469108
vn -0.4840411126864676 0.6705159245159248 0.5622389138078234
vn -0.7632487698977131 -0.351085473681327 -0.5423931281087421
vn -0.28947633139482415 0.4567612311804362 -0.8411733657532947
vn -0.5636402324081663 -0.3627856594653109 -0.7420891143907097
vn -0.8037502711529405 -0.30095246458072744 -0.5132378743666145
vn -0.7980250288092219 -0.30274120674575933 -0.5210602797490539
vn 0.4043626645437858 0.2580637239387031 -0.8774360090114484
vn 0.6932431776816627 0.1518333007396556 -0.7045285979889901
vn -0.28287433392082667 0.5899272923147093 0.7562855948589027
vn 0.38879739325713286 0.2692310288842177 0.8811079616496514
vn 0.430171129188371 -0.5377622533934735 0.7250962408108151
vn -0.25721442076450174 -0.8682112208140566 0.4243230111640748
vn -0.1268179509165468 -0.881107741202492 0.45559450799847295
vn 0.07695635007096466 -0.8592014210425194 0.5058168030643809
vn -0.6001240569945044 -0.38422771582300985 0.7015840495691797
vn -0.2861377818487706 -0.5936046057847717 -0.7521693571196388
vn 0.3299698370137778 0.6308368501968096 -0.7022569153058367
vn -0.011727366641705652 0.23450733543335026 -0.9720436093610209
vn -0.3677111267188021 0.31454375898656384 -0.8751289910463437
vn -0.749179576327884 0.506562925648915 -0.42675984437524583
vn 0.019345502670615893 -0.9571977928443918 -0.28878735585244414
vn -0.40371728369547744 -0.8643252815934305 -0.2999235943435969
vn -0.19577096015179551 -0.8858158396741527 -0.4207184680325073
vn -0.09603881281421467 -0.9492344795082711 -0.2995504120275885
vn 0.6196317168780562 -0.6191897884412758 -0.4823489829250189
vn 0.5375674529932046 -0.7437338230431089 -0.3973427159821612
vn 0.1765640262754062 -0.9411976836819046 -0.28804871958964695
vn 0.29439160070072506 -0.9033948980315758 -0.31178717684886215
vn 0.4109235359136405 -0.8470169578403197 -0.33720041631522485
vn 0.9115899804242203 -0.4110996377011464 -0.000891892457440797
f 1//1 2//2 3//3
f 3//3 2//2 4//4
f 5//5 6//6 4//4
f 4//4 6//6 7//7
f 4//4 7//7 3//3
f 8//8 9//9 10//10
f 10//10 9//9 11//11
f 10//10 11//11 12//12
f 4//4 13//13 5//5
f 5//5 13//13 14//14
f 5//5 14//14 15//15
f 15//15 14//14 16//16
f 14//14 9//9 16//16
f 16//16 9//9 8//8
f 16//16 8//8 17//17
f 17//17 8//8 18//18
f 19//19 20//20 21//21
f 21//21 20//20 22//22
f 22//22 23//23 21//21
f 21//21 23//23 24//24
f 21//21 24//24 25//25
f 25//25 24//24 26//26
f 25//25 26//26 12//12
f 12//12 26//26 27//27
f 12//12 27//27 10//10
f 21//21 25//25 19//19
f 19//19 25//25 28//28
f 19//19 28//28 29//29
f 29//29 28//28 30//30
f 29//29 30//30 31//31
f 32//32 33//33 29//29
f 32//32 29//29 34//34
f 34//34 29//29 31//31
f 34//34 31//31 35//35
f 35//35 31//31 30//30
f 35//35 30//30 36//36
f 37//37 38//38 39//39
f 39//39 38//38 35//35
f 39//39 35//35 40//40
f 40//40 35//35 36//36
f 41//41 42//42 43//43
f 43//43 42//42 44//44
f 43//43 44//44 37//37
f 37//37 44//44 45//45
f 37//37 45//45 38//38
f 41//41 46//46 47//47
f 48//48 42//42 49//49
f 49//49 42//42 41//41
f 49//49 41//41 50//50
f 50//50 41//41 47//47
f 46//46 51//51 52//52
f 46//46 52//52 47//47
f 47//47 52//52 53//53
f 47//47 53//53 50//50
f 50//50 53//53 54//54
f 50//50 54//54 49//49
f 55//55 56//56 57//57
f 57//57 56//56 54//54
f 54//54 53//53 57//57
f 57//57 53//53 58//58
f 57//57 58//58 51//51
f 55//55 57//57 59//59
f 59//59 57//57 60//60
f 59//59 60//60 61//61
f 61//61 60//60 62//62
f 61//61 62//62 63//63
f 64//64 65//65 66//66
f 63//63 62//62 67//67
f 67//67 62//62 68//68
f 67//67 68//68 69//69
f 69//69 68//68 64//64
f 69//69 64//64 70//70
f 70//70 64//64 66//66
f 70//70 66//66 71//71
f 66//66 65//65 72//72
f 66//66 72//72 71//71
f 73//73 74//74 75//75
f 75//75 74//74 76//76
f 75//75 76//76 77//77
f 77//77 76//76 78//78
f 78//78 79//79 77//77
f 77//77 79//79 80//80
f 77//77 80//80 72//72
f 72//72 80//80 81//81
f 72//72 81//81 71//71
f 73//73 75//75 82//82
f 82//82 75//75 83//83
f 82//82 83//83 84//84
f 85//85 86//86 87//87
f 87//87 86//86 88//88
f 87//87 88//88 89//89
f 89//89 88//88 90//90
f 91//91 92//92 93//93
f 90//90 94//94 89//89
f 89//89 94//94 95//95
f 89//89 95//95 91//91
f 91//91 93//93 89//89
f 89//89 93//93 96//96
f 89//89 96//96 97//97
f 98//98 99//99 97//97
f 97//97 99//99 82//82
f 97//97 82//82 89//89
f 89//89 82//82 84//84
f 89//89 84//84 100//100
f 101//101 102//102 103//103
f 103//103 102//102 85//85
f 85//85 102//102 86//86
f 86//86 102//102 104//104
f 86//86 104//104 105//105
f 106//106 107//107 108//108
f 105//105 109//109 86//86
f 86//86 109//109 110//110
f 86//86 110//110 111//111
f 111//111 110//110 108//108
f 111//111 108//108 112//112
f 112//112 108//108 107//107
f 108//108 113//113 106//106
f 106//106 113//113 114//114
f 106//106 114//114 115//115
f 115//115 114//114 116//116
f 115//115 116//116 117//117
f 118//118 119//119 120//120
f 117//117 116//116 121//121
f 121//121 116//116 122//122
f 121//121 122//122 123//123
f 123//123 122//122 124//124
f 123//123 124//124 125//125
f 125//125 124//124 126//126
f 125//125 126//126 127//127
f 127//127 126//126 128//128
f 127//127 128//128 129//129
f 129//129 128//128 130//130
f 129//129 130//130 131//131
f 131//131 130//130 132//132
f 131//131 132//132 133//133
f 133//133 132//132 134//134
f 133//133 134//134 135//135
f 135//135 134//134 136//136
f 135//135 136//136 118//118
f 118//118 120//120 135//135
f 135//135 120//120 137//137
f 135//135 137//137 138//138
f 138//138 137//137 139//139
f 138//138 139//139 140//140
f 140//140 139//139 141//141
f 141//141 139//139 142//142
f 141//141 142//142 143//143
f 144//144 145//145 146//146
f 144//144 146//146 147//147
f 147//147 146//146 148//148
f 148//148 146//146 149//149
f 148//148 149//149 150//150
f 142//142 151//151 143//143
f 143//143 151//151 148//148
f 143//143 148//148 152//152
f 152//152 148//148 150//150
f 153//153 154//154 155//155
f 155//155 154//154 156//156
f 157//157 158//158 159//159
f 159//159 160//160 161//161
f 161//161 162//162 159//159
f 159//159 162//162 163//163
f 159//159 163//163 157//157
f 158//158 164//164 165//165
f 158//158 165//165 159//159
f 159//159 165//165 166//166
f 159//159 166//166 167//167
f 145//145 154//154 146//146
f 146//146 154//154 153//153
f 146//146 153//153 168//168
f 168//168 153//153 169//169
f 167//167 166//166 153//153
f 153//153 166//166 170//170
f 153//153 170//170 169//169
f 159//159 171//171 172//172
f 159//159 172//172 160//160
f 160//160 172//172 173//173
f 160//160 173//173 174//174
f 175//175 176//176 174//174
f 174//174 176//176 177//177
f 174//174 177//177 160//160
f 178//178 179//179 180//180
f 180//180 179//179 181//181
f 180//180 181//181 175//175
f 175//175 181//181 182//182
f 175//175 182//182 176//176
f 87//87 183//183 85//85
f 85//85 183//183 184//184
f 85//85 184//184 103//103
f 103//103 184//184 185//185
f 185//185 184//184 186//186
f 185//185 186//186 187//187
f 188//188 189//189 190//190
f 191//191 192//192 193//193
f 193//193 192//192 194//194
f 193//193 194//194 195//195
f 195//195 194//194 196//196
f 195//195 196//196 197//197
f 197//197 196//196 198//198
f 197//197 198//198 199//199
f 200//200 201//201 202//202
f 202//202 201//201 203//203
f 203//203 201//201 188//188
f 203//203 188//188 193//193
f 193//193 188//188 190//190
f 193//193 190//190 191//191
f 202//202 204//204 200//200
f 200//200 204//204 205//205
f 200//200 205//205 206//206
f 206//206 205//205 207//207
f 206//206 207//207 208//208
f 208//208 207//207 209//209
f 208//208 209//209 100//100
f 100//100 209//209 210//210
f 100//100 210//210 89//89
f 89//89 210//210 211//211
f 89//89 211//211 87//87
f 87//87 211//211 212//212
f 87//87 212//212 183//183
f 213//213 214//214 215//215
f 216//216 217//217 218//218
f 218//218 217//217 219//219
f 219//219 217//217 220//220
f 219//219 220//220 221//221
f 221//221 220//220 222//222
f 221//221 222//222 223//223
f 224//224 225//225 226//226
f 226//226 225//225 227//227
f 226//226 227//227 228//228
f 224//224 226//226 229//229
f 229//229 226//226 228//228
f 229//229 228//228 230//230
f 231//231 232//232 214//214
f 214//214 232//232 230//230
f 214//214 230//230 215//215
f 215//215 230//230 228//228
f 231//231 214//214 233//233
f 233//233 214//214 213//213
f 233//233 213//213 234//234
f 234//234 213//213 235//235
f 234//234 235//235 236//236
f 236//236 235//235 237//237
f 236//236 237//237 238//238
f 238//238 237//237 239//239
f 238//238 239//239 240//240
f 239//239 241//241 240//240
f 240//240 241//241 242//242
f 240//240 242//242 243//243
f 243//243 242//242 244//244
f 243//243 244//244 245//245
f 245//245 244//244 246//246
f 245//245 246//246 247//247
f 247//247 246//246 248//248
f 246//246 249//249 248//248
f 248//248 249//249 250//250
f 248//248 250//250 251//251
f 250//250 252//252 251//251
f 251//251 252//252 253//253
f 251//251 253//253 254//254
f 254//254 253//253 255//255
f 254//254 255//255 256//256
f 256//256 255//255 257//257
f 256//256 257//257 258//258
f 258//258 257//257 259//259
f 258//258 259//259 260//260
f 261//261 262//262 263//263
f 263//263 262//262 264//264
f 263//263 264//264 265//265
f 266//266 267//267 268//268
f 268//268 267//267 269//269
f 268//268 269//269 261//261
f 267//267 270//270 271//271
f 271//271 272//272 267//267
f 267//267 272//272 273//273
f 267//267 273//273 269//269
f 266//266 268//268 274//274
f 274//274 268//268 261//261
f 274//274 261//261 275//275
f 275//275 261//261 263//263
f 275//275 263//263 276//276
f 276//276 263//263 265//265
f 276//276 265//265 260//260
f 260//260 265//265 264//264
f 260//260 264//264 258//258
f 225//225 223//223 227//227
f 227//227 223//223 222//222
f 227//227 222//222 277//277
f 277//277 222//222 220//220
f 278//278 279//279 280//280
f 280//280 279//279 281//281
f 280//280 281//281 282//282
f 282//282 281//281 283//283
f 282//282 283//283 284//284
f 284//284 283//283 285//285
f 286//286 287//287 288//288
f 288//288 287//287 289//289
f 290//290 291//291 292//292
f 292//292 291//291 293//293
f 289//289 287//287 294//294
f 294//294 287//287 295//295
f 294//294 295//295 293//293
f 296//296 297//297 292//292
f 292//292 297//297 298//298
f 292//292 298//298 290//290
f 293//293 295//295 292//292
f 292//292 295//295 299//299
f 292//292 299//299 296//296
f 278//278 280//280 288//288
f 288//288 280//280 300//300
f 288//288 300//300 286//286
f 286//286 300//300 301//301
f 286//286 301//301 287//287
f 287//287 301//301 302//302
f 287//287 302//302 295//295
f 295//295 302//302 303//303
f 295//295 303//303 299//299
f 304//304 305//305 306//306
f 307//307 308//308 309//309
f 216//216 310//310 311//311
f 311//311 310//310 312//312
f 313//313 314//314 315//315
f 316//316 190//190 189//189
f 316//316 317//317 190//190
f 190//190 317//317 318//318
f 190//190 318//318 191//191
f 191//191 318//318 192//192
f 319//319 320//320 321//321
f 321//321 320//320 322//322
f 323//323 324//324 316//316
f 323//323 316//316 325//325
f 324//324 326//326 316//316
f 316//316 326//326 327//327
f 316//316 327//327 317//317
f 317//317 327//327 328//328
f 317//317 328//328 318//318
f 318//318 328//328 329//329
f 318//318 329//329 192//192
f 192//192 329//329 194//194
f 313//313 330//330 314//314
f 314//314 330//330 331//331
f 314//314 331//331 315//315
f 331//331 332//332 315//315
f 315//315 332//332 306//306
f 315//315 306//306 333//333
f 333//333 306//306 305//305
f 333//333 305//305 334//334
f 334//334 305//305 304//304
f 334//334 304//304 335//335
f 335//335 304//304 309//309
f 335//335 309//309 336//336
f 336//336 309//309 308//308
f 336//336 308//308 312//312
f 312//312 308//308 307//307
f 312//312 307//307 311//311
f 189//189 337//337 316//316
f 316//316 337//337 321//321
f 316//316 321//321 325//325
f 325//325 321//321 322//322
f 313//313 338//338 330//330
f 330//330 338//338 319//319
f 330//330 319//319 339//339
f 339//339 319//319 321//321
f 339//339 321//321 340//340
f 340//340 321//321 337//337
f 341//341 342//342 343//343
f 343//343 342//342 344//344
f 288//288 289//289 345//345
f 346//346 347//347 348//348
f 348//348 270//270 346//346
f 346//346 270//270 285//285
f 346//346 285//285 283//283
f 283//283 281//281 346//346
f 346//346 281//281 279//279
f 346//346 279//279 278//278
f 278//278 288//288 346//346
f 346//346 288//288 345//345
f 346//346 345//345 349//349
f 344//344 342//342 345//345
f 345//345 342//342 350//350
f 345//345 350//350 349//349
f 343//343 351//351 341//341
f 341//341 351//351 352//352
f 341//341 352//352 353//353
f 352//352 354//354 353//353
f 353//353 354//354 355//355
f 353//353 355//355 356//356
f 357//357 358//358 359//359
f 359//359 358//358 360//360
f 360//360 358//358 361//361
f 360//360 361//361 362//362
f 362//362 361//361 363//363
f 362//362 363//363 364//364
f 364//364 363//363 365//365
f 364//364 365//365 366//366
f 366//366 365//365 367//367
f 366//366 367//367 368//368
f 369//369 370//370 371//371
f 371//371 370//370 372//372
f 371//371 372//372 373//373
f 373//373 372//372 368//368
f 373//373 368//368 374//374
f 374//374 368//368 367//367
f 359//359 375//375 357//357
f 357//357 375//375 376//376
f 357//357 376//376 377//377
f 377//377 376//376 378//378
f 377//377 378//378 379//379
f 379//379 378//378 380//380
f 379//379 380//380 381//381
f 382//382 383//383 384//384
f 385//385 382//382 386//386
f 386//386 382//382 384//384
f 386//386 384//384 387//387
f 387//387 384//384 388//388
f 103//103 185//185 389//389
f 187//187 383//383 390//390
f 390//390 383//383 391//391
f 390//390 391//391 385//385
f 103//103 389//389 101//101
f 101//101 389//389 392//392
f 101//101 392//392 393//393
f 185//185 187//187 389//389
f 389//389 187//187 390//390
f 389//389 390//390 392//392
f 392//392 390//390 394//394
f 395//395 396//396 397//397
f 398//398 114//114 113//113
f 399//399 400//400 401//401
f 401//401 400//400 402//402
f 403//403 122//122 116//116
f 404//404 396//396 405//405
f 405//405 396//396 395//395
f 405//405 395//395 406//406
f 404//404 407//407 396//396
f 396//396 407//407 399//399
f 396//396 399//399 397//397
f 397//397 399//399 401//401
f 397//397 401//401 408//408
f 409//409 410//410 411//411
f 411//411 410//410 412//412
f 413//413 414//414 415//415
f 413//413 415//415 416//416
f 416//416 415//415 417//417
f 416//416 417//417 412//412
f 412//412 417//417 418//418
f 412//412 418//418 411//411
f 116//116 114//114 419//419
f 419//419 114//114 398//398
f 419//419 398//398 410//410
f 410//410 398//398 113//113
f 410//410 113//113 412//412
f 412//412 113//113 108//108
f 412//412 108//108 416//416
f 416//416 108//108 110//110
f 416//416 110//110 413//413
f 414//414 413//413 420//420
f 420//420 413//413 421//421
f 420//420 421//421 422//422
f 110//110 109//109 413//413
f 413//413 109//109 105//105
f 413//413 105//105 421//421
f 421//421 105//105 104//104
f 421//421 104//104 102//102
f 402//402 403//403 401//401
f 401//401 403//403 116//116
f 401//401 116//116 408//408
f 408//408 116//116 419//419
f 408//408 419//419 397//397
f 397//397 419//419 410//410
f 397//397 410//410 395//395
f 395//395 410//410 409//409
f 395//395 409//409 406//406
f 406//406 409//409 411//411
f 102//102 101//101 421//421
f 421//421 101//101 393//393
f 421//421 393//393 422//422
f 423//423 424//424 425//425
f 426//426 427//427 388//388
f 384//384 383//383 187//187
f 424//424 426//426 425//425
f 425//425 426//426 388//388
f 425//425 388//388 428//428
f 428//428 388//388 384//384
f 428//428 384//384 429//429
f 429//429 384//384 187//187
f 184//184 183//183 430//430
f 431//431 432//432 433//433
f 433//433 432//432 434//434
f 433//433 434//434 435//435
f 435//435 434//434 430//430
f 435//435 430//430 436//436
f 436//436 430//430 183//183
f 436//436 183//183 212//212
f 431//431 437//437 432//432
f 432//432 437//437 438//438
f 432//432 438//438 434//434
f 434//434 438//438 439//439
f 434//434 439//439 430//430
f 430//430 439//439 440//440
f 430//430 440//440 184//184
f 184//184 440//440 186//186
f 437//437 423//423 438//438
f 438//438 423//423 425//425
f 438//438 425//425 439//439
f 439//439 425//425 428//428
f 439//439 428//428 440//440
f 440//440 428//428 429//429
f 440//440 429//429 186//186
f 186//186 429//429 187//187
f 441//441 442//442 443//443
f 443//443 442//442 156//156
f 443//443 156//156 154//154
f 444//444 445//445 446//446
f 155//155 156//156 447//447
f 447//447 156//156 448//448
f 447//447 448//448 449//449
f 449//449 448//448 444//444
f 449//449 444//444 450//450
f 450//450 444//444 446//446
f 156//156 442//442 448//448
f 448//448 442//442 451//451
f 448//448 451//451 444//444
f 444//444 451//451 452//452
f 453//453 454//454 455//455
f 456//456 457//457 458//458
f 458//458 457//457 459//459
f 460//460 461//461 462//462
f 119//119 463//463 120//120
f 120//120 463//463 464//464
f 120//120 464//464 137//137
f 460//460 465//465 466//466
f 463//463 467//467 464//464
f 464//464 467//467 461//461
f 464//464 461//461 468//468
f 468//468 461//461 460//460
f 468//468 460//460 469//469
f 469//469 460//460 466//466
f 470//470 465//465 458//458
f 458//458 465//465 460//460
f 458//458 460//460 456//456
f 456//456 460//460 462//462
f 456//456 462//462 457//457
f 455//455 454//454 471//471
f 471//471 454//454 472//472
f 471//471 472//472 473//473
f 473//473 472//472 474//474
f 473//473 474//474 443//443
f 443//443 474//474 475//475
f 443//443 475//475 441//441
f 147//147 455//455 144//144
f 144//144 455//455 471//471
f 144//144 471//471 145//145
f 145//145 471//471 473//473
f 145//145 473//473 154//154
f 154//154 473//473 443//443
f 137//137 464//464 139//139
f 139//139 464//464 468//468
f 139//139 468//468 142//142
f 142//142 468//468 469//469
f 142//142 469//469 151//151
f 151//151 469//469 466//466
f 151//151 466//466 148//148
f 459//459 476//476 458//458
f 458//458 476//476 477//477
f 458//458 477//477 470//470
f 470//470 477//477 453//453
f 470//470 453//453 465//465
f 465//465 453//453 455//455
f 465//465 455//455 466//466
f 466//466 455//455 147//147
f 466//466 147//147 148//148
f 404//404 405//405 478//478
f 479//479 480//480 481//481
f 124//124 482//482 126//126
f 126//126 482//482 483//483
f 479//479 481//481 483//483
f 483//483 481//481 126//126
f 126//126 481//481 484//484
f 126//126 484//484 128//128
f 484//484 485//485 128//128
f 128//128 485//485 486//486
f 128//128 486//486 130//130
f 486//486 487//487 130//130
f 130//130 487//487 488//488
f 130//130 488//488 132//132
f 489//489 490//490 491//491
f 488//488 492//492 132//132
f 132//132 492//492 493//493
f 132//132 493//493 134//134
f 134//134 493//493 489//489
f 134//134 489//489 136//136
f 136//136 489//489 491//491
f 136//136 491//491 118//118
f 118//118 491//491 494//494
f 118//118 494//494 119//119
f 476//476 459//459 495//495
f 495//495 459//459 457//457
f 495//495 457//457 462//462
f 462//462 461//461 495//495
f 495//495 461//461 467//467
f 495//495 467//467 494//494
f 494//494 467//467 463//463
f 494//494 463//463 119//119
f 400//400 399//399 478//478
f 478//478 399//399 407//407
f 478//478 407//407 404//404
f 124//124 122//122 482//482
f 482//482 122//122 403//403
f 482//482 403//403 478//478
f 478//478 403//403 402//402
f 478//478 402//402 400//400
f 298//298 297//297 496//496
f 497//497 498//498 499//499
f 497//497 499//499 500//500
f 290//290 501//501 502//502
f 502//502 501//501 500//500
f 502//502 500//500 503//503
f 503//503 500//500 499//499
f 504//504 505//505 506//506
f 506//506 505//505 171//171
f 506//506 171//171 507//507
f 507//507 171//171 159//159
f 507//507 159//159 508//508
f 508//508 159//159 167//167
f 509//509 510//510 167//167
f 167//167 510//510 511//511
f 167//167 511//511 508//508
f 167//167 153//153 509//509
f 509//509 153//153 155//155
f 509//509 155//155 512//512
f 512//512 155//155 447//447
f 512//512 447//447 449//449
f 290//290 298//298 501//501
f 501//501 298//298 496//496
f 501//501 496//496 513//513
f 513//513 496//496 514//514
f 506//506 515//515 504//504
f 504//504 515//515 516//516
f 504//504 516//516 517//517
f 517//517 516//516 518//518
f 517//517 518//518 514//514
f 514//514 518//518 519//519
f 514//514 519//519 513//513
f 450//450 520//520 449//449
f 449//449 520//520 521//521
f 449//449 521//521 512//512
f 522//522 511//511 523//523
f 523//523 511//511 510//510
f 524//524 522//522 525//525
f 525//525 522//522 523//523
f 525//525 523//523 526//526
f 526//526 523//523 510//510
f 526//526 510//510 509//509
f 527//527 528//528 529//529
f 529//529 528//528 530//530
f 529//529 530//530 531//531
f 520//520 527//527 521//521
f 521//521 527//527 529//529
f 521//521 529//529 532//532
f 532//532 529//529 531//531
f 532//532 531//531 533//533
f 534//534 524//524 533//533
f 533//533 524//524 525//525
f 533//533 525//525 532//532
f 532//532 525//525 526//526
f 532//532 526//526 521//521
f 521//521 526//526 509//509
f 521//521 509//509 512//512
f 535//535 534//534 536//536
f 536//536 534//534 533//533
f 536//536 533//533 537//537
f 537//537 533//533 531//531
f 537//537 531//531 538//538
f 538//538 531//531 530//530
f 538//538 530//530 539//539
f 539//539 530//530 528//528
f 539//539 528//528 540//540
f 541//541 542//542 543//543
f 544//544 545//545 546//546
f 544//544 547//547 548//548
f 544//544 548//548 549//549
f 549//549 548//548 550//550
f 549//549 550//550 551//551
f 551//551 550//550 552//552
f 551//551 552//552 553//553
f 553//553 552//552 444//444
f 553//553 444//444 452//452
f 554//554 528//528 555//555
f 556//556 540//540 528//528
f 528//528 554//554 556//556
f 556//556 554//554 557//557
f 556//556 557//557 558//558
f 558//558 557//557 559//559
f 559//559 557//557 560//560
f 559//559 560//560 561//561
f 561//561 560//560 562//562
f 562//562 560//560 543//543
f 562//562 543//543 563//563
f 563//563 543//543 542//542
f 563//563 542//542 564//564
f 565//565 566//566 567//567
f 567//567 566//566 541//541
f 544//544 546//546 547//547
f 547//547 546//546 568//568
f 547//547 568//568 565//565
f 565//565 567//567 547//547
f 547//547 567//567 569//569
f 547//547 569//569 548//548
f 548//548 569//569 570//570
f 548//548 570//570 550//550
f 550//550 570//570 571//571
f 550//550 571//571 552//552
f 552//552 571//571 445//445
f 552//552 445//445 444//444
f 541//541 543//543 567//567
f 567//567 543//543 560//560
f 567//567 560//560 569//569
f 569//569 560//560 557//557
f 569//569 557//557 570//570
f 570//570 557//557 554//554
f 570//570 554//554 571//571
f 571//571 554//554 555//555
f 571//571 555//555 445//445
f 535//535 536//536 572//572
f 572//572 536//536 573//573
f 573//573 536//536 537//537
f 573//573 537//537 574//574
f 575//575 576//576 577//577
f 577//577 576//576 535//535
f 577//577 535//535 578//578
f 578//578 535//535 572//572
f 574//574 537//537 579//579
f 579//579 537//537 538//538
f 579//579 538//538 580//580
f 580//580 538//538 539//539
f 580//580 539//539 581//581
f 581//581 539//539 540//540
f 581//581 540//540 582//582
f 582//582 540//540 556//556
f 582//582 556//556 583//583
f 583//583 556//556 558//558
f 583//583 558//558 584//584
f 584//584 558//558 559//559
f 584//584 559//559 585//585
f 585//585 559//559 561//561
f 585//585 561//561 586//586
f 564//564 587//587 563//563
f 563//563 587//587 586//586
f 563//563 586//586 562//562
f 562//562 586//586 561//561
f 49//49 54//54 56//56
f 56//56 588//588 49//49
f 49//49 588//588 589//589
f 49//49 589//589 48//48
f 590//590 591//591 592//592
f 592//592 591//591 588//588
f 592//592 588//588 593//593
f 593//593 588//588 56//56
f 594//594 595//595 596//596
f 596//596 595//595 597//597
f 596//596 597//597 598//598
f 598//598 597//597 599//599
f 598//598 599//599 600//600
f 596//596 601//601 594//594
f 594//594 601//601 602//602
f 594//594 602//602 603//603
f 604//604 605//605 606//606
f 606//606 605//605 603//603
f 606//606 603//603 607//607
f 607//607 603//603 602//602
f 607//607 602//602 608//608
f 609//609 610//610 606//606
f 606//606 610//610 611//611
f 606//606 611//611 604//604
f 612//612 613//613 614//614
f 615//615 616//616 613//613
f 613//613 616//616 617//617
f 613//613 617//617 614//614
f 618//618 619//619 620//620
f 620//620 619//619 615//615
f 620//620 615//615 621//621
f 621//621 615//615 613//613
f 608//608 602//602 622//622
f 622//622 602//602 601//601
f 596//596 598//598 601//601
f 601//601 598//598 612//612
f 601//601 612//612 622//622
f 622//622 612//612 614//614
f 623//623 624//624 625//625
f 623//623 625//625 619//619
f 619//619 625//625 626//626
f 619//619 626//626 615//615
f 627//627 628//628 629//629
f 630//630 631//631 632//632
f 633//633 634//634 635//635
f 17//17 18//18 636//636
f 637//637 638//638 639//639
f 640//640 641//641 642//642
f 643//643 644//644 645//645
f 646//646 647//647 648//648
f 649//649 650//650 651//651
f 652//652 653//653 654//654
f 606//606 607//607 654//654
f 654//654 607//607 608//608
f 654//654 608//608 652//652
f 655//655 649//649 656//656
f 656//656 649//649 651//651
f 656//656 651//651 657//657
f 657//657 651//651 658//658
f 659//659 660//660 661//661
f 661//661 660//660 662//662
f 663//663 664//664 665//665
f 665//665 664//664 666//666
f 665//665 666//666 662//662
f 662//662 666//666 667//667
f 662//662 667//667 661//661
f 639//639 48//48 637//637
f 637//637 48//48 589//589
f 637//637 589//589 588//588
f 668//668 669//669 670//670
f 670//670 669//669 671//671
f 670//670 671//671 639//639
f 639//639 671//671 672//672
f 639//639 672//672 48//48
f 17//17 636//636 16//16
f 7//7 673//673 3//3
f 3//3 673//673 674//674
f 7//7 6//6 673//673
f 673//673 6//6 5//5
f 673//673 5//5 15//15
f 675//675 676//676 677//677
f 677//677 676//676 678//678
f 677//677 678//678 679//679
f 679//679 678//678 680//680
f 679//679 680//680 1//1
f 681//681 682//682 675//675
f 675//675 682//682 683//683
f 675//675 683//683 676//676
f 633//633 635//635 684//684
f 630//630 685//685 686//686
f 685//685 630//630 687//687
f 688//688 689//689 690//690
f 691//691 692//692 693//693
f 691//691 693//693 694//694
f 693//693 695//695 694//694
f 694//694 695//695 652//652
f 694//694 652//652 696//696
f 696//696 652//652 608//608
f 697//697 673//673 636//636
f 636//636 673//673 15//15
f 636//636 15//15 16//16
f 698//698 697//697 699//699
f 699//699 697//697 636//636
f 699//699 636//636 700//700
f 700//700 636//636 18//18
f 700//700 18//18 668//668
f 668//668 18//18 701//701
f 668//668 701//701 669//669
f 641//641 663//663 642//642
f 642//642 663//663 665//665
f 642//642 665//665 702//702
f 698//698 703//703 697//697
f 697//697 703//703 704//704
f 697//697 704//704 673//673
f 673//673 704//704 679//679
f 673//673 679//679 674//674
f 674//674 679//679 1//1
f 674//674 1//1 3//3
f 702//702 665//665 705//705
f 705//705 665//665 662//662
f 705//705 662//662 706//706
f 706//706 662//662 660//660
f 706//706 660//660 707//707
f 708//708 640//640 709//709
f 709//709 640//640 642//642
f 709//709 642//642 703//703
f 703//703 642//642 702//702
f 703//703 702//702 704//704
f 704//704 702//702 705//705
f 704//704 705//705 679//679
f 679//679 705//705 706//706
f 679//679 706//706 677//677
f 677//677 706//706 707//707
f 677//677 707//707 675//675
f 675//675 707//707 635//635
f 675//675 635//635 681//681
f 681//681 635//635 634//634
f 690//690 687//687 688//688
f 688//688 687//687 630//630
f 688//688 630//630 710//710
f 710//710 630//630 632//632
f 710//710 632//632 711//711
f 711//711 632//632 712//712
f 711//711 712//712 648//648
f 648//648 712//712 645//645
f 648//648 645//645 646//646
f 646//646 645//645 644//644
f 659//659 643//643 660//660
f 660//660 643//643 645//645
f 660//660 645//645 707//707
f 707//707 645//645 712//712
f 707//707 712//712 635//635
f 635//635 712//712 632//632
f 635//635 632//632 684//684
f 684//684 632//632 631//631
f 684//684 631//631 713//713
f 713//713 631//631 630//630
f 713//713 630//630 714//714
f 714//714 630//630 686//686
f 650//650 715//715 651//651
f 651//651 715//715 716//716
f 651//651 716//716 717//717
f 717//717 716//716 718//718
f 717//717 718//718 627//627
f 627//627 718//718 719//719
f 627//627 719//719 628//628
f 647//647 658//658 648//648
f 648//648 658//658 651//651
f 648//648 651//651 711//711
f 711//711 651//651 717//717
f 711//711 717//717 710//710
f 710//710 717//717 627//627
f 710//710 627//627 688//688
f 688//688 627//627 629//629
f 688//688 629//629 689//689
f 689//689 629//629 692//692
f 689//689 692//692 720//720
f 720//720 692//692 691//691
f 56//56 55//55 721//721
f 722//722 638//638 637//637
f 590//590 592//592 721//721
f 721//721 592//592 593//593
f 721//721 593//593 56//56
f 588//588 591//591 723//723
f 723//723 591//591 590//590
f 723//723 590//590 724//724
f 724//724 590//590 721//721
f 55//55 59//59 725//725
f 55//55 725//725 721//721
f 721//721 725//725 726//726
f 721//721 726//726 724//724
f 724//724 726//726 722//722
f 724//724 722//722 723//723
f 723//723 722//722 637//637
f 723//723 637//637 588//588
f 691//691 727//727 720//720
f 720//720 727//727 689//689
f 691//691 694//694 727//727
f 727//727 694//694 696//696
f 727//727 696//696 622//622
f 622//622 696//696 608//608
f 728//728 729//729 730//730
f 730//730 729//729 731//731
f 732//732 733//733 734//734
f 734//734 733//733 735//735
f 734//734 735//735 731//731
f 731//731 735//735 736//736
f 731//731 736//736 730//730
f 686//686 685//685 737//737
f 737//737 685//685 687//687
f 737//737 687//687 738//738
f 738//738 727//727 739//739
f 739//739 727//727 740//740
f 739//739 740//740 732//732
f 732//732 740//740 741//741
f 732//732 741//741 733//733
f 738//738 687//687 727//727
f 727//727 687//687 690//690
f 727//727 690//690 689//689
f 737//737 742//742 686//686
f 686//686 742//742 743//743
f 686//686 743//743 714//714
f 714//714 743//743 744//744
f 714//714 744//744 713//713
f 713//713 744//744 684//684
f 617//617 741//741 614//614
f 614//614 741//741 740//740
f 614//614 740//740 622//622
f 622//622 740//740 727//727
f 741//741 617//617 733//733
f 733//733 617//617 616//616
f 625//625 745//745 626//626
f 626//626 745//745 615//615
f 736//736 735//735 746//746
f 746//746 735//735 733//733
f 746//746 733//733 745//745
f 745//745 733//733 616//616
f 745//745 616//616 615//615
f 625//625 624//624 745//745
f 745//745 624//624 728//728
f 745//745 728//728 746//746
f 746//746 728//728 730//730
f 746//746 730//730 736//736
f 671//671 8//8 672//672
f 672//672 8//8 42//42
f 672//672 42//42 48//48
f 671//671 669//669 8//8
f 8//8 669//669 701//701
f 8//8 701//701 18//18
f 42//42 8//8 10//10
f 27//27 45//45 10//10
f 10//10 45//45 44//44
f 10//10 44//44 42//42
f 747//747 23//23 22//22
f 748//748 26//26 747//747
f 747//747 26//26 24//24
f 747//747 24//24 23//23
f 34//34 35//35 748//748
f 748//748 35//35 38//38
f 748//748 38//38 26//26
f 26//26 38//38 45//45
f 26//26 45//45 27//27
f 22//22 20//20 747//747
f 747//747 20//20 33//33
f 747//747 33//33 748//748
f 748//748 33//33 32//32
f 748//748 32//32 34//34
f 20//20 19//19 33//33
f 33//33 19//19 29//29
f 619//619 618//618 623//623
f 623//623 618//618 749//749
f 623//623 749//749 729//729
f 729//729 749//749 734//734
f 729//729 734//734 731//731
f 624//624 623//623 728//728
f 728//728 623//623 729//729
f 750//750 634//634 751//751
f 751//751 634//634 633//633
f 751//751 633//633 752//752
f 752//752 633//633 684//684
f 752//752 684//684 744//744
f 2//2 1//1 753//753
f 753//753 1//1 680//680
f 753//753 680//680 754//754
f 754//754 680//680 678//678
f 754//754 678//678 755//755
f 755//755 678//678 676//676
f 755//755 676//676 756//756
f 676//676 683//683 756//756
f 756//756 683//683 682//682
f 756//756 682//682 750//750
f 750//750 682//682 681//681
f 750//750 681//681 634//634
f 757//757 758//758 759//759
f 757//757 759//759 760//760
f 760//760 759//759 761//761
f 760//760 761//761 762//762
f 763//763 764//764 765//765
f 766//766 767//767 765//765
f 768//768 769//769 770//770
f 769//769 768//768 490//490
f 490//490 771//771 769//769
f 769//769 771//771 772//772
f 769//769 772//772 770//770
f 770//770 772//772 773//773
f 770//770 773//773 774//774
f 774//774 773//773 775//775
f 766//766 765//765 776//776
f 776//776 765//765 764//764
f 776//776 764//764 777//777
f 766//766 768//768 767//767
f 767//767 768//768 770//770
f 767//767 770//770 765//765
f 765//765 770//770 774//774
f 765//765 774//774 763//763
f 763//763 774//774 775//775
f 778//778 779//779 780//780
f 779//779 778//778 781//781
f 782//782 783//783 784//784
f 785//785 786//786 787//787
f 787//787 786//786 782//782
f 787//787 782//782 788//788
f 788//788 782//782 784//784
f 480//480 789//789 790//790
f 790//790 789//789 781//781
f 790//790 781//781 791//791
f 791//791 781//781 778//778
f 791//791 778//778 792//792
f 784//784 780//780 788//788
f 788//788 780//780 779//779
f 788//788 779//779 787//787
f 787//787 779//779 781//781
f 787//787 781//781 785//785
f 785//785 781//781 789//789
f 785//785 789//789 793//793
f 793//793 789//789 480//480
f 771//771 490//490 794//794
f 794//794 490//490 489//489
f 794//794 489//489 795//795
f 795//795 489//489 493//493
f 795//795 493//493 796//796
f 480//480 790//790 481//481
f 481//481 790//790 797//797
f 481//481 797//797 484//484
f 484//484 797//797 798//798
f 484//484 798//798 485//485
f 485//485 798//798 799//799
f 485//485 799//799 486//486
f 486//486 799//799 800//800
f 486//486 800//800 487//487
f 487//487 800//800 801//801
f 487//487 801//801 488//488
f 488//488 801//801 802//802
f 488//488 802//802 492//492
f 772//772 771//771 803//803
f 803//803 771//771 794//794
f 803//803 794//794 804//804
f 804//804 794//794 795//795
f 804//804 795//795 805//805
f 805//805 795//795 796//796
f 805//805 796//796 806//806
f 790//790 791//791 797//797
f 797//797 791//791 807//807
f 797//797 807//807 798//798
f 798//798 807//807 808//808
f 798//798 808//808 799//799
f 799//799 808//808 809//809
f 799//799 809//809 800//800
f 800//800 809//809 810//810
f 800//800 810//810 801//801
f 801//801 810//810 811//811
f 801//801 811//811 802//802
f 773//773 772//772 812//812
f 812//812 772//772 803//803
f 812//812 803//803 813//813
f 813//813 803//803 804//804
f 813//813 804//804 814//814
f 814//814 804//804 805//805
f 814//814 805//805 815//815
f 815//815 805//805 806//806
f 815//815 806//806 816//816
f 791//791 792//792 807//807
f 807//807 792//792 817//817
f 807//807 817//817 808//808
f 808//808 817//817 818//818
f 808//808 818//818 809//809
f 809//809 818//818 819//819
f 809//809 819//819 810//810
f 810//810 819//819 816//816
f 810//810 816//816 811//811
f 811//811 816//816 806//806
f 811//811 806//806 802//802
f 802//802 806//806 796//796
f 802//802 796//796 492//492
f 492//492 796//796 493//493
f 762//762 820//820 821//821
f 762//762 821//821 760//760
f 760//760 821//821 822//822
f 760//760 822//822 757//757
f 757//757 822//822 758//758
f 758//758 822//822 823//823
f 758//758 823//823 824//824
f 825//825 824//824 826//826
f 826//826 824//824 823//823
f 826//826 823//823 773//773
f 773//773 823//823 775//775
f 775//775 823//823 822//822
f 775//775 822//822 763//763
f 763//763 822//822 821//821
f 763//763 821//821 764//764
f 764//764 821//821 820//820
f 764//764 820//820 777//777
f 827//827 762//762 828//828
f 828//828 762//762 761//761
f 793//793 480//480 479//479
f 478//478 829//829 482//482
f 482//482 829//829 793//793
f 482//482 793//793 483//483
f 483//483 793//793 479//479
f 420//420 422//422 414//414
f 414//414 422//422 830//830
f 414//414 830//830 415//415
f 418//418 417//417 831//831
f 831//831 417//417 832//832
f 831//831 832//832 833//833
f 833//833 832//832 834//834
f 478//478 405//405 829//829
f 829//829 405//405 406//406
f 829//829 406//406 835//835
f 835//835 406//406 411//411
f 835//835 411//411 418//418
f 418//418 831//831 835//835
f 835//835 831//831 833//833
f 835//835 833//833 829//829
f 829//829 833//833 785//785
f 829//829 785//785 793//793
f 830//830 836//836 782//782
f 836//836 837//837 782//782
f 782//782 837//837 838//838
f 782//782 838//838 783//783
f 417//417 415//415 832//832
f 832//832 415//415 830//830
f 832//832 830//830 834//834
f 834//834 830//830 782//782
f 834//834 782//782 833//833
f 833//833 782//782 786//786
f 833//833 786//786 785//785
f 839//839 840//840 841//841
f 842//842 843//843 844//844
f 842//842 844//844 845//845
f 845//845 844//844 846//846
f 845//845 846//846 841//841
f 847//847 846//846 848//848
f 848//848 846//846 844//844
f 848//848 844//844 849//849
f 849//849 844//844 843//843
f 849//849 843//843 850//850
f 841//841 846//846 839//839
f 839//839 846//846 847//847
f 839//839 847//847 851//851
f 851//851 847//847 852//852
f 851//851 852//852 853//853
f 840//840 839//839 854//854
f 854//854 839//839 851//851
f 854//854 851//851 855//855
f 855//855 851//851 853//853
f 855//855 853//853 856//856
f 857//857 858//858 859//859
f 575//575 577//577 860//860
f 575//575 860//860 861//861
f 861//861 860//860 862//862
f 861//861 862//862 859//859
f 863//863 862//862 864//864
f 864//864 862//862 860//860
f 864//864 860//860 865//865
f 865//865 860//860 577//577
f 865//865 577//577 578//578
f 859//859 862//862 857//857
f 857//857 862//862 863//863
f 857//857 863//863 866//866
f 866//866 863//863 867//867
f 866//866 867//867 868//868
f 858//858 857//857 869//869
f 869//869 857//857 866//866
f 869//869 866//866 870//870
f 870//870 866//866 868//868
f 870//870 868//868 871//871
f 872//872 863//863 864//864
f 572//572 573//573 873//873
f 584//584 585//585 874//874
f 874//874 585//585 586//586
f 874//874 586//586 875//875
f 875//875 586//586 587//587
f 584//584 874//874 583//583
f 583//583 874//874 876//876
f 583//583 876//876 582//582
f 582//582 876//876 877//877
f 582//582 877//877 581//581
f 581//581 877//877 878//878
f 581//581 878//878 580//580
f 580//580 878//878 879//879
f 580//580 879//879 579//579
f 873//873 573//573 879//879
f 879//879 573//573 574//574
f 879//879 574//574 579//579
f 880//880 881//881 882//882
f 882//882 881//881 883//883
f 882//882 883//883 884//884
f 884//884 883//883 885//885
f 884//884 885//885 886//886
f 886//886 885//885 887//887
f 886//886 887//887 872//872
f 872//872 887//887 867//867
f 872//872 867//867 863//863
f 888//888 889//889 880//880
f 880//880 889//889 890//890
f 880//880 890//890 881//881
f 891//891 892//892 893//893
f 893//893 892//892 894//894
f 880//880 895//895 888//888
f 888//888 895//895 893//893
f 888//888 893//893 896//896
f 896//896 893//893 894//894
f 896//896 894//894 897//897
f 898//898 899//899 891//891
f 587//587 900//900 875//875
f 875//875 900//900 901//901
f 875//875 901//901 902//902
f 578//578 572//572 865//865
f 865//865 572//572 873//873
f 865//865 873//873 903//903
f 903//903 873//873 879//879
f 903//903 879//879 904//904
f 904//904 879//879 878//878
f 904//904 878//878 905//905
f 905//905 878//878 877//877
f 905//905 877//877 906//906
f 906//906 877//877 876//876
f 906//906 876//876 907//907
f 907//907 876//876 874//874
f 907//907 874//874 908//908
f 908//908 874//874 875//875
f 908//908 875//875 898//898
f 898//898 875//875 902//902
f 898//898 902//902 899//899
f 891//891 893//893 898//898
f 898//898 893//893 895//895
f 898//898 895//895 908//908
f 908//908 895//895 880//880
f 908//908 880//880 907//907
f 907//907 880//880 882//882
f 907//907 882//882 906//906
f 906//906 882//882 884//884
f 906//906 884//884 905//905
f 905//905 884//884 886//886
f 905//905 886//886 904//904
f 904//904 886//886 872//872
f 904//904 872//872 903//903
f 903//903 872//872 864//864
f 903//903 864//864 865//865
f 491//491 490//490 768//768
f 453//453 477//477 909//909
f 909//909 477//477 476//476
f 909//909 476//476 495//495
f 453//453 909//909 454//454
f 454//454 909//909 910//910
f 454//454 910//910 472//472
f 472//472 910//910 911//911
f 472//472 911//911 474//474
f 474//474 911//911 475//475
f 475//475 911//911 912//912
f 475//475 912//912 441//441
f 491//491 768//768 494//494
f 913//913 768//768 766//766
f 776//776 777//777 914//914
f 913//913 766//766 915//915
f 915//915 766//766 776//776
f 915//915 776//776 916//916
f 916//916 776//776 914//914
f 916//916 914//914 917//917
f 494//494 768//768 495//495
f 495//495 768//768 913//913
f 495//495 913//913 909//909
f 909//909 913//913 915//915
f 909//909 915//915 910//910
f 910//910 915//915 916//916
f 910//910 916//916 911//911
f 911//911 916//916 917//917
f 911//911 917//917 912//912
f 827//827 545//545 762//762
f 762//762 545//545 544//544
f 762//762 544//544 820//820
f 551//551 553//553 914//914
f 544//544 549//549 820//820
f 820//820 549//549 551//551
f 820//820 551//551 777//777
f 777//777 551//551 914//914
f 553//553 452//452 914//914
f 914//914 452//452 451//451
f 914//914 451//451 917//917
f 442//442 441//441 451//451
f 451//451 441//441 912//912
f 451//451 912//912 917//917
f 918//918 919//919 920//920
f 918//918 920//920 921//921
f 921//921 920//920 922//922
f 921//921 922//922 923//923
f 923//923 922//922 924//924
f 923//923 924//924 925//925
f 925//925 924//924 926//926
f 925//925 926//926 927//927
f 212//212 918//918 921//921
f 212//212 921//921 436//436
f 436//436 921//921 923//923
f 436//436 923//923 435//435
f 435//435 923//923 925//925
f 435//435 925//925 433//433
f 433//433 925//925 927//927
f 433//433 927//927 431//431
f 928//928 929//929 930//930
f 928//928 930//930 931//931
f 931//931 930//930 932//932
f 931//931 932//932 933//933
f 933//933 932//932 934//934
f 933//933 934//934 935//935
f 935//935 934//934 576//576
f 935//935 576//576 936//936
f 937//937 445//445 555//555
f 450//450 937//937 520//520
f 520//520 937//937 555//555
f 520//520 555//555 527//527
f 527//527 555//555 528//528
f 929//929 511//511 522//522
f 929//929 522//522 930//930
f 930//930 522//522 524//524
f 930//930 524//524 932//932
f 932//932 524//524 534//534
f 932//932 534//534 934//934
f 934//934 534//534 535//535
f 934//934 535//535 576//576
f 938//938 939//939 940//940
f 938//938 940//940 850//850
f 941//941 942//942 943//943
f 943//943 942//942 944//944
f 939//939 945//945 946//946
f 850//850 940//940 849//849
f 849//849 940//940 947//947
f 849//849 947//947 848//848
f 848//848 947//947 943//943
f 848//848 943//943 847//847
f 847//847 943//943 944//944
f 847//847 944//944 852//852
f 948//948 949//949 950//950
f 939//939 946//946 940//940
f 940//940 946//946 951//951
f 940//940 951//951 947//947
f 947//947 951//951 948//948
f 947//947 948//948 943//943
f 943//943 948//948 950//950
f 943//943 950//950 941//941
f 952//952 953//953 945//945
f 945//945 939//939 952//952
f 952//952 939//939 938//938
f 952//952 938//938 926//926
f 926//926 938//938 850//850
f 926//926 850//850 927//927
f 954//954 952//952 926//926
f 926//926 924//924 954//954
f 954//954 924//924 922//922
f 954//954 922//922 955//955
f 955//955 922//922 920//920
f 955//955 920//920 956//956
f 956//956 920//920 919//919
f 956//956 919//919 957//957
f 958//958 959//959 928//928
f 960//960 961//961 962//962
f 962//962 961//961 963//963
f 962//962 963//963 964//964
f 964//964 963//963 957//957
f 964//964 957//957 919//919
f 959//959 958//958 965//965
f 965//965 958//958 966//966
f 965//965 966//966 967//967
f 966//966 968//968 967//967
f 967//967 968//968 969//969
f 967//967 969//969 970//970
f 970//970 969//969 971//971
f 970//970 971//971 972//972
f 972//972 971//971 973//973
f 972//972 973//973 974//974
f 974//974 973//973 975//975
f 974//974 975//975 976//976
f 975//975 977//977 976//976
f 976//976 977//977 978//978
f 976//976 978//978 979//979
f 979//979 978//978 980//980
f 978//978 981//981 980//980
f 980//980 981//981 982//982
f 980//980 982//982 983//983
f 983//983 982//982 984//984
f 983//983 984//984 985//985
f 985//985 984//984 986//986
f 985//985 986//986 987//987
f 987//987 986//986 988//988
f 987//987 988//988 989//989
f 989//989 988//988 990//990
f 989//989 990//990 991//991
f 991//991 990//990 992//992
f 991//991 992//992 993//993
f 993//993 992//992 994//994
f 993//993 994//994 995//995
f 995//995 994//994 996//996
f 995//995 996//996 997//997
f 996//996 998//998 997//997
f 997//997 998//998 999//999
f 997//997 999//999 1000//1000
f 1000//1000 999//999 1001//1001
f 1000//1000 1001//1001 1002//1002
f 1002//1002 1001//1001 1003//1003
f 1002//1002 1003//1003 1004//1004
f 1004//1004 1003//1003 1005//1005
f 1004//1004 1005//1005 1006//1006
f 1006//1006 1005//1005 1007//1007
f 1006//1006 1007//1007 1008//1008
f 1008//1008 1007//1007 1009//1009
f 1008//1008 1009//1009 960//960
f 960//960 1009//1009 1010//1010
f 960//960 1010//1010 961//961
f 929//929 928//928 959//959
f 974//974 976//976 497//497
f 1002//1002 1004//1004 195//195
f 918//918 211//211 210//210
f 211//211 918//918 212//212
f 962//962 964//964 210//210
f 210//210 964//964 919//919
f 210//210 919//919 918//918
f 210//210 209//209 962//962
f 962//962 209//209 207//207
f 962//962 207//207 960//960
f 960//960 207//207 205//205
f 960//960 205//205 1008//1008
f 205//205 204//204 1008//1008
f 1008//1008 204//204 202//202
f 1008//1008 202//202 1006//1006
f 1006//1006 202//202 203//203
f 1006//1006 203//203 1004//1004
f 1004//1004 203//203 193//193
f 1004//1004 193//193 195//195
f 195//195 197//197 1002//1002
f 1002//1002 197//197 199//199
f 1002//1002 199//199 1011//1011
f 1011//1011 1012//1012 1002//1002
f 1002//1002 1012//1012 1013//1013
f 1002//1002 1013//1013 1000//1000
f 1014//1014 980//980 1015//1015
f 1015//1015 980//980 983//983
f 1015//1015 983//983 1016//1016
f 1016//1016 983//983 985//985
f 1016//1016 985//985 1017//1017
f 1017//1017 985//985 987//987
f 1017//1017 987//987 1018//1018
f 1018//1018 987//987 989//989
f 1018//1018 989//989 1019//1019
f 1019//1019 989//989 991//991
f 1019//1019 991//991 1020//1020
f 1020//1020 991//991 993//993
f 1020//1020 993//993 1021//1021
f 1021//1021 993//993 995//995
f 1021//1021 995//995 1022//1022
f 1022//1022 995//995 997//997
f 1022//1022 997//997 1023//1023
f 1023//1023 997//997 1000//1000
f 1023//1023 1000//1000 1024//1024
f 1024//1024 1000//1000 1013//1013
f 1025//1025 976//976 1014//1014
f 1014//1014 976//976 979//979
f 1014//1014 979//979 980//980
f 498//498 497//497 1026//1026
f 1026//1026 497//497 976//976
f 1026//1026 976//976 1027//1027
f 1027//1027 976//976 1025//1025
f 497//497 500//500 974//974
f 974//974 500//500 501//501
f 974//974 501//501 972//972
f 972//972 501//501 513//513
f 972//972 513//513 970//970
f 513//513 519//519 970//970
f 970//970 519//519 518//518
f 970//970 518//518 967//967
f 967//967 518//518 516//516
f 967//967 516//516 965//965
f 516//516 515//515 965//965
f 965//965 515//515 506//506
f 965//965 506//506 959//959
f 959//959 506//506 507//507
f 959//959 507//507 929//929
f 929//929 507//507 508//508
f 929//929 508//508 511//511
f 611//611 610//610 1028//1028
f 1028//1028 610//610 609//609
f 1028//1028 609//609 1029//1029
f 1029//1029 609//609 606//606
f 1029//1029 606//606 1030//1030
f 1031//1031 1032//1032 1033//1033
f 1033//1033 1032//1032 1034//1034
f 1033//1033 1034//1034 604//604
f 604//604 1034//1034 605//605
f 1035//1035 1031//1031 1028//1028
f 1028//1028 1031//1031 1033//1033
f 1028//1028 1033//1033 611//611
f 611//611 1033//1033 604//604
f 1035//1035 1028//1028 1036//1036
f 1036//1036 1028//1028 1029//1029
f 1036//1036 1029//1029 1037//1037
f 1037//1037 1029//1029 1030//1030
f 1037//1037 1030//1030 653//653
f 326//326 324//324 1038//1038
f 1039//1039 1040//1040 1041//1041
f 1042//1042 1043//1043 1039//1039
f 1039//1039 1043//1043 1044//1044
f 1039//1039 1044//1044 1012//1012
f 326//326 1038//1038 327//327
f 1012//1012 1011//1011 1039//1039
f 1039//1039 1011//1011 199//199
f 1039//1039 199//199 1040//1040
f 1040//1040 199//199 198//198
f 1040//1040 198//198 196//196
f 327//327 1038//1038 328//328
f 328//328 1038//1038 1040//1040
f 328//328 1040//1040 329//329
f 329//329 1040//1040 196//196
f 329//329 196//196 194//194
f 1013//1013 1012//1012 1024//1024
f 1024//1024 1012//1012 1044//1044
f 1024//1024 1044//1044 1043//1043
f 1045//1045 1014//1014 1046//1046
f 1046//1046 1014//1014 1015//1015
f 1046//1046 1015//1015 1047//1047
f 1047//1047 1015//1015 1016//1016
f 1047//1047 1016//1016 1048//1048
f 1048//1048 1016//1016 1017//1017
f 1048//1048 1017//1017 1049//1049
f 1049//1049 1017//1017 1018//1018
f 1049//1049 1018//1018 1050//1050
f 1050//1050 1018//1018 1019//1019
f 1050//1050 1019//1019 1051//1051
f 1051//1051 1019//1019 1020//1020
f 1051//1051 1020//1020 1052//1052
f 1052//1052 1020//1020 1021//1021
f 1052//1052 1021//1021 1053//1053
f 1053//1053 1021//1021 1022//1022
f 1053//1053 1022//1022 1054//1054
f 1022//1022 1023//1023 1054//1054
f 1054//1054 1023//1023 1024//1024
f 1054//1054 1024//1024 1043//1043
f 1014//1014 1045//1045 1025//1025
f 1025//1025 1045//1045 1055//1055
f 1025//1025 1055//1055 1027//1027
f 343//343 344//344 345//345
f 1056//1056 1057//1057 293//293
f 293//293 1057//1057 294//294
f 1058//1058 289//289 294//294
f 352//352 351//351 1059//1059
f 1059//1059 351//351 343//343
f 1059//1059 343//343 1058//1058
f 1058//1058 343//343 345//345
f 1058//1058 345//345 289//289
f 352//352 1059//1059 354//354
f 354//354 1059//1059 1060//1060
f 354//354 1060//1060 355//355
f 1060//1060 1061//1061 1062//1062
f 1062//1062 1063//1063 1060//1060
f 1060//1060 1063//1063 1064//1064
f 1060//1060 1064//1064 355//355
f 1065//1065 1066//1066 1067//1067
f 1068//1068 1066//1066 1069//1069
f 1069//1069 1066//1066 1065//1065
f 1069//1069 1065//1065 1070//1070
f 1070//1070 1065//1065 1071//1071
f 1071//1071 1065//1065 1072//1072
f 1072//1072 1065//1065 1073//1073
f 1072//1072 1073//1073 1074//1074
f 1075//1075 1076//1076 1077//1077
f 1056//1056 1075//1075 1057//1057
f 1057//1057 1075//1075 1077//1077
f 1057//1057 1077//1077 1073//1073
f 1073//1073 1077//1077 1078//1078
f 1073//1073 1078//1078 1074//1074
f 294//294 1057//1057 1058//1058
f 1058//1058 1057//1057 1073//1073
f 1058//1058 1073//1073 1059//1059
f 1059//1059 1073//1073 1065//1065
f 1059//1059 1065//1065 1060//1060
f 1060//1060 1065//1065 1067//1067
f 1060//1060 1067//1067 1061//1061
f 1079//1079 1080//1080 1081//1081
f 325//325 1082//1082 323//323
f 323//323 1082//1082 1038//1038
f 323//323 1038//1038 324//324
f 1040//1040 1038//1038 1041//1041
f 1041//1041 1038//1038 1082//1082
f 1041//1041 1082//1082 1039//1039
f 1039//1039 1082//1082 1083//1083
f 1039//1039 1083//1083 1042//1042
f 1042//1042 1083//1083 1084//1084
f 1084//1084 1083//1083 1085//1085
f 1085//1085 1083//1083 1086//1086
f 1085//1085 1086//1086 1087//1087
f 1087//1087 1086//1086 1081//1081
f 1087//1087 1081//1081 1088//1088
f 1088//1088 1081//1081 1080//1080
f 1088//1088 1080//1080 1089//1089
f 1090//1090 1091//1091 1092//1092
f 1092//1092 1091//1091 1093//1093
f 1092//1092 1093//1093 1079//1079
f 1094//1094 1095//1095 1096//1096
f 1096//1096 1095//1095 1097//1097
f 1096//1096 1097//1097 1090//1090
f 1090//1090 1097//1097 1098//1098
f 1090//1090 1098//1098 1091//1091
f 1094//1094 1096//1096 1099//1099
f 1099//1099 1096//1096 1100//1100
f 1099//1099 1100//1100 1101//1101
f 1079//1079 1081//1081 1092//1092
f 1092//1092 1081//1081 1086//1086
f 1092//1092 1086//1086 1090//1090
f 1090//1090 1086//1086 1083//1083
f 1090//1090 1083//1083 1096//1096
f 1096//1096 1083//1083 1082//1082
f 1096//1096 1082//1082 1100//1100
f 1100//1100 1082//1082 325//325
f 1100//1100 325//325 1101//1101
f 1101//1101 325//325 1102//1102
f 1101//1101 1102//1102 1103//1103
f 1104//1104 1105//1105 1106//1106
f 1107//1107 236//236 238//238
f 1108//1108 1109//1109 1110//1110
f 256//256 1108//1108 254//254
f 254//254 1108//1108 1110//1110
f 254//254 1110//1110 251//251
f 251//251 1110//1110 1111//1111
f 251//251 1111//1111 248//248
f 248//248 1111//1111 1112//1112
f 248//248 1112//1112 247//247
f 247//247 1112//1112 1113//1113
f 247//247 1113//1113 245//245
f 245//245 1113//1113 1114//1114
f 1105//1105 1107//1107 1106//1106
f 1106//1106 1107//1107 238//238
f 1106//1106 238//238 1115//1115
f 1115//1115 238//238 240//240
f 1115//1115 240//240 1114//1114
f 1114//1114 240//240 243//243
f 1114//1114 243//243 245//245
f 1116//1116 1117//1117 1118//1118
f 1118//1118 1117//1117 1119//1119
f 1118//1118 1119//1119 1120//1120
f 1120//1120 1119//1119 1121//1121
f 1120//1120 1121//1121 1122//1122
f 1122//1122 1121//1121 1123//1123
f 1122//1122 1123//1123 1124//1124
f 1124//1124 1123//1123 1125//1125
f 1124//1124 1125//1125 1126//1126
f 1126//1126 1125//1125 1127//1127
f 1126//1126 1127//1127 1128//1128
f 1128//1128 1127//1127 1129//1129
f 1128//1128 1129//1129 1130//1130
f 1130//1130 1129//1129 1131//1131
f 1130//1130 1131//1131 1132//1132
f 1132//1132 1131//1131 1133//1133
f 1117//1117 1104//1104 1119//1119
f 1119//1119 1104//1104 1106//1106
f 1119//1119 1106//1106 1121//1121
f 1121//1121 1106//1106 1115//1115
f 1121//1121 1115//1115 1123//1123
f 1123//1123 1115//1115 1114//1114
f 1123//1123 1114//1114 1125//1125
f 1125//1125 1114//1114 1113//1113
f 1125//1125 1113//1113 1127//1127
f 1127//1127 1113//1113 1112//1112
f 1127//1127 1112//1112 1129//1129
f 1129//1129 1112//1112 1111//1111
f 1129//1129 1111//1111 1131//1131
f 1131//1131 1111//1111 1110//1110
f 1131//1131 1110//1110 1133//1133
f 1133//1133 1110//1110 1109//1109
f 233//233 234//234 1134//1134
f 1134//1134 234//234 236//236
f 1116//1116 1135//1135 1117//1117
f 1117//1117 1135//1135 1136//1136
f 1117//1117 1136//1136 1104//1104
f 1104//1104 1136//1136 1137//1137
f 1104//1104 1137//1137 1105//1105
f 1105//1105 1137//1137 1134//1134
f 1105//1105 1134//1134 1107//1107
f 1107//1107 1134//1134 236//236
f 231//231 233//233 1138//1138
f 1138//1138 233//233 1134//1134
f 1138//1138 1134//1134 1139//1139
f 1139//1139 1134//1134 1137//1137
f 1139//1139 1137//1137 1140//1140
f 1140//1140 1137//1137 1136//1136
f 1140//1140 1136//1136 1141//1141
f 1141//1141 1136//1136 1135//1135
f 1142//1142 1143//1143 224//224
f 224//224 1143//1143 225//225
f 1138//1138 1139//1139 1142//1142
f 1142//1142 1139//1139 1144//1144
f 1142//1142 1144//1144 1143//1143
f 1143//1143 1144//1144 1145//1145
f 1143//1143 1145//1145 1146//1146
f 218//218 1146//1146 1147//1147
f 1147//1147 1146//1146 1148//1148
f 1147//1147 1148//1148 1149//1149
f 224//224 229//229 1142//1142
f 1142//1142 229//229 230//230
f 1142//1142 230//230 1138//1138
f 1138//1138 230//230 232//232
f 1138//1138 232//232 231//231
f 218//218 219//219 1146//1146
f 1146//1146 219//219 221//221
f 1146//1146 221//221 1143//1143
f 1143//1143 221//221 223//223
f 1143//1143 223//223 225//225
f 1139//1139 1140//1140 1150//1150
f 1150//1150 1140//1140 1141//1141
f 1150//1150 1141//1141 1151//1151
f 1139//1139 1150//1150 1144//1144
f 1144//1144 1150//1150 1151//1151
f 1144//1144 1151//1151 1145//1145
f 1145//1145 1151//1151 1152//1152
f 1145//1145 1152//1152 1146//1146
f 1146//1146 1152//1152 1153//1153
f 1146//1146 1153//1153 1148//1148
f 1056//1056 293//293 291//291
f 290//290 502//502 1076//1076
f 1076//1076 502//502 503//503
f 1076//1076 503//503 499//499
f 290//290 1076//1076 291//291
f 291//291 1076//1076 1075//1075
f 291//291 1075//1075 1056//1056
f 1026//1026 1027//1027 1055//1055
f 1077//1077 1076//1076 1078//1078
f 1078//1078 1076//1076 499//499
f 1078//1078 499//499 1074//1074
f 1074//1074 499//499 498//498
f 1045//1045 1072//1072 1055//1055
f 1055//1055 1072//1072 1074//1074
f 1055//1055 1074//1074 1026//1026
f 1026//1026 1074//1074 498//498
f 1154//1154 1155//1155 1156//1156
f 1157//1157 1149//1149 1158//1158
f 1158//1158 1149//1149 1148//1148
f 1153//1153 1152//1152 1159//1159
f 1159//1159 1152//1152 1151//1151
f 1159//1159 1151//1151 1160//1160
f 1160//1160 1151//1151 1141//1141
f 1160//1160 1141//1141 1161//1161
f 1154//1154 1162//1162 1163//1163
f 1154//1154 1163//1163 1155//1155
f 1155//1155 1163//1163 1164//1164
f 1155//1155 1164//1164 1165//1165
f 1166//1166 1167//1167 1168//1168
f 1168//1168 1167//1167 1169//1169
f 1161//1161 1169//1169 1160//1160
f 1160//1160 1169//1169 1167//1167
f 1160//1160 1167//1167 1159//1159
f 1159//1159 1167//1167 1158//1158
f 1159//1159 1158//1158 1153//1153
f 1153//1153 1158//1158 1148//1148
f 1156//1156 1170//1170 1154//1154
f 1154//1154 1170//1170 1166//1166
f 1154//1154 1166//1166 1162//1162
f 1162//1162 1166//1166 1168//1168
f 1171//1171 1172//1172 1173//1173
f 1173//1173 1172//1172 1174//1174
f 1170//1170 1175//1175 1166//1166
f 1166//1166 1175//1175 1174//1174
f 1166//1166 1174//1174 1167//1167
f 1167//1167 1174//1174 1172//1172
f 1167//1167 1172//1172 1158//1158
f 1158//1158 1172//1172 1171//1171
f 1158//1158 1171//1171 1157//1157
f 325//325 322//322 1102//1102
f 1102//1102 322//322 320//320
f 320//320 319//319 1102//1102
f 1102//1102 319//319 338//338
f 1102//1102 338//338 1157//1157
f 338//338 313//313 1157//1157
f 1157//1157 313//313 315//315
f 1157//1157 315//315 333//333
f 333//333 334//334 1157//1157
f 1157//1157 334//334 335//335
f 1157//1157 335//335 336//336
f 216//216 1149//1149 310//310
f 310//310 1149//1149 1157//1157
f 310//310 1157//1157 312//312
f 312//312 1157//1157 336//336
f 1157//1157 1171//1171 1102//1102
f 1102//1102 1171//1171 1173//1173
f 1102//1102 1173//1173 1103//1103
f 1103//1103 1173//1173 1174//1174
f 1103//1103 1174//1174 1101//1101
f 1101//1101 1174//1174 1175//1175
f 1101//1101 1175//1175 1099//1099
f 1099//1099 1175//1175 1170//1170
f 1099//1099 1170//1170 1094//1094
f 1156//1156 1097//1097 1170//1170
f 1170//1170 1097//1097 1095//1095
f 1170//1170 1095//1095 1094//1094
f 1149//1149 216//216 1147//1147
f 1147//1147 216//216 218//218
f 1176//1176 1161//1161 1177//1177
f 1162//1162 1168//1168 1176//1176
f 1176//1176 1168//1168 1169//1169
f 1176//1176 1169//1169 1161//1161
f 1163//1163 1162//1162 1164//1164
f 1164//1164 1162//1162 1176//1176
f 1164//1164 1176//1176 1165//1165
f 1165//1165 1176//1176 1177//1177
f 1178//1178 1130//1130 1132//1132
f 1179//1179 1180//1180 1181//1181
f 1132//1132 1182//1182 1178//1178
f 1178//1178 1182//1182 1183//1183
f 1178//1178 1183//1183 1179//1179
f 1179//1179 1181//1181 1178//1178
f 1178//1178 1181//1181 1184//1184
f 1178//1178 1184//1184 1185//1185
f 1186//1186 1187//1187 1188//1188
f 1188//1188 1187//1187 1189//1189
f 1185//1185 1186//1186 1178//1178
f 1178//1178 1186//1186 1188//1188
f 1178//1178 1188//1188 1190//1190
f 1190//1190 1188//1188 1189//1189
f 1190//1190 1189//1189 1191//1191
f 1130//1130 1178//1178 1128//1128
f 1128//1128 1178//1178 1192//1192
f 1128//1128 1192//1192 1126//1126
f 1126//1126 1192//1192 1193//1193
f 1126//1126 1193//1193 1124//1124
f 1124//1124 1193//1193 1194//1194
f 1124//1124 1194//1194 1122//1122
f 1122//1122 1194//1194 1195//1195
f 1122//1122 1195//1195 1120//1120
f 1120//1120 1195//1195 1196//1196
f 1120//1120 1196//1196 1118//1118
f 1118//1118 1196//1196 1197//1197
f 1118//1118 1197//1197 1116//1116
f 1116//1116 1197//1197 1177//1177
f 1116//1116 1177//1177 1135//1135
f 1135//1135 1177//1177 1161//1161
f 1135//1135 1161//1161 1141//1141
f 264//264 262//262 1198//1198
f 1179//1179 1183//1183 1199//1199
f 1182//1182 1132//1132 1133//1133
f 1179//1179 1199//1199 1180//1180
f 258//258 264//264 1200//1200
f 1200//1200 264//264 1198//1198
f 1200//1200 1198//1198 1201//1201
f 1201//1201 1198//1198 1202//1202
f 1201//1201 1202//1202 1199//1199
f 1199//1199 1202//1202 1203//1203
f 1199//1199 1203//1203 1180//1180
f 256//256 258//258 1108//1108
f 1108//1108 258//258 1200//1200
f 1108//1108 1200//1200 1109//1109
f 1109//1109 1200//1200 1201//1201
f 1109//1109 1201//1201 1133//1133
f 1133//1133 1201//1201 1199//1199
f 1133//1133 1199//1199 1182//1182
f 1182//1182 1199//1199 1183//1183
f 1204//1204 1205//1205 347//347
f 1206//1206 261//261 269//269
f 1207//1207 1180//1180 1203//1203
f 262//262 261//261 1198//1198
f 1198//1198 261//261 1206//1206
f 1198//1198 1206//1206 1202//1202
f 1203//1203 1208//1208 1207//1207
f 1207//1207 1208//1208 1209//1209
f 1207//1207 1209//1209 1210//1210
f 272//272 1205//1205 273//273
f 273//273 1205//1205 1204//1204
f 273//273 1204//1204 269//269
f 269//269 1204//1204 1211//1211
f 269//269 1211//1211 1206//1206
f 1206//1206 1211//1211 1212//1212
f 1206//1206 1212//1212 1202//1202
f 347//347 1213//1213 1204//1204
f 1204//1204 1213//1213 1210//1210
f 1204//1204 1210//1210 1211//1211
f 1211//1211 1210//1210 1209//1209
f 1211//1211 1209//1209 1212//1212
f 1212//1212 1209//1209 1208//1208
f 1212//1212 1208//1208 1202//1202
f 1202//1202 1208//1208 1203//1203
f 348//348 347//347 1205//1205
f 272//272 271//271 1205//1205
f 1205//1205 271//271 270//270
f 1205//1205 270//270 348//348
f 1155//1155 1165//1165 1177//1177
f 1214//1214 356//356 1215//1215
f 1156//1156 1155//1155 1216//1216
f 1216//1216 1155//1155 1177//1177
f 1216//1216 1177//1177 1217//1217
f 1217//1217 1177//1177 1197//1197
f 1217//1217 1197//1197 1218//1218
f 1218//1218 1197//1197 1196//1196
f 1218//1218 1196//1196 1219//1219
f 1219//1219 1196//1196 1195//1195
f 1219//1219 1195//1195 1220//1220
f 1220//1220 1195//1195 1194//1194
f 1220//1220 1194//1194 1221//1221
f 1221//1221 1194//1194 1193//1193
f 1221//1221 1193//1193 1222//1222
f 1222//1222 1193//1193 1192//1192
f 1222//1222 1192//1192 1215//1215
f 1215//1215 1192//1192 1178//1178
f 1215//1215 1178//1178 1214//1214
f 1214//1214 1178//1178 1190//1190
f 1097//1097 1156//1156 1098//1098
f 1098//1098 1156//1156 1216//1216
f 1098//1098 1216//1216 1091//1091
f 1089//1089 1052//1052 1088//1088
f 1088//1088 1052//1052 1053//1053
f 1088//1088 1053//1053 1087//1087
f 1087//1087 1053//1053 1054//1054
f 1087//1087 1054//1054 1085//1085
f 1080//1080 1079//1079 1218//1218
f 1218//1218 1079//1079 1093//1093
f 1091//1091 1216//1216 1093//1093
f 1093//1093 1216//1216 1217//1217
f 1093//1093 1217//1217 1218//1218
f 1085//1085 1054//1054 1084//1084
f 1084//1084 1054//1054 1043//1043
f 1084//1084 1043//1043 1042//1042
f 1222//1222 1062//1062 1061//1061
f 1067//1067 1066//1066 1048//1048
f 1066//1066 1068//1068 1048//1048
f 1048//1048 1068//1068 1069//1069
f 1048//1048 1069//1069 1047//1047
f 1047//1047 1069//1069 1070//1070
f 1047//1047 1070//1070 1046//1046
f 1046//1046 1070//1070 1071//1071
f 1046//1046 1071//1071 1045//1045
f 1045//1045 1071//1071 1072//1072
f 1062//1062 1222//1222 1063//1063
f 1063//1063 1222//1222 1215//1215
f 1063//1063 1215//1215 1064//1064
f 1064//1064 1215//1215 356//356
f 1064//1064 356//356 355//355
f 1061//1061 1067//1067 1222//1222
f 1222//1222 1067//1067 1048//1048
f 1222//1222 1048//1048 1221//1221
f 1221//1221 1048//1048 1049//1049
f 1221//1221 1049//1049 1220//1220
f 1220//1220 1049//1049 1050//1050
f 1220//1220 1050//1050 1219//1219
f 1219//1219 1050//1050 1051//1051
f 1219//1219 1051//1051 1218//1218
f 1218//1218 1051//1051 1052//1052
f 1218//1218 1052//1052 1080//1080
f 1080//1080 1052//1052 1089//1089
f 350//350 342//342 1223//1223
f 353//353 1224//1224 1225//1225
f 1226//1226 1210//1210 1213//1213
f 1207//1207 1210//1210 1227//1227
f 1227//1227 1210//1210 1226//1226
f 1227//1227 1226//1226 1228//1228
f 1191//1191 1229//1229 1224//1224
f 1224//1224 1229//1229 1230//1230
f 1224//1224 1230//1230 1225//1225
f 1225//1225 1230//1230 1186//1186
f 1225//1225 1186//1186 1228//1228
f 1228//1228 1186//1186 1185//1185
f 1228//1228 1185//1185 1227//1227
f 1227//1227 1185//1185 1184//1184
f 1227//1227 1184//1184 1207//1207
f 1207//1207 1184//1184 1181//1181
f 1207//1207 1181//1181 1180//1180
f 1190//1190 1191//1191 1214//1214
f 1214//1214 1191//1191 1224//1224
f 1214//1214 1224//1224 356//356
f 356//356 1224//1224 353//353
f 1213//1213 347//347 1231//1231
f 1231//1231 347//347 346//346
f 1231//1231 346//346 1223//1223
f 1223//1223 346//346 349//349
f 1223//1223 349//349 350//350
f 1213//1213 1231//1231 1226//1226
f 1226//1226 1231//1231 1223//1223
f 1226//1226 1223//1223 1228//1228
f 1228//1228 1223//1223 342//342
f 1228//1228 342//342 1225//1225
f 1225//1225 342//342 341//341
f 1225//1225 341//341 353//353
f 1232//1232 1233//1233 1234//1234
f 1234//1234 1233//1233 1235//1235
f 1234//1234 1235//1235 1236//1236
f 1236//1236 1235//1235 1237//1237
f 1236//1236 1237//1237 1238//1238
f 1233//1233 1239//1239 1235//1235
f 1235//1235 1239//1239 1240//1240
f 1235//1235 1240//1240 1237//1237
f 1237//1237 1240//1240 1241//1241
f 1237//1237 1241//1241 948//948
f 948//948 1241//1241 1242//1242
f 948//948 1242//1242 949//949
f 1238//1238 1237//1237 1243//1243
f 1243//1243 1237//1237 948//948
f 1243//1243 948//948 951//951
f 1244//1244 1232//1232 1245//1245
f 1245//1245 1232//1232 1234//1234
f 1245//1245 1234//1234 1246//1246
f 1246//1246 1234//1234 1236//1236
f 1246//1246 1236//1236 1247//1247
f 1247//1247 1236//1236 1238//1238
f 1247//1247 1238//1238 1248//1248
f 1248//1248 1238//1238 1243//1243
f 1248//1248 1243//1243 946//946
f 946//946 1243//1243 951//951
f 1249//1249 1244//1244 1250//1250
f 1250//1250 1244//1244 1245//1245
f 1250//1250 1245//1245 1251//1251
f 1251//1251 1245//1245 1246//1246
f 1251//1251 1246//1246 1252//1252
f 1252//1252 1246//1246 1247//1247
f 1252//1252 1247//1247 1253//1253
f 1253//1253 1247//1247 1248//1248
f 1253//1253 1248//1248 945//945
f 945//945 1248//1248 946//946
f 1249//1249 1254//1254 1255//1255
f 708//708 1256//1256 1257//1257
f 1257//1257 1256//1256 1258//1258
f 1257//1257 1258//1258 1259//1259
f 1259//1259 1258//1258 1260//1260
f 1259//1259 1260//1260 1261//1261
f 1261//1261 1260//1260 1255//1255
f 1261//1261 1255//1255 1262//1262
f 1262//1262 1255//1255 1254//1254
f 1262//1262 1254//1254 1263//1263
f 1249//1249 1255//1255 1244//1244
f 1244//1244 1255//1255 1260//1260
f 1244//1244 1260//1260 1232//1232
f 1232//1232 1260//1260 1258//1258
f 1232//1232 1258//1258 1233//1233
f 1233//1233 1258//1258 1256//1256
f 1233//1233 1256//1256 1239//1239
f 641//641 640//640 1264//1264
f 644//644 643//643 1265//1265
f 1266//1266 1267//1267 1268//1268
f 1269//1269 1270//1270 1271//1271
f 1271//1271 1270//1270 1272//1272
f 1271//1271 1272//1272 1273//1273
f 1274//1274 1273//1273 1275//1275
f 1276//1276 1277//1277 1278//1278
f 1276//1276 1268//1268 1279//1279
f 1279//1279 1268//1268 1267//1267
f 1279//1279 1267//1267 1280//1280
f 1281//1281 1280//1280 1282//1282
f 1282//1282 1280//1280 1267//1267
f 1282//1282 1267//1267 1283//1283
f 1283//1283 1267//1267 1266//1266
f 1283//1283 1266//1266 1284//1284
f 1285//1285 1286//1286 1287//1287
f 1273//1273 1272//1272 1275//1275
f 1275//1275 1272//1272 1288//1288
f 1275//1275 1288//1288 1289//1289
f 1289//1289 1288//1288 1290//1290
f 1289//1289 1290//1290 1291//1291
f 1263//1263 1281//1281 1292//1292
f 1292//1292 1281//1281 1282//1282
f 1292//1292 1282//1282 1293//1293
f 1293//1293 1282//1282 1283//1283
f 1293//1293 1283//1283 1294//1294
f 1294//1294 1283//1283 1284//1284
f 1294//1294 1284//1284 1264//1264
f 1295//1295 1296//1296 1265//1265
f 1297//1297 1298//1298 1299//1299
f 1285//1285 1287//1287 1300//1300
f 1300//1300 1287//1287 1301//1301
f 1300//1300 1301//1301 1302//1302
f 1302//1302 1301//1301 655//655
f 1302//1302 655//655 656//656
f 656//656 657//657 1302//1302
f 1302//1302 657//657 1296//1296
f 1302//1302 1296//1296 1300//1300
f 1300//1300 1296//1296 1295//1295
f 1300//1300 1295//1295 1285//1285
f 657//657 658//658 1296//1296
f 1296//1296 658//658 647//647
f 1296//1296 647//647 1265//1265
f 1265//1265 647//647 646//646
f 1265//1265 646//646 644//644
f 1274//1274 1275//1275 1303//1303
f 1303//1303 1275//1275 1289//1289
f 1303//1303 1289//1289 1304//1304
f 1304//1304 1289//1289 1291//1291
f 1304//1304 1291//1291 1305//1305
f 1305//1305 1291//1291 659//659
f 1305//1305 659//659 661//661
f 1270//1270 1286//1286 1272//1272
f 1272//1272 1286//1286 1285//1285
f 1272//1272 1285//1285 1288//1288
f 1288//1288 1285//1285 1295//1295
f 1288//1288 1295//1295 1290//1290
f 1290//1290 1295//1295 1265//1265
f 1290//1290 1265//1265 1291//1291
f 1291//1291 1265//1265 643//643
f 1291//1291 643//643 659//659
f 667//667 1298//1298 661//661
f 661//661 1298//1298 1297//1297
f 661//661 1297//1297 1305//1305
f 1305//1305 1297//1297 1306//1306
f 1305//1305 1306//1306 1304//1304
f 1304//1304 1306//1306 1278//1278
f 1304//1304 1278//1278 1303//1303
f 1303//1303 1278//1278 1277//1277
f 1303//1303 1277//1277 1274//1274
f 667//667 666//666 1298//1298
f 1298//1298 666//666 664//664
f 1298//1298 664//664 1299//1299
f 1299//1299 664//664 663//663
f 1276//1276 1278//1278 1268//1268
f 1268//1268 1278//1278 1306//1306
f 1268//1268 1306//1306 1266//1266
f 1266//1266 1306//1306 1297//1297
f 1266//1266 1297//1297 1284//1284
f 1284//1284 1297//1297 1299//1299
f 1284//1284 1299//1299 1264//1264
f 1264//1264 1299//1299 663//663
f 1264//1264 663//663 641//641
f 1263//1263 1292//1292 1262//1262
f 1262//1262 1292//1292 1293//1293
f 1262//1262 1293//1293 1261//1261
f 1261//1261 1293//1293 1294//1294
f 1261//1261 1294//1294 1259//1259
f 1259//1259 1294//1294 1264//1264
f 1259//1259 1264//1264 1257//1257
f 1257//1257 1264//1264 640//640
f 1257//1257 640//640 708//708
f 1307//1307 1308//1308 1309//1309
f 1269//1269 1307//1307 1310//1310
f 1269//1269 1310//1310 1270//1270
f 1270//1270 1310//1310 1311//1311
f 1270//1270 1311//1311 1286//1286
f 1286//1286 1311//1311 1312//1312
f 1286//1286 1312//1312 1287//1287
f 1307//1307 1309//1309 1310//1310
f 1310//1310 1309//1309 1313//1313
f 1310//1310 1313//1313 1311//1311
f 1311//1311 1313//1313 1314//1314
f 1311//1311 1314//1314 1312//1312
f 1312//1312 1314//1314 1315//1315
f 1312//1312 1315//1315 1316//1316
f 1287//1287 1312//1312 1301//1301
f 1301//1301 1312//1312 1316//1316
f 1301//1301 1316//1316 655//655
f 1317//1317 1315//1315 1314//1314
f 1318//1318 1319//1319 1320//1320
f 1320//1320 1319//1319 1321//1321
f 1319//1319 1322//1322 1321//1321
f 1321//1321 1322//1322 1323//1323
f 1321//1321 1323//1323 1324//1324
f 1324//1324 1323//1323 1325//1325
f 1324//1324 1325//1325 1326//1326
f 1313//1313 1324//1324 1314//1314
f 1314//1314 1324//1324 1326//1326
f 1314//1314 1326//1326 1317//1317
f 1313//1313 1327//1327 1324//1324
f 1324//1324 1327//1327 1328//1328
f 1324//1324 1328//1328 1321//1321
f 1321//1321 1328//1328 1329//1329
f 1321//1321 1329//1329 1320//1320
f 1330//1330 1318//1318 1331//1331
f 1331//1331 1318//1318 1320//1320
f 1331//1331 1320//1320 1332//1332
f 1332//1332 1320//1320 1329//1329
f 1332//1332 1329//1329 1333//1333
f 1333//1333 1329//1329 1328//1328
f 1333//1333 1328//1328 1334//1334
f 1334//1334 1328//1328 1327//1327
f 1334//1334 1327//1327 1309//1309
f 1309//1309 1327//1327 1313//1313
f 1335//1335 1330//1330 1336//1336
f 1336//1336 1330//1330 1331//1331
f 1336//1336 1331//1331 1337//1337
f 1337//1337 1331//1331 1332//1332
f 1337//1337 1332//1332 1338//1338
f 1338//1338 1332//1332 1333//1333
f 1338//1338 1333//1333 1339//1339
f 1339//1339 1333//1333 1334//1334
f 1339//1339 1334//1334 1308//1308
f 1308//1308 1334//1334 1309//1309
f 1340//1340 869//869 870//870
f 870//870 871//871 1341//1341
f 1342//1342 1343//1343 1344//1344
f 1343//1343 1342//1342 1335//1335
f 869//869 1340//1340 858//858
f 858//858 1340//1340 1345//1345
f 858//858 1345//1345 859//859
f 859//859 1345//1345 1342//1342
f 859//859 1342//1342 861//861
f 861//861 1342//1342 1344//1344
f 861//861 1344//1344 575//575
f 1346//1346 1347//1347 1340//1340
f 870//870 1341//1341 1340//1340
f 1340//1340 1341//1341 1348//1348
f 1340//1340 1348//1348 1346//1346
f 1335//1335 1342//1342 1330//1330
f 1330//1330 1342//1342 1345//1345
f 1330//1330 1345//1345 1318//1318
f 1318//1318 1345//1345 1340//1340
f 1318//1318 1340//1340 1319//1319
f 1319//1319 1340//1340 1347//1347
f 1319//1319 1347//1347 1322//1322
f 1349//1349 1249//1249 1350//1350
f 1350//1350 1249//1249 1250//1250
f 1350//1350 1250//1250 1351//1351
f 945//945 953//953 1253//1253
f 1253//1253 953//953 1352//1352
f 1253//1253 1352//1352 1252//1252
f 1252//1252 1352//1352 1351//1351
f 1252//1252 1351//1351 1251//1251
f 1251//1251 1351//1351 1250//1250
f 1353//1353 1354//1354 1355//1355
f 1355//1355 1354//1354 1356//1356
f 1357//1357 1358//1358 1359//1359
f 1359//1359 1358//1358 1360//1360
f 1361//1361 1357//1357 1362//1362
f 1362//1362 1357//1357 1359//1359
f 1362//1362 1359//1359 1363//1363
f 1363//1363 1359//1359 1360//1360
f 1363//1363 1360//1360 1364//1364
f 1365//1365 1366//1366 1367//1367
f 1367//1367 1366//1366 1368//1368
f 1367//1367 1368//1368 1369//1369
f 1355//1355 1365//1365 1353//1353
f 1353//1353 1365//1365 1367//1367
f 1353//1353 1367//1367 1370//1370
f 1370//1370 1367//1367 1369//1369
f 1370//1370 1369//1369 1371//1371
f 1372//1372 1361//1361 1371//1371
f 1371//1371 1361//1361 1362//1362
f 1371//1371 1362//1362 1370//1370
f 1370//1370 1362//1362 1363//1363
f 1370//1370 1363//1363 1353//1353
f 1353//1353 1363//1363 1364//1364
f 1353//1353 1364//1364 1354//1354
f 953//953 1372//1372 1352//1352
f 1352//1352 1372//1372 1371//1371
f 1352//1352 1371//1371 1351//1351
f 1351//1351 1371//1371 1369//1369
f 1351//1351 1369//1369 1350//1350
f 1350//1350 1369//1369 1368//1368
f 1350//1350 1368//1368 1349//1349
f 1349//1349 1368//1368 1366//1366
f 957//957 1358//1358 1357//1357
f 957//957 1357//1357 956//956
f 956//956 1357//1357 1361//1361
f 956//956 1361//1361 955//955
f 955//955 1361//1361 1372//1372
f 955//955 1372//1372 954//954
f 954//954 1372//1372 953//953
f 954//954 953//953 952//952
f 1373//1373 1308//1308 1374//1374
f 1374//1374 1308//1308 1307//1307
f 1374//1374 1307//1307 1375//1375
f 1375//1375 1307//1307 1269//1269
f 1375//1375 1269//1269 1376//1376
f 1376//1376 1269//1269 1271//1271
f 1376//1376 1271//1271 1377//1377
f 1377//1377 1271//1271 1273//1273
f 1377//1377 1273//1273 1378//1378
f 1378//1378 1273//1273 1274//1274
f 1378//1378 1274//1274 1379//1379
f 1379//1379 1274//1274 1277//1277
f 1379//1379 1277//1277 1380//1380
f 1380//1380 1277//1277 1276//1276
f 1380//1380 1276//1276 1381//1381
f 1381//1381 1276//1276 1279//1279
f 1381//1381 1279//1279 1382//1382
f 1382//1382 1279//1279 1280//1280
f 1382//1382 1280//1280 1383//1383
f 1383//1383 1280//1280 1281//1281
f 1383//1383 1281//1281 1384//1384
f 1384//1384 1281//1281 1263//1263
f 1384//1384 1263//1263 1385//1385
f 1385//1385 1263//1263 1254//1254
f 1385//1385 1254//1254 1349//1349
f 1349//1349 1254//1254 1249//1249
f 936//936 576//576 575//575
f 1335//1335 1386//1386 1343//1343
f 1343//1343 1386//1386 1387//1387
f 936//936 575//575 1387//1387
f 1387//1387 575//575 1344//1344
f 1387//1387 1344//1344 1343//1343
f 1386//1386 1335//1335 1388//1388
f 1388//1388 1335//1335 1336//1336
f 1388//1388 1336//1336 1389//1389
f 1308//1308 1373//1373 1339//1339
f 1339//1339 1373//1373 1390//1390
f 1339//1339 1390//1390 1338//1338
f 1338//1338 1390//1390 1389//1389
f 1338//1338 1389//1389 1337//1337
f 1337//1337 1389//1389 1336//1336
f 1391//1391 966//966 958//958
f 957//957 963//963 1358//1358
f 963//963 961//961 1358//1358
f 1358//1358 961//961 1010//1010
f 1358//1358 1010//1010 1360//1360
f 1360//1360 1010//1010 1009//1009
f 1005//1005 1356//1356 1007//1007
f 1007//1007 1356//1356 1354//1354
f 1007//1007 1354//1354 1009//1009
f 1009//1009 1354//1354 1364//1364
f 1009//1009 1364//1364 1360//1360
f 1003//1003 1392//1392 1005//1005
f 1005//1005 1392//1392 1393//1393
f 1005//1005 1393//1393 1356//1356
f 1003//1003 1001//1001 1392//1392
f 1392//1392 1001//1001 999//999
f 1392//1392 999//999 1394//1394
f 1394//1394 999//999 998//998
f 1394//1394 998//998 1395//1395
f 1395//1395 998//998 996//996
f 1395//1395 996//996 1396//1396
f 1396//1396 996//996 994//994
f 994//994 992//992 1396//1396
f 1396//1396 992//992 990//990
f 1396//1396 990//990 1397//1397
f 1397//1397 990//990 988//988
f 1397//1397 988//988 1398//1398
f 1398//1398 988//988 1399//1399
f 988//988 986//986 1399//1399
f 1399//1399 986//986 984//984
f 1399//1399 984//984 1400//1400
f 1400//1400 984//984 982//982
f 982//982 981//981 1400//1400
f 1400//1400 981//981 978//978
f 1400//1400 978//978 1401//1401
f 1401//1401 978//978 1402//1402
f 1402//1402 978//978 977//977
f 1402//1402 977//977 1403//1403
f 1403//1403 977//977 975//975
f 1403//1403 975//975 1404//1404
f 1404//1404 975//975 973//973
f 1404//1404 973//973 1405//1405
f 1405//1405 973//973 971//971
f 1405//1405 971//971 1406//1406
f 1406//1406 971//971 1407//1407
f 1407//1407 971//971 969//969
f 1407//1407 969//969 1391//1391
f 1391//1391 969//969 968//968
f 1391//1391 968//968 966//966
f 935//935 936//936 1387//1387
f 1387//1387 1408//1408 935//935
f 935//935 1408//1408 1409//1409
f 935//935 1409//1409 933//933
f 933//933 1409//1409 1410//1410
f 933//933 1410//1410 931//931
f 931//931 1410//1410 958//958
f 931//931 958//958 928//928
f 1391//1391 958//958 1410//1410
f 1391//1391 1410//1410 1411//1411
f 1411//1411 1410//1410 1409//1409
f 1411//1411 1409//1409 1412//1412
f 1412//1412 1409//1409 1408//1408
f 1412//1412 1408//1408 1413//1413
f 1413//1413 1408//1408 1387//1387
f 1413//1413 1387//1387 1386//1386
f 1414//1414 1415//1415 1416//1416
f 1416//1416 1404//1404 1417//1417
f 1417//1417 1404//1404 1405//1405
f 1417//1417 1405//1405 1418//1418
f 1418//1418 1405//1405 1406//1406
f 1418//1418 1406//1406 1419//1419
f 1419//1419 1406//1406 1407//1407
f 1412//1412 1419//1419 1411//1411
f 1411//1411 1419//1419 1407//1407
f 1411//1411 1407//1407 1391//1391
f 1416//1416 1417//1417 1414//1414
f 1414//1414 1417//1417 1418//1418
f 1414//1414 1418//1418 1420//1420
f 1420//1420 1418//1418 1419//1419
f 1420//1420 1419//1419 1421//1421
f 1421//1421 1419//1419 1412//1412
f 1421//1421 1412//1412 1413//1413
f 1422//1422 1423//1423 1424//1424
f 1413//1413 1425//1425 1421//1421
f 1421//1421 1425//1425 1426//1426
f 1421//1421 1426//1426 1420//1420
f 1420//1420 1426//1426 1422//1422
f 1420//1420 1422//1422 1414//1414
f 1414//1414 1422//1422 1424//1424
f 1414//1414 1424//1424 1415//1415
f 1373//1373 1423//1423 1390//1390
f 1390//1390 1423//1423 1422//1422
f 1390//1390 1422//1422 1389//1389
f 1389//1389 1422//1422 1426//1426
f 1389//1389 1426//1426 1388//1388
f 1388//1388 1426//1426 1425//1425
f 1388//1388 1425//1425 1386//1386
f 1386//1386 1425//1425 1413//1413
f 1427//1427 1428//1428 1429//1429
f 1392//1392 1430//1430 1393//1393
f 1393//1393 1430//1430 1355//1355
f 1393//1393 1355//1355 1356//1356
f 1431//1431 1402//1402 1403//1403
f 1402//1402 1431//1431 1401//1401
f 1401//1401 1431//1431 1432//1432
f 1401//1401 1432//1432 1400//1400
f 1400//1400 1432//1432 1433//1433
f 1400//1400 1433//1433 1399//1399
f 1399//1399 1433//1433 1434//1434
f 1399//1399 1434//1434 1398//1398
f 1398//1398 1434//1434 1435//1435
f 1398//1398 1435//1435 1397//1397
f 1397//1397 1435//1435 1436//1436
f 1397//1397 1436//1436 1396//1396
f 1396//1396 1436//1436 1437//1437
f 1396//1396 1437//1437 1395//1395
f 1395//1395 1437//1437 1438//1438
f 1395//1395 1438//1438 1394//1394
f 1415//1415 1431//1431 1416//1416
f 1416//1416 1431//1431 1403//1403
f 1416//1416 1403//1403 1404//1404
f 1365//1365 1355//1355 1439//1439
f 1439//1439 1355//1355 1430//1430
f 1439//1439 1430//1430 1440//1440
f 1440//1440 1430//1430 1392//1392
f 1440//1440 1392//1392 1394//1394
f 1441//1441 1438//1438 1442//1442
f 1442//1442 1438//1438 1437//1437
f 1442//1442 1437//1437 1443//1443
f 1443//1443 1437//1437 1436//1436
f 1443//1443 1436//1436 1444//1444
f 1444//1444 1436//1436 1435//1435
f 1444//1444 1435//1435 1445//1445
f 1445//1445 1435//1435 1434//1434
f 1445//1445 1434//1434 1446//1446
f 1446//1446 1434//1434 1433//1433
f 1446//1446 1433//1433 1447//1447
f 1447//1447 1433//1433 1432//1432
f 1447//1447 1432//1432 1448//1448
f 1448//1448 1432//1432 1431//1431
f 1448//1448 1431//1431 1449//1449
f 1449//1449 1431//1431 1415//1415
f 1449//1449 1415//1415 1424//1424
f 1428//1428 1441//1441 1429//1429
f 1429//1429 1441//1441 1442//1442
f 1429//1429 1442//1442 1450//1450
f 1450//1450 1442//1442 1443//1443
f 1450//1450 1443//1443 1451//1451
f 1451//1451 1443//1443 1444//1444
f 1451//1451 1444//1444 1452//1452
f 1452//1452 1444//1444 1445//1445
f 1452//1452 1445//1445 1453//1453
f 1453//1453 1445//1445 1446//1446
f 1453//1453 1446//1446 1454//1454
f 1454//1454 1446//1446 1447//1447
f 1454//1454 1447//1447 1455//1455
f 1455//1455 1447//1447 1448//1448
f 1455//1455 1448//1448 1456//1456
f 1456//1456 1448//1448 1449//1449
f 1456//1456 1449//1449 1457//1457
f 1457//1457 1449//1449 1424//1424
f 1457//1457 1424//1424 1423//1423
f 1427//1427 1429//1429 1458//1458
f 1458//1458 1429//1429 1450//1450
f 1458//1458 1450//1450 1459//1459
f 1459//1459 1450//1450 1451//1451
f 1459//1459 1451//1451 1460//1460
f 1460//1460 1451//1451 1452//1452
f 1460//1460 1452//1452 1461//1461
f 1461//1461 1452//1452 1453//1453
f 1461//1461 1453//1453 1462//1462
f 1462//1462 1453//1453 1454//1454
f 1462//1462 1454//1454 1463//1463
f 1463//1463 1454//1454 1455//1455
f 1463//1463 1455//1455 1464//1464
f 1464//1464 1455//1455 1456//1456
f 1464//1464 1456//1456 1465//1465
f 1465//1465 1456//1456 1457//1457
f 1465//1465 1457//1457 1466//1466
f 1466//1466 1457//1457 1423//1423
f 1466//1466 1423//1423 1373//1373
f 1373//1373 1374//1374 1466//1466
f 1466//1466 1374//1374 1375//1375
f 1466//1466 1375//1375 1465//1465
f 1465//1465 1375//1375 1376//1376
f 1465//1465 1376//1376 1464//1464
f 1464//1464 1376//1376 1377//1377
f 1464//1464 1377//1377 1463//1463
f 1463//1463 1377//1377 1378//1378
f 1463//1463 1378//1378 1462//1462
f 1462//1462 1378//1378 1379//1379
f 1462//1462 1379//1379 1461//1461
f 1461//1461 1379//1379 1380//1380
f 1461//1461 1380//1380 1460//1460
f 1460//1460 1380//1380 1381//1381
f 1460//1460 1381//1381 1459//1459
f 1459//1459 1381//1381 1382//1382
f 1459//1459 1382//1382 1458//1458
f 1458//1458 1382//1382 1383//1383
f 1458//1458 1383//1383 1427//1427
f 1427//1427 1383//1383 1384//1384
f 1427//1427 1384//1384 1385//1385
f 1394//1394 1438//1438 1440//1440
f 1440//1440 1438//1438 1441//1441
f 1440//1440 1441//1441 1439//1439
f 1439//1439 1441//1441 1428//1428
f 1439//1439 1428//1428 1365//1365
f 1365//1365 1428//1428 1427//1427
f 1365//1365 1427//1427 1366//1366
f 1366//1366 1427//1427 1385//1385
f 1366//1366 1385//1385 1349//1349
f 111//111 112//112 1467//1467
f 1468//1468 1469//1469 1470//1470
f 1470//1470 1469//1469 1471//1471
f 1470//1470 1471//1471 1472//1472
f 1473//1473 88//88 86//86
f 86//86 111//111 1473//1473
f 1473//1473 111//111 1467//1467
f 1473//1473 1467//1467 1471//1471
f 1471//1471 1467//1467 1474//1474
f 1471//1471 1474//1474 1472//1472
f 91//91 95//95 1475//1475
f 1475//1475 95//95 94//94
f 1476//1476 1477//1477 1478//1478
f 1479//1479 1477//1477 1480//1480
f 1480//1480 1477//1477 1476//1476
f 1480//1480 1476//1476 1481//1481
f 94//94 90//90 1475//1475
f 1475//1475 90//90 88//88
f 1475//1475 88//88 1478//1478
f 1478//1478 88//88 1473//1473
f 1478//1478 1473//1473 1476//1476
f 1476//1476 1473//1473 1471//1471
f 1476//1476 1471//1471 1481//1481
f 1481//1481 1471//1471 1469//1469
f 1482//1482 1483//1483 1484//1484
f 1484//1484 1483//1483 1485//1485
f 1486//1486 1487//1487 1488//1488
f 166//166 165//165 170//170
f 170//170 165//165 1489//1489
f 1490//1490 150//150 1491//1491
f 1491//1491 150//150 149//149
f 149//149 146//146 1491//1491
f 1491//1491 146//146 168//168
f 1491//1491 168//168 1489//1489
f 1489//1489 168//168 169//169
f 1489//1489 169//169 170//170
f 1489//1489 1487//1487 1491//1491
f 1491//1491 1487//1487 1486//1486
f 1491//1491 1486//1486 1490//1490
f 1490//1490 1486//1486 1492//1492
f 1493//1493 1494//1494 1495//1495
f 1488//1488 1496//1496 1486//1486
f 1486//1486 1496//1496 1493//1493
f 1486//1486 1493//1493 1492//1492
f 1492//1492 1493//1493 1495//1495
f 1492//1492 1495//1495 1490//1490
f 1497//1497 1498//1498 1499//1499
f 1499//1499 1500//1500 1497//1497
f 1497//1497 1500//1500 1488//1488
f 1497//1497 1488//1488 1501//1501
f 164//164 1502//1502 165//165
f 165//165 1502//1502 1503//1503
f 165//165 1503//1503 1489//1489
f 1489//1489 1503//1503 1501//1501
f 1489//1489 1501//1501 1487//1487
f 1487//1487 1501//1501 1488//1488
f 1504//1504 1505//1505 1506//1506
f 1507//1507 1508//1508 1509//1509
f 1509//1509 1508//1508 1510//1510
f 1509//1509 1510//1510 1511//1511
f 1511//1511 1510//1510 1512//1512
f 1511//1511 1512//1512 1513//1513
f 1513//1513 1512//1512 1514//1514
f 1513//1513 1514//1514 1515//1515
f 1499//1499 1498//1498 1516//1516
f 1509//1509 1500//1500 1499//1499
f 1499//1499 1516//1516 1509//1509
f 1509//1509 1516//1516 1517//1517
f 1509//1509 1517//1517 1507//1507
f 1488//1488 1500//1500 1496//1496
f 1496//1496 1500//1500 1509//1509
f 1496//1496 1509//1509 1493//1493
f 1493//1493 1509//1509 1511//1511
f 1493//1493 1511//1511 1494//1494
f 1506//1506 1505//1505 1511//1511
f 1511//1511 1505//1505 1518//1518
f 1511//1511 1518//1518 1494//1494
f 1519//1519 1520//1520 1521//1521
f 1521//1521 1520//1520 1504//1504
f 1522//1522 1523//1523 1519//1519
f 1521//1521 1524//1524 1525//1525
f 1519//1519 1521//1521 1522//1522
f 1522//1522 1521//1521 1525//1525
f 1522//1522 1525//1525 1526//1526
f 1504//1504 1506//1506 1521//1521
f 1521//1521 1506//1506 1527//1527
f 1521//1521 1527//1527 1524//1524
f 1513//1513 1528//1528 1511//1511
f 1511//1511 1528//1528 1529//1529
f 1511//1511 1529//1529 1506//1506
f 1506//1506 1529//1529 1530//1530
f 1506//1506 1530//1530 1527//1527
f 1518//1518 1505//1505 1531//1531
f 1494//1494 1518//1518 138//138
f 138//138 140//140 1494//1494
f 1494//1494 140//140 141//141
f 1494//1494 141//141 1495//1495
f 150//150 1490//1490 152//152
f 152//152 1490//1490 1495//1495
f 152//152 1495//1495 143//143
f 143//143 1495//1495 141//141
f 1518//1518 1531//1531 138//138
f 138//138 1531//1531 1532//1532
f 138//138 1532//1532 135//135
f 135//135 1532//1532 133//133
f 133//133 1532//1532 1533//1533
f 133//133 1533//1533 131//131
f 131//131 1533//1533 1534//1534
f 131//131 1534//1534 129//129
f 129//129 1534//1534 1535//1535
f 129//129 1535//1535 127//127
f 127//127 1535//1535 1536//1536
f 127//127 1536//1536 125//125
f 125//125 1536//1536 1537//1537
f 125//125 1537//1537 123//123
f 123//123 1537//1537 1538//1538
f 123//123 1538//1538 121//121
f 121//121 1538//1538 1539//1539
f 121//121 1539//1539 117//117
f 1539//1539 1468//1468 117//117
f 117//117 1468//1468 1470//1470
f 117//117 1470//1470 115//115
f 115//115 1470//1470 1472//1472
f 115//115 1472//1472 106//106
f 112//112 107//107 1467//1467
f 1467//1467 107//107 106//106
f 1467//1467 106//106 1474//1474
f 1474//1474 106//106 1472//1472
f 1540//1540 1538//1538 1537//1537
f 1519//1519 1523//1523 1541//1541
f 1542//1542 1543//1543 1544//1544
f 1543//1543 1545//1545 1544//1544
f 1544//1544 1545//1545 1546//1546
f 1544//1544 1546//1546 1547//1547
f 1520//1520 1519//1519 1548//1548
f 1548//1548 1519//1519 1541//1541
f 1548//1548 1541//1541 1549//1549
f 1549//1549 1541//1541 1550//1550
f 1549//1549 1550//1550 1551//1551
f 1551//1551 1550//1550 1552//1552
f 1551//1551 1552//1552 1553//1553
f 1505//1505 1504//1504 1531//1531
f 1531//1531 1504//1504 1520//1520
f 1531//1531 1520//1520 1532//1532
f 1532//1532 1520//1520 1548//1548
f 1532//1532 1548//1548 1533//1533
f 1533//1533 1548//1548 1549//1549
f 1533//1533 1549//1549 1534//1534
f 1534//1534 1549//1549 1551//1551
f 1534//1534 1551//1551 1535//1535
f 1535//1535 1551//1551 1553//1553
f 1535//1535 1553//1553 1536//1536
f 1552//1552 1542//1542 1553//1553
f 1553//1553 1542//1542 1544//1544
f 1553//1553 1544//1544 1536//1536
f 1536//1536 1544//1544 1547//1547
f 1536//1536 1547//1547 1537//1537
f 1537//1537 1547//1547 1554//1554
f 1537//1537 1554//1554 1540//1540
f 1541//1541 1523//1523 1522//1522
f 1550//1550 1541//1541 1555//1555
f 1555//1555 1541//1541 1522//1522
f 1555//1555 1522//1522 1526//1526
f 1542//1542 1556//1556 1557//1557
f 1557//1557 1558//1558 1559//1559
f 1542//1542 1557//1557 1543//1543
f 1543//1543 1557//1557 1559//1559
f 1543//1543 1559//1559 1545//1545
f 1555//1555 1560//1560 1550//1550
f 1550//1550 1560//1560 1561//1561
f 1550//1550 1561//1561 1552//1552
f 1552//1552 1561//1561 1562//1562
f 1552//1552 1562//1562 1542//1542
f 1542//1542 1562//1562 1563//1563
f 1542//1542 1563//1563 1556//1556
f 1564//1564 1565//1565 1566//1566
f 1566//1566 1565//1565 1558//1558
f 1566//1566 1558//1558 1567//1567
f 1567//1567 1558//1558 1568//1568
f 1558//1558 1557//1557 1568//1568
f 1568//1568 1557//1557 1556//1556
f 1568//1568 1556//1556 1569//1569
f 1569//1569 1556//1556 1563//1563
f 1569//1569 1563//1563 1570//1570
f 1570//1570 1563//1563 1571//1571
f 1563//1563 1562//1562 1571//1571
f 1571//1571 1562//1562 1561//1561
f 1571//1571 1561//1561 1572//1572
f 1572//1572 1561//1561 1573//1573
f 1561//1561 1560//1560 1573//1573
f 1573//1573 1560//1560 1555//1555
f 1573//1573 1555//1555 1574//1574
f 1574//1574 1555//1555 1526//1526
f 1574//1574 1526//1526 1575//1575
f 1575//1575 1526//1526 1525//1525
f 1575//1575 1525//1525 1524//1524
f 1576//1576 1577//1577 1578//1578
f 1579//1579 1580//1580 1581//1581
f 1582//1582 1583//1583 1584//1584
f 1585//1585 1586//1586 1587//1587
f 1588//1588 1589//1589 1590//1590
f 1591//1591 1592//1592 1593//1593
f 1594//1594 1595//1595 1596//1596
f 887//887 885//885 1597//1597
f 890//890 889//889 1598//1598
f 1598//1598 889//889 888//888
f 1598//1598 888//888 896//896
f 885//885 883//883 1589//1589
f 1599//1599 867//867 887//887
f 1600//1600 1601//1601 1602//1602
f 1602//1602 1603//1603 1600//1600
f 1600//1600 1603//1603 1604//1604
f 1600//1600 1604//1604 1605//1605
f 1604//1604 1606//1606 1605//1605
f 1605//1605 1606//1606 1607//1607
f 1605//1605 1607//1607 1596//1596
f 1596//1596 1607//1607 1608//1608
f 1596//1596 1608//1608 1594//1594
f 1609//1609 1610//1610 1611//1611
f 1611//1611 1610//1610 1612//1612
f 1611//1611 1612//1612 1613//1613
f 1614//1614 1615//1615 1616//1616
f 1614//1614 1616//1616 1617//1617
f 1618//1618 1619//1619 1620//1620
f 1620//1620 1619//1619 1617//1617
f 1615//1615 1621//1621 1616//1616
f 1616//1616 1621//1621 1622//1622
f 1616//1616 1622//1622 1623//1623
f 1623//1623 1624//1624 1616//1616
f 1616//1616 1624//1624 1625//1625
f 1616//1616 1625//1625 1609//1609
f 1609//1609 1625//1625 1626//1626
f 1609//1609 1626//1626 1610//1610
f 1617//1617 1616//1616 1620//1620
f 1620//1620 1616//1616 1627//1627
f 1620//1620 1627//1627 1628//1628
f 1628//1628 1627//1627 1629//1629
f 1628//1628 1629//1629 1630//1630
f 1631//1631 1632//1632 1633//1633
f 1581//1581 1634//1634 1632//1632
f 1580//1580 1635//1635 1581//1581
f 1581//1581 1635//1635 1636//1636
f 1581//1581 1636//1636 1634//1634
f 1637//1637 1638//1638 1639//1639
f 1639//1639 1638//1638 1640//1640
f 1639//1639 1640//1640 1641//1641
f 1642//1642 1643//1643 1644//1644
f 1644//1644 1643//1643 1645//1645
f 1646//1646 1647//1647 1642//1642
f 1642//1642 1647//1647 1648//1648
f 1642//1642 1648//1648 1643//1643
f 1649//1649 1598//1598 1650//1650
f 1650//1650 1598//1598 896//896
f 1650//1650 896//896 897//897
f 883//883 881//881 1589//1589
f 1589//1589 881//881 890//890
f 1589//1589 890//890 1590//1590
f 1590//1590 890//890 1598//1598
f 1590//1590 1598//1598 1651//1651
f 1651//1651 1598//1598 1649//1649
f 1651//1651 1649//1649 1652//1652
f 1653//1653 1588//1588 1654//1654
f 1654//1654 1588//1588 1590//1590
f 1654//1654 1590//1590 1655//1655
f 1655//1655 1590//1590 1651//1651
f 1655//1655 1651//1651 1646//1646
f 1646//1646 1651//1651 1652//1652
f 1646//1646 1652//1652 1647//1647
f 1583//1583 1585//1585 1656//1656
f 1585//1585 1587//1587 1656//1656
f 1656//1656 1587//1587 1657//1657
f 1656//1656 1657//1657 1658//1658
f 1658//1658 1657//1657 1659//1659
f 1658//1658 1659//1659 1660//1660
f 1583//1583 1656//1656 1584//1584
f 1584//1584 1656//1656 1658//1658
f 1584//1584 1658//1658 1661//1661
f 1661//1661 1658//1658 1660//1660
f 1661//1661 1660//1660 1662//1662
f 1582//1582 1584//1584 1663//1663
f 1663//1663 1584//1584 1661//1661
f 1663//1663 1661//1661 1664//1664
f 1664//1664 1661//1661 1662//1662
f 1664//1664 1662//1662 1665//1665
f 1666//1666 1667//1667 1668//1668
f 1668//1668 1667//1667 1669//1669
f 1668//1668 1669//1669 1670//1670
f 1670//1670 1669//1669 1671//1671
f 1670//1670 1671//1671 1672//1672
f 1672//1672 1671//1671 1673//1673
f 1672//1672 1673//1673 1674//1674
f 1675//1675 1676//1676 1677//1677
f 1677//1677 1676//1676 1678//1678
f 1677//1677 1678//1678 1679//1679
f 1679//1679 1678//1678 1680//1680
f 1679//1679 1680//1680 1681//1681
f 1681//1681 1680//1680 1682//1682
f 1681//1681 1682//1682 1683//1683
f 1683//1683 1682//1682 1684//1684
f 1685//1685 1675//1675 1686//1686
f 1686//1686 1675//1675 1677//1677
f 1686//1686 1677//1677 1687//1687
f 1687//1687 1677//1677 1679//1679
f 1687//1687 1679//1679 1688//1688
f 1688//1688 1679//1679 1681//1681
f 1688//1688 1681//1681 1689//1689
f 1689//1689 1681//1681 1683//1683
f 1690//1690 1691//1691 1692//1692
f 1692//1692 1691//1691 1693//1693
f 1692//1692 1693//1693 1694//1694
f 1694//1694 1693//1693 1695//1695
f 1694//1694 1695//1695 1696//1696
f 1696//1696 1695//1695 1697//1697
f 1696//1696 1697//1697 1665//1665
f 1665//1665 1697//1697 1698//1698
f 1665//1665 1698//1698 1664//1664
f 1664//1664 1698//1698 1699//1699
f 1664//1664 1699//1699 1663//1663
f 1663//1663 1699//1699 1700//1700
f 1663//1663 1700//1700 1582//1582
f 1674//1674 1701//1701 1672//1672
f 1672//1672 1701//1701 1702//1702
f 1672//1672 1702//1702 1670//1670
f 1670//1670 1702//1702 1703//1703
f 1670//1670 1703//1703 1668//1668
f 1668//1668 1703//1703 1704//1704
f 1668//1668 1704//1704 1666//1666
f 1666//1666 1704//1704 1705//1705
f 1666//1666 1705//1705 1706//1706
f 1706//1706 1705//1705 1593//1593
f 1637//1637 1707//1707 1638//1638
f 1638//1638 1707//1707 1706//1706
f 1638//1638 1706//1706 1640//1640
f 1640//1640 1706//1706 1593//1593
f 1640//1640 1593//1593 1641//1641
f 1641//1641 1593//1593 1592//1592
f 1707//1707 1708//1708 1706//1706
f 1706//1706 1708//1708 1709//1709
f 1706//1706 1709//1709 1666//1666
f 1666//1666 1709//1709 1710//1710
f 1666//1666 1710//1710 1667//1667
f 1710//1710 1711//1711 1667//1667
f 1667//1667 1711//1711 1712//1712
f 1667//1667 1712//1712 1669//1669
f 1669//1669 1712//1712 1713//1713
f 1669//1669 1713//1713 1671//1671
f 1671//1671 1713//1713 1714//1714
f 1671//1671 1714//1714 1673//1673
f 1629//1629 1715//1715 1716//1716
f 1717//1717 1630//1630 1718//1718
f 1718//1718 1630//1630 1629//1629
f 1718//1718 1629//1629 1719//1719
f 1719//1719 1629//1629 1716//1716
f 1720//1720 1721//1721 1722//1722
f 1722//1722 1721//1721 1723//1723
f 1722//1722 1723//1723 1724//1724
f 1724//1724 1723//1723 1725//1725
f 1724//1724 1725//1725 1726//1726
f 1700//1700 1720//1720 1582//1582
f 1582//1582 1720//1720 1722//1722
f 1582//1582 1722//1722 1583//1583
f 1583//1583 1722//1722 1724//1724
f 1583//1583 1724//1724 1585//1585
f 1585//1585 1724//1724 1726//1726
f 1585//1585 1726//1726 1586//1586
f 1586//1586 1726//1726 1727//1727
f 1586//1586 1727//1727 1587//1587
f 1587//1587 1727//1727 1728//1728
f 1587//1587 1728//1728 1657//1657
f 1657//1657 1728//1728 1729//1729
f 1657//1657 1729//1729 1659//1659
f 1730//1730 1635//1635 1731//1731
f 1731//1731 1635//1635 1580//1580
f 1731//1731 1580//1580 1732//1732
f 1732//1732 1580//1580 1579//1579
f 1732//1732 1579//1579 1733//1733
f 1734//1734 1735//1735 1736//1736
f 1736//1736 1735//1735 1737//1737
f 1736//1736 1737//1737 1738//1738
f 1738//1738 1737//1737 1739//1739
f 1738//1738 1739//1739 1740//1740
f 1740//1740 1739//1739 1741//1741
f 1632//1632 1631//1631 1581//1581
f 1581//1581 1631//1631 1742//1742
f 1581//1581 1742//1742 1579//1579
f 1579//1579 1742//1742 1743//1743
f 1579//1579 1743//1743 1733//1733
f 1733//1733 1743//1743 1744//1744
f 1733//1733 1744//1744 1745//1745
f 1746//1746 1734//1734 1747//1747
f 1747//1747 1734//1734 1736//1736
f 1747//1747 1736//1736 1748//1748
f 1748//1748 1736//1736 1738//1738
f 1748//1748 1738//1738 1749//1749
f 1749//1749 1738//1738 1740//1740
f 1749//1749 1740//1740 1674//1674
f 1674//1674 1740//1740 1741//1741
f 1674//1674 1741//1741 1701//1701
f 1750//1750 1751//1751 1745//1745
f 1745//1745 1751//1751 1752//1752
f 1745//1745 1752//1752 1733//1733
f 1733//1733 1752//1752 1753//1753
f 1733//1733 1753//1753 1732//1732
f 1732//1732 1753//1753 1754//1754
f 1732//1732 1754//1754 1731//1731
f 1731//1731 1754//1754 1755//1755
f 1731//1731 1755//1755 1730//1730
f 1735//1735 1721//1721 1737//1737
f 1737//1737 1721//1721 1720//1720
f 1737//1737 1720//1720 1739//1739
f 1739//1739 1720//1720 1700//1700
f 1739//1739 1700//1700 1741//1741
f 1741//1741 1700//1700 1699//1699
f 1741//1741 1699//1699 1701//1701
f 1701//1701 1699//1699 1698//1698
f 1701//1701 1698//1698 1702//1702
f 1702//1702 1698//1698 1697//1697
f 1702//1702 1697//1697 1703//1703
f 1703//1703 1697//1697 1695//1695
f 1703//1703 1695//1695 1704//1704
f 1704//1704 1695//1695 1693//1693
f 1704//1704 1693//1693 1705//1705
f 1705//1705 1693//1693 1691//1691
f 1705//1705 1691//1691 1593//1593
f 1593//1593 1691//1691 1690//1690
f 1593//1593 1690//1690 1591//1591
f 1576//1576 1578//1578 1600//1600
f 887//887 1597//1597 1599//1599
f 1599//1599 1597//1597 1756//1756
f 1599//1599 1756//1756 1757//1757
f 1757//1757 1756//1756 1758//1758
f 1757//1757 1758//1758 1759//1759
f 1759//1759 1758//1758 1760//1760
f 1759//1759 1760//1760 1761//1761
f 1761//1761 1760//1760 1762//1762
f 1761//1761 1762//1762 1763//1763
f 1644//1644 1685//1685 1642//1642
f 1642//1642 1685//1685 1686//1686
f 1642//1642 1686//1686 1646//1646
f 1646//1646 1686//1686 1687//1687
f 1646//1646 1687//1687 1655//1655
f 1655//1655 1687//1687 1688//1688
f 1655//1655 1688//1688 1654//1654
f 1654//1654 1688//1688 1689//1689
f 1654//1654 1689//1689 1653//1653
f 1653//1653 1689//1689 1683//1683
f 1653//1653 1683//1683 1764//1764
f 1764//1764 1683//1683 1684//1684
f 1764//1764 1684//1684 1765//1765
f 1765//1765 1684//1684 1766//1766
f 1765//1765 1766//1766 1767//1767
f 1767//1767 1766//1766 1768//1768
f 1577//1577 1763//1763 1578//1578
f 1578//1578 1763//1763 1762//1762
f 1578//1578 1762//1762 1769//1769
f 1769//1769 1762//1762 1770//1770
f 1769//1769 1770//1770 1771//1771
f 1771//1771 1770//1770 1772//1772
f 1771//1771 1772//1772 1773//1773
f 885//885 1589//1589 1597//1597
f 1597//1597 1589//1589 1588//1588
f 1597//1597 1588//1588 1756//1756
f 1756//1756 1588//1588 1653//1653
f 1756//1756 1653//1653 1758//1758
f 1758//1758 1653//1653 1764//1764
f 1758//1758 1764//1764 1760//1760
f 1760//1760 1764//1764 1765//1765
f 1760//1760 1765//1765 1762//1762
f 1762//1762 1765//1765 1767//1767
f 1762//1762 1767//1767 1770//1770
f 1770//1770 1767//1767 1768//1768
f 1770//1770 1768//1768 1772//1772
f 1715//1715 1629//1629 1773//1773
f 1773//1773 1629//1629 1627//1627
f 1773//1773 1627//1627 1771//1771
f 1771//1771 1627//1627 1616//1616
f 1771//1771 1616//1616 1769//1769
f 1769//1769 1616//1616 1609//1609
f 1769//1769 1609//1609 1578//1578
f 1578//1578 1609//1609 1611//1611
f 1578//1578 1611//1611 1600//1600
f 1600//1600 1611//1611 1613//1613
f 1600//1600 1613//1613 1601//1601
f 1714//1714 1750//1750 1673//1673
f 1673//1673 1750//1750 1745//1745
f 1673//1673 1745//1745 1674//1674
f 1674//1674 1745//1745 1744//1744
f 1674//1674 1744//1744 1749//1749
f 1749//1749 1744//1744 1743//1743
f 1749//1749 1743//1743 1748//1748
f 1748//1748 1743//1743 1742//1742
f 1748//1748 1742//1742 1747//1747
f 1747//1747 1742//1742 1631//1631
f 1747//1747 1631//1631 1746//1746
f 1746//1746 1631//1631 1633//1633
f 1633//1633 1717//1717 1746//1746
f 1746//1746 1717//1717 1718//1718
f 1746//1746 1718//1718 1734//1734
f 1734//1734 1718//1718 1719//1719
f 1734//1734 1719//1719 1735//1735
f 1735//1735 1719//1719 1716//1716
f 1735//1735 1716//1716 1721//1721
f 1721//1721 1716//1716 1715//1715
f 1721//1721 1715//1715 1723//1723
f 1723//1723 1715//1715 1773//1773
f 1723//1723 1773//1773 1725//1725
f 1725//1725 1773//1773 1772//1772
f 1725//1725 1772//1772 1726//1726
f 1726//1726 1772//1772 1768//1768
f 1726//1726 1768//1768 1727//1727
f 1727//1727 1768//1768 1766//1766
f 1727//1727 1766//1766 1728//1728
f 1728//1728 1766//1766 1684//1684
f 1728//1728 1684//1684 1729//1729
f 1729//1729 1684//1684 1682//1682
f 1729//1729 1682//1682 1659//1659
f 1659//1659 1682//1682 1680//1680
f 1659//1659 1680//1680 1660//1660
f 1660//1660 1680//1680 1678//1678
f 1660//1660 1678//1678 1662//1662
f 1662//1662 1678//1678 1676//1676
f 1662//1662 1676//1676 1665//1665
f 1665//1665 1676//1676 1675//1675
f 1665//1665 1675//1675 1696//1696
f 1696//1696 1675//1675 1685//1685
f 1696//1696 1685//1685 1694//1694
f 1694//1694 1685//1685 1644//1644
f 1694//1694 1644//1644 1692//1692
f 1692//1692 1644//1644 1645//1645
f 1692//1692 1645//1645 1690//1690
f 1774//1774 1513//1513 1775//1775
f 1775//1775 1513//1513 1515//1515
f 1776//1776 92//92 91//91
f 1776//1776 91//91 1777//1777
f 1778//1778 1779//1779 1780//1780
f 1778//1778 1780//1780 1781//1781
f 91//91 1475//1475 1777//1777
f 1777//1777 1475//1475 1478//1478
f 1777//1777 1478//1478 1782//1782
f 1782//1782 1478//1478 1477//1477
f 1782//1782 1477//1477 1780//1780
f 1780//1780 1477//1477 1479//1479
f 1780//1780 1479//1479 1781//1781
f 1783//1783 1483//1483 1784//1784
f 1483//1483 1482//1482 1785//1785
f 1783//1783 1784//1784 1786//1786
f 1787//1787 1788//1788 1564//1564
f 1564//1564 1788//1788 1789//1789
f 1564//1564 1789//1789 1565//1565
f 1787//1787 1790//1790 1788//1788
f 1788//1788 1790//1790 1791//1791
f 1788//1788 1791//1791 1786//1786
f 1559//1559 1558//1558 1565//1565
f 1565//1565 1789//1789 1559//1559
f 1559//1559 1789//1789 1546//1546
f 1559//1559 1546//1546 1545//1545
f 1538//1538 1540//1540 1788//1788
f 1788//1788 1540//1540 1554//1554
f 1788//1788 1554//1554 1789//1789
f 1789//1789 1554//1554 1547//1547
f 1789//1789 1547//1547 1546//1546
f 1786//1786 1784//1784 1788//1788
f 1788//1788 1784//1784 1539//1539
f 1788//1788 1539//1539 1538//1538
f 1480//1480 1481//1481 1792//1792
f 1792//1792 1481//1481 1469//1469
f 1792//1792 1469//1469 1784//1784
f 1784//1784 1469//1469 1468//1468
f 1784//1784 1468//1468 1539//1539
f 1483//1483 1785//1785 1784//1784
f 1784//1784 1785//1785 1793//1793
f 1784//1784 1793//1793 1792//1792
f 1792//1792 1793//1793 1794//1794
f 1792//1792 1794//1794 1795//1795
f 1795//1795 1796//1796 1792//1792
f 1792//1792 1796//1796 1797//1797
f 1792//1792 1797//1797 1779//1779
f 1479//1479 1480//1480 1781//1781
f 1781//1781 1480//1480 1792//1792
f 1781//1781 1792//1792 1778//1778
f 1778//1778 1792//1792 1779//1779
f 1608//1608 158//158 1594//1594
f 1594//1594 158//158 157//157
f 1594//1594 157//157 1595//1595
f 1595//1595 157//157 163//163
f 1595//1595 163//163 1798//1798
f 1798//1798 163//163 1799//1799
f 1603//1603 1502//1502 1604//1604
f 1604//1604 1502//1502 164//164
f 1604//1604 164//164 1606//1606
f 1606//1606 164//164 158//158
f 1606//1606 158//158 1607//1607
f 1607//1607 158//158 1608//1608
f 1613//1613 1503//1503 1601//1601
f 1601//1601 1503//1503 1502//1502
f 1601//1601 1502//1502 1602//1602
f 1602//1602 1502//1502 1603//1603
f 1610//1610 1501//1501 1612//1612
f 1612//1612 1501//1501 1503//1503
f 1612//1612 1503//1503 1613//1613
f 1617//1617 1514//1514 1614//1614
f 1614//1614 1514//1514 1512//1512
f 1614//1614 1512//1512 1615//1615
f 1615//1615 1512//1512 1510//1510
f 1615//1615 1510//1510 1621//1621
f 1621//1621 1510//1510 1508//1508
f 1621//1621 1508//1508 1622//1622
f 1508//1508 1507//1507 1622//1622
f 1622//1622 1507//1507 1517//1517
f 1622//1622 1517//1517 1623//1623
f 1623//1623 1517//1517 1516//1516
f 1623//1623 1516//1516 1624//1624
f 1624//1624 1516//1516 1498//1498
f 1624//1624 1498//1498 1625//1625
f 1625//1625 1498//1498 1497//1497
f 1625//1625 1497//1497 1626//1626
f 1626//1626 1497//1497 1501//1501
f 1626//1626 1501//1501 1610//1610
f 1800//1800 1801//1801 1802//1802
f 1802//1802 1801//1801 1803//1803
f 1802//1802 1803//1803 1804//1804
f 1805//1805 1806//1806 1804//1804
f 1807//1807 1808//1808 1809//1809
f 1809//1809 1808//1808 1810//1810
f 1809//1809 1810//1810 1811//1811
f 1807//1807 1812//1812 1808//1808
f 1808//1808 1812//1812 1813//1813
f 1808//1808 1813//1813 1814//1814
f 1815//1815 1816//1816 1817//1817
f 1818//1818 1819//1819 1820//1820
f 1817//1817 1821//1821 1815//1815
f 1815//1815 1821//1821 1818//1818
f 1815//1815 1818//1818 1822//1822
f 1822//1822 1818//1818 1820//1820
f 1822//1822 1820//1820 1755//1755
f 1823//1823 1824//1824 1809//1809
f 1809//1809 1824//1824 1825//1825
f 1809//1809 1825//1825 1807//1807
f 1807//1807 1825//1825 1826//1826
f 1807//1807 1826//1826 1812//1812
f 1812//1812 1826//1826 1817//1817
f 1812//1812 1817//1817 1813//1813
f 1813//1813 1817//1817 1816//1816
f 1813//1813 1816//1816 1814//1814
f 1805//1805 1804//1804 1827//1827
f 1827//1827 1804//1804 1803//1803
f 1827//1827 1803//1803 1828//1828
f 1811//1811 1806//1806 1809//1809
f 1809//1809 1806//1806 1805//1805
f 1809//1809 1805//1805 1823//1823
f 1823//1823 1805//1805 1827//1827
f 1823//1823 1827//1827 1829//1829
f 1829//1829 1827//1827 1828//1828
f 1829//1829 1828//1828 1830//1830
f 1831//1831 1832//1832 1801//1801
f 1833//1833 1785//1785 1834//1834
f 1834//1834 1785//1785 1482//1482
f 1834//1834 1482//1482 1800//1800
f 1800//1800 1482//1482 1484//1484
f 1800//1800 1484//1484 1801//1801
f 1801//1801 1484//1484 1485//1485
f 1801//1801 1485//1485 1831//1831
f 1513//1513 1774//1774 1528//1528
f 1528//1528 1774//1774 1835//1835
f 1528//1528 1835//1835 1529//1529
f 1529//1529 1835//1835 1530//1530
f 1530//1530 1835//1835 1527//1527
f 1527//1527 1835//1835 1836//1836
f 1527//1527 1836//1836 1837//1837
f 1837//1837 1838//1838 1527//1527
f 1527//1527 1838//1838 1839//1839
f 1527//1527 1839//1839 1524//1524
f 1524//1524 1839//1839 1840//1840
f 1524//1524 1840//1840 1575//1575
f 1575//1575 1840//1840 1841//1841
f 1787//1787 1564//1564 1566//1566
f 1842//1842 1843//1843 1790//1790
f 1566//1566 1844//1844 1787//1787
f 1787//1787 1844//1844 1845//1845
f 1787//1787 1845//1845 1790//1790
f 1790//1790 1845//1845 1846//1846
f 1790//1790 1846//1846 1842//1842
f 1843//1843 1832//1832 1790//1790
f 1790//1790 1832//1832 1831//1831
f 1790//1790 1831//1831 1791//1791
f 1791//1791 1831//1831 1786//1786
f 1485//1485 1483//1483 1831//1831
f 1831//1831 1483//1483 1783//1783
f 1831//1831 1783//1783 1786//1786
f 1847//1847 1848//1848 1569//1569
f 1569//1569 1848//1848 1849//1849
f 1569//1569 1849//1849 1568//1568
f 1568//1568 1849//1849 1844//1844
f 1568//1568 1844//1844 1567//1567
f 1567//1567 1844//1844 1566//1566
f 1569//1569 1570//1570 1847//1847
f 1847//1847 1570//1570 1571//1571
f 1847//1847 1571//1571 1850//1850
f 1850//1850 1571//1571 1572//1572
f 1850//1850 1572//1572 1851//1851
f 1851//1851 1572//1572 1573//1573
f 1851//1851 1573//1573 1841//1841
f 1841//1841 1573//1573 1574//1574
f 1841//1841 1574//1574 1575//1575
f 1514//1514 1617//1617 1515//1515
f 1515//1515 1617//1617 1619//1619
f 1515//1515 1619//1619 1775//1775
f 1775//1775 1619//1619 1618//1618
f 1775//1775 1618//1618 1774//1774
f 1774//1774 1618//1618 1852//1852
f 1774//1774 1852//1852 1835//1835
f 1835//1835 1852//1852 1836//1836
f 1853//1853 1777//1777 1854//1854
f 1854//1854 1777//1777 1782//1782
f 1854//1854 1782//1782 1855//1855
f 1856//1856 1855//1855 1782//1782
f 1785//1785 1833//1833 1793//1793
f 1793//1793 1833//1833 1857//1857
f 1793//1793 1857//1857 1794//1794
f 1794//1794 1857//1857 1858//1858
f 1794//1794 1858//1858 1795//1795
f 1795//1795 1858//1858 1859//1859
f 1795//1795 1859//1859 1796//1796
f 1796//1796 1859//1859 1860//1860
f 1796//1796 1860//1860 1797//1797
f 1797//1797 1860//1860 1861//1861
f 1797//1797 1861//1861 1779//1779
f 1779//1779 1861//1861 1862//1862
f 1779//1779 1862//1862 1780//1780
f 1780//1780 1862//1862 1863//1863
f 1780//1780 1863//1863 1782//1782
f 1782//1782 1863//1863 1864//1864
f 1782//1782 1864//1864 1856//1856
f 1865//1865 1866//1866 96//96
f 1865//1865 96//96 1867//1867
f 1867//1867 96//96 93//93
f 1867//1867 93//93 1868//1868
f 1866//1866 1869//1869 96//96
f 96//96 1869//1869 1870//1870
f 96//96 1870//1870 97//97
f 97//97 1870//1870 1871//1871
f 97//97 1871//1871 1872//1872
f 1868//1868 93//93 1873//1873
f 1873//1873 93//93 92//92
f 1873//1873 92//92 1874//1874
f 1874//1874 92//92 1776//1776
f 1874//1874 1776//1776 1875//1875
f 1875//1875 1776//1776 1777//1777
f 1875//1875 1777//1777 1853//1853
f 1876//1876 1877//1877 1878//1878
f 98//98 97//97 1878//1878
f 1878//1878 97//97 1872//1872
f 1878//1878 1872//1872 1876//1876
f 670//670 639//639 1879//1879
f 1880//1880 1881//1881 1882//1882
f 699//699 700//700 1883//1883
f 1884//1884 1885//1885 1886//1886
f 1887//1887 1888//1888 1889//1889
f 1872//1872 1871//1871 1890//1890
f 1872//1872 1890//1890 1876//1876
f 1876//1876 1890//1890 1891//1891
f 1876//1876 1891//1891 1892//1892
f 1892//1892 1893//1893 1876//1876
f 1876//1876 1893//1893 1894//1894
f 1876//1876 1894//1894 1895//1895
f 1895//1895 1896//1896 1876//1876
f 1876//1876 1896//1896 1897//1897
f 1876//1876 1897//1897 1877//1877
f 1871//1871 1870//1870 1890//1890
f 1890//1890 1870//1870 1898//1898
f 1890//1890 1898//1898 1899//1899
f 1900//1900 1901//1901 1902//1902
f 1902//1902 1901//1901 1903//1903
f 1902//1902 1903//1903 1904//1904
f 950//950 949//949 1905//1905
f 1905//1905 949//949 1242//1242
f 1242//1242 1241//1241 1905//1905
f 1905//1905 1241//1241 1240//1240
f 1905//1905 1240//1240 1239//1239
f 1906//1906 856//856 853//853
f 853//853 852//852 1906//1906
f 1906//1906 852//852 944//944
f 1906//1906 944//944 942//942
f 1907//1907 1888//1888 1908//1908
f 1908//1908 1888//1888 1887//1887
f 1908//1908 1887//1887 1909//1909
f 1910//1910 1909//1909 1911//1911
f 1911//1911 1909//1909 1887//1887
f 1911//1911 1887//1887 1912//1912
f 1912//1912 1887//1887 1889//1889
f 1912//1912 1889//1889 1913//1913
f 1913//1913 1889//1889 1914//1914
f 1913//1913 1914//1914 1915//1915
f 1915//1915 1914//1914 1916//1916
f 1239//1239 1884//1884 1905//1905
f 1905//1905 1884//1884 1886//1886
f 1905//1905 1886//1886 950//950
f 950//950 1886//1886 1906//1906
f 950//950 1906//1906 941//941
f 941//941 1906//1906 942//942
f 700//700 1916//1916 1883//1883
f 1883//1883 1916//1916 1914//1914
f 1883//1883 1914//1914 1885//1885
f 1885//1885 1914//1914 1889//1889
f 1885//1885 1889//1889 1886//1886
f 1886//1886 1889//1889 1888//1888
f 1886//1886 1888//1888 1906//1906
f 1906//1906 1888//1888 1907//1907
f 1906//1906 1907//1907 856//856
f 1256//1256 708//708 1917//1917
f 1917//1917 708//708 709//709
f 1917//1917 709//709 1918//1918
f 1918//1918 709//709 703//703
f 1918//1918 703//703 698//698
f 1239//1239 1256//1256 1884//1884
f 1884//1884 1256//1256 1917//1917
f 1884//1884 1917//1917 1885//1885
f 1885//1885 1917//1917 1918//1918
f 1885//1885 1918//1918 1883//1883
f 1883//1883 1918//1918 698//698
f 1883//1883 698//698 699//699
f 638//638 1919//1919 1920//1920
f 1920//1920 1919//1919 1900//1900
f 1920//1920 1900//1900 1921//1921
f 1921//1921 1900//1900 1902//1902
f 1921//1921 1902//1902 1922//1922
f 1922//1922 1902//1902 1904//1904
f 1922//1922 1904//1904 1923//1923
f 1923//1923 1880//1880 1924//1924
f 1923//1923 1924//1924 1922//1922
f 1922//1922 1924//1924 1925//1925
f 1922//1922 1925//1925 1921//1921
f 1921//1921 1925//1925 1879//1879
f 1921//1921 1879//1879 1920//1920
f 1920//1920 1879//1879 639//639
f 1920//1920 639//639 638//638
f 1898//1898 1926//1926 1899//1899
f 1899//1899 1926//1926 1927//1927
f 1899//1899 1927//1927 1928//1928
f 1927//1927 1929//1929 1928//1928
f 1928//1928 1929//1929 1930//1930
f 1928//1928 1930//1930 1911//1911
f 1911//1911 1930//1930 1931//1931
f 1911//1911 1931//1931 1910//1910
f 1880//1880 1882//1882 1924//1924
f 1924//1924 1882//1882 1932//1932
f 1924//1924 1932//1932 1925//1925
f 1925//1925 1932//1932 1933//1933
f 1925//1925 1933//1933 1879//1879
f 1879//1879 1933//1933 668//668
f 1879//1879 668//668 670//670
f 1903//1903 1890//1890 1904//1904
f 1904//1904 1890//1890 1899//1899
f 1904//1904 1899//1899 1923//1923
f 1923//1923 1899//1899 1928//1928
f 1923//1923 1928//1928 1880//1880
f 1880//1880 1928//1928 1911//1911
f 1880//1880 1911//1911 1881//1881
f 1881//1881 1911//1911 1912//1912
f 1881//1881 1912//1912 1882//1882
f 1882//1882 1912//1912 1913//1913
f 1882//1882 1913//1913 1932//1932
f 1932//1932 1913//1913 1915//1915
f 1932//1932 1915//1915 1933//1933
f 1933//1933 1915//1915 1916//1916
f 1933//1933 1916//1916 668//668
f 668//668 1916//1916 700//700
f 1934//1934 1935//1935 1936//1936
f 1934//1934 1891//1891 1890//1890
f 1934//1934 1936//1936 1937//1937
f 1937//1937 1936//1936 1938//1938
f 1937//1937 1938//1938 1939//1939
f 70//70 1939//1939 69//69
f 69//69 1939//1939 1938//1938
f 69//69 1938//1938 67//67
f 59//59 61//61 1940//1940
f 63//63 67//67 1941//1941
f 1941//1941 67//67 1938//1938
f 1941//1941 1938//1938 1942//1942
f 1942//1942 1938//1938 1936//1936
f 1942//1942 1936//1936 1943//1943
f 1943//1943 1936//1936 1935//1935
f 61//61 63//63 1940//1940
f 1940//1940 63//63 1941//1941
f 1940//1940 1941//1941 1944//1944
f 1944//1944 1941//1941 1942//1942
f 1944//1944 1942//1942 1945//1945
f 1945//1945 1942//1942 1943//1943
f 1934//1934 1890//1890 1935//1935
f 1935//1935 1890//1890 1903//1903
f 1935//1935 1903//1903 1943//1943
f 1943//1943 1903//1903 1901//1901
f 1943//1943 1901//1901 1945//1945
f 1945//1945 1901//1901 1900//1900
f 1945//1945 1900//1900 1919//1919
f 59//59 1940//1940 725//725
f 725//725 1940//1940 1944//1944
f 725//725 1944//1944 726//726
f 726//726 1944//1944 1945//1945
f 726//726 1945//1945 722//722
f 722//722 1945//1945 1919//1919
f 722//722 1919//1919 638//638
f 76//76 1892//1892 78//78
f 78//78 1892//1892 1891//1891
f 78//78 1891//1891 79//79
f 99//99 1897//1897 82//82
f 82//82 1897//1897 1896//1896
f 82//82 1896//1896 73//73
f 73//73 1896//1896 1895//1895
f 73//73 1895//1895 74//74
f 74//74 1895//1895 1894//1894
f 74//74 1894//1894 76//76
f 76//76 1894//1894 1893//1893
f 76//76 1893//1893 1892//1892
f 99//99 98//98 1897//1897
f 1897//1897 98//98 1878//1878
f 1897//1897 1878//1878 1877//1877
f 1891//1891 1934//1934 79//79
f 79//79 1934//1934 1937//1937
f 79//79 1937//1937 80//80
f 80//80 1937//1937 1939//1939
f 80//80 1939//1939 81//81
f 81//81 1939//1939 70//70
f 81//81 70//70 71//71
f 1946//1946 1947//1947 1948//1948
f 1347//1347 1346//1346 1949//1949
f 1605//1605 1596//1596 1950//1950
f 1950//1950 1596//1596 1595//1595
f 1950//1950 1595//1595 1798//1798
f 1951//1951 1952//1952 1953//1953
f 1953//1953 1952//1952 1954//1954
f 1798//1798 1799//1799 1953//1953
f 1953//1953 1799//1799 1955//1955
f 1953//1953 1955//1955 1956//1956
f 1956//1956 1957//1957 1953//1953
f 1953//1953 1957//1957 1958//1958
f 1953//1953 1958//1958 1951//1951
f 1954//1954 1959//1959 1953//1953
f 1953//1953 1959//1959 1960//1960
f 1953//1953 1960//1960 1798//1798
f 1798//1798 1960//1960 1961//1961
f 1798//1798 1961//1961 1950//1950
f 1346//1346 1348//1348 1949//1949
f 1949//1949 1348//1348 1341//1341
f 1949//1949 1341//1341 871//871
f 1326//1326 1325//1325 1962//1962
f 1962//1962 1325//1325 1323//1323
f 1963//1963 1316//1316 1315//1315
f 1963//1963 650//650 1316//1316
f 1316//1316 650//650 649//649
f 1316//1316 649//649 655//655
f 1964//1964 1965//1965 1966//1966
f 1966//1966 1965//1965 653//653
f 1966//1966 653//653 652//652
f 1605//1605 1950//1950 1967//1967
f 1967//1967 1950//1950 1968//1968
f 1967//1967 1968//1968 1969//1969
f 718//718 716//716 1963//1963
f 1963//1963 716//716 715//715
f 1963//1963 715//715 650//650
f 628//628 719//719 1948//1948
f 628//628 1970//1970 629//629
f 629//629 1970//1970 1971//1971
f 629//629 1971//1971 692//692
f 692//692 1971//1971 1972//1972
f 692//692 1972//1972 693//693
f 719//719 718//718 1948//1948
f 1948//1948 718//718 1963//1963
f 1948//1948 1963//1963 1946//1946
f 1946//1946 1963//1963 1315//1315
f 1946//1946 1315//1315 1317//1317
f 1317//1317 1326//1326 1946//1946
f 1946//1946 1326//1326 1962//1962
f 1946//1946 1962//1962 1947//1947
f 1947//1947 1962//1962 1973//1973
f 1947//1947 1973//1973 1974//1974
f 1974//1974 1973//1973 1975//1975
f 1974//1974 1975//1975 1976//1976
f 1976//1976 1975//1975 1977//1977
f 1976//1976 1977//1977 1978//1978
f 1978//1978 1977//1977 1979//1979
f 1978//1978 1979//1979 1980//1980
f 1323//1323 1322//1322 1962//1962
f 1962//1962 1322//1322 1347//1347
f 1962//1962 1347//1347 1973//1973
f 1973//1973 1347//1347 1949//1949
f 1973//1973 1949//1949 1975//1975
f 1975//1975 1949//1949 1981//1981
f 1975//1975 1981//1981 1977//1977
f 1977//1977 1981//1981 1982//1982
f 1977//1977 1982//1982 1979//1979
f 1979//1979 1982//1982 1983//1983
f 1979//1979 1983//1983 1980//1980
f 871//871 868//868 1949//1949
f 1949//1949 868//868 867//867
f 1949//1949 867//867 1981//1981
f 1981//1981 867//867 1599//1599
f 1981//1981 1599//1599 1982//1982
f 1982//1982 1599//1599 1757//1757
f 1982//1982 1757//1757 1983//1983
f 1577//1577 1576//1576 1984//1984
f 1984//1984 1576//1576 1600//1600
f 1985//1985 1965//1965 1986//1986
f 1986//1986 1965//1965 1964//1964
f 1986//1986 1964//1964 1987//1987
f 1987//1987 1964//1964 1966//1966
f 1987//1987 1966//1966 1988//1988
f 1988//1988 1966//1966 652//652
f 1988//1988 652//652 695//695
f 1970//1970 1989//1989 1971//1971
f 1971//1971 1989//1989 1990//1990
f 1971//1971 1990//1990 1972//1972
f 1972//1972 1990//1990 1991//1991
f 1972//1972 1991//1991 1992//1992
f 1992//1992 1991//1991 1993//1993
f 1992//1992 1993//1993 1994//1994
f 1994//1994 1993//1993 1995//1995
f 1994//1994 1995//1995 1969//1969
f 1969//1969 1995//1995 1984//1984
f 1969//1969 1984//1984 1967//1967
f 1967//1967 1984//1984 1600//1600
f 1967//1967 1600//1600 1605//1605
f 1968//1968 1985//1985 1969//1969
f 1969//1969 1985//1985 1986//1986
f 1969//1969 1986//1986 1994//1994
f 1994//1994 1986//1986 1987//1987
f 1994//1994 1987//1987 1992//1992
f 1992//1992 1987//1987 1988//1988
f 1992//1992 1988//1988 1972//1972
f 1972//1972 1988//1988 695//695
f 1972//1972 695//695 693//693
f 1757//1757 1759//1759 1983//1983
f 1983//1983 1759//1759 1761//1761
f 1983//1983 1761//1761 1763//1763
f 628//628 1948//1948 1970//1970
f 1970//1970 1948//1948 1947//1947
f 1970//1970 1947//1947 1989//1989
f 1989//1989 1947//1947 1974//1974
f 1989//1989 1974//1974 1990//1990
f 1990//1990 1974//1974 1976//1976
f 1990//1990 1976//1976 1991//1991
f 1991//1991 1976//1976 1978//1978
f 1991//1991 1978//1978 1993//1993
f 1993//1993 1978//1978 1980//1980
f 1993//1993 1980//1980 1995//1995
f 1995//1995 1980//1980 1983//1983
f 1995//1995 1983//1983 1984//1984
f 1984//1984 1983//1983 1763//1763
f 1984//1984 1763//1763 1577//1577
f 1996//1996 1997//1997 1998//1998
f 1998//1998 1997//1997 1999//1999
f 1998//1998 1999//1999 2000//2000
f 2000//2000 1999//1999 2001//2001
f 1999//1999 2002//2002 2001//2001
f 2001//2001 2002//2002 2003//2003
f 2001//2001 2003//2003 2004//2004
f 2004//2004 2003//2003 2005//2005
f 2004//2004 2005//2005 1032//1032
f 1032//1032 2005//2005 1034//1034
f 1034//1034 2005//2005 2006//2006
f 1034//1034 2006//2006 600//600
f 594//594 603//603 595//595
f 595//595 603//603 2007//2007
f 595//595 2007//2007 597//597
f 597//597 2007//2007 599//599
f 603//603 605//605 2007//2007
f 2007//2007 605//605 1034//1034
f 2007//2007 1034//1034 599//599
f 599//599 1034//1034 600//600
f 1037//1037 653//653 1965//1965
f 2008//2008 2009//2009 2010//2010
f 2004//2004 2011//2011 2001//2001
f 2001//2001 2011//2011 2012//2012
f 2013//2013 1996//1996 2014//2014
f 2014//2014 1996//1996 1998//1998
f 2014//2014 1998//1998 2012//2012
f 2012//2012 1998//1998 2000//2000
f 2012//2012 2000//2000 2001//2001
f 1035//1035 2011//2011 1031//1031
f 1031//1031 2011//2011 2004//2004
f 1031//1031 2004//2004 1032//1032
f 2013//2013 2014//2014 2015//2015
f 2015//2015 2014//2014 2012//2012
f 2015//2015 2012//2012 2016//2016
f 2016//2016 2012//2012 2011//2011
f 2016//2016 2011//2011 2017//2017
f 2017//2017 2011//2011 1035//1035
f 2017//2017 1035//1035 1036//1036
f 1036//1036 2018//2018 2017//2017
f 2017//2017 2018//2018 2019//2019
f 2017//2017 2019//2019 2016//2016
f 2016//2016 2019//2019 2008//2008
f 2016//2016 2008//2008 2015//2015
f 2015//2015 2008//2008 2010//2010
f 2015//2015 2010//2010 2013//2013
f 1950//1950 2009//2009 1968//1968
f 1968//1968 2009//2009 2008//2008
f 1968//1968 2008//2008 1985//1985
f 1985//1985 2008//2008 2019//2019
f 1985//1985 2019//2019 1965//1965
f 1965//1965 2019//2019 2018//2018
f 1965//1965 2018//2018 1037//1037
f 1037//1037 2018//2018 1036//1036
f 1997//1997 1996//1996 2020//2020
f 2020//2020 1996//1996 2013//2013
f 179//179 178//178 2009//2009
f 2009//2009 178//178 2020//2020
f 2009//2009 2020//2020 2010//2010
f 2010//2010 2020//2020 2013//2013
f 1961//1961 182//182 181//181
f 179//179 2009//2009 181//181
f 181//181 2009//2009 1950//1950
f 181//181 1950//1950 1961//1961
f 1958//1958 161//161 160//160
f 1961//1961 1960//1960 182//182
f 182//182 1960//1960 1959//1959
f 182//182 1959//1959 176//176
f 176//176 1959//1959 1954//1954
f 176//176 1954//1954 177//177
f 177//177 1954//1954 1952//1952
f 177//177 1952//1952 160//160
f 160//160 1952//1952 1951//1951
f 160//160 1951//1951 1958//1958
f 1799//1799 163//163 1955//1955
f 1955//1955 163//163 162//162
f 1955//1955 162//162 1956//1956
f 1956//1956 162//162 161//161
f 1956//1956 161//161 1957//1957
f 1957//1957 161//161 1958//1958
f 2021//2021 2022//2022 2023//2023
f 2024//2024 2025//2025 2026//2026
f 2021//2021 2023//2023 2026//2026
f 2026//2026 2023//2023 2027//2027
f 2026//2026 2027//2027 2024//2024
f 1843//1843 1842//1842 2028//2028
f 1846//1846 1845//1845 2029//2029
f 1844//1844 1849//1849 2030//2030
f 1851//1851 2031//2031 2022//2022
f 1852//1852 2032//2032 1836//1836
f 1836//1836 2032//2032 2033//2033
f 1836//1836 2033//2033 1837//1837
f 1837//1837 2033//2033 2034//2034
f 1837//1837 2034//2034 1838//1838
f 2034//2034 2035//2035 1838//1838
f 1838//1838 2035//2035 2036//2036
f 1838//1838 2036//2036 1839//1839
f 1839//1839 2036//2036 2037//2037
f 1839//1839 2037//2037 1840//1840
f 2030//2030 1849//1849 2021//2021
f 1840//1840 2037//2037 1841//1841
f 1841//1841 2037//2037 2038//2038
f 1841//1841 2038//2038 1851//1851
f 1851//1851 2038//2038 2039//2039
f 1851//1851 2039//2039 2031//2031
f 1849//1849 1848//1848 2021//2021
f 2021//2021 1848//1848 1847//1847
f 2021//2021 1847//1847 2022//2022
f 2022//2022 1847//1847 1850//1850
f 2022//2022 1850//1850 1851//1851
f 2029//2029 1845//1845 2040//2040
f 1844//1844 2030//2030 1845//1845
f 1845//1845 2030//2030 2041//2041
f 1845//1845 2041//2041 2040//2040
f 2028//2028 1842//1842 2042//2042
f 1846//1846 2029//2029 1842//1842
f 1842//1842 2029//2029 2043//2043
f 1842//1842 2043//2043 2042//2042
f 1803//1803 1801//1801 2028//2028
f 2028//2028 1801//1801 1832//1832
f 2028//2028 1832//1832 1843//1843
f 1634//1634 1636//1636 2044//2044
f 2045//2045 2046//2046 2047//2047
f 2047//2047 2046//2046 2048//2048
f 2047//2047 2048//2048 2049//2049
f 2050//2050 2051//2051 2045//2045
f 2045//2045 2051//2051 2052//2052
f 2045//2045 2052//2052 2046//2046
f 2045//2045 2053//2053 2050//2050
f 2050//2050 2053//2053 2054//2054
f 2050//2050 2054//2054 2055//2055
f 1730//1730 1755//1755 1820//1820
f 2044//2044 1636//1636 2056//2056
f 2056//2056 1636//1636 1635//1635
f 2056//2056 1635//1635 2057//2057
f 2057//2057 1635//1635 1730//1730
f 2057//2057 1730//1730 2058//2058
f 2058//2058 1730//1730 1820//1820
f 2058//2058 1820//1820 1819//1819
f 1620//1620 1628//1628 2049//2049
f 2049//2049 1628//1628 1630//1630
f 2049//2049 1630//1630 2047//2047
f 2047//2047 1630//1630 1717//1717
f 2047//2047 1717//1717 2045//2045
f 2045//2045 1717//1717 1633//1633
f 2045//2045 1633//1633 2053//2053
f 2053//2053 1633//1633 1632//1632
f 2053//2053 1632//1632 2054//2054
f 2054//2054 1632//1632 1634//1634
f 2054//2054 1634//1634 2055//2055
f 2055//2055 1634//1634 2044//2044
f 1852//1852 1618//1618 1620//1620
f 1852//1852 1620//1620 2032//2032
f 2032//2032 1620//1620 2049//2049
f 2032//2032 2049//2049 2059//2059
f 2059//2059 2049//2049 2048//2048
f 2059//2059 2048//2048 2060//2060
f 2052//2052 2051//2051 379//379
f 1824//1824 1823//1823 2061//2061
f 1830//1830 2062//2062 1829//1829
f 1829//1829 2062//2062 2063//2063
f 2063//2063 2064//2064 1829//1829
f 1829//1829 2064//2064 2065//2065
f 1829//1829 2065//2065 1823//1823
f 1823//1823 2065//2065 2066//2066
f 1823//1823 2066//2066 2061//2061
f 2061//2061 369//369 1824//1824
f 1824//1824 369//369 371//371
f 1824//1824 371//371 1825//1825
f 1825//1825 371//371 373//373
f 1825//1825 373//373 1826//1826
f 1826//1826 373//373 374//374
f 1826//1826 374//374 1817//1817
f 1817//1817 374//374 367//367
f 1817//1817 367//367 1821//1821
f 1821//1821 367//367 365//365
f 1821//1821 365//365 1818//1818
f 1818//1818 365//365 363//363
f 358//358 2057//2057 361//361
f 361//361 2057//2057 2058//2058
f 361//361 2058//2058 363//363
f 363//363 2058//2058 1819//1819
f 363//363 1819//1819 1818//1818
f 357//357 2044//2044 358//358
f 358//358 2044//2044 2056//2056
f 358//358 2056//2056 2057//2057
f 379//379 2051//2051 377//377
f 377//377 2051//2051 2050//2050
f 377//377 2050//2050 357//357
f 357//357 2050//2050 2055//2055
f 357//357 2055//2055 2044//2044
f 2052//2052 379//379 2046//2046
f 2046//2046 379//379 381//381
f 2046//2046 381//381 2048//2048
f 381//381 2067//2067 2048//2048
f 2048//2048 2067//2067 2068//2068
f 2048//2048 2068//2068 2069//2069
f 2069//2069 2070//2070 2048//2048
f 2048//2048 2070//2070 2071//2071
f 2048//2048 2071//2071 2072//2072
f 2072//2072 2073//2073 2048//2048
f 2048//2048 2073//2073 2074//2074
f 2048//2048 2074//2074 2060//2060
f 381//381 380//380 2075//2075
f 2037//2037 2036//2036 2076//2076
f 2077//2077 2059//2059 2078//2078
f 2078//2078 2059//2059 2060//2060
f 2078//2078 2060//2060 2079//2079
f 2079//2079 2060//2060 2074//2074
f 2034//2034 2033//2033 2077//2077
f 2077//2077 2033//2033 2032//2032
f 2077//2077 2032//2032 2059//2059
f 2080//2080 2081//2081 2038//2038
f 2038//2038 2081//2081 2082//2082
f 2038//2038 2082//2082 2039//2039
f 2039//2039 2082//2082 2083//2083
f 2084//2084 2022//2022 2031//2031
f 380//380 378//378 2075//2075
f 2075//2075 378//378 2085//2085
f 2075//2075 2085//2085 2086//2086
f 2087//2087 2067//2067 381//381
f 2069//2069 2088//2088 2070//2070
f 2070//2070 2088//2088 2089//2089
f 2070//2070 2089//2089 2071//2071
f 2090//2090 2073//2073 2091//2091
f 2091//2091 2073//2073 2072//2072
f 381//381 2075//2075 2087//2087
f 2087//2087 2075//2075 2086//2086
f 2087//2087 2086//2086 2067//2067
f 2067//2067 2086//2086 2092//2092
f 2067//2067 2092//2092 2068//2068
f 2085//2085 2093//2093 2094//2094
f 2094//2094 2093//2093 2095//2095
f 2081//2081 2096//2096 2082//2082
f 2082//2082 2096//2096 2097//2097
f 2082//2082 2097//2097 2083//2083
f 2083//2083 2097//2097 2098//2098
f 2074//2074 2073//2073 2079//2079
f 2079//2079 2073//2073 2090//2090
f 2079//2079 2090//2090 2078//2078
f 2078//2078 2090//2090 2099//2099
f 2078//2078 2099//2099 2077//2077
f 2077//2077 2099//2099 2100//2100
f 2077//2077 2100//2100 2034//2034
f 2091//2091 2101//2101 2090//2090
f 2090//2090 2101//2101 2102//2102
f 2090//2090 2102//2102 2099//2099
f 2099//2099 2102//2102 2103//2103
f 2099//2099 2103//2103 2100//2100
f 2100//2100 2103//2103 2104//2104
f 2100//2100 2104//2104 2034//2034
f 2034//2034 2104//2104 2035//2035
f 2036//2036 2035//2035 2076//2076
f 2076//2076 2035//2035 2104//2104
f 2076//2076 2104//2104 2105//2105
f 2105//2105 2104//2104 2103//2103
f 2105//2105 2103//2103 2106//2106
f 2106//2106 2103//2103 2102//2102
f 2106//2106 2102//2102 2107//2107
f 2107//2107 2102//2102 2101//2101
f 2085//2085 2094//2094 2086//2086
f 2086//2086 2094//2094 2088//2088
f 2086//2086 2088//2088 2092//2092
f 2092//2092 2088//2088 2069//2069
f 2092//2092 2069//2069 2068//2068
f 2108//2108 2109//2109 2098//2098
f 2098//2098 2109//2109 2084//2084
f 2098//2098 2084//2084 2083//2083
f 2083//2083 2084//2084 2031//2031
f 2083//2083 2031//2031 2039//2039
f 2096//2096 2095//2095 2097//2097
f 2097//2097 2095//2095 2093//2093
f 2097//2097 2093//2093 2098//2098
f 2098//2098 2093//2093 2085//2085
f 2098//2098 2085//2085 2108//2108
f 2108//2108 2085//2085 378//378
f 2108//2108 378//378 376//376
f 2038//2038 2037//2037 2080//2080
f 2080//2080 2037//2037 2076//2076
f 2080//2080 2076//2076 2081//2081
f 2081//2081 2076//2076 2105//2105
f 2081//2081 2105//2105 2096//2096
f 2096//2096 2105//2105 2106//2106
f 2096//2096 2106//2106 2095//2095
f 2095//2095 2106//2106 2107//2107
f 2095//2095 2107//2107 2094//2094
f 2094//2094 2107//2107 2101//2101
f 2094//2094 2101//2101 2088//2088
f 2088//2088 2101//2101 2091//2091
f 2088//2088 2091//2091 2089//2089
f 2089//2089 2091//2091 2072//2072
f 2089//2089 2072//2072 2071//2071
f 2030//2030 2021//2021 2110//2110
f 2062//2062 2111//2111 2063//2063
f 2063//2063 2111//2111 2112//2112
f 2063//2063 2112//2112 2064//2064
f 2064//2064 2112//2112 2113//2113
f 2064//2064 2113//2113 2065//2065
f 2065//2065 2113//2113 2066//2066
f 2028//2028 2042//2042 2114//2114
f 2062//2062 1830//1830 2111//2111
f 2111//2111 1830//1830 1828//1828
f 2111//2111 1828//1828 2115//2115
f 2115//2115 1828//1828 1803//1803
f 2115//2115 1803//1803 2116//2116
f 2043//2043 2029//2029 2117//2117
f 2117//2117 2029//2029 2118//2118
f 2117//2117 2118//2118 2119//2119
f 2119//2119 2118//2118 2120//2120
f 2119//2119 2120//2120 2121//2121
f 2121//2121 2120//2120 2122//2122
f 2121//2121 2122//2122 2123//2123
f 2123//2123 2122//2122 2124//2124
f 2123//2123 2124//2124 2125//2125
f 1803//1803 2028//2028 2116//2116
f 2116//2116 2028//2028 2114//2114
f 2116//2116 2114//2114 2115//2115
f 2115//2115 2114//2114 2126//2126
f 2115//2115 2126//2126 2111//2111
f 2111//2111 2126//2126 2127//2127
f 2111//2111 2127//2127 2112//2112
f 2040//2040 2041//2041 2128//2128
f 2128//2128 2041//2041 2129//2129
f 2128//2128 2129//2129 2130//2130
f 2130//2130 2129//2129 2131//2131
f 2130//2130 2131//2131 2132//2132
f 2132//2132 2131//2131 2133//2133
f 2132//2132 2133//2133 2134//2134
f 2133//2133 2135//2135 2134//2134
f 2134//2134 2135//2135 2136//2136
f 2134//2134 2136//2136 2137//2137
f 2137//2137 2136//2136 370//370
f 2137//2137 370//370 369//369
f 2041//2041 2030//2030 2129//2129
f 2129//2129 2030//2030 2110//2110
f 2129//2129 2110//2110 2131//2131
f 2131//2131 2110//2110 2138//2138
f 2131//2131 2138//2138 2133//2133
f 2133//2133 2138//2138 2139//2139
f 2133//2133 2139//2139 2135//2135
f 2135//2135 2139//2139 2140//2140
f 2135//2135 2140//2140 2136//2136
f 2136//2136 2140//2140 2141//2141
f 2136//2136 2141//2141 370//370
f 370//370 2141//2141 372//372
f 2029//2029 2040//2040 2118//2118
f 2118//2118 2040//2040 2128//2128
f 2118//2118 2128//2128 2120//2120
f 2120//2120 2128//2128 2130//2130
f 2120//2120 2130//2130 2122//2122
f 2122//2122 2130//2130 2132//2132
f 2122//2122 2132//2132 2124//2124
f 2124//2124 2132//2132 2134//2134
f 2124//2124 2134//2134 2125//2125
f 2125//2125 2134//2134 2137//2137
f 2125//2125 2137//2137 2142//2142
f 2142//2142 2137//2137 369//369
f 2142//2142 369//369 2143//2143
f 2143//2143 369//369 2061//2061
f 2143//2143 2061//2061 2142//2142
f 2142//2142 2061//2061 2066//2066
f 2142//2142 2066//2066 2125//2125
f 2125//2125 2066//2066 2113//2113
f 2125//2125 2113//2113 2123//2123
f 2123//2123 2113//2113 2112//2112
f 2123//2123 2112//2112 2121//2121
f 2121//2121 2112//2112 2127//2127
f 2121//2121 2127//2127 2119//2119
f 2119//2119 2127//2127 2126//2126
f 2119//2119 2126//2126 2117//2117
f 2117//2117 2126//2126 2114//2114
f 2117//2117 2114//2114 2043//2043
f 2043//2043 2114//2114 2042//2042
f 2144//2144 362//362 2145//2145
f 2145//2145 362//362 364//364
f 2145//2145 364//364 2146//2146
f 2146//2146 364//364 366//366
f 2146//2146 366//366 2147//2147
f 2147//2147 366//366 368//368
f 375//375 359//359 2144//2144
f 2144//2144 359//359 360//360
f 2144//2144 360//360 362//362
f 2144//2144 2148//2148 375//375
f 375//375 2148//2148 2108//2108
f 375//375 2108//2108 376//376
f 2022//2022 2084//2084 2149//2149
f 2149//2149 2084//2084 2109//2109
f 2140//2140 2139//2139 2150//2150
f 2150//2150 2139//2139 2138//2138
f 2150//2150 2138//2138 2110//2110
f 2022//2022 2149//2149 2023//2023
f 2023//2023 2149//2149 2151//2151
f 2023//2023 2151//2151 2027//2027
f 2027//2027 2151//2151 2152//2152
f 2027//2027 2152//2152 2024//2024
f 2024//2024 2152//2152 2153//2153
f 2024//2024 2153//2153 2025//2025
f 2025//2025 2153//2153 2150//2150
f 2025//2025 2150//2150 2026//2026
f 2026//2026 2150//2150 2110//2110
f 2026//2026 2110//2110 2021//2021
f 368//368 372//372 2147//2147
f 2147//2147 372//372 2141//2141
f 2147//2147 2141//2141 2140//2140
f 2140//2140 2150//2150 2147//2147
f 2147//2147 2150//2150 2153//2153
f 2147//2147 2153//2153 2146//2146
f 2146//2146 2153//2153 2152//2152
f 2146//2146 2152//2152 2145//2145
f 2145//2145 2152//2152 2151//2151
f 2145//2145 2151//2151 2144//2144
f 2144//2144 2151//2151 2149//2149
f 2144//2144 2149//2149 2148//2148
f 2148//2148 2149//2149 2109//2109
f 2148//2148 2109//2109 2108//2108
f 2154//2154 2155//2155 2156//2156
f 2156//2156 2155//2155 2157//2157
f 2156//2156 2157//2157 2158//2158
f 826//826 2159//2159 825//825
f 825//825 2159//2159 2160//2160
f 825//825 2160//2160 2161//2161
f 2162//2162 2163//2163 2164//2164
f 2164//2164 2163//2163 2165//2165
f 2164//2164 2165//2165 2160//2160
f 2160//2160 2165//2165 2166//2166
f 2160//2160 2166//2166 2161//2161
f 2162//2162 2164//2164 2167//2167
f 2167//2167 2164//2164 2168//2168
f 2167//2167 2168//2168 2169//2169
f 2169//2169 2168//2168 2170//2170
f 2169//2169 2170//2170 2171//2171
f 2157//2157 2172//2172 2158//2158
f 2158//2158 2172//2172 2173//2173
f 2158//2158 2173//2173 2174//2174
f 2174//2174 2173//2173 2175//2175
f 2174//2174 2175//2175 2170//2170
f 2170//2170 2175//2175 2176//2176
f 2170//2170 2176//2176 2171//2171
f 792//792 2154//2154 817//817
f 817//817 2154//2154 2156//2156
f 817//817 2156//2156 818//818
f 818//818 2156//2156 2158//2158
f 818//818 2158//2158 819//819
f 819//819 2158//2158 2174//2174
f 819//819 2174//2174 816//816
f 816//816 2174//2174 2170//2170
f 816//816 2170//2170 815//815
f 815//815 2170//2170 2168//2168
f 815//815 2168//2168 814//814
f 814//814 2168//2168 2164//2164
f 814//814 2164//2164 813//813
f 813//813 2164//2164 2160//2160
f 813//813 2160//2160 812//812
f 812//812 2160//2160 2159//2159
f 812//812 2159//2159 773//773
f 773//773 2159//2159 826//826
f 2155//2155 2154//2154 2177//2177
f 2178//2178 2179//2179 2180//2180
f 2178//2178 2180//2180 2181//2181
f 2181//2181 2180//2180 2182//2182
f 2181//2181 2182//2182 2183//2183
f 2183//2183 2182//2182 2184//2184
f 2183//2183 2184//2184 2177//2177
f 2177//2177 2184//2184 2185//2185
f 2177//2177 2185//2185 2155//2155
f 2154//2154 792//792 778//778
f 2154//2154 778//778 2177//2177
f 2177//2177 778//778 780//780
f 2177//2177 780//780 2183//2183
f 2183//2183 780//780 784//784
f 2183//2183 784//784 2181//2181
f 2181//2181 784//784 783//783
f 2181//2181 783//783 2178//2178
f 2179//2179 2186//2186 2180//2180
f 2180//2180 2186//2186 2187//2187
f 2180//2180 2187//2187 2182//2182
f 2182//2182 2187//2187 2184//2184
f 2186//2186 2179//2179 2188//2188
f 2188//2188 2179//2179 2189//2189
f 392//392 394//394 2190//2190
f 2191//2191 2189//2189 2192//2192
f 2192//2192 2189//2189 2179//2179
f 2192//2192 2179//2179 2193//2193
f 2193//2193 2179//2179 2178//2178
f 2193//2193 2178//2178 2194//2194
f 422//422 393//393 830//830
f 830//830 393//393 392//392
f 830//830 392//392 836//836
f 836//836 392//392 2190//2190
f 836//836 2190//2190 837//837
f 837//837 2190//2190 2194//2194
f 837//837 2194//2194 838//838
f 838//838 2194//2194 2178//2178
f 838//838 2178//2178 783//783
f 387//387 388//388 2195//2195
f 2196//2196 2197//2197 2198//2198
f 2196//2196 2199//2199 2200//2200
f 2201//2201 2202//2202 2198//2198
f 2198//2198 2202//2202 2203//2203
f 2198//2198 2203//2203 2196//2196
f 2198//2198 2204//2204 2201//2201
f 2201//2201 2204//2204 2195//2195
f 2201//2201 2195//2195 2205//2205
f 2205//2205 2195//2195 388//388
f 2205//2205 388//388 427//427
f 385//385 386//386 2206//2206
f 2206//2206 386//386 387//387
f 2207//2207 390//390 385//385
f 2190//2190 394//394 390//390
f 390//390 2207//2207 2190//2190
f 2190//2190 2207//2207 2208//2208
f 2190//2190 2208//2208 2194//2194
f 2194//2194 2208//2208 2209//2209
f 2194//2194 2209//2209 2193//2193
f 2193//2193 2209//2209 2210//2210
f 2193//2193 2210//2210 2192//2192
f 2192//2192 2210//2210 2211//2211
f 2192//2192 2211//2211 2191//2191
f 2212//2212 2213//2213 2214//2214
f 2196//2196 2200//2200 2197//2197
f 2197//2197 2200//2200 2215//2215
f 2197//2197 2215//2215 2216//2216
f 385//385 2206//2206 2207//2207
f 2207//2207 2206//2206 2217//2217
f 2207//2207 2217//2217 2208//2208
f 2208//2208 2217//2217 2218//2218
f 2208//2208 2218//2218 2209//2209
f 2209//2209 2218//2218 2212//2212
f 2209//2209 2212//2212 2210//2210
f 2210//2210 2212//2212 2214//2214
f 2210//2210 2214//2214 2211//2211
f 387//387 2195//2195 2206//2206
f 2206//2206 2195//2195 2204//2204
f 2206//2206 2204//2204 2217//2217
f 2217//2217 2204//2204 2198//2198
f 2217//2217 2198//2198 2218//2218
f 2218//2218 2198//2198 2197//2197
f 2218//2218 2197//2197 2212//2212
f 2212//2212 2197//2197 2216//2216
f 2212//2212 2216//2216 2213//2213
f 2202//2202 2219//2219 2220//2220
f 2202//2202 2220//2220 2203//2203
f 2203//2203 2220//2220 2221//2221
f 2203//2203 2221//2221 2196//2196
f 2196//2196 2221//2221 2222//2222
f 2196//2196 2222//2222 2199//2199
f 2219//2219 2202//2202 2223//2223
f 2223//2223 2202//2202 2201//2201
f 2223//2223 2201//2201 2224//2224
f 2224//2224 2201//2201 2205//2205
f 2224//2224 2205//2205 2225//2225
f 2225//2225 2205//2205 427//427
f 2225//2225 427//427 2226//2226
f 427//427 426//426 2226//2226
f 2226//2226 426//426 424//424
f 2226//2226 424//424 2227//2227
f 2227//2227 424//424 423//423
f 927//927 850//850 431//431
f 431//431 850//850 843//843
f 843//843 842//842 431//431
f 431//431 842//842 2228//2228
f 431//431 2228//2228 437//437
f 437//437 2228//2228 2229//2229
f 437//437 2229//2229 423//423
f 423//423 2229//2229 2230//2230
f 423//423 2230//2230 2227//2227
f 2228//2228 842//842 845//845
f 2231//2231 2232//2232 2233//2233
f 2233//2233 2232//2232 2234//2234
f 2234//2234 2232//2232 2235//2235
f 2235//2235 2232//2232 2236//2236
f 2235//2235 2236//2236 2237//2237
f 2237//2237 2236//2236 2238//2238
f 2237//2237 2238//2238 2239//2239
f 2239//2239 2238//2238 2240//2240
f 2239//2239 2240//2240 2241//2241
f 2241//2241 2240//2240 2242//2242
f 2241//2241 2242//2242 2243//2243
f 2243//2243 2242//2242 2244//2244
f 2243//2243 2244//2244 2245//2245
f 2224//2224 2225//2225 2246//2246
f 2246//2246 2225//2225 2226//2226
f 2246//2246 2226//2226 2247//2247
f 2247//2247 2226//2226 2227//2227
f 2247//2247 2227//2227 2248//2248
f 2248//2248 2227//2227 2230//2230
f 2248//2248 2230//2230 2249//2249
f 2249//2249 2230//2230 2229//2229
f 2250//2250 2251//2251 2252//2252
f 2224//2224 2246//2246 2223//2223
f 2223//2223 2246//2246 2253//2253
f 2223//2223 2253//2253 2219//2219
f 2219//2219 2253//2253 2254//2254
f 2219//2219 2254//2254 2220//2220
f 2220//2220 2254//2254 2250//2250
f 2220//2220 2250//2250 2221//2221
f 2221//2221 2250//2250 2252//2252
f 2221//2221 2252//2252 2222//2222
f 2255//2255 2256//2256 2257//2257
f 2233//2233 2258//2258 2231//2231
f 2231//2231 2258//2258 2259//2259
f 2231//2231 2259//2259 2260//2260
f 841//841 2249//2249 845//845
f 845//845 2249//2249 2229//2229
f 845//845 2229//2229 2228//2228
f 841//841 2261//2261 2249//2249
f 2249//2249 2261//2261 2262//2262
f 2249//2249 2262//2262 2248//2248
f 2248//2248 2262//2262 2263//2263
f 2248//2248 2263//2263 2247//2247
f 2247//2247 2263//2263 2264//2264
f 2247//2247 2264//2264 2246//2246
f 2246//2246 2264//2264 2265//2265
f 2246//2246 2265//2265 2253//2253
f 2253//2253 2265//2265 2266//2266
f 2253//2253 2266//2266 2254//2254
f 2254//2254 2266//2266 2255//2255
f 2254//2254 2255//2255 2250//2250
f 2250//2250 2255//2255 2257//2257
f 2250//2250 2257//2257 2251//2251
f 841//841 840//840 2244//2244
f 2244//2244 840//840 854//854
f 2244//2244 854//854 2245//2245
f 2245//2245 854//854 855//855
f 2245//2245 855//855 856//856
f 841//841 2244//2244 2261//2261
f 2261//2261 2244//2244 2242//2242
f 2261//2261 2242//2242 2262//2262
f 2262//2262 2242//2242 2240//2240
f 2262//2262 2240//2240 2263//2263
f 2263//2263 2240//2240 2238//2238
f 2263//2263 2238//2238 2264//2264
f 2264//2264 2238//2238 2236//2236
f 2264//2264 2236//2236 2265//2265
f 2265//2265 2236//2236 2232//2232
f 2265//2265 2232//2232 2266//2266
f 2266//2266 2232//2232 2231//2231
f 2266//2266 2231//2231 2255//2255
f 2255//2255 2231//2231 2260//2260
f 2255//2255 2260//2260 2256//2256
f 2267//2267 2268//2268 2269//2269
f 2268//2268 2267//2267 2270//2270
f 2245//2245 856//856 1907//1907
f 1875//1875 1853//1853 2271//2271
f 1815//1815 1822//1822 2272//2272
f 2273//2273 1816//1816 1815//1815
f 2274//2274 1814//1814 1816//1816
f 2275//2275 1808//1808 1814//1814
f 2275//2275 2276//2276 1808//1808
f 1808//1808 2276//2276 2277//2277
f 1808//1808 2277//2277 1810//1810
f 1810//1810 2277//2277 1811//1811
f 1811//1811 2277//2277 2278//2278
f 1811//1811 2278//2278 1806//1806
f 2279//2279 1804//1804 1806//1806
f 1862//1862 1861//1861 2280//2280
f 1856//1856 1864//1864 2280//2280
f 2280//2280 1864//1864 1863//1863
f 2280//2280 1863//1863 1862//1862
f 1861//1861 1860//1860 2280//2280
f 2280//2280 1860//1860 1859//1859
f 2280//2280 1859//1859 1858//1858
f 1858//1858 1857//1857 2280//2280
f 2280//2280 1857//1857 1833//1833
f 2280//2280 1833//1833 1802//1802
f 1802//1802 1833//1833 2281//2281
f 1802//1802 2281//2281 1800//1800
f 1854//1854 1855//1855 2282//2282
f 1898//1898 1870//1870 1869//1869
f 1869//1869 1866//1866 1898//1898
f 1898//1898 1866//1866 1865//1865
f 1898//1898 1865//1865 1926//1926
f 1865//1865 1867//1867 1926//1926
f 1926//1926 1867//1867 1868//1868
f 1926//1926 1868//1868 1927//1927
f 1927//1927 1868//1868 1873//1873
f 1927//1927 1873//1873 1874//1874
f 2245//2245 1907//1907 2243//2243
f 2237//2237 2239//2239 2283//2283
f 2283//2283 2239//2239 2241//2241
f 2283//2283 2241//2241 2284//2284
f 2270//2270 2258//2258 2268//2268
f 2268//2268 2258//2258 2233//2233
f 2268//2268 2233//2233 2234//2234
f 2283//2283 2269//2269 2237//2237
f 2237//2237 2269//2269 2268//2268
f 2237//2237 2268//2268 2235//2235
f 2235//2235 2268//2268 2234//2234
f 2285//2285 2286//2286 2267//2267
f 2267//2267 2286//2286 2287//2287
f 2267//2267 2287//2287 2270//2270
f 2288//2288 2289//2289 2290//2290
f 2290//2290 2289//2289 2291//2291
f 2291//2291 2289//2289 2292//2292
f 2291//2291 2292//2292 2293//2293
f 2293//2293 2292//2292 2294//2294
f 2293//2293 2294//2294 2295//2295
f 1707//1707 1637//1637 2295//2295
f 2296//2296 2297//2297 2298//2298
f 2298//2298 2297//2297 2299//2299
f 2298//2298 2299//2299 2300//2300
f 2301//2301 1708//1708 1707//1707
f 2302//2302 1710//1710 1709//1709
f 2297//2297 1711//1711 2299//2299
f 2299//2299 1711//1711 1710//1710
f 2299//2299 1710//1710 2300//2300
f 2300//2300 1710//1710 2302//2302
f 2300//2300 2302//2302 2303//2303
f 2304//2304 2296//2296 2305//2305
f 2305//2305 2296//2296 2298//2298
f 2305//2305 2298//2298 2306//2306
f 2306//2306 2298//2298 2300//2300
f 2306//2306 2300//2300 2307//2307
f 2307//2307 2300//2300 2303//2303
f 2307//2307 2303//2303 2308//2308
f 2309//2309 2310//2310 2311//2311
f 2311//2311 2310//2310 2312//2312
f 2311//2311 2312//2312 2313//2313
f 2313//2313 2314//2314 2311//2311
f 2311//2311 2314//2314 2315//2315
f 2311//2311 2315//2315 2309//2309
f 2309//2309 2315//2315 2316//2316
f 2317//2317 2318//2318 2319//2319
f 2320//2320 2321//2321 2322//2322
f 2322//2322 2321//2321 2323//2323
f 2322//2322 2323//2323 2324//2324
f 2284//2284 2325//2325 2283//2283
f 2283//2283 2325//2325 2326//2326
f 2283//2283 2326//2326 2269//2269
f 2269//2269 2326//2326 2327//2327
f 2269//2269 2327//2327 2267//2267
f 2267//2267 2327//2327 2328//2328
f 2267//2267 2328//2328 2285//2285
f 2285//2285 2328//2328 2329//2329
f 2285//2285 2329//2329 2330//2330
f 2330//2330 2329//2329 2331//2331
f 2330//2330 2331//2331 2332//2332
f 2332//2332 2331//2331 2333//2333
f 2332//2332 2333//2333 2334//2334
f 2334//2334 2333//2333 2288//2288
f 2334//2334 2288//2288 2335//2335
f 2335//2335 2288//2288 2290//2290
f 2295//2295 2294//2294 1707//1707
f 1707//1707 2294//2294 2292//2292
f 1707//1707 2292//2292 2301//2301
f 2301//2301 2292//2292 2289//2289
f 2301//2301 2289//2289 2336//2336
f 2336//2336 2289//2289 2288//2288
f 2336//2336 2288//2288 2337//2337
f 2337//2337 2288//2288 2333//2333
f 2337//2337 2333//2333 2338//2338
f 2338//2338 2333//2333 2331//2331
f 2338//2338 2331//2331 2339//2339
f 2339//2339 2331//2331 2329//2329
f 2339//2339 2329//2329 2340//2340
f 2340//2340 2329//2329 2328//2328
f 2340//2340 2328//2328 2341//2341
f 2341//2341 2328//2328 2327//2327
f 2341//2341 2327//2327 2342//2342
f 2342//2342 2327//2327 2326//2326
f 2342//2342 2326//2326 2343//2343
f 2343//2343 2326//2326 2325//2325
f 2343//2343 2325//2325 2323//2323
f 2323//2323 2325//2325 2284//2284
f 2323//2323 2284//2284 2324//2324
f 1802//1802 1804//1804 2280//2280
f 2280//2280 1804//1804 2279//2279
f 2280//2280 2279//2279 2344//2344
f 2344//2344 2279//2279 2345//2345
f 2344//2344 2345//2345 2346//2346
f 2346//2346 2345//2345 2347//2347
f 2346//2346 2347//2347 2348//2348
f 2348//2348 2347//2347 2349//2349
f 2349//2349 2350//2350 2348//2348
f 2348//2348 2350//2350 2351//2351
f 2348//2348 2351//2351 2352//2352
f 1853//1853 1854//1854 2271//2271
f 2271//2271 1854//1854 2282//2282
f 2271//2271 2282//2282 2353//2353
f 2353//2353 2282//2282 2354//2354
f 2353//2353 2354//2354 2355//2355
f 2354//2354 2356//2356 2355//2355
f 2355//2355 2356//2356 2357//2357
f 2355//2355 2357//2357 2320//2320
f 2320//2320 2357//2357 2358//2358
f 2320//2320 2358//2358 2321//2321
f 1874//1874 1875//1875 1927//1927
f 1927//1927 1875//1875 2271//2271
f 1927//1927 2271//2271 1929//1929
f 1929//1929 2271//2271 2353//2353
f 1855//1855 1856//1856 2282//2282
f 2282//2282 1856//1856 2280//2280
f 2282//2282 2280//2280 2354//2354
f 2354//2354 2280//2280 2344//2344
f 2354//2354 2344//2344 2356//2356
f 2356//2356 2344//2344 2346//2346
f 2356//2356 2346//2346 2357//2357
f 2357//2357 2346//2346 2348//2348
f 2357//2357 2348//2348 2358//2358
f 2358//2358 2348//2348 2352//2352
f 2358//2358 2352//2352 2321//2321
f 1816//1816 2273//2273 2274//2274
f 2274//2274 2273//2273 2359//2359
f 2274//2274 2359//2359 2360//2360
f 2360//2360 2359//2359 2361//2361
f 2360//2360 2361//2361 2362//2362
f 1815//1815 2272//2272 2273//2273
f 2273//2273 2272//2272 2363//2363
f 2273//2273 2363//2363 2359//2359
f 2359//2359 2363//2363 2364//2364
f 2359//2359 2364//2364 2361//2361
f 2275//2275 2365//2365 2276//2276
f 2276//2276 2365//2365 2366//2366
f 2276//2276 2366//2366 2277//2277
f 2277//2277 2366//2366 2367//2367
f 2277//2277 2367//2367 2278//2278
f 2278//2278 2367//2367 2368//2368
f 1822//1822 1755//1755 2272//2272
f 2272//2272 1755//1755 1754//1754
f 2272//2272 1754//1754 2363//2363
f 2363//2363 1754//1754 1753//1753
f 2363//2363 1753//1753 2364//2364
f 2364//2364 1753//1753 2369//2369
f 2364//2364 2369//2369 2361//2361
f 1753//1753 1752//1752 2369//2369
f 2369//2369 1752//1752 1751//1751
f 2369//2369 1751//1751 2304//2304
f 1751//1751 1750//1750 2304//2304
f 2304//2304 1750//1750 1714//1714
f 2304//2304 1714//1714 2296//2296
f 2296//2296 1714//1714 1713//1713
f 2296//2296 1713//1713 2297//2297
f 2297//2297 1713//1713 1712//1712
f 2297//2297 1712//1712 1711//1711
f 2362//2362 2370//2370 2371//2371
f 2371//2371 2370//2370 2372//2372
f 2371//2371 2372//2372 2373//2373
f 2373//2373 2372//2372 2374//2374
f 2373//2373 2374//2374 2375//2375
f 2375//2375 2374//2374 2376//2376
f 2375//2375 2376//2376 2377//2377
f 2377//2377 2376//2376 2378//2378
f 2377//2377 2378//2378 2312//2312
f 2312//2312 2378//2378 2379//2379
f 2312//2312 2379//2379 2313//2313
f 2313//2313 2379//2379 2380//2380
f 2313//2313 2380//2380 2314//2314
f 2362//2362 2361//2361 2370//2370
f 2370//2370 2361//2361 2369//2369
f 2370//2370 2369//2369 2372//2372
f 2372//2372 2369//2369 2304//2304
f 2372//2372 2304//2304 2374//2374
f 2374//2374 2304//2304 2305//2305
f 2374//2374 2305//2305 2376//2376
f 2376//2376 2305//2305 2306//2306
f 2376//2376 2306//2306 2378//2378
f 2378//2378 2306//2306 2307//2307
f 2378//2378 2307//2307 2379//2379
f 2379//2379 2307//2307 2308//2308
f 2379//2379 2308//2308 2380//2380
f 2319//2319 2318//2318 2381//2381
f 2381//2381 2318//2318 2382//2382
f 2381//2381 2382//2382 2383//2383
f 2383//2383 2382//2382 2384//2384
f 2383//2383 2384//2384 2385//2385
f 2385//2385 2384//2384 2386//2386
f 2385//2385 2386//2386 2387//2387
f 2387//2387 2386//2386 2388//2388
f 2387//2387 2388//2388 2389//2389
f 2389//2389 2388//2388 2390//2390
f 2389//2389 2390//2390 2391//2391
f 2391//2391 2390//2390 2392//2392
f 2391//2391 2392//2392 2393//2393
f 2393//2393 2392//2392 2394//2394
f 2393//2393 2394//2394 2395//2395
f 2317//2317 2396//2396 2318//2318
f 2318//2318 2396//2396 2397//2397
f 2318//2318 2397//2397 2382//2382
f 2382//2382 2397//2397 2398//2398
f 2382//2382 2398//2398 2384//2384
f 2384//2384 2398//2398 2399//2399
f 2384//2384 2399//2399 2386//2386
f 2386//2386 2399//2399 2400//2400
f 2386//2386 2400//2400 2388//2388
f 2388//2388 2400//2400 2401//2401
f 2388//2388 2401//2401 2390//2390
f 2390//2390 2401//2401 2402//2402
f 2390//2390 2402//2402 2392//2392
f 2392//2392 2402//2402 2403//2403
f 2392//2392 2403//2403 2394//2394
f 2396//2396 2404//2404 2397//2397
f 2397//2397 2404//2404 2405//2405
f 2397//2397 2405//2405 2398//2398
f 2398//2398 2405//2405 2406//2406
f 2398//2398 2406//2406 2399//2399
f 2399//2399 2406//2406 2407//2407
f 2399//2399 2407//2407 2400//2400
f 2400//2400 2407//2407 2408//2408
f 2400//2400 2408//2408 2401//2401
f 2401//2401 2408//2408 2409//2409
f 2401//2401 2409//2409 2402//2402
f 2402//2402 2409//2409 2368//2368
f 2402//2402 2368//2368 2403//2403
f 2403//2403 2368//2368 2367//2367
f 2403//2403 2367//2367 2394//2394
f 2394//2394 2367//2367 2366//2366
f 2394//2394 2366//2366 2395//2395
f 2395//2395 2366//2366 2365//2365
f 1814//1814 2274//2274 2275//2275
f 2275//2275 2274//2274 2360//2360
f 2275//2275 2360//2360 2365//2365
f 2365//2365 2360//2360 2362//2362
f 2365//2365 2362//2362 2395//2395
f 2395//2395 2362//2362 2371//2371
f 2395//2395 2371//2371 2393//2393
f 2393//2393 2371//2371 2373//2373
f 2393//2393 2373//2373 2391//2391
f 2391//2391 2373//2373 2375//2375
f 2391//2391 2375//2375 2389//2389
f 2389//2389 2375//2375 2377//2377
f 2389//2389 2377//2377 2387//2387
f 2387//2387 2377//2377 2312//2312
f 2387//2387 2312//2312 2385//2385
f 2385//2385 2312//2312 2310//2310
f 2385//2385 2310//2310 2383//2383
f 2383//2383 2310//2310 2309//2309
f 2383//2383 2309//2309 2381//2381
f 2381//2381 2309//2309 2316//2316
f 2381//2381 2316//2316 2319//2319
f 2241//2241 2243//2243 2284//2284
f 2284//2284 2243//2243 1907//1907
f 2284//2284 1907//1907 2324//2324
f 2324//2324 1907//1907 1908//1908
f 2324//2324 1908//1908 2322//2322
f 2322//2322 1908//1908 1909//1909
f 2322//2322 1909//1909 2320//2320
f 2320//2320 1909//1909 1910//1910
f 2320//2320 1910//1910 2355//2355
f 2355//2355 1910//1910 1931//1931
f 2355//2355 1931//1931 2353//2353
f 2353//2353 1931//1931 1930//1930
f 2353//2353 1930//1930 1929//1929
f 1806//1806 2278//2278 2279//2279
f 2279//2279 2278//2278 2368//2368
f 2279//2279 2368//2368 2345//2345
f 2345//2345 2368//2368 2409//2409
f 2345//2345 2409//2409 2347//2347
f 2347//2347 2409//2409 2408//2408
f 2347//2347 2408//2408 2349//2349
f 2349//2349 2408//2408 2407//2407
f 2349//2349 2407//2407 2350//2350
f 2350//2350 2407//2407 2406//2406
f 2350//2350 2406//2406 2351//2351
f 2351//2351 2406//2406 2405//2405
f 2351//2351 2405//2405 2352//2352
f 2352//2352 2405//2405 2404//2404
f 2352//2352 2404//2404 2321//2321
f 2321//2321 2404//2404 2396//2396
f 2321//2321 2396//2396 2323//2323
f 2323//2323 2396//2396 2317//2317
f 2323//2323 2317//2317 2343//2343
f 2343//2343 2317//2317 2319//2319
f 2343//2343 2319//2319 2342//2342
f 2342//2342 2319//2319 2316//2316
f 2342//2342 2316//2316 2341//2341
f 2341//2341 2316//2316 2315//2315
f 2341//2341 2315//2315 2340//2340
f 2340//2340 2315//2315 2314//2314
f 2340//2340 2314//2314 2339//2339
f 2339//2339 2314//2314 2380//2380
f 2339//2339 2380//2380 2338//2338
f 2338//2338 2380//2380 2308//2308
f 2338//2338 2308//2308 2337//2337
f 2337//2337 2308//2308 2303//2303
f 2337//2337 2303//2303 2336//2336
f 2336//2336 2303//2303 2302//2302
f 2336//2336 2302//2302 2301//2301
f 2301//2301 2302//2302 1709//1709
f 2301//2301 1709//1709 1708//1708
f 2186//2186 2188//2188 2287//2287
f 2287//2287 2188//2188 2189//2189
f 2287//2287 2189//2189 2270//2270
f 827//827 1649//1649 545//545
f 545//545 1649//1649 1650//1650
f 545//545 1650//1650 897//897
f 2189//2189 2191//2191 2270//2270
f 2270//2270 2191//2191 2211//2211
f 2270//2270 2211//2211 2214//2214
f 2214//2214 2213//2213 2270//2270
f 2270//2270 2213//2213 2216//2216
f 2270//2270 2216//2216 2215//2215
f 2215//2215 2200//2200 2270//2270
f 2270//2270 2200//2200 2199//2199
f 2270//2270 2199//2199 2222//2222
f 2257//2257 2256//2256 2270//2270
f 2270//2270 2256//2256 2260//2260
f 2270//2270 2260//2260 2258//2258
f 2258//2258 2260//2260 2259//2259
f 566//566 564//564 541//541
f 541//541 564//564 542//542
f 897//897 894//894 545//545
f 545//545 894//894 892//892
f 545//545 892//892 546//546
f 546//546 892//892 568//568
f 2222//2222 2252//2252 2270//2270
f 2270//2270 2252//2252 2251//2251
f 2270//2270 2251//2251 2257//2257
f 891//891 566//566 892//892
f 892//892 566//566 565//565
f 892//892 565//565 568//568
f 891//891 899//899 566//566
f 566//566 899//899 902//902
f 566//566 902//902 901//901
f 2186//2186 2287//2287 2187//2187
f 2187//2187 2287//2287 2286//2286
f 2187//2187 2286//2286 2184//2184
f 2184//2184 2286//2286 2285//2285
f 2184//2184 2285//2285 2185//2185
f 2185//2185 2285//2285 2330//2330
f 2185//2185 2330//2330 2155//2155
f 2155//2155 2330//2330 2332//2332
f 2155//2155 2332//2332 2157//2157
f 2157//2157 2332//2332 2334//2334
f 2157//2157 2334//2334 2172//2172
f 901//901 900//900 566//566
f 566//566 900//900 587//587
f 566//566 587//587 564//564
f 827//827 828//828 1649//1649
f 1649//1649 828//828 761//761
f 1649//1649 761//761 1652//1652
f 1652//1652 761//761 759//759
f 1652//1652 759//759 1647//1647
f 1647//1647 759//759 758//758
f 1647//1647 758//758 1648//1648
f 1648//1648 758//758 824//824
f 1648//1648 824//824 1643//1643
f 1643//1643 824//824 825//825
f 1643//1643 825//825 1645//1645
f 1645//1645 825//825 2161//2161
f 1645//1645 2161//2161 1690//1690
f 2334//2334 2335//2335 2172//2172
f 2172//2172 2335//2335 2290//2290
f 2172//2172 2290//2290 2173//2173
f 2173//2173 2290//2290 2291//2291
f 2173//2173 2291//2291 2175//2175
f 2175//2175 2291//2291 2293//2293
f 1690//1690 2161//2161 1591//1591
f 1591//1591 2161//2161 2166//2166
f 1591//1591 2166//2166 1592//1592
f 1592//1592 2166//2166 2165//2165
f 1592//1592 2165//2165 1641//1641
f 2165//2165 2163//2163 1641//1641
f 1641//1641 2163//2163 2162//2162
f 1641//1641 2162//2162 1639//1639
f 1639//1639 2162//2162 2167//2167
f 1639//1639 2167//2167 1637//1637
f 1637//1637 2167//2167 2169//2169
f 1637//1637 2169//2169 2295//2295
f 2295//2295 2169//2169 2171//2171
f 2295//2295 2171//2171 2293//2293
f 2293//2293 2171//2171 2176//2176
f 2293//2293 2176//2176 2175//2175
f 2410//2410 2020//2020 178//178
f 2411//2411 2410//2410 2412//2412
f 2412//2412 2410//2410 178//178
f 2412//2412 178//178 2413//2413
f 2413//2413 178//178 180//180
f 2414//2414 2415//2415 2416//2416
f 2416//2416 2415//2415 2417//2417
f 2416//2416 2417//2417 174//174
f 174//174 2417//2417 175//175
f 175//175 2417//2417 2413//2413
f 175//175 2413//2413 180//180
f 2418//2418 2419//2419 2420//2420
f 2421//2421 2422//2422 2423//2423
f 2423//2423 2422//2422 2414//2414
f 2423//2423 2414//2414 173//173
f 173//173 2414//2414 2416//2416
f 173//173 2416//2416 174//174
f 2420//2420 2419//2419 2423//2423
f 2423//2423 2419//2419 2424//2424
f 2423//2423 2424//2424 2421//2421
f 2425//2425 2426//2426 2427//2427
f 2427//2427 2426//2426 2428//2428
f 2428//2428 2429//2429 2427//2427
f 2427//2427 2429//2429 2430//2430
f 2427//2427 2430//2430 2420//2420
f 2420//2420 2430//2430 2431//2431
f 2420//2420 2431//2431 2418//2418
f 2432//2432 2433//2433 2434//2434
f 2434//2434 2433//2433 2435//2435
f 2434//2434 2435//2435 2436//2436
f 2436//2436 2435//2435 2425//2425
f 2436//2436 2425//2425 2437//2437
f 2437//2437 2425//2425 2427//2427
f 2438//2438 2439//2439 2440//2440
f 2441//2441 2438//2438 2442//2442
f 2442//2442 2438//2438 2440//2440
f 2442//2442 2440//2440 2432//2432
f 2432//2432 2440//2440 2443//2443
f 2432//2432 2443//2443 2433//2433
f 2441//2441 2442//2442 2444//2444
f 2444//2444 2442//2442 2445//2445
f 2444//2444 2445//2445 2446//2446
f 2447//2447 2448//2448 2449//2449
f 2449//2449 2448//2448 2450//2450
f 2449//2449 2450//2450 2445//2445
f 2445//2445 2450//2450 2451//2451
f 2445//2445 2451//2451 2446//2446
f 75//75 2452//2452 83//83
f 83//83 2452//2452 2453//2453
f 83//83 2453//2453 2449//2449
f 2449//2449 2453//2453 2454//2454
f 2449//2449 2454//2454 2447//2447
f 2455//2455 2456//2456 2457//2457
f 2458//2458 2459//2459 339//339
f 2460//2460 2461//2461 239//239
f 2462//2462 2463//2463 2464//2464
f 2465//2465 2466//2466 2464//2464
f 2464//2464 2466//2466 2467//2467
f 2464//2464 2467//2467 2462//2462
f 2468//2468 2469//2469 2470//2470
f 2470//2470 2469//2469 2471//2471
f 2463//2463 2462//2462 2471//2471
f 2471//2471 2462//2462 2472//2472
f 2471//2471 2472//2472 2470//2470
f 2470//2470 172//172 2468//2468
f 2468//2468 172//172 171//171
f 2468//2468 171//171 2473//2473
f 2473//2473 171//171 2474//2474
f 297//297 2475//2475 496//496
f 496//496 2475//2475 2476//2476
f 496//496 2476//2476 514//514
f 514//514 2476//2476 2477//2477
f 514//514 2477//2477 517//517
f 517//517 2477//2477 2478//2478
f 517//517 2478//2478 504//504
f 504//504 2478//2478 2474//2474
f 504//504 2474//2474 505//505
f 505//505 2474//2474 171//171
f 302//302 2479//2479 303//303
f 303//303 2479//2479 2480//2480
f 2480//2480 2481//2481 303//303
f 303//303 2481//2481 2482//2482
f 303//303 2482//2482 299//299
f 299//299 2482//2482 2475//2475
f 299//299 2475//2475 296//296
f 296//296 2475//2475 297//297
f 302//302 301//301 260//260
f 260//260 301//301 300//300
f 260//260 300//300 280//280
f 280//280 282//282 260//260
f 260//260 282//282 284//284
f 260//260 284//284 285//285
f 274//274 275//275 285//285
f 285//285 275//275 276//276
f 285//285 276//276 260//260
f 274//274 285//285 266//266
f 266//266 285//285 270//270
f 266//266 270//270 267//267
f 302//302 260//260 2479//2479
f 2479//2479 260//260 259//259
f 2479//2479 259//259 2483//2483
f 253//253 2484//2484 255//255
f 255//255 2484//2484 2483//2483
f 255//255 2483//2483 257//257
f 257//257 2483//2483 259//259
f 253//253 252//252 2484//2484
f 2484//2484 252//252 250//250
f 2484//2484 250//250 2485//2485
f 2485//2485 250//250 249//249
f 2485//2485 249//249 2486//2486
f 2486//2486 249//249 2487//2487
f 2487//2487 249//249 246//246
f 2487//2487 246//246 2488//2488
f 2488//2488 246//246 244//244
f 2488//2488 244//244 2489//2489
f 2489//2489 244//244 242//242
f 2489//2489 242//242 2461//2461
f 2461//2461 242//242 241//241
f 2461//2461 241//241 239//239
f 213//213 2459//2459 235//235
f 235//235 2459//2459 2460//2460
f 235//235 2460//2460 237//237
f 237//237 2460//2460 239//239
f 227//227 277//277 2490//2490
f 2490//2490 277//277 220//220
f 2490//2490 220//220 217//217
f 213//213 215//215 2490//2490
f 2490//2490 215//215 228//228
f 2490//2490 228//228 227//227
f 307//307 213//213 311//311
f 311//311 213//213 2490//2490
f 311//311 2490//2490 216//216
f 216//216 2490//2490 217//217
f 307//307 309//309 213//213
f 213//213 309//309 304//304
f 213//213 304//304 306//306
f 306//306 332//332 213//213
f 213//213 332//332 331//331
f 213//213 331//331 2459//2459
f 2459//2459 331//331 330//330
f 2459//2459 330//330 339//339
f 340//340 2491//2491 2492//2492
f 340//340 2492//2492 339//339
f 339//339 2492//2492 2493//2493
f 339//339 2493//2493 2458//2458
f 340//340 337//337 2491//2491
f 2491//2491 337//337 189//189
f 2491//2491 189//189 2494//2494
f 2494//2494 189//189 188//188
f 2494//2494 188//188 2495//2495
f 2495//2495 188//188 201//201
f 2495//2495 201//201 2496//2496
f 2496//2496 201//201 200//200
f 2496//2496 200//200 2497//2497
f 200//200 206//206 2497//2497
f 2497//2497 206//206 208//208
f 2497//2497 208//208 2498//2498
f 2498//2498 208//208 100//100
f 2498//2498 100//100 2456//2456
f 2456//2456 100//100 84//84
f 2456//2456 84//84 2457//2457
f 2455//2455 2457//2457 2499//2499
f 2499//2499 2457//2457 2500//2500
f 2499//2499 2500//2500 2501//2501
f 2501//2501 2500//2500 2502//2502
f 2501//2501 2502//2502 2503//2503
f 2503//2503 2502//2502 2504//2504
f 2503//2503 2504//2504 2505//2505
f 2504//2504 2506//2506 2505//2505
f 2505//2505 2506//2506 2507//2507
f 2505//2505 2507//2507 2508//2508
f 2507//2507 2509//2509 2508//2508
f 2508//2508 2509//2509 2510//2510
f 2508//2508 2510//2510 2511//2511
f 2510//2510 2512//2512 2511//2511
f 2511//2511 2512//2512 2513//2513
f 2511//2511 2513//2513 2514//2514
f 2514//2514 2513//2513 2515//2515
f 2514//2514 2515//2515 2516//2516
f 2515//2515 2517//2517 2516//2516
f 2516//2516 2517//2517 2518//2518
f 2516//2516 2518//2518 2519//2519
f 2518//2518 2520//2520 2519//2519
f 2519//2519 2520//2520 2521//2521
f 2519//2519 2521//2521 2465//2465
f 2465//2465 2521//2521 2522//2522
f 2465//2465 2522//2522 2466//2466
f 734//734 749//749 732//732
f 732//732 749//749 2523//2523
f 732//732 2523//2523 739//739
f 739//739 2523//2523 738//738
f 738//738 2523//2523 2524//2524
f 738//738 2524//2524 737//737
f 752//752 744//744 2525//2525
f 2525//2525 744//744 743//743
f 2525//2525 743//743 2524//2524
f 2524//2524 743//743 742//742
f 2524//2524 742//742 737//737
f 752//752 2525//2525 751//751
f 751//751 2525//2525 2526//2526
f 751//751 2526//2526 750//750
f 750//750 2526//2526 756//756
f 756//756 2526//2526 2527//2527
f 756//756 2527//2527 755//755
f 755//755 2527//2527 754//754
f 754//754 2527//2527 2528//2528
f 754//754 2528//2528 753//753
f 14//14 13//13 2529//2529
f 2529//2529 13//13 4//4
f 2529//2529 4//4 2528//2528
f 2528//2528 4//4 2//2
f 2528//2528 2//2 753//753
f 14//14 2529//2529 9//9
f 9//9 2529//2529 2530//2530
f 9//9 2530//2530 11//11
f 28//28 25//25 2530//2530
f 2530//2530 25//25 12//12
f 2530//2530 12//12 11//11
f 2457//2457 84//84 83//83
f 173//173 172//172 2470//2470
f 2457//2457 83//83 2500//2500
f 2500//2500 83//83 2449//2449
f 2500//2500 2449//2449 2502//2502
f 2502//2502 2449//2449 2445//2445
f 2502//2502 2445//2445 2504//2504
f 2504//2504 2445//2445 2506//2506
f 2506//2506 2445//2445 2442//2442
f 2506//2506 2442//2442 2507//2507
f 2507//2507 2442//2442 2509//2509
f 2509//2509 2442//2442 2432//2432
f 2509//2509 2432//2432 2510//2510
f 2510//2510 2432//2432 2512//2512
f 2512//2512 2432//2432 2434//2434
f 2512//2512 2434//2434 2513//2513
f 2436//2436 2437//2437 2520//2520
f 2520//2520 2518//2518 2436//2436
f 2436//2436 2518//2518 2517//2517
f 2436//2436 2517//2517 2434//2434
f 2434//2434 2517//2517 2515//2515
f 2434//2434 2515//2515 2513//2513
f 2427//2427 2420//2420 2467//2467
f 2467//2467 2466//2466 2427//2427
f 2427//2427 2466//2466 2522//2522
f 2427//2427 2522//2522 2437//2437
f 2437//2437 2522//2522 2521//2521
f 2437//2437 2521//2521 2520//2520
f 173//173 2470//2470 2423//2423
f 2423//2423 2470//2470 2472//2472
f 2423//2423 2472//2472 2420//2420
f 2420//2420 2472//2472 2462//2462
f 2420//2420 2462//2462 2467//2467
f 2531//2531 2532//2532 2533//2533
f 2533//2533 2532//2532 2534//2534
f 2533//2533 2534//2534 2535//2535
f 2535//2535 2534//2534 2536//2536
f 2535//2535 2536//2536 2537//2537
f 2537//2537 2536//2536 2538//2538
f 2537//2537 2538//2538 2539//2539
f 2539//2539 2538//2538 2540//2540
f 2539//2539 2540//2540 2541//2541
f 2541//2541 2540//2540 2542//2542
f 2541//2541 2542//2542 2543//2543
f 2543//2543 2542//2542 2544//2544
f 2543//2543 2544//2544 2545//2545
f 2545//2545 2544//2544 2546//2546
f 2545//2545 2546//2546 2547//2547
f 2547//2547 2546//2546 2548//2548
f 2547//2547 2548//2548 2549//2549
f 2549//2549 2548//2548 2550//2550
f 2549//2549 2550//2550 2551//2551
f 2551//2551 2550//2550 2552//2552
f 2551//2551 2552//2552 2553//2553
f 2553//2553 2552//2552 2554//2554
f 2553//2553 2554//2554 2531//2531
f 2531//2531 2554//2554 2532//2532
f 2555//2555 2556//2556 2557//2557
f 2555//2555 2557//2557 2558//2558
f 2558//2558 2557//2557 2559//2559
f 2558//2558 2559//2559 2560//2560
f 2560//2560 2559//2559 2561//2561
f 2560//2560 2561//2561 2562//2562
f 620//620 621//621 2563//2563
f 30//30 28//28 36//36
f 36//36 28//28 2530//2530
f 36//36 2530//2530 40//40
f 749//749 618//618 2523//2523
f 2523//2523 618//618 620//620
f 620//620 2563//2563 2523//2523
f 2523//2523 2563//2563 2564//2564
f 2523//2523 2564//2564 2524//2524
f 2564//2564 2565//2565 2524//2524
f 2524//2524 2565//2565 2566//2566
f 2524//2524 2566//2566 2525//2525
f 2566//2566 2567//2567 2525//2525
f 2525//2525 2567//2567 2568//2568
f 2525//2525 2568//2568 2526//2526
f 2568//2568 2569//2569 2526//2526
f 2526//2526 2569//2569 2570//2570
f 2526//2526 2570//2570 2527//2527
f 2570//2570 2571//2571 2527//2527
f 2527//2527 2571//2571 2572//2572
f 2527//2527 2572//2572 2528//2528
f 2572//2572 2573//2573 2528//2528
f 2528//2528 2573//2573 2574//2574
f 2528//2528 2574//2574 2529//2529
f 2574//2574 2575//2575 2529//2529
f 2529//2529 2575//2575 2576//2576
f 2529//2529 2576//2576 2530//2530
f 2530//2530 2576//2576 2577//2577
f 2530//2530 2577//2577 40//40
f 40//40 2577//2577 39//39
f 613//613 2563//2563 621//621
f 1997//1997 2020//2020 2410//2410
f 2578//2578 2579//2579 2580//2580
f 2581//2581 2582//2582 2583//2583
f 2576//2576 2575//2575 46//46
f 46//46 2575//2575 2574//2574
f 46//46 2574//2574 51//51
f 51//51 2574//2574 2584//2584
f 51//51 2584//2584 57//57
f 57//57 2584//2584 2585//2585
f 57//57 2585//2585 2586//2586
f 2586//2586 2587//2587 57//57
f 57//57 2587//2587 2588//2588
f 57//57 2588//2588 60//60
f 60//60 2588//2588 2589//2589
f 2589//2589 2590//2590 60//60
f 60//60 2590//2590 2591//2591
f 60//60 2591//2591 62//62
f 62//62 2591//2591 2592//2592
f 62//62 2592//2592 68//68
f 68//68 2592//2592 64//64
f 2572//2572 2581//2581 2573//2573
f 2573//2573 2581//2581 2583//2583
f 2573//2573 2583//2583 2574//2574
f 2574//2574 2583//2583 2593//2593
f 2574//2574 2593//2593 2584//2584
f 2594//2594 2595//2595 2578//2578
f 2566//2566 2596//2596 2597//2597
f 2566//2566 2597//2597 2567//2567
f 2597//2597 2594//2594 2567//2567
f 2567//2567 2594//2594 2578//2578
f 2567//2567 2578//2578 2568//2568
f 2568//2568 2578//2578 2580//2580
f 2568//2568 2580//2580 2569//2569
f 2569//2569 2580//2580 2598//2598
f 2569//2569 2598//2598 2570//2570
f 2570//2570 2598//2598 2599//2599
f 2570//2570 2599//2599 2571//2571
f 2571//2571 2599//2599 2600//2600
f 2571//2571 2600//2600 2572//2572
f 2572//2572 2600//2600 2601//2601
f 2572//2572 2601//2601 2581//2581
f 2581//2581 2601//2601 2602//2602
f 2564//2564 598//598 2565//2565
f 2565//2565 598//598 2566//2566
f 2566//2566 598//598 2596//2596
f 2596//2596 598//598 600//600
f 2596//2596 600//600 2603//2603
f 2603//2603 600//600 2006//2006
f 2603//2603 2006//2006 2604//2604
f 2604//2604 2006//2006 2605//2605
f 2605//2605 2006//2006 2005//2005
f 2605//2605 2005//2005 2003//2003
f 2411//2411 2606//2606 2003//2003
f 2003//2003 2606//2606 2607//2607
f 2003//2003 2607//2607 2605//2605
f 1997//1997 2410//2410 1999//1999
f 2411//2411 2003//2003 2410//2410
f 2410//2410 2003//2003 2002//2002
f 2410//2410 2002//2002 1999//1999
f 2563//2563 613//613 2564//2564
f 2564//2564 613//613 612//612
f 2564//2564 612//612 598//598
f 46//46 41//41 2576//2576
f 2576//2576 41//41 43//43
f 2576//2576 43//43 2577//2577
f 2577//2577 43//43 37//37
f 2577//2577 37//37 39//39
f 2608//2608 2609//2609 2610//2610
f 2610//2610 2609//2609 2611//2611
f 2610//2610 2611//2611 2612//2612
f 2612//2612 2611//2611 2613//2613
f 2612//2612 2613//2613 2614//2614
f 2614//2614 2613//2613 2615//2615
f 2614//2614 2615//2615 2616//2616
f 2616//2616 2615//2615 2617//2617
f 2616//2616 2617//2617 2618//2618
f 2618//2618 2617//2617 2619//2619
f 2618//2618 2619//2619 2620//2620
f 2620//2620 2619//2619 2621//2621
f 2620//2620 2621//2621 2622//2622
f 2622//2622 2621//2621 2623//2623
f 2622//2622 2623//2623 2624//2624
f 2624//2624 2623//2623 2625//2625
f 2624//2624 2625//2625 2626//2626
f 2626//2626 2625//2625 2627//2627
f 2626//2626 2627//2627 2628//2628
f 2628//2628 2627//2627 2629//2629
f 2628//2628 2629//2629 2630//2630
f 2630//2630 2629//2629 2631//2631
f 2630//2630 2631//2631 2608//2608
f 2608//2608 2631//2631 2609//2609
f 2632//2632 2613//2613 2633//2633
f 2633//2633 2613//2613 2634//2634
f 2635//2635 2615//2615 2636//2636
f 2636//2636 2615//2615 2613//2613
f 2636//2636 2613//2613 2637//2637
f 2637//2637 2613//2613 2632//2632
f 2638//2638 2639//2639 2611//2611
f 2619//2619 2640//2640 2621//2621
f 2621//2621 2640//2640 2641//2641
f 2641//2641 2642//2642 2621//2621
f 2621//2621 2642//2642 2643//2643
f 2621//2621 2643//2643 2623//2623
f 2617//2617 2644//2644 2619//2619
f 2619//2619 2644//2644 2645//2645
f 2619//2619 2645//2645 2640//2640
f 2635//2635 2646//2646 2615//2615
f 2615//2615 2646//2646 2647//2647
f 2615//2615 2647//2647 2617//2617
f 2617//2617 2647//2647 2648//2648
f 2617//2617 2648//2648 2644//2644
f 2649//2649 2650//2650 2609//2609
f 2609//2609 2650//2650 2651//2651
f 2609//2609 2651//2651 2611//2611
f 2611//2611 2651//2651 2652//2652
f 2611//2611 2652//2652 2638//2638
f 2639//2639 2653//2653 2611//2611
f 2611//2611 2653//2653 2654//2654
f 2611//2611 2654//2654 2613//2613
f 2613//2613 2654//2654 2655//2655
f 2613//2613 2655//2655 2634//2634
f 2627//2627 2656//2656 2629//2629
f 2629//2629 2656//2656 2657//2657
f 2629//2629 2657//2657 2631//2631
f 2631//2631 2657//2657 2658//2658
f 2631//2631 2658//2658 2609//2609
f 2609//2609 2658//2658 2659//2659
f 2609//2609 2659//2659 2649//2649
f 2649//2649 2659//2659 2660//2660
f 2649//2649 2660//2660 2661//2661
f 2661//2661 2660//2660 2662//2662
f 2661//2661 2662//2662 2602//2602
f 2602//2602 2662//2662 2663//2663
f 2602//2602 2663//2663 2581//2581
f 2643//2643 2664//2664 2623//2623
f 2623//2623 2664//2664 2665//2665
f 2623//2623 2665//2665 2625//2625
f 2625//2625 2665//2665 2666//2666
f 2625//2625 2666//2666 2627//2627
f 2627//2627 2666//2666 2667//2667
f 2627//2627 2667//2667 2656//2656
f 2668//2668 2428//2428 2426//2426
f 2426//2426 2440//2440 2664//2664
f 2664//2664 2440//2440 2439//2439
f 2426//2426 2664//2664 2668//2668
f 2668//2668 2664//2664 2643//2643
f 2668//2668 2643//2643 2669//2669
f 2670//2670 2671//2671 2672//2672
f 2672//2672 2671//2671 2668//2668
f 2672//2672 2668//2668 2673//2673
f 2673//2673 2668//2668 2669//2669
f 2674//2674 2675//2675 2608//2608
f 2676//2676 2677//2677 2614//2614
f 2678//2678 2679//2679 2630//2630
f 2630//2630 2679//2679 2412//2412
f 2630//2630 2412//2412 2628//2628
f 2680//2680 2610//2610 2681//2681
f 2681//2681 2610//2610 2612//2612
f 2681//2681 2612//2612 2682//2682
f 2682//2682 2612//2612 2683//2683
f 2680//2680 2684//2684 2610//2610
f 2610//2610 2684//2684 2685//2685
f 2610//2610 2685//2685 2608//2608
f 2608//2608 2685//2685 2686//2686
f 2608//2608 2686//2686 2674//2674
f 2687//2687 2688//2688 2612//2612
f 2622//2622 2668//2668 2620//2620
f 2620//2620 2668//2668 2671//2671
f 2630//2630 2608//2608 2678//2678
f 2678//2678 2608//2608 2675//2675
f 2678//2678 2675//2675 2689//2689
f 2689//2689 2675//2675 2690//2690
f 2689//2689 2690//2690 2691//2691
f 2691//2691 2690//2690 2579//2579
f 2691//2691 2579//2579 2578//2578
f 2688//2688 2692//2692 2612//2612
f 2612//2612 2692//2692 2693//2693
f 2612//2612 2693//2693 2683//2683
f 2412//2412 2413//2413 2628//2628
f 2628//2628 2413//2413 2417//2417
f 2628//2628 2417//2417 2626//2626
f 2626//2626 2417//2417 2415//2415
f 2626//2626 2415//2415 2624//2624
f 2624//2624 2415//2415 2694//2694
f 2624//2624 2694//2694 2622//2622
f 2622//2622 2694//2694 2695//2695
f 2622//2622 2695//2695 2668//2668
f 2614//2614 2677//2677 2612//2612
f 2612//2612 2677//2677 2696//2696
f 2612//2612 2696//2696 2687//2687
f 2697//2697 2618//2618 2698//2698
f 2698//2698 2618//2618 2620//2620
f 2698//2698 2620//2620 2699//2699
f 2699//2699 2620//2620 2671//2671
f 2697//2697 2700//2700 2618//2618
f 2618//2618 2700//2700 2701//2701
f 2618//2618 2701//2701 2616//2616
f 2616//2616 2701//2701 2702//2702
f 2616//2616 2702//2702 2614//2614
f 2614//2614 2702//2702 2703//2703
f 2614//2614 2703//2703 2676//2676
f 2596//2596 2689//2689 2691//2691
f 2679//2679 2607//2607 2412//2412
f 2412//2412 2607//2607 2606//2606
f 2412//2412 2606//2606 2411//2411
f 2689//2689 2596//2596 2678//2678
f 2596//2596 2603//2603 2678//2678
f 2678//2678 2603//2603 2604//2604
f 2678//2678 2604//2604 2679//2679
f 2679//2679 2604//2604 2605//2605
f 2679//2679 2605//2605 2607//2607
f 2691//2691 2578//2578 2595//2595
f 2595//2595 2594//2594 2691//2691
f 2691//2691 2594//2594 2597//2597
f 2691//2691 2597//2597 2596//2596
f 2704//2704 2705//2705 2706//2706
f 2707//2707 2708//2708 2709//2709
f 2710//2710 2711//2711 2712//2712
f 2713//2713 2714//2714 2715//2715
f 2716//2716 2717//2717 2718//2718
f 2709//2709 2708//2708 2716//2716
f 2712//2712 2711//2711 2716//2716
f 2716//2716 2719//2719 2720//2720
f 2721//2721 2719//2719 2716//2716
f 2715//2715 2714//2714 2716//2716
f 2722//2722 2716//2716 2714//2714
f 2670//2670 2723//2723 2671//2671
f 2648//2648 2647//2647 2724//2724
f 2635//2635 2725//2725 2646//2646
f 2649//2649 2726//2726 2650//2650
f 2601//2601 2600//2600 2727//2727
f 2674//2674 2728//2728 2675//2675
f 2683//2683 2693//2693 2729//2729
f 2701//2701 2700//2700 2730//2730
f 2730//2730 2700//2700 2697//2697
f 2697//2697 2698//2698 2731//2731
f 2731//2731 2698//2698 2699//2699
f 2677//2677 2676//2676 2732//2732
f 2732//2732 2676//2676 2703//2703
f 2716//2716 2733//2733 2734//2734
f 2734//2734 2733//2733 2692//2692
f 2735//2735 2716//2716 2734//2734
f 2704//2704 2598//2598 2580//2580
f 2602//2602 2601//2601 2661//2661
f 2661//2661 2601//2601 2727//2727
f 2661//2661 2727//2727 2649//2649
f 2638//2638 2652//2652 2736//2736
f 2736//2736 2652//2652 2651//2651
f 2737//2737 2738//2738 2654//2654
f 2635//2635 2636//2636 2721//2721
f 2721//2721 2636//2636 2637//2637
f 2721//2721 2637//2637 2719//2719
f 2719//2719 2637//2637 2632//2632
f 2719//2719 2632//2632 2720//2720
f 2720//2720 2632//2632 2633//2633
f 2634//2634 2739//2739 2633//2633
f 2633//2633 2739//2739 2740//2740
f 2633//2633 2740//2740 2720//2720
f 2720//2720 2740//2740 2716//2716
f 2725//2725 2635//2635 2741//2741
f 2741//2741 2635//2635 2721//2721
f 2741//2741 2721//2721 2716//2716
f 2643//2643 2642//2642 2742//2742
f 2742//2742 2642//2642 2641//2641
f 2742//2742 2641//2641 2743//2743
f 2743//2743 2641//2641 2640//2640
f 2643//2643 2742//2742 2669//2669
f 2669//2669 2742//2742 2743//2743
f 2669//2669 2743//2743 2673//2673
f 2743//2743 2744//2744 2673//2673
f 2673//2673 2744//2744 2745//2745
f 2673//2673 2745//2745 2672//2672
f 2672//2672 2745//2745 2670//2670
f 2670//2670 2745//2745 2731//2731
f 2670//2670 2731//2731 2723//2723
f 2723//2723 2731//2731 2699//2699
f 2723//2723 2699//2699 2671//2671
f 2722//2722 2714//2714 2746//2746
f 2746//2746 2714//2714 2713//2713
f 2746//2746 2713//2713 2747//2747
f 2748//2748 2716//2716 2722//2722
f 2738//2738 2737//2737 2749//2749
f 2655//2655 2654//2654 2750//2750
f 2750//2750 2654//2654 2738//2738
f 2750//2750 2738//2738 2751//2751
f 2751//2751 2738//2738 2749//2749
f 2751//2751 2749//2749 2716//2716
f 2647//2647 2646//2646 2724//2724
f 2724//2724 2646//2646 2725//2725
f 2724//2724 2725//2725 2752//2752
f 2752//2752 2725//2725 2741//2741
f 2752//2752 2741//2741 2716//2716
f 2716//2716 2718//2718 2709//2709
f 2709//2709 2718//2718 2753//2753
f 2709//2709 2753//2753 2707//2707
f 2735//2735 2717//2717 2716//2716
f 2682//2682 2683//2683 2754//2754
f 2754//2754 2683//2683 2729//2729
f 2754//2754 2729//2729 2755//2755
f 2755//2755 2756//2756 2754//2754
f 2754//2754 2756//2756 2757//2757
f 2754//2754 2757//2757 2682//2682
f 2682//2682 2757//2757 2681//2681
f 2684//2684 2680//2680 2758//2758
f 2758//2758 2680//2680 2681//2681
f 2758//2758 2681//2681 2759//2759
f 2759//2759 2681//2681 2757//2757
f 2759//2759 2757//2757 2760//2760
f 2760//2760 2757//2757 2756//2756
f 2760//2760 2756//2756 2716//2716
f 2755//2755 2716//2716 2756//2756
f 2693//2693 2692//2692 2729//2729
f 2729//2729 2692//2692 2733//2733
f 2729//2729 2733//2733 2755//2755
f 2755//2755 2733//2733 2716//2716
f 2748//2748 2722//2722 2761//2761
f 2761//2761 2722//2722 2746//2746
f 2761//2761 2746//2746 2762//2762
f 2762//2762 2746//2746 2747//2747
f 2762//2762 2747//2747 2763//2763
f 2764//2764 2716//2716 2748//2748
f 2654//2654 2653//2653 2737//2737
f 2737//2737 2653//2653 2765//2765
f 2737//2737 2765//2765 2766//2766
f 2767//2767 2768//2768 2769//2769
f 2770//2770 2771//2771 2772//2772
f 2772//2772 2771//2771 2773//2773
f 2772//2772 2773//2773 2774//2774
f 2774//2774 2773//2773 2775//2775
f 2774//2774 2775//2775 2776//2776
f 2777//2777 2775//2775 2707//2707
f 2707//2707 2775//2775 2773//2773
f 2707//2707 2773//2773 2708//2708
f 2708//2708 2773//2773 2771//2771
f 2708//2708 2771//2771 2716//2716
f 2770//2770 2716//2716 2771//2771
f 2686//2686 2685//2685 2778//2778
f 2778//2778 2685//2685 2684//2684
f 2778//2778 2684//2684 2779//2779
f 2779//2779 2684//2684 2758//2758
f 2779//2779 2758//2758 2780//2780
f 2780//2780 2758//2758 2759//2759
f 2780//2780 2759//2759 2781//2781
f 2781//2781 2759//2759 2760//2760
f 2781//2781 2760//2760 2716//2716
f 2653//2653 2639//2639 2765//2765
f 2765//2765 2639//2639 2638//2638
f 2765//2765 2638//2638 2766//2766
f 2766//2766 2638//2638 2736//2736
f 2766//2766 2736//2736 2782//2782
f 2783//2783 2784//2784 2785//2785
f 2785//2785 2784//2784 2768//2768
f 2785//2785 2768//2768 2786//2786
f 2786//2786 2768//2768 2767//2767
f 2786//2786 2767//2767 2787//2787
f 2787//2787 2788//2788 2786//2786
f 2786//2786 2788//2788 2789//2789
f 2786//2786 2789//2789 2785//2785
f 2785//2785 2789//2789 2790//2790
f 2785//2785 2790//2790 2783//2783
f 2783//2783 2790//2790 2791//2791
f 2792//2792 2791//2791 2793//2793
f 2793//2793 2791//2791 2790//2790
f 2793//2793 2790//2790 2794//2794
f 2794//2794 2790//2790 2789//2789
f 2794//2794 2789//2789 2795//2795
f 2795//2795 2789//2789 2788//2788
f 2795//2795 2788//2788 2716//2716
f 2787//2787 2716//2716 2788//2788
f 2769//2769 2710//2710 2767//2767
f 2767//2767 2710//2710 2712//2712
f 2767//2767 2712//2712 2787//2787
f 2787//2787 2712//2712 2716//2716
f 2776//2776 2792//2792 2774//2774
f 2774//2774 2792//2792 2793//2793
f 2774//2774 2793//2793 2772//2772
f 2772//2772 2793//2793 2794//2794
f 2772//2772 2794//2794 2770//2770
f 2770//2770 2794//2794 2795//2795
f 2770//2770 2795//2795 2716//2716
f 2697//2697 2776//2776 2730//2730
f 2730//2730 2776//2776 2775//2775
f 2730//2730 2775//2775 2701//2701
f 2701//2701 2775//2775 2777//2777
f 2701//2701 2777//2777 2702//2702
f 2702//2702 2777//2777 2707//2707
f 2702//2702 2707//2707 2703//2703
f 2703//2703 2707//2707 2753//2753
f 2703//2703 2753//2753 2732//2732
f 2732//2732 2753//2753 2718//2718
f 2732//2732 2718//2718 2677//2677
f 2677//2677 2718//2718 2717//2717
f 2677//2677 2717//2717 2696//2696
f 2696//2696 2717//2717 2735//2735
f 2696//2696 2735//2735 2687//2687
f 2687//2687 2735//2735 2734//2734
f 2687//2687 2734//2734 2688//2688
f 2688//2688 2734//2734 2692//2692
f 2764//2764 2748//2748 2796//2796
f 2796//2796 2748//2748 2761//2761
f 2796//2796 2761//2761 2797//2797
f 2797//2797 2761//2761 2762//2762
f 2797//2797 2762//2762 2798//2798
f 2798//2798 2762//2762 2763//2763
f 2798//2798 2763//2763 2799//2799
f 2651//2651 2800//2800 2736//2736
f 2736//2736 2800//2800 2801//2801
f 2736//2736 2801//2801 2782//2782
f 2782//2782 2801//2801 2802//2802
f 2697//2697 2731//2731 2776//2776
f 2776//2776 2731//2731 2745//2745
f 2776//2776 2745//2745 2792//2792
f 2792//2792 2745//2745 2744//2744
f 2792//2792 2744//2744 2791//2791
f 2791//2791 2744//2744 2743//2743
f 2791//2791 2743//2743 2783//2783
f 2783//2783 2743//2743 2640//2640
f 2783//2783 2640//2640 2784//2784
f 2784//2784 2640//2640 2645//2645
f 2784//2784 2645//2645 2768//2768
f 2768//2768 2645//2645 2644//2644
f 2768//2768 2644//2644 2769//2769
f 2769//2769 2644//2644 2648//2648
f 2769//2769 2648//2648 2710//2710
f 2710//2710 2648//2648 2724//2724
f 2710//2710 2724//2724 2711//2711
f 2711//2711 2724//2724 2752//2752
f 2711//2711 2752//2752 2716//2716
f 2716//2716 2749//2749 2715//2715
f 2715//2715 2749//2749 2737//2737
f 2715//2715 2737//2737 2713//2713
f 2713//2713 2737//2737 2766//2766
f 2713//2713 2766//2766 2747//2747
f 2747//2747 2766//2766 2782//2782
f 2747//2747 2782//2782 2763//2763
f 2763//2763 2782//2782 2802//2802
f 2763//2763 2802//2802 2799//2799
f 2634//2634 2655//2655 2739//2739
f 2739//2739 2655//2655 2750//2750
f 2739//2739 2750//2750 2740//2740
f 2740//2740 2750//2750 2751//2751
f 2740//2740 2751//2751 2716//2716
f 2686//2686 2778//2778 2674//2674
f 2674//2674 2778//2778 2803//2803
f 2674//2674 2803//2803 2728//2728
f 2728//2728 2803//2803 2705//2705
f 2728//2728 2705//2705 2675//2675
f 2675//2675 2705//2705 2704//2704
f 2675//2675 2704//2704 2690//2690
f 2690//2690 2704//2704 2580//2580
f 2690//2690 2580//2580 2579//2579
f 2801//2801 2706//2706 2802//2802
f 2802//2802 2706//2706 2705//2705
f 2802//2802 2705//2705 2799//2799
f 2799//2799 2705//2705 2803//2803
f 2799//2799 2803//2803 2798//2798
f 2798//2798 2803//2803 2778//2778
f 2798//2798 2778//2778 2797//2797
f 2797//2797 2778//2778 2779//2779
f 2797//2797 2779//2779 2796//2796
f 2796//2796 2779//2779 2780//2780
f 2796//2796 2780//2780 2764//2764
f 2764//2764 2780//2780 2781//2781
f 2764//2764 2781//2781 2716//2716
f 2726//2726 2649//2649 2804//2804
f 2804//2804 2649//2649 2727//2727
f 2804//2804 2727//2727 2805//2805
f 2805//2805 2727//2727 2600//2600
f 2805//2805 2600//2600 2599//2599
f 2651//2651 2650//2650 2800//2800
f 2800//2800 2650//2650 2726//2726
f 2800//2800 2726//2726 2801//2801
f 2801//2801 2726//2726 2804//2804
f 2801//2801 2804//2804 2706//2706
f 2706//2706 2804//2804 2805//2805
f 2706//2706 2805//2805 2704//2704
f 2704//2704 2805//2805 2599//2599
f 2704//2704 2599//2599 2598//2598
f 2593//2593 2583//2583 2663//2663
f 2663//2663 2583//2583 2582//2582
f 2663//2663 2582//2582 2581//2581
f 2593//2593 2663//2663 2584//2584
f 2584//2584 2663//2663 2662//2662
f 2584//2584 2662//2662 2585//2585
f 2585//2585 2662//2662 2586//2586
f 2586//2586 2662//2662 2660//2660
f 2586//2586 2660//2660 2587//2587
f 2587//2587 2660//2660 2588//2588
f 2588//2588 2660//2660 2659//2659
f 2588//2588 2659//2659 2589//2589
f 2589//2589 2659//2659 2590//2590
f 2590//2590 2659//2659 2658//2658
f 2590//2590 2658//2658 2591//2591
f 2657//2657 72//72 2658//2658
f 2658//2658 72//72 65//65
f 65//65 64//64 2658//2658
f 2658//2658 64//64 2592//2592
f 2658//2658 2592//2592 2591//2591
f 72//72 2657//2657 77//77
f 77//77 2657//2657 2656//2656
f 77//77 2656//2656 75//75
f 75//75 2656//2656 2452//2452
f 2452//2452 2656//2656 2453//2453
f 2453//2453 2656//2656 2667//2667
f 2453//2453 2667//2667 2454//2454
f 2441//2441 2444//2444 2665//2665
f 2451//2451 2450//2450 2666//2666
f 2666//2666 2450//2450 2448//2448
f 2666//2666 2448//2448 2667//2667
f 2667//2667 2448//2448 2447//2447
f 2667//2667 2447//2447 2454//2454
f 2665//2665 2444//2444 2666//2666
f 2666//2666 2444//2444 2446//2446
f 2666//2666 2446//2446 2451//2451
f 2664//2664 2439//2439 2665//2665
f 2665//2665 2439//2439 2438//2438
f 2665//2665 2438//2438 2441//2441
f 2440//2440 2426//2426 2443//2443
f 2443//2443 2426//2426 2425//2425
f 2443//2443 2425//2425 2433//2433
f 2433//2433 2425//2425 2435//2435
f 2428//2428 2668//2668 2429//2429
f 2429//2429 2668//2668 2695//2695
f 2429//2429 2695//2695 2430//2430
f 2430//2430 2695//2695 2431//2431
f 2431//2431 2695//2695 2418//2418
f 2418//2418 2695//2695 2694//2694
f 2418//2418 2694//2694 2419//2419
f 2414//2414 2422//2422 2415//2415
f 2415//2415 2422//2422 2421//2421
f 2415//2415 2421//2421 2694//2694
f 2694//2694 2421//2421 2424//2424
f 2694//2694 2424//2424 2419//2419
f 2806//2806 2807//2807 2808//2808
f 2808//2808 2807//2807 2809//2809
f 2810//2810 2811//2811 2812//2812
f 2812//2812 2811//2811 2813//2813
f 2812//2812 2813//2813 2814//2814
f 2814//2814 2813//2813 2815//2815
f 2815//2815 2813//2813 2809//2809
f 2815//2815 2809//2809 2807//2807
f 2816//2816 2817//2817 2818//2818
f 2818//2818 2817//2817 2819//2819
f 2820//2820 2821//2821 2822//2822
f 2822//2822 2821//2821 2823//2823
f 2822//2822 2823//2823 2817//2817
f 2817//2817 2823//2823 2824//2824
f 2817//2817 2824//2824 2819//2819
f 2818//2818 2825//2825 2816//2816
f 2816//2816 2825//2825 2826//2826
f 2558//2558 2548//2548 2546//2546
f 2827//2827 2820//2820 2540//2540
f 2540//2540 2820//2820 2822//2822
f 2540//2540 2822//2822 2542//2542
f 2542//2542 2822//2822 2817//2817
f 2542//2542 2817//2817 2544//2544
f 2544//2544 2817//2817 2816//2816
f 2544//2544 2816//2816 2826//2826
f 2558//2558 2546//2546 2555//2555
f 2555//2555 2546//2546 2544//2544
f 2555//2555 2544//2544 2828//2828
f 2828//2828 2544//2544 2826//2826
f 2828//2828 2826//2826 2829//2829
f 2540//2540 2538//2538 2827//2827
f 2827//2827 2538//2538 2536//2536
f 2827//2827 2536//2536 2830//2830
f 2830//2830 2536//2536 2534//2534
f 2830//2830 2534//2534 2532//2532
f 2548//2548 2558//2558 2550//2550
f 2550//2550 2558//2558 2560//2560
f 2550//2550 2560//2560 2552//2552
f 2560//2560 2562//2562 2552//2552
f 2552//2552 2562//2562 2831//2831
f 2552//2552 2831//2831 2832//2832
f 2810//2810 2830//2830 2811//2811
f 2811//2811 2830//2830 2532//2532
f 2811//2811 2532//2532 2813//2813
f 2813//2813 2532//2532 2554//2554
f 2813//2813 2554//2554 2809//2809
f 2809//2809 2554//2554 2552//2552
f 2809//2809 2552//2552 2808//2808
f 2808//2808 2552//2552 2832//2832
f 2826//2826 2825//2825 2833//2833
f 2826//2826 2833//2833 2829//2829
f 2829//2829 2833//2833 2834//2834
f 2829//2829 2834//2834 2828//2828
f 2828//2828 2834//2834 2556//2556
f 2828//2828 2556//2556 2555//2555
f 2562//2562 2561//2561 2835//2835
f 2562//2562 2835//2835 2831//2831
f 2831//2831 2835//2835 2836//2836
f 2831//2831 2836//2836 2832//2832
f 2832//2832 2836//2836 2806//2806
f 2832//2832 2806//2806 2808//2808
f 2837//2837 2838//2838 2839//2839
f 2837//2837 2839//2839 2840//2840
f 2840//2840 2839//2839 2841//2841
f 2840//2840 2841//2841 2830//2830
f 2830//2830 2810//2810 2840//2840
f 2840//2840 2810//2810 2812//2812
f 2840//2840 2812//2812 2842//2842
f 2842//2842 2812//2812 2814//2814
f 2814//2814 2815//2815 2842//2842
f 2842//2842 2815//2815 2807//2807
f 2842//2842 2807//2807 2806//2806
f 2838//2838 2843//2843 2839//2839
f 2839//2839 2843//2843 2844//2844
f 2839//2839 2844//2844 2841//2841
f 2841//2841 2844//2844 2845//2845
f 2841//2841 2845//2845 2830//2830
f 2830//2830 2845//2845 2827//2827
f 2843//2843 2846//2846 2844//2844
f 2844//2844 2846//2846 2847//2847
f 2844//2844 2847//2847 2845//2845
f 2845//2845 2847//2847 2827//2827
f 2819//2819 2848//2848 2818//2818
f 2818//2818 2848//2848 2825//2825
f 2820//2820 2827//2827 2821//2821
f 2821//2821 2827//2827 2847//2847
f 2821//2821 2847//2847 2823//2823
f 2823//2823 2847//2847 2848//2848
f 2823//2823 2848//2848 2824//2824
f 2824//2824 2848//2848 2819//2819
f 2834//2834 2482//2482 2556//2556
f 2556//2556 2482//2482 2481//2481
f 2556//2556 2481//2481 2480//2480
f 2833//2833 2825//2825 2848//2848
f 2848//2848 2849//2849 2833//2833
f 2833//2833 2849//2849 2476//2476
f 2833//2833 2476//2476 2834//2834
f 2834//2834 2476//2476 2475//2475
f 2834//2834 2475//2475 2482//2482
f 2559//2559 2489//2489 2461//2461
f 2458//2458 2561//2561 2459//2459
f 2459//2459 2561//2561 2559//2559
f 2459//2459 2559//2559 2460//2460
f 2460//2460 2559//2559 2461//2461
f 2485//2485 2486//2486 2557//2557
f 2557//2557 2486//2486 2487//2487
f 2557//2557 2487//2487 2559//2559
f 2559//2559 2487//2487 2488//2488
f 2559//2559 2488//2488 2489//2489
f 2556//2556 2480//2480 2557//2557
f 2557//2557 2480//2480 2479//2479
f 2479//2479 2483//2483 2557//2557
f 2557//2557 2483//2483 2484//2484
f 2557//2557 2484//2484 2485//2485
f 2842//2842 2806//2806 2850//2850
f 2850//2850 2806//2806 2836//2836
f 2492//2492 2491//2491 2835//2835
f 2835//2835 2491//2491 2494//2494
f 2835//2835 2494//2494 2836//2836
f 2836//2836 2494//2494 2851//2851
f 2836//2836 2851//2851 2850//2850
f 2492//2492 2835//2835 2493//2493
f 2493//2493 2835//2835 2561//2561
f 2493//2493 2561//2561 2458//2458
f 2497//2497 2498//2498 2840//2840
f 2842//2842 2850//2850 2495//2495
f 2495//2495 2850//2850 2851//2851
f 2495//2495 2851//2851 2494//2494
f 2842//2842 2495//2495 2840//2840
f 2840//2840 2495//2495 2496//2496
f 2840//2840 2496//2496 2497//2497
f 2465//2465 2464//2464 2852//2852
f 2852//2852 2503//2503 2505//2505
f 2514//2514 2516//2516 2852//2852
f 2852//2852 2516//2516 2519//2519
f 2852//2852 2519//2519 2465//2465
f 2505//2505 2508//2508 2852//2852
f 2852//2852 2508//2508 2511//2511
f 2852//2852 2511//2511 2514//2514
f 2846//2846 2843//2843 2471//2471
f 2471//2471 2843//2843 2463//2463
f 2463//2463 2843//2843 2852//2852
f 2463//2463 2852//2852 2464//2464
f 2503//2503 2852//2852 2501//2501
f 2501//2501 2852//2852 2843//2843
f 2501//2501 2843//2843 2499//2499
f 2499//2499 2843//2843 2838//2838
f 2499//2499 2838//2838 2455//2455
f 2455//2455 2838//2838 2837//2837
f 2455//2455 2837//2837 2456//2456
f 2456//2456 2837//2837 2840//2840
f 2456//2456 2840//2840 2498//2498
f 2473//2473 2847//2847 2468//2468
f 2468//2468 2847//2847 2846//2846
f 2468//2468 2846//2846 2469//2469
f 2469//2469 2846//2846 2471//2471
f 2476//2476 2849//2849 2477//2477
f 2477//2477 2849//2849 2848//2848
f 2477//2477 2848//2848 2478//2478
f 2478//2478 2848//2848 2847//2847
f 2478//2478 2847//2847 2474//2474
f 2474//2474 2847//2847 2473//2473
f 2551//2551 2553//2553 2853//2853
f 2853//2853 2553//2553 2531//2531
f 2853//2853 2531//2531 2533//2533
f 2545//2545 2547//2547 2853//2853
f 2853//2853 2547//2547 2549//2549
f 2853//2853 2549//2549 2551//2551
f 2539//2539 2541//2541 2853//2853
f 2853//2853 2541//2541 2543//2543
f 2853//2853 2543//2543 2545//2545
f 2533//2533 2535//2535 2853//2853
f 2853//2853 2535//2535 2537//2537
f 2853//2853 2537//2537 2539//2539
f 2854//2854 2855//2855 2856//2856
f 2856//2856 2855//2855 2857//2857
f 2858//2858 2859//2859 2860//2860
f 2861//2861 2862//2862 2854//2854
f 2854//2854 2862//2862 2858//2858
f 2854//2854 2858//2858 2855//2855
f 2855//2855 2858//2858 2860//2860
f 2854//2854 2856//2856 2861//2861
f 2861//2861 2856//2856 2863//2863
f 2864//2864 2865//2865 2866//2866
f 2866//2866 2865//2865 2867//2867
f 2866//2866 2867//2867 2868//2868
f 2855//2855 2860//2860 2857//2857
f 2857//2857 2860//2860 2869//2869
f 2862//2862 2868//2868 2858//2858
f 2858//2858 2868//2868 2867//2867
f 2858//2858 2867//2867 2859//2859
f 2859//2859 2867//2867 2865//2865
f 2861//2861 2863//2863 2870//2870
f 2866//2866 2868//2868 2862//2862
f 2862//2862 2861//2861 2866//2866
f 2866//2866 2861//2861 2870//2870
f 2866//2866 2870//2870 2864//2864
f 2864//2864 2870//2870 2871//2871
f 2864//2864 2871//2871 2872//2872
f 2873//2873 2874//2874 2875//2875
f 2875//2875 2874//2874 2876//2876
f 2877//2877 2872//2872 2878//2878
f 2878//2878 2872//2872 2874//2874
f 2878//2878 2874//2874 2879//2879
f 2879//2879 2874//2874 2873//2873
f 2880//2880 2876//2876 2874//2874
f 2880//2880 2874//2874 2881//2881
f 2881//2881 2874//2874 2882//2882
f 2881//2881 2882//2882 2883//2883
f 2884//2884 2883//2883 2882//2882
f 2874//2874 2872//2872 2885//2885
f 2885//2885 2886//2886 2874//2874
f 2874//2874 2886//2886 2887//2887
f 2874//2874 2887//2887 2882//2882
f 2882//2882 2887//2887 2888//2888
f 2882//2882 2888//2888 2884//2884
f 2871//2871 2870//2870 2889//2889
f 2889//2889 2870//2870 2863//2863
f 2869//2869 2890//2890 2857//2857
f 2857//2857 2890//2890 2889//2889
f 2857//2857 2889//2889 2856//2856
f 2856//2856 2889//2889 2863//2863
f 2890//2890 2869//2869 2860//2860
f 2877//2877 2891//2891 2872//2872
f 2872//2872 2891//2891 2892//2892
f 2859//2859 2865//2865 2860//2860
f 2860//2860 2865//2865 2864//2864
f 2860//2860 2864//2864 2890//2890
f 2890//2890 2864//2864 2872//2872
f 2890//2890 2872//2872 2893//2893
f 2893//2893 2872//2872 2892//2892
f 2873//2873 2875//2875 2894//2894
f 2893//2893 2892//2892 2895//2895
f 2895//2895 2892//2892 2891//2891
f 2895//2895 2891//2891 2896//2896
f 2896//2896 2891//2891 2877//2877
f 2896//2896 2877//2877 2897//2897
f 2897//2897 2877//2877 2878//2878
f 2897//2897 2878//2878 2894//2894
f 2894//2894 2878//2878 2879//2879
f 2894//2894 2879//2879 2873//2873
f 2875//2875 2876//2876 2880//2880
f 2880//2880 2881//2881 2875//2875
f 2875//2875 2881//2881 2898//2898
f 2875//2875 2898//2898 2899//2899
f 2900//2900 2894//2894 2901//2901
f 2901//2901 2894//2894 2875//2875
f 2901//2901 2875//2875 2902//2902
f 2902//2902 2875//2875 2899//2899
f 2884//2884 2881//2881 2883//2883
f 2872//2872 2871//2871 2889//2889
f 2895//2895 2896//2896 2872//2872
f 2872//2872 2896//2896 2897//2897
f 2872//2872 2897//2897 2885//2885
f 2885//2885 2897//2897 2894//2894
f 2885//2885 2894//2894 2886//2886
f 2886//2886 2894//2894 2900//2900
f 2886//2886 2900//2900 2887//2887
f 2887//2887 2900//2900 2901//2901
f 2887//2887 2901//2901 2903//2903
f 2901//2901 2902//2902 2903//2903
f 2903//2903 2902//2902 2899//2899
f 2903//2903 2899//2899 2884//2884
f 2884//2884 2899//2899 2898//2898
f 2884//2884 2898//2898 2881//2881
f 2872//2872 2889//2889 2895//2895
f 2895//2895 2889//2889 2890//2890
f 2895//2895 2890//2890 2893//2893
