v -0.007500000763684511 0.009101910516619682 0.012328996323049068
v -0.007500000763684511 0.00860000029206276 0.01232899446040392
v -0.007477208971977234 0.009155566804111004 0.011902600526809692
v -0.0071955188177526 0.008600001223385334 0.010798259638249874
v -0.006328428164124489 0.009825046174228191 0.009500565938651562
v -0.006865881849080324 0.01032221782952547 0.010167780332267284
v -0.00695772934705019 0.008599999360740185 0.010317998006939888
v -0.0071955188177526 0.009748188778758049 0.010798262432217598
v -0.007413249462842941 0.009300951845943928 0.01150045357644558
v -0.005027320701628923 0.013391757383942604 0.00863206759095192
v -0.005617809947580099 0.013033393770456314 0.008935634046792984
v -0.0050307344645261765 0.011362526565790176 0.008633476682007313
v -0.005910612177103758 0.012827388942241669 0.009136978536844254
v -0.005568940658122301 0.010823632590472698 0.008905619382858276
v -0.006186517421156168 0.01135652232915163 0.009365442208945751
v -0.006040124222636223 0.01024599839001894 0.009239047765731812
v -0.006318461149930954 0.01111650187522173 0.009490636177361012
v -0.006445729173719883 0.010931418277323246 0.009622948244214058
v -0.0064272163435816765 0.012407690286636353 0.009602929465472698
v -0.006861531175673008 0.011984620243310928 0.010161016136407852
v -0.004650082439184189 0.011684447526931763 0.008497899398207664
v -0.004095250740647316 0.012083224020898342 0.008373535238206387
v -0.004391476046293974 0.013706366531550884 0.008429599925875664
v -0.0035000010393559933 0.012433248572051525 0.008328993804752827
v -0.004094204865396023 0.01383172906935215 0.008373375982046127
v -0.0035000008065253496 0.014045702293515205 0.008328995667397976
v -0.000999067327938974 0.013233158737421036 0.008328995667397976
v -0.0019320233259350061 0.014423171058297157 0.008328997530043125
v -0.0018028636695817113 0.013080086559057236 0.008328994736075401
v -0.0023555445950478315 0.014344923198223114 0.008328995667397976
v -0.002926289802417159 0.012705565430223942 0.008328997530043125
v 0.0034999996423721313 0.0124332495033741 0.008328991010785103
v 0.0034999996423721313 0.01404570322483778 0.008328992873430252
v 0.002926289802417159 0.012705563567578793 0.008328995667397976
v 0.0030976200941950083 0.014166261069476604 0.00832899659872055
v 0.0018028621561825275 0.01308008749037981 0.008328991942107677
v 0.0019651707261800766 0.014417641796171665 0.00832899659872055
v 0.0009990669786930084 0.01323315966874361 0.008328992873430252
v 0.0007998214568942785 0.01455377321690321 0.008328992873430252
v -8.582924371225431e-10 0.013299998827278614 0.008328993804752827
v 3.0057707434139047e-09 0.014580353163182735 0.00832899659872055
v -0.00039324615499936044 0.014573942869901657 0.008328991010785103
v -0.0011668008519336581 0.014523602090775967 0.008328997530043125
v 0.00418056407943368 0.01379663310945034 0.008387315087020397
v 0.004094159230589867 0.012083936482667923 0.00837337039411068
v 0.005031802225857973 0.013389293104410172 0.00863391999155283
v 0.004942762199789286 0.013437544927001 0.008598251268267632
v 0.004833901301026344 0.01349463127553463 0.008557961322367191
v 0.006186516024172306 0.01135652232915163 0.009365443140268326
v 0.005569241009652615 0.01082330010831356 0.0089058056473732
v 0.006318459287285805 0.011116500943899155 0.009490636177361012
v 0.006035573780536652 0.01025217305868864 0.009235311299562454
v 0.006328426767140627 0.009825048968195915 0.009500567801296711
v 0.004645808134227991 0.01168782263994217 0.008496618829667568
v 0.005041602533310652 0.011352678760886192 0.008637996390461922
v 0.005565835628658533 0.013067859224975109 0.00890374556183815
v 0.006024952512234449 0.012741095386445522 0.009226635098457336
v 0.006528833415359259 0.012315227650105953 0.00971630122512579
v 0.006861529778689146 0.011984619311988354 0.010161018930375576
v 0.007499998901039362 0.008599999360740185 0.012328995391726494
v 0.007499999366700649 0.009101910516619682 0.012328997254371643
v 0.0071955169551074505 0.008600001223385334 0.010798259638249874
v 0.00747703667730093 0.009155966341495514 0.011901003308594227
v 0.007413223851472139 0.00930100493133068 0.011500337161123753
v 0.0071955169551074505 0.0097481869161129 0.010798261500895023
v 0.006957728881388903 0.008599999360740185 0.010317995212972164
v 0.006865344475954771 0.010323070921003819 0.010166945867240429
v 0.006445727776736021 0.010931418277323246 0.009622946381568909
v 0.006957728881388903 0.008599999360740185 0.026617689058184624
v 0.006957728881388903 0.008599999360740185 0.031339991837739944
v 0.007207572925835848 0.00860000029206276 0.030830293893814087
v 0.007499998901039362 0.00860000029206276 0.029328996315598488
v 0.006186516024172306 0.01135652232915163 0.032292548567056656
v 0.005636892281472683 0.011676746420562267 0.03271036595106125
v 0.006530657410621643 0.011676745489239693 0.03193956986069679
v 0.005410912446677685 0.011622765101492405 0.03284301981329918
v 0.00637305062264204 0.009754013270139694 0.03211208060383797
v 0.006873867474496365 0.010309457778930664 0.03147771582007408
v 0.0072075724601745605 0.009725077077746391 0.030830293893814087
v 0.007416915614157915 0.009292812086641788 0.030140021815896034
v 0.007478212937712669 0.009153221733868122 0.029745902866125107
v 0.007499999366700649 0.009101911447942257 0.02932899072766304
v 0.005619333125650883 0.010767200961709023 0.03272140398621559
v 0.005143594462424517 0.011258335784077644 0.03297572210431099
v 0.005233726464211941 0.01147247850894928 0.03293373063206673
v 0.0060403309762477875 0.01024571806192398 0.032418765127658844
v 0.006364977918565273 0.011044648475944996 0.032120395451784134
v 0.006445727776736021 0.010931418277323246 0.032035041600465775
v 0.005143594462424517 0.011258335784077644 0.033617693930864334
v 0.005143594462424517 0.011258336715400219 0.036080677062273026
v 0.005252831149846315 0.011496896855533123 0.035960305482149124
v 0.005444210488349199 0.011638127267360687 0.03589138761162758
v 0.005636892281472683 0.011676746420562267 0.03587283194065094
v 0.005672174505889416 0.010706773959100246 0.03637833893299103
v 0.006251609418541193 0.011467722244560719 0.035974763333797455
v 0.006002405658364296 0.011676746420562267 0.03587283566594124
v 0.0064887297339737415 0.0112498439848423 0.03608505800366402
v 0.00596071919426322 0.010351902805268764 0.036584556102752686
v 0.007452455814927816 0.010087383911013603 0.03674740344285965
v 0.006592541001737118 0.009376089088618755 0.0372142568230629
v 0.007862269878387451 0.009387800469994545 0.037206895649433136
v 0.006826414726674557 0.008906455710530281 0.037552278488874435
v 0.008116353303194046 0.00884607806801796 0.03759784623980522
v 0.007056547794491053 0.008340694010257721 0.03799247369170189
v 0.00852684210985899 0.0076225074008107185 0.03860953077673912
v 0.007342578377574682 0.007328578270971775 0.03888222947716713
v 0.008595654740929604 0.007328578270971775 0.03888223320245743
v 0.007419672328978777 0.006894742138683796 0.039195120334625244
v 0.00892004743218422 0.0069321151822805405 0.03917460888624191
v 0.007423608098179102 0.0068677254021167755 0.039209313690662384
v 0.007437610998749733 0.006765372585505247 0.03925859183073044
v 0.00902002677321434 0.006774968467652798 0.039254263043403625
v 0.00748384278267622 0.006292030215263367 0.039404112845659256
v 0.007498499006032944 0.005649983882904053 0.039411187171936035
v 0.009254662320017815 0.006086268927901983 0.039428967982530594
v 0.007492505945265293 0.006135182920843363 0.039425093680620193
v 0.00924429576843977 0.0061681377701461315 0.03942175582051277
v 0.009129572659730911 0.00656027952209115 0.039337407797575
v 0.007446239236742258 0.0046036122366786 0.03891218081116676
v 0.009347022511065006 0.004820370115339756 0.0390813872218132
v 0.007483888883143663 0.005008675158023834 0.03919420391321182
v 0.009342323988676071 0.004971447866410017 0.03917403519153595
v 0.007492688950151205 0.005168943200260401 0.0392703153192997
v 0.0093171251937747 0.005440814886242151 0.039363838732242584
v 0.009305012412369251 0.005597500596195459 0.03939935564994812
v 0.007426135707646608 0.004450002685189247 0.038757190108299255
v 0.008823772892355919 0.004450003616511822 0.03875718638300896
v 0.009351802989840508 0.0044500031508505344 0.03875718265771866
v 0.007400221191346645 0.004280691500753164 0.0009289980516768992
v 0.008333728648722172 0.004153909627348185 -0.00170788518153131
v 0.007351717445999384 0.0040160068310797215 0.0009289938025176525
v 0.008010340854525566 0.0032754496205598116 -0.001354958862066269
v 0.006838231813162565 0.0024196463637053967 0.0009289978188462555
v 0.0076526738703250885 0.0023548107128590345 -0.0012395717203617096
v 0.006861942354589701 0.0014510228065773845 -0.00037669047014787793
v 0.0072637381963431835 0.0014476520009338856 -0.001360690570436418
v 0.0068833595141768456 0.0006225031684152782 -0.0016925584059208632
v 0.007459421642124653 0.006279109511524439 0.0009289949666708708
v 0.008396069519221783 0.00637693889439106 -0.001707884599454701
v 0.0074788350611925125 0.006063043139874935 0.000928992114495486
v 0.008441735059022903 0.005510058254003525 -0.0017078795935958624
v 0.008370935916900635 0.004408936016261578 -0.0017078813398256898
v 0.005901535972952843 0.010497280396521091 0.00027629834949038923
v 0.0059454357251524925 0.01072255801409483 -0.00022877952142152935
v 0.006777102127671242 0.010533278807997704 -0.001707883202470839
v 0.006009131204336882 0.010287798941135406 0.0004158292431384325
v 0.005888844840228558 0.010444512590765953 0.00039870516047813
v 0.005956157576292753 0.010811387561261654 -0.0004160981625318527
v 0.005947846453636885 0.011168993078172207 -0.0010776929557323456
v 0.006693709641695023 0.010643661953508854 -0.0017078855307772756
v 0.005866339895874262 0.011447381228208542 -0.0014615323161706328
v 0.005965654272586107 0.01147276908159256 -0.0017078795935958624
v 0.005810808390378952 0.011564809828996658 -0.0015889056958258152
v 0.005730628501623869 0.011698621325194836 -0.0017078841337934136
v 0.0074110133573412895 0.0066519007086753845 0.0009289914160035551
v 0.007438886445015669 0.00675549078732729 0.0008055421058088541
v 0.008368312381207943 0.00661100959405303 -0.00170788518153131
v 0.0073007699102163315 0.007517194841057062 0.0007208969909697771
v 0.006161556579172611 0.010076120495796204 0.00043898323201574385
v 0.006613411009311676 0.009337341412901878 0.0005199958686716855
v 0.007307406514883041 0.00972667708992958 -0.0017078823875635862
v 0.006976223085075617 0.008553598076105118 0.0006062693428248167
v 0.007796261925250292 0.008737483993172646 -0.0017078830860555172
v 0.007085154764354229 0.008259792812168598 0.0006387048051692545
v 0.007866070605814457 0.008563973009586334 -0.0017078848322853446
v 0.00815192237496376 0.0076929787173867226 -0.0017078834353014827
v 0.0052835214883089066 0.011123007163405418 0.005783942062407732
v 0.00527071300894022 0.011135898530483246 0.005900440737605095
v 0.005374556872993708 0.01113835908472538 0.004932537209242582
v 0.0054543339647352695 0.011143533512949944 0.004171388223767281
v 0.005455712787806988 0.011120318435132504 0.00417412118986249
v 0.005645523313432932 0.01115240529179573 0.0022701192647218704
v 0.005634380970150232 0.011088316328823566 0.0024662588257342577
v 0.0056026107631623745 0.011149625293910503 0.002701010787859559
v 0.0058685168623924255 0.010588335804641247 0.0006600249907933176
v 0.005804853048175573 0.011125161312520504 0.0006555470172315836
v 0.005928831174969673 0.010895414277911186 -0.00021519804431591183
v 0.005662302486598492 0.011134480126202106 0.002123757731169462
v 0.005668483208864927 0.011120646260678768 0.00208259467035532
v 0.005738639272749424 0.011130952276289463 0.0013331802329048514
v 0.005764488130807877 0.011133898980915546 0.0010579413501545787
v 0.005771365016698837 0.011157055385410786 0.0009355463553220034
v 0.005775326397269964 0.01115882396697998 0.0008902436238713562
v 0.0057976427488029 0.01116070058196783 0.0006508029182441533
v 0.005906886421144009 0.011166541837155819 -0.0005871646571904421
v 0.005779951345175505 0.010579346679151058 0.0015322176041081548
v 0.005566454958170652 0.01082638744264841 0.003295366885140538
v 0.00554741732776165 0.010847389698028564 0.0034568135160952806
v 0.005334669724106789 0.011071745306253433 0.005317898467183113
v 0.0045266179367899895 0.011779943481087685 0.0073151676915585995
v 0.004832714330404997 0.011760128661990166 0.007026254665106535
v 0.004858432337641716 0.011513634584844112 0.0069716330617666245
v 0.0038869744166731834 0.012214157730340958 0.007671454455703497
v 0.004214240238070488 0.012077446095645428 0.00753415422514081
v 0.004339174367487431 0.011917316354811192 0.007452667690813541
v -0.004361385945230722 0.011901500634849072 0.007435531821101904
v -0.004210521467030048 0.01211543194949627 0.0075403545051813126
v -0.004022727254778147 0.01212990190833807 0.007622321601957083
v -0.0044875736348330975 0.011809298768639565 0.007341786287724972
v -0.004627949558198452 0.011701870709657669 0.00721764424815774
v -0.004448955878615379 0.012134873308241367 0.007396097294986248
v -0.003732098499312997 0.012501482851803303 0.007725627161562443
v -0.0037347415927797556 0.012408951297402382 0.007723798975348473
v -0.003867254825308919 0.012438569217920303 0.007688681595027447
v 6.119552722338994e-07 0.013415288180112839 0.00777899706736207
v 0.0002833804755937308 0.013410214334726334 0.007778993807733059
v 0.00012561952462419868 0.013298946432769299 0.007776603102684021
v 0.005143864080309868 0.011258082464337349 0.0064713191241025925
v 0.00514903012663126 0.011499726213514805 0.006470135413110256
v 0.005201272666454315 0.01120340172201395 0.006303696893155575
v 0.005245329812169075 0.01122751459479332 0.006105220876634121
v 0.00525697274133563 0.011149227619171143 0.006025474052876234
v 0.004975761286914349 0.011750892736017704 0.006826863158494234
v 0.005129484925419092 0.011535391211509705 0.00652103079482913
v 0.005102020222693682 0.011485765688121319 0.006585150957107544
v 0.00422381516546011 0.012268525548279285 0.007538225036114454
v 0.004408808425068855 0.012178496457636356 0.007424327544867992
v 0.004525258671492338 0.012116946280002594 0.007337972987443209
v 0.00453083636239171 0.012113742530345917 0.007333482149988413
v 0.004829149227589369 0.011899394914507866 0.007034796290099621
v 0.0049226670525968075 0.011809184215962887 0.0069087473675608635
v 0.005043572746217251 0.011350888758897781 0.006688016466796398
v 0.003864724189043045 0.012439724989235401 0.007689482532441616
v 0.003589842701330781 0.01256658136844635 0.0077537656761705875
v 0.003642123891040683 0.012356288731098175 0.007738144602626562
v 0.0032722437754273415 0.012707231566309929 0.007778993342071772
v 0.0031423515174537897 0.012609964236617088 0.007776355836540461
v 0.00302505842410028 0.012814424000680447 0.007778995204716921
v -0.0010309165809303522 0.013347865082323551 0.007778991479426622
v -0.000840970897115767 0.013252700679004192 0.007777122315019369
v -0.0018003282602876425 0.013080716133117676 0.007777052465826273
v -0.002044860739260912 0.013146589510142803 0.0077789961360394955
v -0.0024551120586693287 0.012886778451502323 0.007776856888085604
v -0.0030239284969866276 0.012814891524612904 0.007778997533023357
v -0.002908769529312849 0.012712962925434113 0.007776742335408926
v -0.0032722449395805597 0.012707232497632504 0.00777899706736207
v -0.003330160863697529 0.012520120479166508 0.0077743809670209885
v -0.004723353777080774 0.01198597252368927 0.007155349478125572
v -0.004408956039696932 0.012178496457636356 0.007424544543027878
v -0.004088304936885834 0.0123337646946311 0.007605121936649084
v -0.005158324260264635 0.011244419030845165 0.006409266032278538
v -0.005034863483160734 0.011678161099553108 0.006724108941853046
v -0.004973013885319233 0.011572231538593769 0.00681844400241971
v -0.00525653176009655 0.011149578727781773 0.0060274978168308735
v -0.005245423875749111 0.011227513663470745 0.006105240434408188
v -0.005145075730979443 0.0115071851760149 0.006480779964476824
v -0.004842266906052828 0.011527341790497303 0.006976407486945391
v -0.004940745886415243 0.011442607268691063 0.0068372455425560474
v -0.0036868159659206867 0.012331262230873108 0.007729636505246162
v 0.0029087639413774014 0.012712964788079262 0.0077756475657224655
v 0.0025990509893745184 0.012835262343287468 0.0077754417434334755
v 0.0020460430532693863 0.01314627192914486 0.00777899706736207
v 0.0016727762995287776 0.013111075386404991 0.007775285746902227
v 0.0010321293957531452 0.013347706757485867 0.007778992876410484
v 0.0009927810169756413 0.013234002515673637 0.007775856647640467
v 0.0007110914448276162 0.013266213238239288 0.007776102516800165
v 0.005527425091713667 0.011576657183468342 0.002358791185542941
v 0.005238696932792664 0.011587927117943764 0.005624528042972088
v 0.00524612283334136 0.011233002878725529 0.006099441088736057
v 0.0051817563362419605 0.011836634948849678 0.005332845263183117
v 0.0051342761144042015 0.011965722776949406 0.00519536342471838
v 0.005416011903434992 0.011800011619925499 0.0025128370616585016
v 0.005094827618449926 0.012051217257976532 0.00511035555973649
v 0.005430393386632204 0.011800019070506096 0.0023089521564543247
v 0.004948101006448269 0.01228928193449974 0.004900896456092596
v 0.005125582218170166 0.01222192868590355 0.002494958695024252
v 0.004718770273029804 0.012540529482066631 0.004732913337647915
v 0.004905981011688709 0.01243132259696722 0.0025607964489609003
v 0.004439747892320156 0.01274835504591465 0.0046548484824597836
v 0.004736308939754963 0.012558035552501678 0.002579442458227277
v 0.004781484138220549 0.012526554055511951 0.0025772214867174625
v -0.0030982664320617914 -0.00361518538556993 0.04162900149822235
v -0.0020863402169197798 -0.0038985658902674913 0.04162900149822235
v -0.0020644571632146835 -0.0037999856285750866 0.041829001158475876
v -0.0010385479545220733 -0.003969589248299599 0.04182899370789528
v -0.0010495567694306374 -0.004069967661052942 0.04162900149822235
v -2.6552990561867773e-07 -0.004026370123028755 0.04182899743318558
v -2.6838677058549365e-07 -0.004127349704504013 0.04162900149822235
v 0.0010380204766988754 -0.003969646990299225 0.04182898998260498
v 0.0010490234708413482 -0.004070026334375143 0.04162899777293205
v 0.0020639384165406227 -0.0038000994827598333 0.04182898998260498
v 0.0020858165808022022 -0.0038986811414361 0.041628994047641754
v 0.003065266879275441 -0.0035197478719055653 0.04182899370789528
v 0.00568399578332901 -0.002270330209285021 0.04162899777293205
v 0.004836816806346178 -0.002726024715229869 0.041781552135944366
v 0.004999300930649042 -0.0027275641914457083 0.041628990322351456
v 0.003954281099140644 -0.003166911657899618 0.04182898998260498
v 0.004072792362421751 -0.003223428735509515 0.04162899777293205
v 0.0030977583955973387 -0.003615356283262372 0.04162898659706116
v -0.0030657693278044462 -0.0035195774398744106 0.04182899370789528
v -0.0039542801678180695 -0.00316691305488348 0.04182898998260498
v -0.004073278047144413 -0.0032232017256319523 0.041628990322351456
v -0.004838591441512108 -0.002729234751313925 0.041784025728702545
v -0.00499975960701704 -0.002727287355810404 0.04162899777293205
v -0.005116283893585205 -0.0025809151120483875 0.04174722358584404
v -0.005683995317667723 -0.002270331373438239 0.04162898659706116
v 0.006872684229165316 0.0005817519268020988 -0.0017333624418824911
v 0.006876482628285885 0.0005970667698420584 -0.001717707491479814
v 0.006979318801313639 0.0006123646744526923 -0.0018393266946077347
v 0.006868178956210613 0.0005619926960207522 -0.0017542601563036442
v 0.006914118304848671 0.000577465514652431 -0.0018055640393868089
v 0.006999865639954805 0.0005931634223088622 -0.001874451874755323
v 0.007110023871064186 0.0005980735877528787 -0.001930505852214992
v 0.006791932042688131 0.0013373733963817358 -0.0002968437038362026
v 0.006795761175453663 0.00046690768795087934 -0.001650584046728909
v 0.006872692611068487 0.000581745698582381 -0.0017333554569631815
v 0.00681333290413022 0.002364957705140114 0.0009381079580634832
v 0.0067675551399588585 0.001211674651131034 -0.0002085204905597493
v 0.006767554674297571 0.002155955182388425 0.0010156043572351336
v 0.0067675551399588585 0.000350264337612316 -0.0015243877423927188
v 0.006679962854832411 0.0020900345407426357 0.00444219633936882
v 0.006721537560224533 0.002172658918425441 0.00431789318099618
v 0.006691678427159786 0.002079905243590474 0.004248448647558689
v 0.00489612715318799 -0.00044114451156929135 0.0050542098470032215
v 0.0050163124687969685 -0.00033675626036711037 0.005071411374956369
v 0.005053848493844271 -0.00037373206578195095 0.005036437418311834
v 0.004445491824299097 -0.0006365639856085181 0.005099569912999868
v 0.004185892641544342 -0.0007583206752315164 0.005120047368109226
v 0.004395022056996822 -0.0006112610572017729 0.005199823994189501
v 0.004058745689690113 -0.0008224351331591606 0.005127041134983301
v 0.004890838172286749 -0.0002165100013371557 0.005317043513059616
v 0.004723719321191311 -0.0003246780834160745 0.00544848432764411
v 0.003907525446265936 -0.0009016015683300793 0.005179154220968485
v 0.0038182055577635765 -0.0009553308482281864 0.00513186352327466
v 0.0066892229951918125 0.0019797857385128736 0.004182975739240646
v 0.006635635159909725 0.0018569111125543714 0.004321504384279251
v 0.006469836924225092 0.0016559085343033075 0.0046721636317670345
v 0.006558270659297705 0.0016867895610630512 0.0044634598307311535
v 0.006168007850646973 0.0011634149122983217 0.00495434645563364
v 0.006224961951375008 0.0010484149679541588 0.004802747163921595
v 0.006099275313317776 0.0008386771660298109 0.004874281585216522
v 0.004544360563158989 -0.0005924174329265952 0.005090528633445501
v 0.004941942635923624 -0.0002614296681713313 0.005180819425731897
v 0.0054476624354720116 0.00011543188884388655 0.0050980933010578156
v 0.005392109975218773 0.00018225157691631466 0.005203310400247574
v 0.005841835401952267 0.0006022165762260556 0.005031881388276815
v 0.005804543849080801 0.0006621923530474305 0.005127548240125179
v 0.005360469222068787 0.00022771922522224486 0.00532806571573019
v 0.005562176927924156 0.00046909446245990694 0.00542491115629673
v 0.005788621958345175 0.0007083579548634589 0.005235993769019842
v 0.006744192913174629 0.002108249580487609 0.0039508044719696045
v 0.006779132876545191 0.0022629343438893557 0.0036560683511197567
v 0.0067675551399588585 0.002155955648049712 0.0036560646258294582
v 0.006794781424105167 0.0023246570490300655 0.003959127701818943
v 0.00681333290413022 0.0023649586364626884 0.003656066255643964
v 0.005241967272013426 -0.0002921842969954014 0.005015235859900713
v 0.005463378969579935 -3.9416343497578055e-05 0.00502213416621089
v 0.00628658477216959 0.0014101869892328978 0.005041263997554779
v 0.006491950247436762 0.0017443385440856218 0.004801510367542505
v 0.006659379694610834 0.0020499969832599163 0.004494171589612961
v 0.008088151924312115 0.0021788484882563353 -0.0015713524771854281
v 0.007674955762922764 0.0013409950770437717 -0.0016773372190073133
v 0.007548821624368429 0.0013899790355935693 -0.0016449218383058906
v 0.007487596478313208 0.0009865572210401297 -0.001787708606570959
v 0.007267554756253958 0.000581481377594173 -0.0019677141681313515
v 0.00743245892226696 0.001425759750418365 -0.0015775973442941904
v 0.007334994152188301 0.0014454441843554378 -0.001480260631069541
v 0.008074643090367317 0.0032182636205106974 -0.001491829170845449
v 0.008798574097454548 0.0038439729250967503 -0.0019811277743428946
v 0.008313721045851707 0.0030893050134181976 -0.0016591197345405817
v 0.00864147488027811 0.003900583367794752 -0.001979256747290492
v 0.008179210126399994 0.0031539895571768284 -0.0015970305539667606
v 0.008501850068569183 0.003976840991526842 -0.001928824814967811
v 0.008395551703870296 0.004064552485942841 -0.0018346987199038267
v 0.008463882841169834 0.00303077744320035 -0.0016723173903301358
v 0.007948637008666992 0.002235742751508951 -0.0015474749961867929
v 0.007822074927389622 0.002287025097757578 -0.0014796174364164472
v 0.007720408495515585 0.002327945549041033 -0.001373579609207809
v -0.006767555605620146 0.0021559540182352066 0.0036560639273375273
v -0.006767555605620146 0.0021559535525739193 0.0010156035423278809
v -0.006779133807867765 0.0022629322484135628 0.0036560664884746075
v -0.006813333369791508 0.0023649565409868956 0.0009381024865433574
v -0.006813333369791508 0.0023649558424949646 0.003656068118289113
v -0.006813585292547941 0.0004976771888323128 -0.0016833397094160318
v -0.006868178956210613 0.0005619915900751948 -0.001754263648763299
v -0.006872831378132105 0.0005823028623126447 -0.0017327871173620224
v -0.0068382322788238525 0.002419644733890891 0.0009289972367696464
v -0.006861943751573563 0.001450983458198607 -0.0003767790040001273
v -0.006791932974010706 0.0013373331166803837 -0.00029693267424590886
v -0.006883359979838133 0.0006225004908628762 -0.0016925561940297484
v -0.006876482628285885 0.0005970653146505356 -0.0017177044646814466
v -0.0067675551399588585 0.0012116347206756473 -0.00020860694348812103
v -0.0067675551399588585 0.0003502627369016409 -0.0015243885572999716
v -0.006764490623027086 0.0021528464276343584 0.003762495703995228
v -0.003910338971763849 -0.0008999074925668538 0.005180565174669027
v -0.0038182055577635765 -0.0009553316049277782 0.00513186352327466
v -0.0041916705667972565 -0.0007557706558145583 0.0051194773986935616
v -0.0040722317062318325 -0.0007979933870956302 0.0052564628422260284
v -0.004394836723804474 -0.0006120165926404297 0.005199385341256857
v -0.004347111098468304 -0.0006114104180596769 0.005358751863241196
v -0.004935967270284891 -0.00014769143308512866 0.0054719955660402775
v -0.004890462849289179 -0.0002181130403187126 0.005316053982824087
v -0.00550163583829999 0.00040262253605760634 0.005437955725938082
v -0.0053603434935212135 0.00022695574443787336 0.005327348597347736
v -0.005789825692772865 0.0007324838661588728 0.005352483130991459
v -0.005788655485957861 0.0007084395037963986 0.005235554184764624
v -0.0057964809238910675 0.000740565883461386 0.005349824205040932
v -0.004518773406744003 -0.0006045664194971323 0.005092400126159191
v -0.004557325039058924 -0.0005875815404579043 0.0050887456163764
v -0.0049415649846196175 -0.00026307362713851035 0.005179866217076778
v -0.005391980987042189 0.00018146014190278947 0.00520261749625206
v -0.005804578308016062 0.0006622617947869003 0.005127128213644028
v -0.005841882899403572 0.000602292304392904 0.005031458102166653
v -0.005447559058666229 0.00011463050759630278 0.005097408778965473
v -0.00501596974208951 -0.0003384285664651543 0.005070477724075317
v -0.0049042166210711 -0.00043912316323257983 0.005052429623901844
v -0.006713904440402985 0.0020366667304188013 0.004094080999493599
v -0.006691108923405409 0.0020780651830136776 0.004247097764164209
v -0.006486792583018541 0.0015376110095530748 0.0045631043612957
v -0.006469654385000467 0.0016552970046177506 0.004671488888561726
v -0.006224239245057106 0.001045860699377954 0.004801194649189711
v -0.006167156156152487 0.0011609827633947134 0.0049526384100317955
v -0.006016545929014683 0.0007082874071784317 0.00491106603294611
v -0.006759820505976677 0.0022504343651235104 0.004163376521319151
v -0.006357545964419842 0.0015200485941022635 0.004966377280652523
v -0.006532902829349041 0.0018159672617912292 0.004739144816994667
v -0.006689324975013733 0.0021078933496028185 0.0044143288396298885
v -0.006720973644405603 0.0021708884742110968 0.00431643333286047
v -0.005052667111158371 -0.0003757842641789466 0.0050356159918010235
v -0.005241967272013426 -0.00029218514100648463 0.005015233065932989
v -0.005898433271795511 0.0005321549833752215 0.004953654948621988
v 0.005194926168769598 -0.0015025625471025705 0.004614268429577351
v 0.005089574493467808 -0.004198079463094473 0.003554948605597019
v 0.005078090354800224 -0.004542720969766378 0.00340799568220973
v 0.004177791532129049 -0.005120652727782726 0.0032914970070123672
v 0.003175443969666958 -0.0012945967027917504 0.005135123617947102
v 0.005125266965478659 -0.00323844188824296 0.003953730687499046
v 0.002031716052442789 -0.0017195650143548846 0.005146305076777935
v 0.00319568975828588 -0.005587661173194647 0.003197353333234787
v 0.001020547584630549 -0.0019302405416965485 0.005155434366315603
v 0.0021604483481496572 -0.005926898680627346 0.0031289621256291866
v 0.001089281402528286 -0.006132724694907665 0.003087475663051009
v 8.485337987806929e-10 -0.0019999993965029716 0.005159076768904924
v 2.0610391171516085e-09 -0.006201715208590031 0.0030735612381249666
v -0.001089278026483953 -0.006132724694907665 0.003087469609454274
v -0.0010205463040620089 -0.0019302406581118703 0.005155435297638178
v -0.0041777887381613255 -0.005120654124766588 0.003291490487754345
v -0.00207154150120914 -0.0017082392005249858 0.005145890638232231
v -0.003195686498656869 -0.005587662570178509 0.0031973496079444885
v -0.0021604448556900024 -0.005926900077611208 0.0031289663165807724
v -0.005078088957816362 -0.004542723298072815 0.0034080022014677525
v -0.005089573562145233 -0.0041980803944170475 0.00355494674295187
v -0.003175442572683096 -0.001294598332606256 0.005135129671543837
v -0.005125266034156084 -0.0032384460791945457 0.003953732084482908
v -0.005194925703108311 -0.0015025679022073746 0.004614262841641903
v -0.005965657532215118 0.011472766287624836 -0.0017078811069950461
v -0.005730629898607731 0.011698620393872261 -0.0017078840173780918
v -0.005812280811369419 0.011562027968466282 -0.0015861357096582651
v -0.006693712435662746 0.010643660090863705 -0.0017078864620998502
v -0.0058731986209750175 0.011430620215833187 -0.0014416526537388563
v -0.005907486192882061 0.011334726586937904 -0.0013198488159105182
v -0.006777103990316391 0.010533278807997704 -0.0017078848322853446
v -0.005947556812316179 0.01116886641830206 -0.0010769630316644907
v -0.00596083328127861 0.010801355354487896 -0.00040719390381127596
v -0.0058741080574691296 0.010463137179613113 0.0003966771182604134
v -0.006009179633110762 0.010287733748555183 0.0004158402152825147
v -0.006161666475236416 0.010075964033603668 0.0004390080866869539
v -0.0073074097745120525 0.009726675227284431 -0.001707885880023241
v -0.0066148280166089535 0.009334691800177097 0.0005202874890528619
v -0.007796264253556728 0.008737482130527496 -0.0017078840173780918
v -0.0069761937484145164 0.008553672581911087 0.0006062688189558685
v -0.007866072468459606 0.008563971146941185 -0.001707885297946632
v -0.007085178513079882 0.008259724825620651 0.0006387181929312646
v -0.00815192423760891 0.007692976854741573 -0.0017078830860555172
v -0.007300094235688448 0.00752006471157074 0.0007205845904536545
v -0.008368314243853092 0.006611006800085306 -0.0017078844830393791
v -0.0074388873763382435 0.006755487062036991 0.00080554757732898
v -0.008396070450544357 0.006376937031745911 -0.001707879244349897
v -0.008333729580044746 0.004153907299041748 -0.0017078809905797243
v -0.008370937779545784 0.004408933222293854 -0.0017078808741644025
v -0.007400222588330507 0.00428069056943059 0.0009289927547797561
v -0.008441736921668053 0.0055100563913583755 -0.0017078863456845284
v -0.0074788364581763744 0.006063043139874935 0.0009289938607253134
v -0.007459423970431089 0.006279108114540577 0.0009289910667575896
v -0.0074110147543251514 0.0066519007086753845 0.0009289925219491124
v -0.008010339923202991 0.0032754414714872837 -0.0013549671275541186
v -0.007351719308644533 0.0040160068310797215 0.0009289935114793479
v -0.007652667351067066 0.002354783471673727 -0.0012395750964060426
v -0.007263731677085161 0.001447630929760635 -0.001360698719508946
v -0.008124057203531265 0.002256630687043071 -0.001571953995153308
v -0.008463882841169834 0.0030307709239423275 -0.0016723268199712038
v -0.008313719183206558 0.0030892975628376007 -0.0016591288149356842
v -0.0076749492436647415 0.0013409752864390612 -0.0016773422248661518
v -0.008088144473731518 0.002178823808208108 -0.0015713551547378302
v -0.00794862862676382 0.0022357176057994366 -0.0015474783722311258
v -0.007110023871064186 0.0005980718997307122 -0.0019305041059851646
v -0.007267555221915245 0.0005814804462715983 -0.0019677209202200174
v -0.0074875978752970695 0.0009865554748103023 -0.0017877079080790281
v -0.007334987632930279 0.0014454246265813708 -0.0014802684308961034
v -0.00754881463944912 0.001389960409142077 -0.001644928939640522
v -0.007432451471686363 0.0014257399598136544 -0.0015776001382619143
v -0.007036220747977495 0.0006095674470998347 -0.0018854655791074038
v -0.006944033782929182 0.0006108465604484081 -0.0018046126933768392
v -0.007822065614163876 0.0022869997192174196 -0.001479622907936573
v -0.007720400113612413 0.002327919704839587 -0.0013735824031755328
v -0.00817920733243227 0.003153980476781726 -0.0015970335807651281
v -0.008074642159044743 0.0032182554714381695 -0.001491836505010724
v -0.008395525626838207 0.004064540844410658 -0.001834731549024582
v -0.00850179698318243 0.003976819571107626 -0.0019288992043584585
v -0.008641447871923447 0.0039005714934319258 -0.0019792921375483274
v -0.008798575960099697 0.00384397036395967 -0.0019811259116977453
v -0.006957678124308586 -0.0013705427991226315 -0.005586779210716486
v -0.007103355135768652 -0.001289823791012168 -0.005586777348071337
v -0.0070944963954389095 -0.001330531551502645 -0.005019634962081909
v -0.006767554674297571 -0.001799577847123146 -0.005012811161577702
v -0.0067675551399588585 -0.0017666093772277236 -0.005586777813732624
v -0.006780796218663454 -0.0016513124573975801 -0.005586780607700348
v -0.006798459216952324 -0.0016265376470983028 -0.0050153243355453014
v -0.006798459216952324 -0.001509560621343553 -0.0041304463520646095
v -0.006767554674297571 -0.0016773109091445804 -0.004087913781404495
v -0.006798459216952324 -0.0011907883454114199 -0.0032967354636639357
v -0.0067675551399588585 -0.0013441238552331924 -0.003216496668756008
v -0.006798459216952324 -0.0006875620456412435 -0.0025595366023480892
v -0.0067675551399588585 -0.0008181406883522868 -0.002445969497784972
v -0.006798459682613611 -2.7256184694124386e-05 -0.0019589609000831842
v -0.0067675551399588585 -0.00012797526142094284 -0.0018182351486757398
v -0.0070944963954389095 0.00014503594138659537 -0.002199700567871332
v -0.0069532813504338264 0.0005862605758011341 -0.0018405246082693338
v -0.007267555221915245 0.00016302138101309538 -0.0022248285822570324
v -0.007267555221915245 -0.00012047482596244663 -0.002450817497447133
v -0.007267555221915245 -0.0004408727108966559 -0.0027740986552089453
v -0.0070944963954389095 -0.0004641915438696742 -0.002753812586888671
v -0.0070944963954389095 -0.0009284908883273602 -0.0034339812118560076
v -0.007267555221915245 -0.0009011086076498032 -0.003448310075327754
v -0.0070944963954389095 -0.0012226037215441465 -0.0042032040655612946
v -0.007267554756253958 -0.0011926472652703524 -0.004210800863802433
v -0.007267554756253958 -0.0012996309669688344 -0.005020081531256437
v -0.007267554756253958 -0.0012617898173630238 -0.005586778745055199
v -0.0068460130132734776 -0.00149528868496418 -0.0055867829360067844
v -0.006913965567946434 -0.0014098227256909013 -0.005586780607700348
v -0.006914001423865557 -0.0014460618840530515 -0.005017953924834728
v -0.006798453629016876 -0.0015920426230877638 -0.005586778745055199
v -0.006914001423865557 -0.0013346022460609674 -0.004174805711954832
v -0.006914001423865557 -0.001030864310450852 -0.0033804187551140785
v -0.006914001423865557 -0.0005513721844181418 -0.0026779870968312025
v -0.006914001889526844 7.779031147947535e-05 -0.0021057368721812963
v -0.009544096887111664 0.0009411792852915823 -0.0018061796436086297
v -0.009633312001824379 0.0018596593290567398 -0.0015894398093223572
v -0.00965734664350748 0.002256979700177908 -0.0015740208327770233
v -0.009677495807409286 0.0028049221727997065 -0.0016259881667792797
v -0.009681244380772114 0.003520873375236988 -0.0018300532829016447
v -0.009654694236814976 0.004289295058697462 -0.0022630069870501757
v -0.008942466229200363 0.004289295058697462 -0.002263008151203394
v -0.009668011218309402 0.004006780218333006 -0.0020734351128339767
v -0.00967769417911768 0.003707122290506959 -0.0019121153745800257
v -0.009420731104910374 0.00011719293252099305 -0.002260643756017089
v -0.009377331472933292 -0.00011888388689840212 -0.002452453365549445
v -0.0092872129753232 -0.0005559961427934468 -0.002916405675932765
v -0.009203759022057056 -0.000911056820768863 -0.003469218034297228
v -0.00917066354304552 -0.0010344337206333876 -0.00373367709107697
v -0.009104114025831223 -0.0012716714991256595 -0.0046423557214438915
v -0.009099737741053104 -0.00126178958453238 -0.00558678200468421
v 0.006519234739243984 0.011676745489239693 0.035499509423971176
v 0.006523413583636284 0.011676746420562267 0.03372335806488991
v 0.006446034647524357 0.011676746420562267 0.035706330090761185
v 0.006500652991235256 0.011676745489239693 0.035609226673841476
v 0.006365107372403145 0.011676746420562267 0.035779427736997604
v 0.006215584464371204 0.011676744557917118 0.03584587574005127
v -0.005143596790730953 0.01125833299010992 0.033617693930864334
v -0.005143596790730953 0.011258333921432495 0.03297572210431099
v -0.005233729723840952 0.01147247664630413 0.032933738082647324
v -0.005143596790730953 0.011258333921432495 0.036080677062273026
v -0.005247489083558321 0.011490372009575367 0.03596353530883789
v -0.005410915240645409 0.01162276417016983 0.03284302353858948
v -0.005426645278930664 0.011630389839410782 0.03589510917663574
v -0.005636895075440407 0.011676744557917118 0.032710373401641846
v -0.005636895075440407 0.011676743626594543 0.035872843116521835
v -0.006243755109608173 0.011676743626594543 0.035837359726428986
v -0.00600240845233202 0.011676743626594543 0.03587283939123154
v -0.006519237533211708 0.011676743626594543 0.03549951687455177
v -0.006523416843265295 0.011676743626594543 0.033723365515470505
v -0.006530658807605505 0.011676744557917118 0.03193956986069679
v -0.006508086808025837 0.011676744557917118 0.03558516874909401
v -0.006456176284700632 0.011676745489239693 0.0356932133436203
v -0.006370173767209053 0.011676744557917118 0.03577598184347153
v -0.005620354786515236 0.010766045190393925 0.032720763236284256
v -0.006186517421156168 0.011356523260474205 0.03229254484176636
v -0.006364980712532997 0.011044646613299847 0.03212038800120354
v -0.006035574246197939 0.01025217305868864 0.03242267668247223
v -0.006373052950948477 0.009754009544849396 0.03211208060383797
v -0.007500000763684511 0.008600001223385334 0.029328996315598488
v -0.007500000763684511 0.009101911447942257 0.029328998178243637
v -0.007478046230971813 0.00915361475199461 0.029747510328888893
v -0.007207574788480997 0.008599999360740185 0.030830293893814087
v -0.007416913285851479 0.00929281860589981 0.030140038579702377
v -0.007207574788480997 0.009725075215101242 0.030830293893814087
v -0.00695772934705019 0.00860000029206276 0.03133999556303024
v -0.0068732975050807 0.010310372337698936 0.03147861361503601
v -0.006445729173719883 0.010931417346000671 0.032035037875175476
v -0.00627205241471529 0.012822524644434452 0.0029175702948123217
v -0.0069825053215026855 0.012223714962601662 0.0029484243132174015
v -0.0069626145996153355 0.01214548572897911 0.006327657029032707
v 0.0037868788931518793 0.01395000983029604 0.008307495154440403
v 0.005487324669957161 0.013167805969715118 0.008100052364170551
v 0.006255523767322302 0.012656304985284805 0.008003391325473785
v 0.0065869856625795364 0.011616148985922337 0.03552752360701561
v 0.0068408288061618805 0.01137564517557621 0.03564111515879631
v 0.006905990652740002 0.011473026126623154 0.01975427009165287
v -0.006911316886544228 0.011480842716991901 0.01903967373073101
v -0.006840832065790892 0.011375642381608486 0.035641107708215714
v -0.0066825407557189465 0.01152819860726595 0.03556860238313675
v -0.006574995815753937 0.01171799935400486 0.023705821484327316
v -0.0070207263343036175 0.012415566481649876 -0.003153560683131218
v -0.005512674804776907 0.01351202093064785 -0.003110044403001666
v -0.007020249497145414 0.01265390682965517 -0.0043572294525802135
v -0.005784004461020231 0.01375250518321991 -0.004974664188921452
v -0.007018496282398701 0.012815243564546108 -0.004990357905626297
v -0.0037927981466054916 0.014284797944128513 -0.003097640350461006
v -0.0043573155999183655 0.014478090219199657 -0.0049639130011200905
v -0.005507334601134062 0.013918078504502773 -0.004972085822373629
v -0.001931704580783844 0.014742298983037472 -0.0031012569088488817
v -0.002737306524068117 0.014989256858825684 -0.0049575441516935825
v -0.0037879799492657185 0.014690747484564781 -0.004961097147315741
v -1.924574499767573e-09 0.014892932958900928 -0.0031058171298354864
v -0.0009637874318286777 0.015255345031619072 -0.004954988602548838
v -0.0019289879128336906 0.01514489483088255 -0.004955942742526531
v 0.0019317006226629019 0.014742301777005196 -0.003101262031123042
v 0.000963875965680927 0.015255331061780453 -0.004954989068210125
v -2.4231729955914716e-09 0.015290765091776848 -0.004954742267727852
v 0.003792793722823262 0.014284797944128513 -0.003097635693848133
v 0.0027366254944354296 0.014989394694566727 -0.0049575380980968475
v 0.0019289815099909902 0.01514488086104393 -0.004955942276865244
v 0.0057615432888269424 0.013766451738774776 -0.004974449519068003
v 0.005507309455424547 0.013918083161115646 -0.004972085822373629
v 0.005512671545147896 0.013512022793293 -0.0031100441701710224
v 0.004348016809672117 0.014481858350336552 -0.0049638585187494755
v 0.003787966212257743 0.014690730720758438 -0.004961094819009304
v 0.006523412652313709 0.011676744557917118 0.03372335806488991
v 0.00658021867275238 0.011722859926521778 0.022986751049757004
v 0.0066481237299740314 0.011786047369241714 0.016393376514315605
v 0.006920601706951857 0.011501055210828781 0.017694205045700073
v 0.0066946423612535 0.011829331517219543 0.014395586214959621
v 0.00694279046729207 0.011668208986520767 0.013237209990620613
v 0.006753674242645502 0.01188425999134779 0.012684942223131657
v 0.00696288887411356 0.012147779576480389 0.006269810721278191
v 0.004661226645112038 0.013598823919892311 0.008204125799238682
v 0.0019311781506985426 0.01457911729812622 0.002873699413612485
v 0.003788136411458254 0.014118412509560585 0.002875960897654295
v -2.0331805128392944e-09 0.01473021600395441 0.0028759611304849386
v -0.0019311824580654502 0.014579118229448795 0.002873697318136692
v -0.0037881406024098396 0.014118412509560585 0.0028759643901139498
v -0.004661230370402336 0.013598821125924587 0.00820412952452898
v -0.005487328395247459 0.01316780410706997 0.0081000542268157
v -0.0037868833169341087 0.01395000796765089 0.008307497948408127
v -0.006255527958273888 0.012656303122639656 0.00800339039415121
v -0.0066333431750535965 0.011772291734814644 0.017288248986005783
v -0.0066466922871768475 0.01178471278399229 0.01647239923477173
v -0.006941525731235743 0.011645158752799034 0.013615521602332592
v -0.0067536192946136 0.011884206905961037 0.012686374597251415
v -0.006945392116904259 0.011729544028639793 0.012338356114923954
v 0.007018492557108402 0.012815245427191257 -0.004990353714674711
v 0.0070192511193454266 0.012333594262599945 -0.002530028112232685
v 0.007011339534074068 0.012246270664036274 -0.0010426008375361562
v 0.0069825011305511 0.01222371868789196 0.002948424546048045
v 0.00700252503156662 0.01223738119006157 0.00016168146976269782
v 0.006272049155086279 0.012822525575757027 0.002917565405368805
v 0.005496651399880648 0.013336985372006893 0.0028963384684175253
v 0.005510278977453709 0.01336012315005064 -0.0013383261393755674
v 0.004665588028728962 0.013768483884632587 0.0028830328956246376
v 0.0037927450612187386 0.014138705097138882 -0.001353478292003274
v 0.0019321396248415112 0.0145987868309021 -0.0013651433400809765
v -2.1687995843677754e-09 0.014750007539987564 -0.0013698191614821553
v -0.004665592219680548 0.013768482953310013 0.002883036620914936
v -0.005496655590832233 0.013336983509361744 0.002896339865401387
v -0.0019321433501318097 0.014598787762224674 -0.0013651454355567694
v -0.003792748786509037 0.014138704165816307 -0.0013534754980355501
v -0.005510282702744007 0.013360122218728065 -0.0013383260229602456
v -0.007020406890660524 0.012387411668896675 -0.0029633562080562115
v -0.007017907686531544 0.012300540693104267 -0.002181349089369178
v -0.007011457346379757 0.01224660687148571 -0.0010592377511784434
v -0.007004588842391968 0.012238006107509136 -0.00011366682156221941
v -0.006772153545171022 0.011901453137397766 0.012226231396198273
v 0.0063781035132706165 0.011565144173800945 0.035889506340026855
v 0.006786908954381943 0.011395144276320934 0.035784248262643814
v 0.006586983799934387 0.011616147123277187 0.03552752360701561
v 0.0065684569999575615 0.011626770719885826 0.035590123385190964
v 0.00648877676576376 0.011621047742664814 0.03575584664940834
v 0.006602196954190731 0.011329149827361107 0.03601713478565216
v 0.006704901810735464 0.011379316449165344 0.035913772881031036
v -0.007210880517959595 0.00971870869398117 0.030403804033994675
v -0.007207661401480436 0.009724910371005535 0.011248385533690453
v 0.007207427639514208 0.00972535740584135 0.0112479692324996
v 0.007211127318441868 0.009718229994177818 0.03040335327386856
v -0.00695772934705019 0.008600001223385334 0.026617685332894325
v -0.006498725153505802 -0.005164584144949913 -0.00558421341702342
v -0.006447956897318363 -0.005247734021395445 -0.0055867815390229225
v -0.006681021768599749 -0.004744669422507286 -0.005586780142039061
v -0.00669874157756567 -0.00468182098120451 -0.005569330882281065
v -0.006766998674720526 -0.0041969455778598785 -0.0055867829360067844
v -0.006767554674297571 -0.004163699224591255 -0.005553352180868387
v -0.006542755290865898 -0.004665505141019821 0.0017353054136037827
v -0.006710241548717022 -0.004223582334816456 0.0016677352832630277
v -0.006601504050195217 -0.004437538329511881 0.0020093023777008057
v -0.006286986172199249 -0.004273061640560627 0.002787737175822258
v -0.0062783388420939445 -0.004478981252759695 0.0026884921826422215
v -0.00574354687705636 -0.004450772888958454 0.003196503035724163
v -0.005501094739884138 -0.004884153138846159 0.003074901644140482
v -0.006026181858032942 -0.004990180488675833 0.002539560431614518
v -0.005448219366371632 -0.004970327019691467 0.0030312263406813145
v -0.005739767104387283 -0.0052576204761862755 0.0024887663312256336
v -0.005919072777032852 -0.005371435079723597 0.0018432458164170384
v -0.00635107746347785 -0.00494851591065526 0.0018567327642813325
v -0.006273662205785513 -0.005055313929915428 0.0017949127359315753
v -0.00664136465638876 -0.004030843265354633 0.002230601152405143
v -0.006767554674297571 -0.003754983888939023 0.0015960801392793655
v 0.0062736626714468 -0.005055311135947704 0.001794908195734024
v 0.006351078394800425 -0.0049485135823488235 0.0018567286897450686
v 0.006542753893882036 -0.00466550188139081 0.00173530587926507
v 0.005919074174016714 -0.005371433682739735 0.0018432500073686242
v 0.005739768501371145 -0.0052576190792024136 0.0024887672625482082
v 0.0060261827893555164 -0.004990179091691971 0.002539560664445162
v 0.006641363259404898 -0.0040308404713869095 0.0022305967286229134
v 0.0067675551399588585 -0.0037549822591245174 0.0015960809541866183
v 0.006710241083055735 -0.004223580006510019 0.0016677378444001079
v 0.005743545014411211 -0.00445077009499073 0.003196496982127428
v 0.0062869819812476635 -0.004273058380931616 0.0027877341490238905
v 0.006278339773416519 -0.004478979855775833 0.0026884954422712326
v 0.0066015045158565044 -0.004437536466866732 0.002009301446378231
v 0.005448220297694206 -0.004970325622707605 0.0030312275048345327
v 0.005501095671206713 -0.00488415127620101 0.0030749007128179073
v -0.004482298158109188 -0.005590383429080248 0.002906230976805091
v -0.0034286128357052803 -0.0060914307832717896 0.002805226482450962
v -0.0023179149720817804 -0.006455393973737955 0.0027318568900227547
v 0.004482302349060774 -0.005590381100773811 0.0029062312096357346
v 0.0034286167938262224 -0.00609142892062664 0.0028052241541445255
v 0.002317919163033366 -0.006455392576754093 0.0027318536303937435
v 0.0011686772340908647 -0.006676220800727606 0.002687338273972273
v 1.9829851094499418e-09 -0.006750240456312895 0.0026724187191575766
v -0.0011686732759699225 -0.006676221266388893 0.00268733873963356
v -0.004722157027572393 -0.005910858046263456 0.002357086166739464
v -0.0036120866425335407 -0.006438717246055603 0.0022506725508719683
v -0.0024419522378593683 -0.006822156719863415 0.002173373242840171
v -0.00123121147044003 -0.007054801564663649 0.002126478124409914
v 0.004722160287201405 -0.0059108552522957325 0.0023570810444653034
v 0.0036120901349931955 -0.006438715383410454 0.0022506737150251865
v 0.002441956428810954 -0.00682215578854084 0.00217337510548532
v 0.0012312160106375813 -0.007054800633341074 0.002126476261764765
v 2.059265868936677e-09 -0.00713278166949749 0.002110758563503623
v -0.005216402933001518 -0.0058429003693163395 0.0017482070252299309
v -0.003823141334578395 -0.00654956977814436 0.0016057535540312529
v -0.0023332377895712852 -0.007030846085399389 0.0015087297651916742
v -0.0007843542844057083 -0.0072745648212730885 0.0014596041291952133
v 0.0007843559724278748 -0.007274564355611801 0.001459601684473455
v 0.0052164047956466675 -0.005842899437993765 0.0017482070252299309
v 0.003823142731562257 -0.006549568381160498 0.0016057537868618965
v 0.002333239885047078 -0.007030845154076815 0.0015087280189618468
v -0.006767554674297571 -0.0041235145181417465 -0.0019892300479114056
v -0.006703120656311512 -0.004624907858669758 -0.001961653120815754
v -0.006515404675155878 -0.005094257649034262 -0.0019358511781319976
v -0.006215217988938093 -0.005501189734786749 -0.0019134902395308018
v -0.006124681327491999 -0.005631869193166494 -0.005586776416748762
v -0.00576498918235302 -0.005897017661482096 -0.005586778279393911
v -0.005822688341140747 -0.005820491351187229 -0.001895977882668376
v -0.006767554674297571 -0.004130074288696051 -0.005586781073361635
v -0.006767415441572666 -0.0041635106317698956 -0.00558678200468421
v 0.0067675551399588585 -0.0034121363423764706 0.0017442373791709542
v 0.005820314399898052 -0.0014158120611682534 0.004375769756734371
v 0.005858937278389931 0.0001856609742389992 0.0048802983947098255
v 0.0063440315425395966 0.0003120143956039101 0.004452971275895834
v 0.006657005287706852 0.00047654143418185413 0.0038968429435044527
v 0.0067675551399588585 0.0006609148113057017 0.0032739099115133286
v 0.006325019523501396 -0.0012632088037207723 0.0039563714526593685
v 0.006651786155998707 -0.0010616000508889556 0.00340227666310966
v 0.0067675551399588585 -0.0008345028036274016 0.0027782204560935497
v 0.010103074833750725 0.004149599466472864 -0.0018617468886077404
v 0.010111170820891857 0.003823224687948823 -0.001688299118541181
v 0.010008754208683968 0.003767007729038596 -0.001801519189029932
v 0.009677693247795105 0.0037071257829666138 -0.0019121173536404967
v 0.009668010286986828 0.004006782080978155 -0.0020734306890517473
v 0.009843583218753338 0.004028100520372391 -0.002048259600996971
v 0.009852209128439426 0.0037240181118249893 -0.0018845736049115658
v 0.010000776499509811 0.0040809898637235165 -0.0019696340896189213
v 0.010124575346708298 0.0045014312490820885 -0.0020078886300325394
v 0.0100190918892622 0.004394805058836937 -0.0021444635931402445
v 0.009853181429207325 0.004319995176047087 -0.002234415849670768
v 0.009654693305492401 0.004289298318326473 -0.002263011410832405
v 0.010161914862692356 0.00423935241997242 -0.0017162621952593327
v 0.01015329360961914 0.004622229840606451 -0.0018473638920113444
v 0.010167120955884457 0.0042910100892186165 -0.0016308566555380821
v 0.010145421139895916 0.003855428658425808 -0.0016223418060690165
v 0.010171023197472095 0.0038971900939941406 -0.0015359611716121435
v 0.010177182033658028 0.003939971327781677 -0.001446575508452952
v -0.010103045031428337 0.004149562679231167 -0.0018618060275912285
v -0.010091633535921574 0.004457033704966307 -0.0020654466934502125
v -0.009989541955292225 0.004376628436148167 -0.002167003694921732
v -0.009843597188591957 0.004028100520372391 -0.002048259135335684
v -0.009831559844315052 0.0043144552037119865 -0.0022404794581234455
v -0.010000799782574177 0.004080994054675102 -0.001969626871868968
v -0.010145658627152443 0.003855394199490547 -0.001622420153580606
v -0.010038254782557487 0.003779672784730792 -0.00177629420068115
v -0.009871375747025013 0.0037273757625371218 -0.0018783878767862916
v -0.010161901824176311 0.004239301662892103 -0.0017163435695692897
v -0.010177182964980602 0.003939968068152666 -0.001446572015993297
v -0.010167121887207031 0.004291007295250893 -0.0016308595659211278
v -0.0101243257522583 0.004501471295952797 -0.002007816219702363
v -0.010149244219064713 0.004561963025480509 -0.0019281011773273349
v -0.010153294540941715 0.00462222658097744 -0.0018473654054105282
v -0.010143409483134747 0.0028513423167169094 -0.0013097530463710427
v -0.009869437664747238 0.002807887503877282 -0.0015877075493335724
v -0.009387531317770481 -0.0010841391049325466 -0.003727109869942069
v -0.0093233622610569 -0.001323683769442141 -0.0046433801762759686
v -0.0094950245693326 -0.00060771539574489 -0.0029076957143843174
v -0.009621686302125454 7.164380076574162e-05 -0.0022408331278711557
v -0.009739651344716549 0.0009078640723600984 -0.0017756131710484624
v -0.009825846180319786 0.001843679929152131 -0.0015520688612014055
v -0.009767268784344196 -0.0008869325392879546 -0.0027310114819556475
v -0.009913502261042595 -0.0002643049228936434 -0.0018477262929081917
v -0.009894485585391521 -0.00013981672236695886 -0.0020118735264986753
v -0.010040474124252796 0.0007024429505690932 -0.0013266840251162648
v -0.010012908838689327 0.0007763511384837329 -0.0015112311812117696
v -0.010132024064660072 0.0017780031776055694 -0.0010781994787976146
v -0.010099473409354687 0.001798862824216485 -0.0012711719609797
v -0.010177225805819035 0.002884054556488991 -0.0011196924606338143
v -0.009657381102442741 -0.001616810099221766 -0.0035318764857947826
v -0.009716000407934189 -0.0013482612557709217 -0.00301066180691123
v -0.009775660932064056 -0.0010562048992142081 -0.0025999576319009066
v -0.00955766811966896 -0.001567796221934259 -0.005586780142039061
v -0.0095894243568182 -0.001676977495662868 -0.0055867829360067844
v -0.009594552218914032 -0.0016797739081084728 -0.00460900878533721
v -0.009596229530870914 -0.0017345281084999442 -0.005586777348071337
v -0.009659201838076115 -0.0014131930656731129 -0.0036167048383504152
v -0.00958554819226265 -0.001902800053358078 -0.004581380169838667
v -0.009578084573149681 -0.0019049255643039942 -0.005586778745055199
v -0.00950161088258028 -0.0014701129402965307 -0.004631474148482084
v -0.009497884660959244 -0.0014627408236265182 -0.005586777813732624
v -0.009319784119725227 -0.0013136083725839853 -0.005586779676377773
v -0.009331709705293179 -0.0013197343796491623 -0.005586777813732624
v -0.009463516063988209 -0.0014214219991117716 -0.005586780607700348
v -0.010035404935479164 0.002824194962158799 -0.0014763398794457316
v -0.009992020204663277 0.0018221464706584811 -0.0014399357605725527
v -0.009907182306051254 0.0008494862704537809 -0.0016714977100491524
v -0.009791680611670017 -1.9666387743200175e-05 -0.0021527695935219526
v -0.009668135084211826 -0.0007257464458234608 -0.002841841895133257
v -0.009563662111759186 -0.0012209357228130102 -0.00368731701746583
v -0.005858939606696367 0.0001856576418504119 0.004880300257354975
v -0.006344035733491182 0.00031201043748296797 0.004452975932508707
v -0.006657007150352001 0.0004765380872413516 0.0038968457374721766
v -0.0067675551399588585 0.0006609122501686215 0.0032739092130213976
v -0.005820316728204489 -0.0014158181147649884 0.004375774879008532
v -0.006767554674297571 -0.003412138670682907 0.0017442440148442984
v -0.006325023714452982 -0.0012632148573175073 0.003956377971917391
v -0.006651788949966431 -0.0010616048239171505 0.0034022796899080276
v -0.0067675551399588585 -0.0008345059468410909 0.002778226975351572
v 0.008448735810816288 0.004638134501874447 -0.0019226521253585815
v 0.008476613089442253 0.004869910888373852 -0.00204422022216022
v 0.008509132079780102 0.004749528598040342 -0.0022027608938515186
v 0.00849201250821352 0.004522066563367844 -0.0020673824474215508
v 0.008616343140602112 0.004642694257199764 -0.0023356336168944836
v 0.008599760010838509 0.00441555492579937 -0.002182493917644024
v 0.00878263171762228 0.004567141178995371 -0.0024205707013607025
v 0.00875777006149292 0.004334299825131893 -0.0022505864035338163
v 0.008975238539278507 0.004534376785159111 -0.002445363439619541
v 0.008942466229200363 0.004289297387003899 -0.002263010246679187
v -0.008476614952087402 0.00486990949138999 -0.002044223016127944
v -0.008448737673461437 0.004638132639229298 -0.0019226520089432597
v -0.00849201250821352 0.0045220633037388325 -0.00206738687120378
v -0.008509131148457527 0.004749524872750044 -0.0022027671802788973
v -0.00859975814819336 0.004415551200509071 -0.002182501833885908
v -0.008616340346634388 0.0046426900662481785 -0.002335643395781517
v -0.008757769130170345 0.004334297031164169 -0.002250588033348322
v -0.008782630786299706 0.00456713791936636 -0.0024205672089010477
v -0.008975239470601082 0.0045343744568526745 -0.0024453646037727594
v -0.006872824393212795 0.0005823081010021269 -0.001732794102281332
v 0.009558333083987236 0.0055000754073262215 -0.0031638930086046457
v 0.009513390250504017 0.005864302162081003 -0.0034348934423178434
v 0.009717588312923908 0.005908097606152296 -0.0034123389050364494
v 0.009939931333065033 0.006700314115732908 -0.0033447302412241697
v 0.010006827302277088 0.006241549272090197 -0.003015638329088688
v 0.00998787209391594 0.006114986725151539 -0.003182343440130353
v 0.01009129174053669 0.005500001832842827 -0.0024819483514875174
v 0.009237868711352348 0.00742777343839407 -0.004598203115165234
v 0.009448621422052383 0.00748654268682003 -0.004581757355481386
v 0.009885856881737709 0.005996891297399998 -0.0033229130785912275
v 0.009715206921100616 0.007722446694970131 -0.004343808628618717
v 0.009720370173454285 0.00785417202860117 -0.004168306011706591
v 0.009922193363308907 0.006810275372117758 -0.0034234831109642982
v 0.009618910029530525 0.007591541390866041 -0.004491168074309826
v 0.008970014750957489 0.005935567431151867 -0.003487920155748725
v 0.008724460378289223 0.00742777343839407 -0.004598199389874935
v 0.008787996135652065 0.005946885794401169 -0.003452692646533251
v 0.008627633564174175 0.005998978391289711 -0.0033650437835603952
v 0.008517342619597912 0.0060854339972138405 -0.003236721269786358
v 0.008471681736409664 0.006193259265273809 -0.0030867813620716333
v -0.008471682667732239 0.006193256471306086 -0.003086776239797473
v -0.00849999487400055 0.005510125309228897 -0.002044215565547347
v 0.0084999930113554 0.005510127637535334 -0.0020442178938537836
v 0.008459820412099361 0.006325491704046726 -0.0030867832247167826
v 0.008426062762737274 0.006618676707148552 -0.002044216962531209
v 0.008208180777728558 0.007708112243562937 -0.0030867760069668293
v 0.008208180777728558 0.007708113174885511 -0.00204422022216022
v 0.008165529929101467 0.007860954850912094 -0.003086778800934553
v -0.008426065556704998 0.006618674378842115 -0.0020442220848053694
v -0.008459821343421936 0.00632548937574029 -0.003086776938289404
v -0.008208182640373707 0.007708110846579075 -0.0020442181266844273
v -0.008208182640373707 0.007708110846579075 -0.0030867813620716333
v -0.008165532723069191 0.00786095205694437 -0.0030867799650877714
v -0.00785006769001484 0.008759823627769947 -0.0020442164968699217
v -0.007594999857246876 0.009316542185842991 -0.003086778800934553
v -0.007357839494943619 0.009755845181643963 -0.002044219058007002
v -0.007357839494943619 0.009755845181643963 -0.0030867825262248516
v -0.006739907432347536 0.010679157450795174 -0.002044219523668289
v -0.0067675248719751835 0.01064301747828722 -0.003086782293394208
v -0.0060068280436098576 0.011513986624777317 -0.002044221619144082
v -0.0060068280436098576 0.011513985693454742 -0.003086777636781335
v -0.005171125754714012 0.012246070429682732 -0.0020442181266844273
v -0.0057111019268631935 0.011795500293374062 -0.0030867767054587603
v -0.0042470782063901424 0.012862903997302055 -0.0020442188251763582
v -0.0044614695943892 0.012735005468130112 -0.003086779033765197
v -0.0042470782063901424 0.01286290306597948 -0.0030867820605635643
v -0.0032504720147699118 0.013353943824768066 -0.002044219523668289
v -0.0030609038658440113 0.013429747894406319 -0.0030867827590554953
v -0.0021983336191624403 0.013710806146264076 -0.0020442220848053694
v -0.0021983336191624403 0.013710805214941502 -0.0030867778696119785
v -0.0011086377780884504 0.013927391730248928 -0.0020442220848053694
v -0.0015567861264571548 0.013856220990419388 -0.003086782293394208
v -2.094624917958754e-09 0.014000000432133675 -0.0020442227832973003
v -2.0964721070271253e-09 0.0139999995008111 -0.0030867785681039095
v 0.0011086339363828301 0.013927391730248928 -0.0020442213863134384
v 0.0015567822847515345 0.013856221921741962 -0.003086780896410346
v 0.002198329661041498 0.013710806146264076 -0.0020442225504666567
v 0.002198329661041498 0.013710808008909225 -0.003086778335273266
v 0.0032504682894796133 0.013353944756090641 -0.00204421766102314
v 0.003060899907723069 0.01342974603176117 -0.0030867778696119785
v 0.004247074481099844 0.01286290492862463 -0.00204422022216022
v 0.004247074481099844 0.012862903997302055 -0.0030867760069668293
v 0.004461465869098902 0.012735006399452686 -0.0030867811292409897
v 0.005171122495085001 0.01224607229232788 -0.0020442225504666567
v 0.005711098201572895 0.01179550215601921 -0.0030867785681039095
v 0.006006824783980846 0.011513987556099892 -0.0020442160312086344
v 0.006006824783980846 0.011513987556099892 -0.003086779499426484
v 0.006739904172718525 0.010679158382117748 -0.0020442213863134384
v 0.00676752207800746 0.010643018409609795 -0.003086781594902277
v 0.007357837166637182 0.009755845181643963 -0.0020442181266844273
v 0.007357837166637182 0.009755847044289112 -0.0030867813620716333
v 0.007594997063279152 0.009316543117165565 -0.0030867760069668293
v 0.007850064896047115 0.008759825490415096 -0.00204421766102314
v 0.005704810842871666 0.011736043728888035 -0.0017375341849401593
v 0.005678941495716572 0.01177159696817398 -0.001766472589224577
v 0.005541105289012194 0.011925870552659035 -0.0018718094797804952
v -0.005348981823772192 0.01209438219666481 -0.0019105274695903063
v -0.004113685805350542 0.012927993200719357 -0.0019105285173282027
v -0.0031441468745470047 0.013387447223067284 -0.001910534454509616
v -0.0021244087256491184 0.013720972463488579 -0.001910530962049961
v -0.0010707526234909892 0.013923239894211292 -0.00191052898298949
v -7.963544823574864e-10 0.013991023413836956 -0.0019105273531749845
v 0.0010707508772611618 0.013923239894211292 -0.0019105322426185012
v 0.002124407095834613 0.013720971532166004 -0.0019105317769572139
v 0.0031441457103937864 0.013387448154389858 -0.001910528400912881
v 0.00411368440836668 0.012927993200719357 -0.0019105287501588464
v 0.005348979961127043 0.01209438219666481 -0.0019105290994048119
v -0.005522789433598518 0.01194338034838438 -0.0018796283984556794
v -0.005705335643142462 0.01173530425876379 -0.0017369379056617618
v -0.005679377820342779 0.01177115086466074 -0.0017664688639342785
v -0.006488800514489412 0.011621028184890747 0.035755857825279236
v -0.006568477023392916 0.01162674929946661 0.035590142011642456
v -0.006621819455176592 0.011340507306158543 0.03600084036588669
v -0.006488732527941465 0.011249842122197151 0.03608505427837372
v -0.0063781291246414185 0.011565127409994602 0.03588951379060745
v -0.0062516313046216965 0.0114677045494318 0.03597477078437805
v -0.006738113239407539 0.011389261111617088 0.035868171602487564
v -0.006786894053220749 0.01139511726796627 0.035784244537353516
v -0.0068215481005609035 0.011388334445655346 0.0357033833861351
v 0.005727184936404228 0.011342493817210197 0.0009122410556301475
v 0.005372584331780672 0.01203012652695179 0.000603808497544378
v 0.005545101128518581 0.011800048872828484 0.0005279468023218215
v 0.005531820934265852 0.011800010688602924 0.0007514763856306672
v 0.00504292082041502 0.012341819703578949 0.000432313303463161
v 0.005354635417461395 0.012101355008780956 -0.0017466737190261483
v 0.005410314071923494 0.012054593302309513 -0.0017406877595931292
v -0.005354636814445257 0.012101354077458382 -0.0017466727877035737
v -0.004118034616112709 0.01293584518134594 -0.0017466716235503554
v -0.003147470997646451 0.01339578628540039 -0.0017466722056269646
v -0.0021266546100378036 0.013729662634432316 -0.001746675348840654
v -0.0010718846460804343 0.01393214613199234 -0.0017466768622398376
v -6.967924570666639e-10 0.01400000136345625 -0.0017466765129938722
v 0.0010718830162659287 0.01393214426934719 -0.0017466726712882519
v 0.002126652980223298 0.013729662634432316 -0.0017466758145019412
v 0.003147468902170658 0.013395785354077816 -0.0017466734861955047
v 0.003144144779071212 0.013387448154389858 -0.001910528400912881
v 0.00411803275346756 0.01293584518134594 -0.0017466713907197118
v -0.005617205053567886 0.01184622012078762 -0.001751491567119956
v -0.005366112571209669 0.011139137670397758 0.005010910332202911
v -0.0054414719343185425 0.011001854203641415 0.004249345976859331
v -0.005642808973789215 0.011152302846312523 0.002296729711815715
v -0.005644757300615311 0.011044722981750965 0.002421977696940303
v -0.005664933938533068 0.011153251864016056 0.0020679605659097433
v -0.005659312475472689 0.010822542011737823 0.002419389085844159
v -0.005730859935283661 0.011156703345477581 0.0013823264744132757
v -0.005844797473400831 0.010893386788666248 0.0006338313687592745
v -0.005788241047412157 0.01115988940000534 0.0007622981211170554
v -0.0052690752781927586 0.011137265712022781 0.005914944689720869
v -0.0053475117310881615 0.011058717034757137 0.005131819285452366
v -0.005422237794846296 0.010981634259223938 0.004399566911160946
v -0.005436570383608341 0.010966594330966473 0.004264742136001587
v -0.005568627268075943 0.01082397997379303 0.0031237234361469746
v -0.005657588131725788 0.01072358526289463 0.0024174926802515984
v -0.005726349540054798 0.010643440298736095 0.00184346130117774
v -0.005413759499788284 0.011800018139183521 0.0025446333456784487
v -0.005399531219154596 0.01179997343569994 0.002741725416854024
v -0.00558672659099102 0.011367523111402988 0.0024325193371623755
v -0.0056642345152795315 0.011476150713860989 0.0011266577057540417
v -0.0056312656961381435 0.01141315046697855 0.0017899234080687165
v -0.005588907282799482 0.011392478831112385 0.0023408106062561274
v -0.005275132600218058 0.012020784430205822 0.0026548251044005156
v -0.005360410548746586 0.011891509406268597 0.002591613680124283
v -0.005291557405143976 0.012027953751385212 0.0023273162078112364
v -0.005048955790698528 0.012292237021028996 0.002771153813228011
v -0.004649735055863857 0.012628613039851189 0.0023002629168331623
v -0.004698452074080706 0.012583304196596146 0.0028443755581974983
v -0.0036825346760451794 0.01316081453114748 0.002247193129733205
v -0.003776881378144026 0.01311479602009058 0.0024024059530347586
v -0.004038930870592594 0.012979110702872276 0.0026558032259345055
v -0.004356160759925842 0.012798900716006756 0.0028027722146362066
v -0.004665087442845106 0.012620094232261181 0.0017483863048255444
v -0.003583081066608429 0.013207807205617428 0.0015251693548634648
v -0.003571512643247843 0.013213145546615124 0.0018919081194326282
v -0.0046414583921432495 0.012620891444385052 0.0006475723930634558
v -0.0042295195162296295 0.012873014435172081 0.000729236810002476
v -0.0039299242198467255 0.013037066906690598 0.0009108286467380822
v -0.003711175639182329 0.013147078454494476 0.0011828441638499498
v -0.00500482926145196 0.012370403856039047 0.0007011400302872062
v -0.005321010947227478 0.01203467883169651 0.0017759498441591859
v -0.0052413335070014 0.012165370397269726 0.0008123604347929358
v -0.005644946359097958 0.011535723693668842 0.0010742295999079943
v -0.005526572931557894 0.011799939908087254 0.0008366621332243085
v -0.005513393320143223 0.011800003238022327 0.0010532239684835076
v -0.005489110480993986 0.011842171661555767 0.0010242759017273784
v 0.005455985199660063 0.011855553835630417 0.0015147140948101878
v 0.004936003591865301 0.012421377934515476 0.0014937457162886858
v 0.003646237077191472 0.013178188353776932 0.0017540333792567253
v 0.0036145090125501156 0.01319319661706686 0.0013847807422280312
v 0.004075611010193825 0.012963538058102131 0.0014592243824154139
v 0.003708386328071356 0.013148359023034573 0.00101977470330894
v 0.003917854279279709 0.013043236918747425 0.000704845180734992
v 0.004202370997518301 0.012888511642813683 0.0004974138573743403
v 0.00422425614669919 0.012882559560239315 0.0014651681995019317
v 0.004530359525233507 0.012692068703472614 0.0003966732183471322
v 0.004925194662064314 0.012427661567926407 0.00040192119195125997
v 0.00420914962887764 0.012887751683592796 0.0020028038416057825
v 0.004036341793835163 0.012980510480701923 0.002353061456233263
v 0.004060802515596151 0.012969030998647213 0.001996863866224885
v 0.003800164209678769 0.013103201985359192 0.002100439043715596
v 0.004919314291328192 0.012426022440195084 0.002031265990808606
v 0.004357101395726204 0.012798333540558815 0.0025226271245628595
v 0.005424870178103447 0.01184523943811655 0.0020516952499747276
v 0.003298965049907565 0.012766086496412754 0.007755297236144543
v 0.00329004367813468 0.012746436521410942 0.00776925403624773
v 0.0030415139626711607 0.012854212895035744 0.007769246585667133
v 0.003286038525402546 0.012737616896629333 0.007773261051625013
v -0.0032860946375876665 0.012737737968564034 0.007773214019834995
v -0.003290044842287898 0.012746437452733517 0.007769247982650995
v -0.003040377516299486 0.01285468228161335 0.007769247516989708
v -0.002055984688922763 0.013188185170292854 0.007769247516989708
v -0.0010365243069827557 0.013390555046498775 0.00776924891397357
v 6.151137768029002e-07 0.013458345085382462 0.007769249379634857
v 0.0010377441067248583 0.013390394859015942 0.007769250776618719
v 0.002057173289358616 0.013187866657972336 0.007769249379634857
v 0.00331302173435688 0.012797047384083271 0.00769543694332242
v 0.0033061220310628414 0.012781851924955845 0.007736303843557835
v 0.003062756499275565 0.012905575335025787 0.0076954360119998455
v 0.003056378336623311 0.012890150770545006 0.0077363052405416965
v 0.0020715403370559216 0.013241559267044067 0.007695432286709547
v 0.0020672264508903027 0.013225436210632324 0.0077363005839288235
v 0.0010449920082464814 0.013445504009723663 0.007695437874644995
v 0.0010428151581436396 0.013428955338895321 0.007736306171864271
v 6.195040214151959e-07 0.013513927347958088 0.007695432752370834
v 6.181779212965921e-07 0.013497237116098404 0.007736303843557835
v -0.0010437635937705636 0.013445664197206497 0.007695435546338558
v -0.0010415897704660892 0.01342911645770073 0.007736304309219122
v -0.0020703435875475407 0.013241879642009735 0.00769543694332242
v -0.002066032262519002 0.013225757516920567 0.0077363052405416965
v -0.0030616121366620064 0.012906049378216267 0.007695435080677271
v -0.003055236069485545 0.012890624813735485 0.007736304774880409
v -0.0033130233641713858 0.012797047384083271 0.007695436477661133
v -0.003306123660877347 0.012781851924955845 0.007736304309219122
v 0.0038760388270020485 0.012467003427445889 0.007681040093302727
v 0.0038827890530228615 0.01252606138586998 0.007610407192260027
v 0.0038857804611325264 0.01251356489956379 0.007638399954885244
v 0.003883550176396966 0.012493012472987175 0.007663331925868988
v 0.004415502306073904 0.012203319929540157 0.007415535394102335
v 0.004417322110384703 0.012227170169353485 0.007400420028716326
v 0.004413921386003494 0.012247122824192047 0.0073806410655379295
v 0.00440598139539361 0.01226113736629486 0.007358719129115343
v 0.005151006393134594 0.011513707228004932 0.006460551638156176
v 0.00524585135281086 0.011230260133743286 0.006102350074797869
v 0.0052317301742732525 0.011305218562483788 0.006174767855554819
v 0.0049802279099822044 0.011762088164687157 0.0068174391053617
v 0.004737528041005135 0.011997955851256847 0.007137261796742678
v 0.0047393073327839375 0.012016002088785172 0.007125206291675568
v 0.004981484264135361 0.01177455298602581 0.00680888956412673
v 0.004737316630780697 0.012032398022711277 0.007111009676009417
v 0.0047932639718055725 0.011993017978966236 0.007030824664980173
v 0.004972427152097225 0.011804104782640934 0.0067980121821165085
v 0.005180595442652702 0.011459686793386936 0.00636469479650259
v 0.004699737299233675 0.01254238747060299 0.004903746303170919
v 0.00443707499653101 0.012743991799652576 0.004778633825480938
v 0.005181977525353432 0.011614877730607986 0.006048162467777729
v 0.004585716407746077 0.012397313490509987 0.006083297077566385
v 0.0048356736078858376 0.012184975668787956 0.006096256896853447
v 0.005040936172008514 0.01191896665841341 0.006077796220779419
v 0.004544374067336321 0.012639087624847889 0.00500257546082139
v 0.004504936747252941 0.012676669284701347 0.004938400816172361
v 0.004455942660570145 0.01271362230181694 0.00490557448938489
v 0.004429087042808533 0.012730949558317661 0.004901450127363205
v 0.004822311457246542 0.01240861788392067 0.0050706639885902405
v 0.004948326386511326 0.012212191708385944 0.005407632794231176
v 0.004586153198033571 0.012582826428115368 0.005151215009391308
v 0.0046129366382956505 0.012476646341383457 0.005596330855041742
v 0.005080096889287233 0.012031949125230312 0.005371744278818369
v 0.004509723745286465 0.012564366683363914 0.005492375697940588
v 0.004108145367354155 0.012917990796267986 0.004901448264718056
v 0.0046129366382956505 0.012476644478738308 0.005596330855041742
v -0.00313991354778409 0.013376828283071518 0.00490144919604063
v -0.003944833297282457 0.01249538455158472 0.00758989155292511
v -0.004405983258038759 0.012261136434972286 0.007358719129115343
v -0.004476618021726608 0.012296998873353004 0.006946474779397249
v -0.0038472628220915794 0.012543686665594578 0.0076205232180655
v -0.0038876954931765795 0.012523741461336613 0.007608485408127308
v -0.00458398787304759 0.012394597753882408 0.0061026145704090595
v -0.004611468408256769 0.012463115155696869 0.005668899975717068
v -0.004609291907399893 0.012524380348622799 0.005369182210415602
v -0.00456345034763217 0.012616684660315514 0.00505422567948699
v -0.0045202504843473434 0.012628205120563507 0.005135313607752323
v -0.004524217918515205 0.012659450992941856 0.00496417423710227
v -0.004429088905453682 0.01273095142096281 0.004901448264718056
v -0.004473918583244085 0.012700986117124557 0.004913243930786848
v -0.0021215484011918306 0.013709901832044125 0.004901450593024492
v -0.0010693110525608063 0.0139118991792202 0.00490145105868578
v -9.180406990161316e-10 0.013979590497910976 0.004901451990008354
v 0.0010693090735003352 0.013911898247897625 0.004901447799056768
v 0.0021215472370386124 0.013709901832044125 0.004901449661701918
v 0.0031399123836308718 0.013376827351748943 0.004901446867734194
v -0.0038785862270742655 0.01246594451367855 0.007680164184421301
v -0.004415520932525396 0.012203417718410492 0.007415490690618753
v -0.0038882303051650524 0.012512581422924995 0.007637275382876396
v -0.003886072663590312 0.012492023408412933 0.007662326563149691
v -0.004417316988110542 0.012227345257997513 0.00740027753636241
v -0.00441385293379426 0.012247324921190739 0.007380389142781496
v -0.005245852749794722 0.011230259202420712 0.006102354731410742
v -0.004722215700894594 0.012053553014993668 0.00710485503077507
v -0.004736211616545916 0.012032944709062576 0.00711170444265008
v -0.0049813613295555115 0.011785591021180153 0.006798421032726765
v -0.005042803008109331 0.011710405349731445 0.006681052967905998
v -0.004982165992259979 0.01177371758967638 0.006807785946875811
v -0.0047382269985973835 0.012016527354717255 0.0071258991956710815
v -0.004736427683383226 0.011998477391898632 0.007137977052479982
v -0.005150715354830027 0.011514297686517239 0.006461343262344599
v -0.0051830788142979145 0.011453642509877682 0.00635707238689065
v -0.005246090702712536 0.01123300101608038 0.0060994382947683334
v -0.0051459274254739285 0.011535989120602608 0.006461266428232193
v -0.004437086638063192 0.012744007632136345 0.004778400529175997
v -0.004439749289304018 0.0127483531832695 0.004654852673411369
v -0.003147470997646451 0.01339578628540039 0.004654848016798496
v 0.00411803275346756 0.012935847043991089 0.004654848948121071
v 0.003147468902170658 0.01339578628540039 0.0046548545360565186
v 0.002126652980223298 0.013729661703109741 0.004654851742088795
v 0.0010718830162659287 0.01393214613199234 0.004654848016798496
v -6.882738823321688e-10 0.014000000432133675 0.004654851276427507
v -0.0010718846460804343 0.01393214613199234 0.00465485081076622
v -0.0021266546100378036 0.013729661703109741 0.004654852207750082
v -0.004958159755915403 0.012275555171072483 0.004911815747618675
v -0.00509207509458065 0.012056673876941204 0.005105108954012394
v -0.005231722258031368 0.011632976122200489 0.005569076631218195
v -0.005181756801903248 0.011836638674139977 0.0053328415378928185
v -0.005133934319019318 0.011966535821557045 0.005194530822336674
v -0.004728736821562052 0.012531488202512264 0.00473777437582612
v -0.004700011108070612 0.012542184442281723 0.004903564695268869
v -0.0048227133229374886 0.01240825280547142 0.005070507526397705
v -0.005182561464607716 0.011613134294748306 0.006047968752682209
v -0.005041584372520447 0.0119179030880332 0.006077698431909084
v -0.004836102947592735 0.012184534221887589 0.006096234545111656
v -0.004948865156620741 0.012211563065648079 0.005407507997006178
v -0.004473917651921511 0.012700984254479408 0.004913243465125561
v -0.004563452675938606 0.012616688385605812 0.00505422567948699
v -0.005080746486783028 0.01203090138733387 0.005371531937271357
v 0.009650683961808681 0.008150102570652962 -0.004360866732895374
v 0.008681653067469597 0.010643002577126026 -0.005234336946159601
v 0.008698252029716969 0.010652161203324795 -0.0050249965861439705
v 0.009088858030736446 0.009783178567886353 -0.005174125544726849
v 0.009273548610508442 0.009382943622767925 -0.0048701148480176926
v 0.009465022943913937 0.008711287751793861 -0.004879864398390055
v 0.009317738004028797 0.009260892868041992 -0.004836933221668005
v 0.009470686316490173 0.008798851631581783 -0.0046795136295259
v 0.0085918502882123 0.010593458078801632 -0.005417694337666035
v 0.008996663615107536 0.009711959399282932 -0.005355624947696924
v 0.00920030102133751 0.009157193824648857 -0.0052344356663525105
v 0.009370608255267143 0.008609820157289505 -0.005049321800470352
v 0.008443666622042656 0.01051170751452446 -0.00554250692948699
v 0.008838319219648838 0.009624019265174866 -0.005473403260111809
v 0.009037375450134277 0.00906522385776043 -0.0053466809913516045
v 0.009204251691699028 0.008513656444847584 -0.0051551503129303455
v 0.009340101853013039 0.007985266856849194 -0.004900788888335228
v 0.008263815194368362 0.010412484407424927 -0.005586782470345497
v 0.008495968766510487 0.009905777871608734 -0.005559287965297699
v 0.008880463428795338 0.008845769800245762 -0.0053293234668672085
v 0.008947576396167278 0.008621858432888985 -0.005249782931059599
v 0.009131201542913914 0.00792031642049551 -0.004919435828924179
v 0.007555477321147919 0.011497405357658863 -0.005586779210716486
v 0.007721425034105778 0.011625021696090698 -0.005540686193853617
v 0.007946771569550037 0.011798243969678879 -0.005007640924304724
v 0.007024727296084166 0.012821970507502556 -0.00510004349052906
v 0.007936612702906132 0.011790464632213116 -0.005221729166805744
v 0.007014531176537275 0.012810972519218922 -0.005209078546613455
v 0.007856951095163822 0.011729235760867596 -0.005411066580563784
v 0.006947445683181286 0.012738618068397045 -0.005404369905591011
v 0.006830126978456974 0.012612084858119488 -0.005538887809962034
v 0.006684923078864813 0.012455476447939873 -0.005586783401668072
v 0.0057682921178638935 0.013777333311736584 -0.005085810087621212
v 0.002717118477448821 0.014905293472111225 -0.005391187034547329
v 0.0026776185259222984 0.01473436038941145 -0.005535239353775978
v 0.0009438617271371186 0.01499576959758997 -0.005534946918487549
v -0.0056401886977255344 0.01352408342063427 -0.005537193268537521
v -0.005524543579667807 0.013340198434889317 -0.005586781073361635
v -0.006829980760812759 0.012611922807991505 -0.005538834258913994
v -0.006684926338493824 0.012455474585294724 -0.005586783401668072
v -0.002628491958603263 0.01451872382313013 -0.00558678200468421
v -0.004173852503299713 0.014029822312295437 -0.005586779210716486
v -0.004256929736584425 0.014233076944947243 -0.005535973235964775
v -0.0009267056011594832 0.014774754643440247 -0.005586777813732624
v -0.0026782865170389414 0.014734224416315556 -0.005535239819437265
v 0.000926787790376693 0.014774742536246777 -0.0055867815390229225
v -0.0009437785483896732 0.014995785430073738 -0.005534952040761709
v 0.002627836773172021 0.014518857933580875 -0.005586779676377773
v 0.004165015649050474 0.014033415354788303 -0.005586780607700348
v 0.005503355525434017 0.013353412970900536 -0.0055867768824100494
v 0.004247888457030058 0.014236769638955593 -0.005535965319722891
v 0.004313895013183355 0.01439864281564951 -0.0053937737829983234
v 0.004349683877080679 0.01448631938546896 -0.005189230665564537
v 0.0056184688583016396 0.013537686318159103 -0.005537165328860283
v 0.005710672587156296 0.013685241341590881 -0.005398064851760864
v 0.005761738866567612 0.013766948133707047 -0.005197206977754831
v -0.005784158129245043 0.013752924278378487 -0.005197376012802124
v -0.0057907612062990665 0.013763323426246643 -0.005086008459329605
v -0.004363006912171841 0.014492183923721313 -0.005076324567198753
v -0.006947373505681753 0.01273853424936533 -0.005404336377978325
v -0.005732828751206398 0.01367134414613247 -0.005398157984018326
v -0.004323100205510855 0.014394881203770638 -0.005393802188336849
v -0.004358980804681778 0.014482527039945126 -0.005189265124499798
v -0.002738911658525467 0.014996472746133804 -0.0051844255067408085
v -0.002741042757406831 0.015005548484623432 -0.005070563405752182
v -0.0009651324944570661 0.015272628515958786 -0.005068257451057434
v -0.0027177962474524975 0.014905153773725033 -0.005391184240579605
v -0.0009572950075380504 0.015170833095908165 -0.005390138365328312
v -0.0009644577512517571 0.015263818204402924 -0.005182477645576
v 0.0009645440150052309 0.01526380330324173 -0.0051824781112372875
v 0.000965220620855689 0.015272614546120167 -0.005068257451057434
v 0.002740359166637063 0.015005686320364475 -0.005070563871413469
v -0.007024514488875866 0.012821734882891178 -0.00510003138333559
v -0.007014151196926832 0.012810557149350643 -0.005209013354033232
v 0.0009573802235536277 0.015170818194746971 -0.0053901392966508865
v 0.0027382278349250555 0.014996611513197422 -0.005184426438063383
v 0.004353696946054697 0.014495969749987125 -0.005076275207102299
v -0.007555484306067228 0.011497405357658863 -0.005586777813732624
v -0.008263817988336086 0.010412481613457203 -0.005586778279393911
v -0.008443671278655529 0.010511704720556736 -0.005542506463825703
v -0.007721433416008949 0.011625023558735847 -0.005540686659514904
v -0.007856960408389568 0.011729239486157894 -0.005411073565483093
v -0.007936622016131878 0.011790466494858265 -0.005221728701144457
v -0.008591855876147747 0.010593458078801632 -0.005417693872004747
v -0.008681656792759895 0.010643000714480877 -0.005234330426901579
v -0.008698256686329842 0.010652159340679646 -0.005024991929531097
v -0.007946779020130634 0.011798243969678879 -0.005007641855627298
v -0.008903564885258675 0.01025598868727684 -0.005013389978557825
v -0.009618916548788548 0.007591539528220892 -0.0044911750592291355
v -0.00971521157771349 0.007722444366663694 -0.004343810491263866
v -0.009439983405172825 0.008357725106179714 -0.004939783364534378
v -0.00953485444188118 0.008466406725347042 -0.004774678032845259
v -0.009188370779156685 0.00960599910467863 -0.004922216292470694
v -0.009179617278277874 0.00955488346517086 -0.005132353864610195
v -0.009404265321791172 0.0090077118948102 -0.004757110029459
v -0.009720372036099434 0.00785417016595602 -0.004168308340013027
v -0.008858579210937023 0.010041166096925735 -0.005397645756602287
v -0.009086902253329754 0.009477458894252777 -0.005312195513397455
v -0.00928038451820612 0.008911010809242725 -0.00515965698286891
v -0.009448626078665257 0.007486539892852306 -0.004581754561513662
v -0.009272369556128979 0.008259523659944534 -0.005042287986725569
v -0.009115790016949177 0.008817184716463089 -0.005269138608127832
v -0.008926472626626492 0.00938783586025238 -0.005427748896181583
v -0.008703564293682575 0.009955554269254208 -0.005518300924450159
v -0.009237870573997498 0.0074277715757489204 -0.004598201252520084
v -0.009154994040727615 0.007817236706614494 -0.004859118722379208
v -0.008880470879375935 0.008845753967761993 -0.005329316481947899
v -0.008797156624495983 0.009104903787374496 -0.005407367367297411
v -0.008513900451362133 0.009863089770078659 -0.005554516799747944
v -0.009987875819206238 0.006114983465522528 -0.0031823429744690657
v -0.010091292671859264 0.00549999950453639 -0.002481951145455241
v -0.009717591106891632 0.00590809341520071 -0.0034123335499316454
v -0.00951339304447174 0.005864299368113279 -0.003434897167608142
v -0.00955833401530981 0.005500073544681072 -0.0031638937070965767
v -0.009885861538350582 0.0059968894347548485 -0.0033229172695428133
v -0.009939933195710182 0.006700310856103897 -0.0033447325695306063
v -0.009920119307935238 0.006822883151471615 -0.0034325069282203913
v -0.010006830096244812 0.00624154694378376 -0.00301563972607255
v 0.008538615889847279 0.00814063660800457 -0.0050378344021737576
v 0.007577850949019194 0.010412482544779778 -0.005586779676377773
v 0.007964752614498138 0.009663591161370277 -0.005527372471988201
v 0.00828519370406866 0.008896109648048878 -0.005345973186194897
v 0.007567544933408499 0.009502947330474854 -0.005223722197115421
v 0.007522265892475843 0.00950627587735653 -0.005045970901846886
v 0.007192996796220541 0.010166285559535027 -0.0052885874174535275
v 0.007156859617680311 0.010143169201910496 -0.005102132447063923
v 0.008296196348965168 0.007513030897825956 -0.004341074265539646
v 0.008239767514169216 0.007603523321449757 -0.004200669005513191
v 0.008119635283946991 0.00814901664853096 -0.004754587076604366
v 0.00806424766778946 0.008210305124521255 -0.0045991456136107445
v 0.008405226282775402 0.007448834832757711 -0.004463642369955778
v 0.008226367644965649 0.008114609867334366 -0.0048900083638727665
v 0.00787658803164959 0.008821424096822739 -0.005047263577580452
v 0.007824905216693878 0.008853272534906864 -0.004879612009972334
v 0.007284688297659159 0.010224941186606884 -0.005445648916065693
v 0.007419748697429895 0.010311342775821686 -0.005549625493586063
v 0.007665617391467094 0.009530898183584213 -0.005375931039452553
v 0.007804428227245808 0.009587098844349384 -0.00548144243657589
v 0.008122080005705357 0.00884421356022358 -0.005296022165566683
v 0.00797967053949833 0.008818041533231735 -0.005192416254431009
v 0.008372205309569836 0.008111916482448578 -0.004988189321011305
v 0.008554304018616676 0.007419439498335123 -0.004552769009023905
v 0.006767553742974997 0.01149173453450203 -0.0055867768824100494
v 0.006529965903609991 0.011749743483960629 -0.005586780607700348
v 0.0052464809268713 0.01287132315337658 -0.005586777813732624
v 0.0037585399113595486 0.013740623369812965 -0.005586779210716486
v 0.0021517921704798937 0.014301178976893425 -0.0055867768824100494
v 0.00046858470886945724 0.014551062136888504 -0.005586779210716486
v -0.0012383880093693733 0.014480306766927242 -0.0055867815390229225
v -0.0028906785883009434 0.01408620085567236 -0.005586777348071337
v -0.004439357202500105 0.01339014247059822 -0.0055867768824100494
v -0.005849655717611313 0.012402134016156197 -0.005586777813732624
v -0.007577854208648205 0.010412480682134628 -0.005586781073361635
v -0.007033421192318201 0.011174137704074383 -0.005586777813732624
v -0.00676755653694272 0.011491733603179455 -0.005586777813732624
v -0.008724461309611797 0.0074277715757489204 -0.004598204977810383
v -0.008970016613602638 0.005935565568506718 -0.003487920854240656
v -0.008538617752492428 0.008140642195940018 -0.005037842784076929
v -0.008285199292004108 0.00889610592275858 -0.005345979239791632
v -0.00796476099640131 0.009663580916821957 -0.0055273761972785
v -0.008239769376814365 0.007603522390127182 -0.004200669936835766
v 0.006167189218103886 0.01140642911195755 -0.005107145756483078
v 0.006767553277313709 0.010701412335038185 -0.005104289390146732
v 0.004955009091645479 0.01246597245335579 -0.005111662205308676
v 0.003549731569364667 0.01328720711171627 -0.005115355830639601
v 0.002032248070463538 0.013816776685416698 -0.0051178280264139175
v 0.0004425522347446531 0.01405285019427538 -0.005118966568261385
v -0.0011695886496454477 0.013986007310450077 -0.005118666682392359
v -0.002730085514485836 0.013613682240247726 -0.005116879474371672
v -0.004192726220935583 0.012956099584698677 -0.0051138149574398994
v -0.00552467443048954 0.012022729963064194 -0.005109705030918121
v -0.006642675492912531 0.010862668976187706 -0.00510492455214262
v -0.00676755653694272 0.010701410472393036 -0.005104290321469307
v -0.007156862411648035 0.010143166407942772 -0.005102128256112337
v -0.007522274274379015 0.009506266564130783 -0.005045974161475897
v -0.007824910804629326 0.008853270672261715 -0.004879623185843229
v -0.008064250461757183 0.008210309781134129 -0.004599150735884905
v -0.008784809149801731 0.005947470664978027 -0.0034515538718551397
v -0.008625976741313934 0.005999824497848749 -0.003363723633810878
v -0.008516865782439709 0.006086026318371296 -0.0032358686439692974
v -0.008296196348965168 0.007513026706874371 -0.004341073799878359
v -0.008405226282775402 0.007448829710483551 -0.004463638179004192
v -0.008554304018616676 0.007419435773044825 -0.004552764818072319
v -0.007665622979402542 0.009530886076390743 -0.005375934764742851
v -0.007276853080838919 0.010219926945865154 -0.00543638039380312
v -0.007189967669546604 0.010164344683289528 -0.005280245095491409
v -0.007567551452666521 0.009502939879894257 -0.005223730579018593
v -0.007876592688262463 0.00882142037153244 -0.005047272890806198
v -0.008119636215269566 0.00814901851117611 -0.004754597786813974
v -0.007979674264788628 0.008818037807941437 -0.005192420911043882
v -0.008226366713643074 0.008114611729979515 -0.004890022333711386
v -0.00780443474650383 0.009587089531123638 -0.005481452215462923
v -0.007441235240548849 0.010325084440410137 -0.00555920135229826
v -0.007309448439627886 0.010240779258310795 -0.005471900571137667
v -0.008372207172214985 0.008111919276416302 -0.0049881963059306145
v -0.008122085593640804 0.008844209834933281 -0.0052960338070988655
v 0.006412924733012915 0.011638992466032505 -0.0055595519952476025
v 0.006299835164099932 0.011531987227499485 -0.005473329685628414
v 0.005062414333224297 0.012615399435162544 -0.0054746149107813835
v 0.006196680013090372 0.011434288695454597 -0.005283762700855732
v -0.006674002856016159 0.010887590236961842 -0.0052822125144302845
v -0.005551545415073633 0.012053999118506908 -0.0052855550311505795
v -0.004213606007397175 0.012992776930332184 -0.0052884360775351524
v -0.002743916353210807 0.013654346577823162 -0.005290568340569735
v -0.0011755962623283267 0.014028994366526604 -0.005291815381497145
v 0.00044478842755779624 0.014096236787736416 -0.005292027723044157
v 0.0020425820257514715 0.013858684338629246 -0.005291227251291275
v 0.0035675656981766224 0.013325894251465797 -0.005289508029818535
v 0.006271797232329845 0.011505444534122944 -0.005438228137791157
v 0.004979365970939398 0.012499806471168995 -0.005286926403641701
v 0.005039919633418322 0.012584106996655464 -0.005439883563667536
v 0.0036110789515078068 0.01342043373733759 -0.005441233515739441
v 0.0020675426349043846 0.013959852047264576 -0.005442134570330381
v 0.0004502264491748065 0.014200372621417046 -0.0054425569251179695
v -0.0011899670353159308 0.014132299460470676 -0.005442440509796143
v -0.002777411602437496 0.013752972707152367 -0.005441790912300348
v -0.004264937248080969 0.013083172962069511 -0.0054406714625656605
v -0.0056189848110079765 0.012132776901125908 -0.005439166445285082
v -0.006754798348993063 0.010952025651931763 -0.005437408573925495
v 0.0036271766293793917 0.013455396518111229 -0.005475666373968124
v 0.0020767527166754007 0.013997175730764866 -0.0054763611406087875
v 0.0004522334202192724 0.014238745905458927 -0.005476684309542179
v -0.0011952641652897 0.014170372858643532 -0.005476594902575016
v -0.0027897863183170557 0.013789392076432705 -0.005476090125739574
v -0.004283959046006203 0.01311666052788496 -0.0054752277210354805
v -0.0056440806947648525 0.012162086553871632 -0.005474058445543051
v -0.00678502069786191 0.010976122692227364 -0.00547269731760025
v 0.005152933765202761 0.012741254642605782 -0.005559869576245546
v 0.003691817633807659 0.013595747761428356 -0.005560125224292278
v 0.0021136903669685125 0.01414682436734438 -0.005560299847275019
v 0.0004602810076903552 0.01439251471310854 -0.005560376215726137
v -0.0012164975050836802 0.01432296447455883 -0.005560353863984346
v -0.0028394446708261967 0.01393547747284174 -0.005560232792049646
v -0.004360408056527376 0.013251195661723614 -0.005560015328228474
v -0.005745149217545986 0.012280095368623734 -0.005559732671827078
v -0.006907044909894466 0.011073390021920204 -0.0055593946017324924
v 0.006727228872478008 -0.0018608765676617622 0.03157545253634453
v 0.006703286897391081 -0.0025226932484656572 0.03207378089427948
v 0.00696904631331563 -0.001914755441248417 0.031853415071964264
v 0.0068105002865195274 0.00021689487039111555 0.030178017914295197
v 0.006987718865275383 0.0003005281032528728 0.030310221016407013
v 0.006827133242040873 0.0006069515366107225 0.0299493670463562
v 0.006881013046950102 0.001926227705553174 0.029281489551067352
v 0.0069039384834468365 0.0025698768440634012 0.029023384675383568
v 0.006929871626198292 0.002631748327985406 0.029022546485066414
v 0.007144246716052294 0.0018737756181508303 0.02968190424144268
v 0.007106904871761799 0.003103775205090642 0.02908640168607235
v 0.007155756000429392 0.0032538590021431446 0.029136234894394875
v 0.0072427233681082726 0.003552451729774475 0.029469024389982224
v 0.007237592712044716 0.003533473238348961 0.029369516298174858
v 0.00724272383376956 0.0032859407365322113 0.02955571748316288
v 0.0072229523211717606 0.0034803589805960655 0.02928469330072403
v 0.007126514334231615 0.00040698377415537834 0.03047848679125309
v 0.007242724299430847 0.0006570874829776585 0.030873749405145645
v 0.007190552540123463 0.0033678789623081684 0.029193023219704628
v 0.0072427233681082726 0.002066462067887187 0.03006957843899727
v 0.00724272383376956 0.0015450585633516312 0.030343562364578247
v 0.007242724299430847 -0.0003109407552983612 0.03152278810739517
v 0.007241276558488607 -0.0004285475879441947 0.03154159337282181
v 0.0071617900393903255 -0.0011945198057219386 0.031676553189754486
v 0.007083052769303322 -0.0007499969797208905 0.03885224089026451
v 0.006848042365163565 -0.0015067472122609615 0.03833436220884323
v 0.006992120295763016 -0.0007499931962229311 0.039037685841321945
v 0.006883906200528145 -0.0007499982020817697 0.039199646562337875
v -0.007242724299430847 0.0017814820166677237 0.030218634754419327
v -0.007242724299430847 0.0006732516922056675 0.03086378425359726
v -0.007126769982278347 0.000423755613155663 0.03046869859099388
v -0.006994334980845451 -0.0018380021210759878 0.031828634440898895
v -0.0069882506504654884 0.0003175070451106876 0.03030044212937355
v -0.007236624136567116 0.0035299034789204597 0.02936108596622944
v -0.007242724299430847 0.0035524507984519005 0.029469020664691925
v -0.0072182295843958855 0.0034635395277291536 0.0292667206376791
v -0.007192562334239483 0.003374664345756173 0.02919722907245159
v -0.007159488741308451 0.003265781793743372 0.02914128266274929
v -0.006871992722153664 0.0017075086943805218 0.029382627457380295
v -0.006903938949108124 0.002569874981418252 0.029023384675383568
v -0.0071444702334702015 0.0019007190130650997 0.029671935364603996
v -0.0070474641397595406 0.002934214426204562 0.029050862416625023
v -0.0071729570627212524 -0.0011330880224704742 0.03166287764906883
v -0.00724272383376956 -0.00031094177393242717 0.031522784382104874
v -0.006792351137846708 -0.00022001194884069264 0.03044639155268669
v -0.006703286897391081 -0.00252269534394145 0.03207378834486008
v -0.00724272383376956 0.0004846342490054667 0.035581231117248535
v -0.00724272383376956 0.0001612764608580619 0.03575129806995392
v -0.00724272383376956 0.0001250815112143755 0.035428985953330994
v -0.00724272383376956 9.254163887817413e-05 0.03513910993933678
v -0.007242724299430847 0.0012500006705522537 0.03542899712920189
v -0.007242724299430847 0.003552449867129326 0.03576028347015381
v -0.007242724299430847 0.0033866039011627436 0.035661861300468445
v -0.007242724299430847 0.0024500011932104826 0.03542898967862129
v -0.00721490615978837 -0.0003170160052832216 0.036186229437589645
v -0.007201590109616518 -0.00041564239654690027 0.036321915686130524
v -0.0071561518125236034 -0.0008251195540651679 0.03524202108383179
v -0.007158953696489334 -0.0006383683648891747 0.036770157516002655
v -0.006778054405003786 -0.0019998126663267612 0.03537376597523689
v -0.00714584905654192 -0.0006882831803523004 0.03693598508834839
v -0.006848041899502277 -0.0015067480271682143 0.038334354758262634
v -0.007121717557311058 -0.0007499991334043443 0.03742899000644684
v -0.0070830523036420345 -0.0007499987259507179 0.03885223716497421
v -0.0072408318519592285 3.401753201615065e-05 0.03584110364317894
v -0.0072300853207707405 -0.0001643285941099748 0.036014899611473083
v -0.005221634171903133 -0.0038949709851294756 0.03558630123734474
v -0.005497590638697147 -0.003999943379312754 0.03267670050263405
v -0.006118971388787031 -0.0030429381877183914 0.03549075499176979
v -0.006092413328588009 -0.003420076100155711 0.03243260830640793
v -0.006315223872661591 -0.0031384266912937164 0.03232789412140846
v -0.004069712944328785 -0.004803878255188465 0.03323137015104294
v -0.00418011425063014 -0.004763178993016481 0.0331915020942688
v -0.0048750014975667 -0.004431521985679865 0.03292784467339516
v -0.00516015337780118 -0.004252110607922077 0.03281419724225998
v -0.005293119698762894 -0.003692698897793889 0.03693101555109024
v -0.004916069563478231 -0.003972949925810099 0.03679615259170532
v -0.00414801761507988 -0.004501438234001398 0.03565432131290436
v -0.004178179427981377 -0.0043899742886424065 0.03653406351804733
v -0.005801965948194265 -0.0032076709903776646 0.03718060627579689
v -0.005910888314247131 -0.0030853161588311195 0.03725026920437813
v -0.006684952415525913 -0.0018902336014434695 0.038043905049562454
v -0.006322864443063736 -0.0025379888247698545 0.037590671330690384
v -0.006244055461138487 -0.00265491078607738 0.037514373660087585
v -0.005181579384952784 -0.003978210501372814 0.03243260085582733
v -0.003911497071385384 -0.0008992337970994413 0.029023386538028717
v -0.00474974000826478 -0.00030430618789978325 0.029023384675383568
v -0.0054987650364637375 0.0003996479499619454 0.029023388400673866
v -0.006674821954220533 0.0020799473859369755 0.029023388400673866
v -0.006144502200186253 0.0011994069209322333 0.029023388400673866
v -0.0035363829229027033 -0.0047068228013813496 0.03243260085582733
v -0.00299978069961071 -0.0013739587739109993 0.029023386538028717
v -0.0020317172165960073 -0.00171956536360085 0.029023384675383568
v -0.0017930666217580438 -0.005152236204594374 0.03243259713053703
v -0.0010254902299493551 -0.0019295603269711137 0.029023386538028717
v -8.216290425799855e-10 -0.005302094388753176 0.03243260830640793
v -5.156707283404671e-10 -0.001999999862164259 0.029023386538028717
v 0.0017930674366652966 -0.005152236204594374 0.03243260085582733
v 0.0010254887165501714 -0.0019295603269711137 0.029023386538028717
v 0.003536384552717209 -0.004706821870058775 0.03243260458111763
v 0.002031716052442789 -0.0017195650143548846 0.029023388400673866
v 0.0029997793026268482 -0.0013739593559876084 0.029023384675383568
v 0.005181580316275358 -0.003978209104388952 0.03243260458111763
v 0.003911495208740234 -0.0008992342627607286 0.029023388400673866
v 0.0060924142599105835 -0.0034200737718492746 0.03243260085582733
v 0.006528429687023163 -0.002826498355716467 0.03220401331782341
v 0.004749738611280918 -0.00030430598417297006 0.029023388400673866
v 0.0054987636394798756 0.0003996486193500459 0.029023388400673866
v 0.006144500803202391 0.001199407153762877 0.029023386538028717
v 0.006674821022897959 0.002079947618767619 0.029023386538028717
v 0.00593274412676692 -0.0035953123588114977 0.0324968658387661
v -0.0036268625408411026 -0.004967967979609966 0.033231381326913834
v 0.0018389442702755332 -0.005424777511507273 0.033231377601623535
v 0.003626864403486252 -0.004967967048287392 0.033231377601623535
v 0.0036102496087551117 -0.004920013248920441 0.03279818221926689
v 0.004069714341312647 -0.004803878255188465 0.033231381326913834
v 0.004799187649041414 -0.004474612884223461 0.03295757994055748
v 0.005198205355554819 -0.004225959535688162 0.03279883787035942
v -0.003610247978940606 -0.004920013714581728 0.032798174768686295
v -0.0018305183621123433 -0.005374731495976448 0.03279818221926689
v -0.001838942407630384 -0.005424777045845985 0.03323137015104294
v 6.55975329610925e-10 -0.0055277179926633835 0.032798174768686295
v 9.391696309535291e-10 -0.005578468553721905 0.033231377601623535
v 0.0018305197590962052 -0.0053747305646538734 0.032798174768686295
v 0.005409023258835077 -0.004070736002177 0.03271303325891495
v -0.0026483554393053055 -0.004904564935714006 0.036534056067466736
v 0.0023690215311944485 -0.0049716997891664505 0.036534059792757034
v 0.0026483568362891674 -0.004904564004391432 0.036534056067466736
v 0.004178181290626526 -0.004389972425997257 0.036534056067466736
v 0.004148019012063742 -0.004501436837017536 0.035654325038194656
v -0.0023690201342105865 -0.004971700254827738 0.036534059792757034
v -0.0008909658645279706 -0.005199295934289694 0.036534056067466736
v 6.497260507387637e-10 -0.005236329510807991 0.03653406351804733
v 0.0008909674361348152 -0.005199296399950981 0.036534056067466736
v 0.005293121095746756 -0.0036926977336406708 0.03693101555109024
v 0.004587959963828325 -0.00417805602774024 0.03667878732085228
v 0.004280874039977789 -0.00420551048591733 0.03693101555109024
v 0.0037522492930293083 -0.004421866964548826 0.03693101182579994
v 0.0026166217867285013 -0.004779888316988945 0.03693101555109024
v 0.0012753292685374618 -0.0050307344645261765 0.03693101927638054
v 0.0008802908123470843 -0.005071088206022978 0.03693101182579994
v -0.0008802895899862051 -0.005071088206022978 0.03693101182579994
v -0.0012753276387229562 -0.005030733533203602 0.036931008100509644
v -0.0026166208554059267 -0.004779889713972807 0.03693101555109024
v -0.0037522476632148027 -0.004421868361532688 0.03693101927638054
v -0.004280872642993927 -0.004205511882901192 0.03693101555109024
v -0.00814610905945301 -0.0024737371131777763 0.0163382887840271
v -0.00862237811088562 -0.0015472016530111432 0.01608348824083805
v -0.008677294477820396 -0.0017739766044542193 0.013729339465498924
v -0.009585119783878326 0.0024362148251384497 0.017721381038427353
v -0.009664704091846943 0.004343368113040924 0.017409004271030426
v -0.00977828074246645 0.00426887022331357 0.012719016522169113
v -0.003313824301585555 -0.0074809230864048 0.009985813871026039
v -0.002234987448900938 -0.007771498989313841 0.009972704574465752
v -0.0022231184411793947 -0.007462780456990004 0.012274607084691525
v -0.010016103275120258 0.003934856969863176 0.003931757993996143
v -0.010127757675945759 0.003905987599864602 0.00027762234094552696
v -0.010068736970424652 0.001444792258553207 0.0002685930812731385
v -0.009347123093903065 0.004352629650384188 0.03681255504488945
v -0.009347374550998211 0.004383469000458717 0.03691743314266205
v -0.00934566743671894 0.004381376784294844 0.03617440164089203
v -0.009070551954209805 -0.003400538582354784 -0.0029091399628669024
v -0.009703130461275578 -0.0010659950785338879 0.00021729202126152813
v -0.009296303614974022 0.003107113763689995 0.035540033131837845
v -0.009315974079072475 0.003386502852663398 0.03566180542111397
v -0.009360335767269135 0.0043678563088178635 0.03055010922253132
v -0.009325343184173107 0.003554232884198427 0.035761456936597824
v -0.009344333782792091 0.004379273857921362 0.03542899340391159
v -0.009331770241260529 0.003693325212225318 0.03586241602897644
v -0.009342806413769722 0.004043201450258493 0.03621998056769371
v -0.00934463832527399 0.004139894153922796 0.03635929152369499
v -0.009269218891859055 0.0025216923095285892 0.03107655607163906
v -0.00892703142017126 0.0006553354323841631 0.03171553462743759
v -0.009020772762596607 0.0012500000884756446 0.03542899340391159
v -0.009138576686382294 0.0018471685471013188 0.03542900085449219
v -0.009228743612766266 0.0024500004947185516 0.03542899340391159
v -0.00928235612809658 0.0029436300974339247 0.035490863025188446
v -0.008280452340841293 -0.000750000006519258 0.0397530272603035
v -0.008305286057293415 -0.0007499961648136377 0.03871137648820877
v -0.008218903094530106 -0.0008791052969172597 0.0397050566971302
v -0.008336450904607773 -0.0007499991334043443 0.03742898628115654
v -0.008280333131551743 -0.00116568838711828 0.03246224299073219
v -0.008358883671462536 -0.0007186415605247021 0.03707621991634369
v -0.008385583758354187 -0.0006687507266178727 0.03686472401022911
v -0.008475134149193764 -0.0004774958360940218 0.036421146243810654
v -0.008523980155587196 -0.0003630441497080028 0.036246590316295624
v -0.008655273355543613 -2.3667680579819717e-05 0.035886991769075394
v -0.008707387372851372 0.00012470934598241001 0.03577559441328049
v -0.008847649209201336 0.0005705021321773529 0.03554796054959297
v -0.008899449370801449 0.0007558832876384258 0.035490985959768295
v -0.006767554674297571 -0.003083310555666685 0.0388806089758873
v -0.00699887378141284 -0.0028045468498021364 0.03898719698190689
v -0.0072756861336529255 -0.0028758510015904903 0.033311888575553894
v -0.007216709665954113 -0.0025243957061320543 0.03909260407090187
v -0.007770479656755924 -0.001703664194792509 0.039398740977048874
v 8.286634711751617e-10 -0.006714679300785065 0.036843594163656235
v -0.0008209012448787689 -0.006655828095972538 0.03688919171690941
v -0.001063718693330884 -0.0067265816032886505 0.03604506701231003
v -0.0015832261415198445 -0.006500574294477701 0.037007637321949005
v -0.002112732734531164 -0.006497765891253948 0.03584543615579605
v -0.0029195493552833796 -0.0060118213295936584 0.03736482560634613
v -0.003132335841655731 -0.006135641131550074 0.03554212301969528
v -0.004076146520674229 -0.00537673057988286 0.037783943116664886
v -0.004107823595404625 -0.005655949469655752 0.03515923023223877
v -0.005127282813191414 -0.004636813420802355 0.03819996118545532
v -0.005024489481002092 -0.005074426997452974 0.03472081199288368
v -0.006100642494857311 -0.003786879125982523 0.03859743848443031
v -0.00586762884631753 -0.004406813532114029 0.03425094857811928
v -0.0066225361078977585 -0.003668848192319274 0.033773720264434814
v -0.0034154653549194336 -0.008456072770059109 -0.0040185763500630856
v -0.002414521761238575 -0.008570101112127304 -0.00558678200468421
v -0.0023031693417578936 -0.008696270175278187 -0.004116366151720285
v -0.0012280637165531516 -0.008724061772227287 -0.0055867815390229225
v -0.0048087663017213345 -0.007860099896788597 -0.005586780607700348
v -0.003847393672913313 -0.008220372721552849 -0.005586779676377773
v -0.0035550761967897415 -0.008308298885822296 -0.005586776416748762
v -0.004480613861232996 -0.008106807246804237 -0.003893045010045171
v -0.005482899956405163 -0.0076409801840782166 -0.0037463109474629164
v -0.005702197551727295 -0.007406758610159159 -0.005586780142039061
v -0.006406607571989298 -0.007051096763461828 -0.0035849425476044416
v -0.0063383737578988075 -0.006993195973336697 -0.0055867768824100494
v -0.007236021105200052 -0.006329663097858429 -0.003415493294596672
v -0.007083019707351923 -0.006378278136253357 -0.005586783401668072
v -0.0077299075201153755 -0.005679670721292496 -0.005586777348071337
v -0.007956599816679955 -0.005470874719321728 -0.0032442526426166296
v -0.008251769468188286 -0.004953444469720125 -0.005586779210716486
v -0.00881221890449524 -0.0039444235153496265 -0.005586782470345497
v -0.009286579675972462 -0.0028095643501728773 -0.005586781073361635
v -0.009980319999158382 0.0039619458839297295 0.0050942786037921906
v -0.009918726049363613 0.0015765862772241235 0.005241457372903824
v -0.009628480300307274 -0.0009995151776820421 0.002885897411033511
v -0.00898755993694067 -0.0034467861987650394 0.00011685409117490053
v -0.008566286414861679 -0.00448685372248292 -0.003074824111536145
v -0.007663741707801819 -0.003966248128563166 0.011945386417210102
v -0.007704098708927631 -0.004392555449157953 0.009904369711875916
v -0.006973776035010815 -0.004791079554706812 0.012051558122038841
v -0.007010643370449543 -0.005220008082687855 0.009956284426152706
v -0.006177385803312063 -0.005528459791094065 0.012133054435253143
v -0.006210143677890301 -0.005945368204265833 0.009985791519284248
v -0.0052887508645653725 -0.006171158514916897 0.012192721478641033
v -0.005316865164786577 -0.006565527059137821 0.009997268207371235
v -0.004323245026171207 -0.006712337024509907 0.012233945541083813
v -0.0043462710455060005 -0.007078155875205994 0.009995637461543083
v -0.0032962430268526077 -0.007145156618207693 0.012260107323527336
v -0.007619266398251057 -0.003603534074500203 0.014117608778178692
v -0.006932741962373257 -0.004431471694260836 0.014285091310739517
v -0.0061406344175338745 -0.005186104215681553 0.014427377842366695
v -0.005257011391222477 -0.00585599523037672 0.014544999226927757
v -0.004297124687582254 -0.006429716479033232 0.01463896781206131
v -0.003276227507740259 -0.006895837374031544 0.014710282906889915
v -0.0022095725871622562 -0.007242931053042412 0.014759973622858524
v -0.0022528041154146194 -0.008443612605333328 0.005158884916454554
v -0.003340629395097494 -0.008184087462723255 0.005213657394051552
v -0.0043821618892252445 -0.007814232259988785 0.00527718011289835
v -0.007741385605186224 -0.004810807760804892 0.0077997837215662
v -0.007043663877993822 -0.005646234843879938 0.007808370050042868
v -0.0062387362122535706 -0.006366785150021315 0.007796168327331543
v -0.005361970979720354 -0.007330286782234907 0.00534185441210866
v -0.006295559462159872 -0.006988632958382368 0.00273068412207067
v -0.006264624651521444 -0.006728488020598888 0.005400083493441343
v -0.007111490238457918 -0.006260063033550978 0.0028055503498762846
v -0.007074693217873573 -0.006005073897540569 0.005444261245429516
v -0.007820885628461838 -0.0054013426415622234 0.002860426902770996
v -0.007777918595820665 -0.005157614592462778 0.005467383656650782
v -0.008372513577342033 -0.004197805188596249 0.005468510556966066
v -0.008330270648002625 -0.0038719642907381058 0.007770386524498463
v -0.008816322311758995 -0.002848236355930567 0.007723591290414333
v -0.008771400898694992 -0.002481804694980383 0.00974214542657137
v -0.006340800318866968 -0.0071107554249465466 -0.00025549391284585
v -0.007163232192397118 -0.006381516344845295 -0.00014093797653913498
v -0.00787864625453949 -0.005517990794032812 -3.9600563468411565e-05
v -0.008421792648732662 -0.0044244383461773396 0.00289369048550725
v -0.008864210918545723 -0.003145861439406872 0.00545039726421237
v -0.008484981954097748 -0.004532311111688614 4.605838330462575e-05
v -0.00891966000199318 -0.003350786864757538 0.0029075269121676683
v -0.0022626188583672047 -0.008691026829183102 0.0023969104513525963
v -0.003355467924848199 -0.008436772041022778 0.0024683561641722918
v -0.004402163904160261 -0.00807176809757948 0.0025535172317177057
v -0.005387322511523962 -0.007590794935822487 0.0026438164059072733
v -0.002278429688885808 -0.008795492351055145 -0.0006835205131210387
v -0.003379012690857053 -0.008546487428247929 -0.0005978007102385163
v -0.004433237481862307 -0.008186914026737213 -0.0004923009546473622
v -0.005425651092082262 -0.007710446137934923 -0.00037540431367233396
v -0.0011594417737796903 -0.008834892883896828 -0.004179839510470629
v 1.0366660863070365e-09 -0.008774894289672375 -0.005586775951087475
v -0.0011469408636912704 -0.0089402562007308 -0.0007410995312966406
v 1.1592233839508026e-09 -0.008962024934589863 -0.002448451239615679
v -0.0011124123120680451 -0.007459568325430155 0.014789039269089699
v -0.001119246007874608 -0.007658368907868862 0.01228081900626421
v -0.001125224749557674 -0.007947553880512714 0.009961239993572235
v -0.0011341169010847807 -0.008596568368375301 0.005120445042848587
v 1.3668103315822577e-09 -0.008921649307012558 0.001736051868647337
v 1.0094030056251313e-09 -0.008987103588879108 -0.0007621546974405646
v -0.00591150252148509 -0.004612038377672434 0.030442291870713234
v -0.005062182899564505 -0.0053175450302660465 0.030895192176103592
v -0.004138719290494919 -0.005935824941843748 0.03131621330976486
v -0.0031559402123093605 -0.006448572967201471 0.031682856380939484
v -0.0021286748815327883 -0.006837485358119011 0.03197262063622475
v -0.0010717512341216207 -0.007084256038069725 0.03216298297047615
v 1.0855966126044336e-09 -0.007224189583212137 0.031422920525074005
v -0.005959896370768547 -0.004724176600575447 0.026722658425569534
v -0.006056121550500393 -0.004855278413742781 0.01995726488530636
v -0.0051030684262514114 -0.005451455246657133 0.027124516665935516
v -0.005184468347579241 -0.005575763061642647 0.020215418189764023
v -0.004171792417764664 -0.006091003306210041 0.027494212612509727
v -0.0042377058416605 -0.006206498481333256 0.020443208515644073
v -0.003180957864969969 -0.006622976623475552 0.027813512831926346
v -0.003230855567380786 -0.006729090586304665 0.020633256062865257
v -0.0021454542875289917 -0.007027528248727322 0.028064170852303505
v -0.0021789399906992912 -0.007125144824385643 0.020778164267539978
v -0.0010801715543493629 -0.00728481262922287 0.028227943927049637
v -0.0010969806462526321 -0.007376266643404961 0.020870527252554893
v 7.796814860405732e-10 -0.007464061491191387 0.020902959629893303
v 1.013035211272495e-09 -0.007457264233380556 0.024495700374245644
v 9.140693757458962e-10 -0.007374984677881002 0.028286591172218323
v -0.0032542997505515814 -0.0067717223428189754 0.0174973476678133
v -0.0042684609070420265 -0.006273963022977114 0.01737035997211933
v -0.005222102627158165 -0.005668514873832464 0.017213037237524986
v -0.006100094877183437 -0.004970805253833532 0.017028041183948517
v -0.006887308321893215 -0.004196261055767536 0.016818024218082428
v -0.007569790817797184 -0.0033599913585931063 0.01658596284687519
v -0.008198740892112255 -0.002713835099712014 0.013929709792137146
v -0.00824578944593668 -0.0030653683934360743 0.011817557737231255
v -0.008288972079753876 -0.0034743729047477245 0.009831395000219345
v -0.009864266961812973 0.004116695374250412 0.009135369211435318
v -0.009801538661122322 0.0019041106570512056 0.00931897945702076
v -0.009706996381282806 0.002254967112094164 0.01296302117407322
v -0.009299641475081444 0.00038799658068455756 0.015586595982313156
v -0.009356578812003136 0.0002098007535096258 0.013323161751031876
v -0.00945389922708273 -0.0003391520876903087 0.009534121491014957
v -0.009504364803433418 -0.0006206368561834097 0.007591521833091974
v -0.009562251158058643 -0.0008469050517305732 0.005367619916796684
v -0.006837643217295408 -0.004063440021127462 0.019676169380545616
v -0.006727386731654406 -0.003929014317691326 0.026306893676519394
v -0.007515185512602329 -0.0032180845737457275 0.019379545003175735
v -0.007391831371933222 -0.0030851310584694147 0.025894708931446075
v -0.008560349233448505 -0.0014109376352280378 0.018771331757307053
v -0.00841454602777958 -0.0012944451300427318 0.02511441521346569
v -0.009233664721250534 0.0004959712969139218 0.01819704659283161
v -0.009072236716747284 0.0005835155607201159 0.024424178525805473
v -0.009417092427611351 0.002489004284143448 0.02386132813990116
v -0.009490822441875935 0.004362603183835745 0.023857884109020233
v 1.1008456368699626e-09 -0.008646717295050621 0.005105943884700537
v 1.2991187015032324e-09 -0.008547107689082623 0.005965033080428839
v 1.0238644376769912e-09 -0.007776643615216017 0.011799483560025692
v 9.956093727225834e-10 -0.0076718199998140335 0.01283232495188713
v 8.824857511413597e-10 -0.007534320466220379 0.014798508957028389
v 8.343494228846282e-10 -0.007466360926628113 0.017455078661441803
v -0.006883906200528145 -0.0007500002393499017 0.039199650287628174
v -0.006992066744714975 -0.0007499944767914712 0.039037782698869705
v 0.00724272383376956 0.0001250834611710161 0.03542899340391159
v 0.007242724299430847 0.00016127970593515784 0.03575129061937332
v 0.007242724299430847 0.0004846352676395327 0.035581234842538834
v 0.0072427233681082726 9.254452015738934e-05 0.035139113664627075
v 0.00724272383376956 0.002450002124533057 0.03542899712920189
v 0.00724272383376956 0.003215369302779436 0.035581231117248535
v 0.0072427233681082726 0.0035524521954357624 0.03576027601957321
v 0.0072427233681082726 0.0012500017182901502 0.03542900085449219
v 0.006557917222380638 -0.002142468001693487 0.037861548364162445
v 0.0067780460231006145 -0.001999812200665474 0.03537376597523689
v 0.007121717557311058 -0.0007499977946281433 0.037428997457027435
v 0.00618004472926259 -0.0027451184578239918 0.037456780672073364
v 0.005599698051810265 -0.003415376180782914 0.037068869918584824
v 0.00611895089969039 -0.0030429502949118614 0.03549076244235039
v 0.005221622530370951 -0.0038949749432504177 0.03558630868792534
v 0.005910974461585283 -0.0030852050986140966 0.0372503437101841
v 0.006050421856343746 -0.0029162666760385036 0.03735067695379257
v 0.007156152278184891 -0.0008251069230027497 0.03524201735854149
v 0.007145846728235483 -0.000688280793838203 0.03693597763776779
v 0.007158951368182898 -0.000638365454506129 0.03677015379071236
v 0.007201589643955231 -0.00041564085404388607 0.036321915686130524
v 0.0072149052284657955 -0.00031701417174190283 0.036186233162879944
v 0.007240831386297941 3.401797221158631e-05 0.03584110736846924
v -0.009347986429929733 0.004438197705894709 0.037212032824754715
v -0.00934767909348011 0.004416337236762047 0.03706357628107071
v -0.007424458861351013 0.004438198171555996 0.03721204400062561
v -0.007407721132040024 0.004327107686549425 0.03673872724175453
v -0.007369104772806168 0.004104900173842907 0.03630590811371803
v -0.007351719308644533 0.004016006365418434 0.03618495911359787
v 0.007216660771518946 -0.002524443669244647 0.03909258544445038
v 0.00774144334718585 -0.0017513047205284238 0.039381034672260284
v 0.007554201874881983 -0.0018829143373295665 0.03986768797039986
v 0.008194147609174252 -0.0007555948686785996 0.04027852416038513
v 0.008218899369239807 -0.0008791096624918282 0.03970504179596901
v 0.008236242458224297 -0.0007499981438741088 0.040129002183675766
v 0.008280452340841293 -0.0007499984349124134 0.039753030985593796
v 0.006776283495128155 -0.0029307431541383266 0.039440423250198364
v 0.006968560162931681 -0.0028419080190360546 0.03897307440638542
v 0.006767555605620146 -0.003083307994529605 0.0388806089758873
v 0.005877729970961809 -0.0038676983676850796 0.03903179243206978
v 0.0060727596282958984 -0.003813955234363675 0.03858580440282822
v 0.0049009970389306545 -0.004685795400291681 0.03861646354198456
v 0.005103192757815123 -0.004655604250729084 0.038190312683582306
v 0.003853635396808386 -0.005394794978201389 0.038185395300388336
v 0.0040565719828009605 -0.005389022640883923 0.03777637332677841
v 0.002720549935474992 -0.005991834681481123 0.037755515426397324
v 0.002904906403273344 -0.006018651183694601 0.037360019981861115
v 0.001449101371690631 -0.006437538657337427 0.03739185258746147
v 0.0015745284035801888 -0.006502863485366106 0.03700590878725052
v 0.0007442255155183375 -0.006574472412467003 0.03727155551314354
v 0.0008161849109455943 -0.00665649538859725 0.03688867762684822
v 1.0467190447727148e-09 -0.006625441834330559 0.037225279957056046
v 0.006766977719962597 -0.0026051830500364304 0.04001568257808685
v 0.006497630383819342 -0.0029298136942088604 0.03986888751387596
v 0.005614677909761667 -0.0038309553638100624 0.03944113478064537
v 0.004645404405891895 -0.004625425674021244 0.03900739550590515
v 0.0036104372702538967 -0.005311304237693548 0.03856068477034569
v 0.002509164856746793 -0.005879693198949099 0.03811950981616974
v 0.0013102480443194509 -0.0062943208031356335 0.037749502807855606
v 0.0006656016921624541 -0.006418648641556501 0.03762776777148247
v 9.338793072188878e-10 -0.006463921163231134 0.03758193552494049
v 0.007259000092744827 -0.0019287061877548695 0.04031405597925186
v 0.007836265489459038 -0.0009399783448316157 0.04073585942387581
v 0.008086052723228931 -0.0008033397607505322 0.04048341140151024
v 0.006506282836198807 -0.0007499971543438733 0.0396777018904686
v 0.00613989494740963 -0.0007499977364204824 0.04012899845838547
v 0.008336450904607773 -0.0007499977364204824 0.037428997457027435
v 0.008305292576551437 -0.0007499975035898387 0.03871138393878937
v 0.006992120295763016 -0.0007499978528358042 0.039037685841321945
v -0.006506282836198807 -0.0007499998318962753 0.03967771306633949
v -0.0061398944817483425 -0.0007499983767047524 0.04012898728251457
v -0.005801641847938299 -0.0007831340190023184 0.04049154743552208
v -0.005430630873888731 -0.0008685856591910124 0.040807437151670456
v -0.002744554542005062 -0.0017572786891832948 0.041865233331918716
v -0.004067583009600639 -0.0013291033683344722 0.04153649881482124
v -0.004573763348162174 -0.0011484039714559913 0.0413268618285656
v 0.005430630873888731 -0.0008685843204148114 0.040807437151670456
v 0.005802338011562824 -0.0007830096874386072 0.040490876883268356
v 0.002744554542005062 -0.0017572775250300765 0.04186522960662842
v 0.004067582543939352 -0.0013291024370118976 0.041536491364240646
v 0.0045737638138234615 -0.0011484025744721293 0.041326865553855896
v 8.23375330583076e-07 -0.0021583102643489838 0.04203946143388748
v 0.0009217872284352779 -0.0021114442497491837 0.04202431067824364
v 0.001380327739752829 -0.002053766278550029 0.04200389236211777
v -0.0009222265798598528 -0.002111399546265602 0.04202429577708244
v -0.0013803270412608981 -0.0020537672098726034 0.04200390353798866
v -0.006992066744714975 -0.000750000006519258 0.039037782698869705
v -0.008236242458224297 -0.0007500001229345798 0.040129002183675766
v 0.009228742681443691 0.002450002823024988 0.03542899340391159
v 0.009138574823737144 0.00184717180673033 0.03542898967862129
v 0.009020770899951458 0.0012500023003667593 0.03542900085449219
v 0.008892368525266647 0.0007297706906683743 0.03549783304333687
v 0.008373377844691277 -0.0006922392640262842 0.03695182129740715
v 0.008395979180932045 -0.0006480885786004364 0.036798715591430664
v 0.00849220622330904 -0.0004382199258543551 0.03635665401816368
v 0.008525311946868896 -0.0003598306211642921 0.03624222055077553
v 0.008657827973365784 -1.658255496295169e-05 0.0358811616897583
v 0.008700773119926453 0.00010541351366555318 0.035788897424936295
v 0.008822382427752018 0.0004845475486945361 0.035581279546022415
v 0.008840943686664104 0.0005474229110404849 0.03555645793676376
v 0.009346644394099712 0.004297761712223291 0.03666362911462784
v 0.00740301376208663 0.0042977603152394295 0.036663636565208435
v 0.009344637393951416 0.004139896482229233 0.036359287798404694
v 0.007351717445999384 0.004016005899757147 0.03618495911359787
v 0.009342804551124573 0.004043204709887505 0.03621998801827431
v 0.009347121231257915 0.004352632910013199 0.03681255131959915
v 0.009347373619675636 0.004383471794426441 0.03691742941737175
v 0.007426135707646608 0.004450003616511822 0.03742898628115654
v 0.00934789702296257 0.004433277994394302 0.0371708981692791
v 0.00934850424528122 0.0044500031508505344 0.037428997457027435
v 0.009331769309937954 0.0036933263763785362 0.03586242347955704
v 0.007319249678403139 0.0038633658550679684 0.03601393103599548
v 0.009325343184173107 0.0035542340483516455 0.03576146438717842
v 0.009296302683651447 0.003107117721810937 0.03554002195596695
v 0.009282355196774006 0.0029436321929097176 0.035490863025188446
v 0.009350236505270004 0.0044500031508505344 0.03809491544961929
v 0.007552430499345064 0.010793430730700493 0.018786607310175896
v 0.008948800154030323 0.008342650718986988 0.017874520272016525
v 0.009029092267155647 0.008440964855253696 0.012674878351390362
v 0.008636613376438618 0.009344200603663921 0.012840645387768745
v 0.00765302823856473 0.011485055088996887 0.003623937489464879
v 0.008243155665695667 0.010660475119948387 0.003676756052300334
v 0.008307020179927349 0.010698895901441574 -0.001018915674649179
v 0.009980318136513233 0.003961949143558741 0.005094277206808329
v 0.010016102343797684 0.0039348602294921875 0.00393176032230258
v 0.009758570231497288 0.006494435481727123 0.003967695403844118
v 0.00921680498868227 0.006364109460264444 0.03921721875667572
v 0.007872494868934155 0.010093444027006626 0.036322563886642456
v 0.00857951957732439 0.00873387511819601 0.03719688206911087
v 0.008399374783039093 0.009138902649283409 0.03149773180484772
v 0.00901271216571331 0.00740589527413249 0.03823757916688919
v 0.008745207451283932 0.008271562866866589 0.03153645247220993
v 0.008856158703565598 0.009951913729310036 -0.003107567550614476
v 0.009302707388997078 0.008959602564573288 -0.003193537937477231
v 0.009892843663692474 0.00652244221419096 -0.0010381645988672972
v 0.010127756744623184 0.0039059908594936132 0.0002776212932076305
v 0.00926999282091856 0.008785090409219265 -0.0010111886076629162
v 0.007615072652697563 0.01129026710987091 0.008670092560350895
v 0.008326210081577301 0.010854910127818584 -0.003040820825845003
v 0.008830559439957142 0.009786698035895824 -0.0010118867503479123
v 0.009169789031147957 0.008744113147258759 0.0038102346006780863
v 0.009641219861805439 0.0064974138513207436 0.008588441647589207
v 0.007713929750025272 0.011666917242109776 -0.0029908264987170696
v 0.007700304500758648 0.011519485153257847 -0.0010299322893843055
v 0.007452833466231823 0.01068553701043129 0.03599177300930023
v 0.007484900299459696 0.010747313499450684 0.02498423308134079
v 0.008019263856112957 0.009994189254939556 0.024665430188179016
v 0.008464721962809563 0.009179538115859032 0.024436214938759804
v 0.00882459245622158 0.00830849353224039 0.024292340502142906
v 0.008569643832743168 0.009220350533723831 0.018099935725331306
v 0.008104952052235603 0.010039014741778374 0.018403833732008934
v 0.008189594373106956 0.01048740278929472 0.008599394001066685
v 0.008678339421749115 0.009602271020412445 0.008557378314435482
v 0.009082436561584473 0.008639286272227764 0.008542546071112156
v 0.00933806411921978 0.007476694416254759 0.012569507583975792
v 0.009565220214426517 0.006456172559410334 0.012523793615400791
v 0.009244716726243496 0.007411125581711531 0.017727214843034744
v 0.00945968832820654 0.006430984940379858 0.01765764318406582
v 0.009102193638682365 0.007386187091469765 0.024229569360613823
v 0.009300843812525272 0.0064177545718848705 0.02424365095794201
v 0.009008974768221378 0.007355756592005491 0.03165272995829582
v 0.009194638580083847 0.006396860349923372 0.03183510899543762
v 0.009345666505396366 0.0043813795782625675 0.03617439791560173
v 0.009344331920146942 0.004379275254905224 0.03542900085449219
v 0.00936033483594656 0.004367858171463013 0.030550112947821617
v 0.009490820579230785 0.004362605977803469 0.023857878521084785
v 0.009664702229201794 0.004343370441347361 0.017409007996320724
v 0.0097782788798213 0.0042688725516200066 0.012719016522169113
v 0.009864265099167824 0.004116697236895561 0.009135371074080467
v 0.008158930577337742 0.010181613266468048 0.01306754257529974
v 0.007594355847686529 0.010948418639600277 0.013356316834688187
v 0.008955423720180988 0.007509439252316952 0.03836736083030701
v 0.008845994248986244 0.00758568337187171 0.03848141059279442
v 0.008696858771145344 0.0076246908865869045 0.038565319031476974
v 0.007590540684759617 0.01013790350407362 0.036685746163129807
v 0.008273083716630936 0.008869974873960018 0.03754444792866707
v 0.00841232668608427 0.008857927285134792 0.03745272755622864
v 0.008518162183463573 0.008810620754957199 0.03733227774500847
v 0.007714578881859779 0.010156597942113876 0.03658748418092728
v 0.007811691612005234 0.010141070932149887 0.03646209463477135
v -0.009339319542050362 0.007478647865355015 0.01249108836054802
v -0.009030143730342388 0.008443962782621384 0.012594734318554401
v -0.009083260782063007 0.008641761727631092 0.008486688137054443
v -0.008920734748244286 0.00774907972663641 0.037947170436382294
v -0.008745502680540085 0.008273065090179443 0.03129963576793671
v -0.009009449742734432 0.007357047870755196 0.03140968829393387
v -0.007967544719576836 0.009953903034329414 0.031323958188295364
v -0.0077945394441485405 0.010213615372776985 0.036253899335861206
v -0.007486768998205662 0.010748387314379215 0.02480912394821644
v -0.00885623600333929 0.009953198954463005 -0.0031166207045316696
v -0.00930281076580286 0.008960937149822712 -0.0032029764261096716
v -0.009893334470689297 0.006523089483380318 -0.0010584332048892975
v -0.00931277871131897 0.005477561615407467 0.03875315561890602
v -0.00927060842514038 0.0059383031912148 0.03893326595425606
v -0.009306270629167557 0.005534481722861528 0.038111913949251175
v -0.009251333773136139 0.006103000603616238 0.03896701708436012
v -0.009180371649563313 0.006591771729290485 0.038988225162029266
v -0.0093484902754426 0.004530030768364668 0.037628334015607834
v -0.0093482481315732 0.004590261727571487 0.037785474210977554
v -0.009346425533294678 0.004736812319606543 0.0380631722509861
v -0.009344053454697132 0.004844648763537407 0.0382172055542469
v -0.009340761229395866 0.0049543785862624645 0.03834712877869606
v -0.009322484023869038 0.005334421992301941 0.03866790607571602
v -0.007713964208960533 0.011668109335005283 -0.0029992705676704645
v -0.007700469344854355 0.011519868858158588 -0.001046926947310567
v -0.007594835013151169 0.010953428223729134 0.0132678784430027
v -0.007615386974066496 0.011294662021100521 0.0086071090772748
v -0.007653472945094109 0.011485671624541283 0.0035778521560132504
v -0.00975982565432787 0.0064942785538733006 0.0039221360348165035
v -0.00964237842708826 0.006497781258076429 0.008535169064998627
v -0.009566671214997768 0.006456887349486351 0.012446544133126736
v -0.009270344860851765 0.008785644546151161 -0.0010298388078808784
v -0.009170741774141788 0.008744434453547001 0.0037647318094968796
v -0.009195326827466488 0.006397755816578865 0.031586237251758575
v -0.009305332787334919 0.006418144796043634 0.024049801751971245
v -0.008476552553474903 0.008974405005574226 0.037029363214969635
v -0.008399521932005882 0.00914046447724104 0.03126731887459755
v -0.00802165362983942 0.00999523140490055 0.02448686771094799
v -0.007553699426352978 0.010794985108077526 0.018654851242899895
v -0.008326264098286629 0.0108561459928751 -0.003049540100619197
v -0.008307240903377533 0.010699332691729069 -0.0010363563196733594
v -0.008243762888014317 0.01066103670746088 0.0036309498827904463
v -0.008190067484974861 0.01049131155014038 0.008539204485714436
v -0.008159585297107697 0.010186130180954933 0.012982376851141453
v -0.008106554858386517 0.01004051137715578 0.01827235519886017
v -0.008571600541472435 0.009221702814102173 0.017968500033020973
v -0.008467664010822773 0.00918048620223999 0.024253882467746735
v -0.008828088641166687 0.00830929633229971 0.024106092751026154
v -0.009106215089559555 0.007386801764369011 0.024039417505264282
v -0.008830842562019825 0.009787194430828094 -0.0010298840934410691
v -0.008749507367610931 0.009746145457029343 0.0036939033307135105
v -0.008678984828293324 0.009605544619262218 0.008499566465616226
v -0.008637459948658943 0.009348049759864807 0.012758245691657066
v -0.008951115421950817 0.008343764580786228 0.01774292066693306
v -0.009247376583516598 0.007411905098706484 0.017595263198018074
v -0.007498500403016806 0.0056500183418393135 0.0021229879930615425
v -0.007438162341713905 0.004538882058113813 0.0376540832221508
v -0.007498500403016806 0.005650017876178026 0.03361768275499344
v -0.007498500403016806 0.005650016479194164 0.038838233798742294
v -0.007495121564716101 0.005229515954852104 0.03859469294548035
v -0.007461069151759148 0.004736808594316244 0.0380631648004055
v -0.007498500403016806 0.005650017410516739 0.026617683470249176
v 0.007498499006032944 0.005649981554597616 0.002123037585988641
v 0.007498499006032944 0.005649982485920191 0.026617689058184624
v 0.007498499006032944 0.005649983882904053 0.03361768275499344
v -0.005670573096722364 0.010708625428378582 0.03637729585170746
v -0.00849026907235384 0.007755008991807699 0.03849000483751297
v -0.00724071403965354 0.0077550108544528484 0.038489993661642075
v -0.008439308032393456 0.007939922623336315 0.038327328860759735
v -0.006913360208272934 0.008707825094461441 0.037702567875385284
v -0.008019289001822472 0.009066524915397167 0.0374348983168602
v -0.006824571639299393 0.00891050137579441 0.03754926100373268
v -0.007703253533691168 0.009681052528321743 0.037009213119745255
v -0.006424244027584791 0.009670283645391464 0.037014394998550415
v -0.007379523012787104 0.010196365416049957 0.0366806760430336
v -0.005852458067238331 0.010490280576050282 0.03650275245308876
v -0.00886204931885004 0.00784590095281601 0.03807864710688591
v -0.009080324321985245 0.006919429171830416 0.03892777860164642
v -0.00893174484372139 0.007202587090432644 0.0388338528573513
v -0.0075156474485993385 0.010249488055706024 0.03661833330988884
v -0.008173156529664993 0.00909479334950447 0.03737993910908699
v -0.008816065266728401 0.007373737636953592 0.03875347226858139
v -0.008606251329183578 0.007947263307869434 0.03828065097332001
v -0.008753194473683834 0.007914899848401546 0.038194555789232254
v -0.008310146629810333 0.009087962098419666 0.037286970764398575
v -0.007638030219823122 0.010271103121340275 0.036519549787044525
v -0.007734055630862713 0.010258542373776436 0.03639375418424606
v -0.008414859883487225 0.00904612336307764 0.037165567278862
v -0.007495290599763393 0.006065737921744585 0.03896070271730423
v -0.0074651846662163734 0.006521817296743393 0.03898841515183449
v -0.007408061530441046 0.006970737129449844 0.03891407325863838
v -0.007329853717237711 0.007388472557067871 0.03874560818076134
v -0.007423457223922014 0.006868776399642229 0.038939960300922394
v 0.003764064284041524 -0.002749998588114977 0.04212900251150131
v -0.0037640631198883057 -0.0027499988209456205 0.04212899133563042
v 0.0027999270241707563 -0.003125024028122425 0.04212899133563042
v -0.0027999260928481817 -0.003125024726614356 0.04212898761034012
v 0.0014173849485814571 -0.0034566556569188833 0.042128998786211014
v -0.0014173840172588825 -0.0034566549584269524 0.04212898761034012
v 5.558434823527136e-10 -0.0035681112203747034 0.04212898761034012
v 0.007070700637996197 -0.0008680776809342206 0.04081881418824196
v 0.004838177468627691 -0.002037415048107505 0.04199757054448128
v -0.004325530491769314 -0.002391607267782092 0.0420975387096405
v -0.008194147609174252 -0.0007555976044386625 0.04027852788567543
v -0.007464126218110323 -0.0008050922187976539 0.0405920036137104
v -0.007030552253127098 -0.0008818118367344141 0.04084259271621704
v -0.006268790923058987 -0.001153268152847886 0.04133531078696251
v -0.005948564037680626 -0.0013217609375715256 0.041529085487127304
v -0.005934553686529398 -0.001329754595644772 0.04153710976243019
v -0.005068919621407986 -0.0018870786298066378 0.04193487763404846
v -0.004876222461462021 -0.002018998609855771 0.04199272021651268
v 0.005415065214037895 -0.0016474389703944325 0.041801273822784424
v 0.005948466714471579 -0.0013204185524955392 0.041529227048158646
v 0.005983659066259861 -0.0013007286470383406 0.0415085144340992
v 0.004874438978731632 -0.002012442098930478 0.041988059878349304
v 0.0064825755544006824 -0.0010560613591223955 0.04119462892413139
v -0.008078309707343578 -0.000807669130153954 0.040493935346603394
v -0.007585258223116398 -0.0018364049028605223 0.03988298401236534
v -0.007836692966520786 -0.0009399661212228239 0.04073531553149223
v -0.007288878317922354 -0.0018848178442567587 0.04033203795552254
v -0.006767554674297571 -0.0026053430046886206 0.04001500830054283
v -0.00680821156129241 -0.0028945859521627426 0.03945227339863777
v -0.00590733764693141 -0.0038413864094763994 0.0390411838889122
v -0.004926755558699369 -0.004667630419135094 0.03862382099032402
v -0.003874583402648568 -0.005383268930017948 0.038190633058547974
v -0.002736113965511322 -0.005985908675938845 0.03775792568922043
v -0.0014581502182409167 -0.00643617520108819 0.03739114850759506
v -0.0007490714197047055 -0.0065746791660785675 0.03726961836218834
v -0.0006693174946121871 -0.006417624186724424 0.03762916475534439
v -0.001317419926635921 -0.006291971541941166 0.0377521775662899
v -0.0025222590193152428 -0.005873281508684158 0.03812543675303459
v -0.0036288644187152386 -0.005299658980220556 0.03856969624757767
v -0.004668721463531256 -0.004607409704476595 0.039018865674734116
v -0.005641696974635124 -0.0038053374737501144 0.03945496678352356
v -0.006526455748826265 -0.0028954199515283108 0.03988546133041382
v 0.0077283950522542 -0.0009967960650101304 0.04081790894269943
v 0.00763822253793478 -0.0010478298645466566 0.040880780667066574
v 0.007357964292168617 -0.0012160154292359948 0.04105263948440552
v 0.007297608535736799 -0.0012533821864053607 0.04108551889657974
v 0.006576051004230976 -0.0017123492434620857 0.04139756038784981
v 0.0069488584995269775 -0.00147353857755661 0.04125269129872322
v -0.006594137754291296 -0.0017005978152155876 0.041393715888261795
v -0.006728805135935545 -0.0016143493121489882 0.04134420305490494
v -0.006940005347132683 -0.0014791357098147273 0.04125749319791794
v -0.007233001757413149 -0.0012938020518049598 0.04111787676811218
v -0.007293587550520897 -0.001256101648323238 0.04108588397502899
v -0.007347811479121447 -0.0012225932441651821 0.04105623438954353
v -0.007632625754922628 -0.0010519294301047921 0.04088239744305611
v -0.00772795220836997 -0.000997978262603283 0.04081643372774124
v -0.005106575321406126 -0.002532379934564233 0.04182283207774162
v -0.0059982831589877605 -0.0013856326695531607 0.0415809191763401
v -0.007636029738932848 -0.0008184718317352235 0.04061248525977135
v -0.007671999279409647 -0.0008693777490407228 0.040699392557144165
v -0.007704740855842829 -0.0009387357858940959 0.04077385738492012
v -0.005462229251861572 -0.0017232326790690422 0.04183685779571533
v -0.005509625654667616 -0.001804614788852632 0.04185812547802925
v -0.004959831014275551 -0.0021707534324377775 0.042019184678792953
v -0.004396589007228613 -0.002534622559323907 0.04209761694073677
v -0.003838553559035063 -0.0029132654890418053 0.04209567606449127
v -0.005089371930807829 -0.0024731014855206013 0.041888825595378876
v -0.006191494408994913 -0.0018310354789718986 0.04158853739500046
v -0.006205183453857899 -0.001916577573865652 0.041536103934049606
v -0.006698544602841139 -0.0014633721439167857 0.041380733251571655
v -0.007224244996905327 -0.0012569887330755591 0.04111572727560997
v -0.007161447312682867 -0.0010648269671946764 0.04105417802929878
v -0.007196596823632717 -0.0011564656160771847 0.04109472781419754
v -0.0067204139195382595 -0.0015637637116014957 0.04136200249195099
v -0.005065200384706259 -0.002404947532340884 0.04194299876689911
v -0.006167828105390072 -0.0017392123118042946 0.04162415489554405
v -0.005592315457761288 -0.0019777403213083744 0.041847728192806244
v -0.005553554277867079 -0.0018904819153249264 0.04186190292239189
v -0.005034875124692917 -0.002330177463591099 0.04198364540934563
v -0.0044618952088057995 -0.0026756511069834232 0.04204563796520233
v -0.0071203564293682575 -0.0009861004073172808 0.04099591076374054
v -0.0070752655155956745 -0.0009234810713678598 0.040922861546278
v -0.006667316425591707 -0.001363704795949161 0.04137986898422241
v -0.0066280607134103775 -0.0012692888267338276 0.041359275579452515
v -0.00658246036618948 -0.001184134162031114 0.04131985083222389
v -0.00653258990496397 -0.001111675170250237 0.041263651102781296
v -0.006048630923032761 -0.0014645656337961555 0.041619349271059036
v -0.006094929296523333 -0.001552119734697044 0.04163995757699013
v -0.006135203409940004 -0.0016449072863906622 0.041641589254140854
v -0.003911809995770454 -0.0030738285277038813 0.04198015108704567
v -0.0038770956452935934 -0.002997740637511015 0.04204833135008812
v 0.006666847504675388 -0.0013617015210911632 0.04137802869081497
v 0.006135271396487951 -0.0016434963326901197 0.041641756892204285
v 0.006167910993099213 -0.0017378833144903183 0.04162432998418808
v 0.0059982347302138805 -0.0013842228800058365 0.04158107191324234
v 0.0037926984950900078 -0.002812759019434452 0.04212421551346779
v 0.007704853545874357 -0.000936406955588609 0.040774695575237274
v 0.007196745835244656 -0.00115180981811136 0.04109564051032066
v 0.007224447093904018 -0.0012525893980637193 0.04111657664179802
v 0.007672055624425411 -0.0008670241222716868 0.04070024564862251
v 0.0076360213570296764 -0.0008161503938026726 0.040613360702991486
v 0.0060949684120714664 -0.0015506683848798275 0.04164012148976326
v 0.006627561524510384 -0.0012672600569203496 0.041357316076755524
v 0.006048631388694048 -0.0014631160302087665 0.04161950945854187
v 0.006581920199096203 -0.0011821602238342166 0.04131782054901123
v 0.006532002240419388 -0.0011098243994638324 0.04126157611608505
v 0.007075084839016199 -0.0009187436662614346 0.04092385992407799
v 0.007120307069271803 -0.0009812709176912904 0.040996890515089035
v 0.007161510642617941 -0.0010600255336612463 0.04105514660477638
v 0.0054618786089122295 -0.0017174596432596445 0.04183727502822876
v 0.004916015546768904 -0.0020841339137405157 0.042008522897958755
v 0.005509451497346163 -0.001798707526177168 0.04185858741402626
v 0.004958458244800568 -0.0021633354481309652 0.04201466590166092
v 0.0055535295978188515 -0.0018845918821170926 0.04186238348484039
v 0.00499816844239831 -0.0022437567822635174 0.04200500249862671
v 0.00559240160509944 -0.0019720266573131084 0.04184821620583534
v 0.005033799912780523 -0.0023228179197758436 0.04197961091995239
v 0.005088391248136759 -0.002466721460223198 0.04188542813062668
v 0.0056490409187972546 -0.0021386360749602318 0.041768815368413925
v 0.0038222656585276127 -0.0028775627724826336 0.0421089269220829
v 0.0038385542575269938 -0.0029132652562111616 0.04209567978978157
v 0.0038770963437855244 -0.002997740637511015 0.042048338800668716
v 0.003911810927093029 -0.003073826665058732 0.04198014363646507
v 0.006191576365381479 -0.0018298148643225431 0.0415886752307415
v 0.006205250509083271 -0.0019154844339936972 0.041536200791597366
v -0.0014730190159752965 -0.0038082220125943422 0.04198014736175537
v 7.379620803327214e-10 -0.003924052696675062 0.04198014363646507
v 0.0014730197144672275 -0.0038082210812717676 0.04198015108704567
v 0.0029098293744027615 -0.003463574219495058 0.04198014363646507
v -0.0029098286759108305 -0.0034635744523257017 0.04198014736175537
v -0.0028553360607475042 -0.0032957149669528008 0.04209568351507187
v 0.002855337457731366 -0.003295713337138295 0.04209567606449127
v -0.0014454338233917952 -0.0036339068319648504 0.04209567978978157
v 4.803893394189629e-10 -0.003747569164261222 0.04209568351507187
v 0.0014454347547143698 -0.003633906366303563 0.04209567606449127
v 0.005822690203785896 -0.005820489022880793 -0.0018959833541885018
v 0.005764990113675594 -0.0058970157988369465 -0.00558678200468421
v 0.005699824541807175 -0.0058954572305083275 -0.0019186208955943584
v 0.0051950449123978615 -0.006204316392540932 -0.005586779210716486
v 0.004177445080131292 -0.006667615380138159 -0.002074281685054302
v -0.005699823144823313 -0.005895459093153477 -0.001918617868795991
v -0.00417744368314743 -0.006667616777122021 -0.0020742807537317276
v -0.004684780724346638 -0.006445998791605234 -0.005586782470345497
v -0.002122686244547367 -0.007243642583489418 -0.0055867768824100494
v -0.002403104677796364 -0.007187447976320982 -0.005586781073361635
v -0.0025494659785181284 -0.007193494588136673 -0.00218029273673892
v -0.002696104347705841 -0.007120943162590265 -0.005586781073361635
v -0.003563024802133441 -0.006876123603433371 -0.0055867815390229225
v -0.0009238917846232653 -0.007403868716210127 -0.005586777813732624
v -0.0008570427889935672 -0.0074597992934286594 -0.002233975101262331
v 0.00027511949883773923 -0.0074377162382006645 -0.005586776416748762
v 0.0008570450590923429 -0.007459799759089947 -0.0022339699789881706
v 0.0009056722046807408 -0.007405320648103952 -0.00558678200468421
v 0.002549468306824565 -0.007193494122475386 -0.00218028761446476
v 0.0017609164351597428 -0.007305537816137075 -0.0055867815390229225
v 0.001471274415962398 -0.007346601225435734 -0.005586776416748762
v 0.004424208775162697 -0.006557948421686888 -0.005586779210716486
v 0.004094467498362064 -0.006688980385661125 -0.005586779676377773
v 0.002949036657810211 -0.007057026494294405 -0.005586780607700348
v 0.006215217057615519 -0.005501186475157738 -0.0019134931499138474
v 0.006767556071281433 -0.00412351218983531 -0.001989229116588831
v 0.006767556071281433 -0.004163697827607393 -0.0055533517152071
v 0.006698740646243095 -0.004681818187236786 -0.005569329485297203
v 0.006703120190650225 -0.004624905530363321 -0.0019616512581706047
v 0.006498721893876791 -0.00516457948833704 -0.005584217607975006
v 0.006515402812510729 -0.005094253923743963 -0.0019358533900231123
v 0.0064479573629796505 -0.005247732158750296 -0.0055867829360067844
v 0.006163603626191616 -0.0055948663502931595 -0.005586780607700348
v 0.006767000071704388 -0.004196943715214729 -0.00558678200468421
v 0.0066810231655836105 -0.004744667559862137 -0.005586780607700348
v 0.006767416372895241 -0.004163508769124746 -0.005586781073361635
v 0.006767556071281433 -0.004130071960389614 -0.005586780142039061
v 0.006767555605620146 -0.00012797274393960834 -0.001818234333768487
v 0.0067675551399588585 -0.0017666072817519307 -0.0055867768824100494
v 0.006767555605620146 -0.0017995757516473532 -0.005012810230255127
v 0.006767554674297571 -0.0016773092793300748 -0.004087912850081921
v 0.0067675551399588585 -0.0013441218761727214 -0.0032164957374334335
v 0.006767555605620146 -0.0008181386510841548 -0.0024459685664623976
v 0.007094496861100197 0.0001450373965781182 -0.0021996963769197464
v 0.007267554756253958 -0.0012996289879083633 -0.005020082462579012
v 0.0070944963954389095 -0.001330530154518783 -0.005019630771130323
v 0.0070944963954389095 -0.0012226016260683537 -0.004203207325190306
v 0.007267555687576532 -0.0012617877218872309 -0.005586779210716486
v 0.007162516936659813 -0.0012730679009109735 -0.0055867768824100494
v 0.007267554756253958 -0.0011926452862098813 -0.004210801795125008
v 0.0070944963954389095 -0.0009284887928515673 -0.0034339844714850187
v 0.007267554756253958 -0.0009011065703816712 -0.0034483105409890413
v 0.0070944963954389095 -0.0004641894483938813 -0.002753815846517682
v 0.007267555221915245 -0.0004408711683936417 -0.0027740993537008762
v 0.007267555221915245 -0.00012047235213685781 -0.0024508179631084204
v 0.007267555221915245 0.0001630238548386842 -0.0022248290479183197
v 0.006914001889526844 7.779167935950682e-05 -0.0021057361736893654
v 0.006798459216952324 -2.7254649467067793e-05 -0.001958964392542839
v 0.006798459216952324 -0.0006875600665807724 -0.002559540094807744
v 0.006798459682613611 -0.0011907864827662706 -0.0032967315055429935
v 0.006798459682613611 -0.001509558642283082 -0.004130449611693621
v 0.006798459682613611 -0.0016265356680378318 -0.005015327595174313
v 0.0067961737513542175 -0.0015984093770384789 -0.005586778745055199
v 0.006914001889526844 -0.0014460600214079022 -0.005017952993512154
v 0.006913966033607721 -0.001409820863045752 -0.005586779676377773
v 0.006878898479044437 -0.0014491736656054854 -0.005586776416748762
v 0.007094449829310179 -0.001293047796934843 -0.005586778279393911
v 0.007006207946687937 -0.0013363244943320751 -0.0055867768824100494
v 0.006914001889526844 -0.0005513707874342799 -0.002677986165508628
v 0.006914001423865557 -0.0010308624478057027 -0.003380417823791504
v 0.006914001423865557 -0.00133460049983114 -0.0041748047806322575
v 0.009099737741053104 -0.001261786906979978 -0.0055867829360067844
v 0.00910411961376667 -0.001271650893613696 -0.0046422951854765415
v 0.00917066354304552 -0.0010344312759116292 -0.0037336782552301884
v 0.009203769266605377 -0.0009110330138355494 -0.00346923666074872
v 0.009287231601774693 -0.0005559301353059709 -0.0029163595754653215
v 0.009377337992191315 -0.00011886379070347175 -0.002452477114275098
v 0.009420745074748993 0.00011725549848051742 -0.0022606293205171824
v 0.009544103406369686 0.0009412296349182725 -0.0018061911687254906
v 0.009633313864469528 0.001859693438746035 -0.0015894586686044931
v 0.00968124344944954 0.0035208764020353556 -0.0018300550291314721
v 0.009677496738731861 0.0028049356769770384 -0.001625996781513095
v 0.009657345712184906 0.0022569820284843445 -0.001574039924889803
v 0.00959455594420433 -0.0016797527205199003 -0.004608935210853815
v 0.009659213945269585 -0.0014131382340565324 -0.0036166368518024683
v 0.009585555642843246 -0.001902775838971138 -0.004581307526677847
v 0.009657398797571659 -0.001616747584193945 -0.0035318080335855484
v 0.009716001339256763 -0.0013482588110491633 -0.003010659944266081
v 0.00976728368550539 -0.0008868610020726919 -0.0027309684082865715
v 0.009775680489838123 -0.0010561257367953658 -0.0025999057106673717
v 0.009894495829939842 -0.00013974870671518147 -0.0020118628162890673
v 0.009913517162203789 -0.0002642309118527919 -0.0018477055709809065
v 0.010012911632657051 0.0007764045731164515 -0.0015112395631149411
v 0.010040482506155968 0.0007025023805908859 -0.0013266890309751034
v 0.010099470615386963 0.0017988975159823895 -0.001271188142709434
v 0.010132026858627796 0.001778042409569025 -0.001078219385817647
v 0.010143406689167023 0.0028513569850474596 -0.001309758983552456
v 0.01017722487449646 0.00288407108746469 -0.0011197022395208478
v 0.009621696546673775 7.170369644882157e-05 -0.0022408210206776857
v 0.009739654138684273 0.0009079108713194728 -0.0017756200395524502
v 0.009825846180319786 0.0018437112448737025 -0.0015520831802859902
v 0.00986943393945694 0.0028079000767320395 -0.0015877116238698363
v 0.009323365986347198 -0.0013236647937446833 -0.0046433196403086185
v 0.009319815784692764 -0.0013136228080838919 -0.00558678200468421
v 0.009263367392122746 -0.0012898159911856055 -0.0055867815390229225
v 0.009495039470493793 -0.0006076526478864253 -0.0029076512437313795
v 0.0093875452876091 -0.001084091141819954 -0.0037270477041602135
v 0.00950161274522543 -0.0014700936153531075 -0.004631410352885723
v 0.009497870691120625 -0.0014627266209572554 -0.00558678200468421
v 0.009408543817698956 -0.0013702865689992905 -0.005586776416748762
v 0.009578085504472256 -0.0019049231195822358 -0.005586775951087475
v 0.00958389975130558 -0.0016497019678354263 -0.005586779210716486
v 0.00951928086578846 -0.0014938672538846731 -0.0055867829360067844
v 0.01003540214151144 0.002824209164828062 -0.0014763494255021214
v 0.009992017410695553 0.0018221769714727998 -0.0014399482170119882
v 0.009907183237373829 0.0008495342917740345 -0.0016715023666620255
v 0.009791688062250614 -1.9605327906901948e-05 -0.0021527549251914024
v 0.009668147191405296 -0.0007256819517351687 -0.002841794630512595
v 0.009563673287630081 -0.0012208863627165556 -0.0036872518248856068
v 0.008087373338639736 -0.0023311309050768614 0.01907523348927498
v 0.008560349233448505 -0.001410935539752245 0.018771328032016754
v 0.00841454602777958 -0.0012944432673975825 0.02511441893875599
v 0.00862237811088562 -0.0015471996739506721 0.016083482652902603
v 0.009628481231629848 -0.000999512616544962 0.002885897643864155
v 0.009703130461275578 -0.001065992983058095 0.0002172925160266459
v 0.010068736039102077 0.001444794936105609 0.000268593430519104
v 0.0011594438692554832 -0.008834892883896828 -0.004179841373115778
v 0.0011192477541044354 -0.007658368907868862 0.012280820868909359
v 0.0011252271942794323 -0.00794755294919014 0.009961242787539959
v 0.002234989544376731 -0.0077714985236525536 0.00997270829975605
v 0.0010240308474749327 -0.008739767596125603 -0.0055867768824100494
v 0.009269218891859055 0.0025216948706656694 0.03107655607163906
v 0.006622537039220333 -0.003668846096843481 0.03377372398972511
v 0.005867630243301392 -0.004406811203807592 0.03425094857811928
v 0.005024490412324667 -0.005074425600469112 0.03472081571817398
v 0.004107824992388487 -0.00565594807267189 0.03515923023223877
v 0.003132337238639593 -0.006135640665888786 0.03554212674498558
v 0.0021127343643456697 -0.006497764028608799 0.035845424979925156
v 0.0010637204395607114 -0.006726581137627363 0.03604507073760033
v 0.0072756870649755 -0.0028758503030985594 0.03331189975142479
v 0.008280334062874317 -0.0011656853603199124 0.032462235540151596
v 0.00830528512597084 -0.0007499947096221149 0.03871138393878937
v 0.008927030488848686 0.000655338226351887 0.03171553090214729
v 0.009070551954209805 -0.0034005367197096348 -0.002909136703237891
v 0.00832816120237112 -0.0048317802138626575 -0.005586779210716486
v 0.008819013833999634 -0.003930305130779743 -0.0055867815390229225
v 0.008566286414861679 -0.0044868518598377705 -0.003074819687753916
v 0.009233905002474785 -0.0029530241154134274 -0.005586782470345497
v 0.004480615723878145 -0.008106806315481663 -0.003893045010045171
v 0.005872664041817188 -0.0073043350130319595 -0.005586781073361635
v 0.005482901819050312 -0.007640978321433067 -0.0037463137414306402
v 0.006425206083804369 -0.006929575931280851 -0.005586776416748762
v 0.006406609434634447 -0.007051094900816679 -0.0035849411506205797
v 0.0035237427800893784 -0.008317180909216404 -0.00558678200468421
v 0.003926804754883051 -0.008194864727556705 -0.005586777348071337
v 0.004944224376231432 -0.007799494545906782 -0.005586778279393911
v 0.0034154674503952265 -0.008456071838736534 -0.004018580075353384
v 0.002303171204403043 -0.008696269243955612 -0.004116363823413849
v 0.0023097111843526363 -0.00858825258910656 -0.005586775951087475
v 0.0011124139418825507 -0.0074595678597688675 0.014789040200412273
v 0.0022231205366551876 -0.007462779525667429 0.012274601496756077
v 0.0011341192293912172 -0.008596568368375301 0.005120448302477598
v 0.0022528059780597687 -0.008443611674010754 0.00515888212248683
v 0.0011469428427517414 -0.008940255269408226 -0.0007411024416796863
v 0.0022095737513154745 -0.0072429305873811245 0.014759973622858524
v 0.003296244889497757 -0.007145156152546406 0.012260112911462784
v 0.003276229603216052 -0.006895836908370256 0.014710287563502789
v 0.004323246423155069 -0.006712335627526045 0.012233944609761238
v 0.004297126084566116 -0.0064297146163880825 0.014638964086771011
v 0.005288752727210522 -0.006171157117933035 0.012192721478641033
v 0.005257012788206339 -0.005855994299054146 0.014545002952218056
v 0.0033138259314000607 -0.007480922155082226 0.009985814802348614
v 0.00434627290815115 -0.007078154478222132 0.009995638392865658
v 0.0053168670274317265 -0.006565526127815247 0.009997271001338959
v 0.0033406319562345743 -0.00818408653140068 0.005213660653680563
v 0.004382163751870394 -0.00781423132866621 0.005277184769511223
v 0.005361972376704216 -0.007330285385251045 0.00534185441210866
v 0.006264626979827881 -0.006728485692292452 0.005400077905505896
v 0.006140635348856449 -0.005186102818697691 0.014427382498979568
v 0.0061773876659572124 -0.005528458394110203 0.012133055366575718
v 0.00621014554053545 -0.005945366341620684 0.00998578779399395
v 0.00623873807489872 -0.006366783287376165 0.007796167861670256
v 0.002262620721012354 -0.008691025897860527 0.0023969088215380907
v 0.0033554700203239918 -0.008436771109700203 0.0024683536030352116
v 0.00440216576680541 -0.008071767166256905 0.0025535165332257748
v 0.005387323908507824 -0.007590793073177338 0.0026438115164637566
v 0.006295561324805021 -0.006988631095737219 0.0027306817937642336
v 0.0022784315515309572 -0.00879549141973257 -0.0006835278472863138
v 0.003379015251994133 -0.008546486496925354 -0.0005978007684461772
v 0.004433239344507456 -0.008186913095414639 -0.000492298393510282
v 0.005425652954727411 -0.007710444275289774 -0.0003754054196178913
v 0.00634080171585083 -0.007110754027962685 -0.00025549164274707437
v 0.006932742428034544 -0.004431468900293112 0.014285086654126644
v 0.006973776966333389 -0.00479107815772295 0.012051558122038841
v 0.007010644301772118 -0.0052200062200427055 0.009956279769539833
v 0.007043665274977684 -0.005646232515573502 0.007808369118720293
v 0.0070746950805187225 -0.006005072500556707 0.005444263573735952
v 0.007111491169780493 -0.006260060705244541 0.0028055489528924227
v 0.0071632335893809795 -0.006381514947861433 -0.00014093426580075175
v 0.007236022502183914 -0.006329661700874567 -0.0034154895693063736
v 0.007154704537242651 -0.006309649907052517 -0.005586778279393911
v 0.007795755285769701 -0.00559711130335927 -0.0055867815390229225
v 0.00795660074800253 -0.005470871925354004 -0.00324425776489079
v 0.007878647185862064 -0.005517988465726376 -3.9598788134753704e-05
v 0.007820886559784412 -0.005401340778917074 0.0028604301624000072
v 0.007777919992804527 -0.0051576122641563416 0.005467382725328207
v 0.007741387002170086 -0.004810805432498455 0.007799779064953327
v 0.007704099640250206 -0.004392553120851517 0.009904368780553341
v 0.007663743104785681 -0.003966245800256729 0.011945388279855251
v 0.007619267329573631 -0.003603532677516341 0.014117613434791565
v 0.008816322311758995 -0.002848233561962843 0.007723591290414333
v 0.009504363872110844 -0.0006206334219314158 0.007591517176479101
v 0.008771401830017567 -0.0024818021338433027 0.009742140769958496
v 0.00945389922708273 -0.0003391490608919412 0.009534118697047234
v 0.008726077154278755 -0.0021023545414209366 0.011674578301608562
v 0.008677295409142971 -0.0017739743925631046 0.013729339465498924
v 0.008919661864638329 -0.0033507850021123886 0.002907529706135392
v 0.008421794511377811 -0.004424436017870903 0.002893687691539526
v 0.008484983816742897 -0.00453230831772089 4.605461799656041e-05
v 0.008987560868263245 -0.003446783171966672 0.00011684914352372289
v 0.008864210918545723 -0.0031458591111004353 0.005450394935905933
v 0.009562252089381218 -0.0008469021995551884 0.005367621313780546
v 0.009918724186718464 0.0015765887219458818 0.005241457372903824
v 0.009801538661122322 0.0019041142659261823 0.009318974800407887
v 0.009417091496288776 0.0024890066124498844 0.02386132813990116
v 0.00907223578542471 0.0005835180054418743 0.024424182251095772
v 0.009585117921233177 0.002436217851936817 0.017721377313137054
v 0.009356578812003136 0.00020980407134629786 0.013323157094419003
v 0.009706995449960232 0.002254968974739313 0.012963022105395794
v 0.00929964054375887 0.0003879996365867555 0.015586592257022858
v 0.009233662858605385 0.0004959733923897147 0.018197044730186462
v 0.0010717527475208044 -0.007084256038069725 0.03216298669576645
v 0.001080173533409834 -0.007284813094884157 0.028227949514985085
v 0.002128676511347294 -0.006837483961135149 0.03197261318564415
v 0.0021454556845128536 -0.007027527783066034 0.028064172714948654
v 0.0031559423077851534 -0.006448572035878897 0.03168286383152008
v 0.0031809594947844744 -0.006622975692152977 0.027813516557216644
v 0.004138720687478781 -0.005935823544859886 0.03131621703505516
v 0.004171793814748526 -0.006091002374887466 0.027494210749864578
v 0.0050621842965483665 -0.005317543633282185 0.030895190313458443
v 0.005103069823235273 -0.005451453384011984 0.02712451107800007
v 0.005911503452807665 -0.004612036980688572 0.030442295596003532
v 0.005959897767752409 -0.004724175203591585 0.026722658425569534
v 0.00672738766297698 -0.003929012455046177 0.026306889951229095
v 0.008372514508664608 -0.004197802394628525 0.005468510556966066
v 0.008330270648002625 -0.003871962195262313 0.007770389784127474
v 0.00828897301107645 -0.0034743708092719316 0.00983139406889677
v 0.008245790377259254 -0.003065365832298994 0.011817552149295807
v 0.00819874182343483 -0.002713833237066865 0.013929713517427444
v 0.008146109990775585 -0.00247373478487134 0.0163382887840271
v 0.007569791749119759 -0.003359989495947957 0.01658596284687519
v 0.0075151859782636166 -0.003218082943931222 0.019379546865820885
v 0.006887309718877077 -0.0041962587274611 0.01681802235543728
v 0.006837644148617983 -0.004063438158482313 0.019676169380545616
v 0.006100096274167299 -0.004970803391188383 0.017028041183948517
v 0.0060561224818229675 -0.004855277016758919 0.019957268610596657
v 0.005222104024142027 -0.005668513476848602 0.017213037237524986
v 0.005184469278901815 -0.005575761664658785 0.020215414464473724
v 0.0042684623040258884 -0.006273962091654539 0.01737035997211933
v 0.0042377072386443615 -0.006206497084349394 0.020443206652998924
v 0.0032543011475354433 -0.006771721411496401 0.01749734953045845
v 0.003230857662856579 -0.00672908965498209 0.020633256062865257
v 0.002194751286879182 -0.007146364543586969 0.01759134791791439
v 0.0021789423190057278 -0.007125143893063068 0.02077816054224968
v 0.0010969819268211722 -0.007376266177743673 0.020870527252554893
v 0.007391832303255796 -0.003085128962993622 0.025894707068800926
v 0.0027518742717802525 0.012776903808116913 0.04045821726322174
v 0.0027872154023498297 0.012762860395014286 0.04069473221898079
v 0.002881073160097003 0.012724552303552628 0.040912676602602005
v -0.003564075566828251 -0.0007990431622602046 0.036968015134334564
v -0.003564075566828251 -0.0007990425219759345 0.038031205534935
v -0.00405480619519949 -0.000509401666931808 0.038314785808324814
v -0.002748125931248069 0.012778380885720253 0.04045821353793144
v -0.002748125931248069 0.012778380885720253 0.0413488931953907
v -0.002112994436174631 0.012996197678148746 0.041348896920681
v -0.007423660717904568 0.004732637200504541 0.033617693930864334
v 0.0074974549934268 0.005604620091617107 0.03971049189567566
v 0.007423660717904568 0.004732639063149691 0.039617717266082764
v 0.004053472075611353 0.012110259383916855 0.0419485978782177
v 0.00409600418061018 0.012082734145224094 0.041972775012254715
v 0.00459288852289319 0.011729197576642036 0.04221667721867561
v 0.005076792556792498 0.011320523917675018 0.04238274693489075
v 0.005668121390044689 0.010711455717682838 0.04245717450976372
v 0.004645808134227991 0.011687824502587318 0.03361768275499344
v 0.0058793723583221436 0.01045649778097868 0.04243253171443939
v 0.006822240073233843 0.008915613405406475 0.041612569242715836
v 0.006178573705255985 0.01005149818956852 0.04232238233089447
v 0.00643501291051507 0.009652351960539818 0.042112793773412704
v 0.00717772264033556 0.007974925450980663 0.04097384586930275
v 0.007404163479804993 0.00699513778090477 0.04030854254961014
v 0.007423661183565855 0.006867360323667526 0.04022529721260071
v 0.0074858153238892555 0.006261052098125219 0.039914898574352264
v -0.006825129967182875 0.008909277617931366 0.04160577058792114
v -0.007177138235419989 0.007976853288710117 0.04097253456711769
v -0.007403520867228508 0.006999115459620953 0.04030853882431984
v -0.0074228099547326565 0.006873260252177715 0.040226493030786514
v -0.0056681218557059765 0.010711456649005413 0.04245707392692566
v -0.0058702281676232815 0.010468020103871822 0.04243386909365654
v -0.006177649833261967 0.01005284022539854 0.04232161492109299
v -0.0064329421147704124 0.009655808098614216 0.04211278632283211
v -0.004645808134227991 0.01168782263994217 0.033617690205574036
v -0.00405480619519949 0.012109401635825634 0.03361768648028374
v -0.00405480619519949 0.012109402567148209 0.041951313614845276
v -0.004590613301843405 0.011730958707630634 0.04221706837415695
v -0.005073826294392347 0.011323249898850918 0.04238273948431015
v -0.0028773865196853876 0.01272608432918787 0.04091273993253708
v -0.002783925738185644 0.012764178216457367 0.040696240961551666
v -0.0035956811625510454 0.012381874024868011 0.04165386036038399
v -0.0031592061277478933 0.012602162547409534 0.04127933830022812
v -0.002926289802417159 0.012705566361546516 0.03361768275499344
v -0.007485988549888134 0.006258232519030571 0.039912112057209015
v -0.007497558370232582 0.005608648061752319 0.03971048444509506
v -0.007423660717904568 0.004732638597488403 0.039617739617824554
v -0.007303729187697172 0.0040954346768558025 0.03967193886637688
v -0.007193791680037975 0.0036788303405046463 0.03361767902970314
v -0.007097788620740175 0.003376903012394905 0.039743438363075256
v -0.006822240073233843 0.0026843866799026728 0.033617693930864334
v -0.006305817048996687 0.00173962174449116 0.033617690205574036
v -0.006639785133302212 0.0023124145809561014 0.03967564180493355
v -0.006822240073233843 0.00268438714556396 0.039722997695207596
v -0.0049078818410634995 0.00012878300913143903 0.033617693930864334
v -0.005416336469352245 0.0006121975020505488 0.039103832095861435
v -0.0056681218557059765 0.000888545298948884 0.03361767902970314
v -0.0056681218557059765 0.000888544600456953 0.039240796118974686
v -0.006188513711094856 0.00156298466026783 0.039499618113040924
v -0.0021129942033439875 -0.001396198058500886 0.03696801885962486
v -0.003113038605079055 -0.0010234154760837555 0.033617693930864334
v -0.00405480619519949 -0.0005094014341011643 0.03361767902970314
v -0.0047657545655965805 8.835542757879011e-06 0.03873175382614136
v -0.0021129942033439875 -0.0013961982913315296 0.033617693930864334
v -0.0010664390865713358 -0.0016237932723015547 0.03361768275499344
v -1.634648943982242e-10 -0.0016999992076307535 0.03696800768375397
v -1.6823584192415808e-10 -0.0016999994404613972 0.03361768275499344
v 0.0010664054425433278 -0.0016237981617450714 0.03361768648028374
v 0.002112994436174631 -0.0013961965451017022 0.03696800768375397
v 0.004054805729538202 -0.0005094018415547907 0.033617690205574036
v 0.0035605295561254025 -0.0008009566809050739 0.036968015134334564
v 0.003113007638603449 -0.0010234302608296275 0.033617693930864334
v 0.002112994436174631 -0.0013961967779323459 0.03361768275499344
v 0.0035605295561254025 -0.0008009560406208038 0.038031205534935
v 0.004052056465297937 -0.0005111678619869053 0.03831516578793526
v 0.0047669075429439545 9.78505613602465e-06 0.03873423859477043
v 0.0049078562296926975 0.00012876141408924013 0.03361768275499344
v 0.005422663409262896 0.0006188105908222497 0.03910888358950615
v 0.005668121390044689 0.0008885444258339703 0.033617690205574036
v 0.0068222396075725555 0.00268438714556396 0.03361768275499344
v 0.006637910846620798 0.002308847615495324 0.039675645530223846
v 0.006305798422545195 0.001739593455567956 0.03361768648028374
v 0.006188882049173117 0.0015635233139619231 0.039500802755355835
v 0.005665098316967487 0.00088505755411461 0.03924059122800827
v 0.0071937814354896545 0.0036787958815693855 0.033617690205574036
v 0.007423660717904568 0.004732638131827116 0.03361768648028374
v 0.007302812300622463 0.0040915124118328094 0.03967193514108658
v 0.007097545079886913 0.0033761884551495314 0.0397433340549469
v 0.006821678020060062 0.0026831557042896748 0.0397232249379158
v 0.00405480619519949 0.01210940070450306 0.03361767902970314
v 0.003597281174734235 0.012381001375615597 0.04165242984890938
v 0.0021129942033439875 0.012996198609471321 0.03361768275499344
v 0.0029262900352478027 0.012705564498901367 0.03361768275499344
v 0.003162860171869397 0.012600463815033436 0.04127933084964752
v -0.002112994436174631 0.012996196746826172 0.033617693930864334
v -0.000999067211523652 0.013233160600066185 0.033617690205574036
v -0.0015097390860319138 0.013146474026143551 0.041348896920681
v 1.0857988813617325e-10 0.013299999758601189 0.03361767902970314
v 1.1960384072029484e-10 0.013300000689923763 0.041348882019519806
v 0.0009990669786930084 0.01323315966874361 0.03361768648028374
v 0.0015097390860319138 0.013146474957466125 0.041348885744810104
v 0.0021129942033439875 0.012996196746826172 0.041348885744810104
v 0.0027518742717802525 0.012776903808116913 0.041348896920681
v -0.006424999795854092 0.005125321447849274 0.0027482991572469473
v -0.007469592150300741 0.005125321447849274 0.0027482984587550163
v -0.007263401988893747 0.007668954320251942 -0.000283080677036196
v -0.006425000261515379 0.009073514491319656 -0.001956972060725093
v -0.0069761937484145164 0.008553672581911087 -0.0013374515110626817
v -0.006362596992403269 0.009566773660480976 -0.0025448135565966368
v -0.00660281116142869 0.00935708824545145 -0.0022949199192225933
v -0.006137295626103878 0.010110869072377682 -0.00319324410520494
v 0.0071937814354896545 0.003678797045722604 0.026617683470249176
v -0.007193791680037975 0.0036788289435207844 0.026617687195539474
v 0.006305798422545195 0.0017395928734913468 0.026617687195539474
v 0.0049078562296926975 0.00012876112305093557 0.026617689058184624
v 0.003113007638603449 -0.001023429213091731 0.026617685332894325
v 0.0010664054425433278 -0.0016237987438216805 0.026617685332894325
v -0.0010664390865713358 -0.0016237935051321983 0.026617690920829773
v -0.003113038605079055 -0.0010234153596684337 0.026617683470249176
v -0.0049078818410634995 0.0001287830964429304 0.026617683470249176
v -0.006305817048996687 0.0017396218609064817 0.026617683470249176
v 0.006035573780536652 0.010252172127366066 0.026617687195539474
v 0.004645808134227991 0.011687823571264744 0.026617683470249176
v -0.004645808134227991 0.01168782263994217 0.026617689058184624
v -0.006035574246197939 0.010252172127366066 0.026617685332894325
v -0.002926289802417159 0.012705564498901367 0.026617689058184624
v -0.000999067327938974 0.01323315966874361 0.026617689058184624
v 0.0009990669786930084 0.013233158737421036 0.026617685332894325
v 0.0029262900352478027 0.012705565430223942 0.026617689058184624
v -0.006009120959788561 0.010287811979651451 -0.0034252910409122705
v -0.005481199361383915 0.010919223539531231 -0.0040532853454351425
v -0.00507747195661068 0.011319898068904877 -0.004350780975073576
v -0.004620878491550684 0.011707407422363758 -0.004573879763484001
v -0.002908766735345125 0.012712962925434113 -0.005023231729865074
v -0.0037099155597388744 0.012318167835474014 -0.004841945134103298
v -0.004456967115402222 0.011832034215331078 -0.004630511160939932
v -0.002218835987150669 0.01296426821500063 -0.005142945796251297
v -0.0015058923745527864 0.01314726285636425 -0.005232181865721941
v -0.0009927846258506179 0.013233999721705914 -0.0052750734612345695
v 1.4161300896375906e-06 0.013299998827278614 -0.005307967774569988
v 0.0009927810169756413 0.013234000653028488 -0.005275076720863581
v 0.0015112764667719603 0.013146158307790756 -0.00523163890466094
v 0.0022184497211128473 0.01296438928693533 -0.0051430086605250835
v 0.0029087630100548267 0.012712965719401836 -0.005023234989494085
v 0.0037099504843354225 0.012318148277699947 -0.004841935820877552
v 0.004456967581063509 0.011832034215331078 -0.004630513954907656
v 0.004624577239155769 0.011704513803124428 -0.004572473466396332
v 0.004901949781924486 0.011476344428956509 0.006670318078249693
v 0.00507745984941721 0.011319909244775772 -0.004350786563009024
v 0.005481198895722628 0.010919222608208656 -0.004053281154483557
v 0.006009119097143412 0.01028781570494175 -0.0034252998884767294
v 0.006137295626103878 0.010110868141055107 -0.0031932403799146414
v 0.006602809764444828 0.009357091039419174 -0.002294928301125765
v 0.0069761923514306545 0.008553676307201385 -0.0013374517438933253
v 0.007263400591909885 0.0076689585112035275 -0.00028308897162787616
v 0.0071937814354896545 0.003678795648738742 0.0037543531507253647
v 0.007367580663412809 0.004396873991936445 0.003396564396098256
v 0.007469592150300741 0.005125321447849274 0.002748303348198533
v 0.006305798422545195 0.0017395925242453814 0.003950000740587711
v 0.00675842072814703 0.0025482699275016785 0.003949999809265137
v 0.006969318725168705 0.0030289716087281704 0.003915481269359589
v 0.004907855298370123 0.00012875988613814116 0.0039500026032328606
v 0.0031130067072808743 -0.0010234295623376966 0.003949999809265137
v 0.0010664045112207532 -0.0016237987438216805 0.026617685332894325
v 0.0010664043948054314 -0.001623799093067646 0.003950000274926424
v -0.001066439668647945 -0.0016237936215475202 0.003949997015297413
v -0.003113039070740342 -0.001023414428345859 0.026617683470249176
v -0.003113039070740342 -0.0010234147775918245 0.003949998412281275
v -0.004907882306724787 0.00012878370762337 0.003949998412281275
v -0.007142836693674326 0.0035131042823195457 0.0038086751010268927
v -0.006969037465751171 0.003028264967724681 0.003915577661246061
v -0.006758421193808317 0.0025482699275016785 0.003949999809265137
v -0.0063058179803192616 0.0017396224429830909 0.0039499974809587
v -0.007367580197751522 0.004396873991936445 0.003396562533453107
v -0.007193791680037975 0.0036788289435207844 0.0037543419748544693
v 0.0017499998211860657 0.0008000003872439265 -3.6467588948596585e-09
v 0.0015155443688854575 0.004399999510496855 0.0008749964763410389
v 0.0015155448345467448 0.0007999998051673174 0.0008750021806918085
v 0.0008750000852160156 0.004399999976158142 0.0015155437868088484
v 0.0008749997359700501 0.0007999998633749783 0.0015155419241636992
v 4.260302874370403e-11 0.004399999510496855 0.0017499970272183418
v 1.437643198931582e-10 0.0007999998051673174 0.0017500027315691113
v -0.0008750000270083547 0.004399999976158142 0.0015155443688854575
v -0.0008749999105930328 0.0008000005618669093 0.001515542739070952
v -0.0015155442524701357 0.004399999510496855 0.0008749992703087628
v -0.0015155446017161012 0.000800000096205622 0.0008749975822865963
v -0.0017500000540167093 0.004399999976158142 -5.130226243821312e-10
v -0.0017499999376013875 0.0007999998633749783 -2.2969104396253215e-09
v -0.0015155442524701357 0.0043999990448355675 -0.0008749990374781191
v -0.0015155446017161012 0.0007999998051673174 -0.0008750007255002856
v -0.0008750000270083547 0.004399999510496855 -0.0015155462315306067
v -0.0008749999105930328 0.0008000003872439265 -0.0015155478613451123
v 3.740049242528798e-11 0.0043999990448355675 -0.001749999588355422
v 1.3893947103937876e-10 0.0007999998051673174 -0.0017500012181699276
v 0.0008750000852160156 0.004399999976158142 -0.0015155469300225377
v 0.0008749997359700501 0.0007999999797903001 -0.0015155411092564464
v 0.0015155443688854575 0.004399999510496855 -0.000875001831445843
v 0.0015155448345467448 0.0008000001544132829 -0.0008750035194680095
v 0.0017500001704320312 0.004399999510496855 -1.9440413723259553e-09
v -0.003847848391160369 0.004399999510496855 -0.0026731013786047697
v -0.004456967115402222 0.006449999287724495 -0.004630512557923794
v -0.0015058921417221427 0.0064500002190470695 -0.005232186056673527
v -0.0013000869657844305 0.004399999976158142 -0.0031925407238304615
v 0.0015058923745527864 0.006449999287724495 -0.005232182331383228
v 0.0013000874314457178 0.004399999510496855 -0.003192535601556301
v 0.004456967115402222 0.006449999287724495 -0.004630515351891518
v 0.003847848391160369 0.0043999990448355675 -0.0026730988174676895
v -0.002749878913164139 0.0062507386319339275 0.04361768066883087
v 0.0027501205913722515 0.0062492610886693 0.04361768066883087
v -0.0027499329298734665 0.006049776915460825 0.04436768963932991
v 0.002750067040324211 0.006048299837857485 0.04436768963932991
v -0.002750080544501543 0.005500738508999348 0.04491671919822693
v 0.002749919192865491 0.0054992614313960075 0.04491672292351723
v -0.0027502819430083036 0.00475073978304863 0.045117687433958054
v 0.0027497175615280867 0.004749260377138853 0.045117687433958054
v -0.002750483574345708 0.004000737797468901 0.044916730374097824
v 0.0027495159301906824 0.0039992607198655605 0.044916730374097824
v -0.0027506311889737844 0.003451700322329998 0.04436768963932991
v 0.002749369014054537 0.003450223011896014 0.04436768963932991
v -0.002750685205683112 0.0032507397700101137 0.04361768439412117
v 0.002749314531683922 0.0032492626924067736 0.04361768439412117
v -0.0027506311889737844 0.0034517000894993544 0.042867694050073624
v 0.002749369014054537 0.0034502227790653706 0.042867694050073624
v -0.002750483574345708 0.00400073966011405 0.04231864586472511
v 0.0027495159301906824 0.00399926258251071 0.04231864586472511
v -0.0027502819430083036 0.004750737454742193 0.04211769253015518
v 0.0027497175615280867 0.004749260377138853 0.04211769625544548
v -0.002750080544501543 0.005500738974660635 0.04231864959001541
v 0.002749919192865491 0.005499261897057295 0.04231865331530571
v -0.0027499329298734665 0.006049776915460825 0.042867690324783325
v 0.002750067040324211 0.0060482993721961975 0.042867694050073624
v 0.0027486393228173256 0.0007339793373830616 0.04614787921309471
v 0.0027484972961246967 0.00020636647241190076 0.045521046966314316
v 0.00274846563115716 8.651242387713864e-05 0.04535537213087082
v 0.0027482272125780582 -0.0008007378783077002 0.04361326992511749
v 0.0027482272125780582 -0.0008007385185919702 0.038031212985515594
v 0.002748608123511076 0.0006195291061885655 0.03910888358950615
v 0.0027490623760968447 0.0023098925594240427 0.03967564180493355
v 0.0027488244231790304 0.0014222310855984688 0.046782948076725006
v 0.0027487832121551037 0.0012710870942100883 0.046657659113407135
v 0.0027512465603649616 0.010439266450703144 0.04656019061803818
v 0.002749524312093854 0.004029661417007446 0.048098400235176086
v 0.0027492751833051443 0.003101560054346919 0.047783929854631424
v 0.0027512151282280684 0.01032442320138216 0.04666021838784218
v 0.0027510973159223795 0.0098849106580019 0.047005292028188705
v 0.0027508374769240618 0.008916263468563557 0.04759161174297333
v 0.002750809071585536 0.008811408653855324 0.04764288291335106
v 0.0027507259510457516 0.008502094075083733 0.04778178036212921
v 0.002751800464466214 0.012503017671406269 0.04328463599085808
v 0.0027515857946127653 0.011702865362167358 0.045068416744470596
v 0.0027515015099197626 0.011388549581170082 0.04552587494254112
v 0.0027495415415614843 0.004092734772711992 0.03967192769050598
v 0.0027499475982040167 0.005605894606560469 0.03971049562096596
v 0.002750321524217725 0.006996387615799904 0.040308550000190735
v 0.002751035150140524 0.009653340093791485 0.042112797498703
v 0.0027512514498084784 0.010457340627908707 0.0424325205385685
v 0.0027514828834682703 0.01132114790380001 0.04238274320960045
v 0.0027518323622643948 0.012621548026800156 0.04281308874487877
v 0.002751687541604042 0.01208309642970562 0.04197276756167412
v 0.0027518265414983034 0.01260057371109724 0.04127933457493782
v 0.002750308718532324 0.006947090849280357 0.04823146387934685
v 0.002750275656580925 0.0068262373097240925 0.04825052246451378
v 0.0027501776348799467 0.006461026147007942 0.048295069485902786
v 0.00275011477060616 0.006227727513760328 0.04831335321068764
v 0.0027500458527356386 0.005971578881144524 0.04832439124584198
v 0.0027497827541083097 0.004992665722966194 0.04827974736690521
v -0.0027517727576196194 -0.0007992613245733082 0.038031212985515594
v -0.0018000627169385552 -0.0007995169726200402 0.044423963874578476
v -0.0027517727576196194 -0.0007992606842890382 0.04361326992511749
v 0.0017965170554816723 -0.0008004818810150027 0.04442395642399788
v 0.0006233206368051469 -0.0008001672104001045 0.04485590010881424
v -0.0006268662982620299 -0.0007998317596502602 0.044855911284685135
v -0.0027481995057314634 0.01250449474900961 0.04328463599085808
v -0.002748414408415556 0.011704343371093273 0.045068416744470596
v -0.002748498460277915 0.011390025727450848 0.04552588611841202
v -0.002749162493273616 0.008917740546166897 0.04759161174297333
v -0.0027491908986121416 0.008812886662781239 0.04764288291335106
v -0.0027495126705616713 0.007614549249410629 0.04808664321899414
v -0.0027496914844959974 0.0069485679268836975 0.04823146387934685
v -0.0027489038184285164 0.009882168844342232 0.04700833186507225
v -0.002748784376308322 0.0103259002789855 0.04666021838784218
v -0.002748753409832716 0.01044074259698391 0.04656020551919937
v -0.002749885432422161 0.006227648817002773 0.0483134388923645
v -0.0027499538846313953 0.005973055958747864 0.04832438752055168
v -0.002749822335317731 0.006462503224611282 0.04829506576061249
v -0.0027497245464473963 0.006826109252870083 0.048250772058963776
v -0.002750819781795144 0.002749544335529208 0.047624051570892334
v -0.0027505960315465927 0.0035824901424348354 0.04796452447772026
v -0.0027504751924425364 0.0040311384946107864 0.048098400235176086
v -0.0027502167504280806 0.004994142800569534 0.048279743641614914
v -0.0027509594801813364 0.002228141063824296 0.04734254255890846
v -0.0027508847415447235 0.0025066384114325047 0.04750000685453415
v -0.00274851662106812 0.0113226268440485 0.04238274320960045
v -0.0027487485203891993 0.010458817705512047 0.0424325168132782
v -0.0027489648200571537 0.009654817171394825 0.042112797498703
v -0.0027483119629323483 0.01208457350730896 0.04197276383638382
v -0.002748167375102639 0.012623025104403496 0.04281308501958847
v -0.002748172963038087 0.01260205265134573 0.04127933457493782
v -0.002751670079305768 -0.00041695137042552233 0.04451555758714676
v -0.0027515015099197626 0.0002107311156578362 0.04552491754293442
v -0.00275136879645288 0.0007056031026877463 0.0461161732673645
v -0.0027496786788105965 0.006997864693403244 0.040308546274900436
v -0.0027500519063323736 0.005607372149825096 0.03971049562096596
v -0.002750458661466837 0.004094213712960482 0.03967192769050598
v -0.0027509371284395456 0.002311369637027383 0.03967564180493355
v -0.0027513913810253143 0.0006210063002072275 0.03910888358950615
v -0.001480729435570538 0.013005311600863934 0.04281207174062729
v -0.0013948159758001566 0.01258725393563509 0.044219017028808594
v 6.594873258602973e-11 0.012729093432426453 0.0442190058529377
v -0.0018695192411541939 0.0036222708877176046 0.04827798157930374
v -0.0009530727402307093 0.004689803346991539 0.04870476573705673
v -0.0011570440838113427 0.00490438099950552 0.04870476946234703
v 0.0008592086960561574 0.0030615045689046383 0.048277970403432846
v 0.00043802117579616606 0.004403925966471434 0.04870477318763733
v 0.00014802708756178617 0.004344332031905651 0.04870476573705673
v 0.0011318493634462357 0.008437522687017918 0.048277970403432846
v 0.000577011494897306 0.007144596893340349 0.04870476573705673
v 0.0008358654449693859 0.007000920828431845 0.04870477318763733
v -8.912315330178444e-12 0.005799999926239252 0.04884888231754303
v -0.0013720964780077338 0.006308169104158878 0.04870476946234703
v -0.0014463028637692332 0.00602156575769186 0.048704758286476135
v -0.0014164670137688518 0.005433252546936274 0.048704762011766434
v -0.0013136460911482573 0.005155625753104687 0.04870476946234703
v -0.0004380210302770138 0.00440392829477787 0.048704758286476135
v -0.0001480268983868882 0.004344332497566938 0.04870476573705673
v -0.0007100823568180203 0.004520676098763943 0.04870477318763733
v 0.000710081891156733 0.00452067656442523 0.04870476946234703
v 0.00131364562548697 0.005155625287443399 0.04870476946234703
v 0.00141646689735353 0.005433251149952412 0.04870476946234703
v 0.001157043850980699 0.004904381465166807 0.04870476946234703
v 0.0014463030965998769 0.006021564826369286 0.04870477318763733
v 0.0013720962451770902 0.006308167241513729 0.04870477318763733
v 0.0014612977392971516 0.005725891329348087 0.04870476946234703
v 0.00029453510069288313 0.007233224343508482 0.04870477318763733
v -0.002074314747005701 -0.0008113189833238721 0.044219009578228
v 0.002576808910816908 0.004536015447229147 0.048277974128723145
v 0.0022696235682815313 0.004043180961161852 0.04827797785401344
v 0.0026914640329778194 0.006796808447688818 0.04827798157930374
v 0.002438919385895133 0.012157774530351162 0.04449218139052391
v 0.0014807292027398944 0.013005311600863934 0.04281206056475639
v -0.0026914640329778194 0.006796807982027531 0.04827797785401344
v -0.002576809376478195 0.004536013584583998 0.04827798157930374
v -0.0022696235682815313 0.0040431818924844265 0.048277974128723145
v -0.002714121248573065 0.002638427307829261 0.047584906220436096
v -0.0018668337725102901 -0.00015002876170910895 0.04551565647125244
v -0.0015876112738624215 0.0007399172172881663 0.0466521754860878
v -0.0025737001560628414 0.001163081033155322 0.046652186661958694
v -0.0020221432205289602 0.0021567970979958773 0.0475848987698555
v -0.0014612977392971516 0.005725891795009375 0.04870476946234703
v -0.0024368891026824713 0.012158427387475967 0.044492438435554504
v 0.0020913861226290464 0.010673506185412407 0.0466521792113781
v 0.001639610156416893 0.00815569143742323 0.048277974128723145
v 0.002080243779346347 0.007777419872581959 0.048277974128723145
v 0.0020743149798363447 -0.0008113192743621767 0.044219009578228
v 0.0018668340053409338 -0.00015002836880739778 0.04551565274596214
v 0.0006308871088549495 -0.0004040225176140666 0.04551565647125244
v -0.0006308875745162368 -0.0004040233907289803 0.04551566764712334
v 0.0005777510232292116 0.008611371740698814 0.04827796667814255
v 0.0008387647103518248 0.009881478734314442 0.0475848950445652
v -1.6594835228200822e-10 0.00726317660883069 0.048704758286476135
v 0.0010604991111904383 0.006808079779148102 0.04870477318763733
v 0.0024357130751013756 0.0073181926272809505 0.04827797785401344
v 0.0012417157413437963 0.006573967169970274 0.048704762011766434
v 0.0013928762637078762 0.0032905179541558027 0.048277974128723145
v 0.0020221429876983166 0.002156795933842659 0.047584909945726395
v 0.0002903655986301601 0.0029446028638631105 0.048277974128723145
v -0.000290365336695686 0.0029446021653711796 0.04827797785401344
v -0.0008592088706791401 0.0030615036375820637 0.048277974128723145
v -0.001392876380123198 0.0032905179541558027 0.048277970403432846
v -0.0024357133079320192 0.007318192161619663 0.048277970403432846
v -0.00124171597417444 0.006573967635631561 0.04870476946234703
v -0.0010604994604364038 0.006808079779148102 0.04870476946234703
v -0.002080244477838278 0.007777420803904533 0.048277970403432846
v -0.0023803450167179108 0.009219935163855553 0.047584906220436096
v -0.0016396096907556057 0.008155692368745804 0.048277970403432846
v -0.0008358658524230123 0.007000921759754419 0.048704762011766434
v 3.1241353254385373e-11 0.008670122362673283 0.04827797785401344
v -1.301525137664683e-10 0.0099667739123106 0.0475848950445652
v 1.6576794104050663e-10 0.011103296652436256 0.0466521754860878
v -0.00029453536262735724 0.007233224809169769 0.04870477318763733
v 0.002380344783887267 0.009219935163855553 0.047584909945726395
v 0.0016431913245469332 0.009629088453948498 0.0475849024951458
v 0.002714121248573065 0.002638427773490548 0.0475848987698555
v 0.0018695190083235502 0.0036222708877176046 0.048277974128723145
v 0.0009530720417387784 0.004689802881330252 0.04870477318763733
v 0.0012473778333514929 0.0018243181984871626 0.047584906220436096
v 0.0004215450317133218 0.0016546060796827078 0.0475848987698555
v -0.00042154555558227 0.0016546054976060987 0.0475848987698555
v -0.0012473782990127802 0.0018243190133944154 0.0475848987698555
v -0.0020913861226290464 0.010673507116734982 0.0466521754860878
v -0.001643191440962255 0.009629089385271072 0.0475848987698555
v -0.001131849829107523 0.008437522687017918 0.048277974128723145
v -0.0005770119023509324 0.007144596427679062 0.04870476573705673
v 0.0010675453813746572 0.010994737036526203 0.046652186661958694
v 0.002573699690401554 0.001163081033155322 0.0466521792113781
v 0.0015876111574470997 0.0007399165770038962 0.046652186661958694
v 0.0005365259712561965 0.000523912429343909 0.046652186661958694
v -0.0005365254473872483 0.0005239138845354319 0.0466521792113781
v -0.0005777513142675161 0.008611372672021389 0.048277970403432846
v -0.0008387654670514166 0.009881478734314442 0.0475848987698555
v -0.0010675456142053008 0.010994737967848778 0.046652182936668396
v -0.001255301060155034 0.011908367276191711 0.04551565274596214
v -2.7032195926146585e-10 0.012036017142236233 0.04551566764712334
v 0.0012553015258163214 0.011908366344869137 0.04551566019654274
v 0.002459210343658924 0.011530638672411442 0.04551566019654274
v -0.0024592101108282804 0.011530635878443718 0.04551566392183304
v 0.001394816441461444 0.012587254866957664 0.044219009578228
v 1.1599586569044362e-10 0.013155887834727764 0.04281206801533699
v 0.006425000261515379 0.006449999287724495 -0.0019569722935557365
v 0.006425000261515379 0.006449999287724495 -0.0010499965865164995
v 0.004375000484287739 0.004399999976158142 -0.0019569688010960817
v 0.004375000484287739 0.0043999990448355675 -0.0010500005446374416
v 0.006424999795854092 0.004399999976158142 0.002471714746206999
v 0.005345968529582024 0.004399999510496855 0.0015809809556230903
v 0.006424999795854092 0.005905983503907919 0.000522263755556196
v 0.004625488072633743 0.004400000441819429 0.0003522128099575639
v 0.006425000261515379 0.006305685732513666 -0.00027664247318170965
v 0.006424999795854092 0.006385282147675753 -0.0005371067090891302
v -0.0043750000186264515 0.0043999990448355675 -0.0010499970521777868
v -0.004625488538295031 0.004399999976158142 0.0003522131883073598
v -0.006424999795854092 0.006449999287724495 -0.0010499997297301888
v -0.006425000261515379 0.006310532335191965 -0.0002901850384660065
v -0.006424999795854092 0.004399999510496855 0.0024717191699892282
v -0.006424999795854092 0.005347993690520525 0.0013211695477366447
v -0.005345968063920736 0.004399999510496855 0.0015809828182682395
v -0.006424999795854092 0.005741441156715155 0.0007765494519844651
v -0.006425000261515379 0.00623127119615674 -8.93966353032738e-05
v -0.006424999795854092 0.006449998822063208 -0.0019569681026041508
v -0.0043750000186264515 0.004399999976158142 -0.001956972759217024
v -0.006424999795854092 0.004399999976158142 0.0027912387158721685
v 0.006424999795854092 0.004399999510496855 0.0027912419755011797
v 0.004122196696698666 0.004399999510496855 -0.0025184855330735445
v 0.004308884963393211 0.0043999990448355675 -0.002264869399368763
v -0.004122196231037378 0.004399999976158142 -0.0025184862315654755
v -0.004308884963393211 0.004399999510496855 -0.002264866605401039
v -0.006178170442581177 0.0064500002190470695 -0.0031064616050571203
v -0.005481199361383915 0.006449999287724495 -0.004053280223160982
v 0.005481198895722628 0.006449999287724495 -0.004053283017128706
v 0.0061781699769198895 0.006449999287724495 -0.003106461139395833
v 0.006425000261515379 0.0037602761294692755 0.0037240847013890743
v 0.006424999795854092 0.004095638170838356 0.0035096309147775173
v 0.006425000261515379 0.004396873991936445 0.0033965613692998886
v 0.006424999330192804 0.004320770502090454 0.003181342501193285
v 0.006424999795854092 0.005125321447849274 0.0027483024168759584
v 0.006424999795854092 0.009073513559997082 -0.0019569688010960817
v -0.006424999795854092 0.003760275663807988 0.00372408889234066
v -0.006424999795854092 0.004095637705177069 0.003509635105729103
v -0.006424999795854092 0.004320770502090454 0.0031813469249755144
v -0.006424999795854092 0.004396873526275158 0.0033965655602514744
v 0.006362597458064556 0.009566773660480976 -0.0025448165833950043
v 0.0061781699769198895 0.010038048028945923 -0.003106457879766822
v 4.220589502890171e-11 0.0025482699275016785 0.003949999809265137
v 1.4154075134165112e-10 0.0008000001544132829 -2.9718345562201876e-09
v 0.0015117819420993328 0.008295784704387188 0.03706768527626991
v 0.0015006576431915164 0.008249976672232151 0.03706768527626991
v 0.0015117819420993328 0.008295785635709763 0.0390176959335804
v 0.0015006576431915164 0.008249974809587002 0.0390176959335804
v 0.0019885478541254997 0.008397376164793968 0.037067681550979614
v 0.0016035368898883462 0.007717986591160297 0.037067681550979614
v 0.0015005372697487473 0.0077995979227125645 0.037067681550979614
v 0.0016881838673725724 0.00886762235313654 0.03706768900156021
v 0.002098708413541317 0.009170465171337128 0.037067681550979614
v 0.0016881838673725724 0.00886762235313654 0.039017681032419205
v 0.0010470175184309483 0.008070188574492931 0.03561769053339958
v 0.0016035368898883462 0.0077179851941764355 0.03561769053339958
v 0.0015014938544481993 0.008688544854521751 0.035617679357528687
v 0.0019885478541254997 0.008397374302148819 0.03561769053339958
v 0.002098708413541317 0.009170465171337128 0.03561769053339958
v 0.0015005372697487473 0.00779959699138999 0.0390176922082901
v 0.0015014938544481993 0.008688544854521751 0.039017681032419205
v 0.0010473745642229915 0.008070793002843857 0.0390176847577095
v 0.0010471611749380827 0.0080705052241683 0.04058992117643356
v 0.0010237840469926596 0.008027317002415657 0.046080004423856735
v 0.0007624312420375645 0.007344572804868221 0.03996429964900017
v 0.0010005858493968844 0.007982762530446053 0.04613909497857094
v 0.0007624312420375645 0.007344572804868221 0.04679213836789131
v 0.0010470175184309483 0.008070186711847782 0.04601910710334778
v 0.0010412101401016116 0.008059627376496792 0.04603450372815132
v 0.0010354008991271257 0.008048961870372295 0.04604978486895561
v 0.0006342472624965012 0.007401479873806238 0.04674478992819786
v 0.0005005681305192411 0.007448162417858839 0.046704620122909546
v 0.0006343012792058289 0.00740145705640316 0.039880793541669846
v 0.0005005681305192411 0.007448161952197552 0.03979048505425453
v 0.0005052461638115346 0.007525018882006407 0.03983565419912338
v 0.0009713295730762184 0.008072835393249989 0.040529314428567886
v 0.0008632885292172432 0.008050181902945042 0.04042845591902733
v 0.000788553967140615 0.008015564642846584 0.04034769907593727
v 0.0005969114135950804 0.007817702367901802 0.0400763601064682
v 0.0011653529945760965 0.008039295673370361 0.0390176884829998
v 0.0013359473086893559 0.00791311264038086 0.039017681032419205
v 0.0011967286700382829 0.007994959130883217 0.04605718329548836
v 0.0013226649025455117 0.007921451702713966 0.04602588340640068
v 0.0013359463773667812 0.00791311264038086 0.04601769149303436
v 0.001000610995106399 0.00807388499379158 0.04601769149303436
v 0.0011653529945760965 0.008039296604692936 0.04601773992180824
v 0.0010851452825590968 0.008064351975917816 0.04601855203509331
v 0.0010431681293994188 0.00807130429893732 0.04601814225316048
v 0.000526284973602742 0.0076423208229243755 0.04652348905801773
v 0.0006097191944718361 0.007838944904506207 0.04631349816918373
v 0.0008673042757436633 0.008051575161516666 0.04604834318161011
v 0.0007845796062611043 0.008013227954506874 0.04609961062669754
v 0.0007056148606352508 0.007954468950629234 0.04617505893111229
v 0.0005969151388853788 0.0078177060931921 0.0400763638317585
vn 0.9777491944569122 -0.20928642801127734 0.014342377388004946
vn 0.7153100638508418 0.6970880486000207 0.04898739687633602
vn 0.9827025968352444 -0.16403454942941964 0.08595506248473189
vn 0.680424966644313 0.688051901126686 0.252203184204797
vn -0.07558551667934094 0.6215278128044505 0.7797371400535138
vn 0.9003125603232651 -0.2875979204137633 0.32668751108336824
vn 0.049557991958116054 0.784900410969094 0.6176369081374806
vn 0.9427938512256885 -0.24644751842799117 0.22450695925008465
vn 0.9761144241337381 -0.1787611280356778 0.12347100915386276
vn -0.11118677416596279 0.6865901039330066 0.7184925402757014
vn -0.04733959171433822 0.6977164687513664 0.7148081506876118
vn -0.17867251745885263 0.6050972783997428 0.7758436796018513
vn -0.019212378056687063 0.7031007084010414 0.7108306959996598
vn -0.13992577877483695 0.6042487470885025 0.784413301822598
vn 0.7907018698883277 0.018844490786986034 0.6119112992273318
vn -0.12648466082566964 0.6063610369203156 0.7850655536200368
vn 0.8648722929742998 -0.27327723291213046 0.4210884358626655
vn 0.8713644964903238 -0.3054097570707776 0.3839906177787851
vn 0.0360372300775399 0.7318886695157281 0.6804706411615683
vn -0.12670670513281387 0.9726147809722542 0.19484839929719813
vn -0.22856866595448713 0.600300090166369 0.7664177494617641
vn -0.24933308918390243 0.5993134315744233 0.7606946965586793
vn -0.14381720233562975 0.6907639883731285 0.7086337027542516
vn -0.28426478093443286 0.6150779743616056 0.7354404257147706
vn -0.18733096771243357 0.706888082329035 0.6820677001567386
vn -0.18360031738374918 0.6867042251819087 0.7033691993355277
vn -0.08810185027493443 0.6872940075862691 0.7210166510657978
vn -0.10968110881299095 0.694314322564278 0.7112648422716117
vn -0.17438936158639626 0.6690305908862653 0.7224862760107377
vn -0.15498162686577036 0.689204598697861 0.7077977934889028
vn -0.258613200441838 0.6428492472784729 0.7210159899965677
vn 0.28938826188221917 0.6155153645883095 0.7330724860752235
vn 0.19318414680252957 0.6797023456895757 0.7075907056259766
vn 0.2570253913795099 0.6424042894286494 0.7219796930038141
vn 0.1762150480613897 0.6846813066737686 0.7072197431691389
vn 0.17538611905211282 0.6676673531711284 0.72350536608466
vn 0.12032320157378149 0.6993193565103756 0.7046096541865925
vn 0.08635990865671937 0.6862742674738086 0.7221977540674649
vn 0.05251808539770274 0.7046892477454325 0.7075697243509899
vn 0.0016000308900616994 0.6900622279069711 0.7237482722032698
vn 0.005945850421221462 0.702860931490206 0.7113024376785787
vn -0.029380545623275797 0.7028464412265786 0.7107345943416659
vn -0.06784079507254592 0.7020397651956768 0.7088990016976495
vn 0.17790339765802074 0.7027941703923863 0.6887893256752818
vn 0.2475653977858438 0.6023692818146343 0.7588561274347454
vn 0.0927305540798719 0.6882364659870454 0.7195356914189194
vn 0.09638372591741202 0.6983527207491661 0.7092345555600871
vn 0.126905554878254 0.6862734491694397 0.7161869400555437
vn -0.7882206095692139 0.03617284266616023 0.6143287361859172
vn 0.13284125876163408 0.6050898416950103 0.7849964862648316
vn -0.8525637227481417 -0.2717753812237708 0.44640031453226353
vn 0.12821567987648277 0.5996351468815777 0.7899357126109189
vn 0.07558068639569378 0.6206132247118848 0.7804657488683738
vn 0.22822833428900277 0.6000517959376257 0.7667135512169438
vn 0.17226267474411694 0.6058208865586122 0.7767281534097625
vn 0.0515022343203505 0.6988284825421538 0.7134327381385314
vn 0.018908102387614936 0.7053875126730694 0.7085696441628019
vn -0.04712562498861406 0.7424281388304432 0.6682661402032848
vn 0.12498676141326416 0.9734163377332291 0.19193473605747227
vn -0.7243824110866384 0.6856966779486525 0.07134555598276686
vn -0.9810768681460567 -0.18789528064537064 0.0467283885868387
vn -0.6818022564416275 0.6878212235551796 0.24909365214344784
vn -0.9956283937386685 -0.07024558001511529 0.06156021499068163
vn -0.9760856020964392 -0.17889121012867507 0.12351045428922088
vn -0.9427811988368537 -0.24645138791324905 0.22455583830169712
vn -0.05139063170682242 0.7844101302739162 0.6181098207409679
vn -0.9002791390286132 -0.28762899282429755 0.3267522521984801
vn -0.8713526964101218 -0.30538600573254676 0.38403628209002744
vn 0.5075422591157542 0.8616236952098855 -0.002337319947883303
vn -0.048460322912400024 0.7848201894185597 -0.6178259199679486
vn -0.6817993564777388 0.6878309990582578 -0.24907459573601723
vn -0.7152427804225455 0.697213777235837 -0.04817378837046985
vn -0.7816140492706372 -0.026885986910776333 -0.6231826551586551
vn -0.3874382547555018 0.7725166604643934 -0.5030999980689247
vn -0.009109314021717198 0.9963349553403386 -0.0850510268310691
vn -0.5766236437325871 0.6508337231159106 -0.49388322338750934
vn 0.07207834315013387 0.6211012433959979 -0.780408840224582
vn -0.901648850412583 -0.28792711733817283 -0.32268765958895546
vn -0.9440284122842051 -0.24394298747042384 -0.2220409324069937
vn -0.976359140427241 -0.1794069546461779 -0.1205652252051288
vn -0.9825796686637079 -0.16620465091854184 -0.08314570789742272
vn -0.9777557259862598 -0.20927977779899776 -0.013989814347731602
vn 0.13548482461442518 0.6042014602158283 -0.7852289206163124
vn 0.10666887247978189 0.9144107451116823 -0.3904801414517645
vn -0.7690452284727779 0.4223011327616553 -0.47982412385318396
vn 0.12437786772910675 0.6070047006851936 -0.7849047326683916
vn -0.8638356776366609 -0.28085364098973276 -0.41822141789346584
vn -0.8705418028789302 -0.3136249217382001 -0.3792049286401877
vn -0.22447510364037385 0.9744779712250616 0.0019003796282281982
vn 0.3363378934804662 0.8731096144444647 0.3529255198675218
vn -0.5612181063542662 0.6578279488341728 0.5022913764268269
vn -0.2849743745005076 0.8337766040366463 0.47287015177441877
vn -0.06484299454788701 0.8675724546961292 0.4930653322944087
vn 0.4326942738388536 0.7070990796210678 0.5592732400053716
vn 0.07114651306316638 0.5092193515457966 0.8576909849649996
vn 0.022338682714654973 0.8508085017905629 0.5250008347950237
vn 0.05926690274311403 0.516599913945059 0.8541732629573441
vn 0.4763316623544913 0.683767820757622 0.5527836057038771
vn 0.07412555796731111 0.5637700071977252 0.8225987968872259
vn 0.5165751103093302 0.6698090409957007 0.5333910423032273
vn 0.045405016704753165 0.5824958808321303 0.8115644972962048
vn 0.558701352851522 0.6474069477085442 0.5183792457077979
vn 0.0794082107738037 0.629925404329259 0.7725854781461549
vn 0.581075818701553 0.6316780268066089 0.5131605629527943
vn 0.09349090254276167 0.6711053480227374 0.7354434464981114
vn 0.630067793271692 0.5717470284127815 0.5254711327779047
vn 0.0969014983377837 0.6595323563507652 0.7454040317480847
vn 0.6654919017791929 0.48592034202722656 0.5665703397376676
vn 0.29502134902313626 0.6065158596145083 0.7383094985550726
vn 0.6821593676412533 0.4045594212619432 0.6090897075205646
vn 0.7003790009464766 0.33544486875137347 0.6300365029596213
vn 0.4042916169871593 0.5249798378497178 0.7489622542459613
vn 0.7127688496912624 0.20683142648601668 0.6702099133313039
vn 0.7251038068082891 -0.14444540525029542 0.673320127617024
vn 0.7131030096884177 0.09079452722203318 0.6951549837265414
vn 0.7173766152495058 0.05996437780709064 0.6941001838980962
vn 0.6996011874039199 0.20015010416377527 0.6859286510900791
vn 0.5729818097406306 0.39569727766637464 0.7177154799457593
vn -0.7052778685506392 -0.417048440870698 0.5732832860811373
vn 0.7007122375070255 -0.4094062990703174 0.5842848983924224
vn -0.6913086084285132 -0.328874159111898 0.6433771797173684
vn 0.7073141623152213 -0.29455680430344766 0.6426063840539227
vn -0.6773831369913584 -0.2500940875405866 0.6918128598811878
vn 0.7125410281966187 -0.16393098625227417 0.6822110486373423
vn 0.7136103635537275 -0.037025301974947036 0.699563704063026
vn -0.6771939412416026 -0.6710911497541696 0.3017366975813373
vn 2.1491839711900463e-06 -0.9247311385087438 0.3806209682449243
vn 0.632277946899624 -0.7056590743305042 0.31979660517180647
vn -0.966962230140989 0.13040327776520808 -0.2190411619510247
vn -0.9161241884217877 0.10727587384781548 -0.3862749775467065
vn -0.9562862799738957 0.2240262823751952 -0.18795950505052175
vn -0.8837551214313519 0.2274147462870065 -0.4089736159155902
vn -0.9191974312415871 0.35396640892227343 -0.17258002130472036
vn -0.8449420205188686 0.34726597077492366 -0.4067915037254856
vn -0.8662066921635038 0.40051750605375797 -0.2987836906453214
vn -0.7950770140466626 0.45899935192500174 -0.3964494124942942
vn -0.7902687797864623 0.49555928522110243 -0.3604112241953155
vn -0.9765437272207852 -0.11034126377593567 -0.18489768612415455
vn -0.9680036793831637 -0.07733814678694834 -0.23872094116817139
vn -0.9843099487651963 -0.03200984116128181 -0.1735203009180376
vn -0.9661887469319809 -0.001741055575336746 -0.2578299323730517
vn -0.9537172496190889 0.10956987696408231 -0.2800318729021327
vn -0.9094465281150118 -0.3484607860118485 -0.22689665733887698
vn -0.900823287504092 -0.3650166042878085 -0.23511759458729886
vn -0.789087814056345 -0.5604354423997702 -0.2515005698004537
vn 0.14356571359982206 0.0378550610045318 -0.9889165183345444
vn -0.22847108762977447 0.8867872787521984 -0.40175774337346426
vn -0.8903536142899675 -0.40139972478069497 -0.21482249059810712
vn -0.8371021627892707 -0.5044274277155063 -0.2116906687169821
vn -0.7498048443201425 -0.5993493869875989 -0.28030877216319194
vn -0.8015101585824236 -0.5605966136450388 -0.20811752078787935
vn -0.7009826526789078 -0.6656703250273979 -0.25594206184439505
vn -0.763292000081626 -0.6146930367523128 -0.19884112547360705
vn -0.7603308285800409 -0.634295639273103 -0.13987878005585455
vn -0.5742073664270501 -0.5829218122813783 -0.5748809103697086
vn -0.5775035217144717 -0.5325704315939639 -0.618755539610921
vn -0.9551154583863608 -0.15152638205260183 -0.2545470814868258
vn 0.1591385497705817 -0.07986723698385102 -0.9840203993990578
vn 0.1808620647939932 -0.006526888176286208 -0.9834868139681323
vn 0.16539915843712322 -0.020509996306308453 -0.9860134169674399
vn -0.838667502613089 -0.4829495192108799 -0.25178677875278604
vn 0.1750482159184377 -0.036809696295872905 -0.9838715202516929
vn -0.8832682554765486 -0.3946572604239093 -0.2531458782246096
vn 0.17271970641766615 -0.04497385465629041 -0.9839437257345309
vn -0.9131843889258336 -0.3277295448666205 -0.24225527289136423
vn -0.9353662576393069 -0.24807166250888946 -0.2520920751033509
vn -0.42562263421085716 0.8931716650934239 -0.14522310395268243
vn -0.4652036105068172 0.8746892008855096 -0.13603088849849435
vn -0.9904621474852774 -0.08709798952618929 -0.10676457567633886
vn -0.9865801674118255 -0.13225044445171663 -0.09575694863547855
vn -0.9924704925616751 -0.06501506639694558 -0.1038044437188816
vn -0.9770835172921227 -0.19175405845532797 -0.09240227974441305
vn -0.9887233519474333 -0.10836396325075906 -0.10336046044024844
vn -0.979918201675086 -0.17065166676940852 -0.10314226415339303
vn -0.9951998650829124 -0.04446528897949355 -0.08717836093276495
vn -0.9824322368895092 -0.16094663155704186 -0.09446206492935308
vn -0.9856288056946714 -0.13903838316161624 -0.09593844585305412
vn -0.9753716930229975 -0.2055389729852049 -0.08002369045250765
vn -0.9751855255467141 -0.2074745105322106 -0.07724971355027012
vn -0.9695188653734669 -0.221752991163115 -0.10420547296162876
vn -0.979647286549241 -0.17826715648111427 -0.09226058138147232
vn -0.9778836539622351 -0.18813519347317953 -0.09137126621797917
vn -0.9781076000555348 -0.18520600871903767 -0.09489076376531945
vn -0.957509195500824 -0.2794419424641279 -0.07133261051748768
vn -0.9558675572232003 -0.2823523842614307 -0.08120556723548866
vn -0.40466451497033423 0.8988967198946998 -0.16802177622669573
vn -0.40094322467011906 0.9022335453165599 -0.15880541645875093
vn -0.39053725712668763 0.9068500982556809 -0.15844099876492038
vn -0.4124075610417264 0.9010345543215377 -0.13437535307563947
vn -0.06174070675629079 0.7305575863839174 -0.6800541876248825
vn -0.7414617189839182 0.04910919009031313 -0.6691956415952559
vn -0.17043054618353803 0.7817775253047942 -0.599814412844417
vn 0.12839420376983204 0.6651471244480421 -0.7355910761264112
vn -0.39652789317570947 0.1320016315116344 -0.9084829107979411
vn 0.008396604636895412 0.7026914148519868 -0.7114451999443699
vn -0.016600012023786987 0.7160747825433758 -0.6978261570092278
vn 0.45167217800857556 0.06926622705987191 -0.8894911092314975
vn -0.11114467764651216 0.6763062022243698 -0.728187325805457
vn 0.030346822294616948 0.7324788111827824 -0.6801131240792789
vn 0.0750607014737812 0.7523438185621181 -0.6544804578943779
vn 0.6304219200151014 -0.061808965728741366 -0.7737879906796281
vn 0.2773149988980773 -0.2576634368913422 -0.9255841099951427
vn 0.20986213252112634 0.042792044117505014 -0.9767941063980325
vn 0.3228554771213996 -0.0407853959910642 -0.9455690838677867
vn 0.002346913264421976 -0.10448631115502781 -0.9945235556684134
vn -0.0099280594275915 -0.1479301647822306 -0.9889479763786891
vn 0.0031114007364757106 0.7024632623599498 -0.7117132036291539
vn -0.3116447976245746 0.8510248340876668 -0.4226514543682506
vn -0.9510385861894513 -0.021664532822319706 -0.30831194527030653
vn -0.3827951831490217 0.8681796301236074 -0.31580370104915334
vn -0.9791867209203196 0.010072501359526665 -0.2027113965461106
vn -0.4095081102198498 0.8972791157861064 -0.16490389940286493
vn -0.8583535255669167 -0.003187953711938986 -0.5130487911475625
vn -0.9370067014740723 -0.14810426447560504 -0.31635987140726135
vn -0.903262852073695 0.0075667583149277295 -0.42902093682278175
vn -0.5289615861154742 -0.2687305500293878 -0.8049742430010444
vn -0.5695822521016779 -0.00269951776255647 -0.8219299061931196
vn -0.6485320200893759 -0.10696836317292713 -0.7536338555285969
vn -0.7108395787292935 -0.2224768044132722 -0.6672414591510478
vn -0.8229974557500216 -0.23452653527473624 -0.5173707491548194
vn -0.8610508922056765 -0.2141353091651276 -0.4612346803966106
vn -0.23954988727747634 0.8181655263287075 -0.5227054840276859
vn -0.3119441183382295 -0.041765820169453835 -0.9491820074673549
vn -0.2598016235274045 -0.28431064654798605 -0.9228599962464462
vn 0.1819264901720188 0.6422573560548687 -0.7445859525716958
vn -0.062338263532332724 -0.04300291698441156 -0.9971282214593093
vn 0.2833611814964989 0.6407243545628784 -0.7135676157806569
vn -0.034232774576139866 -0.09608238906285849 -0.9947845453447661
vn 0.013928304623522576 -0.10737760156096379 -0.994120743679222
vn -0.07823875668207111 0.6938588982712989 -0.7158481167416613
vn -0.16161774928991093 0.6813753775062273 -0.7138678435415828
vn 0.027936303814049775 -0.10449723488666038 -0.9941327330041252
vn -0.22603735310072792 0.667114788390318 -0.7098344695167726
vn 0.03612136674240008 -0.09868333581351915 -0.9944630943868039
vn -0.2740666095674178 0.6480837794817117 -0.7105455005085323
vn 0.07198914926472158 -0.060191534954982286 -0.995587535833944
vn -0.2424848638368925 0.6282933975610485 -0.7392215482459896
vn 0.7248737505898004 -0.04144267633799824 -0.6876340235065596
vn 0.5330861249651165 0.02704188794389088 -0.845628712654736
vn 0.5065426459954478 -0.27001727107190704 -0.8188438319428258
vn 0.3299309393418482 0.8615313394133084 -0.38588771226059587
vn 0.9132861560879743 -0.13341773497384402 -0.38484815848916504
vn 0.8291651235639329 0.06490869917092136 -0.5552225307362325
vn 0.427957765904337 0.8920361440566598 -0.14533983727352626
vn 0.9728629322226595 0.03943090889757491 -0.22799762834433202
vn 0.931021146565298 -0.014133811585444116 -0.36469145865828134
vn 0.13589564876296784 0.7803593251959785 -0.6103865137984038
vn 0.1800490331241392 0.8259995167732881 -0.5341415018151624
vn -0.19754795048997129 0.6456118451347335 -0.7376721173251276
vn 0.27706005961466534 0.6526624858549749 -0.7051733141036485
vn 0.23150709217807977 0.6691849387482001 -0.7061132940426897
vn -0.026249789252261426 -0.09931696371198344 -0.9947095502121432
vn 0.16312168751861408 0.6877761573748984 -0.7073579521060739
vn -0.014456909850643006 -0.10096470547330419 -0.9947849647065737
vn 0.1026895053775864 0.7019193677272386 -0.7048149166232937
vn 0.05970778854971807 0.7071392845691004 -0.7045488004429522
vn -0.9410413437831584 -0.3382794830372477 0.0028601830081077125
vn -0.960116929299913 -0.25925016930996236 -0.10471309270794124
vn -0.9910009036552289 -0.08859635974300302 -0.1003388957224871
vn -0.9150464756650916 -0.38503011175783924 -0.12017387574943639
vn -0.8905790054373686 -0.4475972226765099 -0.08078218446205805
vn -0.894066064202498 -0.44314443992193103 -0.06533665286600271
vn -0.8420909545844175 -0.5342960129331036 -0.07355674524401842
vn -0.8865944794299715 -0.46055737504474475 -0.042861793431823815
vn -0.7776664985472507 -0.6243741683067737 -0.0734282982812726
vn -0.7587198330007711 -0.6512222999523055 -0.01592893769564411
vn -0.6566191831619792 -0.7531869804572452 -0.03950469305528677
vn -0.6525580007865937 -0.7576099325149259 -0.01397303704043701
vn -0.5482732867133172 -0.8359743032902204 -0.023310240560907226
vn -0.5551219689123549 -0.8317643022115301 0.002783019481957227
vn -0.5886403832365591 -0.8083769698480798 -0.005401281547362205
vn -0.28232476486032115 -0.8331564924583149 0.47554493606926573
vn -0.19051431546433983 -0.8585676906390342 0.4759893026044911
vn -0.19207012166575393 -0.7954033392765324 0.5748413661446471
vn -0.07593544238337298 -0.8284758272423798 0.5548527843176925
vn -0.09639051692417007 -0.873810598849396 0.4766171478089631
vn -0.004387511138149659 -0.8611158841032015 0.5083897952272194
vn -2.3525553197904222e-05 -0.8787461422702951 0.47728944770613024
vn 0.0838200616697997 -0.8387584185408957 0.5380134873666704
vn 0.0963083825315303 -0.8738001870999798 0.47665283852946966
vn 0.18646964094880014 -0.8188986054324736 0.5428021251111453
vn 0.19061650812524264 -0.8585885356079712 0.475910782975863
vn 0.2832193742804848 -0.8114356578139126 0.5112327838277526
vn 0.4969187012780296 -0.6402045646968196 0.5858412068654032
vn 0.41949715921852 -0.7127827069204511 0.5621058139912325
vn 0.4536357943870426 -0.7390139739550755 0.49806918430069896
vn 0.35746704529865314 -0.7854214288691403 0.5053023754135821
vn 0.3758774165983149 -0.7937764266062245 0.47815808291362183
vn 0.2831429840308078 -0.8327960753597511 0.47568975967485927
vn -0.276986577764099 -0.8135134996994363 0.5113455011489862
vn -0.3574129505290288 -0.7854267587915839 0.5053323553546526
vn -0.37513675925345735 -0.7949803087119558 0.4767375804539192
vn -0.4133187734734709 -0.7243080700325687 0.5518563320104983
vn -0.4560132928228286 -0.752601449848411 0.47501887799849646
vn -0.48219404568726 -0.7314494320457231 0.48215208250482733
vn -0.49981619927005094 -0.6228640355367798 0.601850612845146
vn -0.6412615954783204 0.6299782685087506 -0.438076417273648
vn -0.77079883189307 0.5400796147754379 -0.3379100034865695
vn -0.5749395709670341 0.5515631742241136 -0.6043364580894182
vn -0.8071650016948216 0.42782656399035235 -0.40675433763293506
vn -0.6582682036374374 0.5388044402305011 -0.5257116579150948
vn -0.47201132646410965 0.567405164824214 -0.6747271201162721
vn -0.3089042602693546 0.4971632124520595 -0.8108063259322729
vn -0.9532068186906579 0.24619215160681193 -0.1754599250223354
vn -0.9406607840177102 0.2416401079834149 -0.23825899274728288
vn -0.8759133923693444 0.43212545062338525 -0.21457708170157158
vn -0.9426387455427373 0.31133524156901454 -0.12042658659439721
vn -0.9969529970983078 0.06434592999026949 -0.04409447664264826
vn -0.9926146193033129 0.11460329750453803 -0.03977815664941457
vn -0.9957054310854423 0.06480245596692714 -0.06611608130861879
vn -0.9098558103371275 0.4132826146408344 -0.03687661632261113
vn -0.9191736397217336 0.3928666518372594 -0.02784984586819436
vn -0.9576415025906277 0.2583513820866678 -0.12719007779647504
vn -0.2630295840900164 0.394531103941665 -0.8804320791043474
vn -0.36391830296135497 0.5087013412553766 -0.7802476620757723
vn -0.2702117754638002 0.3976062765762596 -0.8768664922483147
vn -0.3401222364648867 0.6126803623878907 -0.7134000545320743
vn -0.3529371976396665 0.6224161608015414 -0.6985939144419517
vn -0.44450307214921925 0.8051846176319617 -0.39254904200466195
vn -0.3987483337647176 0.661080695505936 -0.6355879800226318
vn -0.6101609893626518 0.7201817381081018 -0.330214825765869
vn -0.6203522764308496 0.7805594699269538 -0.07674612064733974
vn -0.5171745161753221 0.8543830410922815 -0.050597815295979884
vn -0.4095144771397778 0.7290745748726412 -0.5484051032651067
vn -0.9731736324173225 0.12704412775421658 -0.1918146781944604
vn -0.9404897775343813 0.11161634539966359 -0.32096848722725574
vn -0.9039326399479798 0.3662787144920368 -0.22078425158225626
vn -0.9067653574644859 0.13827790021577513 -0.3983162171117555
vn -0.8398547473693422 0.38599911186606034 -0.3816394751067963
vn -0.8095507799837143 0.21077643398054094 -0.5479058582514029
vn -0.7483569121216673 0.3024597436911997 -0.5903219761502843
vn -0.3546287856735303 0.5456399329614918 -0.7592861699843453
vn -0.5038786478317381 0.6474250483391409 -0.5717928952359587
vn -0.5399428507244448 0.4254310559445208 -0.726271391829177
vn -0.6409021145365105 0.5687029996689816 -0.5155786824046665
vn -0.7047998858719285 0.4415712790196928 -0.5552224116692596
vn -0.7422526017390739 0.4909751270169019 -0.4560751033133826
vn -0.675191522725338 0.6522947886941906 -0.3444240355756846
vn -0.7500080205787036 0.6589520009056643 -0.05718592108234327
vn -0.7884905279947886 0.5129171271295182 -0.3394093516090874
vn -0.9865927541005399 0.1259570151336601 -0.10377652863210726
vn -0.9748220851389335 0.22187009651914488 -0.022261235274955844
vn -0.9959276064532302 0.075211484852677 -0.04971353186603586
vn -0.937857747492632 0.346761379587273 -0.01339369608353266
vn -0.9539879097373043 0.29954935531687593 -0.013313594717175215
vn -0.30913484534091606 0.3312561988464328 -0.8914622696008286
vn -0.4343124252395314 0.3210834989968902 -0.8415925997503012
vn -0.8517272285018515 0.5179891936590689 -0.07904380735378663
vn -0.8873830400405075 0.45730531790491197 -0.058508003421367354
vn -0.8964472882831337 0.4419429090903688 -0.03269135106657553
vn -0.06785360066229681 0.04677406121844428 -0.9965982520927352
vn -0.06945522880758391 0.25778565290378075 -0.9637025102946748
vn -0.24856623495108543 0.33084531065772466 -0.9103604820388654
vn -0.006297019372491232 0.3570593237361284 -0.9340604835234821
vn -0.08808493387635506 0.4881507631214478 -0.868302871634055
vn -0.48944331493082693 0.41557274724787396 -0.7666449851230868
vn -0.6859039770738292 0.4535616802088476 -0.5690496783941021
vn -0.7818181810092542 0.1456150406951022 -0.6062644569548384
vn -0.07068109642108207 -0.42359162576355575 -0.9030915331192633
vn -0.30072921944410935 -0.11732306362388004 -0.9464656545878692
vn -0.3086152524254556 -0.34676678114861337 -0.8857253668390681
vn -0.5720362919749171 0.017052786480748858 -0.8200510247154317
vn -0.5944777169072714 -0.20301994235800275 -0.7780611461226368
vn -0.8124776538652655 -0.03563078072987019 -0.5819024913455637
vn -0.07339145690754761 -0.19809706755866194 -0.9774309417435313
vn -0.27845791037515194 0.11742918238400589 -0.9532426654709322
vn -0.5370184261346068 0.22253599986917236 -0.8136884777076161
vn -0.7407332154014474 0.30581584765061004 -0.598156309777613
vn 0.9982960437739634 0.056480266962471125 -0.014662483728923481
vn 0.9927086173648618 0.11446649050822294 -0.03777596537846852
vn 0.976106326307545 0.21546102922383287 -0.028159982744939208
vn 0.9424262024408923 0.3122522314788813 -0.11971381244157978
vn 0.9589013898679705 0.28212558020215106 -0.03022054772624696
vn 0.9240740717415961 0.2705671948693696 -0.26996389202155985
vn 0.7795431531111972 0.4485768669083524 -0.4371398711077944
vn 0.8556149275718888 0.45704430120709416 -0.24296831573328756
vn 0.9196322846325308 0.35303285888603964 -0.17217508997616673
vn 0.8615742815433178 0.40848808213661963 -0.301375586495426
vn 0.9531673511759364 0.24414511664686586 -0.17850815855231178
vn 0.7894805123132609 0.5022812840470894 -0.35275208344331305
vn 0.7739372150409185 0.537729249753882 -0.3344673992093017
vn 0.9969598491749991 0.06250479743495399 -0.046521064374954194
vn 0.9929078105811054 0.08318958906505795 -0.08493274962123017
vn 0.9936385840243013 0.018468226347762247 -0.11109135409089861
vn 0.4985034178794692 0.8650968975123171 -0.05569291047387451
vn 0.41004711360616014 0.7293412450877602 -0.5476519997563166
vn 0.40550219696770534 0.6712635210846569 -0.6204621289936983
vn 0.5200686844668952 0.850547379083745 -0.07808789516080439
vn 0.49540245194095917 0.8118196665877887 -0.3090715767458689
vn 0.5718151792719048 0.8163693470309984 -0.08104622127169599
vn 0.6610363292344082 0.7474232699926111 -0.06625275017575664
vn 0.5983828877543113 0.7398714805284308 -0.3074542436582704
vn 0.7376808716630804 0.673842108465424 -0.0419969575239648
vn 0.6814034135170783 0.6592213865971139 -0.31798828830674236
vn 0.7687312670242008 0.6367788705619788 -0.05970685978325729
vn 0.7913117216478619 0.567795711680392 -0.22679018713351304
vn 0.8025943283901313 0.5940526880899859 -0.05425631584484857
vn 0.3364026580074755 0.619605162494379 -0.7091704268339307
vn 0.35223258461199014 0.5532781850581839 -0.7548612165665151
vn 0.5079665388670048 0.6401427179558331 -0.5763569172306291
vn 0.641520466995778 0.5662766628760743 -0.5174767932066672
vn 0.7406493015698606 0.48558772985435594 -0.46437395351049854
vn 0.6524001540157327 0.41304785590226406 -0.6354254541445366
vn 0.5890753574396361 0.4693865511882084 -0.6577738888257916
vn 0.3790111437485793 0.5085073790780338 -0.7731563867275383
vn 0.29688587854700255 0.45556093495724176 -0.8392395424789385
vn 0.9803381214012974 0.06660918617448518 -0.1857427900203603
vn 0.9494323777277878 0.2893294878687434 -0.12192869872089111
vn 0.9016362465786878 0.16868353878230521 -0.3982435719498487
vn 0.9086544619948803 0.3244768502883293 -0.26279619921863356
vn 0.7945962316402624 0.22700348737409104 -0.5631041159351396
vn 0.8234453583528578 0.36698739519065715 -0.43273316671860257
vn 0.7221408821634088 0.2865093151259657 -0.6296228701804788
vn 0.9385049443683249 0.3449990244934133 -0.013569911377775756
vn 0.8602104421331854 0.5075604005910954 -0.049197916590405226
vn 0.8912379115461521 0.4506759920813976 -0.05085405769750638
vn 0.9069999892438345 0.4192619060744933 -0.03962920168848685
vn 0.918599116320036 0.393672988918243 -0.03460117472320889
vn 0.2694844069193068 0.3972125126040288 -0.8772687012872076
vn 0.3461366452028113 0.3255121913719246 -0.8799041062047562
vn 0.5931479029427867 0.27809736656044237 -0.7555378348876524
vn -0.2934015471580376 0.3352505927424159 -0.8952779301374119
vn -0.23940059442123848 0.3866280343577432 -0.8906211980631413
vn -0.23361407036393372 0.4331070358998941 -0.8705416483902438
vn -0.16968341940804058 0.47758719369152003 -0.8620429279333214
vn -0.3414036293804959 0.7616394426979936 -0.5507712058309827
vn -0.2721035195592384 0.36509266372458965 -0.8903184944377822
vn -0.2341940307265984 0.804425779765768 -0.5459416826184509
vn -0.12957951012959812 0.4972274113614544 -0.8578893005192222
vn -0.11666471836639929 0.8336352733383542 -0.5398532898247228
vn -0.08762452530409531 0.5110012858520621 -0.8551021157866299
vn -0.0441707309151006 0.5192975366282888 -0.8534512376124468
vn 2.6013931770165526e-06 0.8428875250964574 -0.5380897880744456
vn 1.1572456284194793e-06 0.5221458807882479 -0.8528561890345439
vn 0.044169297702358105 0.5192947421941931 -0.853453012104326
vn 0.11771035624649129 0.8333111639668859 -0.5401266296346424
vn 0.16929164783581338 0.47836135438242355 -0.8616906362532022
vn 0.23591052467669796 0.8037626289227823 -0.5461793301598871
vn 0.12958706780077628 0.4971854070266492 -0.8579125030552603
vn 0.08762288892726292 0.5110009550908786 -0.8551024811285783
vn 0.23780734657135172 0.435252537242643 -0.8683334006823271
vn 0.24435473168584124 0.3842524515777483 -0.890303778807678
vn 0.3429783399254411 0.7605037528815428 -0.5513618595759757
vn 0.2756120932771081 0.3635285854462696 -0.8898791724739068
vn 0.2857971432291752 0.3345577141667536 -0.8979928333865248
vn 0.7014231972947891 -0.6516806260477728 -0.28864833263114203
vn 0.7453683618783038 -0.641423190803961 -0.18166533904330645
vn 0.7685905274911962 -0.6064583763836343 -0.2036586329251255
vn 0.7421575266347222 -0.5899388040574333 -0.31807925604590603
vn 0.8084019836601597 -0.559416623385661 -0.18313730994558233
vn 0.825545191457293 -0.5280291253292613 -0.19914913925437025
vn 0.7856893481511422 -0.5638149620992386 -0.25456813766625874
vn 0.8435705226129602 -0.49309053584125423 -0.21272164168763333
vn 0.8816483868666557 -0.4142019057808254 -0.2261258569535027
vn 0.2347734993227257 0.8691817252182036 -0.43520631034311674
vn -0.17723221194293795 0.028691235486689712 -0.983750759113334
vn -0.17323924252204978 0.006948567374572746 -0.9848552595492535
vn 0.8393050764620288 -0.4808589541267744 -0.2536565687325539
vn -0.16228594846154046 -0.017315301048119933 -0.9865918362127021
vn 0.8829465176871669 -0.39484494481101584 -0.25397424369666194
vn -0.17522224495626007 -0.03962534483741077 -0.9837311608966164
vn 0.9111825336874935 -0.3302862926883384 -0.24628713966635218
vn -0.17336223989314825 -0.06074413611871561 -0.982983053621181
vn 0.9354485126141622 -0.2458894956334586 -0.25391816828473507
vn -0.15380848981765594 -0.06800152408128053 -0.9857579526347403
vn 0.9551106769199436 -0.151537833942501 -0.2545582049699883
vn 0.5818811828459346 -0.5259044048103796 -0.6203538071543179
vn 0.9663480590288419 -0.08125989859381046 -0.24406609287591266
vn 0.9106550643555081 0.11422434589549108 -0.39706441866328507
vn 0.9537174220848781 0.10956913401866865 -0.28003157622342095
vn 0.9672382163599118 0.1325215377419206 -0.21653700572284
vn 0.965573008395033 0.000846215839643271 -0.26013083127095527
vn 0.9843104292939502 -0.03200935169291592 -0.1735176653466684
vn 0.9765726691631678 -0.11164997697831612 -0.1839568005926052
vn 0.5805425008038374 -0.5823941224754291 -0.5690232779654111
vn 0.8833276599026831 0.22742563830486046 -0.40989001487286364
vn 0.9573051495813557 0.2230443292882961 -0.18389692155485393
vn 0.8468785270983057 0.34292595283255983 -0.40644624640127436
vn 0.7953082869896776 0.4612511066611765 -0.39336007073594115
vn 0.06858250110188867 -0.03699084080928679 -0.9969594366065408
vn 0.07111528729883754 -0.20514655704658982 -0.9761442035090583
vn 0.30515420338607807 -0.12315588266179572 -0.9443058512587975
vn 0.07718257083761138 0.25073620079659775 -0.9649736827338792
vn 0.06850255211447062 0.10500055332082853 -0.992110016155529
vn 0.27149557941554014 0.12495511005118622 -0.9542936502093661
vn 0.3132865805186895 0.4737375237108044 -0.8230578819835588
vn 0.08810584128780277 0.48815493940805016 -0.8682984025451683
vn 0.006290926925602218 0.3570603364274412 -0.9340601374583647
vn 0.685039049776776 0.4538564738351318 -0.5698559479718294
vn 0.2518387065645854 0.33143011255669713 -0.9092476815293685
vn 0.48828739109514835 0.4176590449068561 -0.7662482273421495
vn 0.5045633744795072 0.35627210834248413 -0.7864387998764136
vn 0.6543647930685701 0.5325032568963672 -0.5368863929986387
vn 0.5357371714295709 0.2232696412350117 -0.8143318429555801
vn 0.7395573905274022 0.30490241867730244 -0.6000744797115024
vn 0.5747660749499015 0.0092821369450533 -0.8182651165853384
vn 0.7825085333054084 0.14133484610549354 -0.6063867219692027
vn 0.8082061620801475 -0.0183248557856704 -0.5886144741986155
vn 0.5926931612740395 -0.19039371975508892 -0.7826014618289477
vn 0.30874893977275747 -0.3394553204822777 -0.8885067121780637
vn 0.0664525212507525 -0.4217936482298158 -0.9042533830361935
vn 0.4329695934381757 0.6109945800026473 -0.6627389790599084
vn 0.24973616352582925 0.7192618855365485 -0.6483010015739675
vn 0.36691363509266617 0.9298705107111819 -0.026743554229230224
vn 0.9967117292065528 0.08102797744061979 -0.00044241831529789026
vn 0.7194399515317351 0.042672796937006666 -0.6932425178403209
vn 0.7150184735552463 0.14884126374357112 -0.6830774924427991
vn 0.9357128826475428 0.35272803247288864 -0.004933189154131055
vn 0.9360914792180203 0.3409672993305093 -0.0864525495441149
vn 0.9966552585320678 0.079214277782793 -0.02008466668201308
vn 0.9360926846714978 0.3116645766685223 -0.1630818118446647
vn 0.99665543821111 0.072405326733707 -0.03788675421311573
vn 0.9360915025359817 0.2654128632185371 -0.23084347709663844
vn 0.9966552318736357 0.06166151471172485 -0.053630274867516974
vn 0.937105537017022 0.2089177638554199 -0.27961863392429576
vn 0.9963724401927101 0.05285332540536065 -0.06669697457920731
vn 0.35813079313518975 0.5477987974952195 -0.7560812208163562
vn 0.591400496178818 0.5036093406942175 -0.6297801879108166
vn 0.08806361455342036 0.5703770224976792 -0.8166485486416224
vn -0.014562955284596389 0.6842276780236639 -0.7291230382862169
vn 0.08286911821506493 0.7606651010315909 -0.6438332962179395
vn 0.3694895441234481 0.7011384043054679 -0.6098216253884644
vn 0.36947737444049583 0.8233337505635641 -0.43082247499346255
vn 0.09406348318055566 0.884527526309261 -0.45690602571334166
vn 0.36948357241094654 0.9007353934610326 -0.22838047351961455
vn 0.09885718015222497 0.9624226001268943 -0.2529229066283609
vn 0.08718179834057165 0.9957408273453305 -0.029992312277325944
vn 0.06290679466777034 0.7448997702608416 -0.6642040856920198
vn 0.6252762705202671 0.3992800338406358 -0.6705259428989204
vn 0.5374120350534807 0.5084476653807666 -0.6728070125589688
vn 0.7134985695172014 0.7004898437106097 -0.015289543982503127
vn 0.6813346189864533 0.2691266160458387 -0.6807011102578725
vn 0.7151578596886513 0.6775238703269432 -0.17178661432936612
vn 0.7151541554504224 0.6193061436186832 -0.32405930694573143
vn 0.7151578612660622 0.5273922246528087 -0.4587010735164163
vn 0.7134709933244368 0.41223025616322956 -0.5665909967412471
vn -0.10298949681582234 0.3372153602310055 -0.9357771980390936
vn -0.11054027946728422 0.12936546216893102 -0.9854163707860315
vn 0.027027425516271495 -0.05224838050566403 -0.9982683131325454
vn -0.08866248395180255 -0.17227115531125076 -0.9810512794891117
vn -0.06345420209173684 -0.3337811740528212 -0.9405124624824603
vn -0.09267267190151744 -0.570707531814119 -0.8159072796667953
vn 0.08626562149822027 -0.5504828410075444 -0.8303775552745801
vn -0.09374843257784057 -0.5131166497871812 -0.8531837639690394
vn -0.10174609346369877 -0.4324353413500426 -0.8959059147122248
vn -0.0993133555019873 0.5446493819820337 -0.8327628162481349
vn -0.06022116933370555 0.6762316950238569 -0.7342234710285707
vn -0.10332504907479298 0.7803909933407023 -0.6166958989213431
vn -0.035605233112311244 0.8614319187532221 -0.5066234466822079
vn -0.11746457394407916 0.9317316562799711 -0.3436250784705884
vn -0.11316821085667395 0.9845663304019644 -0.13349942730330042
vn -0.07958453214528208 0.7320825506020762 -0.6765511372743197
vn 0.3626862167445974 0.931673451006263 0.021054426460287667
vn -3.2352231395286897e-07 0.9999999999999076 2.831309534685979e-07
vn 0.30379473146001035 0.9164868160141787 0.2603088112402904
vn 0.3628360911521583 0.9191001509622736 0.15363880843897607
vn 0.25650847146574546 0.8946715454363686 0.3657406592830591
vn 0.09665443291462679 0.8622657824235368 0.49714750432791865
vn 0.22823479618253437 0.9736061204673258 2.834004108601091e-07
vn -0.10466789731021782 0.9148543490244246 -0.3899822449083471
vn 0.7710283487821414 0.4245075231728777 -0.47466688123768763
vn -0.33476365151243115 0.8750139079362471 0.34969123315319245
vn 0.566210690306372 0.650639935949238 0.5060366863486806
vn 0.5621799404393361 0.647143044566917 -0.5149364955373488
vn 0.2964159880603884 0.8236905734670569 0.48339569837111146
vn 0.42655758712868735 0.7260636810530238 -0.5393330658495593
vn 0.06979688251168707 0.8669073242936421 0.49355859457382334
vn -0.11153445571965104 0.8753320905397513 0.4704825145089135
vn -0.01885056483215132 0.8461009007229369 0.5326893297235676
vn -0.3656929612515565 0.930581071183099 0.016956651992178544
vn -0.3560700205838725 0.9344581940712149 0.0014226645999467298
vn -0.01155848516385775 0.9962906822218194 -0.08527178864488856
vn -0.358861518118902 0.9256263625878351 0.12014261398775322
vn -0.32943713200116836 0.9191764217096835 0.21583762839650295
vn -0.226389386153272 0.9075423580858103 0.3537155836504686
vn -0.12442622266385521 0.6147652614285162 -0.7788336076815978
vn 0.784489933649487 -0.011561220440956133 -0.6200337750353113
vn 0.8532345320056665 -0.28031147549922747 -0.4397912119364337
vn -0.1265000230146141 0.5973266182520901 -0.7919587459614448
vn -0.0725193698417409 0.6179996692190779 -0.7828265132472628
vn 0.7152611451686977 0.6971906251018147 -0.04823615326810268
vn 0.9777609308895052 -0.2092511067298272 -0.014054762837942318
vn 0.9826343038993464 -0.1655514838694436 -0.08380054289127442
vn 0.6818141382234785 0.6878277633949537 -0.24904306619874284
vn 0.9764099159777762 -0.1791951221351765 -0.12046901752413859
vn 0.9440161892449468 -0.24394630405146894 -0.22208925048970032
vn 0.05473913964029175 0.7839378729809927 -0.6184214080200311
vn 0.9016115435260325 -0.2879652081710589 -0.3227579022481154
vn 0.8705240086082163 -0.3137124962967073 -0.379173337807355
vn -0.5980390806838328 0.8013131335690241 0.01570095362158322
vn -0.6894269053196956 0.7242034771149476 0.014827877660911527
vn -0.6919709519654499 0.7212471992092581 0.03128384996815746
vn 0.33757139665521346 0.9360641871495653 0.09914327862377877
vn 0.5136707687392508 0.8571220343486371 0.03852479171755599
vn 0.6070737646455988 0.7935337163993685 0.04202005731108315
vn 0.6768173230002277 0.7361341211243975 0.004986682586242588
vn 0.7001350812926482 0.7096046491062725 0.0791966534021529
vn 0.7133826908521708 0.7006458691054624 0.013435121806937164
vn -0.7091472031626685 0.7048971409625892 0.01517448217674164
vn -0.7272896677594088 0.6850114688323289 0.04253265496749698
vn -0.6732045783906591 0.7381311832178877 0.04424875134075698
vn 0.026203973967203434 0.9996443112897139 0.004960106293198336
vn -0.6545197921857389 0.7450299388010306 0.12858550434349056
vn -0.5061058837912775 0.851867599115303 0.13482740066239973
vn -0.661934565921789 0.7313062378860428 0.16441963650031444
vn -0.5560833686141231 0.8174711200938962 0.15004084431647255
vn -0.6664984476380965 0.7336254892884287 0.13256493036365583
vn -0.3234381591862389 0.9346179484761398 0.14790891646032991
vn -0.38889492987264923 0.9059411262223896 0.16742583235049333
vn -0.46651204826644305 0.8819587676160988 0.06719554335921565
vn -0.1566026178973928 0.9757003208823457 0.15324654612020064
vn -0.22775609324783053 0.9570549632006221 0.17936822294247448
vn -0.3068400007092407 0.9507048912807642 0.044826595449391556
vn 3.6896809684398014e-05 0.988040900575871 0.15419201479923458
vn -0.07418287604304177 0.9801731170426915 0.18373230943085864
vn -0.14988701030321355 0.9877699367181935 0.04294690044811408
vn 0.15669403286851444 0.9756601340971645 0.15340887457022845
vn 0.07419245367284134 0.980172736702215 0.1837304711899844
vn 6.2252825109010895e-06 0.9992747979453396 0.03807726556025698
vn 0.32357892226213253 0.9345102165637659 0.14828127395467142
vn 0.22772955133530398 0.9570633715178889 0.17935705825930717
vn 0.14987374661035244 0.9877661251340243 0.04308064663733479
vn 0.5511924530819866 0.8218548001295829 0.14401932915211568
vn 0.4592105862692526 0.8868337044346147 0.05149386504262099
vn 0.49527321260282237 0.8574549256685603 0.13955463204352414
vn 0.3924030331879757 0.9049177231200967 0.16475367652351902
vn 0.30648049432416236 0.9507176394852588 0.04696463105779041
vn 0.6499616451002213 0.759962489557107 0.002621900985520093
vn -0.017995926839950892 0.9998244142886565 0.005223716063869101
vn -0.023255515640589385 0.9995288786099731 0.020030022890152568
vn 0.7053893294259078 0.7085026400102111 0.021210917722467377
vn -0.02449361638213973 0.999456823578826 0.022048141832091608
vn 0.7107257345982374 0.7021160812542685 0.0436112213076542
vn -0.005748294744818696 0.9992488477661308 0.03832358732669439
vn 0.6876959131370195 0.725418269072118 0.029028709083477655
vn 0.4210500597787838 0.9061647268330199 0.039778574684386385
vn 0.16092747104282967 0.9868582977858578 0.014596203443314386
vn 0.30944493799832334 0.9508369622490712 0.01236533736588592
vn -4.210291382488707e-05 0.9999138832719444 0.01312342437647808
vn -0.16063767135792617 0.9869130228845429 0.014079197477003574
vn -0.30681265264207774 0.95163083315419 0.01627124976742044
vn -0.4229382944738081 0.9053193009941828 0.038989258969499764
vn -0.5130588549820186 0.8575228778829298 0.03775083087718508
vn -0.33735453574326996 0.9372684610390185 0.08786210306493256
vn -0.6070332691607861 0.7935797296130552 0.04173515160195941
vn 0.018685807376506932 0.9997211946610477 0.014435149745528989
vn 0.03427666845420922 0.9992504358366607 0.017991011086751368
vn -0.7190447977247408 0.6940032133611411 0.03652558978849022
vn 0.00046597699919722225 0.999416150923322 0.034163432776112126
vn -0.7100824996271112 0.7021135545747219 0.05309802449962349
vn 0.667487880393759 0.7359928058856621 0.11302441865365631
vn 0.6623097647497882 0.7437924743077025 0.09010288941152858
vn 0.6640783106669124 0.747129272767993 0.028246186909914598
vn 0.6898958947483305 0.723754966803939 0.014913163179870166
vn 0.6890437144389385 0.7246374124068389 0.010926121567657281
vn 0.5959015046999886 0.8029880074473189 0.010566768289021398
vn 0.5103856389719955 0.8598486240519926 0.012916781605456009
vn 0.5051132812301885 0.8620879517989057 0.04080363327008869
vn 0.41279598355807257 0.9107532225636887 0.011315632911132188
vn 0.32788228765571575 0.9437894922627933 0.041887942608743484
vn 0.15959508120553972 0.9862392905368862 0.04314477785661752
vn 3.7802525424689544e-05 0.9990504653937105 0.04356794885669916
vn -0.4156509107212682 0.9093675335800694 0.016882218073517637
vn -0.5071028212783564 0.8617016663077407 0.017803565204605423
vn -0.15949263502448338 0.9862483229608164 0.04331679616412127
vn -0.32625020525592724 0.9444323533171458 0.04010403443923221
vn -0.5086689595629907 0.8602738115590258 0.034421776868873426
vn -0.6566336225332211 0.7478175054635323 0.0979860412569008
vn -0.6505061188838102 0.7572501029283161 0.058430051427128746
vn -0.6622737219838591 0.7488523117854766 0.024773621115879413
vn -0.6888604328686841 0.7248209695466318 0.010289126952757726
vn -0.0014363250905119885 0.9992270115643717 0.039285064978553816
vn 0.25346160944168994 0.639215551648865 0.7260583248399989
vn 0.6136583390427994 0.7325449655188447 0.29462063134856564
vn 0.6652053886035452 0.7422683984102443 0.08086665378447096
vn 0.6328600982194786 0.7552916895600343 0.1703600885277439
vn 0.45398929408902244 0.7581722566474471 0.4680475938434771
vn 0.23372348145716842 0.6170967129229699 0.7513753929396453
vn 0.45032145731016787 0.704050058033492 0.5491121022788363
vn 0.8852835155428943 -0.46505068934484484 0.0009764465672211514
vn 0.8850200475737864 -0.4655523222693156 -0.0007420391769635879
vn -0.8849858066995605 -0.465617393478316 -0.0007515522517477956
vn -0.8853174827305433 -0.46498603214811646 0.0009719458858876609
vn -0.5066548869928497 0.8621486189805276 0.0007643796384297375
vn 0.7138083203503335 0.35851163575247164 0.6016203859816611
vn 0.5584352098482467 0.4006341090565386 -0.7263899965323161
vn 0.4884526269182295 0.1972075495989306 -0.8500136549714165
vn 0.9615805538175427 0.21748360532474226 0.16752229682910666
vn 0.6572226709826636 0.06912049711975815 -0.750520297942921
vn 0.9985455638093336 0.0522064887196026 -0.013462523250487881
vn 0.8849076261406932 0.45411894615598136 -0.10351075277585547
vn 0.9728345547228364 0.21537747620830694 -0.08488505097695964
vn 0.8988135319722279 0.355276057093805 -0.2567355799251208
vn 0.7642901780321771 0.28106990437531154 -0.5803966166493356
vn 0.7596996523033869 0.39255999407166586 -0.5184140134531152
vn 0.4990448158966362 0.39845190349835147 -0.7695390518519726
vn 0.39900815900746567 0.535497808135789 -0.7443349961725829
vn 0.6494682829477572 0.5977106315827594 -0.47003505224379927
vn 0.36198769472427433 0.6165029332453456 -0.6992060083895809
vn 0.5082600431084036 0.7357010912133238 -0.44767804610787915
vn 0.6022740058758665 0.7749514369070424 -0.19161495839820833
vn 0.7902553864490411 0.5862483343324129 -0.17835166015697224
vn 0.7252031349086796 0.665104984142725 -0.1780892281614163
vn 0.9325284305064064 0.18329341930024395 -0.31111774095747624
vn 0.9955229720908548 0.0643944836168426 -0.06919076903107227
vn -0.7297904201216131 0.6672050754373503 -0.14914197936650625
vn -0.7959562663314363 0.5793307881847308 -0.17558319950661033
vn -0.8848155694826595 0.45469398112458054 -0.10175849610797318
vn -0.6018308764343075 0.7739248659305755 -0.1970784058811472
vn -0.5120526741667129 0.7373956994595692 -0.44051065968629033
vn -0.6490171440501864 0.6015763976306789 -0.46570654337536943
vn -0.9340701866954338 0.1773992250528382 -0.3099070849099937
vn -0.9955251916165309 0.06459238161575508 -0.06897403202709025
vn -0.972810565609849 0.21582777938432887 -0.08401174372595441
vn -0.5001388193097015 0.3968276519583889 -0.7696680947399923
vn -0.7597596461470277 0.2751920289695269 -0.5890964498943938
vn -0.7517059518336124 0.40174407637793946 -0.5230103814200623
vn -0.8992419159320815 0.35656530726972474 -0.25342683023398765
vn -0.3571458132599253 0.6173231752264073 -0.700970017475279
vn -0.3981738209341269 0.5333000578635176 -0.7463569230639497
vn 0.28206511863854816 0.6498662627432626 -0.705771286887988
vn 0.21594666238003568 0.6813211029318126 -0.6994058862396723
vn 0.14599146940707902 0.7042462555357712 -0.6947832053412109
vn -0.2820678693194906 0.6498690949737979 -0.705767579657425
vn -0.2159465839825479 0.6813226251420696 -0.6994044275923531
vn -0.14599164577353335 0.7042448044928722 -0.6947846390854734
vn -0.07360749233399998 0.7181549947714548 -0.6919792920002098
vn -5.735100580562861e-07 0.722813984836601 -0.6910426494249867
vn 0.07360646412811159 0.7181528668968884 -0.6919816097313116
vn 0.3981007277412129 0.8114414801247755 -0.4278767753744418
vn 0.30353801997983654 0.8548749041347403 -0.4207773386333188
vn 0.20876453569784717 0.8874665074334271 -0.4108778003479587
vn 0.1122984235810558 0.9121209322093432 -0.3942391014178686
vn -0.39659787764666127 0.816702105567149 -0.41917513548438146
vn -0.308516455524209 0.8537718731690823 -0.4193938307320878
vn -0.212023007758186 0.8849971563792834 -0.41451933294088295
vn -0.10856400251112155 0.9064479032794106 -0.4081250494629381
vn 0.017678973527324435 0.9279424533946717 -0.37230398477977317
vn 0.48607211646606274 0.8555234926709623 -0.17836325597577615
vn 0.36349383836921706 0.9173235750961216 -0.16244903213156903
vn 0.21671828045799402 0.9631421576536002 -0.15934356298795796
vn 0.06404026430289386 0.9834932874406987 -0.16923296991751524
vn -0.07070288804920741 0.9862818899061444 -0.14916144027417186
vn -0.4858052221843059 0.854081850803789 -0.18584261681872521
vn -0.3673529548342732 0.9150547615020143 -0.16651303260411876
vn -0.22253762767298138 0.962891202047902 -0.1527008097176558
vn 0.9978553831387296 0.06536400620578506 -0.0034901337781584325
vn 0.9671320362536404 0.2538917583275519 -0.013949892660198996
vn 0.8727160244246942 0.4874387369405639 -0.027752809626134363
vn 0.7223707101506721 0.6903712790048034 -0.039598664645233574
vn 0.4620705662661761 0.4938593475048679 -0.7366096229839257
vn 0.3590713657292701 0.5828279601947245 -0.7289576963916174
vn 0.5716695118496459 0.8189869594211924 -0.04954119013122096
vn 0.7070100448190223 0.0007442810948597748 -0.707203112670367
vn 0.7076363472697965 0.00589283419110702 -0.7065522447263584
vn -0.9957873240781425 0.03489577844205577 -0.08479321819706517
vn -0.5289175506728614 0.29575576308844964 -0.7954714031253356
vn -0.5411268396049385 0.2090120810583161 -0.8145524497727835
vn -0.7891644074857761 0.18709412197478073 -0.5849917328305674
vn -0.945868908074413 0.09605553965618363 -0.3100086160729678
vn -0.9962083242484184 0.024645527124856233 -0.08343603952067564
vn -0.7777597599557761 0.217753363032208 -0.589638218471036
vn -0.9417315896067233 0.11687059445859914 -0.3154090634203268
vn -0.9961013511266427 0.030794439371791396 -0.08266680583797771
vn 0.8700407068698801 -0.2193415329484248 -0.44149570814810235
vn 0.849276886654713 -0.1994289470847658 -0.4888321438477012
vn 0.6624467099458827 -0.28711566259358917 -0.6919024156449518
vn 0.09292425304744391 -0.4330878701420927 -0.8965489277955556
vn 0.09693832247022338 -0.5118064460343567 -0.853614153721891
vn 0.3583266988078134 -0.46732098027214375 -0.8082159849439859
vn 0.3440582733458152 -0.3712232818358463 -0.8624483634197005
vn 0.6628580104323748 -0.3575341355575809 -0.6578667037605163
vn 0.9373474246932775 -0.15770059015767549 -0.31066111646744854
vn 0.7333882640887809 -0.36683016375725436 -0.572343677395558
vn 0.40233115426248134 -0.5132372112018334 -0.7581010535196376
vn 0.10561897544269053 -0.5668957713062485 -0.8169907077204307
vn 0.9832095163520997 -0.06607954022788572 -0.1700956828315794
vn 0.9988188564109367 0.036934956666392675 -0.03157057259538084
vn 0.9985153693489487 0.04707936955235523 0.027396900125482154
vn 0.9421823780314076 -0.1220718417198373 -0.31207504223537136
vn 0.987398994321413 -0.05329069457956667 -0.14900781148748465
vn 0.9995587714706498 0.02929870263460119 -0.004883482365566142
vn -0.8711319237108339 -0.24282069451098748 -0.4268105924283787
vn -0.8548416777712863 -0.2615531651760463 -0.44814690418607606
vn -0.663346678110367 -0.4035355634333279 -0.6301826986553088
vn -0.35848882304105 -0.47741593439412217 -0.8022217831380734
vn -0.3584357619616298 -0.5238598802175685 -0.7727189854309396
vn -0.663470562080258 -0.3805164536721771 -0.6442158347461324
vn -0.937468676009735 -0.12849492205360522 -0.32348344085438496
vn -0.7293630968801835 -0.25016794076449084 -0.6367460045599047
vn -0.38518246760846137 -0.36331385203282174 -0.8483145121758376
vn -0.9831842019841731 -0.06990432393776363 -0.1687074700881645
vn -0.9991018244368441 0.008008368139360693 -0.04161022045980645
vn -0.9984623792143525 0.0475683743646738 0.02846273096378326
vn -0.9436059324288124 -0.14932302549333923 -0.29548346543024523
vn -0.9884441935113536 -0.0424231378088304 -0.14552784507489588
vn -0.9981765429988502 0.059550400176185084 0.009866045090148826
vn -0.9376109999013047 -0.07888952062405385 -0.33861786190303494
vn -0.3903828277344579 -0.16104733195968338 -0.9064573926438663
vn -0.42642499262648564 0.8245631531809487 -0.37182970844163765
vn -0.4462465042454308 0.8864084403403371 -0.12306150633786302
vn -0.42084887830430817 0.6881550181862917 -0.5910405168641406
vn -0.3992167206433954 0.4954125081456197 -0.7714871721108523
vn -0.402123968638382 0.29069800551584474 -0.8682113702524447
vn -0.38714863252799425 0.07408353886926115 -0.9190362156086728
vn -0.9651480322996062 0.11303510462114011 -0.2360346179514481
vn -0.9920960379312758 -0.11534951916099034 -0.04939574830279349
vn -0.952667533920813 0.07490913033456587 -0.294640784695119
vn -0.9956671517644761 -0.08659879829808455 -0.03387581778412596
vn -0.943231924085915 0.02662489291282418 -0.33106593370892656
vn -0.9963465228598612 -0.06441722168986966 -0.0560716321754802
vn -0.9380408303834714 -0.025305298676934016 -0.34559954049789854
vn -0.9980199078198403 -0.03108459559416743 -0.05468099772338337
vn -0.9830108811153229 -0.18274733219003664 -0.017117832406607535
vn -0.9826961290465984 -0.1850714554286429 -0.007541507962933287
vn -0.9855674043114075 -0.16476155254058847 -0.03886543918817193
vn -0.6731316980943387 0.28594691955786306 -0.6820029884216059
vn -0.7086951016204087 0.1440560880865714 -0.6906512118460612
vn -0.9852920737514768 0.16332663581567575 -0.050238823987512005
vn -0.7287945820729226 0.004712760976293681 -0.6847161799060502
vn -0.9772031495012111 0.14828008123603872 -0.15194414142555052
vn -0.98114974630977 -0.1930737796180849 -0.00822745041074416
vn -0.7106435128371148 -0.15082795462009446 -0.6871948237346118
vn -0.8040609274850293 0.5867697046320768 -0.0958506057252631
vn -0.5969519023836962 0.4137415130856888 -0.6873619036505083
vn -0.2538249576880362 0.6901390777349109 -0.6777026960532717
vn -0.39120980647333575 0.6155594443709156 -0.6841355551094133
vn -0.5070285029893511 0.5282525446339095 -0.681081012981699
vn -0.7260591544963155 -0.1337117737568647 -0.6745066832366365
vn -0.7278850080041569 0.020380486017971225 -0.6853962729052879
vn -0.7367819883025949 0.172643050618574 -0.6537175833538422
vn -0.7516957745476424 0.31576032812920585 -0.5790068028157841
vn -0.7712192837501683 0.4404684077082962 -0.45957414873205776
vn -0.7909591975488548 0.5353183428542806 -0.29634071542165596
vn 0.5319372956684781 0.24524785853936032 -0.810491333302685
vn 0.7890157504904671 0.18612821437237434 -0.5855001565264664
vn 0.9452807221051628 0.09815679651312295 -0.3111424106653153
vn 0.9964148300698361 0.026006367306151912 -0.0805056226386524
vn 0.5241403127354498 0.2921260663845156 -0.7999620577904268
vn 0.9958556462273418 0.03521769030172785 -0.08385252630025443
vn 0.7783797680611179 0.21704800460827783 -0.5890798760513596
vn 0.9420174130060414 0.11627356200797864 -0.31477555872618557
vn 0.9961547524013152 0.030412975326740987 -0.08216300992569174
vn -0.9645804267790135 0.03789367079854171 -0.26105300225859873
vn -0.989438405139522 -0.004570653254086216 -0.14488185381127028
vn -0.9324173349158555 -0.16697545717437898 -0.32049510175636164
vn -0.8957277967801689 -0.10512075385816612 -0.431996922655284
vn -0.7142939110465237 -0.3823728976248413 -0.5861528604415773
vn -0.6751044012707723 -0.3133304434456871 -0.6678757972819207
vn -0.38188660190289936 -0.533432879417197 -0.7547264315258442
vn -0.35631872655258645 -0.47536088529291115 -0.8044059881934514
vn -0.09618417149791515 -0.589811718808499 -0.8017922059420531
vn -0.08867669725428368 -0.5492447891231126 -0.8309432020211608
vn 0.9899622008500207 -0.012724929990276346 -0.14075836403185976
vn 0.9611577441557219 0.03302115263136041 -0.27401714239875624
vn 0.8977254972388397 -0.10412911679409635 -0.4280724922755019
vn 0.9341992924554836 -0.179422989706109 -0.3083489463912522
vn 0.6785081830127383 -0.31142656578955596 -0.6653120618967281
vn 0.7162748362306041 -0.3897907720131228 -0.5788035185071312
vn 0.35958192809991424 -0.47274612388820814 -0.8044948348700713
vn 0.3828635670588474 -0.53622996126985 -0.7522452510022984
vn 0.09705398490601562 -0.5900518757697898 -0.8015106411735378
vn 0.6645779670467437 0.600639804274019 -0.4444861654064001
vn 0.11437157872202365 -0.5867389375104037 -0.801658631332436
vn 0.10667220259936595 -0.5829758923129262 -0.8054564855872396
vn 0.4134884699733206 -0.5062671372278957 -0.7567832390864594
vn 0.9918147633775021 0.10628555066484037 -0.07075914687375275
vn 0.9941822484202576 0.09479574422722684 -0.05114121432316005
vn 0.9478859748503696 -0.09829968163386169 -0.3030665789437137
vn 0.9967172110118226 0.03597059192535483 -0.07253218450697317
vn 0.10875235978851444 -0.5540957595430773 -0.8253186133226426
vn 0.4182455800580464 -0.45931257477495946 -0.7836469826493979
vn 0.7477899039187319 -0.3288793388879576 -0.5767570026014712
vn 0.9479438824296784 0.002264662530495694 -0.3184293753217043
vn 0.9796624906263675 0.20022915333164143 -0.013026535066420228
vn 0.9878796799885391 0.13922465364523218 -0.06863114222499031
vn 0.762665160665508 -0.24098977215459758 -0.6002214444885571
vn -0.09065444078139713 -0.5993574502394752 -0.795331641020931
vn -0.09328830933214545 -0.5741315118515948 -0.8134311885100988
vn -0.36062941250000424 -0.5763651500828033 -0.7333141486497649
vn -0.6809717524953354 -0.4737045918609894 -0.5584634562379576
vn -0.9049761058839808 -0.30080959702061705 -0.30088508457442714
vn -0.9874272290554329 -0.13803033818812027 -0.0770395551621569
vn 0.9889043311404754 -0.13228719538850844 -0.06758936149906657
vn 0.997664768247453 -0.0032184810051580355 -0.06822500698259844
vn -0.9975051802205498 -0.005705240721950665 -0.07036238811661516
vn -0.9928762497347686 -0.11467728123768123 0.03233997341611381
vn -0.9872797851837086 -0.13725674260881832 -0.08024470310261443
vn -0.9737189647764236 -0.227750975545483 -0.0009331520831552261
vn -0.961074004166365 -0.26372851539437164 -0.08236521525201262
vn -0.9485096837559984 -0.31661083275083585 -0.009325256345978137
vn 0.9868943093227206 -0.14215630886109792 -0.07636233415381187
vn 0.9921558440220088 -0.11987238564200449 0.035459728333276944
vn 0.9638680794861945 -0.25303498862393453 -0.08325635038650446
vn 0.9742267296961892 -0.22554894835339792 -0.003154527245812253
vn 0.9505659542695636 -0.31051658473155613 -0.001953763098299079
vn 0.919838392193212 -0.38452281203101846 -0.07771447275227912
vn 0.9045827844924791 -0.42626102708839636 -0.005614515596064023
vn 0.8618239798861677 -0.4996548658943451 -0.08720345567275543
vn 0.8577575688626615 -0.5139761494760121 -0.008970553418200643
vn 0.7878963728530427 -0.6105025965269373 -0.08065906817517052
vn 0.7950134408581325 -0.606472808191759 -0.01201506466542758
vn 0.7128899698584167 -0.6971071693392736 -0.07635106633866397
vn 0.7175901746741904 -0.6963302992763735 -0.013727910283099377
vn 0.581311001975497 -0.8115284941136072 -0.05915253353783516
vn 0.650873454371353 -0.758874070934341 -0.02176903438931873
vn 0.5197810246460156 -0.8523750084151145 -0.05731083184941142
vn 0.5630395368825487 -0.8262906406961156 -0.015174221729240874
vn 0.47417327329339964 -0.8803446877073526 -0.012366799087350003
vn 0.39246064484658516 -0.9188419794864178 -0.04128024927352149
vn 0.3701567433499564 -0.9288736400928693 -0.013332145107861713
vn 0.2639471177797751 -0.9637828057078697 -0.038139512813043196
vn 0.25866866667213567 -0.9658624877989719 -0.014148340709797159
vn 0.12741060248561198 -0.9915841114249286 -0.02296711440055456
vn 0.16349726459352326 -0.9864259878481234 -0.015245162127354694
vn 0.003682403503319237 -0.9995616704004466 -0.029375278223491834
vn 0.004681756360351142 -0.9999816587525137 -0.003842306072310037
vn -0.13216565246357004 -0.990675648732245 -0.03307566050473369
vn -0.1564644332714927 -0.9876709635431563 -0.004994886861961762
vn -0.26978191385311423 -0.9619373443992048 -0.04352314795549974
vn -0.2684916689630776 -0.9631540716513681 -0.015698979546854543
vn -0.3965294288421351 -0.9168987689548554 -0.04539889372221372
vn -0.3662932990114345 -0.9303590820141959 -0.016161609233691584
vn -0.5091583331644235 -0.8586803584531129 -0.05853062254973401
vn -0.47618585277409636 -0.8792809832702148 -0.010582347431969947
vn -0.5554271382236865 -0.8315587545409133 -0.003275953450662966
vn -0.5904967696670153 -0.8035213672480994 -0.07527932909215583
vn -0.6457394925821639 -0.7635418154365964 0.004940020193927211
vn -0.7137740654922244 -0.6957198232600195 -0.0806257462213471
vn -0.72087753555178 -0.692993525738327 -0.009775071434775386
vn -0.7885277423377824 -0.6095123606845039 -0.08196756514916693
vn -0.7949518131670918 -0.6065732172117712 -0.010979385397848066
vn -0.8610885692008272 -0.5006471682866067 -0.08876310538886212
vn -0.8579391576182498 -0.5136788399191621 -0.008628513463611825
vn -0.9060911293419553 -0.42301239967402177 -0.007705520738141681
vn -0.9247466129149928 -0.3751508544636892 -0.06407447461674988
vn -0.7578275416122499 -0.6404300828589872 -0.12468651147243069
vn -0.7210203774800419 -0.6854111496059385 -0.10169154957223994
vn -0.638893688559101 -0.7535714647563716 -0.15474140436315945
vn 0.6270389369062582 -0.7787227113369773 0.020325118731667008
vn 0.48247339220900637 -0.8758950925092014 0.005216582083284392
vn 0.3607294994398042 -0.9326651500971078 0.0031537324312007216
vn 0.24228202117403938 -0.9702046169887983 -0.0015567239451550463
vn 0.12128993733739916 -0.9926051131129985 -0.004882675764510013
vn -0.0005054898949702708 -0.9999829252621703 -0.005821826524290727
vn -0.12192509438631167 -0.9925324005726344 -0.003702049758279662
vn -0.24191634840335946 -0.9702961109216961 0.0013919430362641571
vn -0.3474614204882456 -0.93695910274356 -0.03712413040427276
vn -0.4771541682743241 -0.8787082341704011 0.013990671877128408
vn -0.636037934013892 -0.7713773743085488 0.02080127160029251
vn 0.6793919838570012 -0.7337639541552932 -0.004122117567080905
vn 0.7461939086807524 -0.6530394893902767 -0.12936025643383633
vn 0.73347365916701 -0.6707502547786633 -0.11004765796015488
vn -0.4863556464413928 0.7404937571772392 0.4638180470358078
vn -0.6231885207536279 0.7627189857474652 0.1729040669887879
vn -0.2759905368419048 0.640735353344033 0.7164408074285092
vn -0.06933035627507846 0.5223875089194947 0.8498850464760841
vn -0.25716090553740234 0.631474476472391 0.7315109392395323
vn -0.06974722606372796 0.5075924649397178 0.8587695930765344
vn -0.4906257087050926 0.7199154892847058 0.4909257604216631
vn -0.6114656288423784 0.7329452298735911 0.2981628326098735
vn -0.6847439049019458 0.713758799792745 0.1472214672459666
vn -0.9414185010296058 -0.3297307078436846 -0.07077334402211667
vn -0.74798741789744 -0.6628914713543556 -0.033010905361379246
vn -0.8664518463908194 -0.49662061166802063 -0.051275393244918234
vn -0.8657521103167617 -0.49799605239549494 -0.04973143151546238
vn -0.6365272447191164 -0.7712288100379155 -0.006260135604840902
vn -0.6066149817324494 -0.7945626060623284 0.026239835845163036
vn -0.6893326466055082 -0.7238514612759814 0.02931832758654317
vn 0.6285081706836051 -0.7776098936925472 0.01733010719569087
vn 0.4926841201797508 -0.8697172877271512 0.029226651385895506
vn 0.3653794456367755 -0.9307196942396205 0.016084509960503316
vn 0.2546742409809334 -0.9667585275479695 0.02278114119326191
vn 0.12605685043338336 -0.9916463392244429 0.027335112247374636
vn -8.912263756001787e-07 -0.9996263043332951 0.02733590467067101
vn -0.1260570207715161 -0.9916464854210044 0.02732902241902145
vn -0.25486426804004286 -0.9667120196973882 0.02262909297805814
vn -0.3649774449372173 -0.9308880883019635 0.01545418210765248
vn -0.3697359515331728 -0.9275256348549995 0.054694815391311165
vn -0.49266150334951003 -0.8697182149565836 0.029578196194741935
vn 0.7460391316793636 -0.6658842616948016 0.004874836435233694
vn 0.9934926925279043 -0.04555552633196288 -0.10438852386288844
vn 0.9928540338727601 0.053821293532648966 -0.10650885308302117
vn 0.981572208513524 -0.16446775051447268 -0.09729521321520529
vn 0.989620783999007 -0.09912525547172844 -0.10404272009542789
vn 0.9843973742310203 -0.15063509673519146 -0.09094436342430529
vn 0.9934410274124065 -0.02561221264068703 -0.11144029620128758
vn 0.9772765245308558 -0.1903321443724072 -0.09329667421453501
vn 0.9910975554242669 -0.09124689176458359 -0.09695174250803645
vn 0.9633009746003734 -0.2575741521660679 -0.07554328871516079
vn 0.4487041142636769 0.8804725821666165 -0.15307726773005845
vn 0.37355456368444556 0.9180568582214889 -0.1327727118914592
vn 0.3444948805879709 0.9293266894986134 -0.13294804035497249
vn 0.33641139312509677 0.9316167038306978 -0.1375415999589113
vn 0.37671410788983495 0.9121313599142875 -0.16156380528348016
vn 0.35804920501959814 0.9198952339170912 -0.15997976560007157
vn 0.3882318490938178 0.9055955172173854 -0.1708004407048514
vn 0.9050769248867652 -0.4247937438104758 -0.019647779950841066
vn 0.9106878301685812 -0.40678308751324166 -0.07193883301830672
vn 0.960084848873699 -0.262904208692667 -0.09549062789011904
vn 0.9437262327054061 -0.32334942626931956 -0.06946903076165332
vn 0.9370500043875065 -0.3378249305407841 -0.08838328791399745
vn 0.9473520307561174 -0.31070184083586466 -0.0773853728004539
vn 0.8141822872073732 -0.5780732492691714 -0.05420813294287712
vn 0.863841616591407 -0.5007766944238634 -0.054775576369885025
vn 0.8064860077348582 -0.5910014601542549 -0.017250896307987686
vn 0.7123200155840355 -0.7017796317606412 -0.010273453375496277
vn 0.5824746952429731 -0.8128303086281148 0.005488057682746452
vn 0.5908769767239963 -0.8067036345823452 -0.009677000007437538
vn 0.42711215329376834 -0.9041962999365373 -0.0020639016052050713
vn 0.4399178588512897 -0.8979940007322006 -0.008891125500933208
vn 0.46021866862624056 -0.8877686226732568 -0.008102446835316348
vn 0.502406724842767 -0.8645768750402916 -0.009711332469240207
vn 0.5759169878847994 -0.8173908802678216 -0.013848173911942527
vn 0.40760745294822637 -0.9131567220019658 -0.0009825292281312955
vn 0.4056530780917941 -0.9140271089092855 0.0001562484752019255
vn 0.5459200447293785 -0.8377920861476132 0.008702019943853738
vn 0.49377171985413393 -0.869577402668652 0.004962805691521553
vn 0.4491911992225608 -0.8934149418311422 0.00608344095511336
vn 0.42804070375894776 -0.9037414323931725 0.00570782808796881
vn 0.6158053987203458 -0.7878620663275588 -0.00755482289304686
vn 0.7903391491390966 -0.6099793824306075 -0.05735139359826798
vn 0.7123609839844759 -0.7011921869246679 -0.029518561829310185
vn 0.9170834769056166 -0.3968651511121591 -0.03815688954079192
vn 0.8795848601903776 -0.4736493309597764 -0.04457336654584418
vn 0.8731112782038772 -0.48307441714875593 -0.0656947742943203
vn 0.8204102795303331 -0.5704481755427098 -0.038933947410382766
vn -0.852245183595256 -0.5187106879885923 -0.06795122666361032
vn -0.6393724423049815 -0.7686684571251523 -0.018753214172535417
vn -0.4015846757693486 -0.9157983497580433 -0.006567401896625393
vn -0.3919340140547876 -0.9199929196855217 0.0008696869613847179
vn -0.4640055322150717 -0.8858322697994928 -0.00023633807703774413
vn -0.4117682366142961 -0.9111966012403908 0.012948868812104192
vn -0.4399988293871906 -0.8978737461114433 0.014958816186633502
vn -0.4888373903556699 -0.8723382312501757 0.008001005535146067
vn -0.5102542178761176 -0.8600200796938949 -0.0024689396384025486
vn -0.5371947951880313 -0.8434471754141775 0.004314430290864659
vn -0.5721329011009159 -0.8201434180934584 0.005358846501680249
vn -0.509728190272362 -0.8603313095619362 -0.0026851124942214957
vn -0.47436883662336005 -0.8803193348622507 -0.0034749832063731686
vn -0.4673653847416587 -0.8840612107676119 -0.002317921781607665
vn -0.42467976145074005 -0.9053238237646253 -0.005989519040798996
vn -0.649311481315743 -0.7605224620272143 -0.00043009722191063413
vn -0.5166032690843912 -0.8562237989860844 0.0013669020291373934
vn -0.8700652953724348 -0.49088657722090495 -0.04490824081192791
vn -0.3141869112961939 -0.5645135771100734 -0.7632895951266117
vn -0.24634653173067073 -0.396784927578735 -0.8842370200068574
vn -0.15772845712410513 -0.42224997438404316 -0.8926514957954893
vn -0.16273770808487698 -0.24138083966346763 -0.9566878950894283
vn 0.1683985659650179 -0.23435298077639913 -0.9574552748730054
vn 0.2659955530551888 -0.4480664308776649 -0.8535120615875413
vn 0.16113611873766817 -0.42273118348964783 -0.8918147216454781
vn 0.11734389022492132 -0.43880023758000364 -0.8908898713795178
vn 0.05915544623282253 -0.45031120765914373 -0.8909098997303595
vn 0.002272208718538332 -0.45570037976425554 -0.8901303280701386
vn -0.06020084103892489 -0.45073328724593975 -0.8906263877219647
vn -0.11742548927138281 -0.43882185266083434 -0.8908684729502382
vn -0.4145877449698541 -0.8670186962915852 -0.27639750722763606
vn -0.3824401881295588 -0.7507225056254125 -0.5386605814898006
vn -0.3461606084238735 -0.8979694608631962 -0.2717051352710776
vn -0.289688568703322 -0.759237813411298 -0.5827851026313657
vn -0.248966198326239 -0.9297602350594067 -0.2712226712375947
vn -0.21007044346777096 -0.7850457050500012 -0.5827294824906328
vn -0.12564100074121468 -0.9541840176758707 -0.27156435580664817
vn -0.10596511850206146 -0.8057000343322329 -0.5827682629809922
vn -0.00019846274863358354 -0.9623386816933356 -0.27185331031508647
vn -6.268895161286176e-05 -0.8126569818962295 -0.5827423322922464
vn 0.12522259514936346 -0.9540725482192027 -0.2721486255680446
vn 0.10584182258855018 -0.805724889135704 -0.582756305515772
vn 0.24848620301634688 -0.9295425865175576 -0.2724062898700542
vn 0.2099409498457367 -0.7850574440584976 -0.582760334190831
vn 0.3465539261346014 -0.8976079312483235 -0.272397463352356
vn 0.29186943338422494 -0.7571743628003654 -0.5843793444106594
vn 0.41425479707806256 -0.8678029960760879 -0.27442835695164347
vn 0.36765178084438666 -0.716947101872349 -0.5922997730531311
vn -0.41462279419309056 -0.28855840104935493 -0.8630306991755009
vn -0.48328268183661194 -0.8406192265954192 -0.24453458919942433
vn -0.5007445827104416 -0.7336149247100162 -0.45941702746944746
vn -0.47813428443719 -0.5295839623049381 -0.7006628525297587
vn -0.63303298371582 -0.26854184455916025 -0.726054074603683
vn -0.6544424450384422 -0.48174719757637996 -0.5827733039179215
vn -0.6331868079184623 -0.6737764760447844 -0.3809195802353831
vn -0.5791501850405021 -0.7859482851566674 -0.2164956263457675
vn -0.9367988967962302 -0.3324449850293452 -0.10903283400060945
vn -0.9860633318313812 -0.019186765196809334 -0.16526032088459064
vn -0.969322332686275 0.026741726465271964 -0.2443339833533085
vn -0.8900337903476581 -0.12849655743549745 -0.4374111187048257
vn -0.73609974904285 -0.043121719555333934 -0.6754980953057119
vn -0.7930506070839006 -0.36747386622504097 -0.4858329880169494
vn -0.9003997994122446 -0.2811527016311606 -0.33201409545964955
vn -0.7138656762822532 -0.6613343329418566 -0.23028828953820243
vn -0.7933628544077738 -0.5378341120602393 -0.2851488193037511
vn -0.8656512510883707 -0.4469163103771641 -0.22564069448572693
vn -0.9628308641720867 -0.09626490425522997 -0.25236837204048335
vn -0.629032780477613 -0.7702326722130627 -0.10516364267239804
vn -0.5414919595801279 -0.8373959260833572 -0.0745286568312462
vn -0.9423621352759424 -0.3127386102591463 -0.11894607034847486
vn -0.5759973680199929 -0.800574639259636 -0.16524914223179688
vn -0.7141069329491312 -0.6816873769450891 -0.15922816468109183
vn -0.8594443863813948 -0.4956236418580769 -0.1253497201785654
vn -0.5625779768573913 -0.8135108918156176 -0.1473297283388625
vn -0.5481652772401634 -0.8252164191970283 -0.13613482403797095
vn -0.5301408347553658 -0.8362435516066475 -0.14016924670263448
vn -0.5086844103194276 -0.8485177877099438 -0.1458003245462738
vn -0.6946169149288527 -0.7074887266342919 -0.13025760315663476
vn -0.7553962831907988 -0.6419464997552459 -0.1314577757057927
vn -0.5864830495365245 -0.7952266250781987 -0.1537928716588529
vn -0.6554755736725835 -0.7420159727083813 -0.14058473802028554
vn -0.8481699165223493 -0.5101383632864891 -0.14271174797420533
vn -0.5131674383568923 -0.8410249576826658 -0.17127813860821683
vn -0.4619882799893988 -0.8778972522304285 -0.12594936950497387
vn -0.5370713240381217 -0.8272712455039863 -0.1648535084801711
vn 0.37948800155739343 -0.9167608233338829 -0.12465331714060772
vn 0.5278043155541835 -0.8024113826656561 -0.2784934064766522
vn 0.5767307013398941 -0.7875925934928167 -0.21697835101053903
vn 0.5645439094265898 -0.8098212816007518 -0.1596235139190288
vn 0.4574804820824112 -0.845077304029301 -0.2766874748307425
vn 0.4877702202543714 -0.8433391066130009 -0.22552020638999787
vn 0.5519800745958006 -0.8175440988163848 -0.16413300624712732
vn 0.5612350500540465 -0.81243709693329 -0.15799108239846935
vn 0.5586326910087058 -0.8115220794889921 -0.1713517757078511
vn 0.5306728543356892 -0.8314420578207583 -0.16459169528865913
vn 0.48423703798430634 -0.8535041262782629 -0.1924712899893493
vn 0.5530536574140297 -0.8223850336658757 -0.13347100218152907
vn 0.477223877115842 -0.8642408872699052 -0.1592013187176881
vn 0.5145612539531044 -0.8391602118205843 -0.17617279820517448
vn 0.2481816126216676 -0.9608797720449687 -0.12294694315564594
vn 0.1250260077474052 -0.984473025283759 -0.12321266118134384
vn -0.00011686715597516592 -0.9923450024124929 -0.12349648792179241
vn -0.12524546195601122 -0.9843712317986112 -0.12380166504013673
vn -0.2483630623386954 -0.9606817766208116 -0.12412217100271197
vn -0.3663700740155482 -0.9223326095454144 -0.1227824345539216
vn 0.416275237256816 -0.2996956610766315 -0.8584273047722926
vn 0.6375984698165917 -0.25605225842926216 -0.7265710097718014
vn 0.5017041655938903 -0.7275650499574302 -0.46791241520842375
vn 0.4786385785456447 -0.5314002426000313 -0.698941265981937
vn 0.6556879242177008 -0.48308036935863247 -0.5802643387072909
vn 0.6329957739658596 -0.673996827638931 -0.38084724821642013
vn 0.9864169774955305 -0.04377201621677289 -0.15832105704832952
vn 0.7167077186800118 -0.6564821566603841 -0.235289659719725
vn 0.7867371497605284 -0.5280719798737398 -0.319663324857432
vn 0.79968200282557 -0.5944698331545067 -0.08434638004169567
vn 0.9104031232952923 -0.2995089666090601 -0.2854129149407045
vn 0.8543455895195592 -0.0895668676489994 -0.5119290867766976
vn 0.7974090919038299 -0.3686487006746574 -0.47774143178082873
vn 0.7915624982601126 -0.1672902271591039 -0.5877438142977471
vn 0.9609948096821784 -0.11285174898885235 -0.25249447224458316
vn 0.966167091884014 -0.030890643531389667 -0.25606038097020045
vn 0.9897163988380191 -0.0999212019515304 -0.10235821057279507
vn 0.9398364891600003 -0.2821661001194454 -0.19258677417410527
vn 0.5162099314010932 -0.8531956716390984 -0.07472919522640765
vn 0.5230174774411852 -0.851986141981407 -0.023923464688400446
vn 0.37055528710574315 -0.9285265320801332 -0.022962108379266738
vn -0.46425122384447515 -0.8847714163623039 -0.040624400883578674
vn -0.36496872047110795 -0.9304063330503822 -0.033791840693038325
vn -0.25379490652414016 -0.9665415683653809 -0.03722286990806866
vn -0.125997078757387 -0.9911742905100124 -0.04120997423656644
vn -2.44658213177104e-07 -0.9991505631707572 -0.04120864127217468
vn 0.12599731302574038 -0.9911743278879134 -0.041208358936470145
vn 0.2562826610237253 -0.9659394952410716 -0.035778334114685346
vn 0.7805919984537106 -0.6206007979140405 -0.07436922467323862
vn 0.8459818725661428 -0.5286779553912827 -0.0693850904213257
vn 0.9615885700683716 -0.25489928227930214 -0.10185174425291346
vn 0.91690973679892 -0.3868535079216597 -0.09808617625354651
vn 0.8921647357917881 -0.4454946353870659 -0.07467673031750871
vn 0.6640196985965487 -0.7468179697820021 -0.03661638822217862
vn 0.6288351266940844 -0.7710866248407078 -0.09995899372943129
vn 0.6994315678097546 -0.7046482641202978 -0.11944164191537034
vn 0.9456956210271498 -0.30135329282452383 -0.12184410233528128
vn 0.8493983731638988 -0.504320364674912 -0.1555100428933327
vn 0.7181750007734399 -0.6759466328425423 -0.16529010198102878
vn 0.7501558756443373 -0.6492513535728845 -0.1254545420463307
vn 0.5624844849425837 -0.8199144379515327 -0.10654350584384943
vn 0.6007306856787921 -0.7866520837342107 -0.14248207761158185
vn 0.8531203330395433 -0.5091244267982861 -0.11392109283102585
vn 0.972811416682493 0.21356438198017003 -0.0896002361694931
vn 0.8379424146854003 0.4569700684774449 -0.2983804051658214
vn 0.8701959448763205 0.4926070766015643 0.00986334643355788
vn 0.8934010891410284 0.33912115411866095 -0.29467157438553754
vn 0.9367380979124686 0.3447457248192804 -0.06059802916068507
vn 0.9356349148614044 0.1288552941211279 -0.328608611069841
vn 0.946060898446803 0.31228567804913976 -0.08629270951486556
vn 0.9614403138591608 0.2727191013063534 -0.03545158203879244
vn 0.6682307049818116 0.3430620695968818 -0.6601334269096023
vn 0.6990926752943816 0.18831404864057957 -0.6897878300132133
vn 0.7533862202199583 0.07652034303745345 -0.653110894323556
vn 0.7499990898048737 -0.06866536556622693 -0.6578650567278349
vn 0.3832117785845428 0.17771786503619066 -0.9064022800065376
vn 0.36006223464169773 -0.01913299294990592 -0.93273207072857
vn 0.3874939993100554 -0.12023350827734057 -0.9139979781082787
vn 0.4059454407272053 -0.25887910579241613 -0.8764644360936239
vn 0.4685796414856077 -0.3408123933316125 -0.8150337613478338
vn 0.09944790152044779 0.018779814321341667 -0.9948655353650739
vn 0.1266479133792921 -0.061507518362433684 -0.9900389543960209
vn 0.1029407789553942 -0.2725076079505116 -0.9566309631394683
vn 0.09327393017518071 -0.33354456301254354 -0.9381087348673645
vn 0.10569021569108715 -0.47419827656825453 -0.8740512415224113
vn 0.08982074023360502 0.06964714314968407 -0.9935197582710545
vn 0.33876791169234916 0.2622493781008981 -0.9035826280386852
vn 0.7913994663490773 0.6104183116821768 0.03280806951767384
vn 0.6750357944982789 0.7372957663833389 -0.026863153561750782
vn 0.7635091571446222 0.5870787101377369 -0.2690582744672975
vn 0.6454244590856444 0.7045288747494229 -0.29507004635902184
vn 0.6061070305428081 0.4687949495559374 -0.6425461561611161
vn 0.5251203078703816 0.5734315520941724 -0.6288282097083304
vn 0.2954858123400034 0.3229529502115782 -0.8991048474207032
vn 0.07855540541426065 0.08604452093240418 -0.993189502913575
vn 0.5420607949961204 0.8403032426662708 -0.007781702430992936
vn 0.17982490445901267 0.7769320264642574 -0.6033569673008253
vn 0.10175680169466879 0.43966997401743896 -0.8923765277372419
vn 0.03367261964690757 0.45100428464677084 -0.8918863660334589
vn -0.23637416773805195 0.3765872061818421 -0.89571721484311
vn -0.06286205730684695 0.10010489791673567 -0.9929891092878261
vn -0.2953299915063272 0.32245453065096746 -0.8993349052380527
vn -0.07858879455886392 0.08599184768970927 -0.9931914233926381
vn -0.02702003518280324 0.11672951010519896 -0.9927961216530411
vn -0.04517366805683916 0.1103894271533235 -0.9928612763558924
vn -0.17040385024711313 0.4156239967909547 -0.893431150739928
vn -0.008910790681630292 0.11960351054091116 -0.9927817474529427
vn -0.10198653881699321 0.4398224361033438 -0.8922751652938965
vn 0.00893408375927933 0.11962416608590137 -0.9927790494544265
vn -0.03372455448839538 0.45104372983451657 -0.8918644561823993
vn 0.0270227920777627 0.11675602652680901 -0.9927929285495506
vn 0.04510627649736322 0.11048178140526005 -0.9928540677249924
vn 0.06280524067194986 0.10036137374750957 -0.9929668153587266
vn 0.16965005647088635 0.4155213726171125 -0.8936223180056638
vn 0.3000987492964922 0.7348964273314172 -0.6081677250283839
vn 0.36539127004178873 0.8944935697480964 -0.2576246755583717
vn 0.2363779911886689 0.37666854445058656 -0.8956820043425492
vn 0.41894976036269305 0.666870894786449 -0.6162501991713779
vn 0.5117499525625427 0.8147919359783315 -0.27244464963900034
vn -0.5117329652852602 0.8147034260991306 -0.27274108554211884
vn -0.5433883511292289 0.8394377118528752 -0.008569000890849578
vn -0.3860458795696936 0.9224264228828867 0.009903193158951799
vn -0.5255599202846627 0.5733244678301324 -0.6285585293174173
vn -0.41860851021906453 0.6668915519004179 -0.6164597092884723
vn -0.3013573179214766 0.7345117941379838 -0.608010025581301
vn -0.3667683729658952 0.8938708795772122 -0.2578290348967914
vn -0.2189406531434985 0.9434556657155926 -0.2489104200917394
vn -0.2284082156298872 0.973332224178733 0.02130888096666796
vn -0.0749394220625108 0.9968522105588614 0.025879592826169095
vn -0.18027740668935893 0.7769010594662183 -0.6032618009103732
vn -0.05966868103732265 0.7967988883261586 -0.6012912605929541
vn -0.0723969676162996 0.9667787931923104 -0.2451478005481274
vn 0.07222956956770296 0.9667956730572301 -0.24513060975300865
vn 0.07487616356056735 0.99685577738419 0.02592526231715414
vn 0.2281566410016838 0.9733861518731973 0.021539417548240573
vn -0.6762923410920899 0.7360471702696123 -0.02938081888369931
vn -0.646294001479075 0.7038714800067233 -0.29473548019420787
vn 0.05950354260540375 0.7967879681660934 -0.6013220952228145
vn 0.21845484215631128 0.9435885304359346 -0.24883361342112534
vn 0.38883723844624973 0.9212112488211598 0.013245264921978223
vn -0.08963938930425197 0.06952350782413323 -0.9935447960434337
vn -0.0999753688124845 0.024457045307865386 -0.9946892874489084
vn -0.3709280352351708 0.18911176849428393 -0.9092024701316755
vn -0.3384200058780818 0.26201196341340804 -0.9037818490375484
vn -0.6058567584135561 0.46871321180743486 -0.6428417483034038
vn -0.762826505113067 0.5881133034685094 -0.2687349351691012
vn -0.6692165003917955 0.3540700856418027 -0.6532868053596097
vn -0.8362961378603485 0.4554164898209157 -0.3052942688604894
vn -0.8633860031103874 0.5045218315185 0.004725585073681591
vn -0.7865277340420573 0.6165683449740105 0.0348941192563498
vn -0.9085745742472352 0.40831015718316327 -0.08817629257638285
vn -0.7563865099099635 -0.246801954549449 -0.6057790379806787
vn -0.951273277188825 2.5791675929744e-05 -0.3083490740074022
vn -0.7504115592520765 -0.12126605598779998 -0.6497515182021749
vn -0.9457749481839564 0.11587489182715972 -0.3034514076943438
vn -0.9268196191295102 0.3744191996998579 -0.02855970050171408
vn -0.9018915815517207 0.2758554662490556 -0.33240838868273503
vn -0.9551170839465231 0.2884103802874859 -0.06760775470253445
vn -0.9780231650188128 0.20769945063233008 -0.018210625843502574
vn -0.7411219685924756 0.289236179578462 -0.6058718182028846
vn -0.7248553709220359 0.11591354238013121 -0.6790793340533692
vn -0.78178818885404 0.055529286415791364 -0.6210666036090438
vn -0.4236927522201221 -0.450660795438996 -0.7857412418668308
vn -0.3729078132674469 -0.32369613355506394 -0.8695749397985163
vn -0.4073379763854145 -0.1906468030569451 -0.8931570799576085
vn -0.3845531388253654 -0.05607000322554451 -0.9213984144537295
vn -0.3842855450642155 0.07060211742592917 -0.9205107065480956
vn -0.10330737339388123 -0.5570704394840315 -0.8240146309717596
vn -0.11850768568906134 -0.48569397924134683 -0.8660584777954252
vn -0.09907732751255632 -0.31675108369726573 -0.9433199002192084
vn -0.11033292406691594 -0.21464467856830827 -0.9704402649463549
vn -0.09994363610032808 -0.08114001365297176 -0.9916791657524325
vn -0.9484188079209682 -0.09673466764939483 -0.3019009255642167
vn -0.9968370490371234 0.04101822685544138 -0.06806910262810209
vn -0.41243477415817337 -0.5062547894587721 -0.7573662556617842
vn -0.10654509540433947 -0.5832100652041879 -0.8053037703188822
vn -0.10933112440482678 -0.585931510355789 -0.8029514122339908
vn -0.7472533736224798 -0.32843427354840476 -0.5777052220367705
vn -0.9917871828387107 0.10632975202836085 -0.07107860290158338
vn -0.9878533139006123 0.13942240201265646 -0.06860921244701358
vn -0.9941825817510397 0.09480788634866286 -0.051112218000553857
vn -0.08671849402975988 -0.465989463850465 -0.8805303642541616
vn -0.06957828236910799 -0.08005265544420978 -0.9943593087907887
vn -0.07487577368974208 -0.1886128109572498 -0.9791929462864647
vn -0.07773646578766256 -0.31782114387818916 -0.944958603532876
vn -0.7925727515549729 -0.4696065803033366 -0.3889705557344737
vn -0.8734283589584804 -0.4731340427540662 -0.11518280841466448
vn -0.7561261522106278 -0.5154765361257255 -0.403183807520806
vn -0.8349617061374769 -0.5364067626295912 -0.12290945565429512
vn -0.859168100207717 -0.40697472946127927 -0.3101640616921648
vn -0.9535605209083836 -0.2882116206362152 -0.087500826825684
vn -0.8326614450231061 -0.4463419608814627 -0.32780142148642916
vn -0.9247813276785134 -0.36714231665812885 -0.09993005201673719
vn -0.6400298978093821 -0.5258840645815567 -0.5601853983542352
vn -0.6152846666324697 -0.5137441530426415 -0.5979061165613457
vn -0.814147533972722 -0.4560197166015115 -0.3594576623147885
vn -0.9036493263046664 -0.4139969507825453 -0.10965591553526667
vn -0.5562920022439811 -0.40700625755013264 -0.7244895544826145
vn -0.28599606187052995 -0.23268167022748468 -0.9295512320118219
vn -0.5925043709323188 -0.4114135190137813 -0.6925875300630198
vn -0.31090107526331096 -0.30099403825227883 -0.90152266213152
vn -0.3144095307505097 -0.40708437845779566 -0.8575715455802357
vn -0.6032207755335525 -0.4614697115933541 -0.6505154888599087
vn -0.32312432494192667 -0.5139525929442745 -0.794634131431995
vn -0.34237059824277244 -0.5792449190170876 -0.7397686782040547
vn -0.05741001162673601 -0.04781255137159249 -0.9972051195698691
vn -0.056455939275701854 -0.05780069427878887 -0.9967305587075116
vn -0.04560414537639731 -0.06344818596511809 -0.9969426210280231
vn -0.032512204220337154 -0.07052311256853908 -0.9969801638800945
vn -0.018531729969676895 -0.07527345103343386 -0.9969907133739252
vn -0.004091006950160955 -0.07728563469942479 -0.9970005989623281
vn 0.010618636503766281 -0.076572253275322 -0.9970074897347264
vn 0.025009699100128693 -0.07346350958883172 -0.9969842665307274
vn 0.03848043656824069 -0.06774403617214483 -0.996960381140908
vn 0.05055585899281232 -0.06044130589977336 -0.9968906427801543
vn 0.06097587064171671 -0.06853869240758588 -0.9957833051635998
vn 0.06466872853738333 -0.05009601765987175 -0.9966485561941983
vn 0.05173139534812696 -0.049053153042125854 -0.9974555884408896
vn 0.08796608154850324 -0.5715545633214435 -0.8158353692035153
vn 0.09218817121780436 -0.5997488499506138 -0.7948601500078066
vn 0.051420507439011554 -0.447907799811639 -0.8925998735618392
vn 0.08021755552448864 -0.3335543665792649 -0.9393117844047209
vn 0.08012199072427946 -0.18733415077042692 -0.9790231777427445
vn 0.9542935506080813 -0.28649498439493615 -0.085114294829756
vn -0.7032058481863146 -0.6999075895934401 -0.12502360219601072
vn -0.7890306731996114 -0.6133759666218742 -0.03464852552201033
vn -0.5849571318982475 -0.7994941534241295 -0.13650733490186726
vn -0.41467551448712925 -0.9008184827746601 -0.12872559487683052
vn -0.23197296635105266 -0.9632438837475197 -0.13546129818250024
vn -0.05415155983043741 -0.9875899481632365 -0.14742354918691336
vn 0.13009754986858219 -0.9811479806777934 -0.14290999800601797
vn 0.3193921675920428 -0.938507104450788 -0.13112230236025377
vn 0.49200144179011873 -0.8607343135621758 -0.13065612397853502
vn 0.6402882675713043 -0.7575117248757842 -0.1273064063048362
vn 0.7522431137058357 -0.6482552222045299 -0.11787902598301528
vn 0.8028182609778147 -0.5870269099405667 -0.10431800825450672
vn 0.8359100605718718 -0.5360505086265208 -0.11791616867918557
vn 0.8739928970250148 -0.4725214498235044 -0.11340147885506431
vn 0.9043523608944725 -0.41304566713538693 -0.1074247839433585
vn 0.9256035976871317 -0.3657189980247868 -0.0975068942812983
vn 0.3637958630518652 -0.5762177898547776 -0.7318644879219268
vn 0.6836970757748598 -0.4721775793188936 -0.5564230783904057
vn 0.9056183239289006 -0.2998077319219645 -0.29995128811861477
vn 0.8588979591280052 -0.40738964161928504 -0.31036748493851285
vn 0.6394156317172678 -0.527203369251284 -0.5596465468183484
vn 0.3414987766960594 -0.5814538320020678 -0.7384375577970055
vn 0.5888063257091384 -0.42040567483180397 -0.6903377284881071
vn 0.6253273867716757 -0.42821152571719584 -0.6523806776693026
vn 0.7675357929877619 -0.5059598787525212 -0.3935649979042617
vn 0.7900838677555418 -0.47253021542815693 -0.3904903038743252
vn 0.8117783894176601 -0.45653659132991325 -0.3641293551079527
vn 0.8326464594785998 -0.44314600801098103 -0.33214678848618084
vn 0.6029146934109848 -0.46126940416382817 -0.6509411718822872
vn 0.6174380432470734 -0.5068183407344353 -0.6015857646640409
vn 0.3111007323491903 -0.30812344725514856 -0.8990418653118446
vn 0.25814249632710423 -0.20105177927728135 -0.9449553606596718
vn 0.4763495537449893 -0.33741114459148747 -0.8119389276001071
vn 0.32695310424534213 -0.5113865582856104 -0.7947235089193804
vn 0.3204743804179813 -0.408541025698056 -0.8546288093770836
vn -0.22950784051641177 -0.22316244244115668 -0.9473777891766255
vn -0.4177832034573949 -0.3981994927083732 -0.8166360014814872
vn -0.3356275047664991 -0.46675383412475474 -0.8182267634183416
vn -0.6609052366591291 -0.6383083528862631 -0.39467292128060494
vn 0.7038715561175242 -0.5921416265756531 -0.3923431235093012
vn 0.5941909619557274 -0.6950178532565814 -0.4048299450198078
vn 0.45051320552089996 -0.792904317505127 -0.4102933035439548
vn 0.29338638997281496 -0.8614598152858088 -0.4145014026833435
vn 0.12481850936330455 -0.9002373247513921 -0.4171248000835954
vn -0.048117786799793075 -0.9075348529504909 -0.4172111806670821
vn -0.21751513546480256 -0.8831884163458885 -0.41553024808811445
vn -0.3815743244134925 -0.8272973582607369 -0.4122864489201563
vn -0.5473889582810647 -0.5187597674748805 -0.6566990421809513
vn -0.5332774339660019 -0.7416388231562648 -0.40692386807611447
vn -0.438303828951327 -0.6094920059007966 -0.6606127823995153
vn -0.3132378426568208 -0.6790413089903439 -0.6639163762194611
vn -0.17845606323167604 -0.724426913536878 -0.665852146079957
vn -0.03949088163313445 -0.7441333715366724 -0.6668628012067418
vn 0.1023223611545858 -0.7382106495450999 -0.6667647046042194
vn 0.24073509159670056 -0.7069163402665923 -0.665068345012763
vn 0.37008335394880154 -0.6513562421472857 -0.6623996957621376
vn 0.4887503590154739 -0.5716765445818789 -0.6590212552999853
vn 0.581721405958598 -0.4837053885727705 -0.6539337144659365
vn -0.23968433301789424 -0.519638358148816 -0.8200776775685154
vn -0.13650974194116247 -0.554196596554397 -0.821115840014477
vn -0.03019786910627346 -0.5691196830875697 -0.8216999908870298
vn 0.07825144642406899 -0.564545582005552 -0.8216842440807501
vn 0.18415773647393216 -0.5408095249532666 -0.820738073819303
vn 0.2832278389524434 -0.4985216686589699 -0.8193034463004564
vn 0.3742324483002849 -0.43775636148656943 -0.8175080688392101
vn 0.44625336650907715 -0.3710960729535814 -0.8143375451971654
vn -0.1863699983553768 -0.25922665984330107 -0.9476643723067267
vn -0.13297930260744595 -0.2883531422036858 -0.948245205872035
vn -0.07576096797368805 -0.30761636684337335 -0.9484895606076921
vn -0.016750354196516774 -0.3158880057718648 -0.9486486143160519
vn 0.04341867415964461 -0.3132455404955857 -0.948679108072823
vn 0.10224751179254123 -0.30030916666853796 -0.9483458497547624
vn 0.15730788189932937 -0.27692081077228325 -0.9479288448262179
vn 0.20676484038557313 -0.24338842245741135 -0.9476340942547504
vn 0.24947865768778496 -0.20416845777701823 -0.9466127192295988
vn -0.5537826767839054 0.5000900293184147 0.6657587471977815
vn -0.7648562334712548 0.5391606798027953 0.3525630489355814
vn -0.8552153610990022 0.41438933889158824 0.31126863310217406
vn -0.6048000434537312 0.44458951856091194 0.6607246532589361
vn -0.74832065384408 0.3599979411079162 0.5571513990186422
vn -0.6481327347130778 0.38498922798592367 0.657044330717608
vn -0.705656740741919 0.316282202994959 0.6340458440161464
vn -0.85137958595359 0.37547445667677687 0.3662945986562904
vn -0.9031405974428564 0.3238887414974522 0.28183886244050327
vn -0.900474146482172 0.1967481309462606 0.3878614243339452
vn -0.9415657835264101 0.26388989535719876 0.20932271358040522
vn -0.9668248845760897 0.22577418912398098 0.11948078544201064
vn -0.9917507300808615 0.1275012732406695 0.013187672504521597
vn -0.9847929879515885 0.1685659386730419 0.042051102252602446
vn -0.9949569406358266 0.048244957556733546 0.08793810522717248
vn -0.9774078538653517 0.1996077540695456 0.06950274611581402
vn -0.9068866987141215 0.22413636761300934 0.3568184474051868
vn -0.9925208137652985 0.06359782926452538 0.10420052953564807
vn -0.9684237072752625 0.23396216970078473 0.08612332051272799
vn -0.9934596168385862 0.04924441392382941 0.10301930599760453
vn -0.9926829718931958 0.06083831158980757 0.10430348582954482
vn -0.9999003178011923 0.009900906644564781 0.010066106928221111
vn -0.991787195522479 0.08910125432758784 0.0917557915060756
vn -0.944670028603292 0.24732773365723243 0.2154704834139297
vn -0.4486053571974914 0.8826633877447767 -0.14020904902546438
vn -0.8122279990526249 0.5122850943618062 -0.2790155186538634
vn -0.718957149443096 0.541669870247238 -0.4355391703750628
vn -0.3559774775297946 0.8953880090871064 -0.2675076609642285
vn 0.992914003793269 0.0576869115002664 0.1038941832480551
vn 0.9924598180792821 0.06348817704641771 0.10484636795502687
vn 0.9063426731951167 0.22047670929164598 0.36046217472219805
vn 0.8524152513042088 0.4115354739399041 0.32253184809107016
vn 0.7267917162640021 0.35576585276079487 0.5875410276562911
vn 0.9644113788688753 0.2644063011488206 1.4867204486463737e-05
vn 0.9892877416733777 0.14378501880867547 0.025211754024208225
vn 0.9805155978503416 0.18398492348063988 0.06883829097246803
vn 0.9713312372198494 0.20716654095513237 0.11660897010797283
vn 0.9611096543148634 0.23289228088152097 0.14842310429500719
vn 0.6721548691274256 0.3529086390924918 0.6508942497535055
vn 0.8852300691415983 0.35198482534355563 0.30409604965442705
vn 0.901906041989615 0.19377688180676092 0.3860259207616446
vn 0.9308286210481139 0.28314120195420384 0.23106089672117947
vn 0.9521192125853565 0.2292067066940172 0.20231977321142755
vn 0.9951826458884262 0.0685444862185549 0.07009389938893135
vn 0.6094515976005487 0.45237875118205295 0.6510930929299629
vn 0.7608328263749523 0.5453959249969595 0.35167697579883245
vn 0.7387066486501641 0.2305772241101487 0.6333613746998638
vn 0.7202716880694459 0.3658522489808091 0.5893732495467323
vn 0.9991549333249343 0.041076060482084335 0.001475285639455502
vn 0.9989240659228253 0.046030725691500976 -0.005646486741760818
vn 0.726818200264169 0.06277398076372258 0.6839552113288051
vn 0.7726718914563113 -0.2879466842035717 0.5657427464930459
vn 0.7369967531108692 -0.26245038840435364 0.622860802692255
vn 0.7312988761366623 -0.07676597819201965 0.6777233494232563
vn 0.6820820313706116 0.600603933604247 0.4171798382238113
vn 0.6770279905790522 0.6589059962022512 0.32783530642871533
vn 0.9795033284300406 0.2002532212696435 -0.021722729239278135
vn 0.6320888275853315 0.7432983639523356 0.21902341470167572
vn 0.9069610361299331 0.4187000779224641 -0.04595567092145442
vn 0.6129160523549945 0.7816566188057928 0.11552853778467474
vn 0.8038512059931225 0.5158606736022268 -0.29616043634162054
vn 0.5907101666798596 0.8063610534448457 0.02904049704070412
vn 0.4485997696668854 0.8826658349146143 -0.14021152067253337
vn 0.6947084316842418 0.4681149778012764 0.5461213807432663
vn 0.6897666848297954 0.5376664765576987 0.48490894040525095
vn 0.5961314293940236 0.7986399684014125 -0.08247132689868165
vn 0.5731509110898702 0.7762375765966698 0.26258952339379593
vn 0.7766739548700458 0.6265887798771707 -0.06452959598944151
vn 0.6346225724036872 0.6799473317376452 0.36732249680435275
vn 0.6925693970510515 0.6376777510672191 0.33721612663423556
vn 0.36835212911978765 0.9269647235359008 -0.07108523259391004
vn 0.3973332957486072 0.9176695112681716 0.0029866667683295873
vn 0.45563870126116734 0.8792661835176327 0.13886811165769253
vn 0.4990531799496913 0.8365790869930465 0.22601184656557638
vn 0.5440567012659123 0.7841032717063124 -0.298637514567595
vn 0.4703718390744141 0.8346945329575942 -0.2864181727063725
vn 0.4058390555859869 0.9086057224283518 -0.09864229382737953
vn 0.38169830247974884 0.9046116101459036 -0.18969512559186574
vn 0.6028911995880111 0.7421159342218604 -0.29289271352040225
vn 0.6457984507207893 0.7038771376240901 -0.2958062476972823
vn 0.7595995367909945 0.5804120332280103 -0.293479838133787
vn 0.7072042427714768 0.6375282017368977 -0.3056467748826075
vn 0.6624111104957506 0.6772773326206843 -0.32016704297912585
vn 0.35352547920724403 0.6940278526046437 0.6271722852297249
vn 0.48099660012689277 0.7905043152176024 0.37913743984038223
vn 0.5850050177987716 0.7158293300933776 0.38125778592485854
vn 0.6766827400156323 0.6292403534969682 0.3823049135126916
vn 0.8177822187292763 0.43664275917274487 0.3749337856105186
vn 0.7642584723197634 0.5258428906893281 0.37336073949861526
vn 0.2594480929600929 0.7472494504414816 0.6118046631681345
vn 0.37315686437693535 0.8472037239899844 0.37815314969715075
vn 0.2500923474391898 0.8896109753348856 0.3821598230008871
vn 0.1313093190308846 0.7812124438561792 0.6102990908561977
vn 0.12590540844745832 0.9157401931609912 0.38153338877895004
vn -0.0003330312752018862 0.7916911839819522 0.6109214010782602
vn -0.0007041915515705629 0.9248363423905818 0.38036461968467733
vn -0.13177760898056046 0.7799012394884287 0.6118731228087888
vn -0.12740310244483116 0.9167208473177295 0.3786704868094369
vn -0.25723396222671807 0.748263628677554 0.6114999841990535
vn -0.24839685494085728 0.8911768534655374 0.37960877005511207
vn -0.3694698703532624 0.8469020817339532 0.3824249976869185
vn -0.3533897091735943 0.69607210883844 0.624979465860607
vn -0.482166620527673 0.7882786168809711 0.3822723796158256
vn -0.6589335313143023 0.6705658634649512 0.3408049648481781
vn -0.7182705265377581 0.6056490580481763 0.3424568136167372
vn -0.5848103247896795 0.7152514919802027 0.3826384549930697
vn -0.6768998540528737 0.6288015072570509 0.382642459816549
vn -0.7571809446479558 0.5291031906370154 0.383049384178802
vn -0.8157000249708213 0.4331369863229295 0.3834394611169957
vn -0.6060301377707418 0.7191309261214426 0.33996791497035744
vn 0.2981128769954704 0.9545091578921227 0.006401567741907395
vn -0.16445305519430228 0.9863403806238527 0.00937262972987828
vn -0.29998814624344944 0.9539117892836617 0.0077078128584889384
vn -0.2957286261881075 0.8953380743767032 0.3330380041741657
vn -0.38166391909514535 0.9242938983049072 0.003666390220919441
vn -0.4520144654318845 0.8820363687232081 0.13302167977402915
vn -0.49562611560342773 0.8384471977536713 0.22662976439751625
vn 0.2944428221357407 0.8953063075158607 0.3342604377054749
vn 0.15697724777011476 0.9325753270510708 0.3250559998801877
vn 0.16595223338034912 0.9860739149807962 0.010866942096065394
vn 6.302587730486357e-07 0.9456920073796898 0.3250640355034304
vn -0.0017364580774962093 0.9999581744793655 0.008979643937250295
vn -0.15697829960474521 0.9325733270322547 0.32506122986476627
vn -0.556493313859672 0.7931329211583835 0.24749820404247364
vn 0.2650562443860306 0.9427046421520832 -0.20261575698075784
vn -0.19234544394198208 0.9581026994949516 -0.21223206029072997
vn -0.26828290688466655 0.9412126746387094 -0.2052875616615882
vn -0.36329515890337044 0.9113459696444048 -0.19355916700139691
vn -0.40190767346642703 0.9101079718053894 -0.10086476919660342
vn 0.1835271252988548 0.9573151963855204 -0.22330564043232498
vn 0.09074316170796061 0.9751936457956422 -0.2018985681054881
vn -0.003431654017448186 0.9730498554315055 -0.23056930106896523
vn -0.08445549330078575 0.9771247374907922 -0.19517816741344637
vn -0.520776862389409 0.7814437221402274 -0.34371087955936114
vn -0.44934624848249805 0.8614584259059184 -0.23659528611196473
vn -0.3680421425976081 0.8268040964027951 -0.42537038853653114
vn -0.3047193772506728 0.8727922248098328 -0.3812870748392405
vn -0.23056373557156046 0.8839799374466392 -0.40671837188787496
vn -0.13006453376719743 0.909875002473461 -0.39396788819628537
vn -0.0552265067736998 0.9099606363291367 -0.41100081907588376
vn 0.054406128195372896 0.9106070182723225 -0.40967649613808527
vn 0.14186865190943454 0.9149440118654859 -0.3778236900419152
vn 0.22301078065926078 0.8853523041148554 -0.4079429976213145
vn 0.30922143734223406 0.8671836272732085 -0.39035196845575637
vn 0.3701330385080446 0.8314351998098995 -0.41438755087704426
vn -0.8707559839523262 -0.48828936653432753 0.05794403283100999
vn -0.9226739561800802 -0.38238974878740667 0.04950606638891141
vn -0.9238651514481637 -0.3759622058430893 0.07159330776867423
vn -0.9942447255464167 -0.10319726364539049 0.028770653437731428
vn -0.999225912702794 0.030696826442547984 0.024602443570192437
vn -0.9991221324688226 0.03424610181095448 0.024128176924632788
vn -0.30841433073377916 -0.9408555555083943 0.14025485470038382
vn -0.20559087044613814 -0.9694770888928813 0.1335910479822046
vn -0.228709901001674 -0.967311278130334 0.1095475804646734
vn -0.9988421117760509 0.037596006961795395 0.03001626231374789
vn -0.9985580785506017 0.042350564525294204 0.0329877772170122
vn -0.9954647909465814 -0.09066045121972094 0.028818961992338136
vn -0.7257217899811232 -0.643829656182837 0.24251032424637986
vn -0.7417084932740746 -0.6471511602906621 0.1762495013880942
vn -0.9993962501676417 0.034656800051354505 -0.0024579180330360287
vn -0.9316669355225992 -0.3630106619921639 0.0148317407589245
vn -0.9750451435485683 -0.21968328958237132 0.032034673724259395
vn -0.7166619888598236 -0.286751910117116 0.635742822033932
vn -0.7130900886527842 -0.35552178866286854 0.6042406666644665
vn -0.9998067151583621 0.015311778565076246 0.01233214342358179
vn -0.7128437432516435 -0.4062886972945897 0.5716496235961763
vn -0.9996296901756697 0.027209548317637076 -0.00035071305190854685
vn -0.7253481427643974 -0.4671274813910268 0.505630287777063
vn -0.7243929230037416 -0.5381067662425963 0.4309245887925534
vn -0.7261423713046345 -0.5991962709116596 0.33716625798208727
vn -0.9938527151963685 -0.10986291377800586 0.013671893541587711
vn -0.967022995695226 -0.2542600988047676 0.014775924756877551
vn -0.7110427691627318 -0.1172341057177929 0.6933068187158868
vn -0.7005449363971583 -0.12308609381207605 0.7029129431148542
vn -0.7182630268770465 -0.13307885237192307 0.6829262356014704
vn -0.7266555269106078 -0.21599884660598048 0.652162743090368
vn -0.8555963172065243 0.5131977858112715 0.06769767072094249
vn -0.8465389258772041 0.5319297760769118 0.02055627148672758
vn -0.871220805942742 -0.48396893893774007 0.08214848407583167
vn -0.8457925648348598 0.5297189302420363 0.06350426925256433
vn -0.9085038803831927 -0.41728389228803553 0.022245281873433415
vn -0.8425129454517201 0.5125314184457275 0.16578142794739525
vn -0.8310156782800435 0.4690611488994769 0.2989892657702985
vn -0.8103592740791252 0.40259793785587994 0.4257143964539445
vn -0.7881269296789802 0.3239722466615217 0.5233525829762091
vn -0.7669585657103661 0.23157946048443176 0.5984525979267176
vn -0.7519100055723893 0.13863452429238535 0.6445244853334539
vn -0.7337124869588111 0.03506147979343319 0.6785548460628744
vn -0.7198392488335746 -0.04997079864512494 0.6923397829978307
vn -0.7180617057644427 -0.685846301609818 0.11833104952967102
vn -0.7552206012182632 -0.6461496188462549 0.11014768976408261
vn -0.8274315462947022 -0.5604560285153501 0.03529980590823941
vn -0.7886885247412206 -0.6013925115064634 0.1276614978976242
vn -0.8333514290175922 -0.5446598563085041 0.09418618094145634
vn 0.0006048932813403317 -0.9872118984537043 0.15941236355926489
vn -0.1119499413058205 -0.9794116496966254 0.16798818732326892
vn -0.1467719475241437 -0.9840537575115896 0.10047983751624841
vn -0.23418661941495258 -0.956487268569141 0.17403658337297995
vn -0.2959827725303912 -0.9498597848705137 0.10079973933976234
vn -0.3714582293455953 -0.9137254802253044 0.16469526598682666
vn -0.4137414039013895 -0.9057655298231169 0.09168890708234884
vn -0.4854760586494247 -0.8607962647554034 0.15278346462024542
vn -0.5137583274132147 -0.8540498890500987 0.08155469347064222
vn -0.580169883810929 -0.8024863876606497 0.13935029077176123
vn -0.6009420697592638 -0.7962125119350401 0.07010181617865348
vn -0.664777066176872 -0.7360467184933654 0.12769761344840716
vn -0.6782112991465569 -0.7325500485722538 0.05830831884669788
vn -0.7502177600002978 -0.6596037909541203 0.04578374754308243
vn -0.26715596106337464 -0.9625652212235161 -0.04578086236876726
vn -0.12290988144766542 -0.6809215084610429 -0.7219688776932551
vn -0.16876953571818387 -0.984413329866858 -0.04946958453345939
vn -0.05910694232419669 -0.6874331025642147 -0.723838448044881
vn -0.2795079489540329 -0.640955086293624 -0.7148789294879537
vn -0.2266010659317909 -0.657928274581799 -0.7181798816622426
vn -0.1782708726303557 -0.6668419978883569 -0.7235615010653041
vn -0.36835823278114244 -0.9287786214991086 -0.04101810074307746
vn -0.48420696830073257 -0.8744534325317157 -0.029577122620586985
vn -0.35337661421621164 -0.6054820353512538 -0.7131034100268976
vn -0.6028245207628107 -0.7975166319625274 -0.02387087996354875
vn -0.42048711283492507 -0.5673677901296497 -0.7080143915649928
vn -0.7127611694987379 -0.7012853736896293 -0.013051433016662426
vn -0.4864107455466224 -0.5177361318695458 -0.7038138137132145
vn -0.5514589171527655 -0.4478854168199684 -0.7037696470385056
vn -0.8101964439655011 -0.5861551401752647 -0.0019682052159733293
vn -0.6025806244576422 -0.3801337645779726 -0.7017085663265176
vn -0.6438658153607525 -0.31005778685318536 -0.6995005222453647
vn -0.6710750402744243 -0.24630590096842805 -0.6992794101564914
vn -0.9988992129117431 0.03729419453551709 0.02845181010493624
vn -0.9958067123445294 -0.08493635737222133 0.0339824490865209
vn -0.9754706518913041 -0.21715294218639372 0.03607779093219253
vn -0.9335744210314694 -0.35730183882038585 0.027824384473478663
vn -0.8795441728617869 -0.4757956957246544 0.004528124862169264
vn -0.8076669850627781 -0.5765020807417833 0.12377153202573028
vn -0.8043136174933867 -0.5792765809123375 0.13235651673119186
vn -0.7270857694743439 -0.6731395324501885 0.13501649410587782
vn -0.7172929017012794 -0.6809357856036821 0.14770697022569695
vn -0.6355714468409447 -0.759350727849263 0.13941093240955857
vn -0.6177036878280234 -0.7707090897416409 0.15636384822992538
vn -0.5392974480740438 -0.8309205686818038 0.13685492699326565
vn -0.5127785117855505 -0.8448100954608933 0.15282048441996499
vn -0.4395560614101393 -0.8888479642185426 0.12938224523541902
vn -0.4116685239055951 -0.8995143526686703 0.14629749064304404
vn -0.3362475011139435 -0.9341686026522624 0.11944304003728141
vn -0.8113291903173457 -0.5771484335616408 0.09297650550727676
vn -0.7376728942446645 -0.6677159650044614 0.09997045150873785
vn -0.6541969160779193 -0.749599181334773 0.10063529369151614
vn -0.5647272886183062 -0.8197104604862784 0.09569665855812089
vn -0.4689871679686802 -0.8789315845501547 0.08677733552530353
vn -0.36577604646969547 -0.9276087661269906 0.07582783679731946
vn -0.25660558758879637 -0.964712914868854 0.05901325531986852
vn -0.17859834456845797 -0.9775597343412378 0.11171211712296523
vn -0.27656878472480345 -0.9541698682789088 0.11432221911970997
vn -0.38104856124810904 -0.917235638372568 0.11610675118189054
vn -0.8046501560514429 -0.5826701218442003 0.11416503613827343
vn -0.713045600582618 -0.6890191127149926 0.12968667550376123
vn -0.596962767132556 -0.7899540876639862 0.14002854723377184
vn -0.49003814918826866 -0.8642101159695268 0.11403283648174854
vn -0.6053146557472815 -0.7934851096424265 0.0630519493219393
vn -0.6039180377340944 -0.7900833881023095 0.1051248949781931
vn -0.7161242650963753 -0.6954395800310322 0.05941235112699956
vn -0.714062783324885 -0.6935408619862806 0.0954746784526945
vn -0.8102626085665581 -0.5835909760535188 0.05381521929545523
vn -0.8076670090718863 -0.5836887522879747 0.0835550292285331
vn -0.8770355490155931 -0.4751702906535328 0.07086494650498494
vn -0.8737542572489729 -0.47672034037365896 0.096390948814287
vn -0.9298964823867037 -0.3598693941212081 0.07606938424668111
vn -0.9269455996424657 -0.36476387504050123 0.08785881156097831
vn -0.604736839484627 -0.7961744340977643 0.019990634288317287
vn -0.7162881373673149 -0.6974131860732754 0.023369898544616383
vn -0.8109758276255574 -0.5845265157694087 0.02543539599686664
vn -0.8790168958297997 -0.4743813477566791 0.04787101154456156
vn -0.9322174608581032 -0.35728923448542554 0.05757611129704236
vn -0.8794770689147128 -0.4751944253448889 0.026652267714522115
vn -0.9333925930933148 -0.356400956828028 0.04191211197975356
vn -0.15814884125900636 -0.9855295434772057 0.06099559772675551
vn -0.2732680333705805 -0.9598753575100398 0.0629593518291659
vn -0.37878569520317495 -0.9232487838018185 0.06428903730738814
vn -0.4906360098710509 -0.8689711264613851 0.06454058563605918
vn -0.1730577197849132 -0.9849037216741635 0.003960385742368501
vn -0.2709973612544277 -0.9625535762082091 0.007144446929212334
vn -0.37675173033872467 -0.92624452948838 0.011366850030971903
vn -0.48923130291480593 -0.8720105685223445 0.015820892314237632
vn -0.059860410644122605 -0.9971328431095776 -0.04629065164509699
vn -0.0023046005257142577 -0.6929730479698311 -0.7209598072041318
vn -0.08627492872842901 -0.9962666044018397 0.0030805237432159926
vn -0.021516384239054446 -0.998886741728543 -0.04198002391867465
vn -0.1269884803949955 -0.9907166155213687 0.048523330232521394
vn -0.11298267187217502 -0.9882528002765643 0.102914132178984
vn -0.1065330878649072 -0.9858023164862967 0.1297863398059258
vn -0.08763021596124276 -0.9906215674893629 0.10483251058475969
vn 0.0014631524458982143 -0.9984102885675252 0.0563449631061285
vn 4.0939010865765164e-07 -0.9999853158418283 0.005419234314132525
vn -0.6977268724725672 -0.7154902116762827 0.03536903200652039
vn -0.6111371582783324 -0.7902688671084416 0.04457007348686967
vn -0.5243713824991916 -0.8499200143122553 0.0516780658243162
vn -0.42333393662620916 -0.904056839787474 0.05890338304411726
vn -0.3035869637028447 -0.9505465173385217 0.06554596742206746
vn -0.15656454826493785 -0.9848510865856616 0.07453777215370762
vn -5.662080545045451e-08 -0.9980996991164919 0.061619725929000134
vn -0.6916663011073463 -0.7216444771203686 0.02875720004018851
vn -0.6796172442445115 -0.7329862298782054 0.029181983044860995
vn -0.6138893989371763 -0.7889016709314791 0.02782012713976495
vn -0.5998444076087142 -0.7997458747512768 0.02435615895140061
vn -0.5266497959382884 -0.8495966093950664 0.0287331471051498
vn -0.5104249932312325 -0.8597118039289906 0.019024733113958244
vn -0.4249266133283845 -0.9047362011345884 0.02982917434028777
vn -0.41039232167693634 -0.9117579799836727 0.01659904348769872
vn -0.304516520300068 -0.9520024546429173 0.031000245453844583
vn -0.291766301840336 -0.956341633539678 0.016825726405539882
vn -0.1634517607277535 -0.9859664010998526 0.03396730512127252
vn -0.15267076804117574 -0.9882290796222005 0.009742831969001272
vn -0.001982629581361418 -0.9999893870669833 0.0041587177521624115
vn 8.231183178813287e-09 -0.9999220087345456 0.012489053137497427
vn -2.9078456376741973e-07 -0.9993296654836972 0.03660901096940001
vn -0.4081350991290944 -0.9125622255267232 0.025611040599675262
vn -0.4927247882776495 -0.8693245008270437 0.03869360772216125
vn -0.5848884838326399 -0.8097156906018105 0.047602120469459094
vn -0.66874161103292 -0.7414844594839824 0.05463930834885425
vn -0.7457422888789439 -0.6636565853540414 0.05855232953357071
vn -0.8137246028599407 -0.578289485689408 0.058596428573009986
vn -0.8708057261372641 -0.4845585129689395 0.0830688559923769
vn -0.8681600294198717 -0.48431002023859776 0.10836035997622313
vn -0.8712371610404731 -0.477529878912534 0.11362668686500275
vn -0.9990246435328657 0.0363798321719763 0.025025375624940917
vn -0.9955254079491285 -0.08770329124535606 0.03517520195327373
vn -0.994923928716666 -0.09491131167278768 0.033439781451822144
vn -0.9681230796220153 -0.24708701833753188 0.041057375369759466
vn -0.9704391191558317 -0.2358355951236099 0.051278534346704444
vn -0.9730165915786099 -0.22353067635825488 0.057207947346201465
vn -0.9742806961733852 -0.21921961639193185 0.05215251530729774
vn -0.9751003164248525 -0.21743672087021396 0.04359639119653543
vn -0.7520439131694955 -0.6582930472652874 0.03286664854977699
vn -0.7602885768900853 -0.648902294149115 0.029784098080420582
vn -0.8291734585062301 -0.5577047561441619 0.03790488996155729
vn -0.834449101720973 -0.5503426211865524 0.028595383238844804
vn -0.9138447420580545 -0.40420072750350994 0.0388530474799721
vn -0.9132391136929221 -0.40654050663852986 0.02681674259587677
vn -0.968441390625781 -0.24720883611831843 0.03176577195394018
vn -0.9686077436332884 -0.2472869269436826 0.02546006159418966
vn -0.9941518905132567 -0.10511709527919016 0.024747017375499378
vn -0.9994318531024454 0.02413636818912457 0.023524598505632825
vn -1.4685495670870431e-07 -0.9951789274572703 0.09807600290068749
vn -0.0008668936090828466 -0.9919164155637384 0.12689000366717518
vn -3.107093017186307e-05 -0.9931568480748675 0.1167881593167387
vn -0.0028470950759422508 -0.9965363198392181 0.08310991090679982
vn -0.0014037921926446186 -0.9987814299269195 0.04933238896118493
vn -0.01576394535338527 -0.9998362400156304 0.008887698144181862
vn 0.35147292496761245 0.897618193438802 -0.26598564213575954
vn 0.7189320144965231 0.5416901456776965 -0.4355554437814399
vn -0.9989078341166159 0.046432456810425286 -0.005212091230904003
vn -0.7074567742988265 0.3873639230950018 0.591146431591318
vn -0.7415581036317526 0.2248644030992443 0.6320819402236544
vn -0.9989268672650904 0.04595098857144865 -0.005798319175350065
vn -0.7272887639184162 -0.06354157451595535 0.6833838761531146
vn -0.7398491275047527 -0.23073362736761352 0.6319693518931431
vn -0.7727720136586412 -0.2528170291572948 0.5821571649254592
vn -0.728909209356706 0.06658717593468354 0.6813644491137069
vn -0.7388374091364185 0.6052930762758449 -0.29620866745101915
vn -0.9070038635673342 0.4183040351849945 -0.04863872553716044
vn -0.6040736120937164 0.7966484795768417 0.021125131004488606
vn -0.6811365991586396 0.6624920637660232 -0.31170049524124593
vn -0.5781376971786174 0.7631828575526178 -0.28863251556057545
vn -0.7752087229420367 0.6278094075537698 -0.07004843796660308
vn -0.6003878045715025 0.7949606484254726 -0.08701753603017784
vn -0.6316902731411791 0.7168649023694018 -0.29507983761980483
vn -0.6342108604004874 0.6998283055880413 -0.32865928748149587
vn -0.9797683572374105 0.1990427717266186 -0.02087920447936833
vn -0.623043536385114 0.7739289940298985 0.11336076908966612
vn -0.6642757445016372 0.7149600308377325 0.21810522591470405
vn -0.6793273565360202 0.6579818881745718 0.32492180212477006
vn -0.6911376300636869 0.5790167717888164 0.43251399318080797
vn -0.6939564131429343 0.47761459707538606 0.5388031118305736
vn -0.7154355566188275 -0.6873012511776916 0.12557449763024375
vn -0.7501305881824062 -0.6512681373574383 0.11469051371447642
vn 0.73637952039122 -0.6541468948887221 0.17273402055136533
vn 0.7628050187076253 -0.5899080631394684 0.26483387335743236
vn 0.755322460791403 -0.5187260413151317 0.4005137629165218
vn 0.7608380569497775 -0.4067621648736213 0.5056382029912416
vn 0.7805772349537625 -0.6143115654402866 0.11541438748372392
vn 0.8365126340605785 -0.5397297409403441 0.09454321658110497
vn 0.7535353951558057 -0.5957451481620976 0.2779786443033065
vn 0.8048000227438952 0.5004071742401052 0.3192014776915336
vn 0.8728172413746356 -0.48154123658530257 0.0794235520929958
vn 0.8763100705474951 0.4129461882100636 0.24810502997686892
vn 0.8555994680060104 0.5131922843763134 0.06769955394574553
vn 0.665204628818308 -0.6895814033150255 0.2863220040457547
vn 0.7539123742896564 -0.647231787061052 0.1127259762019821
vn 0.7156564476529912 -0.6881049841762518 0.11978054802221358
vn 0.5786267710177962 -0.7601953377273243 0.29545576379410504
vn 0.6598281916798431 -0.7402273963221708 0.12919039901868917
vn 0.49040342714868557 -0.8169131876929095 0.30357424530785426
vn 0.5767988902841023 -0.8040768995857855 0.14409503710932942
vn 0.3967095903056097 -0.8642768639452801 0.30926849727779754
vn 0.483029816601813 -0.8617234653933361 0.15528961801781507
vn 0.29137109837328357 -0.9042200877453228 0.31223215073177046
vn 0.3691922226759238 -0.9150339616617965 0.16251138951202523
vn 0.18090445810271988 -0.9303279639800659 0.3190038502514764
vn 0.23452701665443823 -0.9581065283821172 0.16440486224785575
vn 0.08810202504880953 -0.9446127787492576 0.31614036661885636
vn 0.11951694833026462 -0.9789231954209775 0.1656051826743453
vn 0.0007395250290668266 -0.9486334227532431 0.3163764882828651
vn 0.6030622108094263 -0.6633999102443802 0.4429633494787073
vn 0.5511169885538633 -0.7074626152325276 0.44245532314084934
vn 0.4789002605874756 -0.7551958166233395 0.44758666084218307
vn 0.3908608934494144 -0.8027740716362355 0.45031272675831163
vn 0.3015408712937671 -0.839823076621088 0.4514092410596906
vn 0.20869992672077253 -0.8674380994451069 0.45165859254286883
vn 0.12313347993765097 -0.8822783259952537 0.45433809173065903
vn 0.0574254650019942 -0.8894226293079114 0.45346411373371787
vn -0.00017554474257274055 -0.8913345555910739 0.4533460920679763
vn 0.6469255843474109 -0.6217524474861028 0.44148746569047925
vn 0.6452847518212057 0.11495377309746585 0.755243814352492
vn 0.71182448484172 0.3961506894097468 0.5799745977713183
vn -0.3248719671071815 0.9065114928194303 -0.26962032262831764
vn -0.3093301383192592 0.928113232629089 -0.20717309899253472
vn 0.848297618026131 0.5236202503220655 0.0788224885667128
vn 3.401189733591866e-07 0.9999999999999222 2.0021001409471116e-07
vn -1.2473356205123642e-06 0.9999999999960569 2.5159410873462548e-06
vn 0.3251350184164326 0.9066892683916916 -0.26870390838743896
vn 0.3152401933284905 0.9231201454734824 -0.22016543218959875
vn 0.3137379720822802 0.9392198237066237 -0.13940806156817834
vn 0.3099106186420223 0.9507511510016811 0.005259022903316454
vn 0.21431186951252862 0.9225755646881452 0.32081887417419014
vn 0.2653492201888676 0.9393549209263855 0.21726049773611325
vn 0.29179350644299096 0.9509222711881778 0.10297273307056413
vn -0.3104002898749481 0.9506025496308136 0.0025402127755211313
vn -0.3082359545272121 0.9409012620854073 -0.14034034110969648
vn -0.21073079918386445 0.921897281353768 0.32511218511132606
vn -0.2698921732380734 0.9321937210862066 0.2411909641596908
vn -0.29310226030078135 0.95069899452319 0.10130393289092317
vn -0.0006888927966618722 0.8936652142603224 0.44873378549844783
vn -0.07023321512289787 0.9014303731859309 0.427189159262468
vn -0.1354393355515773 0.899964200415663 0.414391872936166
vn 0.07091840344767361 0.9016180848341376 0.426679515740391
vn 0.13643246537400192 0.8998525441891406 0.41430855785067044
vn 1.1236681188904014e-06 0.9999999999948079 3.0201665886123593e-06
vn -0.886467642124153 0.4057877791897007 0.22251156762545085
vn 0.7142604069302633 -0.13814882805371487 0.686110029367885
vn 0.69975730108409 -0.12143124822910722 0.7039844966567311
vn 0.7106565806681623 -0.11719148262342667 0.6937098678507887
vn 0.7330381354564292 -0.04994864133654529 0.6783511076096177
vn 0.8415623234967337 0.5011260612942503 0.2016073569155903
vn 0.826797485527352 0.45319321776931526 0.3331993776908086
vn 0.8072265398021573 0.39176006696564575 0.4414854056139442
vn 0.7873737029619247 0.3151068852197047 0.5298587573789479
vn 0.7693594972194813 0.23245958238161002 0.5950197531150999
vn 0.7516297595723251 0.1509506665633864 0.6420799021845474
vn 0.7472150210075496 0.051978970334957304 0.6625465259312776
vn 0.7489395174580906 0.023741312422566357 0.662212918383579
vn 0.721147994631764 -0.6348467666379517 0.2773358121987193
vn -0.762534688107499 -0.590772806355506 0.26368227225894253
vn 0.7208368806120538 -0.5960687211183116 0.3536895125019458
vn -0.758229498788336 -0.4717723349904232 0.45002098962700915
vn 0.7238422377924331 -0.5395334400589916 0.4300652065044943
vn 0.7158625539517511 -0.6638270389771422 0.21650511812083345
vn 0.7445718975279724 -0.6471854473048352 0.1635961069476751
vn -0.7311537630313781 -0.6770878011167804 0.08346427010343058
vn 0.7556190501979358 -0.6495848649764495 0.08413889808820287
vn 0.7405077635927585 -0.6717790681735595 0.01900356868369298
vn 0.7233911728741014 -0.46243212628323793 0.5127004384521193
vn -0.7635859905575696 -0.34760189522715235 0.5441593125718858
vn 0.7201998355358591 -0.39022167964686366 0.5736194188028348
vn 0.7199029003248714 -0.30209816740837364 0.6248811977907004
vn 0.7210260140076142 -0.20883192398937517 0.6606895751010359
vn 0.7302598463228447 -0.6831290844696809 -0.007430397038603258
vn 0.7737554804352303 0.6332374803924149 0.01768473699866406
vn 0.9378963625133953 0.346307465554294 0.020531743362495716
vn 0.93697064475451 0.34850822769375084 0.025060448880225024
vn 0.8968737018145772 0.4413626410870118 0.028575899742873417
vn 0.7742250844393397 0.6325968824974135 0.019917401423148472
vn 0.8573369898612839 0.5143118755558831 0.02136774386271076
vn 0.8371533097142603 0.5460483612165616 0.03170998655262019
vn 0.9988994667399216 0.03728947278895791 0.028449087258149052
vn 0.9988437680398733 0.03755973727222224 0.03000655235026877
vn 0.9836223442455725 0.17838631394734858 0.025795482106807995
vn 0.9742922561495148 0.21399030350663392 0.07044678567704209
vn 0.8355267950850834 0.5441797283049709 0.07591704681280072
vn 0.9099092740956446 0.4101597082922619 0.06192032467892665
vn 0.9106365824961468 0.4131226078348112 0.008409846342424492
vn 0.9551784343717538 0.28983379849411656 0.06025386096838139
vn 0.9450230353694357 0.3268897363293913 0.00863498139195871
vn 0.8881748891435801 0.4544699777080276 0.06784103225080054
vn 0.9375113270025095 0.3419759444455902 0.06422589168349815
vn 0.9814850030221424 0.1877193374091166 0.038060993225447586
vn 0.9986087671435216 0.04149515378185263 0.03253739996859331
vn 0.9412633333196383 0.33571502799983605 0.036314698443916056
vn 0.7723591168784552 0.6337518698367293 0.042661013269518405
vn 0.8362568449770779 0.5434312524240779 0.07319127760725008
vn 0.894113753483701 0.4462778380262027 0.03737227739844017
vn 0.9381452985426995 0.3455959301059553 0.021138872165489604
vn 0.9843413583528708 0.17506350009375607 0.020612160753992654
vn 0.7617579797663218 0.6404529146448186 0.09769771944773677
vn 0.7654972673711922 0.642695256725238 0.030931224193659727
vn 0.7351253167008146 0.6613105766907594 0.1491948052127219
vn 0.7868697047984416 0.6170680016254876 0.00794663704599176
vn 0.8498986238687208 0.5268216112106321 0.011459454938525508
vn 0.9031729407755619 0.42904448491721586 0.014123349919333695
vn 0.9422760668905742 0.3344531326616794 0.016028593762988586
vn 0.8976973236870519 0.4401474147956519 0.02024273434614829
vn 0.84364986418919 0.53653299766023 0.01967864515887871
vn 0.8459675374330262 0.532077567733398 0.03510537742871476
vn 0.8996251295516977 0.435631783594185 0.029992922525826457
vn 0.9460566932801623 0.32311412962233016 0.023958137202394304
vn 0.9656588113065747 0.2589427800464194 0.021253159948692223
vn 0.987311242779092 0.15740202591666763 0.021002669338289023
vn 0.9664022147975576 0.25615854466878746 0.021202811783919133
vn 0.9879054379971144 0.15337759400309145 0.022763111245001123
vn 0.969486468526958 0.24448813988994056 0.017931447133020854
vn 0.9893928722991986 0.1439078347933418 0.01980604273029212
vn 0.9720649711422973 0.2346388453794307 0.005856971669082102
vn 0.9910192021350962 0.13360853724733954 0.005449749915694172
vn 0.9994929601330895 0.03175418080130649 -0.0023440661321889925
vn 0.9996163684053379 0.027694189103457476 -0.00038458552513382624
vn 0.9998123206836754 0.015536862276020923 0.011572783577835219
vn 0.9994305572916974 0.024613141625990802 0.023081473326158817
vn 0.9992613504618237 0.02924863147379298 0.024925309027623414
vn 0.9991237148066116 0.034145223188520236 0.02420550029317264
vn 0.9990307088295378 0.03627190877296562 0.024939756404520237
vn 0.8433096686649652 0.536420041752435 0.03289895959605134
vn 0.7761095952388897 0.6296192086078372 0.03512190669892416
vn 0.8601066254756451 0.447491606389569 0.2448833498296313
vn 0.6418469157318912 0.5989014733951776 0.4789045436520138
vn 0.34349117165658594 0.6698635850595385 0.6582526812745758
vn 0.2810897244194267 0.6366055569127774 0.7181378222413742
vn 0.3168855064162388 0.6551735040708987 0.6858070103074072
vn 0.5965158875475285 0.6289721945880565 0.4985607027619287
vn 0.8063953981106166 0.533818795822371 0.25448763257332135
vn 0.5271504296405739 0.675234837683308 0.5159169880015145
vn 0.7225244841083588 0.6326190539292996 0.27883956403198534
vn -0.9665309245542232 0.25603923545985297 0.016182761985906048
vn -0.9369999252403186 0.3484232940643795 0.025146535605612426
vn -0.9463992828676119 0.32200042915299776 0.025379539258137716
vn -0.9473729989586982 0.31444265419313977 0.06008509023023853
vn -0.9456564834105684 0.3251239878739138 0.0053111102907203445
vn -0.9721735227573887 0.23416256891242215 0.0068215078849369944
vn -0.8662275070813106 0.4996229229372596 0.005180815700960441
vn -0.8142221458645524 0.576515505332402 0.06835326835674138
vn -0.7880681983819993 0.6155167366836128 0.00936277529933834
vn -0.8896576597962346 0.45085553747595297 0.07237770853761982
vn -0.9380172059633779 0.34072821281714116 0.0634665762988269
vn -0.9816400269449271 0.18705078103230666 0.03734786225163271
vn -0.7041666970178873 -0.26979057164997994 0.6567817828317833
vn -0.7043570223965137 -0.13113112643728841 0.6976287068921443
vn -0.9097000962236865 0.30774306158289755 -0.2788188354078691
vn -0.7021499049156117 0.0036599157796264564 0.7120197441388009
vn -0.6820055468703649 0.1666937279269464 0.7120966473084056
vn -0.7081864978227694 -0.6760187164161829 0.20364326494273557
vn -0.7127770768393589 -0.6375355730238867 0.2923990968888983
vn -0.7127534161688832 -0.5953243310782631 0.3709063339521251
vn -0.7143235246057803 -0.5465200630106191 0.43710150185242336
vn -0.7055863427575118 -0.49067768025117303 0.5112566156221422
vn -0.705286333688894 -0.38216274545075424 0.5970953219555649
vn -0.7569883808036373 0.6469009162472489 0.09212923470189817
vn -0.7661509413462654 0.6417934595700346 0.033374995540939166
vn -0.7748689135037563 0.631065583942752 0.036529380620282256
vn -0.7725329785695296 0.6335397205509914 0.042664030595600116
vn -0.7742774338933969 0.6325224419356366 0.0202439080030457
vn -0.9837454494747544 0.17760053409622525 0.02651303314313192
vn -0.9840502830719305 0.17639711400051808 0.023002142472853582
vn -0.986888168861123 0.16045389471943583 0.017501138000247454
vn -0.9422910740851863 0.33324767650717285 0.032148371684375086
vn -0.945874226505163 0.3236196164305095 0.024337039561736454
vn -0.9908852708055808 0.13452599200791363 0.007009819886257114
vn -0.9892794092772766 0.14465876864553986 0.020002275719492223
vn -0.8965133726098952 0.4383329708323756 0.06424935340449014
vn -0.9067816996377462 0.42155200231969503 0.006392068705502269
vn -0.8495053852788405 0.5274308796316463 0.012540637672641158
vn -0.774858277385623 0.6318395145133188 0.019325575452200146
vn -0.8328283303376751 0.5472888492295586 0.08289684973474888
vn -0.8370716291222979 0.5460960001035461 0.03301887928821671
vn -0.8442473372073835 0.5354850581038314 0.022409510609977232
vn -0.8459332963292505 0.5321261549237731 0.03519393992677583
vn -0.8433547771276505 0.5363357397930453 0.033116372334811336
vn -0.8435626472535737 0.5366619946640124 0.019898835186673625
vn -0.8976117663589016 0.44031512342181434 0.020388942593598164
vn -0.9030142236836401 0.42937106282110926 0.014345809036223204
vn -0.9421463366908284 0.33480711150694903 0.016262790179598568
vn -0.969472803262863 0.2445534821607608 0.017778585340027332
vn -0.892796851857918 0.4492683206489566 0.03273770569018521
vn -0.8985809999967374 0.43819262080235355 0.023225277592065947
vn -0.8996792063549292 0.43545436174269236 0.03093257977972542
vn -0.8969124004313938 0.44127493432751763 0.028715471207005294
vn -0.9378274576524441 0.3464899929436409 0.020599622886575103
vn -0.9673675776533547 0.25244890536999404 0.0216684074766097
vn 0.733423668172691 -0.5044012218468479 -0.4557072858354594
vn 0.713537205314067 -0.6521075614452965 0.25616476131283206
vn -0.05834343450235864 0.6769768065576032 0.7336882492132054
vn -0.7198158770112063 -0.3157304278305702 0.6182065998875401
vn 0.6790090449384301 -0.44698946531942907 0.5823634044007676
vn 0.6964076133983159 -0.5782359360572279 0.42504074893224414
vn 0.1193573721478302 -0.9916129930330316 -0.049573074970562556
vn -0.733422885159524 -0.5044016977073355 -0.45570801932184324
vn -0.11965693856372349 -0.9903702487120505 -0.06963467182078645
vn 0.08437993214614287 0.9817966329311061 0.17016285909726356
vn -0.43923088643322095 0.7067136629433655 0.554645857292974
vn -0.07410583579746376 0.6208931590178333 0.78038452713109
vn -0.6186018599794342 0.5880042792171771 0.5211359769314267
vn -0.08901111968241181 0.656701346288393 0.7488794044142857
vn -0.5750370131787976 0.6367059790440025 0.5137488975404481
vn -0.07905736089121042 0.6173081435316616 0.7827391580970064
vn -0.5522306655066154 0.6517560729551437 0.5198608596924855
vn -0.05252739549586313 0.575006723189025 0.8164607406420966
vn -0.5048719170485206 0.6752101538757435 0.537769091226752
vn -0.07218476828798441 0.5562336907051575 0.8278849198721578
vn -0.4718131545933322 0.688977628423653 0.5501837644682066
vn -0.8465617416424908 0.4692368527422677 0.25129662475999215
vn -0.5964684447302063 0.3691757497629827 0.7126953488188823
vn -0.4160054715273781 0.5086555536362747 0.7537963752992306
vn -0.2786858949411025 0.6332600662689745 0.7220220636724964
vn -0.313362030237984 0.6506892428524795 0.691670259040531
vn -0.25509014139629294 0.5853455735351609 0.7696100176746745
vn -0.33863229822017754 0.6650995267130162 0.66556050526473
vn -0.6318761338222779 0.606497839566573 0.48258980729693235
vn -0.5865058835914516 0.6346916781139225 0.5031672905163288
vn -0.5214623460310706 0.6750655806472987 0.5218845499697202
vn -0.7110266572579109 0.6490458176398719 0.27051916618389826
vn -0.7918330576738093 0.5519242906993922 0.2614956713043616
vn -0.7277420135142869 -0.09213169012672465 0.6796346911691342
vn -0.7204478726746505 0.09926384454046933 0.6863683791708473
vn -0.6921234354726655 0.3512096376539027 0.6305687436660093
vn -0.683213649369608 0.4571854479209268 0.5693861392099424
vn -0.700985434799948 0.23107902403173436 0.6747013449303838
vn 0.04353397367536058 0.05233598985544602 0.9976801778635694
vn -0.04965767763767266 -0.031011436851411507 0.9982847318456011
vn 0.02625590054457611 -0.09070161534849511 0.9955319405522692
vn -0.028480504110502635 -0.09120271571870055 0.9954249974413671
vn 0.015034945906279724 -0.09501288340039922 0.9953624979822865
vn -0.015033283388025507 -0.09498957936550742 0.9953647473175545
vn -6.157579868196312e-07 -0.09617892115634721 0.9953640615999867
vn 0.020210487553033365 0.9481137504271796 0.3172882797138534
vn -0.02029552585092989 0.3338461879093035 0.9424090483695816
vn -0.041931750326556515 0.13127403776351873 0.9904589114768031
vn -0.821009464264179 0.4616760741732801 0.33585512073600116
vn -0.014048931962420587 0.9700264054795241 0.24259307529933524
vn -0.014408991617480904 0.9219771356892594 0.3869761520130099
vn -0.02332293202553838 0.7843630882687533 0.6198633612363583
vn -0.021906277942346213 0.7388146173248796 0.6735525786557455
vn -0.006195889145568728 0.6656704268229432 0.7462201376343689
vn -0.05764937153319268 0.41119452260931705 0.9097228229180159
vn -0.04299068419216724 0.2919949000475554 0.9554531801291508
vn 0.01657678200332203 0.5469889193914401 0.8369757059565103
vn 0.020095383353423386 0.679051285371169 0.7338157312320596
vn 0.04778148792105519 0.7453692875401775 0.6649372561406813
vn -0.0031515542389089946 0.4060193894587858 0.9138590280176664
vn 0.008118793321198317 0.8380618480902639 0.5455148247028115
vn -0.7255656344843061 0.3494958777010925 0.5927960370357828
vn -0.7566010715045051 -0.5972178645536209 0.2662435743003909
vn -0.6381137589779683 0.117527611035577 0.7609192409495752
vn -0.6442821943239762 -0.6234015065858024 0.44302484768197115
vn -0.5994043528142656 -0.6618741487976806 0.4501522331174834
vn -0.6719538343277222 -0.6831964685928882 0.28586820360872395
vn -0.5827210218953848 -0.755673104359231 0.29898891281999374
vn -0.49043423830232113 -0.8151920483241694 0.3081171566950913
vn -0.39662831940734367 -0.8626934336216674 0.3137610808085729
vn -0.29086884757240056 -0.9029640254892358 0.3163088398767542
vn -0.17971655976517972 -0.929507094355174 0.3220535975417294
vn -0.08713426625142982 -0.944208479396806 0.31761292020318727
vn -0.057821538795074484 -0.8894889023954641 0.4532837545805964
vn -0.12387926390173183 -0.8822700064736728 0.4541514765495214
vn -0.2098372693134518 -0.8673083436214872 0.4513807234382368
vn -0.3033771508786451 -0.839463842655049 0.45084671585759045
vn -0.39345939834802285 -0.8019338779065542 0.4495461681711545
vn -0.4820762391273713 -0.7535305150124333 0.4469835149241041
vn -0.5525287742835627 -0.7025065050517817 0.44854939967481267
vn 0.5741185877688142 0.030199894767966504 0.818215016688368
vn 0.5773773267152932 -0.0017202815897680679 0.8164756354150157
vn 0.5787168873148467 -0.17023593075004842 0.7975628453095591
vn 0.5671162955283854 -0.24412930176557593 0.7866256996600185
vn 0.5495199792297675 -0.48250003847399275 0.6820714810779819
vn 0.5579195789563958 -0.32264300332937 0.7646092046396786
vn -0.5454100424302721 -0.4879225196716666 0.6815126560919178
vn -0.5543058793346822 -0.44300823064562384 0.7046195425300368
vn -0.5668682614492735 -0.3560233034236338 0.7429049613381252
vn -0.5686993395582297 -0.25725439318766286 0.7812817919110112
vn -0.5724861112441075 -0.23763542313299685 0.7847222808771271
vn -0.5777798318675883 -0.17049087215705674 0.7981875270875809
vn -0.5847084270600537 -0.014678486996180842 0.8111107183020458
vn -0.5691146512713405 0.030689526625367336 0.8216852600989086
vn -0.4543861330408309 -0.6530918680725702 0.6058087602186691
vn -0.10118465602725958 0.5771313346618794 0.81035861687036
vn -0.06772537500684078 0.9253767209142776 0.37294932359520633
vn -0.13358551787978049 0.820486341632528 0.5558390707815183
vn -0.19526719312784183 0.6946068920275192 0.6923813897237882
vn -0.0410037604830845 0.506784363192769 0.8610971494840438
vn -0.19941369214294583 0.250393894315955 0.9473843344045798
vn -0.1613967469861576 0.06185285235036142 0.984949397034391
vn -0.1330955643792521 -0.09887943067577698 0.98615841979461
vn -0.14663117124142913 -0.28408644676256206 0.9475200211004454
vn -0.43341174038043184 -0.5412301825985547 0.7205721010035985
vn -0.45565336955151436 -0.30855159648788544 0.8349706097349345
vn -0.5216276423748287 -0.5584720186636212 0.6449911682188045
vn -0.41610215223054015 0.036890869530119316 0.9085692393287504
vn -0.36994182533065434 0.21798008639417954 0.9031211036215516
vn -0.24396046810519453 0.5727967153317085 0.7825517317769477
vn -0.3153961778934728 0.3836887534044139 0.8679332874600189
vn -0.4580026326435972 -0.14664822647214446 0.8767712849792177
vn -0.39296192520914003 -0.4047950083354965 0.825664536335788
vn -0.4309205346150003 -0.13130962623282522 0.8927851224710894
vn -0.39664421542422756 -0.2006098060928377 0.8957840543735375
vn -0.2814134139950777 0.07536085040440223 0.9566228267451913
vn -0.3067565058471182 -0.21855511214177936 0.9263552823172982
vn -0.29702924434093103 -0.4442914006316229 0.8452093109585614
vn -0.1693611427772012 0.7270057280581035 0.6654167676636255
vn -0.07945720603131197 0.8465699924943882 0.526313404938302
vn -0.3589932488349354 0.23433658098764504 0.9034435312192781
vn -0.2804121339366419 0.424184157795893 0.8610672653260534
vn -0.19088086239728955 0.5936099271177449 0.7817875355860648
vn -0.07747880706960623 0.7771397348278789 0.6245405247113472
vn -0.19587639701111456 0.4287559680696149 0.8819301315516053
vn -0.286628993575554 0.25434654729531436 0.9236620886021129
vn -0.36890338620537455 0.07222168986831805 0.9266576062164347
vn -0.31363175332596105 -0.6686267935166971 0.6742205383235248
vn -0.23378467352639917 -0.496966362777795 0.8356848453164409
vn 0.3719721528839179 0.19231727952280783 0.9081028474109359
vn 0.3740076282573598 0.06629690448908504 0.925052979272252
vn 0.4329902431944053 -0.11994983648179669 0.8933820493083796
vn 0.10242651679516945 0.5855999000461477 0.8041029571660279
vn 0.09980290360451889 -0.10749623998255112 0.9891834707584437
vn 0.210658752236022 0.6921254991480771 0.6903514927450997
vn 0.32754602433862345 0.38893355644652317 0.8610715943577638
vn 0.37748064641007645 0.1803813478903366 0.9082791040859061
vn 0.15907409939829617 0.8269226677890437 0.5393462082904376
vn 0.04210891204068415 0.9588112968053665 0.2809052093592453
vn 0.28782499989949867 0.25438154741545194 0.9232804545572129
vn 0.2783032226508044 0.42422407857888167 0.8617315402235639
vn 0.19748513640811227 0.4291571893554039 0.8813760421763456
vn 0.18849287804404466 0.5936428225422006 0.7823417630235537
vn 0.08376495971047677 0.7363575476677927 0.6713873647287208
vn 0.07279032263858612 0.8530564316569865 0.5167168405798475
vn 0.16848914086495867 0.7270737316881233 0.6655638197045382
vn 0.25653151667452656 0.5679153094825931 0.7820893697065301
vn 0.09460483828854215 0.4068690443046715 0.908574435783333
vn 0.0714445928203458 0.20434836481924465 0.9762875682668688
vn 0.1860752769297086 0.24596446365756305 0.9512504790711958
vn 0.14378577804151907 0.052726831474481164 0.9882031831944565
vn 0.2716267768263971 0.07426455302135652 0.9595330480371382
vn 0.22204206403400706 -0.10647287614764571 0.9692062981864935
vn 0.3615725198206818 -0.14753791681268877 0.9205964783840391
vn 0.3173291534462574 -0.3007104938107751 0.8993750092620771
vn 0.4377432961476378 -0.5600793105556613 0.7033434243421178
vn 0.4511991292663918 -0.4343745530384658 0.7795755854449798
vn 0.14559656043254626 -0.22486672372652786 0.9634503610205922
vn 0.19343234249767005 -0.33870359723567334 0.92079520095159
vn 0.252883573820069 -0.48538695255327624 0.836928553929804
vn 0.3195390238393812 -0.6630305649705548 0.676967711311701
vn 0.4656928094724686 -0.3152680994690297 0.8268834456335579
vn 0.5169074078429581 -0.5540031939263735 0.6526003316245331
vn -0.11357731240208778 -0.7068969856355369 0.6981381280283365
vn -0.004730764471948925 -0.7043319444794113 0.7098550076271651
vn 0.11342079116115279 -0.7067883767982306 0.6982735241689324
vn 0.2085257570979167 -0.6763932317097233 0.7064058357092027
vn -0.20001790732614164 -0.6886844155210944 0.6969265474691285
vn -0.1102349720100786 -0.3617214605073951 0.925746096915528
vn 0.10894689401748509 -0.3633171444554562 0.9252735956616701
vn -0.0595172473023851 -0.3761024839659633 0.9246645980182104
vn -4.293389513091913e-07 -0.3807874397531591 0.924662601020529
vn 0.05952193733937133 -0.37612266742544764 0.9246560863500191
vn -0.5750652915294121 0.816775353685515 -0.04666831998362476
vn -0.3712185436859916 0.5759787542347221 -0.728316735695308
vn -0.48352738443082743 0.8742956768587065 -0.04252455680732285
vn -0.3125831326028387 0.6235150368807494 -0.7166036449780266
vn -0.3778703309302723 0.9251962953616923 -0.03501182731088179
vn 0.4840828733357709 0.8739199593050617 -0.04390531256263875
vn 0.37800640317937323 0.9252016148178017 -0.033363619316938535
vn 0.28525338395271166 0.6330601285048819 -0.7196286407869752
vn 0.11369345591674467 0.6924422214690312 -0.7124588184651378
vn 0.1476998285065582 0.6924323673944416 -0.7062026460185932
vn 0.23123521202676658 0.9726179458753418 -0.023336839549670616
vn 0.17748919455967652 0.6793896734451371 -0.7119882424806375
vn 0.21584179049233296 0.6614787560444146 -0.7182326759337797
vn 0.0591773436921466 0.6962373515803122 -0.715368151554131
vn 0.07905278243420126 0.9966722926018073 -0.019874575448749265
vn -0.008209778949452191 0.7030037032424934 -0.7111387999237148
vn -0.07747339974326589 0.996745673708965 -0.022269581825470973
vn -0.054803854994374034 0.7043663952260111 -0.7077178242449954
vn -0.23160293316822722 0.9724668193089046 -0.025852788845619805
vn -0.11979182183298685 0.6929755012865016 -0.7109394306399498
vn -0.08763569892717922 0.7012214023141295 -0.707536945473627
vn -0.2767019330170868 0.6446476317537119 -0.712646806727525
vn -0.2363653457876668 0.6591777240595176 -0.7138740445025238
vn -0.1811934844319778 0.6739519716073564 -0.7162106262587534
vn -0.7215332679904862 0.6911719040585671 -0.040879606444097286
vn -0.9978387663461308 0.0656120559921181 -0.0035853152328733937
vn -0.9985382677191711 0.052309215906419244 -0.01360418434351871
vn -0.9616380603572947 0.21770691413913282 0.16690098983611934
vn -0.9670083642380521 0.2543431564748087 -0.014296231953823858
vn -0.7141280950602679 0.35827080439096604 0.6013843151983956
vn -0.8727079023507813 0.48737476873269797 -0.029099003028423154
vn -0.562093949220295 0.39794923890584705 -0.7250426163365775
vn -0.4674422837696964 0.4874333795971752 -0.7375001096939896
vn -0.6572206744091245 0.06912101083265867 -0.7505219990051506
vn -0.48840373613775084 0.19719564680132323 -0.8500445090754329
vn -0.7076445312087033 0.005892890768323288 -0.7065440476635599
vn -0.707009705973481 0.0007463774890916766 -0.7072034492138282
vn -0.996588848400017 0.0490137905490573 -0.06639514726801235
vn -0.7240530727268318 0.06338831933573962 -0.6868253554191367
vn -0.9965819593988939 0.08257182589942624 -0.0025083397489230686
vn -0.9966552253542634 0.07921462383496586 -0.020084948213208987
vn -0.9966553105391135 0.07240674068521256 -0.03788741054133486
vn -0.9966554439390248 0.061659417374898655 -0.053628745236984986
vn -0.35691841210161485 0.545253964837537 -0.7584901851255611
vn -0.08548280789183002 0.9959586870198266 -0.027549651625232017
vn -0.36778942750800847 0.9296279794066072 -0.022863878011401335
vn -0.3694840137728686 0.9007350784519487 -0.22838100186410537
vn -0.03956279589501356 0.7403869562982537 -0.6710156034880094
vn -0.14524696603130433 0.7342399005821696 -0.6631704812880218
vn -0.08516022368369829 0.9658027585337645 -0.24489338070007818
vn -0.36947796598832117 0.8233352028868642 -0.43081919216346315
vn -0.08474073057705443 0.8824954267218409 -0.46262385411509327
vn -0.3621939575031086 0.7095659487641168 -0.6044267544564146
vn -0.08749862841890144 0.7675481045158747 -0.6349912576397402
vn -0.03838330876210996 0.6688760621322265 -0.7423823375558976
vn -0.08778573813702063 0.5702211381817515 -0.8167873148809588
vn -0.7139778234133083 0.4111387063658294 -0.5667456500069736
vn -0.9361848248741376 0.2067536298177142 -0.28427259845539143
vn -0.9360909415894693 0.26541406545570645 -0.23084436950554993
vn -0.9360929534855725 0.31166324692238506 -0.1630828101071789
vn -0.9360909546274369 0.3409689617271172 -0.08645167322513712
vn -0.935986429568167 0.3519243977172253 -0.008866902255185907
vn -0.7041578832506313 0.25141231907068884 -0.6640433128008204
vn -0.7145322447385707 0.6994301050212275 -0.015530596216947332
vn -0.50805704386719 0.5393686981519502 -0.6715351425136309
vn -0.6040668302115489 0.43265164389781685 -0.6692651340617471
vn -0.2694112841866852 0.6957242362934558 -0.6658718697968616
vn -0.39889642241505374 0.6341714353186649 -0.6623505377142344
vn -0.7151576140271524 0.5273922423139618 -0.45870143867884483
vn -0.7151585302629324 0.6193022703949832 -0.3240570543527506
vn -0.7151595968695916 0.6775218098581356 -0.17178750877720836
vn 0.05652560121717973 0.728194669621962 -0.6830354160226233
vn 0.10507626847611132 0.9866702107427653 -0.12426130948916969
vn 0.10690605814171328 0.9305836535464616 -0.3501216338427542
vn 0.06480460036245417 0.8670906820475028 -0.4939171113438561
vn 0.0993096821296672 0.7691351308474077 -0.6313230057044062
vn 0.030930227960126507 0.6898022133806544 -0.7233368699392315
vn 0.09803555102747985 0.5437036559989668 -0.833531862131314
vn 0.095110335932682 0.3452607077375614 -0.9336750332376519
vn 0.09770994221733634 0.12379843458670844 -0.9874850453479105
vn 0.03032431842809495 -0.32394684258923606 -0.9455891702469611
vn 0.09316142507140528 -0.19108246217281794 -0.9771429995290548
vn 0.03804292985097182 -0.033958597200160145 -0.9986989281883462
vn 0.9853865109349902 0.16169383691161238 -0.05355863303116504
vn 0.9774042515470257 0.14760513705462808 -0.15130648556120455
vn 0.9802114891516037 -0.19750559777190835 -0.01330320953591418
vn 0.9832456044059831 -0.1814682789753283 -0.017243698618493654
vn 0.9831220448897205 -0.18264339356360773 -0.010603567297060253
vn 0.9653059299707868 0.11331946884851324 -0.23525126895114742
vn 0.9857195196860696 -0.16388769939938932 -0.03870207352894269
vn 0.9528487929975447 0.07406825436961999 -0.2942670069473636
vn 0.9920974137205083 -0.11491921868904434 -0.050361640809033895
vn 0.9433587001193051 0.02581399779474774 -0.33076880207641685
vn 0.9942677320667689 -0.0922838926727762 -0.05399407489682389
vn 0.9380936486059321 -0.02594486493691309 -0.3454087005687834
vn 0.9969440779407832 -0.052083133252731985 -0.058222441458426304
vn 0.9370519821630783 -0.0780302826513697 -0.3403598943964958
vn 0.9982114406519873 -0.03468693415412917 -0.04869020795264147
vn 0.4000767947131177 0.4960624371365738 -0.7706235246825784
vn 0.40280320849508644 0.2909160586720915 -0.8678233818195727
vn 0.38679071604169185 0.07714691643376294 -0.918934869981936
vn 0.38567066586424625 -0.17823447520016725 -0.9052572061806247
vn 0.4472077898692366 0.8864239617624845 -0.11940583190771838
vn 0.33820370549407947 0.6444425620977783 -0.685792999196496
vn 0.20579268649697818 0.7050724291601131 -0.6786178894065595
vn 0.4170328642637489 0.679043942807616 -0.604138157924378
vn 0.4254386782550739 0.8262299425676722 -0.36925061008642457
vn 0.8052219956285501 0.5851588972247083 -0.09595104353126595
vn 0.5614589417047058 0.45941330674316194 -0.6882610481257422
vn 0.46362783853535927 0.5685801223572923 -0.6795335692923475
vn 0.7244739655950692 -0.12823079420252015 -0.6772697664838919
vn 0.7332569869615383 0.140544708544057 -0.6652678978970447
vn 0.641311131567112 0.34827578416853033 -0.6836841454135862
vn 0.7278279467754716 -0.13120758882420086 -0.6730906688757026
vn 0.7280961726907226 0.02024405629098792 -0.6851759930835353
vn 0.7372275098049025 0.17228707240115332 -0.6533090872399546
vn 0.7522930221016016 0.31511422725142674 -0.5785829522903136
vn 0.7718035203674711 0.4397163616844662 -0.4593134520296072
vn 0.791421299960193 0.5346555323480173 -0.2963035398016305
vn 0.869893785434643 -0.49156733445584017 0.04057533435681524
vn 0.9219221132376823 -0.3858262971080505 0.03460759430033732
vn 0.9129992631853981 -0.40709055016666734 0.026638869869431498
vn 0.9229254356723579 -0.3818431791642438 0.04903495400968378
vn 0.9756109161581477 -0.2164289234627196 0.03663142587762282
vn 0.9746468090682726 -0.2213565513500064 0.03263241865792802
vn 0.9958439664369261 -0.08356771752624785 0.036210925127971264
vn 0.07819710347027817 -0.9954459867004423 -0.054520643529232665
vn 0.11357223877881893 -0.9882930994149611 0.10187294158674597
vn 0.10919111713982806 -0.985576178079837 0.12929384029913238
vn 0.20605097134124079 -0.9697742043654959 0.13069426061078754
vn 0.05058618445049511 -0.6879075396466305 -0.7240333243988564
vn 0.9937177624402218 -0.1113269374302803 0.011459564267165042
vn 0.7495329593767781 -0.6603645186310604 0.046033089631882476
vn 0.6783658875058994 -0.7323316099009842 0.05924639911560936
vn 0.601075441662179 -0.7959389834212346 0.07203782409948292
vn 0.5143721835131319 -0.8533038587568484 0.08540363843891964
vn 0.41366332739106504 -0.9049008817529619 0.10018505764067258
vn 0.3067789185393351 -0.9440089022537769 0.12138322621126381
vn 0.15584284253411118 -0.9814303729219854 0.11183662878100674
vn 0.8259364226302695 -0.5628504330065516 0.03206892322873124
vn 0.909212296102276 -0.4158087257478267 0.020883108207248743
vn 0.9005395713736055 -0.4342237719773523 0.02186769855295974
vn 0.9668206718517899 -0.2550248040552189 0.01483704137120873
vn 0.9311964389460381 -0.3643257054937875 0.011830993646835295
vn 0.6073391847974838 -0.3798797441624454 -0.6977323946790795
vn 0.6472796736424374 -0.3068393700873556 -0.6977668844633818
vn 0.8794692915748048 -0.47595558778270847 0.0002088907072418295
vn 0.6717587743347893 -0.2518878209395931 -0.6966295104045801
vn 0.37359143480025614 -0.9267217035278974 -0.04020353285767186
vn 0.3654783047005772 -0.6028684646612611 -0.7092074612623344
vn 0.4819484216073615 -0.875467068201583 -0.03582082361835828
vn 0.4258024220713932 -0.5622299457493011 -0.7089356708904364
vn 0.6005435542763875 -0.7992913507493609 -0.021926605627538655
vn 0.18159421373697812 -0.6696125608654124 -0.720168424653923
vn 0.22223325773006292 -0.6595135258066644 -0.7180907243773211
vn 0.30111134673952195 -0.6359334313016834 -0.710577671910382
vn 0.26503307060224196 -0.9631654907733546 -0.04549405313301941
vn 0.16915377530016132 -0.9843380538634584 -0.04965476833096481
vn 0.11754978456727522 -0.6822798608924168 -0.7215789905262012
vn 0.13162658631667531 -0.9898470345510763 0.05364037625762413
vn 0.228709991665737 -0.9673112305036479 0.10954781172518663
vn 0.09486625014312237 -0.9908295776580881 0.09621404586481816
vn 0.17379685998973513 -0.9787543455225399 0.10878686767460856
vn 0.08710175260572972 -0.9961900545959212 0.0043197010528477605
vn 0.25363826998908173 -0.9651205348492576 0.0648843679882029
vn 0.33624753732044727 -0.9341686291869123 0.11944273058239784
vn 0.3657765890750004 -0.9276085557664422 0.075827792751431
vn 0.4395566615017534 -0.8888476315350564 0.12938249203023441
vn 0.4689876188547077 -0.8789313354169397 0.08677742208193591
vn 0.5392973132903895 -0.8309206534278291 0.1368549435893252
vn 0.5647269070483386 -0.8197107226039755 0.09569666506041695
vn 0.3087500211277325 -0.9412624207431484 0.13674238461564572
vn 0.4118633473610849 -0.8999961202736275 0.14274300891091116
vn 0.5119096901385382 -0.8456836189333511 0.15088964778955619
vn 0.2763532474821486 -0.953811096749058 0.11778486458127599
vn 0.3805658817722724 -0.9169757305762027 0.11968758985430322
vn 0.4897878508970513 -0.8638688409665797 0.11763709755305159
vn 0.6023492389669911 -0.790935446891218 0.10768710770967775
vn 0.654197728314943 -0.7495984760439293 0.10063526707962017
vn 0.6355717202860531 -0.7593505559962515 0.1394106218363972
vn 0.6177045068448012 -0.7707084467065193 0.15636378224782643
vn 0.5882602440524363 -0.7969625767008286 0.13711504879386482
vn 0.153189087567668 -0.9859932755842598 0.06595728885276675
vn 0.27326798587112733 -0.9598753745996772 0.0629592974473726
vn 0.3787862228358362 -0.9232485695596926 0.06428900524772438
vn 0.4906363695172655 -0.8689709323812028 0.06454046469820456
vn 0.6053148305413848 -0.7934849689760434 0.06305204148750645
vn 0.1727534688707602 -0.9849587483798445 0.0035359557589697663
vn 0.270997377018431 -0.9625535714060299 0.007144495967331005
vn 0.37675216856506955 -0.9262443501939112 0.011366935179580873
vn 0.48923160557052287 -0.8720103988418773 0.015820885642670132
vn 0.6047367370273802 -0.7961745104826747 0.01999069151256154
vn 0.7376730969927163 -0.667715707443328 0.09997067573358877
vn 0.727086057090274 -0.6731392193422009 0.13501650628086637
vn 0.7172931267866584 -0.6809355940354617 0.1477067603063309
vn 0.7130459972882818 -0.6890186501315941 0.12968695201135425
vn 0.7140627951179634 -0.6935408491290537 0.09547468364793099
vn 0.7161243717555313 -0.6954394765874132 0.05941227635405253
vn 0.71628846945104 -0.6974128407199814 0.02337002632374411
vn 0.7138751105237305 -0.7001777050663235 -0.011554561990334066
vn 0.4951342193279547 -0.5075292875304215 -0.7051639009119509
vn 0.5638311463911284 -0.43784277055668247 -0.7002771927105111
vn 0.8125641636233188 -0.5828255415555127 -0.007339489468601225
vn 0.8109759444910182 -0.5845263532718614 0.02543540421539447
vn 0.8102624817590199 -0.5835911579082915 0.053815156461481155
vn 0.8076674449294687 -0.5836881367010517 0.08355511639366064
vn 0.8046503076380499 -0.582669908635367 0.11416505590085183
vn 0.8043135947638761 -0.579276632621405 0.1323564285435995
vn 0.8076672450803489 -0.5765017746167019 0.1237712611558632
vn 0.8113287004317989 -0.5771491156655427 0.09297654619381261
vn 0.9303387974639307 -0.3587018717954038 0.07617538384439512
vn 0.9745215650617526 -0.21774192319196495 0.053816113890328594
vn 0.928017641015544 -0.36170166447381247 0.08919172540554735
vn 0.9726793177797326 -0.22500406928351924 0.05716741702588363
vn 0.9260549132925091 -0.36735754118148206 0.08643341080796704
vn 0.9244974366615049 -0.37477053635559077 0.06965295891812467
vn 0.933386468135639 -0.3563937807848385 0.04210907407158417
vn 0.8790167815261436 -0.47438154093875023 0.04787119605772031
vn 0.8794771772747929 -0.4751942403626418 0.026651990149598195
vn 0.933545657332294 -0.35738414038753474 0.027732325461052535
vn 0.9323967855068126 -0.35677955634854014 0.05783236592343121
vn 0.9750211894117822 -0.21776689523715795 0.0437179543986455
vn 0.9957735315874406 -0.0852707024266428 0.03411716719692946
vn 0.9954727716444524 -0.08857040228068885 0.03448542814506837
vn 0.9941519172685805 -0.10511686270183376 0.024746930454693793
vn 0.9686078136782849 -0.24728666105704736 0.025459979273945332
vn 0.9942389412417685 -0.10334094247070422 0.028453072377409985
vn 0.970262481114343 -0.23646736309799019 0.05170980498244536
vn 0.9948399556539682 -0.09551304771020994 0.03421579096729377
vn 0.9689420174071 -0.24425793139961807 0.03859313217968459
vn 0.9683987724522218 -0.24739506296539404 0.031614875191569525
vn 0.1565653604631861 -0.9848509422352841 0.07453797341828998
vn 0.16363639447067693 -0.985946144837364 0.03366496524543969
vn 0.30358715933564767 -0.9505464510086504 0.06554602323079169
vn 0.30446695696322695 -0.9520434633213473 0.030217810388026674
vn 0.42333380823874167 -0.9040568897468652 0.05890353897100609
vn 0.42473724790815703 -0.9048583020050243 0.02880492200976967
vn 0.5243718164347042 -0.8499197472897811 0.051678054296222256
vn 0.526357373832243 -0.8498162442447698 0.02757292204570399
vn 0.6111373161549105 -0.7902687456770403 0.04457006180173485
vn 0.6135450421849203 -0.7892106860095458 0.026626571289719177
vn 0.6935172126196982 -0.719487617023956 0.037033022417751554
vn 0.6905683538761646 -0.7227804193795008 0.02652949276479072
vn 0.7597497445647178 -0.6496368078246713 0.027428881734720873
vn 0.8770358018476718 -0.4751698085995083 0.0708650497277606
vn 0.8737544216990507 -0.4767200453216228 0.0963909173621005
vn 0.8710915674187382 -0.4778753340335978 0.11329009795318878
vn 0.8704774251187015 -0.4801653168073893 0.1082142360966189
vn 0.8708059243113199 -0.48455818489581 0.0830686922660153
vn 0.8707282377949772 -0.48861404439117223 0.0555756379194614
vn 0.8137245986282028 -0.5782894922494831 0.05859642259733334
vn 0.8186535812592657 -0.572891122034774 0.04002594390038237
vn 0.745742470884266 -0.6636563903756078 0.058552221418564816
vn 0.7521543467337392 -0.6581194176507619 0.03380341403711046
vn 0.6687418977507187 -0.7414841978251312 0.0546393499996964
vn 0.6797810518874785 -0.7327891934876428 0.030293883912155244
vn 0.5848886561697042 -0.8097155654608402 0.04760213161644553
vn 0.6000483622039378 -0.7995553352535717 0.025558342745966075
vn 0.49272505229044655 -0.8693243500590648 0.03869363306489943
vn 0.5106467758402458 -0.8595528849306683 0.020216536086263847
vn 0.39007015206835627 -0.9203184134639055 0.029313722122058607
vn 0.4085304384398898 -0.9126223339106394 0.014945116781361957
vn 0.28750888402604036 -0.9575785030415879 0.01954615355338289
vn 0.2913043682825412 -0.9565607527344826 0.011545187202894793
vn 0.15672887741491487 -0.9875876574392202 0.010328497372532027
vn 0.8344349562307064 -0.5504345981656874 0.027203987987738334
vn 0.35070666902019776 0.9364727567615806 0.004858821680514671
vn -0.19811898203866987 0.9748048229842404 0.10249110226075765
vn 0.12062502504189142 0.9813374686802562 0.1497543852375296
vn -0.358632319660593 -0.9311684399840564 0.0656368469117843
vn -0.19037126739193513 -0.9272611328332147 0.32240591199364144
vn -0.3104635802118383 -0.8358627750445609 0.4527093843260302
vn -0.35034883176040554 0.9366065524017362 0.004884883033715506
vn -0.8043534843234915 0.5933034666250397 0.031724891605315414
vn -0.28251019211076606 0.9579136021260679 0.05088734828421895
vn -0.9891263778127654 -0.14706358233633765 -0.0011451922989881014
vn 0.7380914162407534 -0.1609564161928464 0.6552206447892758
vn 0.7335022439290078 -0.11276226206694831 0.6702679541829933
vn 0.3116829188159149 0.8573887186166109 0.4095587177772654
vn 0.3349269845851335 0.8242583253051334 0.45653272408655077
vn 0.37583734853389617 0.7422331346207085 0.554829939096772
vn 0.4489062389502608 0.6026318583893061 0.6597863532127524
vn 0.5326287221780359 0.4424511854532415 0.7214870704330147
vn 0.6176592203691356 0.7864457851001302 0.0003385132662484463
vn 0.5950269490227009 0.3074480352614343 0.7425756766489325
vn 0.7458329244576033 -0.10222418993194132 0.6582427088755161
vn 0.6528044341783039 0.13056539495531966 0.7461896865792945
vn 0.709014430682504 -0.01217520635997654 0.7050888606651341
vn 0.7915516027425158 -0.12443039991753249 0.5983002053920068
vn 0.7453026838425882 -0.2539444913478106 0.6164706844377408
vn 0.7414369434012493 -0.2545746383155183 0.6208566762839356
vn 0.7417556542330389 -0.20644992459823402 0.6381042062599964
vn -0.7439809741161354 -0.09908990828759962 0.6608127573138711
vn -0.7595575532650101 -0.16791758048787106 0.6283916051644631
vn -0.7436780886770097 -0.25609757765090213 0.6175410359992687
vn -0.7415678419412156 -0.25382452090234364 0.6210074463219777
vn -0.5275452212288446 0.4455101728890163 0.7233372141753861
vn -0.5885401633157418 0.29433010473432847 0.7529875600641484
vn -0.6466824317575608 0.13106586340685786 0.751414380954705
vn -0.7087486644118152 -0.013625884852795393 0.7053294733360053
vn -0.6176609772391691 0.7864444066698342 0.00033528150406255097
vn -0.5253817512009454 0.8508660799706048 -0.0009640853097612101
vn -0.3066771802260367 0.8192027002703027 0.484619482685593
vn -0.3700450423435757 0.741698320013294 0.5594195820012009
vn -0.4455387099488784 0.5961445863957311 0.667912337098329
vn -0.1140032102050563 0.9815754209050115 0.15333936591133807
vn 0.19642180147358457 0.9751211071519484 0.10274873377628459
vn -0.24459519441238478 0.9002851866475998 0.36008300928156034
vn -0.2071363834426961 0.9351403050758129 0.28741455856827414
vn -0.40268444009652077 0.9153384578044719 -0.0008656606047471888
vn -0.7416853923435056 -0.2068612820510313 0.6380526536050639
vn -0.7372185478412466 -0.15917323423291124 0.656637414577237
vn -0.7328321615797089 -0.11126075048824306 0.671251121678917
vn -0.706128629324461 -0.10501118691411516 0.70025353228045
vn -0.9593093491670852 -0.28235404061727465 -0.0013297923604875441
vn -0.6680132455558306 -0.19881988032423117 0.7170975937414823
vn -0.9094509356716867 -0.4158071600079722 -0.0018442592004266755
vn -0.8407577501049338 -0.5414110024749755 -0.000729409029264501
vn -0.5992163619005983 -0.43286793137699886 0.6734724237977446
vn -0.6339766129577074 -0.32115946644425236 0.7035127940101136
vn -0.6542469154381259 -0.7562806269409535 -0.000766128903136741
vn -0.4416779648593612 -0.7145655281969429 0.542509613988837
vn -0.7558327880767981 -0.654763418304873 -0.0012893865874135193
vn -0.48478416269791724 -0.640337972578004 0.5957781436675658
vn -0.5423958975861758 -0.5485808270971135 0.6362906304693896
vn -0.19450548993042857 -0.7019020621288852 0.6852015101896248
vn -0.4143847024617955 -0.9101016715915797 -0.0005154918634850615
vn -0.5411854830438778 -0.8409013148345104 -0.0018032338052002964
vn -0.37977289023907135 -0.7824687924321173 0.493472532882314
vn -0.2816118434214202 -0.9595282663311203 -0.0005251251127598741
vn -0.1422526750525244 -0.9898278393834775 0.002241611437746124
vn 1.8038733194059608e-06 -0.7303697658925509 0.6830519783053166
vn -1.179294906437255e-06 -0.9999998621373439 -0.0005250941841819098
vn 0.14225109562502544 -0.9898280662302182 0.0022416726849886913
vn 0.19442585719224303 -0.7019178002658266 0.6852079886611397
vn 0.540901937653633 -0.8410825906011379 -0.0022736820851448564
vn 0.35823612511172226 -0.9313198192725344 0.06565266860617656
vn 0.4143828139258679 -0.9101025268848947 -0.0005235270853324521
vn 0.2816094796611326 -0.9595289600630527 -0.0005251336047421497
vn 0.17626126899450556 -0.9145893064405861 0.3639483007199983
vn 0.29763628134430925 -0.8395764340041155 0.45444917811837243
vn 0.3801375629844205 -0.7817899690621057 0.4942670103113676
vn 0.654499611056123 -0.7560613881721829 -0.0011985168065018232
vn 0.43184869369822093 -0.7003036955241683 0.5684025332335643
vn 0.7556152635881968 -0.6550133815462305 -0.0017445423217185788
vn 0.9094504430740119 -0.41580822385820015 -0.0018473127434591573
vn 0.5924202310739476 -0.41977034668124635 0.6876271706829195
vn 0.8409287675058861 -0.5411445596926383 -0.0011719624960687914
vn 0.5423010706763622 -0.5480655768855267 0.6368152574934165
vn 0.4721735682711232 -0.6469101747233277 0.5987982525571938
vn 0.9594452885495267 -0.2818940830197884 -0.000681350532447232
vn 0.9890547910119291 -0.14754808791847232 -0.0004267645159114507
vn 0.7071802042127956 -0.10448257976781664 0.6992707267536731
vn 0.6680372145399449 -0.1987100461267073 0.7171057087752358
vn 0.6244082486173874 -0.3285430893334135 0.7086422069774164
vn 0.5250037289928532 0.8510998384483701 -0.00038669982794210323
vn 0.25129246254176446 0.8981810584497565 0.3607254974516925
vn 0.2731293462356545 0.9619763352792644 -0.0013749863855210813
vn 0.4030999280445955 0.9151559558923781 -0.00015622147629126213
vn 0.21999428127873158 0.9425350274004399 0.25145623541265844
vn -0.2727017182212209 0.9620983604952412 -0.0007194522658237895
vn -0.13669195265967315 0.990612133076608 0.0017064230127671633
vn -0.1725625743357124 0.9838405676232229 0.04774825062184401
vn -0.0010645451752400253 0.9999988746796031 0.0010570634310427289
vn -0.0007112597252547463 0.9987517645534549 0.049944037791945395
vn 0.13732269334517427 0.990526223890876 -0.0005269505758239616
vn 0.17243779586447305 0.983753376765432 0.04994497231967175
vn 0.2833980131970631 0.9575881614010632 0.052062263305474796
vn 0.8045906950657836 0.5929814306763312 0.03173068367701084
vn -0.6911129590466271 -0.5184384005248976 -0.5035717453342682
vn -0.710250866951456 -0.5323669502512964 -0.4605747890135096
vn -0.7788771192449098 -0.36979505290984177 -0.5065590310715603
vn -0.6652689357767072 -0.541098984869246 -0.5144211617575613
vn -0.7849229964762909 -0.30460906350194433 -0.5395453716186889
vn -0.607259047991896 -0.5227933519981889 -0.5982671307522034
vn -0.7861962074939763 -0.22868806812708162 -0.5741056443011091
vn -0.9217880194135141 0.28774162615990406 -0.25982995177724416
vn 0.9579005688349679 -0.28706364539797635 -0.004578615125780464
vn -0.9579350378844473 -0.2869677157834986 -0.003161216747350465
vn 0.8407630514776159 -0.5413804814684654 -0.004966442894109209
vn 0.6543729677866934 -0.7561556404785903 -0.004966528208698553
vn 0.41506273389783327 -0.9097792369498318 -0.00496658275258135
vn 0.14218056115213162 -0.9897909473789008 -0.009928167869397816
vn -0.14219023818890777 -0.9898268882176093 -0.00496664124192336
vn -0.4150517405810503 -0.9097436357611011 -0.009928234123628591
vn -0.6543763907156825 -0.7561526783310709 -0.004966520579293097
vn -0.8404841364694302 -0.5418202273384166 -0.004154225581560376
vn 0.8029718613560428 0.5960062010763476 -0.003577450062834674
vn 0.6193039580489185 0.7851467596971882 -0.002678298330867681
vn -0.6193045635655051 0.7851462866567096 -0.0026769565030358828
vn -0.8035503554001667 0.5952353795305773 -0.0012920105864328293
vn -0.39029425211591134 0.9206868183035294 -0.0024858333422088847
vn -0.13268611328009894 0.9911523419937314 -0.0033808731064873193
vn 0.13323582813283635 0.9910752562110007 -0.004248603071184392
vn 0.3897756219649066 0.9209038027022084 -0.003339264961313511
vn -0.8803382758899636 0.328930349840489 -0.3417738213451991
vn -0.7942502963085658 0.3888302953590258 -0.4668805716934128
vn -0.7089896357534177 0.4559975085768501 -0.5379590770364803
vn -0.6309113236383285 0.49435009378683475 -0.5979706401470563
vn -0.39597990978766945 0.6318944690018553 -0.666265180757191
vn -0.49016261295332125 0.5829783969657807 -0.647979013189456
vn -0.5553909766302256 0.5382282324874978 -0.6339173706652218
vn -0.30259764954112006 0.6676541498894993 -0.6802004106346301
vn -0.21479167493176268 0.6900887541297449 -0.6911165225948983
vn -0.12044603172514588 0.7050287069999637 -0.6988757226772326
vn 0.00011853804159890582 0.7123805975247998 -0.7017933244331568
vn 0.12041082039380342 0.7048598941442343 -0.6990520466739728
vn 0.2150028228519919 0.6895428961704528 -0.6915955324512583
vn 0.3029128679953825 0.6670792822717403 -0.6806239972015617
vn 0.3960748912813632 0.6317017262976664 -0.6663914836558196
vn 0.48591330028643 0.5887579553060768 -0.645950721548136
vn 0.5635499144526707 0.542641813088074 -0.6228574127429771
vn 0.6314840690073367 0.4941847608779585 -0.5975025461920075
vn 0.47776260575082297 0.8661632614010462 -0.14664275347008013
vn 0.7067485564077592 0.4602889892888626 -0.53725275648896
vn 0.7981315273703047 0.3956090466704744 -0.4544002059968975
vn 0.880462805734598 0.3279607275479303 -0.3423843000258504
vn 0.9165995052863487 0.29810739137362274 -0.26641570921631913
vn 0.7858882405280153 -0.22942726549163575 -0.5742323599805316
vn 0.7844022505930297 -0.30430379873093266 -0.5404741504850291
vn 0.7713299821940115 -0.382217523401126 -0.5088809520641304
vn 0.685565596546646 -0.41926574835087693 -0.5951605204408478
vn 0.7057576901761652 -0.485228927019536 -0.5161966399935918
vn 0.7102512394659172 -0.5323661279769633 -0.4605751650056092
vn 0.5982300156614445 -0.41820523542817045 -0.68353875487947
vn 0.6438866097397573 -0.35283586525034627 -0.6789085991434202
vn 0.6675197144765946 -0.37698666058344565 -0.6421047333007498
vn 0.4819383995629025 -0.5569007657994918 -0.6764591015565447
vn 0.30568913384990665 -0.6700419273058693 -0.6764598798881792
vn 0.14218718613774992 -0.9898397870858844 9.714037899672565e-09
vn 0.10471846991414825 -0.7289971485115994 -0.676459311060759
vn -0.10472132164909512 -0.7289960556481153 -0.6764600473358029
vn -0.4150716505369617 -0.9097887254305375 1.2769207942327438e-08
vn -0.3056921667853074 -0.6700407731657525 -0.6764596525008304
vn -0.4819406210597634 -0.556898251484064 -0.6764595887904331
vn -0.6611715916046252 -0.39880739167758933 -0.6354563641968852
vn -0.6614509597206496 -0.36868770792160876 -0.65310948692554
vn -0.6435215186747388 -0.3506736215839224 -0.680373475473415
vn -0.5962236520160819 -0.418941458933362 -0.6848396971287458
vn -0.7065178094198817 -0.4825491462988839 -0.5176667908787951
vn -0.6735990575077155 -0.4329442341963832 -0.5990188643113207
vn 0.7571623022467652 -0.6532267967987687 -6.312086036838366e-07
vn 0.5522894890206592 -0.77026113988077 0.31886375884831414
vn 0.6557220308188814 -0.6532262425374683 0.37858168782858853
vn 0.3188633483932529 -0.7702626779195241 0.5522875809355904
vn 0.37858091593360615 -0.653227585635844 0.6557211384843695
vn 5.821323252637095e-07 -0.7702608238852114 0.6377289888246702
vn 6.364155656330175e-07 -0.6532256899363298 0.757163257169021
vn -0.31886347242833346 -0.7702624154235415 0.5522878754208144
vn -0.37858281371297037 -0.6532270768460214 0.6557205496523443
vn -0.5522886424685429 -0.7702616191151994 0.31886406746180324
vn -0.6557217207912137 -0.6532269028295903 0.3785810855051671
vn -0.6377274541257676 -0.7702620945199243 2.1489144990131397e-07
vn -0.757162269772809 -0.6532268344399691 -1.5871121932983375e-07
vn -0.5522893913370617 -0.7702612233099859 -0.3188637265063905
vn -0.6557218558897594 -0.6532270129629955 -0.37858066147643105
vn -0.3188636162942745 -0.7702622448124211 -0.552288030306893
vn -0.37858130788116195 -0.6532260367609856 -0.6557224551748432
vn 5.373291099180272e-07 -0.770260241950156 -0.6377296916959398
vn 2.1754528548103836e-06 -0.6532268399281418 -0.7571622650348874
vn 0.3188627998055351 -0.7702626294730514 -0.5522879652295857
vn 0.3785808100005424 -0.6532280885077002 -0.6557206986849734
vn 0.5522882977727145 -0.7702618400636526 -0.31886413075959713
vn 0.6557213308068351 -0.6532260851087573 -0.3785831719165545
vn 0.637727695305431 -0.7702618948385579 3.7122742682090585e-07
vn -0.1466339911591318 -0.9100007516150759 -0.3878106557287216
vn -0.32348989798142 -0.37016899189385216 -0.870820993858244
vn -0.09454888776862701 -0.37768012491101716 -0.9210962116244502
vn -0.04047809696293819 -0.9151113821750995 -0.4011641582692028
vn 0.09309234153547666 -0.37875201752069093 -0.9208043902868017
vn 0.04047852037169976 -0.9151117037004446 -0.40116338210134206
vn 0.322523588612706 -0.37445906593171535 -0.8693439726195432
vn 0.14663244633586478 -0.9100010735162168 -0.38781048449067573
vn -0.7704330760777844 -0.6375208822315136 2.018797861087319e-06
vn 0.770090479151417 -0.6379346784066428 2.560086413049416e-06
vn -0.7704115501971346 -0.5520792544211638 -0.31886445421310283
vn 0.7701146653452847 -0.5524938408954085 -0.31886354133509703
vn -0.7703452257673765 -0.31865844993603604 -0.5522907073469303
vn 0.7701752141525137 -0.31907119616533325 -0.5522895176288909
vn -0.7702618382572668 0.000202272388254729 -0.6377277315676472
vn 0.7702613825326983 -0.00020984428599895717 -0.6377282795550091
vn -0.770177358847368 0.3190691539474367 -0.5522877066513064
vn 0.7703484334953462 0.31865569419900014 -0.5522878231192674
vn -0.770113518499091 0.5524963135795816 -0.3188620267543988
vn 0.7704103524491875 0.5520823093137773 -0.3188620588622696
vn -0.7700902432352448 0.6379349631989181 1.508879285708915e-06
vn 0.7704325987592107 0.6375214590634771 1.6444565852603663e-06
vn -0.7701122931608604 0.5524976374231594 0.3188626923369182
vn 0.7704090770400747 0.5520837747466384 0.31886260313144815
vn -0.7701783905709602 0.3190689313852201 0.552286396466742
vn 0.7703500660453965 0.3186537088049725 0.5522866915006092
vn -0.7702597451080677 0.00020578380369419314 0.6377302585882849
vn 0.7702588590380748 -0.00020957610920603636 0.6377313275598259
vn -0.7703487393136623 -0.31865506207453953 0.5522877612731634
vn 0.7701771191638008 -0.3190695025199183 0.5522878395168959
vn -0.7704094780255683 -0.5520820700374606 0.31886458585349936
vn 0.7701124833987097 -0.5524961499576769 0.31886481021808644
vn 0.7933791384863524 -0.44812339928586803 0.4119890309548688
vn 0.7934616036217707 -0.48941606346924593 0.36178806005206293
vn 0.737630347872095 -0.5555707596239242 0.38372203604821536
vn 0.698809021893667 -0.7098027886680806 0.08857737927390047
vn 0.15672683836938464 -0.9643715994429586 0.2131293417682472
vn 0.7411345755564382 -0.30918800738451585 0.595921401700233
vn 0.7440973728505882 -0.10624661816987196 0.6595686134469395
vn 0.7734062796387499 -0.39330410888985895 0.4971464618658188
vn 0.8061292613593405 -0.3730425354371755 0.45934179075591175
vn 0.8048317350797275 0.41251494876301914 0.42670516197440006
vn 0.8072221036595639 -0.16095738190282305 0.5678778007409844
vn 0.790724357962215 -0.23760991360606482 0.5641777367827988
vn 0.8046286931426089 0.3755105851623203 0.4599613751204218
vn 0.7948360500295941 0.3526102983120241 0.4938639803606433
vn 0.8115518474995467 0.27081528871659777 0.5177283826654845
vn 0.7996578122304699 0.24623626787752792 0.5476450344160206
vn 0.7934086090223148 0.2288588841424984 0.5640269410926448
vn 0.7886200955381633 0.586616752008274 0.18428003466637796
vn 0.7983321092873852 0.5168652857229598 0.30905682276124846
vn 0.8045815789515349 0.45940417599888794 0.3762928193397235
vn 0.7055581091493414 -0.004696113088895467 0.7086365084692309
vn 0.6718553195773652 -0.15877586783837142 0.7234643414486774
vn 0.6887279202743456 -0.3516330711900595 0.6340410358013282
vn 0.7301812180859113 -0.3228447537264497 0.6021682935408362
vn 0.7549357556263706 -0.10491836666725479 0.6473516364486275
vn 0.7536057445531923 0.1762683582804746 0.6332518042971017
vn 0.7902522075850921 0.6023533619486015 0.11256942638259089
vn 0.7487671336852587 0.42848514971949553 0.505715588036026
vn 0.7382388358735562 0.6045703646579019 0.2991623228039718
vn 0.812752670099583 0.11297845345619913 0.5715496184065245
vn 0.8227558552452093 0.0815093089929433 0.5625202531529129
vn 0.796303280181019 0.054957819428968095 0.6023958200855669
vn 0.7956596492211792 0.03652684098985535 0.6046416397243346
vn 0.792685423479473 0.0021340801213010755 0.6096271525327629
vn 0.7934727985224244 -0.05711297907741848 0.6059199828573857
vn -0.1483837473505206 -0.9666924748222607 0.20853758089186197
vn -0.1460727633488555 -0.9517732414178599 0.2697970435875264
vn -0.6999485294707194 -0.7102584477435231 0.07486650453132282
vn 0.1459986020066491 -0.95208723900158 0.2687271805055316
vn 0.05509772180277734 -0.9550717241495348 0.2912082464185701
vn -0.05817614676168559 -0.9544141034715985 0.2927614302507549
vn -0.7883673947338711 0.5869588795077143 0.1842718770935408
vn -0.7584070159377334 0.5457637838951344 0.35631543660763276
vn -0.802733021247348 0.47030272327369477 0.3666538491280993
vn -0.8114659735532214 0.2711509826092732 0.5176872785720623
vn -0.7981296504726942 0.23784858307306328 0.5535495574620857
vn -0.8060282222210226 0.17149767225163037 0.5664865871276129
vn -0.8136365420477066 0.10377521528053434 0.5720369587169425
vn -0.7946689327072861 0.3528524762943593 0.4939599349773231
vn -0.8044266071615667 0.37582132894643255 0.4600610420362367
vn -0.8049324493809675 0.4119237824661716 0.42708611470325075
vn -0.7962439327743851 0.03793987595455485 0.6037848667634307
vn -0.793707221770051 0.0013646688281311226 0.6082984331634075
vn -0.7962669904787132 0.05533410806132092 0.6024093428550318
vn -0.8226289440578793 0.08193954045593603 0.5626433436095094
vn -0.7933402927774578 -0.24807253246461428 0.5559417222086956
vn -0.8001977954334724 -0.20483304438451652 0.5636726994556162
vn -0.8111010868761487 -0.1478374889350674 0.5659143961180915
vn -0.7935094138805754 -0.05673805174494662 0.6059072565724012
vn -0.8018011386115407 -0.3241022346909164 0.5020683973221091
vn -0.809493517002551 -0.2817553491848059 0.5151059785486759
vn -0.7582500544658444 0.1776828382385845 0.6272843564907585
vn -0.7588740395847393 -0.10411894211494398 0.642860356482809
vn -0.7322220065843108 -0.3188669514962393 0.601809604706622
vn -0.7549436308034985 0.42291195535679366 0.501204142366685
vn -0.7900037841325873 0.6026852286496363 0.11253682163508921
vn -0.7447102291135328 0.5932685814766934 0.30567804122360753
vn -0.7960684056812124 -0.5347090245576959 0.2834807798294794
vn -0.7957436422908826 -0.4867259410774718 0.36040243344890116
vn -0.7934051290481878 -0.4461344853292798 0.4140921663108435
vn -0.6889090561481757 -0.35125902609451337 0.6340515822424573
vn -0.6719327854630189 -0.15841642522937785 0.7234711936473028
vn -0.7044412508327805 -0.002032511196573259 0.7097593909370861
vn -0.7412885150134247 -0.10667641809124553 0.6626548719600674
vn -0.738431129611253 -0.31070907881932397 0.5984808561351783
vn -0.18515140428686203 0.9632415516470112 0.19463984862114225
vn -0.17680514304241374 0.9067989957816498 0.38269507789249557
vn 8.43771288775855e-07 0.924793661782549 0.3804690304428371
vn -0.2417253416967365 -0.294138589027775 0.9246898667263234
vn -0.13103305256003192 -0.15263004025587845 0.9795582728701181
vn -0.15906793541016062 -0.12313336512304154 0.9795588631204482
vn 0.116168196072054 -0.37025666942698576 0.9216371026419242
vn 0.060212210540011316 -0.19193668725334423 0.9795584708367834
vn 0.020340567569604607 -0.20013110684138663 0.9795579622387783
vn 0.1530254073633776 0.35660765819877865 0.921636697845336
vn 0.07932812778051083 0.18486156228626682 0.9795576812683977
vn 0.1149060869193528 0.1651095684486512 0.979558789249314
vn -1.5518200582542992e-06 6.884246157950436e-08 0.9999999999987936
vn -0.18704786127542797 0.07039448273010401 0.9798253489236994
vn -0.19444970004104534 0.030780637661467134 0.9804294296373915
vn -0.194935846616874 -0.04977033441701916 0.9795524128477151
vn -0.1801135993616534 -0.08870740356866823 0.9796377329794393
vn -0.06020642349092542 -0.19193976275326585 0.9795582239176246
vn -0.0203630081064486 -0.20012522331606508 0.979558698033738
vn -0.09761375292182961 -0.17588491233925224 0.9795591114638922
vn 0.09762453959132063 -0.17588381405864267 0.9795582337062803
vn 0.18010430297558436 -0.08872009491889671 0.9796382928444871
vn 0.19506391870254286 -0.04969247921710903 0.9795308699217523
vn 0.15907569531251625 -0.1231253524765571 0.9795586101598837
vn 0.19574626301747466 0.03003579534193913 0.980194496777487
vn 0.18703694677534974 0.0704248978249156 0.9798252468207304
vn 0.1998549062952701 -0.011777496423562636 0.9797547177777212
vn 0.040485200359328954 0.19704034197316622 0.9795591111244705
vn -0.010834130938598568 -0.9986537519123287 0.050727757670078616
vn 0.338080929693244 -0.15679018391984595 0.9279645053579003
vn 0.282844272577698 -0.2296336495378959 0.9312719820062773
vn 0.31771772915284013 0.12307864829937926 0.9401633320411726
vn 0.35512690975406624 0.8430708680874764 0.4038767006782592
vn 0.1852722465996933 0.9632126606162911 0.1946678326493319
vn -0.31761044937744737 0.12310518595781698 0.9401961048826716
vn -0.33798642174764615 -0.15670879478888422 0.9280126789812936
vn -0.2795934400942587 -0.2228092431209325 0.933907677148087
vn -0.32836356274144396 -0.4154832418383086 0.8482635477345913
vn -0.23565601592253216 -0.7936322380136859 0.5609047271550736
vn -0.2052551205935955 -0.6759736267803147 0.7077640788903999
vn -0.4183754724990578 -0.5809398211445851 0.6981911544983134
vn -0.2582786399944386 -0.48848581214634407 0.8334709085831068
vn -0.1988640350320117 -0.012460872079600421 0.9799478671020223
vn -0.3461221911608696 0.8421984336856935 0.4134020163029721
vn 0.2621145436848096 0.6594946203586649 0.7045302063835761
vn 0.215850203992722 0.31772410216430524 0.9232876498362721
vn 0.2733488496140181 0.25850933213864224 0.9265275665688131
vn 0.06050766066156945 -0.9942730898186039 0.08808998730747242
vn 0.24239989374896143 -0.794186291022309 0.5572346244291723
vn 0.08481205220336857 -0.815505776272087 0.5725008687049424
vn -0.08651685268743933 -0.8162948648609236 0.5711195389782654
vn 0.07812014191164753 0.3801132731411513 0.9216350378591432
vn 0.11270438382592662 0.5484467106357661 0.8285553255270444
vn -3.986975304857183e-06 0.20116361645296646 0.97955765496456
vn 0.14581167979575854 0.13857894872915402 0.9795584867705767
vn 0.32844960621983355 0.20679583350440192 0.9216053056592372
vn 0.1707135247089183 0.10640985065597473 0.9795579799913993
vn 0.1883216618339204 -0.3392942432458753 0.9216367875602184
vn 0.2662659308161239 -0.48792607528250925 0.8312825026102922
vn 0.039263583699979974 -0.3860609367210883 0.9216373061747614
vn -0.03925983184427023 -0.3860616223410488 0.9216371788068
vn -0.1161730172168913 -0.3702568330609146 0.9216364292075406
vn -0.18831929757719412 -0.33929758649291053 0.9216360398552773
vn -0.29872469814500957 0.18794626712790305 0.9356493763108378
vn -0.17071276949906655 0.10640718571120518 0.9795584010966267
vn -0.14579134243995634 0.1386019556936652 0.9795582587817054
vn -0.26761835099544146 0.2649425495195485 0.9263832164199449
vn -0.3009977781459284 0.45533481407335546 0.8378964999592714
vn -0.21829178894140147 0.317776663431152 0.9226953381584448
vn -0.11491409032868818 0.1651098781740581 0.9795577981789935
vn 2.766597441348174e-06 0.38805367894844006 0.9216367734888442
vn 2.9693817143721073e-06 0.5599103353385199 0.8285532067237981
vn -1.6314068555955992e-06 0.7102364612387697 0.7039631873360764
vn -0.04047903925663137 0.19704315940394543 0.9795587990074774
vn 0.301137831711522 0.4553986557765633 0.8378114767828037
vn 0.21387811504819715 0.5127511395534612 0.8314700360145618
vn 0.621408350749814 -0.3688430648050742 0.6912354556615248
vn 0.24405805829534197 -0.29327659897549674 0.9243508536667627
vn 0.13102803391631895 -0.15263115941623545 0.979558769805712
vn 0.16761220710602837 -0.5342319505127407 0.8285543863141382
vn 0.05664253602370004 -0.5570365388255654 0.828554112611867
vn -0.056646222596387734 -0.5570369955833705 0.8285535534997196
vn -0.16761716778362848 -0.5342319059205868 0.8285534115315997
vn -0.26134621802507335 0.659214921872643 0.7050771880471217
vn -0.21383166607902293 0.5127441354044554 0.831486301865645
vn -0.15303109995708183 0.35660500054282435 0.9216367809683911
vn -0.07934490695000337 0.18484945583323387 0.979558606934395
vn 0.14296845431375138 0.6956976436275645 0.7039636423297663
vn 0.31052557898054556 -0.616050137639277 0.7239171863641759
vn 0.20528424604095746 -0.6760375092219781 0.7076946124228584
vn 0.07185165743230415 -0.7065944077516508 0.7039614210014101
vn -0.0718558802755867 -0.7065928464002149 0.7039625571618584
vn -0.07811612638476965 0.3801109857829475 0.9216363215964065
vn -0.11270846166563413 0.5484479468924441 0.8285539525090863
vn -0.14296858999853843 0.6956990866067311 0.7039621887348708
vn -0.16776183043293683 0.8163384147205295 0.5526731049195026
vn -1.1648781898208584e-06 0.8333977997543468 0.5526735993000359
vn 0.16232550102335616 0.8147229799705061 0.5566658761101622
vn 0.29041733157340716 0.7657736429380186 0.5738017961833318
vn -0.2979238831919329 0.77420110009816 0.5584389102047229
vn 0.17422973065873906 0.9088390120366554 0.3790193282074403
vn 2.409303191891145e-07 0.981022317635313 0.19389484856844671
vn 0.9216395492144048 -0.37684393052530135 -0.0925699376153541
vn 0.9290695166421129 -0.36921589091890217 -0.02257120154869584
vn 0.40321583271227535 -0.9139976000781468 -0.04500421426415908
vn 0.3648055044551824 -0.930597589748309 -0.030084379233048048
vn 0.6955316340129547 -0.7058847563513017 -0.13402409051410322
vn 0.2613581459846226 -0.9386853437904169 -0.22485938913140235
vn 0.9025640903114737 -0.37587169793620584 -0.20999649894885328
vn 0.3255891385469145 -0.9378167277279286 -0.12038063820215547
vn 0.9184538057017781 -0.37087712247681004 -0.13745096149260613
vn 0.9281922371115421 -0.36507179013919716 -0.07198443589021847
vn -0.3635007165098628 -0.9310780663081811 -0.030997798899835446
vn -0.32282948871784356 -0.9388361147033782 -0.11986605417231638
vn -0.9311596743031009 -0.3632463600943245 -0.03152368680797693
vn -0.9265235599686884 -0.3642321482461723 -0.09428167906293791
vn -0.6953968730316605 -0.7047352672961598 -0.1406107819720778
vn -0.8665346629056878 -0.39852349342874105 -0.3004940983917622
vn -0.2676244472593019 -0.9374966650771643 -0.2224346155578043
vn -0.8964469478443973 -0.3817782264211398 -0.22500723439745998
vn -0.9118380458547747 -0.3739787656938901 -0.16938494898254772
vn -0.9229324582924586 -0.3727470650533042 -0.0962044849494395
vn -0.4032155141266237 -0.9139976521453026 -0.045006011159369114
vn -0.7303274901717443 -0.6796719227759023 -0.06832155215997825
vn 0.7303278154371495 -0.6796714731175771 -0.06832254846669342
vn 0.2816694322696569 -0.9052461682271012 -0.31810643790253557
vn 0.38743085691864 -0.9052472395634638 -0.17442696571922875
vn -0.2816720315142053 -0.905246056261812 -0.31810445499096196
vn -0.38742809100573 -0.905248550545537 -0.17442630545551374
vn -0.8480913911687871 -0.3680511127650985 -0.3811553103628026
vn -0.6159148491582164 -0.36710738033473206 -0.6970516981474056
vn 0.6168694756029189 -0.3698669282150843 -0.6947449211632408
vn 0.8456706337475768 -0.3710234781236838 -0.3836440510394713
vn 0.01376136768165936 -0.42336130020320273 -0.9058564092889025
vn 0.7547655080351281 -0.4563336076827321 -0.4712628421377364
vn 0.6798802737781442 -0.4147884633194694 -0.6047423782276456
vn 0.7547680840925935 -0.6040176054343106 -0.25590598187732316
vn 0.6911128898943675 -0.5184375420990105 -0.5035727240073599
vn 0.6788422330721635 -0.5360908330228974 -0.501776684737757
vn -0.01153534976708888 -0.4150280890221256 -0.9097354676104441
vn -0.7547694665211574 -0.45633183580445486 -0.47125821800654405
vn -0.7547698808432957 -0.6040162534394308 -0.2559038736572592
vn -0.6787313828496437 -0.41338137687821463 -0.6069922134469945
vn 0.6130429877500156 -0.5187910429187181 -0.5958474208703458
vn 0.5688458445473876 -0.49355378394521915 -0.6578898596988141
vn -0.0020615712812582536 -0.0705374626892274 -0.9975070006176489
vn 2.0292085454643464e-09 -1.0 2.0293471688209267e-09
vn -0.6882231008264477 0.1895289360670304 -0.7003054661232687
vn -0.726772469994066 0.08708443274433883 -0.6813355109139116
vn -0.6749655155790963 0.1858573646569922 -0.714057835740077
vn -0.6734286449798411 0.08069084746366262 -0.7348352517783908
vn -0.7047356611830826 0.24025452963583693 -0.667551802369154
vn -0.15730324007849933 0.8066870517399165 -0.5696592764240455
vn 0.22727324085746636 0.8430031496209408 -0.4875372434176877
vn 0.3732291718957738 -0.7243820675591808 -0.5796297140801888
vn -0.4263816516282826 -0.7248229808288165 -0.5411379986816369
vn -0.4414918848016833 -0.7157266839218861 -0.5411286626823952
vn 0.805825974925858 0.15443330714323492 0.5716597342647055
vn -0.19686183138262775 0.7959446836451984 0.572466138668151
vn 0.5301826693801163 -0.5062539897266224 0.680156772350942
vn -0.7047390289514961 0.24025626170261388 0.6675476236083742
vn -0.413854567184176 -0.7283951012288985 0.5460448458932116
vn -0.3875149731885005 0.7382583579101115 -0.5520930560427123
vn 0.5454048624028233 -0.478408518589196 -0.6882287595041697
vn 0.6231630900334191 -0.7519791076498743 -0.2149306513229318
vn -0.6787229342535811 -0.6988673870111485 0.22565361484013183
vn -0.7826678747718399 -0.31120371500302413 -0.5390577386221702
vn -0.4840400792878914 0.6709330230369547 0.5617420050534454
vn -0.7633932750192781 -0.3514711822099795 -0.5419397713134366
vn -0.2894655346340533 0.4561165564052437 -0.8415268214573105
vn -0.5641830363914015 -0.3652250421942421 -0.7404783386449548
vn -0.8037795717174498 -0.3013601634272046 -0.5129526800679002
vn -0.7980625626326668 -0.3031569767217626 -0.5207609754859724
vn 0.4043943985798491 0.2573863342162841 -0.8776203309837035
vn 0.6884073420069653 0.1562779130404188 -0.7082884619748062
vn -0.28286335622656805 0.5905096252456135 0.7558351038398036
vn 0.3888103251184649 0.26990658300653886 0.8808955485930259
vn 0.4301457819907895 -0.5371254209881337 0.7255831367692144
vn -0.2567920630112981 -0.8680125926908887 0.4249846765525115
vn -0.1265431271100877 -0.880701132261056 0.4564562986916644
vn 0.07729507127249113 -0.8586604765700122 0.5066829955046249
vn -0.6001601449392361 -0.3836682668927466 0.7018592888934586
vn -0.28613376290559556 -0.5941792540428605 -0.7517170237466716
vn 0.3300036993523166 0.6303128917613929 -0.7027113325492739
vn -0.011739109616669994 0.23373980144027703 -0.9722283160493052
vn -0.3674613329720779 0.3138052097122362 -0.8754989772283249
vn -0.749160030119239 0.5062157172209385 -0.42720591862734264
vn 0.02531443722567503 -0.9579735332046191 -0.28573744757627706
vn -0.40372979917517154 -0.8645631414382656 -0.29922035980924383
vn -0.19591042677612439 -0.886234308667643 -0.41977119341467634
vn -0.09579821084858586 -0.9495794753136557 -0.29853228110415847
vn 0.6269120871781548 -0.6025603930886338 -0.4938645640565847
vn 0.5501709471368849 -0.7292029661060888 -0.4069090354717933
vn 0.18751696225022071 -0.938673356269762 -0.2893608803859114
vn 0.3170491847221756 -0.895201946938393 -0.31319848126182653
vn 0.43096003983091546 -0.8334707583219851 -0.34583224125450057
vn 0.9118535313478211 -0.41051523786738653 -0.000613878808410941
f 1//1 2//2 3//3
f 3//3 2//2 4//4
f 5//5 6//6 7//7
f 7//7 6//6 8//8
f 7//7 8//8 4//4
f 4//4 8//8 9//9
f 4//4 9//9 3//3
f 10//10 11//11 12//12
f 12//12 11//11 13//13
f 12//12 13//13 14//14
f 14//14 15//15 16//16
f 16//16 15//15 17//17
f 16//16 17//17 5//5
f 5//5 17//17 18//18
f 5//5 18//18 6//6
f 14//14 13//13 15//15
f 15//15 13//13 19//19
f 15//15 19//19 20//20
f 12//12 21//21 10//10
f 10//10 21//21 22//22
f 10//10 22//22 23//23
f 23//23 22//22 24//24
f 23//23 24//24 25//25
f 25//25 24//24 26//26
f 27//27 28//28 29//29
f 29//29 28//28 30//30
f 29//29 30//30 31//31
f 31//31 30//30 26//26
f 31//31 26//26 24//24
f 32//32 33//33 34//34
f 34//34 33//33 35//35
f 34//34 35//35 36//36
f 36//36 35//35 37//37
f 36//36 37//37 38//38
f 38//38 37//37 39//39
f 38//38 39//39 40//40
f 39//39 41//41 40//40
f 40//40 41//41 42//42
f 40//40 42//42 27//27
f 27//27 42//42 43//43
f 27//27 43//43 28//28
f 33//33 32//32 44//44
f 44//44 32//32 45//45
f 46//46 47//47 45//45
f 45//45 47//47 48//48
f 45//45 48//48 44//44
f 49//49 50//50 51//51
f 51//51 50//50 52//52
f 51//51 52//52 53//53
f 45//45 54//54 46//46
f 46//46 54//54 55//55
f 46//46 55//55 56//56
f 56//56 55//55 57//57
f 55//55 50//50 57//57
f 57//57 50//50 49//49
f 57//57 49//49 58//58
f 58//58 49//49 59//59
f 60//60 61//61 62//62
f 62//62 61//61 63//63
f 63//63 64//64 62//62
f 62//62 64//64 65//65
f 62//62 65//65 66//66
f 66//66 65//65 67//67
f 66//66 67//67 53//53
f 53//53 67//67 68//68
f 53//53 68//68 51//51
f 69//69 70//70 71//71
f 62//62 66//66 60//60
f 60//60 66//66 69//69
f 60//60 69//69 72//72
f 72//72 69//69 71//71
f 73//73 74//74 75//75
f 74//74 73//73 76//76
f 77//77 78//78 70//70
f 70//70 78//78 79//79
f 70//70 79//79 71//71
f 71//71 79//79 80//80
f 71//71 80//80 72//72
f 72//72 80//80 81//81
f 72//72 81//81 82//82
f 83//83 84//84 85//85
f 85//85 76//76 83//83
f 83//83 76//76 73//73
f 83//83 73//73 86//86
f 86//86 73//73 87//87
f 86//86 87//87 77//77
f 77//77 87//87 88//88
f 77//77 88//88 78//78
f 89//89 90//90 91//91
f 85//85 84//84 89//89
f 89//89 91//91 85//85
f 85//85 91//91 92//92
f 85//85 92//92 76//76
f 76//76 92//92 93//93
f 76//76 93//93 74//74
f 94//94 95//95 96//96
f 91//91 90//90 92//92
f 92//92 90//90 94//94
f 92//92 94//94 93//93
f 93//93 94//94 96//96
f 95//95 94//94 97//97
f 97//97 94//94 98//98
f 97//97 98//98 99//99
f 99//99 98//98 100//100
f 99//99 100//100 101//101
f 101//101 100//100 102//102
f 101//101 102//102 103//103
f 103//103 102//102 104//104
f 103//103 104//104 105//105
f 105//105 104//104 106//106
f 105//105 106//106 107//107
f 106//106 108//108 107//107
f 107//107 108//108 109//109
f 108//108 110//110 109//109
f 109//109 110//110 111//111
f 109//109 111//111 112//112
f 112//112 111//111 113//113
f 114//114 115//115 116//116
f 116//116 115//115 117//117
f 116//116 117//117 113//113
f 113//113 117//117 118//118
f 113//113 118//118 112//112
f 119//119 120//120 121//121
f 121//121 120//120 122//122
f 121//121 122//122 123//123
f 123//123 122//122 124//124
f 123//123 124//124 114//114
f 114//114 124//124 125//125
f 114//114 125//125 115//115
f 126//126 127//127 119//119
f 119//119 127//127 128//128
f 119//119 128//128 120//120
f 129//129 130//130 131//131
f 131//131 130//130 132//132
f 131//131 132//132 133//133
f 133//133 132//132 134//134
f 133//133 134//134 135//135
f 135//135 134//134 136//136
f 135//135 136//136 137//137
f 138//138 139//139 140//140
f 140//140 139//139 141//141
f 140//140 141//141 129//129
f 129//129 141//141 142//142
f 129//129 142//142 130//130
f 143//143 144//144 145//145
f 146//146 147//147 143//143
f 144//144 148//148 145//145
f 145//145 148//148 149//149
f 145//145 149//149 150//150
f 150//150 149//149 151//151
f 150//150 151//151 152//152
f 152//152 151//151 153//153
f 152//152 153//153 154//154
f 138//138 155//155 139//139
f 139//139 155//155 156//156
f 139//139 156//156 157//157
f 157//157 156//156 158//158
f 146//146 143//143 159//159
f 159//159 143//143 145//145
f 159//159 145//145 160//160
f 160//160 145//145 161//161
f 160//160 161//161 162//162
f 162//162 161//161 163//163
f 162//162 163//163 164//164
f 164//164 163//163 165//165
f 164//164 165//165 158//158
f 158//158 165//165 166//166
f 158//158 166//166 157//157
f 167//167 168//168 169//169
f 170//170 171//171 169//169
f 172//172 173//173 174//174
f 175//175 176//176 143//143
f 143//143 176//176 177//177
f 143//143 177//177 144//144
f 144//144 177//177 148//148
f 172//172 178//178 173//173
f 173//173 178//178 179//179
f 173//173 179//179 175//175
f 175//175 179//179 180//180
f 175//175 180//180 181//181
f 181//181 182//182 175//175
f 175//175 182//182 183//183
f 175//175 183//183 176//176
f 176//176 183//183 184//184
f 176//176 184//184 177//177
f 177//177 184//184 185//185
f 177//177 185//185 148//148
f 148//148 185//185 149//149
f 143//143 147//147 175//175
f 175//175 147//147 186//186
f 175//175 186//186 173//173
f 173//173 186//186 187//187
f 173//173 187//187 174//174
f 174//174 187//187 170//170
f 170//170 187//187 171//171
f 171//171 187//187 188//188
f 171//171 188//188 169//169
f 169//169 188//188 189//189
f 169//169 189//189 167//167
f 190//190 191//191 192//192
f 193//193 194//194 195//195
f 196//196 197//197 198//198
f 199//199 200//200 201//201
f 202//202 203//203 204//204
f 205//205 206//206 207//207
f 208//208 209//209 210//210
f 210//210 209//209 211//211
f 210//210 211//211 212//212
f 213//213 214//214 215//215
f 216//216 217//217 194//194
f 194//194 217//217 218//218
f 194//194 218//218 195//195
f 195//195 218//218 219//219
f 195//195 219//219 190//190
f 190//190 219//219 220//220
f 190//190 220//220 191//191
f 191//191 220//220 221//221
f 191//191 221//221 192//192
f 192//192 221//221 213//213
f 192//192 213//213 222//222
f 222//222 213//213 215//215
f 222//222 215//215 208//208
f 208//208 215//215 214//214
f 208//208 214//214 209//209
f 216//216 194//194 223//223
f 223//223 194//194 193//193
f 223//223 193//193 224//224
f 224//224 193//193 225//225
f 224//224 225//225 226//226
f 226//226 225//225 227//227
f 226//226 227//227 228//228
f 205//205 207//207 229//229
f 207//207 230//230 229//229
f 229//229 230//230 231//231
f 229//229 231//231 232//232
f 232//232 231//231 233//233
f 232//232 233//233 234//234
f 234//234 233//233 235//235
f 234//234 235//235 236//236
f 236//236 235//235 237//237
f 236//236 237//237 202//202
f 238//238 239//239 201//201
f 201//201 239//239 240//240
f 241//241 242//242 243//243
f 243//243 242//242 238//238
f 244//244 245//245 241//241
f 241//241 245//245 246//246
f 241//241 246//246 242//242
f 201//201 200//200 238//238
f 238//238 200//200 247//247
f 238//238 247//247 243//243
f 243//243 247//247 248//248
f 243//243 248//248 241//241
f 202//202 237//237 203//203
f 203//203 237//237 249//249
f 203//203 249//249 204//204
f 204//204 249//249 198//198
f 204//204 198//198 240//240
f 240//240 198//198 197//197
f 240//240 197//197 201//201
f 201//201 197//197 196//196
f 201//201 196//196 199//199
f 227//227 250//250 228//228
f 228//228 250//250 251//251
f 228//228 251//251 252//252
f 252//252 251//251 253//253
f 252//252 253//253 254//254
f 254//254 253//253 255//255
f 254//254 255//255 206//206
f 206//206 255//255 256//256
f 206//206 256//256 207//207
f 179//179 178//178 257//257
f 257//257 178//178 172//172
f 172//172 174//174 257//257
f 257//257 174//174 170//170
f 257//257 170//170 258//258
f 212//212 259//259 168//168
f 168//168 259//259 258//258
f 168//168 258//258 169//169
f 169//169 258//258 170//170
f 258//258 260//260 257//257
f 257//257 260//260 261//261
f 257//257 261//261 262//262
f 262//262 261//261 263//263
f 262//262 263//263 264//264
f 264//264 263//263 265//265
f 264//264 265//265 266//266
f 266//266 265//265 267//267
f 266//266 267//267 268//268
f 269//269 270//270 267//267
f 267//267 270//270 271//271
f 267//267 271//271 268//268
f 272//272 273//273 274//274
f 274//274 273//273 275//275
f 275//275 273//273 276//276
f 275//275 276//276 277//277
f 277//277 276//276 278//278
f 277//277 278//278 279//279
f 279//279 278//278 280//280
f 279//279 280//280 281//281
f 281//281 280//280 282//282
f 281//281 282//282 283//283
f 284//284 285//285 286//286
f 286//286 285//285 287//287
f 286//286 287//287 288//288
f 288//288 287//287 283//283
f 288//288 283//283 289//289
f 289//289 283//283 282//282
f 274//274 290//290 272//272
f 272//272 290//290 291//291
f 272//272 291//291 292//292
f 292//292 291//291 293//293
f 292//292 293//293 294//294
f 294//294 293//293 295//295
f 294//294 295//295 296//296
f 297//297 298//298 299//299
f 300//300 297//297 301//301
f 301//301 297//297 299//299
f 301//301 299//299 302//302
f 302//302 299//299 303//303
f 133//133 135//135 304//304
f 137//137 298//298 305//305
f 305//305 298//298 306//306
f 305//305 306//306 300//300
f 133//133 304//304 307//307
f 307//307 304//304 308//308
f 307//307 308//308 309//309
f 135//135 137//137 304//304
f 304//304 137//137 305//305
f 304//304 305//305 308//308
f 308//308 305//305 310//310
f 311//311 312//312 313//313
f 314//314 315//315 316//316
f 317//317 318//318 319//319
f 319//319 318//318 320//320
f 321//321 319//319 322//322
f 322//322 319//319 320//320
f 322//322 320//320 323//323
f 323//323 320//320 324//324
f 313//313 325//325 326//326
f 313//313 326//326 327//327
f 327//327 326//326 328//328
f 327//327 328//328 329//329
f 329//329 328//328 330//330
f 329//329 330//330 331//331
f 314//314 332//332 315//315
f 315//315 332//332 333//333
f 315//315 333//333 334//334
f 334//334 333//333 335//335
f 334//334 335//335 336//336
f 336//336 335//335 337//337
f 321//321 322//322 338//338
f 338//338 322//322 339//339
f 338//338 339//339 340//340
f 325//325 313//313 341//341
f 341//341 313//313 342//342
f 341//341 342//342 343//343
f 313//313 312//312 342//342
f 342//342 312//312 344//344
f 342//342 344//344 345//345
f 316//316 315//315 346//346
f 346//346 315//315 334//334
f 346//346 334//334 347//347
f 347//347 334//334 336//336
f 347//347 336//336 331//331
f 331//331 336//336 337//337
f 331//331 337//337 329//329
f 329//329 337//337 348//348
f 329//329 348//348 327//327
f 327//327 348//348 349//349
f 327//327 349//349 313//313
f 313//313 349//349 350//350
f 313//313 350//350 311//311
f 339//339 348//348 340//340
f 340//340 348//348 337//337
f 340//340 337//337 338//338
f 338//338 337//337 335//335
f 338//338 335//335 321//321
f 321//321 335//335 333//333
f 321//321 333//333 319//319
f 319//319 333//333 332//332
f 319//319 332//332 317//317
f 345//345 307//307 342//342
f 342//342 307//307 309//309
f 342//342 309//309 343//343
f 351//351 352//352 353//353
f 354//354 355//355 303//303
f 299//299 298//298 137//137
f 352//352 354//354 353//353
f 353//353 354//354 303//303
f 353//353 303//303 356//356
f 356//356 303//303 299//299
f 356//356 299//299 357//357
f 357//357 299//299 137//137
f 134//134 132//132 358//358
f 359//359 360//360 361//361
f 361//361 360//360 362//362
f 361//361 362//362 363//363
f 363//363 362//362 358//358
f 363//363 358//358 364//364
f 364//364 358//358 132//132
f 364//364 132//132 130//130
f 359//359 365//365 360//360
f 360//360 365//365 366//366
f 360//360 366//366 362//362
f 362//362 366//366 367//367
f 362//362 367//367 358//358
f 358//358 367//367 368//368
f 358//358 368//368 134//134
f 134//134 368//368 136//136
f 365//365 351//351 366//366
f 366//366 351//351 353//353
f 366//366 353//353 367//367
f 367//367 353//353 356//356
f 367//367 356//356 368//368
f 368//368 356//356 357//357
f 368//368 357//357 136//136
f 136//136 357//357 137//137
f 369//369 370//370 371//371
f 371//371 370//370 372//372
f 371//371 372//372 373//373
f 374//374 375//375 376//376
f 377//377 372//372 378//378
f 378//378 372//372 379//379
f 378//378 379//379 380//380
f 380//380 379//379 374//374
f 380//380 374//374 381//381
f 381//381 374//374 376//376
f 372//372 370//370 379//379
f 379//379 370//370 382//382
f 379//379 382//382 374//374
f 374//374 382//382 383//383
f 384//384 369//369 371//371
f 385//385 386//386 387//387
f 385//385 387//387 388//388
f 388//388 387//387 389//389
f 388//388 389//389 390//390
f 390//390 389//389 391//391
f 391//391 389//389 392//392
f 391//391 392//392 393//393
f 393//393 392//392 394//394
f 393//393 394//394 395//395
f 395//395 394//394 396//396
f 395//395 396//396 397//397
f 387//387 398//398 389//389
f 389//389 398//398 399//399
f 389//389 399//399 392//392
f 392//392 399//399 400//400
f 392//392 400//400 394//394
f 394//394 400//400 401//401
f 394//394 401//401 396//396
f 396//396 401//401 402//402
f 403//403 402//402 404//404
f 404//404 402//402 401//401
f 404//404 401//401 405//405
f 405//405 401//401 400//400
f 405//405 400//400 406//406
f 406//406 400//400 399//399
f 384//384 371//371 407//407
f 407//407 408//408 409//409
f 409//409 408//408 410//410
f 409//409 410//410 411//411
f 411//411 410//410 412//412
f 411//411 412//412 413//413
f 407//407 371//371 408//408
f 408//408 371//371 373//373
f 408//408 373//373 414//414
f 415//415 412//412 416//416
f 416//416 412//412 410//410
f 416//416 410//410 417//417
f 417//417 410//410 408//408
f 417//417 408//408 418//418
f 418//418 408//408 414//414
f 406//406 419//419 405//405
f 405//405 419//419 420//420
f 405//405 420//420 404//404
f 404//404 420//420 421//421
f 404//404 421//421 403//403
f 403//403 421//421 413//413
f 403//403 413//413 402//402
f 402//402 413//413 412//412
f 402//402 412//412 396//396
f 396//396 412//412 415//415
f 396//396 415//415 397//397
f 316//316 346//346 422//422
f 423//423 424//424 425//425
f 426//426 427//427 428//428
f 428//428 427//427 423//423
f 423//423 425//425 428//428
f 428//428 425//425 429//429
f 428//428 429//429 430//430
f 429//429 431//431 430//430
f 430//430 431//431 432//432
f 430//430 432//432 433//433
f 432//432 434//434 433//433
f 433//433 434//434 435//435
f 433//433 435//435 436//436
f 437//437 438//438 439//439
f 439//439 438//438 436//436
f 439//439 436//436 440//440
f 440//440 436//436 435//435
f 437//437 441//441 438//438
f 438//438 441//441 442//442
f 438//438 442//442 443//443
f 443//443 442//442 444//444
f 443//443 444//444 386//386
f 420//420 419//419 445//445
f 445//445 419//419 406//406
f 406//406 399//399 445//445
f 445//445 399//399 398//398
f 445//445 398//398 444//444
f 444//444 398//398 387//387
f 444//444 387//387 386//386
f 317//317 332//332 422//422
f 422//422 332//332 314//314
f 422//422 314//314 316//316
f 426//426 324//324 427//427
f 427//427 324//324 320//320
f 427//427 320//320 422//422
f 422//422 320//320 318//318
f 422//422 318//318 317//317
f 446//446 447//447 448//448
f 446//446 448//448 449//449
f 448//448 450//450 449//449
f 449//449 450//450 451//451
f 449//449 451//451 452//452
f 451//451 453//453 452//452
f 452//452 453//453 454//454
f 452//452 454//454 455//455
f 455//455 456//456 452//452
f 452//452 456//456 457//457
f 452//452 457//457 458//458
f 458//458 457//457 459//459
f 458//458 459//459 460//460
f 460//460 459//459 461//461
f 460//460 461//461 462//462
f 462//462 461//461 463//463
f 462//462 463//463 464//464
f 464//464 463//463 465//465
f 464//464 465//465 466//466
f 466//466 465//465 467//467
f 466//466 467//467 468//468
f 469//469 470//470 471//471
f 471//471 470//470 472//472
f 471//471 472//472 473//473
f 473//473 472//472 468//468
f 473//473 468//468 474//474
f 474//474 468//468 467//467
f 474//474 467//467 475//475
f 469//469 471//471 476//476
f 476//476 471//471 477//477
f 476//476 477//477 478//478
f 478//478 477//477 377//377
f 478//478 377//377 479//479
f 479//479 377//377 378//378
f 479//479 378//378 380//380
f 480//480 481//481 482//482
f 483//483 484//484 485//485
f 486//486 487//487 488//488
f 489//489 479//479 380//380
f 479//479 489//489 478//478
f 488//488 490//490 486//486
f 486//486 490//490 491//491
f 486//486 491//491 492//492
f 492//492 491//491 489//489
f 492//492 489//489 493//493
f 493//493 489//489 380//380
f 493//493 380//380 381//381
f 488//488 483//483 490//490
f 490//490 483//483 485//485
f 490//490 485//485 491//491
f 491//491 485//485 494//494
f 491//491 494//494 489//489
f 489//489 494//494 495//495
f 489//489 495//495 478//478
f 478//478 495//495 476//476
f 484//484 480//480 485//485
f 485//485 480//480 482//482
f 485//485 482//482 494//494
f 494//494 482//482 496//496
f 494//494 496//496 495//495
f 495//495 496//496 497//497
f 495//495 497//497 476//476
f 476//476 497//497 469//469
f 469//469 497//497 498//498
f 498//498 497//497 496//496
f 498//498 496//496 499//499
f 499//499 496//496 482//482
f 499//499 482//482 500//500
f 500//500 482//482 481//481
f 500//500 481//481 501//501
f 502//502 503//503 504//504
f 505//505 506//506 507//507
f 505//505 508//508 509//509
f 505//505 509//509 510//510
f 510//510 509//509 511//511
f 510//510 511//511 512//512
f 512//512 511//511 513//513
f 512//512 513//513 514//514
f 514//514 513//513 515//515
f 514//514 515//515 516//516
f 516//516 515//515 374//374
f 516//516 374//374 383//383
f 517//517 486//486 518//518
f 487//487 486//486 519//519
f 519//519 486//486 517//517
f 519//519 517//517 520//520
f 520//520 517//517 521//521
f 517//517 522//522 521//521
f 521//521 522//522 523//523
f 521//521 523//523 524//524
f 524//524 523//523 525//525
f 524//524 525//525 526//526
f 526//526 525//525 504//504
f 526//526 504//504 527//527
f 527//527 504//504 503//503
f 527//527 503//503 528//528
f 529//529 530//530 531//531
f 531//531 530//530 502//502
f 505//505 507//507 508//508
f 508//508 507//507 532//532
f 508//508 532//532 529//529
f 529//529 531//531 508//508
f 508//508 531//531 533//533
f 508//508 533//533 509//509
f 509//509 533//533 534//534
f 509//509 534//534 511//511
f 511//511 534//534 535//535
f 511//511 535//535 513//513
f 513//513 535//535 536//536
f 513//513 536//536 515//515
f 515//515 536//536 375//375
f 515//515 375//375 374//374
f 502//502 504//504 531//531
f 531//531 504//504 525//525
f 531//531 525//525 533//533
f 533//533 525//525 523//523
f 533//533 523//523 534//534
f 534//534 523//523 522//522
f 534//534 522//522 535//535
f 535//535 522//522 517//517
f 535//535 517//517 536//536
f 536//536 517//517 518//518
f 536//536 518//518 375//375
f 483//483 537//537 484//484
f 484//484 537//537 538//538
f 484//484 538//538 480//480
f 538//538 539//539 480//480
f 480//480 539//539 540//540
f 480//480 540//540 481//481
f 481//481 540//540 541//541
f 481//481 541//541 501//501
f 542//542 543//543 544//544
f 544//544 543//543 501//501
f 544//544 501//501 545//545
f 545//545 501//501 541//541
f 483//483 488//488 537//537
f 537//537 488//488 487//487
f 537//537 487//487 546//546
f 546//546 487//487 519//519
f 546//546 519//519 547//547
f 547//547 519//519 520//520
f 547//547 520//520 548//548
f 548//548 520//520 521//521
f 548//548 521//521 549//549
f 549//549 521//521 524//524
f 549//549 524//524 550//550
f 550//550 524//524 551//551
f 528//528 552//552 527//527
f 527//527 552//552 551//551
f 527//527 551//551 526//526
f 526//526 551//551 524//524
f 74//74 93//93 96//96
f 96//96 553//553 74//74
f 74//74 553//553 554//554
f 74//74 554//554 75//75
f 555//555 556//556 557//557
f 557//557 556//556 553//553
f 557//557 553//553 558//558
f 558//558 553//553 96//96
f 559//559 560//560 561//561
f 559//559 561//561 562//562
f 562//562 561//561 563//563
f 563//563 561//561 564//564
f 563//563 564//564 565//565
f 565//565 564//564 566//566
f 565//565 566//566 567//567
f 568//568 569//569 570//570
f 570//570 569//569 567//567
f 570//570 567//567 571//571
f 571//571 567//567 566//566
f 571//571 566//566 572//572
f 573//573 574//574 570//570
f 570//570 574//574 575//575
f 570//570 575//575 568//568
f 561//561 560//560 564//564
f 564//564 560//560 576//576
f 564//564 576//576 566//566
f 572//572 566//566 577//577
f 577//577 566//566 576//576
f 577//577 576//576 578//578
f 578//578 576//576 579//579
f 578//578 579//579 580//580
f 581//581 582//582 583//583
f 581//581 583//583 584//584
f 583//583 585//585 584//584
f 584//584 585//585 586//586
f 584//584 586//586 587//587
f 587//587 586//586 588//588
f 587//587 588//588 580//580
f 580//580 588//588 589//589
f 580//580 589//589 578//578
f 590//590 591//591 592//592
f 44//44 593//593 33//33
f 46//46 56//56 594//594
f 58//58 59//59 595//595
f 596//596 597//597 598//598
f 599//599 600//600 601//601
f 602//602 599//599 572//572
f 572//572 599//599 601//601
f 572//572 601//601 571//571
f 571//571 601//601 570//570
f 603//603 604//604 605//605
f 605//605 604//604 606//606
f 605//605 606//606 607//607
f 608//608 609//609 604//604
f 604//604 609//609 610//610
f 604//604 610//610 606//606
f 611//611 612//612 608//608
f 608//608 612//612 613//613
f 608//608 613//613 609//609
f 614//614 615//615 611//611
f 611//611 615//615 616//616
f 611//611 616//616 612//612
f 617//617 618//618 614//614
f 614//614 618//618 619//619
f 614//614 619//619 615//615
f 620//620 621//621 617//617
f 617//617 621//621 622//622
f 617//617 622//622 618//618
f 623//623 624//624 625//625
f 625//625 624//624 626//626
f 625//625 626//626 620//620
f 620//620 626//626 627//627
f 620//620 627//627 621//621
f 628//628 553//553 596//596
f 628//628 596//596 75//75
f 75//75 596//596 598//598
f 75//75 598//598 629//629
f 629//629 598//598 630//630
f 630//630 598//598 631//631
f 630//630 631//631 632//632
f 632//632 631//631 633//633
f 632//632 633//633 634//634
f 634//634 633//633 59//59
f 59//59 633//633 635//635
f 59//59 635//635 595//595
f 594//594 56//56 595//595
f 595//595 56//56 57//57
f 595//595 57//57 58//58
f 593//593 44//44 636//636
f 636//636 44//44 48//48
f 636//636 48//48 594//594
f 594//594 48//48 47//47
f 594//594 47//47 46//46
f 637//637 37//37 638//638
f 638//638 37//37 35//35
f 639//639 41//41 39//39
f 640//640 28//28 43//43
f 640//640 43//43 639//639
f 639//639 43//43 42//42
f 639//639 42//42 41//41
f 641//641 26//26 640//640
f 640//640 26//26 30//30
f 640//640 30//30 28//28
f 642//642 643//643 10//10
f 10//10 23//23 642//642
f 642//642 23//23 25//25
f 642//642 25//25 644//644
f 20//20 19//19 645//645
f 645//645 19//19 13//13
f 645//645 13//13 643//643
f 643//643 13//13 11//11
f 643//643 11//11 10//10
f 602//602 646//646 599//599
f 599//599 646//646 647//647
f 599//599 647//647 648//648
f 648//648 647//647 649//649
f 648//648 649//649 650//650
f 651//651 623//623 652//652
f 652//652 623//623 625//625
f 652//652 625//625 653//653
f 654//654 655//655 656//656
f 656//656 655//655 653//653
f 656//656 653//653 657//657
f 657//657 653//653 658//658
f 657//657 658//658 659//659
f 659//659 658//658 638//638
f 35//35 33//33 638//638
f 638//638 33//33 593//593
f 638//638 593//593 659//659
f 659//659 593//593 636//636
f 659//659 636//636 657//657
f 657//657 636//636 594//594
f 657//657 594//594 656//656
f 656//656 594//594 595//595
f 656//656 595//595 654//654
f 654//654 595//595 635//635
f 658//658 660//660 638//638
f 638//638 660//660 661//661
f 638//638 661//661 637//637
f 637//637 661//661 662//662
f 25//25 26//26 644//644
f 644//644 26//26 641//641
f 644//644 641//641 642//642
f 642//642 641//641 663//663
f 642//642 663//663 643//643
f 643//643 663//663 664//664
f 643//643 664//664 645//645
f 653//653 625//625 658//658
f 658//658 625//625 620//620
f 658//658 620//620 660//660
f 660//660 620//620 617//617
f 660//660 617//617 661//661
f 661//661 617//617 614//614
f 661//661 614//614 662//662
f 662//662 614//614 611//611
f 662//662 611//611 665//665
f 665//665 611//611 608//608
f 665//665 608//608 666//666
f 666//666 608//608 604//604
f 666//666 604//604 667//667
f 603//603 668//668 604//604
f 604//604 668//668 669//669
f 604//604 669//669 667//667
f 667//667 669//669 670//670
f 667//667 670//670 590//590
f 590//590 670//670 671//671
f 590//590 671//671 591//591
f 649//649 672//672 650//650
f 650//650 672//672 20//20
f 650//650 20//20 592//592
f 592//592 20//20 645//645
f 592//592 645//645 590//590
f 590//590 645//645 664//664
f 590//590 664//664 667//667
f 667//667 664//664 663//663
f 667//667 663//663 666//666
f 666//666 663//663 641//641
f 666//666 641//641 665//665
f 665//665 641//641 640//640
f 665//665 640//640 662//662
f 662//662 640//640 639//639
f 662//662 639//639 637//637
f 637//637 639//639 39//39
f 637//637 39//39 37//37
f 96//96 95//95 673//673
f 674//674 597//597 675//675
f 555//555 557//557 673//673
f 673//673 557//557 558//558
f 673//673 558//558 96//96
f 553//553 556//556 676//676
f 676//676 556//556 555//555
f 676//676 555//555 677//677
f 677//677 555//555 673//673
f 95//95 97//97 678//678
f 95//95 678//678 673//673
f 673//673 678//678 679//679
f 673//673 679//679 677//677
f 677//677 679//679 674//674
f 677//677 674//674 676//676
f 676//676 674//674 675//675
f 676//676 675//675 553//553
f 20//20 672//672 15//15
f 15//15 672//672 649//649
f 15//15 649//649 647//647
f 647//647 646//646 15//15
f 15//15 646//646 602//602
f 15//15 602//602 577//577
f 577//577 602//602 572//572
f 589//589 18//18 578//578
f 578//578 18//18 17//17
f 578//578 17//17 577//577
f 577//577 17//17 15//15
f 18//18 589//589 6//6
f 6//6 589//589 588//588
f 583//583 680//680 585//585
f 585//585 680//680 586//586
f 9//9 8//8 681//681
f 681//681 8//8 6//6
f 681//681 6//6 680//680
f 680//680 6//6 588//588
f 680//680 588//588 586//586
f 583//583 582//582 680//680
f 680//680 582//582 1//1
f 680//680 1//1 681//681
f 681//681 1//1 3//3
f 681//681 3//3 9//9
f 630//630 49//49 629//629
f 629//629 49//49 73//73
f 629//629 73//73 75//75
f 630//630 632//632 49//49
f 49//49 632//632 634//634
f 49//49 634//634 59//59
f 73//73 49//49 51//51
f 68//68 88//88 51//51
f 51//51 88//88 87//87
f 51//51 87//87 73//73
f 682//682 64//64 63//63
f 683//683 67//67 682//682
f 682//682 67//67 65//65
f 682//682 65//65 64//64
f 80//80 79//79 683//683
f 683//683 79//79 78//78
f 683//683 78//78 67//67
f 67//67 78//78 88//88
f 67//67 88//88 68//68
f 63//63 61//61 682//682
f 682//682 61//61 82//82
f 682//682 82//82 683//683
f 683//683 82//82 81//81
f 683//683 81//81 80//80
f 61//61 60//60 82//82
f 82//82 60//60 72//72
f 584//584 587//587 684//684
f 7//7 4//4 2//2
f 7//7 2//2 684//684
f 684//684 2//2 581//581
f 684//684 581//581 584//584
f 582//582 581//581 1//1
f 1//1 581//581 2//2
f 685//685 686//686 687//687
f 685//685 687//687 688//688
f 688//688 687//687 689//689
f 688//688 689//689 690//690
f 691//691 692//692 693//693
f 694//694 695//695 693//693
f 696//696 697//697 698//698
f 697//697 696//696 441//441
f 441//441 699//699 697//697
f 697//697 699//699 700//700
f 697//697 700//700 698//698
f 698//698 700//700 701//701
f 698//698 701//701 702//702
f 702//702 701//701 703//703
f 694//694 693//693 704//704
f 704//704 693//693 692//692
f 704//704 692//692 705//705
f 694//694 696//696 695//695
f 695//695 696//696 698//698
f 695//695 698//698 693//693
f 693//693 698//698 702//702
f 693//693 702//702 691//691
f 691//691 702//702 703//703
f 706//706 707//707 708//708
f 706//706 709//709 710//710
f 707//707 706//706 711//711
f 712//712 713//713 714//714
f 715//715 716//716 717//717
f 717//717 716//716 712//712
f 717//717 712//712 718//718
f 718//718 712//712 714//714
f 706//706 710//710 711//711
f 711//711 710//710 719//719
f 711//711 719//719 720//720
f 714//714 708//708 718//718
f 718//718 708//708 707//707
f 718//718 707//707 717//717
f 717//717 707//707 711//711
f 717//717 711//711 715//715
f 715//715 711//711 720//720
f 715//715 720//720 424//424
f 424//424 720//720 719//719
f 699//699 441//441 721//721
f 721//721 441//441 437//437
f 721//721 437//437 722//722
f 722//722 437//437 439//439
f 722//722 439//439 723//723
f 424//424 719//719 425//425
f 425//425 719//719 724//724
f 425//425 724//724 429//429
f 429//429 724//724 725//725
f 429//429 725//725 431//431
f 431//431 725//725 726//726
f 431//431 726//726 432//432
f 432//432 726//726 727//727
f 432//432 727//727 434//434
f 434//434 727//727 728//728
f 434//434 728//728 435//435
f 435//435 728//728 729//729
f 435//435 729//729 440//440
f 700//700 699//699 730//730
f 730//730 699//699 721//721
f 730//730 721//721 731//731
f 731//731 721//721 722//722
f 731//731 722//722 732//732
f 732//732 722//722 723//723
f 732//732 723//723 733//733
f 719//719 710//710 724//724
f 724//724 710//710 734//734
f 724//724 734//734 725//725
f 725//725 734//734 735//735
f 725//725 735//735 726//726
f 726//726 735//735 736//736
f 726//726 736//736 727//727
f 727//727 736//736 737//737
f 727//727 737//737 728//728
f 728//728 737//737 738//738
f 728//728 738//738 729//729
f 701//701 700//700 739//739
f 739//739 700//700 730//730
f 739//739 730//730 740//740
f 740//740 730//730 731//731
f 740//740 731//731 741//741
f 741//741 731//731 732//732
f 741//741 732//732 742//742
f 742//742 732//732 733//733
f 742//742 733//733 743//743
f 710//710 709//709 734//734
f 734//734 709//709 744//744
f 734//734 744//744 735//735
f 735//735 744//744 745//745
f 735//735 745//745 736//736
f 736//736 745//745 746//746
f 736//736 746//746 737//737
f 737//737 746//746 743//743
f 737//737 743//743 738//738
f 738//738 743//743 733//733
f 738//738 733//733 729//729
f 729//729 733//733 723//723
f 729//729 723//723 440//440
f 440//440 723//723 439//439
f 690//690 747//747 748//748
f 690//690 748//748 688//688
f 688//688 748//748 749//749
f 688//688 749//749 685//685
f 685//685 749//749 686//686
f 686//686 749//749 750//750
f 686//686 750//750 751//751
f 752//752 751//751 753//753
f 753//753 751//751 750//750
f 753//753 750//750 701//701
f 701//701 750//750 703//703
f 703//703 750//750 749//749
f 703//703 749//749 691//691
f 691//691 749//749 748//748
f 691//691 748//748 692//692
f 692//692 748//748 747//747
f 692//692 747//747 705//705
f 754//754 690//690 755//755
f 755//755 690//690 689//689
f 756//756 713//713 712//712
f 427//427 422//422 757//757
f 757//757 422//422 346//346
f 757//757 346//346 347//347
f 347//347 331//331 758//758
f 758//758 331//331 330//330
f 758//758 330//330 759//759
f 759//759 330//330 328//328
f 759//759 328//328 760//760
f 760//760 328//328 326//326
f 760//760 326//326 761//761
f 761//761 326//326 325//325
f 761//761 325//325 343//343
f 343//343 325//325 341//341
f 424//424 423//423 715//715
f 715//715 423//423 427//427
f 347//347 758//758 757//757
f 757//757 758//758 759//759
f 757//757 759//759 762//762
f 762//762 759//759 760//760
f 762//762 760//760 763//763
f 763//763 760//760 761//761
f 763//763 761//761 764//764
f 427//427 757//757 715//715
f 715//715 757//757 762//762
f 715//715 762//762 716//716
f 716//716 762//762 763//763
f 716//716 763//763 712//712
f 712//712 763//763 764//764
f 712//712 764//764 756//756
f 765//765 766//766 767//767
f 768//768 769//769 770//770
f 768//768 770//770 771//771
f 771//771 770//770 772//772
f 771//771 772//772 767//767
f 773//773 772//772 774//774
f 774//774 772//772 770//770
f 774//774 770//770 775//775
f 775//775 770//770 769//769
f 775//775 769//769 776//776
f 767//767 772//772 765//765
f 765//765 772//772 773//773
f 765//765 773//773 777//777
f 777//777 773//773 778//778
f 777//777 778//778 779//779
f 766//766 765//765 780//780
f 780//780 765//765 777//777
f 780//780 777//777 781//781
f 781//781 777//777 779//779
f 781//781 779//779 782//782
f 783//783 784//784 785//785
f 542//542 544//544 786//786
f 542//542 786//786 787//787
f 787//787 786//786 788//788
f 787//787 788//788 785//785
f 789//789 788//788 790//790
f 790//790 788//788 786//786
f 790//790 786//786 791//791
f 791//791 786//786 544//544
f 791//791 544//544 545//545
f 785//785 788//788 783//783
f 783//783 788//788 789//789
f 783//783 789//789 792//792
f 792//792 789//789 793//793
f 792//792 793//793 794//794
f 784//784 783//783 795//795
f 795//795 783//783 792//792
f 795//795 792//792 796//796
f 796//796 792//792 794//794
f 796//796 794//794 797//797
f 798//798 789//789 790//790
f 541//541 540//540 799//799
f 549//549 550//550 800//800
f 800//800 550//550 551//551
f 800//800 551//551 801//801
f 801//801 551//551 552//552
f 549//549 800//800 548//548
f 548//548 800//800 802//802
f 548//548 802//802 547//547
f 547//547 802//802 803//803
f 547//547 803//803 546//546
f 546//546 803//803 804//804
f 546//546 804//804 537//537
f 537//537 804//804 805//805
f 537//537 805//805 538//538
f 799//799 540//540 805//805
f 805//805 540//540 539//539
f 805//805 539//539 538//538
f 806//806 807//807 808//808
f 808//808 807//807 809//809
f 808//808 809//809 810//810
f 810//810 809//809 811//811
f 810//810 811//811 812//812
f 812//812 811//811 813//813
f 812//812 813//813 798//798
f 798//798 813//813 793//793
f 798//798 793//793 789//789
f 814//814 815//815 806//806
f 806//806 815//815 816//816
f 806//806 816//816 807//807
f 817//817 818//818 819//819
f 819//819 818//818 820//820
f 806//806 821//821 814//814
f 814//814 821//821 819//819
f 814//814 819//819 822//822
f 822//822 819//819 820//820
f 822//822 820//820 823//823
f 824//824 825//825 817//817
f 552//552 826//826 801//801
f 801//801 826//826 827//827
f 801//801 827//827 828//828
f 545//545 541//541 791//791
f 791//791 541//541 799//799
f 791//791 799//799 829//829
f 829//829 799//799 805//805
f 829//829 805//805 830//830
f 830//830 805//805 804//804
f 830//830 804//804 831//831
f 831//831 804//804 803//803
f 831//831 803//803 832//832
f 832//832 803//803 802//802
f 832//832 802//802 833//833
f 833//833 802//802 800//800
f 833//833 800//800 834//834
f 834//834 800//800 801//801
f 834//834 801//801 824//824
f 824//824 801//801 828//828
f 824//824 828//828 825//825
f 817//817 819//819 824//824
f 824//824 819//819 821//821
f 824//824 821//821 834//834
f 834//834 821//821 806//806
f 834//834 806//806 833//833
f 833//833 806//806 808//808
f 833//833 808//808 832//832
f 832//832 808//808 810//810
f 832//832 810//810 831//831
f 831//831 810//810 812//812
f 831//831 812//812 830//830
f 830//830 812//812 798//798
f 830//830 798//798 829//829
f 829//829 798//798 790//790
f 829//829 790//790 791//791
f 442//442 441//441 696//696
f 413//413 421//421 835//835
f 835//835 421//421 420//420
f 835//835 420//420 445//445
f 413//413 835//835 411//411
f 411//411 835//835 836//836
f 411//411 836//836 409//409
f 409//409 836//836 837//837
f 409//409 837//837 407//407
f 407//407 837//837 384//384
f 384//384 837//837 838//838
f 384//384 838//838 369//369
f 442//442 696//696 444//444
f 839//839 696//696 694//694
f 704//704 705//705 840//840
f 839//839 694//694 841//841
f 841//841 694//694 704//704
f 841//841 704//704 842//842
f 842//842 704//704 840//840
f 842//842 840//840 843//843
f 444//444 696//696 445//445
f 445//445 696//696 839//839
f 445//445 839//839 835//835
f 835//835 839//839 841//841
f 835//835 841//841 836//836
f 836//836 841//841 842//842
f 836//836 842//842 837//837
f 837//837 842//842 843//843
f 837//837 843//843 838//838
f 754//754 506//506 690//690
f 690//690 506//506 505//505
f 690//690 505//505 747//747
f 505//505 510//510 747//747
f 747//747 510//510 512//512
f 747//747 512//512 705//705
f 705//705 512//512 514//514
f 705//705 514//514 840//840
f 840//840 514//514 516//516
f 516//516 383//383 840//840
f 840//840 383//383 382//382
f 840//840 382//382 843//843
f 370//370 369//369 382//382
f 382//382 369//369 838//838
f 382//382 838//838 843//843
f 844//844 845//845 846//846
f 844//844 846//846 847//847
f 847//847 846//846 848//848
f 847//847 848//848 849//849
f 849//849 848//848 850//850
f 849//849 850//850 851//851
f 851//851 850//850 852//852
f 851//851 852//852 853//853
f 130//130 844//844 847//847
f 130//130 847//847 364//364
f 364//364 847//847 849//849
f 364//364 849//849 363//363
f 363//363 849//849 851//851
f 363//363 851//851 361//361
f 361//361 851//851 853//853
f 361//361 853//853 359//359
f 854//854 855//855 856//856
f 854//854 856//856 857//857
f 857//857 856//856 858//858
f 857//857 858//858 859//859
f 859//859 858//858 860//860
f 859//859 860//860 861//861
f 861//861 860//860 543//543
f 861//861 543//543 862//862
f 863//863 375//375 518//518
f 381//381 863//863 493//493
f 493//493 863//863 518//518
f 493//493 518//518 492//492
f 492//492 518//518 486//486
f 855//855 469//469 498//498
f 855//855 498//498 856//856
f 856//856 498//498 499//499
f 856//856 499//499 858//858
f 858//858 499//499 500//500
f 858//858 500//500 860//860
f 860//860 500//500 501//501
f 860//860 501//501 543//543
f 864//864 865//865 866//866
f 864//864 866//866 776//776
f 867//867 868//868 869//869
f 869//869 868//868 870//870
f 865//865 871//871 872//872
f 776//776 866//866 775//775
f 775//775 866//866 873//873
f 775//775 873//873 774//774
f 774//774 873//873 869//869
f 774//774 869//869 773//773
f 773//773 869//869 870//870
f 773//773 870//870 778//778
f 874//874 875//875 876//876
f 865//865 872//872 866//866
f 866//866 872//872 877//877
f 866//866 877//877 873//873
f 873//873 877//877 874//874
f 873//873 874//874 869//869
f 869//869 874//874 876//876
f 869//869 876//876 867//867
f 878//878 879//879 871//871
f 871//871 865//865 878//878
f 878//878 865//865 864//864
f 878//878 864//864 852//852
f 852//852 864//864 776//776
f 852//852 776//776 853//853
f 880//880 878//878 852//852
f 852//852 850//850 880//880
f 880//880 850//850 848//848
f 880//880 848//848 881//881
f 881//881 848//848 846//846
f 881//881 846//846 882//882
f 882//882 846//846 845//845
f 882//882 845//845 883//883
f 884//884 885//885 854//854
f 845//845 886//886 883//883
f 883//883 886//886 887//887
f 887//887 886//886 888//888
f 887//887 888//888 889//889
f 889//889 888//888 890//890
f 889//889 890//890 891//891
f 885//885 884//884 892//892
f 892//892 884//884 893//893
f 892//892 893//893 894//894
f 893//893 895//895 894//894
f 894//894 895//895 896//896
f 894//894 896//896 897//897
f 897//897 896//896 898//898
f 897//897 898//898 899//899
f 899//899 898//898 900//900
f 899//899 900//900 901//901
f 901//901 900//900 902//902
f 901//901 902//902 903//903
f 903//903 902//902 904//904
f 903//903 904//904 905//905
f 905//905 904//904 906//906
f 905//905 906//906 907//907
f 906//906 908//908 907//907
f 907//907 908//908 909//909
f 907//907 909//909 910//910
f 910//910 909//909 911//911
f 910//910 911//911 912//912
f 912//912 911//911 913//913
f 912//912 913//913 914//914
f 914//914 913//913 915//915
f 914//914 915//915 916//916
f 916//916 915//915 917//917
f 916//916 917//917 918//918
f 918//918 917//917 919//919
f 918//918 919//919 920//920
f 920//920 919//919 921//921
f 920//920 921//921 922//922
f 922//922 921//921 923//923
f 922//922 923//923 924//924
f 923//923 925//925 924//924
f 924//924 925//925 926//926
f 924//924 926//926 927//927
f 927//927 926//926 928//928
f 927//927 928//928 929//929
f 929//929 928//928 930//930
f 929//929 930//930 931//931
f 931//931 930//930 932//932
f 931//931 932//932 933//933
f 933//933 932//932 934//934
f 933//933 934//934 935//935
f 891//891 890//890 935//935
f 935//935 890//890 936//936
f 935//935 936//936 933//933
f 855//855 854//854 885//885
f 901//901 903//903 446//446
f 929//929 931//931 150//150
f 844//844 142//142 141//141
f 142//142 844//844 130//130
f 888//888 886//886 141//141
f 141//141 886//886 845//845
f 141//141 845//845 844//844
f 141//141 139//139 888//888
f 888//888 139//139 157//157
f 888//888 157//157 890//890
f 890//890 157//157 166//166
f 890//890 166//166 936//936
f 166//166 165//165 936//936
f 936//936 165//165 163//163
f 936//936 163//163 933//933
f 933//933 163//163 161//161
f 933//933 161//161 931//931
f 931//931 161//161 145//145
f 931//931 145//145 150//150
f 150//150 152//152 929//929
f 929//929 152//152 154//154
f 929//929 154//154 937//937
f 937//937 938//938 929//929
f 929//929 938//938 939//939
f 929//929 939//939 927//927
f 940//940 907//907 941//941
f 941//941 907//907 910//910
f 941//941 910//910 942//942
f 942//942 910//910 912//912
f 942//942 912//912 943//943
f 943//943 912//912 914//914
f 943//943 914//914 944//944
f 944//944 914//914 916//916
f 944//944 916//916 945//945
f 945//945 916//916 918//918
f 945//945 918//918 946//946
f 946//946 918//918 920//920
f 946//946 920//920 947//947
f 947//947 920//920 922//922
f 947//947 922//922 948//948
f 948//948 922//922 924//924
f 948//948 924//924 949//949
f 949//949 924//924 927//927
f 949//949 927//927 950//950
f 950//950 927//927 939//939
f 951//951 903//903 940//940
f 940//940 903//903 905//905
f 940//940 905//905 907//907
f 447//447 446//446 952//952
f 952//952 446//446 903//903
f 952//952 903//903 953//953
f 953//953 903//903 951//951
f 446//446 449//449 901//901
f 901//901 449//449 452//452
f 901//901 452//452 899//899
f 899//899 452//452 458//458
f 899//899 458//458 897//897
f 458//458 460//460 897//897
f 897//897 460//460 462//462
f 897//897 462//462 894//894
f 894//894 462//462 464//464
f 894//894 464//464 892//892
f 464//464 466//466 892//892
f 892//892 466//466 468//468
f 892//892 468//468 885//885
f 885//885 468//468 472//472
f 885//885 472//472 855//855
f 855//855 472//472 470//470
f 855//855 470//470 469//469
f 575//575 574//574 954//954
f 954//954 574//574 573//573
f 954//954 573//573 955//955
f 955//955 573//573 570//570
f 955//955 570//570 601//601
f 956//956 957//957 958//958
f 958//958 957//957 959//959
f 958//958 959//959 568//568
f 568//568 959//959 569//569
f 960//960 956//956 954//954
f 954//954 956//956 958//958
f 954//954 958//958 575//575
f 575//575 958//958 568//568
f 960//960 954//954 961//961
f 961//961 954//954 955//955
f 961//961 955//955 962//962
f 962//962 955//955 601//601
f 962//962 601//601 600//600
f 182//182 181//181 963//963
f 964//964 965//965 966//966
f 967//967 968//968 964//964
f 964//964 968//968 969//969
f 964//964 969//969 938//938
f 182//182 963//963 183//183
f 938//938 937//937 964//964
f 964//964 937//937 154//154
f 964//964 154//154 965//965
f 965//965 154//154 153//153
f 965//965 153//153 151//151
f 183//183 963//963 184//184
f 184//184 963//963 965//965
f 184//184 965//965 185//185
f 185//185 965//965 151//151
f 185//185 151//151 149//149
f 939//939 938//938 950//950
f 950//950 938//938 969//969
f 950//950 969//969 968//968
f 970//970 940//940 971//971
f 971//971 940//940 941//941
f 971//971 941//941 972//972
f 972//972 941//941 942//942
f 972//972 942//942 973//973
f 973//973 942//942 943//943
f 973//973 943//943 974//974
f 974//974 943//943 944//944
f 974//974 944//944 975//975
f 975//975 944//944 945//945
f 975//975 945//945 976//976
f 976//976 945//945 946//946
f 976//976 946//946 977//977
f 977//977 946//946 947//947
f 977//977 947//947 978//978
f 978//978 947//947 979//979
f 978//978 979//979 980//980
f 979//979 949//949 980//980
f 980//980 949//949 950//950
f 980//980 950//950 968//968
f 940//940 970//970 951//951
f 951//951 970//970 981//981
f 951//951 981//981 953//953
f 982//982 983//983 984//984
f 984//984 983//983 985//985
f 984//984 985//985 986//986
f 986//986 985//985 987//987
f 986//986 987//987 988//988
f 988//988 987//987 989//989
f 988//988 989//989 990//990
f 455//455 454//454 989//989
f 989//989 454//454 453//453
f 989//989 453//453 990//990
f 991//991 992//992 982//982
f 982//982 992//992 993//993
f 982//982 993//993 983//983
f 983//983 993//993 994//994
f 983//983 994//994 985//985
f 985//985 994//994 995//995
f 985//985 995//995 987//987
f 987//987 995//995 996//996
f 987//987 996//996 989//989
f 989//989 996//996 997//997
f 989//989 997//997 455//455
f 998//998 999//999 1000//1000
f 1001//1001 1002//1002 988//988
f 988//988 1002//1002 986//986
f 1003//1003 984//984 986//986
f 1004//1004 1005//1005 1006//1006
f 1006//1006 1005//1005 998//998
f 1006//1006 998//998 1003//1003
f 1003//1003 998//998 1000//1000
f 1003//1003 1000//1000 984//984
f 1004//1004 1006//1006 1007//1007
f 1007//1007 1006//1006 1008//1008
f 1007//1007 1008//1008 1009//1009
f 1008//1008 1010//1010 1011//1011
f 1011//1011 1012//1012 1008//1008
f 1008//1008 1012//1012 1013//1013
f 1008//1008 1013//1013 1009//1009
f 1014//1014 1015//1015 1016//1016
f 1014//1014 1017//1017 1018//1018
f 1018//1018 1019//1019 1014//1014
f 1014//1014 1019//1019 1020//1020
f 1014//1014 1020//1020 1015//1015
f 1017//1017 1014//1014 1021//1021
f 1021//1021 1014//1014 1022//1022
f 1021//1021 1022//1022 1023//1023
f 1024//1024 1025//1025 1026//1026
f 1001//1001 1024//1024 1002//1002
f 1002//1002 1024//1024 1026//1026
f 1002//1002 1026//1026 1022//1022
f 1022//1022 1026//1026 1027//1027
f 1022//1022 1027//1027 1023//1023
f 986//986 1002//1002 1003//1003
f 1003//1003 1002//1002 1022//1022
f 1003//1003 1022//1022 1006//1006
f 1006//1006 1022//1022 1014//1014
f 1006//1006 1014//1014 1008//1008
f 1008//1008 1014//1014 1016//1016
f 1008//1008 1016//1016 1010//1010
f 179//179 1028//1028 180//180
f 180//180 1028//1028 963//963
f 180//180 963//963 181//181
f 965//965 963//963 966//966
f 966//966 963//963 1028//1028
f 966//966 1028//1028 964//964
f 964//964 1028//1028 1029//1029
f 964//964 1029//1029 967//967
f 1030//1030 1031//1031 1032//1032
f 1032//1032 1031//1031 1033//1033
f 1033//1033 1034//1034 1032//1032
f 1032//1032 1034//1034 1035//1035
f 1032//1032 1035//1035 1036//1036
f 1036//1036 1035//1035 1037//1037
f 1036//1036 1037//1037 1029//1029
f 1029//1029 1037//1037 1038//1038
f 1029//1029 1038//1038 967//967
f 1039//1039 1040//1040 1041//1041
f 1041//1041 1040//1040 1042//1042
f 1041//1041 1042//1042 1030//1030
f 268//268 271//271 1043//1043
f 1043//1043 271//271 270//270
f 1043//1043 270//270 1039//1039
f 1039//1039 270//270 1044//1044
f 1039//1039 1044//1044 1040//1040
f 268//268 1043//1043 266//266
f 266//266 1043//1043 1045//1045
f 266//266 1045//1045 264//264
f 1030//1030 1032//1032 1041//1041
f 1041//1041 1032//1032 1036//1036
f 1041//1041 1036//1036 1039//1039
f 1039//1039 1036//1036 1029//1029
f 1039//1039 1029//1029 1043//1043
f 1043//1043 1029//1029 1028//1028
f 1043//1043 1028//1028 1045//1045
f 1045//1045 1028//1028 179//179
f 1045//1045 179//179 264//264
f 264//264 179//179 257//257
f 264//264 257//257 262//262
f 1046//1046 1047//1047 1048//1048
f 1049//1049 226//226 228//228
f 1050//1050 1051//1051 1052//1052
f 236//236 1050//1050 234//234
f 234//234 1050//1050 1052//1052
f 234//234 1052//1052 232//232
f 232//232 1052//1052 1053//1053
f 232//232 1053//1053 229//229
f 229//229 1053//1053 1054//1054
f 229//229 1054//1054 205//205
f 205//205 1054//1054 1055//1055
f 205//205 1055//1055 206//206
f 206//206 1055//1055 1056//1056
f 1047//1047 1049//1049 1048//1048
f 1048//1048 1049//1049 228//228
f 1048//1048 228//228 1057//1057
f 1057//1057 228//228 252//252
f 1057//1057 252//252 1056//1056
f 1056//1056 252//252 254//254
f 1056//1056 254//254 206//206
f 1058//1058 1059//1059 1060//1060
f 1060//1060 1059//1059 1061//1061
f 1060//1060 1061//1061 1062//1062
f 1062//1062 1061//1061 1063//1063
f 1062//1062 1063//1063 1064//1064
f 1064//1064 1063//1063 1065//1065
f 1064//1064 1065//1065 1066//1066
f 1066//1066 1065//1065 1067//1067
f 1066//1066 1067//1067 1068//1068
f 1068//1068 1067//1067 1069//1069
f 1068//1068 1069//1069 1070//1070
f 1070//1070 1069//1069 1071//1071
f 1070//1070 1071//1071 1072//1072
f 1072//1072 1071//1071 1073//1073
f 1072//1072 1073//1073 1074//1074
f 1074//1074 1073//1073 1075//1075
f 1059//1059 1046//1046 1061//1061
f 1061//1061 1046//1046 1048//1048
f 1061//1061 1048//1048 1063//1063
f 1063//1063 1048//1048 1057//1057
f 1063//1063 1057//1057 1065//1065
f 1065//1065 1057//1057 1056//1056
f 1065//1065 1056//1056 1067//1067
f 1067//1067 1056//1056 1055//1055
f 1067//1067 1055//1055 1069//1069
f 1069//1069 1055//1055 1054//1054
f 1069//1069 1054//1054 1071//1071
f 1071//1071 1054//1054 1053//1053
f 1071//1071 1053//1053 1073//1073
f 1073//1073 1053//1053 1052//1052
f 1073//1073 1052//1052 1075//1075
f 1075//1075 1052//1052 1051//1051
f 216//216 223//223 1076//1076
f 1076//1076 223//223 224//224
f 1058//1058 1077//1077 1059//1059
f 1059//1059 1077//1077 1078//1078
f 1059//1059 1078//1078 1046//1046
f 1046//1046 1078//1078 1079//1079
f 1046//1046 1079//1079 1047//1047
f 1047//1047 1079//1079 1076//1076
f 1047//1047 1076//1076 1049//1049
f 1049//1049 1076//1076 224//224
f 1049//1049 224//224 226//226
f 217//217 216//216 1080//1080
f 1080//1080 216//216 1076//1076
f 1080//1080 1076//1076 1081//1081
f 1081//1081 1076//1076 1079//1079
f 1081//1081 1079//1079 1082//1082
f 1082//1082 1079//1079 1078//1078
f 1082//1082 1078//1078 1083//1083
f 1083//1083 1078//1078 1077//1077
f 211//211 1084//1084 1085//1085
f 1085//1085 1084//1084 1086//1086
f 1085//1085 1086//1086 259//259
f 1087//1087 220//220 1088//1088
f 1088//1088 220//220 219//219
f 1088//1088 219//219 1080//1080
f 1080//1080 219//219 218//218
f 1080//1080 218//218 217//217
f 214//214 213//213 1087//1087
f 1087//1087 213//213 221//221
f 1087//1087 221//221 220//220
f 1080//1080 1081//1081 1088//1088
f 1088//1088 1081//1081 1089//1089
f 1088//1088 1089//1089 1087//1087
f 1087//1087 1089//1089 1090//1090
f 1087//1087 1090//1090 214//214
f 214//214 1090//1090 1084//1084
f 214//214 1084//1084 209//209
f 209//209 1084//1084 211//211
f 1081//1081 1082//1082 1091//1091
f 1091//1091 1082//1082 1083//1083
f 1091//1091 1083//1083 1092//1092
f 1081//1081 1091//1091 1089//1089
f 1089//1089 1091//1091 1092//1092
f 1089//1089 1092//1092 1090//1090
f 1090//1090 1092//1092 1093//1093
f 1090//1090 1093//1093 1084//1084
f 1084//1084 1093//1093 1094//1094
f 1084//1084 1094//1094 1086//1086
f 1001//1001 988//988 990//990
f 453//453 451//451 1025//1025
f 1025//1025 451//451 450//450
f 1025//1025 450//450 448//448
f 453//453 1025//1025 990//990
f 990//990 1025//1025 1024//1024
f 990//990 1024//1024 1001//1001
f 952//952 953//953 981//981
f 1026//1026 1025//1025 1027//1027
f 1027//1027 1025//1025 448//448
f 1027//1027 448//448 1023//1023
f 1023//1023 448//448 447//447
f 970//970 1021//1021 981//981
f 981//981 1021//1021 1023//1023
f 981//981 1023//1023 952//952
f 952//952 1023//1023 447//447
f 1095//1095 1096//1096 269//269
f 1086//1086 1094//1094 1097//1097
f 1083//1083 1098//1098 1099//1099
f 1083//1083 1099//1099 1092//1092
f 1092//1092 1099//1099 1100//1100
f 1092//1092 1100//1100 1093//1093
f 1086//1086 1097//1097 259//259
f 1095//1095 1101//1101 1102//1102
f 1095//1095 1102//1102 1096//1096
f 1096//1096 1102//1102 1103//1103
f 1096//1096 1103//1103 1104//1104
f 1105//1105 1106//1106 1107//1107
f 1107//1107 1106//1106 1108//1108
f 1098//1098 1108//1108 1099//1099
f 1099//1099 1108//1108 1106//1106
f 1099//1099 1106//1106 1100//1100
f 1100//1100 1106//1106 1097//1097
f 1100//1100 1097//1097 1093//1093
f 1093//1093 1097//1097 1094//1094
f 269//269 267//267 1095//1095
f 1095//1095 267//267 1105//1105
f 1095//1095 1105//1105 1101//1101
f 1101//1101 1105//1105 1107//1107
f 263//263 261//261 1109//1109
f 1109//1109 261//261 260//260
f 1109//1109 260//260 258//258
f 267//267 265//265 1105//1105
f 1105//1105 265//265 263//263
f 1105//1105 263//263 1106//1106
f 1106//1106 263//263 1109//1109
f 1106//1106 1109//1109 1097//1097
f 1097//1097 1109//1109 258//258
f 1097//1097 258//258 259//259
f 259//259 212//212 1085//1085
f 1085//1085 212//212 211//211
f 1110//1110 1098//1098 1111//1111
f 1101//1101 1107//1107 1110//1110
f 1110//1110 1107//1107 1112//1112
f 1110//1110 1112//1112 1098//1098
f 1102//1102 1101//1101 1103//1103
f 1103//1103 1101//1101 1110//1110
f 1103//1103 1110//1110 1104//1104
f 1104//1104 1110//1110 1111//1111
f 1113//1113 1072//1072 1074//1074
f 1114//1114 1115//1115 1116//1116
f 1074//1074 1117//1117 1113//1113
f 1113//1113 1117//1117 1118//1118
f 1113//1113 1118//1118 1114//1114
f 1114//1114 1116//1116 1113//1113
f 1113//1113 1116//1116 1119//1119
f 1113//1113 1119//1119 1120//1120
f 1121//1121 1122//1122 1123//1123
f 1123//1123 1122//1122 1124//1124
f 1120//1120 1121//1121 1113//1113
f 1113//1113 1121//1121 1123//1123
f 1113//1113 1123//1123 1125//1125
f 1125//1125 1123//1123 1124//1124
f 1125//1125 1124//1124 1126//1126
f 1072//1072 1113//1113 1070//1070
f 1070//1070 1113//1113 1127//1127
f 1070//1070 1127//1127 1068//1068
f 1068//1068 1127//1127 1128//1128
f 1068//1068 1128//1128 1066//1066
f 1066//1066 1128//1128 1129//1129
f 1066//1066 1129//1129 1064//1064
f 1064//1064 1129//1129 1130//1130
f 1064//1064 1130//1130 1062//1062
f 1062//1062 1130//1130 1131//1131
f 1062//1062 1131//1131 1060//1060
f 1060//1060 1131//1131 1132//1132
f 1060//1060 1132//1132 1058//1058
f 1058//1058 1132//1132 1111//1111
f 1058//1058 1111//1111 1077//1077
f 1077//1077 1111//1111 1098//1098
f 1077//1077 1098//1098 1083//1083
f 202//202 204//204 1133//1133
f 240//240 239//239 1134//1134
f 1114//1114 1118//1118 1135//1135
f 1117//1117 1074//1074 1075//1075
f 204//204 240//240 1133//1133
f 1133//1133 240//240 1134//1134
f 1133//1133 1134//1134 1136//1136
f 1136//1136 1134//1134 1137//1137
f 1136//1136 1137//1137 1135//1135
f 1135//1135 1137//1137 1138//1138
f 1135//1135 1138//1138 1114//1114
f 1114//1114 1138//1138 1115//1115
f 1118//1118 1117//1117 1135//1135
f 1135//1135 1117//1117 1075//1075
f 1135//1135 1075//1075 1136//1136
f 1136//1136 1075//1075 1051//1051
f 1136//1136 1051//1051 1133//1133
f 1133//1133 1051//1051 1050//1050
f 1133//1133 1050//1050 202//202
f 202//202 1050//1050 236//236
f 246//246 245//245 1139//1139
f 1140//1140 1115//1115 1138//1138
f 1138//1138 1141//1141 1140//1140
f 1140//1140 1141//1141 1142//1142
f 1140//1140 1142//1142 1143//1143
f 1144//1144 1145//1145 1146//1146
f 1146//1146 1145//1145 1137//1137
f 1146//1146 1137//1137 1134//1134
f 1147//1147 1144//1144 242//242
f 242//242 1144//1144 1146//1146
f 242//242 1146//1146 238//238
f 238//238 1146//1146 1134//1134
f 238//238 1134//1134 239//239
f 242//242 246//246 1147//1147
f 1147//1147 246//246 1139//1139
f 1147//1147 1139//1139 1148//1148
f 1148//1148 1139//1139 1149//1149
f 1148//1148 1150//1150 1147//1147
f 1147//1147 1150//1150 1143//1143
f 1147//1147 1143//1143 1144//1144
f 1144//1144 1143//1143 1142//1142
f 1144//1144 1142//1142 1145//1145
f 1145//1145 1142//1142 1141//1141
f 1145//1145 1141//1141 1137//1137
f 1137//1137 1141//1141 1138//1138
f 245//245 244//244 1139//1139
f 1139//1139 244//244 1149//1149
f 1096//1096 1104//1104 1111//1111
f 1151//1151 1152//1152 1153//1153
f 269//269 1096//1096 1154//1154
f 1154//1154 1096//1096 1111//1111
f 1154//1154 1111//1111 1155//1155
f 1155//1155 1111//1111 1132//1132
f 1155//1155 1132//1132 1156//1156
f 1156//1156 1132//1132 1131//1131
f 1156//1156 1131//1131 1157//1157
f 1157//1157 1131//1131 1130//1130
f 1157//1157 1130//1130 1158//1158
f 1158//1158 1130//1130 1129//1129
f 1158//1158 1129//1129 1159//1159
f 1159//1159 1129//1129 1128//1128
f 1159//1159 1128//1128 1160//1160
f 1160//1160 1128//1128 1127//1127
f 1160//1160 1127//1127 1153//1153
f 1153//1153 1127//1127 1113//1113
f 1153//1153 1113//1113 1151//1151
f 1151//1151 1113//1113 1125//1125
f 1161//1161 1162//1162 998//998
f 998//998 1162//1162 999//999
f 982//982 984//984 1000//1000
f 1149//1149 244//244 1163//1163
f 1163//1163 244//244 991//991
f 991//991 982//982 1163//1163
f 1163//1163 982//982 1000//1000
f 1163//1163 1000//1000 1164//1164
f 999//999 1162//1162 1000//1000
f 1000//1000 1162//1162 1165//1165
f 1000//1000 1165//1165 1164//1164
f 998//998 1005//1005 1161//1161
f 1161//1161 1005//1005 1004//1004
f 1161//1161 1004//1004 1166//1166
f 1004//1004 1007//1007 1166//1166
f 1166//1166 1007//1007 1009//1009
f 1166//1166 1009//1009 1152//1152
f 270//270 269//269 1044//1044
f 1044//1044 269//269 1154//1154
f 1044//1044 1154//1154 1040//1040
f 1033//1033 977//977 1034//1034
f 1034//1034 977//977 978//978
f 1034//1034 978//978 1035//1035
f 1035//1035 978//978 980//980
f 1035//1035 980//980 1037//1037
f 1031//1031 1030//1030 1156//1156
f 1156//1156 1030//1030 1042//1042
f 1040//1040 1154//1154 1042//1042
f 1042//1042 1154//1154 1155//1155
f 1042//1042 1155//1155 1156//1156
f 1037//1037 980//980 1038//1038
f 1038//1038 980//980 968//968
f 1038//1038 968//968 967//967
f 1160//1160 1011//1011 1010//1010
f 1016//1016 1015//1015 973//973
f 1015//1015 1020//1020 973//973
f 973//973 1020//1020 1019//1019
f 973//973 1019//1019 972//972
f 972//972 1019//1019 1018//1018
f 972//972 1018//1018 971//971
f 971//971 1018//1018 1017//1017
f 971//971 1017//1017 970//970
f 970//970 1017//1017 1021//1021
f 1011//1011 1160//1160 1012//1012
f 1012//1012 1160//1160 1153//1153
f 1012//1012 1153//1153 1013//1013
f 1013//1013 1153//1153 1152//1152
f 1013//1013 1152//1152 1009//1009
f 1010//1010 1016//1016 1160//1160
f 1160//1160 1016//1016 973//973
f 1160//1160 973//973 1159//1159
f 1159//1159 973//973 974//974
f 1159//1159 974//974 1158//1158
f 1158//1158 974//974 975//975
f 1158//1158 975//975 1157//1157
f 1157//1157 975//975 976//976
f 1157//1157 976//976 1156//1156
f 1156//1156 976//976 977//977
f 1156//1156 977//977 1031//1031
f 1031//1031 977//977 1033//1033
f 1166//1166 1167//1167 1168//1168
f 1150//1150 1148//1148 1169//1169
f 1169//1169 1148//1148 1149//1149
f 1170//1170 1143//1143 1150//1150
f 1140//1140 1143//1143 1171//1171
f 1171//1171 1143//1143 1170//1170
f 1171//1171 1170//1170 1172//1172
f 1173//1173 1124//1124 1167//1167
f 1167//1167 1124//1124 1174//1174
f 1167//1167 1174//1174 1168//1168
f 1168//1168 1174//1174 1121//1121
f 1168//1168 1121//1121 1172//1172
f 1172//1172 1121//1121 1120//1120
f 1172//1172 1120//1120 1171//1171
f 1171//1171 1120//1120 1119//1119
f 1171//1171 1119//1119 1140//1140
f 1140//1140 1119//1119 1116//1116
f 1140//1140 1116//1116 1115//1115
f 1125//1125 1173//1173 1151//1151
f 1151//1151 1173//1173 1167//1167
f 1151//1151 1167//1167 1152//1152
f 1152//1152 1167//1167 1166//1166
f 1149//1149 1163//1163 1169//1169
f 1169//1169 1163//1163 1164//1164
f 1169//1169 1164//1164 1175//1175
f 1175//1175 1164//1164 1165//1165
f 1175//1175 1165//1165 1162//1162
f 1150//1150 1169//1169 1170//1170
f 1170//1170 1169//1169 1175//1175
f 1170//1170 1175//1175 1172//1172
f 1172//1172 1175//1175 1162//1162
f 1172//1172 1162//1162 1168//1168
f 1168//1168 1162//1162 1161//1161
f 1168//1168 1161//1161 1166//1166
f 1176//1176 875//875 874//874
f 1177//1177 1178//1178 1179//1179
f 1179//1179 1178//1178 1180//1180
f 1179//1179 1180//1180 1181//1181
f 1181//1181 1180//1180 1182//1182
f 1181//1181 1182//1182 1183//1183
f 1184//1184 1177//1177 1185//1185
f 1185//1185 1177//1177 1179//1179
f 1185//1185 1179//1179 1186//1186
f 1186//1186 1179//1179 1181//1181
f 1186//1186 1181//1181 1187//1187
f 1176//1176 874//874 1183//1183
f 1183//1183 874//874 1181//1181
f 1181//1181 874//874 877//877
f 1181//1181 877//877 1187//1187
f 1188//1188 1184//1184 1189//1189
f 1189//1189 1184//1184 1185//1185
f 1189//1189 1185//1185 1190//1190
f 1190//1190 1185//1185 1186//1186
f 1190//1190 1186//1186 1191//1191
f 1191//1191 1186//1186 1187//1187
f 1191//1191 1187//1187 1192//1192
f 1192//1192 1187//1187 877//877
f 1192//1192 877//877 872//872
f 1193//1193 1188//1188 1194//1194
f 1194//1194 1188//1188 1189//1189
f 1194//1194 1189//1189 1195//1195
f 1195//1195 1189//1189 1190//1190
f 1195//1195 1190//1190 1196//1196
f 1196//1196 1190//1190 1191//1191
f 1196//1196 1191//1191 1197//1197
f 1197//1197 1191//1191 1192//1192
f 1197//1197 1192//1192 871//871
f 871//871 1192//1192 872//872
f 1193//1193 1198//1198 1199//1199
f 651//651 1200//1200 1201//1201
f 1201//1201 1200//1200 1202//1202
f 1201//1201 1202//1202 1203//1203
f 1203//1203 1202//1202 1204//1204
f 1203//1203 1204//1204 1205//1205
f 1205//1205 1204//1204 1199//1199
f 1205//1205 1199//1199 1206//1206
f 1206//1206 1199//1199 1198//1198
f 1206//1206 1198//1198 1207//1207
f 1193//1193 1199//1199 1188//1188
f 1188//1188 1199//1199 1204//1204
f 1188//1188 1204//1204 1184//1184
f 1184//1184 1204//1204 1202//1202
f 1184//1184 1202//1202 1177//1177
f 1177//1177 1202//1202 1200//1200
f 1177//1177 1200//1200 1178//1178
f 624//624 623//623 1208//1208
f 1209//1209 1210//1210 1211//1211
f 1212//1212 1213//1213 1214//1214
f 1214//1214 1213//1213 1215//1215
f 1216//1216 1217//1217 1218//1218
f 1219//1219 1216//1216 1220//1220
f 1221//1221 1219//1219 1222//1222
f 1221//1221 1211//1211 1223//1223
f 1223//1223 1211//1211 1210//1210
f 1223//1223 1210//1210 1224//1224
f 1225//1225 1224//1224 1226//1226
f 1226//1226 1224//1224 1210//1210
f 1226//1226 1210//1210 1227//1227
f 1227//1227 1210//1210 1209//1209
f 1227//1227 1209//1209 1228//1228
f 1207//1207 1225//1225 1229//1229
f 1229//1229 1225//1225 1226//1226
f 1229//1229 1226//1226 1230//1230
f 1230//1230 1226//1226 1227//1227
f 1230//1230 1227//1227 1231//1231
f 1231//1231 1227//1227 1228//1228
f 1231//1231 1228//1228 1208//1208
f 1232//1232 1233//1233 1234//1234
f 1214//1214 1235//1235 1212//1212
f 1212//1212 1235//1235 1236//1236
f 1212//1212 1236//1236 1237//1237
f 1237//1237 1236//1236 1238//1238
f 1237//1237 1238//1238 1239//1239
f 1239//1239 1238//1238 1240//1240
f 1239//1239 1240//1240 1241//1241
f 1216//1216 1218//1218 1220//1220
f 1220//1220 1218//1218 1242//1242
f 1220//1220 1242//1242 1243//1243
f 1243//1243 1242//1242 1244//1244
f 1243//1243 1244//1244 1245//1245
f 1245//1245 1244//1244 1246//1246
f 1245//1245 1246//1246 1247//1247
f 607//607 1233//1233 1248//1248
f 1248//1248 1233//1233 1232//1232
f 1248//1248 1232//1232 1249//1249
f 607//607 606//606 1233//1233
f 1233//1233 606//606 610//610
f 1233//1233 610//610 1234//1234
f 1234//1234 610//610 609//609
f 1234//1234 609//609 613//613
f 1235//1235 1249//1249 1236//1236
f 1236//1236 1249//1249 1232//1232
f 1236//1236 1232//1232 1238//1238
f 1238//1238 1232//1232 1234//1234
f 1238//1238 1234//1234 1240//1240
f 1240//1240 1234//1234 613//613
f 613//613 612//612 1240//1240
f 1240//1240 612//612 616//616
f 1240//1240 616//616 1241//1241
f 1241//1241 616//616 615//615
f 1241//1241 615//615 619//619
f 619//619 1246//1246 1241//1241
f 1241//1241 1246//1246 1244//1244
f 1241//1241 1244//1244 1239//1239
f 1239//1239 1244//1244 1242//1242
f 1239//1239 1242//1242 1237//1237
f 1237//1237 1242//1242 1218//1218
f 1237//1237 1218//1218 1212//1212
f 1212//1212 1218//1218 1217//1217
f 1212//1212 1217//1217 1213//1213
f 1219//1219 1220//1220 1222//1222
f 1222//1222 1220//1220 1243//1243
f 1222//1222 1243//1243 1250//1250
f 1250//1250 1243//1243 1245//1245
f 1250//1250 1245//1245 1251//1251
f 1251//1251 1245//1245 1247//1247
f 1251//1251 1247//1247 1252//1252
f 1252//1252 1247//1247 627//627
f 1252//1252 627//627 626//626
f 619//619 618//618 1246//1246
f 1246//1246 618//618 622//622
f 1246//1246 622//622 1247//1247
f 1247//1247 622//622 621//621
f 1247//1247 621//621 627//627
f 1221//1221 1222//1222 1211//1211
f 1211//1211 1222//1222 1250//1250
f 1211//1211 1250//1250 1209//1209
f 1209//1209 1250//1250 1251//1251
f 1209//1209 1251//1251 1228//1228
f 1228//1228 1251//1251 1252//1252
f 1228//1228 1252//1252 1208//1208
f 1208//1208 1252//1252 626//626
f 1208//1208 626//626 624//624
f 1207//1207 1229//1229 1206//1206
f 1206//1206 1229//1229 1230//1230
f 1206//1206 1230//1230 1205//1205
f 1205//1205 1230//1230 1231//1231
f 1205//1205 1231//1231 1203//1203
f 1203//1203 1231//1231 1208//1208
f 1203//1203 1208//1208 1201//1201
f 1201//1201 1208//1208 623//623
f 1201//1201 623//623 651//651
f 1253//1253 1254//1254 1255//1255
f 1215//1215 1253//1253 1256//1256
f 1215//1215 1256//1256 1214//1214
f 1214//1214 1256//1256 1257//1257
f 1214//1214 1257//1257 1235//1235
f 1235//1235 1257//1257 1258//1258
f 1235//1235 1258//1258 1249//1249
f 1253//1253 1255//1255 1256//1256
f 1256//1256 1255//1255 1259//1259
f 1256//1256 1259//1259 1257//1257
f 1257//1257 1259//1259 1260//1260
f 1257//1257 1260//1260 1258//1258
f 1258//1258 1260//1260 1261//1261
f 1258//1258 1261//1261 1262//1262
f 1249//1249 1258//1258 1248//1248
f 1248//1248 1258//1258 1262//1262
f 1248//1248 1262//1262 607//607
f 1263//1263 1261//1261 1260//1260
f 1264//1264 1265//1265 1266//1266
f 1266//1266 1265//1265 1267//1267
f 1268//1268 1269//1269 1270//1270
f 1270//1270 1269//1269 1267//1267
f 1270//1270 1267//1267 1271//1271
f 1271//1271 1267//1267 1265//1265
f 1259//1259 1269//1269 1260//1260
f 1260//1260 1269//1269 1268//1268
f 1260//1260 1268//1268 1263//1263
f 1259//1259 1272//1272 1269//1269
f 1269//1269 1272//1272 1273//1273
f 1269//1269 1273//1273 1267//1267
f 1267//1267 1273//1273 1274//1274
f 1267//1267 1274//1274 1266//1266
f 1275//1275 1264//1264 1276//1276
f 1276//1276 1264//1264 1266//1266
f 1276//1276 1266//1266 1277//1277
f 1277//1277 1266//1266 1274//1274
f 1277//1277 1274//1274 1278//1278
f 1278//1278 1274//1274 1273//1273
f 1278//1278 1273//1273 1279//1279
f 1279//1279 1273//1273 1272//1272
f 1279//1279 1272//1272 1255//1255
f 1255//1255 1272//1272 1259//1259
f 1280//1280 1275//1275 1281//1281
f 1281//1281 1275//1275 1276//1276
f 1281//1281 1276//1276 1282//1282
f 1282//1282 1276//1276 1277//1277
f 1282//1282 1277//1277 1283//1283
f 1283//1283 1277//1277 1278//1278
f 1283//1283 1278//1278 1284//1284
f 1284//1284 1278//1278 1279//1279
f 1284//1284 1279//1279 1254//1254
f 1254//1254 1279//1279 1255//1255
f 1285//1285 795//795 796//796
f 796//796 797//797 1286//1286
f 1287//1287 1288//1288 1289//1289
f 1288//1288 1287//1287 1280//1280
f 795//795 1285//1285 784//784
f 784//784 1285//1285 1290//1290
f 784//784 1290//1290 785//785
f 785//785 1290//1290 1287//1287
f 785//785 1287//1287 787//787
f 787//787 1287//1287 1289//1289
f 787//787 1289//1289 542//542
f 1291//1291 1292//1292 1285//1285
f 796//796 1286//1286 1285//1285
f 1285//1285 1286//1286 1293//1293
f 1285//1285 1293//1293 1291//1291
f 1280//1280 1287//1287 1275//1275
f 1275//1275 1287//1287 1290//1290
f 1275//1275 1290//1290 1264//1264
f 1264//1264 1290//1290 1285//1285
f 1264//1264 1285//1285 1265//1265
f 1265//1265 1285//1285 1292//1292
f 1265//1265 1292//1292 1271//1271
f 871//871 879//879 1197//1197
f 1197//1197 879//879 1294//1294
f 1295//1295 1193//1193 1296//1296
f 1296//1296 1193//1193 1194//1194
f 1296//1296 1194//1194 1297//1297
f 1297//1297 1194//1194 1195//1195
f 1297//1297 1195//1195 1294//1294
f 1294//1294 1195//1195 1196//1196
f 1294//1294 1196//1196 1197//1197
f 1298//1298 1299//1299 1300//1300
f 1300//1300 1299//1299 1301//1301
f 1302//1302 1303//1303 1304//1304
f 1304//1304 1303//1303 1305//1305
f 1306//1306 1302//1302 1307//1307
f 1307//1307 1302//1302 1304//1304
f 1307//1307 1304//1304 1308//1308
f 1308//1308 1304//1304 1305//1305
f 1308//1308 1305//1305 1309//1309
f 1310//1310 1311//1311 1312//1312
f 1312//1312 1311//1311 1313//1313
f 1312//1312 1313//1313 1314//1314
f 1300//1300 1310//1310 1298//1298
f 1298//1298 1310//1310 1312//1312
f 1298//1298 1312//1312 1315//1315
f 1315//1315 1312//1312 1314//1314
f 1315//1315 1314//1314 1316//1316
f 1317//1317 1306//1306 1316//1316
f 1316//1316 1306//1306 1307//1307
f 1316//1316 1307//1307 1315//1315
f 1315//1315 1307//1307 1308//1308
f 1315//1315 1308//1308 1298//1298
f 1298//1298 1308//1308 1309//1309
f 1298//1298 1309//1309 1299//1299
f 879//879 1317//1317 1294//1294
f 1294//1294 1317//1317 1316//1316
f 1294//1294 1316//1316 1297//1297
f 1297//1297 1316//1316 1314//1314
f 1297//1297 1314//1314 1296//1296
f 1296//1296 1314//1314 1313//1313
f 1296//1296 1313//1313 1295//1295
f 1295//1295 1313//1313 1311//1311
f 883//883 1303//1303 1302//1302
f 883//883 1302//1302 882//882
f 882//882 1302//1302 1306//1306
f 882//882 1306//1306 881//881
f 881//881 1306//1306 1317//1317
f 881//881 1317//1317 880//880
f 880//880 1317//1317 879//879
f 880//880 879//879 878//878
f 1193//1193 1295//1295 1198//1198
f 1198//1198 1295//1295 1318//1318
f 1198//1198 1318//1318 1207//1207
f 1207//1207 1318//1318 1319//1319
f 1207//1207 1319//1319 1225//1225
f 1225//1225 1319//1319 1320//1320
f 1225//1225 1320//1320 1224//1224
f 1224//1224 1320//1320 1321//1321
f 1224//1224 1321//1321 1223//1223
f 1223//1223 1321//1321 1322//1322
f 1223//1223 1322//1322 1221//1221
f 1221//1221 1322//1322 1323//1323
f 1221//1221 1323//1323 1219//1219
f 1219//1219 1323//1323 1324//1324
f 1219//1219 1324//1324 1216//1216
f 1216//1216 1324//1324 1325//1325
f 1216//1216 1325//1325 1217//1217
f 1217//1217 1325//1325 1326//1326
f 1217//1217 1326//1326 1213//1213
f 1213//1213 1326//1326 1327//1327
f 1213//1213 1327//1327 1215//1215
f 1215//1215 1327//1327 1253//1253
f 1328//1328 1254//1254 1329//1329
f 1329//1329 1254//1254 1253//1253
f 1329//1329 1253//1253 1330//1330
f 1330//1330 1253//1253 1327//1327
f 862//862 543//543 542//542
f 1280//1280 1331//1331 1288//1288
f 1288//1288 1331//1331 1332//1332
f 862//862 542//542 1332//1332
f 1332//1332 542//542 1289//1289
f 1332//1332 1289//1289 1288//1288
f 1331//1331 1280//1280 1333//1333
f 1333//1333 1280//1280 1281//1281
f 1333//1333 1281//1281 1334//1334
f 1254//1254 1328//1328 1284//1284
f 1284//1284 1328//1328 1335//1335
f 1284//1284 1335//1335 1283//1283
f 1283//1283 1335//1335 1334//1334
f 1283//1283 1334//1334 1282//1282
f 1282//1282 1334//1334 1281//1281
f 1336//1336 893//893 884//884
f 883//883 887//887 1303//1303
f 887//887 889//889 1303//1303
f 1303//1303 889//889 891//891
f 1303//1303 891//891 1305//1305
f 1305//1305 891//891 935//935
f 932//932 1301//1301 934//934
f 934//934 1301//1301 1299//1299
f 934//934 1299//1299 935//935
f 935//935 1299//1299 1309//1309
f 935//935 1309//1309 1305//1305
f 930//930 1337//1337 932//932
f 932//932 1337//1337 1338//1338
f 932//932 1338//1338 1301//1301
f 930//930 928//928 1337//1337
f 1337//1337 928//928 926//926
f 1337//1337 926//926 1339//1339
f 1339//1339 926//926 925//925
f 1339//1339 925//925 1340//1340
f 1340//1340 925//925 923//923
f 1340//1340 923//923 1341//1341
f 1341//1341 923//923 921//921
f 921//921 919//919 1341//1341
f 1341//1341 919//919 917//917
f 1341//1341 917//917 1342//1342
f 1342//1342 917//917 915//915
f 1342//1342 915//915 1343//1343
f 1343//1343 915//915 1344//1344
f 915//915 913//913 1344//1344
f 1344//1344 913//913 911//911
f 1344//1344 911//911 1345//1345
f 1345//1345 911//911 909//909
f 909//909 908//908 1345//1345
f 1345//1345 908//908 906//906
f 1345//1345 906//906 1346//1346
f 1346//1346 906//906 904//904
f 1346//1346 904//904 1347//1347
f 1347//1347 904//904 902//902
f 1347//1347 902//902 1348//1348
f 1348//1348 902//902 1349//1349
f 1349//1349 902//902 900//900
f 1349//1349 900//900 1350//1350
f 1350//1350 900//900 898//898
f 1350//1350 898//898 1351//1351
f 1351//1351 898//898 1352//1352
f 1352//1352 898//898 896//896
f 1352//1352 896//896 1336//1336
f 1336//1336 896//896 895//895
f 1336//1336 895//895 893//893
f 861//861 862//862 1332//1332
f 1332//1332 1353//1353 861//861
f 861//861 1353//1353 1354//1354
f 861//861 1354//1354 859//859
f 859//859 1354//1354 1355//1355
f 859//859 1355//1355 857//857
f 857//857 1355//1355 884//884
f 857//857 884//884 854//854
f 1336//1336 884//884 1355//1355
f 1336//1336 1355//1355 1356//1356
f 1356//1356 1355//1355 1354//1354
f 1356//1356 1354//1354 1357//1357
f 1357//1357 1354//1354 1353//1353
f 1357//1357 1353//1353 1358//1358
f 1358//1358 1353//1353 1332//1332
f 1358//1358 1332//1332 1331//1331
f 1359//1359 1360//1360 1361//1361
f 1361//1361 1349//1349 1362//1362
f 1362//1362 1349//1349 1350//1350
f 1362//1362 1350//1350 1363//1363
f 1363//1363 1350//1350 1351//1351
f 1363//1363 1351//1351 1364//1364
f 1364//1364 1351//1351 1352//1352
f 1357//1357 1364//1364 1356//1356
f 1356//1356 1364//1364 1352//1352
f 1356//1356 1352//1352 1336//1336
f 1361//1361 1362//1362 1359//1359
f 1359//1359 1362//1362 1363//1363
f 1359//1359 1363//1363 1365//1365
f 1365//1365 1363//1363 1364//1364
f 1365//1365 1364//1364 1366//1366
f 1366//1366 1364//1364 1357//1357
f 1366//1366 1357//1357 1358//1358
f 1367//1367 1368//1368 1369//1369
f 1358//1358 1370//1370 1366//1366
f 1366//1366 1370//1370 1371//1371
f 1366//1366 1371//1371 1365//1365
f 1365//1365 1371//1371 1367//1367
f 1365//1365 1367//1367 1359//1359
f 1359//1359 1367//1367 1369//1369
f 1359//1359 1369//1369 1360//1360
f 1328//1328 1368//1368 1335//1335
f 1335//1335 1368//1368 1367//1367
f 1335//1335 1367//1367 1334//1334
f 1334//1334 1367//1367 1371//1371
f 1334//1334 1371//1371 1333//1333
f 1333//1333 1371//1371 1370//1370
f 1333//1333 1370//1370 1331//1331
f 1331//1331 1370//1370 1358//1358
f 1372//1372 1373//1373 1374//1374
f 1337//1337 1375//1375 1338//1338
f 1338//1338 1375//1375 1300//1300
f 1338//1338 1300//1300 1301//1301
f 1376//1376 1347//1347 1348//1348
f 1347//1347 1376//1376 1346//1346
f 1346//1346 1376//1376 1377//1377
f 1346//1346 1377//1377 1345//1345
f 1345//1345 1377//1377 1378//1378
f 1345//1345 1378//1378 1344//1344
f 1344//1344 1378//1378 1379//1379
f 1344//1344 1379//1379 1343//1343
f 1343//1343 1379//1379 1380//1380
f 1343//1343 1380//1380 1342//1342
f 1342//1342 1380//1380 1381//1381
f 1342//1342 1381//1381 1341//1341
f 1341//1341 1381//1381 1382//1382
f 1341//1341 1382//1382 1340//1340
f 1340//1340 1382//1382 1383//1383
f 1340//1340 1383//1383 1339//1339
f 1360//1360 1376//1376 1361//1361
f 1361//1361 1376//1376 1348//1348
f 1361//1361 1348//1348 1349//1349
f 1310//1310 1300//1300 1384//1384
f 1384//1384 1300//1300 1375//1375
f 1384//1384 1375//1375 1385//1385
f 1385//1385 1375//1375 1337//1337
f 1385//1385 1337//1337 1339//1339
f 1386//1386 1383//1383 1387//1387
f 1387//1387 1383//1383 1382//1382
f 1387//1387 1382//1382 1388//1388
f 1388//1388 1382//1382 1381//1381
f 1388//1388 1381//1381 1389//1389
f 1389//1389 1381//1381 1380//1380
f 1389//1389 1380//1380 1390//1390
f 1390//1390 1380//1380 1379//1379
f 1390//1390 1379//1379 1391//1391
f 1391//1391 1379//1379 1378//1378
f 1391//1391 1378//1378 1392//1392
f 1392//1392 1378//1378 1377//1377
f 1392//1392 1377//1377 1393//1393
f 1393//1393 1377//1377 1376//1376
f 1393//1393 1376//1376 1394//1394
f 1394//1394 1376//1376 1360//1360
f 1394//1394 1360//1360 1369//1369
f 1373//1373 1386//1386 1374//1374
f 1374//1374 1386//1386 1387//1387
f 1374//1374 1387//1387 1395//1395
f 1395//1395 1387//1387 1388//1388
f 1395//1395 1388//1388 1396//1396
f 1396//1396 1388//1388 1389//1389
f 1396//1396 1389//1389 1397//1397
f 1397//1397 1389//1389 1390//1390
f 1397//1397 1390//1390 1398//1398
f 1398//1398 1390//1390 1391//1391
f 1398//1398 1391//1391 1399//1399
f 1399//1399 1391//1391 1392//1392
f 1399//1399 1392//1392 1400//1400
f 1400//1400 1392//1392 1393//1393
f 1400//1400 1393//1393 1401//1401
f 1401//1401 1393//1393 1394//1394
f 1401//1401 1394//1394 1402//1402
f 1402//1402 1394//1394 1369//1369
f 1402//1402 1369//1369 1368//1368
f 1372//1372 1374//1374 1403//1403
f 1403//1403 1374//1374 1395//1395
f 1403//1403 1395//1395 1404//1404
f 1404//1404 1395//1395 1396//1396
f 1404//1404 1396//1396 1405//1405
f 1405//1405 1396//1396 1397//1397
f 1405//1405 1397//1397 1406//1406
f 1406//1406 1397//1397 1398//1398
f 1406//1406 1398//1398 1407//1407
f 1407//1407 1398//1398 1399//1399
f 1407//1407 1399//1399 1408//1408
f 1408//1408 1399//1399 1400//1400
f 1408//1408 1400//1400 1409//1409
f 1409//1409 1400//1400 1401//1401
f 1409//1409 1401//1401 1410//1410
f 1410//1410 1401//1401 1402//1402
f 1410//1410 1402//1402 1411//1411
f 1411//1411 1402//1402 1368//1368
f 1411//1411 1368//1368 1328//1328
f 1328//1328 1329//1329 1411//1411
f 1411//1411 1329//1329 1330//1330
f 1411//1411 1330//1330 1410//1410
f 1410//1410 1330//1330 1327//1327
f 1410//1410 1327//1327 1409//1409
f 1409//1409 1327//1327 1326//1326
f 1409//1409 1326//1326 1408//1408
f 1408//1408 1326//1326 1325//1325
f 1408//1408 1325//1325 1407//1407
f 1407//1407 1325//1325 1324//1324
f 1407//1407 1324//1324 1406//1406
f 1406//1406 1324//1324 1323//1323
f 1406//1406 1323//1323 1405//1405
f 1405//1405 1323//1323 1322//1322
f 1405//1405 1322//1322 1404//1404
f 1404//1404 1322//1322 1321//1321
f 1404//1404 1321//1321 1403//1403
f 1403//1403 1321//1321 1320//1320
f 1403//1403 1320//1320 1372//1372
f 1372//1372 1320//1320 1319//1319
f 1372//1372 1319//1319 1318//1318
f 1339//1339 1383//1383 1385//1385
f 1385//1385 1383//1383 1386//1386
f 1385//1385 1386//1386 1384//1384
f 1384//1384 1386//1386 1373//1373
f 1384//1384 1373//1373 1310//1310
f 1310//1310 1373//1373 1372//1372
f 1310//1310 1372//1372 1311//1311
f 1311//1311 1372//1372 1318//1318
f 1311//1311 1318//1318 1295//1295
f 1412//1412 1413//1413 1414//1414
f 1415//1415 1416//1416 1417//1417
f 1417//1417 1416//1416 1418//1418
f 1419//1419 1418//1418 1420//1420
f 1420//1420 1418//1418 1421//1421
f 1420//1420 1421//1421 1422//1422
f 1422//1422 1421//1421 1423//1423
f 1424//1424 1425//1425 1426//1426
f 1426//1426 1425//1425 1427//1427
f 1418//1418 1416//1416 1421//1421
f 1421//1421 1416//1416 1428//1428
f 1421//1421 1428//1428 1429//1429
f 1427//1427 1430//1430 1426//1426
f 1426//1426 1430//1430 1423//1423
f 1426//1426 1423//1423 1431//1431
f 1431//1431 1423//1423 1421//1421
f 1431//1431 1421//1421 1432//1432
f 1432//1432 1421//1421 1429//1429
f 1433//1433 1429//1429 1434//1434
f 1434//1434 1429//1429 1428//1428
f 1434//1434 1428//1428 1435//1435
f 1435//1435 1428//1428 1416//1416
f 1435//1435 1416//1416 1414//1414
f 1414//1414 1416//1416 1415//1415
f 1414//1414 1415//1415 1412//1412
f 1436//1436 1437//1437 1438//1438
f 1438//1438 1437//1437 1439//1439
f 1440//1440 1441//1441 1442//1442
f 1443//1443 1444//1444 1442//1442
f 1445//1445 1446//1446 1447//1447
f 1447//1447 1446//1446 1440//1440
f 1447//1447 1440//1440 1448//1448
f 1448//1448 1440//1440 1449//1449
f 1450//1450 1451//1451 1452//1452
f 1452//1452 1451//1451 1453//1453
f 1452//1452 1453//1453 1449//1449
f 1443//1443 1442//1442 1454//1454
f 1454//1454 1442//1442 1441//1441
f 1454//1454 1441//1441 1455//1455
f 1449//1449 1440//1440 1452//1452
f 1452//1452 1440//1440 1442//1442
f 1452//1452 1442//1442 1450//1450
f 1450//1450 1442//1442 1444//1444
f 1450//1450 1444//1444 1456//1456
f 1456//1456 1444//1444 1443//1443
f 1456//1456 1443//1443 1457//1457
f 1458//1458 1459//1459 1460//1460
f 1460//1460 1461//1461 1458//1458
f 1458//1458 1461//1461 1455//1455
f 1458//1458 1455//1455 1462//1462
f 1463//1463 1464//1464 1446//1446
f 1446//1446 1464//1464 1465//1465
f 1446//1446 1465//1465 1440//1440
f 1440//1440 1465//1465 1462//1462
f 1440//1440 1462//1462 1441//1441
f 1441//1441 1462//1462 1455//1455
f 1466//1466 1467//1467 1468//1468
f 1468//1468 1467//1467 1469//1469
f 1468//1468 1469//1469 1470//1470
f 1470//1470 1469//1469 1471//1471
f 1470//1470 1471//1471 1472//1472
f 1472//1472 1471//1471 1473//1473
f 1472//1472 1473//1473 1474//1474
f 1460//1460 1459//1459 1475//1475
f 1468//1468 1461//1461 1460//1460
f 1460//1460 1475//1475 1468//1468
f 1468//1468 1475//1475 1476//1476
f 1468//1468 1476//1476 1466//1466
f 1455//1455 1461//1461 1454//1454
f 1454//1454 1461//1461 1468//1468
f 1454//1454 1468//1468 1443//1443
f 1443//1443 1468//1468 1470//1470
f 1443//1443 1470//1470 1457//1457
f 1477//1477 1478//1478 1479//1479
f 1479//1479 1478//1478 1480//1480
f 1479//1479 1480//1480 1470//1470
f 1470//1470 1480//1480 1481//1481
f 1470//1470 1481//1481 1457//1457
f 1482//1482 1483//1483 1477//1477
f 1483//1483 1484//1484 1477//1477
f 1477//1477 1484//1484 1485//1485
f 1477//1477 1485//1485 1478//1478
f 1477//1477 1486//1486 1487//1487
f 1482//1482 1477//1477 1488//1488
f 1488//1488 1477//1477 1487//1487
f 1488//1488 1487//1487 1489//1489
f 1486//1486 1477//1477 1490//1490
f 1490//1490 1477//1477 1479//1479
f 1490//1490 1479//1479 1491//1491
f 1472//1472 1492//1492 1470//1470
f 1470//1470 1492//1492 1493//1493
f 1470//1470 1493//1493 1479//1479
f 1479//1479 1493//1493 1494//1494
f 1479//1479 1494//1494 1491//1491
f 1481//1481 1480//1480 1495//1495
f 1457//1457 1481//1481 1496//1496
f 1496//1496 1497//1497 1457//1457
f 1457//1457 1497//1497 1498//1498
f 1457//1457 1498//1498 1456//1456
f 1451//1451 1450//1450 1499//1499
f 1499//1499 1450//1450 1456//1456
f 1499//1499 1456//1456 1500//1500
f 1500//1500 1456//1456 1498//1498
f 1481//1481 1495//1495 1496//1496
f 1496//1496 1495//1495 1501//1501
f 1496//1496 1501//1501 1502//1502
f 1502//1502 1501//1501 1503//1503
f 1503//1503 1501//1501 1504//1504
f 1503//1503 1504//1504 1505//1505
f 1505//1505 1504//1504 1506//1506
f 1505//1505 1506//1506 1507//1507
f 1507//1507 1506//1506 1508//1508
f 1507//1507 1508//1508 1509//1509
f 1509//1509 1508//1508 1510//1510
f 1509//1509 1510//1510 1511//1511
f 1511//1511 1510//1510 1512//1512
f 1512//1512 1510//1510 1513//1513
f 1512//1512 1513//1513 1514//1514
f 1513//1513 1515//1515 1514//1514
f 1514//1514 1515//1515 1516//1516
f 1514//1514 1516//1516 1517//1517
f 1516//1516 1413//1413 1517//1517
f 1517//1517 1413//1413 1412//1412
f 1517//1517 1412//1412 1518//1518
f 1518//1518 1412//1412 1415//1415
f 1518//1518 1415//1415 1519//1519
f 1419//1419 1520//1520 1418//1418
f 1418//1418 1520//1520 1519//1519
f 1418//1418 1519//1519 1417//1417
f 1417//1417 1519//1519 1415//1415
f 1521//1521 1515//1515 1513//1513
f 1483//1483 1482//1482 1522//1522
f 1523//1523 1524//1524 1525//1525
f 1524//1524 1526//1526 1525//1525
f 1525//1525 1526//1526 1527//1527
f 1525//1525 1527//1527 1528//1528
f 1529//1529 1485//1485 1484//1484
f 1484//1484 1483//1483 1529//1529
f 1529//1529 1483//1483 1522//1522
f 1529//1529 1522//1522 1530//1530
f 1530//1530 1522//1522 1531//1531
f 1530//1530 1531//1531 1532//1532
f 1532//1532 1531//1531 1533//1533
f 1532//1532 1533//1533 1534//1534
f 1480//1480 1478//1478 1495//1495
f 1495//1495 1478//1478 1485//1485
f 1495//1495 1485//1485 1501//1501
f 1501//1501 1485//1485 1529//1529
f 1501//1501 1529//1529 1504//1504
f 1504//1504 1529//1529 1530//1530
f 1504//1504 1530//1530 1506//1506
f 1506//1506 1530//1530 1532//1532
f 1506//1506 1532//1532 1508//1508
f 1508//1508 1532//1532 1534//1534
f 1508//1508 1534//1534 1510//1510
f 1533//1533 1523//1523 1534//1534
f 1534//1534 1523//1523 1525//1525
f 1534//1534 1525//1525 1510//1510
f 1510//1510 1525//1525 1528//1528
f 1510//1510 1528//1528 1513//1513
f 1513//1513 1528//1528 1535//1535
f 1513//1513 1535//1535 1521//1521
f 1522//1522 1482//1482 1488//1488
f 1531//1531 1522//1522 1536//1536
f 1536//1536 1522//1522 1488//1488
f 1536//1536 1488//1488 1489//1489
f 1523//1523 1537//1537 1538//1538
f 1538//1538 1539//1539 1540//1540
f 1523//1523 1538//1538 1524//1524
f 1524//1524 1538//1538 1540//1540
f 1524//1524 1540//1540 1526//1526
f 1536//1536 1541//1541 1531//1531
f 1531//1531 1541//1541 1542//1542
f 1531//1531 1542//1542 1533//1533
f 1533//1533 1542//1542 1543//1543
f 1533//1533 1543//1543 1523//1523
f 1523//1523 1543//1543 1544//1544
f 1523//1523 1544//1544 1537//1537
f 1545//1545 1546//1546 1547//1547
f 1547//1547 1546//1546 1539//1539
f 1547//1547 1539//1539 1548//1548
f 1548//1548 1539//1539 1549//1549
f 1539//1539 1538//1538 1549//1549
f 1549//1549 1538//1538 1537//1537
f 1549//1549 1537//1537 1550//1550
f 1550//1550 1537//1537 1544//1544
f 1550//1550 1544//1544 1551//1551
f 1551//1551 1544//1544 1543//1543
f 1551//1551 1543//1543 1552//1552
f 1552//1552 1543//1543 1542//1542
f 1552//1552 1542//1542 1553//1553
f 1553//1553 1542//1542 1554//1554
f 1542//1542 1541//1541 1554//1554
f 1554//1554 1541//1541 1536//1536
f 1554//1554 1536//1536 1555//1555
f 1555//1555 1536//1536 1489//1489
f 1555//1555 1489//1489 1556//1556
f 1556//1556 1489//1489 1487//1487
f 1556//1556 1487//1487 1486//1486
f 1557//1557 1558//1558 1559//1559
f 1560//1560 1561//1561 1562//1562
f 1563//1563 1564//1564 1565//1565
f 1566//1566 1567//1567 1568//1568
f 1569//1569 1570//1570 1571//1571
f 816//816 815//815 1572//1572
f 1572//1572 815//815 814//814
f 1572//1572 814//814 822//822
f 809//809 1573//1573 811//811
f 811//811 1573//1573 1568//1568
f 811//811 1568//1568 813//813
f 813//813 1568//1568 1567//1567
f 813//813 1567//1567 793//793
f 1574//1574 1575//1575 1576//1576
f 1576//1576 1575//1575 1577//1577
f 1576//1576 1577//1577 1578//1578
f 1577//1577 1579//1579 1578//1578
f 1578//1578 1579//1579 1580//1580
f 1578//1578 1580//1580 1571//1571
f 1571//1571 1580//1580 1581//1581
f 1571//1571 1581//1581 1569//1569
f 1582//1582 1583//1583 1584//1584
f 1584//1584 1585//1585 1582//1582
f 1582//1582 1585//1585 1586//1586
f 1582//1582 1586//1586 1576//1576
f 1576//1576 1586//1586 1587//1587
f 1576//1576 1587//1587 1574//1574
f 1588//1588 1589//1589 1590//1590
f 1590//1590 1589//1589 1591//1591
f 1590//1590 1591//1591 1592//1592
f 1592//1592 1591//1591 1593//1593
f 1592//1592 1593//1593 1594//1594
f 1594//1594 1595//1595 1592//1592
f 1592//1592 1595//1595 1596//1596
f 1592//1592 1596//1596 1597//1597
f 1597//1597 1598//1598 1592//1592
f 1592//1592 1598//1598 1599//1599
f 1592//1592 1599//1599 1583//1583
f 1583//1583 1599//1599 1600//1600
f 1583//1583 1600//1600 1584//1584
f 1601//1601 1602//1602 1603//1603
f 1603//1603 1602//1602 1604//1604
f 1603//1603 1604//1604 1592//1592
f 1592//1592 1604//1604 1605//1605
f 1592//1592 1605//1605 1590//1590
f 1606//1606 1607//1607 1608//1608
f 1608//1608 1607//1607 1609//1609
f 1608//1608 1609//1609 1610//1610
f 1610//1610 1609//1609 1611//1611
f 1610//1610 1611//1611 1612//1612
f 1612//1612 1611//1611 1613//1613
f 1612//1612 1613//1613 1614//1614
f 1614//1614 1613//1613 1615//1615
f 1614//1614 1615//1615 1616//1616
f 1616//1616 1615//1615 1617//1617
f 1616//1616 1617//1617 1618//1618
f 1618//1618 1617//1617 1601//1601
f 1618//1618 1601//1601 1619//1619
f 1619//1619 1601//1601 1603//1603
f 1620//1620 1621//1621 1622//1622
f 1622//1622 1621//1621 1623//1623
f 1624//1624 1625//1625 1620//1620
f 1620//1620 1625//1625 1626//1626
f 1620//1620 1626//1626 1621//1621
f 1620//1620 1627//1627 1624//1624
f 1624//1624 1627//1627 1628//1628
f 1624//1624 1628//1628 1629//1629
f 1629//1629 1630//1630 1631//1631
f 1631//1631 1630//1630 1632//1632
f 1631//1631 1632//1632 1633//1633
f 1633//1633 1632//1632 1634//1634
f 1634//1634 1632//1632 1635//1635
f 1634//1634 1635//1635 1636//1636
f 1637//1637 1572//1572 1638//1638
f 1638//1638 1572//1572 822//822
f 1638//1638 822//822 823//823
f 1639//1639 1566//1566 1640//1640
f 1640//1640 1566//1566 1568//1568
f 1640//1640 1568//1568 1641//1641
f 1641//1641 1568//1568 1573//1573
f 1641//1641 1573//1573 1642//1642
f 809//809 807//807 1573//1573
f 1573//1573 807//807 816//816
f 1573//1573 816//816 1642//1642
f 1642//1642 816//816 1572//1572
f 1642//1642 1572//1572 1643//1643
f 1643//1643 1572//1572 1637//1637
f 1643//1643 1637//1637 1636//1636
f 1644//1644 1645//1645 1646//1646
f 1646//1646 1645//1645 1647//1647
f 1646//1646 1647//1647 1648//1648
f 1648//1648 1647//1647 1649//1649
f 1648//1648 1649//1649 1650//1650
f 1650//1650 1649//1649 1651//1651
f 1650//1650 1651//1651 1652//1652
f 1652//1652 1651//1651 1653//1653
f 1652//1652 1653//1653 1654//1654
f 1655//1655 1644//1644 1656//1656
f 1656//1656 1644//1644 1646//1646
f 1656//1656 1646//1646 1657//1657
f 1657//1657 1646//1646 1648//1648
f 1657//1657 1648//1648 1658//1658
f 1658//1658 1648//1648 1650//1650
f 1658//1658 1650//1650 1659//1659
f 1659//1659 1650//1650 1652//1652
f 1659//1659 1652//1652 1660//1660
f 1660//1660 1652//1652 1654//1654
f 1660//1660 1654//1654 1661//1661
f 1662//1662 1564//1564 1663//1663
f 1663//1663 1564//1564 1563//1563
f 1663//1663 1563//1563 1664//1664
f 1645//1645 1665//1665 1647//1647
f 1647//1647 1665//1665 1666//1666
f 1647//1647 1666//1666 1649//1649
f 1649//1649 1666//1666 1667//1667
f 1649//1649 1667//1667 1651//1651
f 1651//1651 1667//1667 1668//1668
f 1651//1651 1668//1668 1653//1653
f 1669//1669 1670//1670 1671//1671
f 1671//1671 1670//1670 1672//1672
f 1671//1671 1672//1672 1673//1673
f 1673//1673 1672//1672 1674//1674
f 1673//1673 1674//1674 1675//1675
f 1675//1675 1674//1674 1676//1676
f 1675//1675 1676//1676 1677//1677
f 1677//1677 1676//1676 1678//1678
f 1679//1679 1669//1669 1680//1680
f 1680//1680 1669//1669 1671//1671
f 1680//1680 1671//1671 1681//1681
f 1681//1681 1671//1671 1673//1673
f 1681//1681 1673//1673 1682//1682
f 1682//1682 1673//1673 1675//1675
f 1682//1682 1675//1675 1683//1683
f 1683//1683 1675//1675 1677//1677
f 1630//1630 1679//1679 1632//1632
f 1632//1632 1679//1679 1680//1680
f 1632//1632 1680//1680 1635//1635
f 1635//1635 1680//1680 1681//1681
f 1635//1635 1681//1681 1684//1684
f 1684//1684 1681//1681 1682//1682
f 1684//1684 1682//1682 1685//1685
f 1685//1685 1682//1682 1683//1683
f 1686//1686 1662//1662 1687//1687
f 1687//1687 1662//1662 1663//1663
f 1687//1687 1663//1663 1688//1688
f 1688//1688 1663//1663 1664//1664
f 1688//1688 1664//1664 1689//1689
f 1689//1689 1664//1664 1668//1668
f 1622//1622 1690//1690 1620//1620
f 1620//1620 1690//1690 1691//1691
f 1620//1620 1691//1691 1627//1627
f 1627//1627 1691//1691 1692//1692
f 1627//1627 1692//1692 1628//1628
f 1628//1628 1692//1692 1693//1693
f 1694//1694 1695//1695 1696//1696
f 1696//1696 1695//1695 1697//1697
f 1689//1689 1693//1693 1688//1688
f 1688//1688 1693//1693 1692//1692
f 1688//1688 1692//1692 1687//1687
f 1687//1687 1692//1692 1691//1691
f 1687//1687 1691//1691 1686//1686
f 1686//1686 1691//1691 1690//1690
f 1686//1686 1690//1690 1696//1696
f 1696//1696 1690//1690 1622//1622
f 1696//1696 1622//1622 1694//1694
f 1694//1694 1622//1622 1623//1623
f 1694//1694 1623//1623 1695//1695
f 1698//1698 1565//1565 1699//1699
f 1699//1699 1565//1565 1564//1564
f 1699//1699 1564//1564 1700//1700
f 1700//1700 1564//1564 1662//1662
f 1700//1700 1662//1662 1701//1701
f 1701//1701 1662//1662 1686//1686
f 1701//1701 1686//1686 1702//1702
f 1702//1702 1686//1686 1696//1696
f 1702//1702 1696//1696 1703//1703
f 1703//1703 1696//1696 1697//1697
f 1619//1619 1704//1704 1618//1618
f 1618//1618 1704//1704 1705//1705
f 1618//1618 1705//1705 1616//1616
f 1616//1616 1705//1705 1706//1706
f 1616//1616 1706//1706 1614//1614
f 1614//1614 1706//1706 1707//1707
f 1614//1614 1707//1707 1612//1612
f 1612//1612 1707//1707 1708//1708
f 1612//1612 1708//1708 1610//1610
f 1610//1610 1708//1708 1709//1709
f 1610//1610 1709//1709 1608//1608
f 1608//1608 1709//1709 1710//1710
f 1608//1608 1710//1710 1606//1606
f 1711//1711 1712//1712 1713//1713
f 1713//1713 1712//1712 1714//1714
f 1713//1713 1714//1714 1715//1715
f 1715//1715 1714//1714 1716//1716
f 1715//1715 1716//1716 1717//1717
f 1717//1717 1716//1716 1718//1718
f 1717//1717 1718//1718 1719//1719
f 1719//1719 1718//1718 1720//1720
f 1719//1719 1720//1720 1721//1721
f 1722//1722 1723//1723 1724//1724
f 1619//1619 1711//1711 1704//1704
f 1704//1704 1711//1711 1713//1713
f 1704//1704 1713//1713 1705//1705
f 1705//1705 1713//1713 1715//1715
f 1705//1705 1715//1715 1706//1706
f 1706//1706 1715//1715 1717//1717
f 1706//1706 1717//1717 1707//1707
f 1707//1707 1717//1717 1719//1719
f 1707//1707 1719//1719 1708//1708
f 1708//1708 1719//1719 1721//1721
f 1708//1708 1721//1721 1709//1709
f 1709//1709 1721//1721 1725//1725
f 1709//1709 1725//1725 1710//1710
f 1661//1661 1726//1726 1660//1660
f 1660//1660 1726//1726 1727//1727
f 1660//1660 1727//1727 1659//1659
f 1659//1659 1727//1727 1728//1728
f 1659//1659 1728//1728 1658//1658
f 1658//1658 1728//1728 1729//1729
f 1658//1658 1729//1729 1657//1657
f 1657//1657 1729//1729 1730//1730
f 1657//1657 1730//1730 1656//1656
f 1656//1656 1730//1730 1731//1731
f 1656//1656 1731//1731 1655//1655
f 1655//1655 1731//1731 1732//1732
f 1655//1655 1732//1732 1644//1644
f 1644//1644 1732//1732 1733//1733
f 1644//1644 1733//1733 1645//1645
f 1645//1645 1733//1733 1734//1734
f 1645//1645 1734//1734 1665//1665
f 1639//1639 1640//1640 1735//1735
f 1735//1735 1640//1640 1736//1736
f 1735//1735 1736//1736 1562//1562
f 1562//1562 1736//1736 1737//1737
f 1562//1562 1737//1737 1560//1560
f 1558//1558 1738//1738 1559//1559
f 1559//1559 1738//1738 1739//1739
f 1559//1559 1739//1739 1678//1678
f 1678//1678 1739//1739 1740//1740
f 1678//1678 1740//1740 1677//1677
f 1677//1677 1740//1740 1741//1741
f 1677//1677 1741//1741 1683//1683
f 1683//1683 1741//1741 1742//1742
f 1683//1683 1742//1742 1685//1685
f 1743//1743 1744//1744 1745//1745
f 1745//1745 1744//1744 1746//1746
f 1745//1745 1746//1746 1747//1747
f 1747//1747 1746//1746 1748//1748
f 1747//1747 1748//1748 1749//1749
f 1749//1749 1748//1748 1750//1750
f 1749//1749 1750//1750 1560//1560
f 1560//1560 1750//1750 1751//1751
f 1560//1560 1751//1751 1561//1561
f 1561//1561 1751//1751 1752//1752
f 1636//1636 1635//1635 1643//1643
f 1643//1643 1635//1635 1684//1684
f 1643//1643 1684//1684 1642//1642
f 1642//1642 1684//1684 1685//1685
f 1642//1642 1685//1685 1641//1641
f 1641//1641 1685//1685 1742//1742
f 1641//1641 1742//1742 1640//1640
f 1640//1640 1742//1742 1741//1741
f 1640//1640 1741//1741 1736//1736
f 1736//1736 1741//1741 1740//1740
f 1736//1736 1740//1740 1737//1737
f 1737//1737 1740//1740 1739//1739
f 1737//1737 1739//1739 1560//1560
f 1560//1560 1739//1739 1738//1738
f 1560//1560 1738//1738 1749//1749
f 1749//1749 1738//1738 1558//1558
f 1749//1749 1558//1558 1747//1747
f 1747//1747 1558//1558 1557//1557
f 1747//1747 1557//1557 1745//1745
f 1576//1576 1752//1752 1582//1582
f 1582//1582 1752//1752 1751//1751
f 1582//1582 1751//1751 1583//1583
f 1583//1583 1751//1751 1750//1750
f 1583//1583 1750//1750 1592//1592
f 1592//1592 1750//1750 1748//1748
f 1592//1592 1748//1748 1603//1603
f 1603//1603 1748//1748 1746//1746
f 1603//1603 1746//1746 1619//1619
f 1619//1619 1746//1746 1744//1744
f 1619//1619 1744//1744 1711//1711
f 1711//1711 1744//1744 1743//1743
f 1711//1711 1743//1743 1712//1712
f 1702//1702 1753//1753 1701//1701
f 1701//1701 1753//1753 1754//1754
f 1701//1701 1754//1754 1700//1700
f 1700//1700 1754//1754 1755//1755
f 1700//1700 1755//1755 1699//1699
f 1699//1699 1755//1755 1756//1756
f 1699//1699 1756//1756 1698//1698
f 1698//1698 1756//1756 1757//1757
f 1698//1698 1757//1757 1758//1758
f 1668//1668 1664//1664 1653//1653
f 1653//1653 1664//1664 1563//1563
f 1653//1653 1563//1563 1654//1654
f 1654//1654 1563//1563 1565//1565
f 1654//1654 1565//1565 1661//1661
f 1661//1661 1565//1565 1698//1698
f 1661//1661 1698//1698 1722//1722
f 1722//1722 1698//1698 1758//1758
f 1722//1722 1758//1758 1723//1723
f 1629//1629 1628//1628 1630//1630
f 1630//1630 1628//1628 1693//1693
f 1630//1630 1693//1693 1679//1679
f 1679//1679 1693//1693 1689//1689
f 1679//1679 1689//1689 1669//1669
f 1669//1669 1689//1689 1668//1668
f 1669//1669 1668//1668 1670//1670
f 1670//1670 1668//1668 1667//1667
f 1670//1670 1667//1667 1672//1672
f 1672//1672 1667//1667 1666//1666
f 1672//1672 1666//1666 1674//1674
f 1674//1674 1666//1666 1665//1665
f 1674//1674 1665//1665 1676//1676
f 1676//1676 1665//1665 1734//1734
f 1676//1676 1734//1734 1678//1678
f 1678//1678 1734//1734 1733//1733
f 1678//1678 1733//1733 1559//1559
f 1559//1559 1733//1733 1732//1732
f 1559//1559 1732//1732 1557//1557
f 1557//1557 1732//1732 1731//1731
f 1557//1557 1731//1731 1745//1745
f 1745//1745 1731//1731 1730//1730
f 1745//1745 1730//1730 1743//1743
f 1743//1743 1730//1730 1729//1729
f 1743//1743 1729//1729 1712//1712
f 1712//1712 1729//1729 1728//1728
f 1712//1712 1728//1728 1714//1714
f 1714//1714 1728//1728 1727//1727
f 1714//1714 1727//1727 1716//1716
f 1716//1716 1727//1727 1726//1726
f 1716//1716 1726//1726 1718//1718
f 1718//1718 1726//1726 1661//1661
f 1718//1718 1661//1661 1720//1720
f 1720//1720 1661//1661 1722//1722
f 1720//1720 1722//1722 1721//1721
f 1721//1721 1722//1722 1724//1724
f 1721//1721 1724//1724 1725//1725
f 1759//1759 1472//1472 1760//1760
f 1760//1760 1472//1472 1474//1474
f 1761//1761 1762//1762 1763//1763
f 1761//1761 1763//1763 1764//1764
f 1426//1426 1765//1765 1424//1424
f 1424//1424 1765//1765 1766//1766
f 1424//1424 1766//1766 1767//1767
f 1426//1426 1431//1431 1765//1765
f 1765//1765 1431//1431 1432//1432
f 1765//1765 1432//1432 1768//1768
f 1768//1768 1432//1432 1429//1429
f 1768//1768 1429//1429 1763//1763
f 1763//1763 1429//1429 1433//1433
f 1763//1763 1433//1433 1764//1764
f 1769//1769 1437//1437 1770//1770
f 1437//1437 1436//1436 1771//1771
f 1769//1769 1770//1770 1772//1772
f 1773//1773 1774//1774 1545//1545
f 1545//1545 1774//1774 1775//1775
f 1545//1545 1775//1775 1546//1546
f 1773//1773 1776//1776 1774//1774
f 1774//1774 1776//1776 1777//1777
f 1774//1774 1777//1777 1772//1772
f 1540//1540 1539//1539 1546//1546
f 1546//1546 1775//1775 1540//1540
f 1540//1540 1775//1775 1527//1527
f 1540//1540 1527//1527 1526//1526
f 1515//1515 1521//1521 1774//1774
f 1774//1774 1521//1521 1535//1535
f 1774//1774 1535//1535 1775//1775
f 1775//1775 1535//1535 1528//1528
f 1775//1775 1528//1528 1527//1527
f 1772//1772 1770//1770 1774//1774
f 1774//1774 1770//1770 1516//1516
f 1774//1774 1516//1516 1515//1515
f 1434//1434 1435//1435 1778//1778
f 1778//1778 1435//1435 1414//1414
f 1778//1778 1414//1414 1770//1770
f 1770//1770 1414//1414 1413//1413
f 1770//1770 1413//1413 1516//1516
f 1437//1437 1771//1771 1770//1770
f 1770//1770 1771//1771 1779//1779
f 1770//1770 1779//1779 1778//1778
f 1778//1778 1779//1779 1780//1780
f 1778//1778 1780//1780 1781//1781
f 1781//1781 1782//1782 1778//1778
f 1778//1778 1782//1782 1783//1783
f 1778//1778 1783//1783 1762//1762
f 1433//1433 1434//1434 1764//1764
f 1764//1764 1434//1434 1778//1778
f 1764//1764 1778//1778 1761//1761
f 1761//1761 1778//1778 1762//1762
f 1784//1784 1785//1785 1786//1786
f 1786//1786 1785//1785 1570//1570
f 1786//1786 1570//1570 1787//1787
f 1787//1787 1570//1570 1569//1569
f 1787//1787 1569//1569 1788//1788
f 1575//1575 1464//1464 1577//1577
f 1577//1577 1464//1464 1463//1463
f 1577//1577 1463//1463 1579//1579
f 1579//1579 1463//1463 1789//1789
f 1579//1579 1789//1789 1580//1580
f 1580//1580 1789//1789 1788//1788
f 1580//1580 1788//1788 1581//1581
f 1581//1581 1788//1788 1569//1569
f 1586//1586 1465//1465 1587//1587
f 1587//1587 1465//1465 1464//1464
f 1587//1587 1464//1464 1574//1574
f 1574//1574 1464//1464 1575//1575
f 1584//1584 1462//1462 1585//1585
f 1585//1585 1462//1462 1465//1465
f 1585//1585 1465//1465 1586//1586
f 1591//1591 1473//1473 1593//1593
f 1593//1593 1473//1473 1471//1471
f 1593//1593 1471//1471 1594//1594
f 1594//1594 1471//1471 1469//1469
f 1594//1594 1469//1469 1595//1595
f 1595//1595 1469//1469 1467//1467
f 1595//1595 1467//1467 1596//1596
f 1467//1467 1466//1466 1596//1596
f 1596//1596 1466//1466 1476//1476
f 1596//1596 1476//1476 1597//1597
f 1597//1597 1476//1476 1475//1475
f 1597//1597 1475//1475 1598//1598
f 1598//1598 1475//1475 1459//1459
f 1598//1598 1459//1459 1599//1599
f 1599//1599 1459//1459 1458//1458
f 1599//1599 1458//1458 1600//1600
f 1600//1600 1458//1458 1462//1462
f 1600//1600 1462//1462 1584//1584
f 1790//1790 1791//1791 1792//1792
f 1793//1793 1794//1794 1795//1795
f 1795//1795 1794//1794 1796//1796
f 1797//1797 1798//1798 1790//1790
f 1798//1798 1797//1797 1799//1799
f 1799//1799 1797//1797 1800//1800
f 1799//1799 1800//1800 1801//1801
f 1801//1801 1800//1800 1802//1802
f 1801//1801 1802//1802 1803//1803
f 1803//1803 1802//1802 1804//1804
f 1803//1803 1804//1804 1805//1805
f 1805//1805 1804//1804 1806//1806
f 1805//1805 1806//1806 1807//1807
f 1807//1807 1806//1806 1808//1808
f 1807//1807 1808//1808 1809//1809
f 1809//1809 1808//1808 1810//1810
f 1809//1809 1810//1810 1811//1811
f 1811//1811 1810//1810 1812//1812
f 1811//1811 1812//1812 1606//1606
f 1813//1813 1814//1814 1797//1797
f 1797//1797 1814//1814 1815//1815
f 1797//1797 1815//1815 1800//1800
f 1800//1800 1815//1815 1816//1816
f 1800//1800 1816//1816 1802//1802
f 1802//1802 1816//1816 1817//1817
f 1802//1802 1817//1817 1804//1804
f 1804//1804 1817//1817 1818//1818
f 1804//1804 1818//1818 1806//1806
f 1806//1806 1818//1818 1819//1819
f 1806//1806 1819//1819 1808//1808
f 1808//1808 1819//1819 1820//1820
f 1808//1808 1820//1820 1810//1810
f 1810//1810 1820//1820 1821//1821
f 1810//1810 1821//1821 1812//1812
f 1790//1790 1792//1792 1797//1797
f 1797//1797 1792//1792 1822//1822
f 1797//1797 1822//1822 1813//1813
f 1823//1823 1822//1822 1824//1824
f 1824//1824 1822//1822 1792//1792
f 1824//1824 1792//1792 1793//1793
f 1793//1793 1792//1792 1791//1791
f 1793//1793 1791//1791 1794//1794
f 1825//1825 1826//1826 1795//1795
f 1827//1827 1771//1771 1828//1828
f 1828//1828 1771//1771 1436//1436
f 1828//1828 1436//1436 1796//1796
f 1796//1796 1436//1436 1829//1829
f 1796//1796 1829//1829 1795//1795
f 1795//1795 1829//1829 1439//1439
f 1795//1795 1439//1439 1825//1825
f 1830//1830 1491//1491 1494//1494
f 1472//1472 1759//1759 1492//1492
f 1492//1492 1759//1759 1830//1830
f 1492//1492 1830//1830 1493//1493
f 1493//1493 1830//1830 1494//1494
f 1830//1830 1831//1831 1491//1491
f 1491//1491 1831//1831 1832//1832
f 1491//1491 1832//1832 1833//1833
f 1556//1556 1486//1486 1834//1834
f 1834//1834 1486//1486 1490//1490
f 1834//1834 1490//1490 1835//1835
f 1835//1835 1490//1490 1491//1491
f 1835//1835 1491//1491 1836//1836
f 1836//1836 1491//1491 1833//1833
f 1773//1773 1545//1545 1547//1547
f 1837//1837 1838//1838 1776//1776
f 1547//1547 1839//1839 1773//1773
f 1773//1773 1839//1839 1840//1840
f 1773//1773 1840//1840 1776//1776
f 1776//1776 1840//1840 1841//1841
f 1776//1776 1841//1841 1837//1837
f 1838//1838 1826//1826 1776//1776
f 1776//1776 1826//1826 1825//1825
f 1776//1776 1825//1825 1777//1777
f 1777//1777 1825//1825 1772//1772
f 1439//1439 1437//1437 1825//1825
f 1825//1825 1437//1437 1769//1769
f 1825//1825 1769//1769 1772//1772
f 1842//1842 1843//1843 1550//1550
f 1550//1550 1843//1843 1844//1844
f 1550//1550 1844//1844 1549//1549
f 1549//1549 1844//1844 1839//1839
f 1549//1549 1839//1839 1548//1548
f 1548//1548 1839//1839 1547//1547
f 1550//1550 1551//1551 1842//1842
f 1842//1842 1551//1551 1552//1552
f 1842//1842 1552//1552 1845//1845
f 1845//1845 1552//1552 1553//1553
f 1845//1845 1553//1553 1846//1846
f 1846//1846 1553//1553 1554//1554
f 1846//1846 1554//1554 1834//1834
f 1834//1834 1554//1554 1555//1555
f 1834//1834 1555//1555 1556//1556
f 1473//1473 1591//1591 1474//1474
f 1474//1474 1591//1591 1589//1589
f 1474//1474 1589//1589 1847//1847
f 1847//1847 1589//1589 1588//1588
f 1847//1847 1588//1588 1759//1759
f 1759//1759 1588//1588 1848//1848
f 1759//1759 1848//1848 1830//1830
f 1830//1830 1848//1848 1831//1831
f 1849//1849 1765//1765 1850//1850
f 1850//1850 1765//1765 1768//1768
f 1850//1850 1768//1768 1851//1851
f 1852//1852 1851//1851 1768//1768
f 1771//1771 1827//1827 1779//1779
f 1779//1779 1827//1827 1853//1853
f 1779//1779 1853//1853 1780//1780
f 1780//1780 1853//1853 1854//1854
f 1780//1780 1854//1854 1781//1781
f 1781//1781 1854//1854 1855//1855
f 1781//1781 1855//1855 1782//1782
f 1782//1782 1855//1855 1856//1856
f 1782//1782 1856//1856 1783//1783
f 1783//1783 1856//1856 1857//1857
f 1783//1783 1857//1857 1762//1762
f 1762//1762 1857//1857 1858//1858
f 1762//1762 1858//1858 1763//1763
f 1763//1763 1858//1858 1859//1859
f 1763//1763 1859//1859 1768//1768
f 1768//1768 1859//1859 1860//1860
f 1768//1768 1860//1860 1852//1852
f 1861//1861 1862//1862 1863//1863
f 1863//1863 1862//1862 1864//1864
f 1863//1863 1864//1864 1865//1865
f 1861//1861 1866//1866 1862//1862
f 1862//1862 1866//1866 1867//1867
f 1862//1862 1867//1867 1868//1868
f 1868//1868 1867//1867 1869//1869
f 1868//1868 1869//1869 1870//1870
f 1865//1865 1864//1864 1871//1871
f 1871//1871 1864//1864 1872//1872
f 1871//1871 1872//1872 1873//1873
f 1873//1873 1872//1872 1767//1767
f 1873//1873 1767//1767 1874//1874
f 1874//1874 1767//1767 1766//1766
f 1874//1874 1766//1766 1875//1875
f 1875//1875 1766//1766 1765//1765
f 1875//1875 1765//1765 1849//1849
f 1876//1876 128//128 127//127
f 126//126 1868//1868 127//127
f 127//127 1868//1868 1870//1870
f 127//127 1870//1870 1876//1876
f 631//631 598//598 1877//1877
f 1878//1878 1879//1879 1880//1880
f 1881//1881 1882//1882 1883//1883
f 1884//1884 1885//1885 1886//1886
f 1876//1876 1887//1887 117//117
f 117//117 115//115 1876//1876
f 1876//1876 115//115 125//125
f 1876//1876 125//125 124//124
f 124//124 122//122 1876//1876
f 1876//1876 122//122 120//120
f 1876//1876 120//120 128//128
f 1876//1876 1870//1870 1887//1887
f 1887//1887 1870//1870 1869//1869
f 1887//1887 1869//1869 1867//1867
f 1888//1888 1889//1889 1890//1890
f 1890//1890 1889//1889 1891//1891
f 1890//1890 1891//1891 1892//1892
f 1180//1180 1893//1893 1894//1894
f 1894//1894 875//875 1176//1176
f 1176//1176 1183//1183 1894//1894
f 1894//1894 1183//1183 1182//1182
f 1894//1894 1182//1182 1180//1180
f 1895//1895 867//867 876//876
f 1896//1896 782//782 1895//1895
f 1895//1895 782//782 779//779
f 1895//1895 779//779 778//778
f 778//778 870//870 1895//1895
f 1895//1895 870//870 868//868
f 1895//1895 868//868 867//867
f 876//876 1897//1897 1895//1895
f 1895//1895 1897//1897 1886//1886
f 1895//1895 1886//1886 1896//1896
f 1896//1896 1886//1886 1885//1885
f 654//654 635//635 1881//1881
f 1881//1881 635//635 1898//1898
f 1881//1881 1898//1898 1882//1882
f 1899//1899 1900//1900 1893//1893
f 1893//1893 1900//1900 1897//1897
f 1893//1893 1897//1897 1894//1894
f 1894//1894 1897//1897 876//876
f 1894//1894 876//876 875//875
f 1899//1899 1883//1883 1900//1900
f 1900//1900 1883//1883 1882//1882
f 1900//1900 1882//1882 1897//1897
f 1897//1897 1882//1882 1901//1901
f 1897//1897 1901//1901 1886//1886
f 1886//1886 1901//1901 1902//1902
f 1886//1886 1902//1902 1884//1884
f 1200//1200 651//651 1903//1903
f 1903//1903 651//651 652//652
f 1903//1903 652//652 1904//1904
f 1904//1904 652//652 653//653
f 1904//1904 653//653 655//655
f 1180//1180 1178//1178 1893//1893
f 1893//1893 1178//1178 1200//1200
f 1893//1893 1200//1200 1899//1899
f 1899//1899 1200//1200 1903//1903
f 1899//1899 1903//1903 1883//1883
f 1883//1883 1903//1903 1904//1904
f 1883//1883 1904//1904 1881//1881
f 1881//1881 1904//1904 655//655
f 1881//1881 655//655 654//654
f 597//597 1905//1905 1906//1906
f 1906//1906 1905//1905 1888//1888
f 1906//1906 1888//1888 1907//1907
f 1907//1907 1888//1888 1890//1890
f 1907//1907 1890//1890 1908//1908
f 1908//1908 1890//1890 1892//1892
f 1908//1908 1892//1892 1909//1909
f 1909//1909 1878//1878 1910//1910
f 1909//1909 1910//1910 1908//1908
f 1908//1908 1910//1910 1911//1911
f 1908//1908 1911//1911 1907//1907
f 1907//1907 1911//1911 1877//1877
f 1907//1907 1877//1877 1906//1906
f 1906//1906 1877//1877 598//598
f 1906//1906 598//598 597//597
f 1898//1898 1912//1912 1882//1882
f 1882//1882 1912//1912 1913//1913
f 1882//1882 1913//1913 1901//1901
f 1901//1901 1913//1913 1914//1914
f 1901//1901 1914//1914 1902//1902
f 1902//1902 1914//1914 1915//1915
f 1902//1902 1915//1915 1916//1916
f 1916//1916 1915//1915 1917//1917
f 1916//1916 1917//1917 1918//1918
f 1918//1918 1917//1917 1919//1919
f 1918//1918 1919//1919 1920//1920
f 1920//1920 1919//1919 1921//1921
f 1920//1920 1921//1921 1922//1922
f 1923//1923 1924//1924 1922//1922
f 1922//1922 1924//1924 1925//1925
f 1922//1922 1925//1925 1920//1920
f 1920//1920 1925//1925 1926//1926
f 1920//1920 1926//1926 1918//1918
f 1918//1918 1926//1926 1927//1927
f 1918//1918 1927//1927 1916//1916
f 1916//1916 1927//1927 1928//1928
f 1916//1916 1928//1928 1902//1902
f 1902//1902 1928//1928 1929//1929
f 1902//1902 1929//1929 1884//1884
f 1878//1878 1880//1880 1910//1910
f 1910//1910 1880//1880 1930//1930
f 1910//1910 1930//1930 1911//1911
f 1911//1911 1930//1930 1931//1931
f 1911//1911 1931//1931 1877//1877
f 1877//1877 1931//1931 633//633
f 1877//1877 633//633 631//631
f 1867//1867 1923//1923 1887//1887
f 1887//1887 1923//1923 1922//1922
f 1887//1887 1922//1922 1891//1891
f 1891//1891 1922//1922 1921//1921
f 1891//1891 1921//1921 1892//1892
f 1892//1892 1921//1921 1919//1919
f 1892//1892 1919//1919 1909//1909
f 1909//1909 1919//1919 1917//1917
f 1909//1909 1917//1917 1878//1878
f 1878//1878 1917//1917 1915//1915
f 1878//1878 1915//1915 1879//1879
f 1879//1879 1915//1915 1914//1914
f 1879//1879 1914//1914 1880//1880
f 1880//1880 1914//1914 1913//1913
f 1880//1880 1913//1913 1930//1930
f 1930//1930 1913//1913 1912//1912
f 1930//1930 1912//1912 1931//1931
f 1931//1931 1912//1912 1898//1898
f 1931//1931 1898//1898 633//633
f 633//633 1898//1898 635//635
f 118//118 1932//1932 1933//1933
f 118//118 117//117 1887//1887
f 118//118 1933//1933 112//112
f 112//112 1933//1933 1934//1934
f 112//112 1934//1934 109//109
f 107//107 109//109 105//105
f 105//105 109//109 1934//1934
f 105//105 1934//1934 103//103
f 97//97 99//99 1935//1935
f 101//101 103//103 1936//1936
f 1936//1936 103//103 1934//1934
f 1936//1936 1934//1934 1937//1937
f 1937//1937 1934//1934 1933//1933
f 1937//1937 1933//1933 1938//1938
f 1938//1938 1933//1933 1932//1932
f 99//99 101//101 1935//1935
f 1935//1935 101//101 1936//1936
f 1935//1935 1936//1936 1939//1939
f 1939//1939 1936//1936 1937//1937
f 1939//1939 1937//1937 1940//1940
f 1940//1940 1937//1937 1938//1938
f 118//118 1887//1887 1932//1932
f 1932//1932 1887//1887 1891//1891
f 1932//1932 1891//1891 1938//1938
f 1938//1938 1891//1891 1889//1889
f 1938//1938 1889//1889 1940//1940
f 1940//1940 1889//1889 1888//1888
f 1940//1940 1888//1888 1905//1905
f 97//97 1935//1935 678//678
f 678//678 1935//1935 1939//1939
f 678//678 1939//1939 679//679
f 679//679 1939//1939 1940//1940
f 679//679 1940//1940 674//674
f 674//674 1940//1940 1905//1905
f 674//674 1905//1905 597//597
f 1941//1941 1942//1942 1943//1943
f 1944//1944 1945//1945 1946//1946
f 1947//1947 1948//1948 1949//1949
f 1949//1949 1948//1948 600//600
f 1949//1949 600//600 599//599
f 605//605 607//607 1262//1262
f 1261//1261 1263//1263 1950//1950
f 1268//1268 1270//1270 1951//1951
f 794//794 793//793 1952//1952
f 1953//1953 1954//1954 1955//1955
f 1955//1955 1954//1954 1956//1956
f 1955//1955 1956//1956 1957//1957
f 1571//1571 1570//1570 1957//1957
f 1957//1957 1570//1570 1785//1785
f 1957//1957 1785//1785 1955//1955
f 1955//1955 1785//1785 1784//1784
f 1955//1955 1784//1784 1958//1958
f 1958//1958 1959//1959 1955//1955
f 1955//1955 1959//1959 1960//1960
f 1955//1955 1960//1960 1961//1961
f 1961//1961 1962//1962 1955//1955
f 1955//1955 1962//1962 1963//1963
f 1955//1955 1963//1963 1953//1953
f 1292//1292 1291//1291 1952//1952
f 1952//1952 1291//1291 1293//1293
f 1293//1293 1286//1286 1952//1952
f 1952//1952 1286//1286 797//797
f 1952//1952 797//797 794//794
f 605//605 1262//1262 603//603
f 1964//1964 668//668 603//603
f 1965//1965 670//670 1964//1964
f 1964//1964 670//670 669//669
f 1964//1964 669//669 668//668
f 1966//1966 650//650 1967//1967
f 1967//1967 650//650 592//592
f 1967//1967 592//592 1968//1968
f 1968//1968 592//592 591//591
f 1968//1968 591//591 1965//1965
f 1965//1965 591//591 671//671
f 1965//1965 671//671 670//670
f 1969//1969 1970//1970 1943//1943
f 1943//1943 1970//1970 1971//1971
f 1943//1943 1971//1971 1941//1941
f 1270//1270 1271//1271 1951//1951
f 1951//1951 1271//1271 1292//1292
f 1951//1951 1292//1292 1972//1972
f 1972//1972 1292//1292 1952//1952
f 1972//1972 1952//1952 1973//1973
f 793//793 1567//1567 1952//1952
f 1952//1952 1567//1567 1969//1969
f 1952//1952 1969//1969 1973//1973
f 1973//1973 1969//1969 1943//1943
f 1571//1571 1957//1957 1578//1578
f 1578//1578 1957//1957 1974//1974
f 1578//1578 1974//1974 1576//1576
f 1576//1576 1974//1974 1975//1975
f 1576//1576 1975//1975 1752//1752
f 1976//1976 1948//1948 1977//1977
f 1977//1977 1948//1948 1947//1947
f 1977//1977 1947//1947 1978//1978
f 1978//1978 1947//1947 1949//1949
f 1978//1978 1949//1949 1979//1979
f 1979//1979 1949//1949 599//599
f 1979//1979 599//599 648//648
f 603//603 1262//1262 1964//1964
f 1964//1964 1262//1262 1980//1980
f 1964//1964 1980//1980 1965//1965
f 1965//1965 1980//1980 1981//1981
f 1965//1965 1981//1981 1968//1968
f 1968//1968 1981//1981 1982//1982
f 1968//1968 1982//1982 1967//1967
f 1967//1967 1982//1982 1983//1983
f 1967//1967 1983//1983 1966//1966
f 1966//1966 1983//1983 1984//1984
f 1966//1966 1984//1984 1985//1985
f 1985//1985 1984//1984 1986//1986
f 1985//1985 1986//1986 1987//1987
f 1987//1987 1986//1986 1988//1988
f 1987//1987 1988//1988 1945//1945
f 1945//1945 1988//1988 1989//1989
f 1945//1945 1989//1989 1946//1946
f 1944//1944 1976//1976 1945//1945
f 1945//1945 1976//1976 1977//1977
f 1945//1945 1977//1977 1987//1987
f 1987//1987 1977//1977 1978//1978
f 1987//1987 1978//1978 1985//1985
f 1985//1985 1978//1978 1979//1979
f 1985//1985 1979//1979 1966//1966
f 1966//1966 1979//1979 648//648
f 1966//1966 648//648 650//650
f 1567//1567 1566//1566 1969//1969
f 1969//1969 1566//1566 1639//1639
f 1969//1969 1639//1639 1970//1970
f 1970//1970 1639//1639 1735//1735
f 1970//1970 1735//1735 1971//1971
f 1971//1971 1735//1735 1562//1562
f 1971//1971 1562//1562 1561//1561
f 1263//1263 1268//1268 1950//1950
f 1950//1950 1268//1268 1951//1951
f 1950//1950 1951//1951 1990//1990
f 1990//1990 1951//1951 1972//1972
f 1990//1990 1972//1972 1991//1991
f 1991//1991 1972//1972 1973//1973
f 1991//1991 1973//1973 1992//1992
f 1992//1992 1973//1973 1943//1943
f 1992//1992 1943//1943 1993//1993
f 1993//1993 1943//1943 1942//1942
f 1993//1993 1942//1942 1994//1994
f 1994//1994 1942//1942 1941//1941
f 1994//1994 1941//1941 1995//1995
f 1995//1995 1941//1941 1971//1971
f 1995//1995 1971//1971 1975//1975
f 1975//1975 1971//1971 1561//1561
f 1975//1975 1561//1561 1752//1752
f 1262//1262 1261//1261 1980//1980
f 1980//1980 1261//1261 1950//1950
f 1980//1980 1950//1950 1981//1981
f 1981//1981 1950//1950 1990//1990
f 1981//1981 1990//1990 1982//1982
f 1982//1982 1990//1990 1991//1991
f 1982//1982 1991//1991 1983//1983
f 1983//1983 1991//1991 1992//1992
f 1983//1983 1992//1992 1984//1984
f 1984//1984 1992//1992 1993//1993
f 1984//1984 1993//1993 1986//1986
f 1986//1986 1993//1993 1994//1994
f 1986//1986 1994//1994 1988//1988
f 1988//1988 1994//1994 1995//1995
f 1988//1988 1995//1995 1989//1989
f 1989//1989 1995//1995 1975//1975
f 1989//1989 1975//1975 1946//1946
f 1946//1946 1975//1975 1974//1974
f 1946//1946 1974//1974 1944//1944
f 1944//1944 1974//1974 1957//1957
f 1996//1996 477//477 471//471
f 1997//1997 1786//1786 1998//1998
f 1999//1999 2000//2000 1998//1998
f 1998//1998 2000//2000 2001//2001
f 1998//1998 2001//2001 1997//1997
f 1786//1786 1787//1787 1998//1998
f 1998//1998 1787//1787 1788//1788
f 1998//1998 1788//1788 2002//2002
f 2002//2002 1788//1788 1789//1789
f 471//471 473//473 1996//1996
f 1996//1996 473//473 474//474
f 1996//1996 474//474 475//475
f 1446//1446 1445//1445 477//477
f 1996//1996 2002//2002 477//477
f 477//477 2002//2002 1789//1789
f 477//477 1789//1789 1446//1446
f 1446//1446 1789//1789 1463//1463
f 1445//1445 1447//1447 417//417
f 417//417 418//418 1445//1445
f 1445//1445 418//418 414//414
f 1445//1445 414//414 477//477
f 477//477 414//414 373//373
f 477//477 373//373 377//377
f 377//377 373//373 372//372
f 1447//1447 1448//1448 417//417
f 417//417 1448//1448 1449//1449
f 417//417 1449//1449 1453//1453
f 397//397 415//415 1499//1499
f 397//397 1499//1499 395//395
f 395//395 1499//1499 1500//1500
f 395//395 1500//1500 393//393
f 1453//1453 1451//1451 417//417
f 417//417 1451//1451 1499//1499
f 417//417 1499//1499 416//416
f 416//416 1499//1499 415//415
f 1496//1496 385//385 388//388
f 388//388 390//390 1496//1496
f 1496//1496 390//390 391//391
f 1496//1496 391//391 1497//1497
f 1497//1497 391//391 393//393
f 1497//1497 393//393 1498//1498
f 1498//1498 393//393 1500//1500
f 385//385 1496//1496 386//386
f 386//386 1496//1496 1502//1502
f 386//386 1502//1502 443//443
f 443//443 1502//1502 438//438
f 438//438 1502//1502 1503//1503
f 438//438 1503//1503 436//436
f 436//436 1503//1503 1505//1505
f 436//436 1505//1505 433//433
f 433//433 1505//1505 1507//1507
f 433//433 1507//1507 430//430
f 430//430 1507//1507 1509//1509
f 430//430 1509//1509 428//428
f 428//428 1509//1509 1511//1511
f 428//428 1511//1511 426//426
f 426//426 1511//1511 1512//1512
f 426//426 1512//1512 324//324
f 324//324 1512//1512 1514//1514
f 324//324 1514//1514 323//323
f 323//323 1514//1514 322//322
f 322//322 1514//1514 1517//1517
f 322//322 1517//1517 339//339
f 1520//1520 311//311 350//350
f 350//350 349//349 1520//1520
f 1520//1520 349//349 348//348
f 1520//1520 348//348 1519//1519
f 1519//1519 348//348 339//339
f 1519//1519 339//339 1518//1518
f 1518//1518 339//339 1517//1517
f 344//344 131//131 345//345
f 345//345 131//131 133//133
f 345//345 133//133 307//307
f 1420//1420 1422//1422 312//312
f 311//311 1520//1520 312//312
f 312//312 1520//1520 1419//1419
f 312//312 1419//1419 1420//1420
f 1767//1767 1872//1872 1424//1424
f 1424//1424 1872//1872 1864//1864
f 1424//1424 1864//1864 131//131
f 1422//1422 1423//1423 312//312
f 312//312 1423//1423 1430//1430
f 312//312 1430//1430 344//344
f 344//344 1430//1430 1427//1427
f 344//344 1427//1427 131//131
f 131//131 1427//1427 1425//1425
f 131//131 1425//1425 1424//1424
f 140//140 2003//2003 138//138
f 138//138 2003//2003 155//155
f 140//140 129//129 2003//2003
f 2003//2003 129//129 131//131
f 2003//2003 131//131 2004//2004
f 2004//2004 131//131 1864//1864
f 2004//2004 1864//1864 2005//2005
f 2005//2005 1864//1864 1862//1862
f 2005//2005 1862//1862 114//114
f 114//114 1862//1862 1868//1868
f 114//114 1868//1868 123//123
f 126//126 119//119 1868//1868
f 1868//1868 119//119 121//121
f 1868//1868 121//121 123//123
f 565//565 567//567 563//563
f 563//563 567//567 2006//2006
f 563//563 2006//2006 562//562
f 2007//2007 2008//2008 2009//2009
f 2009//2009 2008//2008 2010//2010
f 2009//2009 2010//2010 2011//2011
f 2011//2011 2010//2010 2012//2012
f 2011//2011 2012//2012 2013//2013
f 2013//2013 2012//2012 2014//2014
f 2013//2013 2014//2014 2015//2015
f 2015//2015 2014//2014 2016//2016
f 2015//2015 2016//2016 957//957
f 957//957 2016//2016 2006//2006
f 957//957 2006//2006 959//959
f 959//959 2006//2006 567//567
f 959//959 567//567 569//569
f 962//962 600//600 1948//1948
f 2017//2017 2018//2018 2019//2019
f 2015//2015 2020//2020 2013//2013
f 2013//2013 2020//2020 2021//2021
f 2022//2022 2007//2007 2023//2023
f 2023//2023 2007//2007 2009//2009
f 2023//2023 2009//2009 2021//2021
f 2021//2021 2009//2009 2011//2011
f 2021//2021 2011//2011 2013//2013
f 960//960 2020//2020 956//956
f 956//956 2020//2020 2015//2015
f 956//956 2015//2015 957//957
f 2022//2022 2023//2023 2024//2024
f 2024//2024 2023//2023 2021//2021
f 2024//2024 2021//2021 2025//2025
f 2025//2025 2021//2021 2020//2020
f 2025//2025 2020//2020 2026//2026
f 2026//2026 2020//2020 960//960
f 2026//2026 960//960 961//961
f 961//961 2027//2027 2026//2026
f 2026//2026 2027//2027 2028//2028
f 2026//2026 2028//2028 2025//2025
f 2025//2025 2028//2028 2017//2017
f 2025//2025 2017//2017 2024//2024
f 2024//2024 2017//2017 2019//2019
f 2024//2024 2019//2019 2022//2022
f 1957//1957 2018//2018 1944//1944
f 1944//1944 2018//2018 2017//2017
f 1944//1944 2017//2017 1976//1976
f 1976//1976 2017//2017 2028//2028
f 1976//1976 2028//2028 1948//1948
f 1948//1948 2028//2028 2027//2027
f 1948//1948 2027//2027 962//962
f 962//962 2027//2027 961//961
f 2000//2000 1999//1999 1953//1953
f 1953//1953 1999//1999 1954//1954
f 1954//1954 1999//1999 2029//2029
f 1954//1954 2029//2029 1956//1956
f 1961//1961 2001//2001 1962//1962
f 1962//1962 2001//2001 2000//2000
f 1962//1962 2000//2000 1963//1963
f 1963//1963 2000//2000 1953//1953
f 1784//1784 1786//1786 1958//1958
f 1958//1958 1786//1786 1997//1997
f 1958//1958 1997//1997 1959//1959
f 1959//1959 1997//1997 2001//2001
f 1959//1959 2001//2001 1960//1960
f 1960//1960 2001//2001 1961//1961
f 1956//1956 2029//2029 1957//1957
f 1957//1957 2029//2029 2030//2030
f 1957//1957 2030//2030 2018//2018
f 2022//2022 2031//2031 2007//2007
f 2007//2007 2031//2031 2032//2032
f 2007//2007 2032//2032 2008//2008
f 2030//2030 2033//2033 2018//2018
f 2018//2018 2033//2033 2031//2031
f 2018//2018 2031//2031 2019//2019
f 2019//2019 2031//2031 2022//2022
f 2034//2034 2035//2035 2036//2036
f 2036//2036 2035//2035 2037//2037
f 2036//2036 2037//2037 2038//2038
f 2038//2038 2037//2037 2039//2039
f 2038//2038 2039//2039 2040//2040
f 1838//1838 1837//1837 2041//2041
f 1839//1839 1844//1844 2042//2042
f 1846//1846 2043//2043 2035//2035
f 1848//1848 2044//2044 1831//1831
f 1831//1831 2044//2044 2045//2045
f 2046//2046 1833//1833 2045//2045
f 2045//2045 1833//1833 1832//1832
f 2045//2045 1832//1832 1831//1831
f 2046//2046 2047//2047 1833//1833
f 1833//1833 2047//2047 2048//2048
f 1833//1833 2048//2048 1836//1836
f 1836//1836 2048//2048 2049//2049
f 1836//1836 2049//2049 1835//1835
f 2042//2042 1844//1844 2034//2034
f 1835//1835 2049//2049 1834//1834
f 1834//1834 2049//2049 2050//2050
f 1834//1834 2050//2050 1846//1846
f 1846//1846 2050//2050 2051//2051
f 1846//1846 2051//2051 2043//2043
f 1844//1844 1843//1843 2034//2034
f 2034//2034 1843//1843 1842//1842
f 2034//2034 1842//1842 2035//2035
f 2035//2035 1842//1842 1845//1845
f 2035//2035 1845//1845 1846//1846
f 2052//2052 2053//2053 1840//1840
f 1840//1840 2053//2053 2054//2054
f 1840//1840 2054//2054 1841//1841
f 1839//1839 2042//2042 1840//1840
f 1840//1840 2042//2042 2055//2055
f 1840//1840 2055//2055 2052//2052
f 1841//1841 2054//2054 1837//1837
f 1837//1837 2054//2054 2056//2056
f 1837//1837 2056//2056 2041//2041
f 1793//1793 1795//1795 2041//2041
f 2041//2041 1795//1795 1826//1826
f 2041//2041 1826//1826 1838//1838
f 2057//2057 2044//2044 2058//2058
f 2059//2059 2057//2057 2060//2060
f 2060//2060 2057//2057 2058//2058
f 2060//2060 2058//2058 2061//2061
f 2061//2061 2058//2058 2062//2062
f 2063//2063 1615//1615 2064//2064
f 2064//2064 1615//1615 1613//1613
f 2064//2064 1613//1613 2065//2065
f 2065//2065 1613//1613 1611//1611
f 2065//2065 1611//1611 2066//2066
f 2066//2066 1611//1611 1609//1609
f 2066//2066 1609//1609 2067//2067
f 2067//2067 1609//1609 1607//1607
f 2067//2067 1607//1607 2068//2068
f 2068//2068 1607//1607 1606//1606
f 2068//2068 1606//1606 1812//1812
f 1604//1604 1602//1602 2062//2062
f 2062//2062 1602//1602 1601//1601
f 2062//2062 1601//1601 2063//2063
f 2063//2063 1601//1601 1617//1617
f 2063//2063 1617//1617 1615//1615
f 1848//1848 1588//1588 1590//1590
f 1604//1604 2062//2062 1605//1605
f 1605//1605 2062//2062 2058//2058
f 1605//1605 2058//2058 1590//1590
f 1590//1590 2058//2058 2044//2044
f 1590//1590 2044//2044 1848//1848
f 1812//1812 1821//1821 2068//2068
f 2068//2068 1821//1821 2069//2069
f 2068//2068 2069//2069 2067//2067
f 2067//2067 2069//2069 2070//2070
f 2067//2067 2070//2070 2066//2066
f 2066//2066 2070//2070 2071//2071
f 2066//2066 2071//2071 2065//2065
f 2065//2065 2071//2071 2072//2072
f 2065//2065 2072//2072 2064//2064
f 2064//2064 2072//2072 2073//2073
f 2064//2064 2073//2073 2063//2063
f 2063//2063 2073//2073 2074//2074
f 2063//2063 2074//2074 2062//2062
f 2062//2062 2074//2074 2075//2075
f 2062//2062 2075//2075 2061//2061
f 2075//2075 2074//2074 294//294
f 1822//1822 1823//1823 2076//2076
f 2076//2076 2077//2077 1822//1822
f 1822//1822 2077//2077 2078//2078
f 1822//1822 2078//2078 2079//2079
f 286//286 1814//1814 284//284
f 284//284 1814//1814 1813//1813
f 284//284 1813//1813 2080//2080
f 2080//2080 1813//1813 1822//1822
f 2080//2080 1822//1822 2081//2081
f 2081//2081 1822//1822 2079//2079
f 278//278 1820//1820 280//280
f 280//280 1820//1820 1819//1819
f 280//280 1819//1819 282//282
f 282//282 1819//1819 1818//1818
f 282//282 1818//1818 289//289
f 289//289 1818//1818 1817//1817
f 289//289 1817//1817 288//288
f 288//288 1817//1817 1816//1816
f 288//288 1816//1816 286//286
f 286//286 1816//1816 1815//1815
f 286//286 1815//1815 1814//1814
f 276//276 2069//2069 278//278
f 278//278 2069//2069 1821//1821
f 278//278 1821//1821 1820//1820
f 294//294 2074//2074 292//292
f 292//292 2074//2074 2073//2073
f 292//292 2073//2073 272//272
f 272//272 2073//2073 2072//2072
f 272//272 2072//2072 273//273
f 273//273 2072//2072 2071//2071
f 273//273 2071//2071 276//276
f 276//276 2071//2071 2070//2070
f 276//276 2070//2070 2069//2069
f 2075//2075 294//294 2061//2061
f 2061//2061 294//294 296//296
f 2061//2061 296//296 2060//2060
f 296//296 2082//2082 2060//2060
f 2060//2060 2082//2082 2083//2083
f 2060//2060 2083//2083 2084//2084
f 2084//2084 2085//2085 2060//2060
f 2060//2060 2085//2085 2086//2086
f 2060//2060 2086//2086 2087//2087
f 2087//2087 2088//2088 2060//2060
f 2060//2060 2088//2088 2089//2089
f 2060//2060 2089//2089 2059//2059
f 296//296 295//295 2090//2090
f 2049//2049 2048//2048 2091//2091
f 2092//2092 2057//2057 2093//2093
f 2093//2093 2057//2057 2059//2059
f 2093//2093 2059//2059 2094//2094
f 2094//2094 2059//2059 2089//2089
f 2046//2046 2045//2045 2092//2092
f 2092//2092 2045//2045 2044//2044
f 2092//2092 2044//2044 2057//2057
f 2095//2095 2096//2096 2050//2050
f 2050//2050 2096//2096 2097//2097
f 2050//2050 2097//2097 2051//2051
f 2051//2051 2097//2097 2098//2098
f 2099//2099 2035//2035 2043//2043
f 295//295 293//293 2090//2090
f 2090//2090 293//293 2100//2100
f 2090//2090 2100//2100 2101//2101
f 2102//2102 2082//2082 296//296
f 2084//2084 2103//2103 2085//2085
f 2085//2085 2103//2103 2104//2104
f 2085//2085 2104//2104 2086//2086
f 2105//2105 2088//2088 2106//2106
f 2106//2106 2088//2088 2087//2087
f 296//296 2090//2090 2102//2102
f 2102//2102 2090//2090 2101//2101
f 2102//2102 2101//2101 2082//2082
f 2082//2082 2101//2101 2107//2107
f 2082//2082 2107//2107 2083//2083
f 2100//2100 2108//2108 2109//2109
f 2109//2109 2108//2108 2110//2110
f 2096//2096 2111//2111 2097//2097
f 2097//2097 2111//2111 2112//2112
f 2097//2097 2112//2112 2098//2098
f 2098//2098 2112//2112 2113//2113
f 2089//2089 2088//2088 2094//2094
f 2094//2094 2088//2088 2105//2105
f 2094//2094 2105//2105 2093//2093
f 2093//2093 2105//2105 2114//2114
f 2093//2093 2114//2114 2092//2092
f 2092//2092 2114//2114 2115//2115
f 2092//2092 2115//2115 2046//2046
f 2106//2106 2116//2116 2105//2105
f 2105//2105 2116//2116 2117//2117
f 2105//2105 2117//2117 2114//2114
f 2114//2114 2117//2117 2118//2118
f 2114//2114 2118//2118 2115//2115
f 2115//2115 2118//2118 2119//2119
f 2115//2115 2119//2119 2046//2046
f 2046//2046 2119//2119 2047//2047
f 2048//2048 2047//2047 2091//2091
f 2091//2091 2047//2047 2119//2119
f 2091//2091 2119//2119 2120//2120
f 2120//2120 2119//2119 2118//2118
f 2120//2120 2118//2118 2121//2121
f 2121//2121 2118//2118 2117//2117
f 2121//2121 2117//2117 2122//2122
f 2122//2122 2117//2117 2116//2116
f 2100//2100 2109//2109 2101//2101
f 2101//2101 2109//2109 2103//2103
f 2101//2101 2103//2103 2107//2107
f 2107//2107 2103//2103 2084//2084
f 2107//2107 2084//2084 2083//2083
f 2123//2123 2124//2124 2113//2113
f 2113//2113 2124//2124 2099//2099
f 2113//2113 2099//2099 2098//2098
f 2098//2098 2099//2099 2043//2043
f 2098//2098 2043//2043 2051//2051
f 2111//2111 2110//2110 2112//2112
f 2112//2112 2110//2110 2108//2108
f 2112//2112 2108//2108 2113//2113
f 2113//2113 2108//2108 2100//2100
f 2113//2113 2100//2100 2123//2123
f 2123//2123 2100//2100 293//293
f 2123//2123 293//293 291//291
f 2050//2050 2049//2049 2095//2095
f 2095//2095 2049//2049 2091//2091
f 2095//2095 2091//2091 2096//2096
f 2096//2096 2091//2091 2120//2120
f 2096//2096 2120//2120 2111//2111
f 2111//2111 2120//2120 2121//2121
f 2111//2111 2121//2121 2110//2110
f 2110//2110 2121//2121 2122//2122
f 2110//2110 2122//2122 2109//2109
f 2109//2109 2122//2122 2116//2116
f 2109//2109 2116//2116 2103//2103
f 2103//2103 2116//2116 2106//2106
f 2103//2103 2106//2106 2104//2104
f 2104//2104 2106//2106 2087//2087
f 2104//2104 2087//2087 2086//2086
f 2125//2125 2126//2126 2127//2127
f 2054//2054 2053//2053 2128//2128
f 2042//2042 2034//2034 2129//2129
f 2076//2076 2130//2130 2077//2077
f 2077//2077 2130//2130 2131//2131
f 2077//2077 2131//2131 2078//2078
f 2078//2078 2131//2131 2132//2132
f 2078//2078 2132//2132 2079//2079
f 2079//2079 2132//2132 2081//2081
f 2054//2054 2128//2128 2056//2056
f 2076//2076 1823//1823 2130//2130
f 2130//2130 1823//1823 1824//1824
f 2130//2130 1824//1824 2133//2133
f 2133//2133 1824//1824 1793//1793
f 2133//2133 1793//1793 2134//2134
f 2126//2126 2125//2125 2135//2135
f 2135//2135 2125//2125 2136//2136
f 2135//2135 2136//2136 2137//2137
f 2137//2137 2136//2136 2138//2138
f 2137//2137 2138//2138 2128//2128
f 2128//2128 2138//2138 2139//2139
f 2128//2128 2139//2139 2056//2056
f 1793//1793 2041//2041 2134//2134
f 2134//2134 2041//2041 2140//2140
f 2134//2134 2140//2140 2133//2133
f 2133//2133 2140//2140 2141//2141
f 2133//2133 2141//2141 2130//2130
f 2130//2130 2141//2141 2142//2142
f 2130//2130 2142//2142 2131//2131
f 2052//2052 2055//2055 2143//2143
f 2143//2143 2055//2055 2144//2144
f 2143//2143 2144//2144 2145//2145
f 2145//2145 2144//2144 2146//2146
f 2145//2145 2146//2146 2147//2147
f 2147//2147 2146//2146 2148//2148
f 2147//2147 2148//2148 2149//2149
f 2148//2148 2150//2150 2149//2149
f 2149//2149 2150//2150 2151//2151
f 2149//2149 2151//2151 2152//2152
f 2152//2152 2151//2151 285//285
f 2152//2152 285//285 284//284
f 2055//2055 2042//2042 2144//2144
f 2144//2144 2042//2042 2129//2129
f 2144//2144 2129//2129 2146//2146
f 2146//2146 2129//2129 2153//2153
f 2146//2146 2153//2153 2148//2148
f 2148//2148 2153//2153 2154//2154
f 2148//2148 2154//2154 2150//2150
f 2150//2150 2154//2154 2155//2155
f 2150//2150 2155//2155 2151//2151
f 2151//2151 2155//2155 2156//2156
f 2151//2151 2156//2156 285//285
f 285//285 2156//2156 287//287
f 2053//2053 2052//2052 2128//2128
f 2128//2128 2052//2052 2143//2143
f 2128//2128 2143//2143 2137//2137
f 2137//2137 2143//2143 2145//2145
f 2137//2137 2145//2145 2135//2135
f 2135//2135 2145//2145 2147//2147
f 2135//2135 2147//2147 2126//2126
f 2126//2126 2147//2147 2149//2149
f 2126//2126 2149//2149 2127//2127
f 2127//2127 2149//2149 2152//2152
f 2127//2127 2152//2152 2157//2157
f 2157//2157 2152//2152 284//284
f 2157//2157 284//284 2158//2158
f 2158//2158 284//284 2080//2080
f 2158//2158 2080//2080 2157//2157
f 2157//2157 2080//2080 2081//2081
f 2157//2157 2081//2081 2127//2127
f 2127//2127 2081//2081 2132//2132
f 2127//2127 2132//2132 2125//2125
f 2125//2125 2132//2132 2131//2131
f 2125//2125 2131//2131 2136//2136
f 2136//2136 2131//2131 2142//2142
f 2136//2136 2142//2142 2138//2138
f 2138//2138 2142//2142 2141//2141
f 2138//2138 2141//2141 2139//2139
f 2139//2139 2141//2141 2140//2140
f 2139//2139 2140//2140 2056//2056
f 2056//2056 2140//2140 2041//2041
f 2159//2159 277//277 2160//2160
f 2160//2160 277//277 279//279
f 2160//2160 279//279 2161//2161
f 2161//2161 279//279 281//281
f 2161//2161 281//281 2162//2162
f 2162//2162 281//281 283//283
f 290//290 274//274 2159//2159
f 2159//2159 274//274 275//275
f 2159//2159 275//275 277//277
f 2159//2159 2163//2163 290//290
f 290//290 2163//2163 2123//2123
f 290//290 2123//2123 291//291
f 2035//2035 2099//2099 2164//2164
f 2164//2164 2099//2099 2124//2124
f 2155//2155 2154//2154 2165//2165
f 2165//2165 2154//2154 2153//2153
f 2165//2165 2153//2153 2129//2129
f 2035//2035 2164//2164 2037//2037
f 2037//2037 2164//2164 2166//2166
f 2037//2037 2166//2166 2039//2039
f 2039//2039 2166//2166 2167//2167
f 2039//2039 2167//2167 2040//2040
f 2040//2040 2167//2167 2168//2168
f 2040//2040 2168//2168 2038//2038
f 2038//2038 2168//2168 2165//2165
f 2038//2038 2165//2165 2036//2036
f 2036//2036 2165//2165 2129//2129
f 2036//2036 2129//2129 2034//2034
f 283//283 287//287 2162//2162
f 2162//2162 287//287 2156//2156
f 2162//2162 2156//2156 2155//2155
f 2155//2155 2165//2165 2162//2162
f 2162//2162 2165//2165 2168//2168
f 2162//2162 2168//2168 2161//2161
f 2161//2161 2168//2168 2167//2167
f 2161//2161 2167//2167 2160//2160
f 2160//2160 2167//2167 2166//2166
f 2160//2160 2166//2166 2159//2159
f 2159//2159 2166//2166 2164//2164
f 2159//2159 2164//2164 2163//2163
f 2163//2163 2164//2164 2124//2124
f 2163//2163 2124//2124 2123//2123
f 2169//2169 2170//2170 2171//2171
f 2171//2171 2170//2170 2172//2172
f 2171//2171 2172//2172 2173//2173
f 753//753 2174//2174 752//752
f 752//752 2174//2174 2175//2175
f 752//752 2175//2175 2176//2176
f 2177//2177 2178//2178 2179//2179
f 2179//2179 2178//2178 2180//2180
f 2179//2179 2180//2180 2175//2175
f 2175//2175 2180//2180 2181//2181
f 2175//2175 2181//2181 2176//2176
f 2177//2177 2179//2179 2182//2182
f 2182//2182 2179//2179 2183//2183
f 2182//2182 2183//2183 2184//2184
f 2184//2184 2183//2183 2185//2185
f 2184//2184 2185//2185 2186//2186
f 2187//2187 2188//2188 2185//2185
f 2185//2185 2188//2188 2189//2189
f 2185//2185 2189//2189 2186//2186
f 2172//2172 2190//2190 2173//2173
f 2173//2173 2190//2190 2191//2191
f 2173//2173 2191//2191 2187//2187
f 2187//2187 2191//2191 2192//2192
f 2187//2187 2192//2192 2188//2188
f 709//709 2169//2169 744//744
f 744//744 2169//2169 2171//2171
f 744//744 2171//2171 745//745
f 745//745 2171//2171 2173//2173
f 745//745 2173//2173 746//746
f 746//746 2173//2173 2187//2187
f 746//746 2187//2187 743//743
f 743//743 2187//2187 2185//2185
f 743//743 2185//2185 742//742
f 742//742 2185//2185 2183//2183
f 742//742 2183//2183 741//741
f 741//741 2183//2183 2179//2179
f 741//741 2179//2179 740//740
f 740//740 2179//2179 2175//2175
f 740//740 2175//2175 739//739
f 739//739 2175//2175 2174//2174
f 739//739 2174//2174 701//701
f 701//701 2174//2174 753//753
f 2170//2170 2169//2169 2193//2193
f 2194//2194 2195//2195 2196//2196
f 2194//2194 2196//2196 2197//2197
f 2197//2197 2196//2196 2198//2198
f 2197//2197 2198//2198 2199//2199
f 2199//2199 2198//2198 2200//2200
f 2199//2199 2200//2200 2193//2193
f 2193//2193 2200//2200 2201//2201
f 2193//2193 2201//2201 2170//2170
f 2169//2169 709//709 706//706
f 2169//2169 706//706 2193//2193
f 2193//2193 706//706 708//708
f 2193//2193 708//708 2199//2199
f 2199//2199 708//708 714//714
f 2199//2199 714//714 2197//2197
f 2197//2197 714//714 713//713
f 2197//2197 713//713 2194//2194
f 2195//2195 2202//2202 2196//2196
f 2196//2196 2202//2202 2203//2203
f 2196//2196 2203//2203 2198//2198
f 2198//2198 2203//2203 2200//2200
f 2202//2202 2195//2195 2204//2204
f 2204//2204 2195//2195 2205//2205
f 308//308 310//310 2206//2206
f 2207//2207 2205//2205 2208//2208
f 2208//2208 2205//2205 2195//2195
f 2208//2208 2195//2195 2209//2209
f 2209//2209 2195//2195 2194//2194
f 2209//2209 2194//2194 2210//2210
f 2210//2210 2194//2194 2211//2211
f 2211//2211 2194//2194 713//713
f 2211//2211 713//713 2206//2206
f 2206//2206 713//713 756//756
f 2206//2206 756//756 308//308
f 343//343 309//309 761//761
f 761//761 309//309 308//308
f 761//761 308//308 764//764
f 764//764 308//308 756//756
f 302//302 303//303 2212//2212
f 2213//2213 2214//2214 2215//2215
f 2213//2213 2216//2216 2217//2217
f 2213//2213 2215//2215 2218//2218
f 2218//2218 2215//2215 2219//2219
f 2218//2218 2219//2219 2220//2220
f 2220//2220 2219//2219 2221//2221
f 2220//2220 2221//2221 2222//2222
f 2222//2222 2221//2221 2223//2223
f 2223//2223 2221//2221 2212//2212
f 2223//2223 2212//2212 2224//2224
f 2224//2224 2212//2212 303//303
f 2224//2224 303//303 355//355
f 300//300 301//301 2225//2225
f 2225//2225 301//301 302//302
f 2226//2226 305//305 300//300
f 2206//2206 310//310 305//305
f 305//305 2226//2226 2206//2206
f 2206//2206 2226//2226 2227//2227
f 2206//2206 2227//2227 2211//2211
f 2211//2211 2227//2227 2228//2228
f 2211//2211 2228//2228 2210//2210
f 2210//2210 2228//2228 2229//2229
f 2210//2210 2229//2229 2209//2209
f 2209//2209 2229//2229 2230//2230
f 2209//2209 2230//2230 2208//2208
f 2208//2208 2230//2230 2231//2231
f 2208//2208 2231//2231 2207//2207
f 2232//2232 2233//2233 2234//2234
f 2213//2213 2217//2217 2214//2214
f 2214//2214 2217//2217 2235//2235
f 2214//2214 2235//2235 2236//2236
f 300//300 2225//2225 2226//2226
f 2226//2226 2225//2225 2237//2237
f 2226//2226 2237//2237 2227//2227
f 2227//2227 2237//2237 2238//2238
f 2227//2227 2238//2238 2228//2228
f 2228//2228 2238//2238 2239//2239
f 2228//2228 2239//2239 2229//2229
f 2229//2229 2239//2239 2232//2232
f 2229//2229 2232//2232 2230//2230
f 2230//2230 2232//2232 2234//2234
f 2230//2230 2234//2234 2231//2231
f 302//302 2212//2212 2225//2225
f 2225//2225 2212//2212 2221//2221
f 2225//2225 2221//2221 2237//2237
f 2237//2237 2221//2221 2219//2219
f 2237//2237 2219//2219 2238//2238
f 2238//2238 2219//2219 2215//2215
f 2238//2238 2215//2215 2239//2239
f 2239//2239 2215//2215 2214//2214
f 2239//2239 2214//2214 2232//2232
f 2232//2232 2214//2214 2236//2236
f 2232//2232 2236//2236 2233//2233
f 2240//2240 2216//2216 2213//2213
f 2240//2240 2213//2213 2241//2241
f 2241//2241 2213//2213 2218//2218
f 2241//2241 2218//2218 2242//2242
f 2242//2242 2218//2218 2220//2220
f 2242//2242 2220//2220 2243//2243
f 2243//2243 2220//2220 2244//2244
f 2244//2244 2220//2220 2222//2222
f 2244//2244 2222//2222 2245//2245
f 2245//2245 2222//2222 2223//2223
f 2245//2245 2223//2223 2246//2246
f 2223//2223 2224//2224 2246//2246
f 2246//2246 2224//2224 355//355
f 2246//2246 355//355 2247//2247
f 355//355 354//354 2247//2247
f 2247//2247 354//354 352//352
f 2247//2247 352//352 2248//2248
f 2248//2248 352//352 351//351
f 853//853 776//776 359//359
f 359//359 776//776 769//769
f 769//769 768//768 359//359
f 359//359 768//768 2249//2249
f 359//359 2249//2249 365//365
f 365//365 2249//2249 2250//2250
f 365//365 2250//2250 351//351
f 351//351 2250//2250 2251//2251
f 351//351 2251//2251 2248//2248
f 2249//2249 768//768 771//771
f 2252//2252 2253//2253 2254//2254
f 2254//2254 2253//2253 2255//2255
f 2255//2255 2253//2253 2256//2256
f 2256//2256 2253//2253 2257//2257
f 2256//2256 2257//2257 2258//2258
f 2258//2258 2257//2257 2259//2259
f 2258//2258 2259//2259 2260//2260
f 2260//2260 2259//2259 2261//2261
f 2260//2260 2261//2261 2262//2262
f 2262//2262 2261//2261 2263//2263
f 2262//2262 2263//2263 2264//2264
f 2264//2264 2263//2263 2265//2265
f 2264//2264 2265//2265 2266//2266
f 2245//2245 2246//2246 2267//2267
f 2267//2267 2246//2246 2247//2247
f 2267//2267 2247//2247 2268//2268
f 2268//2268 2247//2247 2248//2248
f 2268//2268 2248//2248 2269//2269
f 2269//2269 2248//2248 2251//2251
f 2269//2269 2251//2251 2270//2270
f 2270//2270 2251//2251 2250//2250
f 2271//2271 2272//2272 2273//2273
f 2245//2245 2267//2267 2244//2244
f 2244//2244 2267//2267 2274//2274
f 2244//2244 2274//2274 2243//2243
f 2243//2243 2274//2274 2275//2275
f 2243//2243 2275//2275 2242//2242
f 2242//2242 2275//2275 2271//2271
f 2242//2242 2271//2271 2241//2241
f 2241//2241 2271//2271 2273//2273
f 2241//2241 2273//2273 2240//2240
f 2276//2276 2277//2277 2278//2278
f 2254//2254 2279//2279 2252//2252
f 2252//2252 2279//2279 2280//2280
f 2252//2252 2280//2280 2281//2281
f 767//767 2270//2270 771//771
f 771//771 2270//2270 2250//2250
f 771//771 2250//2250 2249//2249
f 767//767 2282//2282 2270//2270
f 2270//2270 2282//2282 2283//2283
f 2270//2270 2283//2283 2269//2269
f 2269//2269 2283//2283 2284//2284
f 2269//2269 2284//2284 2268//2268
f 2268//2268 2284//2284 2285//2285
f 2268//2268 2285//2285 2267//2267
f 2267//2267 2285//2285 2286//2286
f 2267//2267 2286//2286 2274//2274
f 2274//2274 2286//2286 2287//2287
f 2274//2274 2287//2287 2275//2275
f 2275//2275 2287//2287 2276//2276
f 2275//2275 2276//2276 2271//2271
f 2271//2271 2276//2276 2278//2278
f 2271//2271 2278//2278 2272//2272
f 767//767 766//766 2265//2265
f 2265//2265 766//766 780//780
f 2265//2265 780//780 2266//2266
f 2266//2266 780//780 781//781
f 2266//2266 781//781 782//782
f 767//767 2265//2265 2282//2282
f 2282//2282 2265//2265 2263//2263
f 2282//2282 2263//2263 2283//2283
f 2283//2283 2263//2263 2261//2261
f 2283//2283 2261//2261 2284//2284
f 2284//2284 2261//2261 2259//2259
f 2284//2284 2259//2259 2285//2285
f 2285//2285 2259//2259 2257//2257
f 2285//2285 2257//2257 2286//2286
f 2286//2286 2257//2257 2253//2253
f 2286//2286 2253//2253 2287//2287
f 2287//2287 2253//2253 2252//2252
f 2287//2287 2252//2252 2276//2276
f 2276//2276 2252//2252 2281//2281
f 2276//2276 2281//2281 2277//2277
f 2288//2288 2289//2289 2290//2290
f 2289//2289 2288//2288 2291//2291
f 2292//2292 2293//2293 2294//2294
f 1697//1697 1695//1695 2295//2295
f 2296//2296 2297//2297 2298//2298
f 2295//2295 1695//1695 2299//2299
f 1875//1875 1849//1849 2300//2300
f 2301//2301 1801//1801 2302//2302
f 2302//2302 1801//1801 1803//1803
f 2302//2302 1803//1803 2303//2303
f 2303//2303 1803//1803 1805//1805
f 2303//2303 1805//1805 2304//2304
f 2304//2304 1805//1805 1807//1807
f 2304//2304 1807//1807 2305//2305
f 2305//2305 1807//1807 1809//1809
f 2305//2305 1809//1809 2306//2306
f 2306//2306 1809//1809 1811//1811
f 2306//2306 1811//1811 2307//2307
f 2307//2307 1811//1811 1606//1606
f 1791//1791 1790//1790 2308//2308
f 2308//2308 1790//1790 1798//1798
f 2308//2308 1798//1798 2301//2301
f 2301//2301 1798//1798 1799//1799
f 2301//2301 1799//1799 1801//1801
f 1858//1858 1857//1857 2309//2309
f 1852//1852 1860//1860 2309//2309
f 2309//2309 1860//1860 1859//1859
f 2309//2309 1859//1859 1858//1858
f 1857//1857 1856//1856 2309//2309
f 2309//2309 1856//1856 1855//1855
f 2309//2309 1855//1855 1854//1854
f 1854//1854 1853//1853 2309//2309
f 2309//2309 1853//1853 1827//1827
f 2309//2309 1827//1827 1794//1794
f 1794//1794 1827//1827 2310//2310
f 1794//1794 2310//2310 1796//1796
f 1850//1850 1851//1851 2311//2311
f 1923//1923 1867//1867 1866//1866
f 1866//1866 1861//1861 1923//1923
f 1923//1923 1861//1861 1863//1863
f 1923//1923 1863//1863 1924//1924
f 1863//1863 1865//1865 1924//1924
f 1924//1924 1865//1865 1871//1871
f 1924//1924 1871//1871 1925//1925
f 1925//1925 1871//1871 1873//1873
f 1925//1925 1873//1873 1874//1874
f 2258//2258 2260//2260 2293//2293
f 2293//2293 2260//2260 2262//2262
f 2293//2293 2262//2262 2294//2294
f 2294//2294 2262//2262 2264//2264
f 2294//2294 2264//2264 1896//1896
f 1896//1896 2264//2264 2266//2266
f 1896//1896 2266//2266 782//782
f 2279//2279 2254//2254 2312//2312
f 2312//2312 2254//2254 2255//2255
f 2313//2313 2314//2314 2315//2315
f 2315//2315 2314//2314 2316//2316
f 2317//2317 2318//2318 2319//2319
f 2319//2319 2318//2318 2320//2320
f 2319//2319 2320//2320 2321//2321
f 2322//2322 2323//2323 2317//2317
f 2317//2317 2323//2323 2324//2324
f 2317//2317 2324//2324 2318//2318
f 2317//2317 2325//2325 2322//2322
f 2322//2322 2325//2325 2326//2326
f 2322//2322 2326//2326 2327//2327
f 2328//2328 2296//2296 2329//2329
f 1755//1755 1754//1754 2330//2330
f 1754//1754 1753//1753 2330//2330
f 2330//2330 1753//1753 1702//1702
f 2330//2330 1702//1702 2331//2331
f 2332//2332 1703//1703 1697//1697
f 2328//2328 2329//2329 2333//2333
f 2333//2333 2329//2329 2334//2334
f 2333//2333 2334//2334 2335//2335
f 2335//2335 2334//2334 2336//2336
f 2335//2335 2336//2336 2337//2337
f 2337//2337 2336//2336 2338//2338
f 2337//2337 2338//2338 2339//2339
f 2296//2296 2298//2298 2329//2329
f 2329//2329 2298//2298 2340//2340
f 2329//2329 2340//2340 2334//2334
f 2334//2334 2340//2340 2341//2341
f 2334//2334 2341//2341 2336//2336
f 2336//2336 2341//2341 2342//2342
f 2336//2336 2342//2342 2338//2338
f 2296//2296 1755//1755 2297//2297
f 2297//2297 1755//1755 2330//2330
f 2297//2297 2330//2330 2298//2298
f 2298//2298 2330//2330 2331//2331
f 2298//2298 2331//2331 2340//2340
f 2340//2340 2331//2331 2343//2343
f 2340//2340 2343//2343 2341//2341
f 2341//2341 2343//2343 2344//2344
f 2341//2341 2344//2344 2342//2342
f 2342//2342 2344//2344 2345//2345
f 2342//2342 2345//2345 2346//2346
f 2347//2347 2339//2339 2348//2348
f 2348//2348 2339//2339 2338//2338
f 2348//2348 2338//2338 2349//2349
f 2349//2349 2338//2338 2342//2342
f 2349//2349 2342//2342 2350//2350
f 2350//2350 2342//2342 2346//2346
f 1703//1703 2332//2332 1702//1702
f 1702//1702 2332//2332 2351//2351
f 1702//1702 2351//2351 2331//2331
f 2331//2331 2351//2351 2352//2352
f 2331//2331 2352//2352 2343//2343
f 2343//2343 2352//2352 2353//2353
f 2343//2343 2353//2353 2344//2344
f 2344//2344 2353//2353 2354//2354
f 2344//2344 2354//2354 2345//2345
f 2345//2345 2354//2354 2355//2355
f 2345//2345 2355//2355 2346//2346
f 2299//2299 2327//2327 2295//2295
f 2295//2295 2327//2327 2326//2326
f 2295//2295 2326//2326 2356//2356
f 2356//2356 2326//2326 2325//2325
f 2356//2356 2325//2325 2357//2357
f 2357//2357 2325//2325 2317//2317
f 2357//2357 2317//2317 2358//2358
f 2358//2358 2317//2317 2319//2319
f 2358//2358 2319//2319 2359//2359
f 2359//2359 2319//2319 2321//2321
f 2359//2359 2321//2321 2360//2360
f 1697//1697 2295//2295 2332//2332
f 2332//2332 2295//2295 2356//2356
f 2332//2332 2356//2356 2351//2351
f 2351//2351 2356//2356 2357//2357
f 2351//2351 2357//2357 2352//2352
f 2352//2352 2357//2357 2358//2358
f 2352//2352 2358//2358 2353//2353
f 2353//2353 2358//2358 2359//2359
f 2353//2353 2359//2359 2354//2354
f 2354//2354 2359//2359 2360//2360
f 2354//2354 2360//2360 2355//2355
f 2361//2361 2347//2347 2362//2362
f 2362//2362 2347//2347 2348//2348
f 2362//2362 2348//2348 2363//2363
f 2363//2363 2348//2348 2349//2349
f 2363//2363 2349//2349 2364//2364
f 2364//2364 2349//2349 2350//2350
f 2364//2364 2350//2350 2365//2365
f 2365//2365 2350//2350 2346//2346
f 2365//2365 2346//2346 2366//2366
f 2366//2366 2346//2346 2355//2355
f 2366//2366 2355//2355 2367//2367
f 2367//2367 2355//2355 2360//2360
f 2367//2367 2360//2360 2368//2368
f 2368//2368 2360//2360 2321//2321
f 2368//2368 2321//2321 2369//2369
f 2369//2369 2321//2321 2320//2320
f 2369//2369 2370//2370 2368//2368
f 2368//2368 2370//2370 2371//2371
f 2368//2368 2371//2371 2367//2367
f 2367//2367 2371//2371 2372//2372
f 2367//2367 2372//2372 2366//2366
f 2366//2366 2372//2372 2373//2373
f 2366//2366 2373//2373 2365//2365
f 2365//2365 2373//2373 2374//2374
f 2365//2365 2374//2374 2364//2364
f 2364//2364 2374//2374 2375//2375
f 2364//2364 2375//2375 2363//2363
f 2363//2363 2375//2375 2376//2376
f 2363//2363 2376//2376 2362//2362
f 2362//2362 2376//2376 2377//2377
f 2362//2362 2377//2377 2361//2361
f 2361//2361 2377//2377 2378//2378
f 2379//2379 2380//2380 2381//2381
f 2381//2381 2380//2380 2382//2382
f 2381//2381 2382//2382 2383//2383
f 2383//2383 2382//2382 2384//2384
f 2385//2385 2386//2386 2387//2387
f 2385//2385 2387//2387 2388//2388
f 2388//2388 2387//2387 2315//2315
f 2388//2388 2315//2315 2312//2312
f 2312//2312 2315//2315 2316//2316
f 2312//2312 2316//2316 2279//2279
f 2255//2255 2256//2256 2312//2312
f 2312//2312 2256//2256 2258//2258
f 2312//2312 2258//2258 2388//2388
f 2388//2388 2258//2258 2293//2293
f 2388//2388 2293//2293 2385//2385
f 2385//2385 2293//2293 2292//2292
f 2386//2386 2385//2385 2389//2389
f 2389//2389 2385//2385 2292//2292
f 2389//2389 2292//2292 2390//2390
f 2390//2390 2292//2292 2294//2294
f 2390//2390 2294//2294 2391//2391
f 2391//2391 2294//2294 1896//1896
f 2391//2391 1896//1896 1885//1885
f 1928//1928 2392//2392 1929//1929
f 1929//1929 2392//2392 2391//2391
f 1929//1929 2391//2391 1884//1884
f 1884//1884 2391//2391 1885//1885
f 1794//1794 1791//1791 2309//2309
f 2309//2309 1791//1791 2308//2308
f 2309//2309 2308//2308 2290//2290
f 1849//1849 1850//1850 2300//2300
f 2300//2300 1850//1850 2311//2311
f 2300//2300 2311//2311 2393//2393
f 2393//2393 2311//2311 2394//2394
f 2393//2393 2394//2394 2395//2395
f 2396//2396 2397//2397 2398//2398
f 2398//2398 2397//2397 2395//2395
f 2398//2398 2395//2395 2399//2399
f 2399//2399 2395//2395 2394//2394
f 1851//1851 1852//1852 2311//2311
f 2311//2311 1852//1852 2309//2309
f 2311//2311 2309//2309 2394//2394
f 2394//2394 2309//2309 2290//2290
f 2394//2394 2290//2290 2399//2399
f 2399//2399 2290//2290 2289//2289
f 2399//2399 2289//2289 2398//2398
f 2398//2398 2289//2289 2291//2291
f 2398//2398 2291//2291 2396//2396
f 1710//1710 1725//1725 2400//2400
f 2400//2400 1725//1725 2401//2401
f 2400//2400 2401//2401 2402//2402
f 2402//2402 2401//2401 2403//2403
f 2402//2402 2403//2403 2404//2404
f 2404//2404 2403//2403 2405//2405
f 2404//2404 2405//2405 2406//2406
f 2406//2406 2405//2405 2407//2407
f 2406//2406 2407//2407 2408//2408
f 2408//2408 2407//2407 2409//2409
f 2408//2408 2409//2409 2410//2410
f 2410//2410 2409//2409 2411//2411
f 2410//2410 2411//2411 2412//2412
f 1723//1723 1758//1758 2328//2328
f 2328//2328 1758//1758 1757//1757
f 2328//2328 1757//1757 2296//2296
f 2296//2296 1757//1757 1756//1756
f 2296//2296 1756//1756 1755//1755
f 2413//2413 2379//2379 2414//2414
f 2414//2414 2379//2379 2381//2381
f 2414//2414 2381//2381 2415//2415
f 2415//2415 2381//2381 2383//2383
f 2415//2415 2383//2383 2416//2416
f 2416//2416 2383//2383 2384//2384
f 2416//2416 2384//2384 2417//2417
f 2417//2417 2384//2384 2418//2418
f 2417//2417 2418//2418 2419//2419
f 2419//2419 2418//2418 2420//2420
f 2419//2419 2420//2420 2421//2421
f 2421//2421 2420//2420 2422//2422
f 2421//2421 2422//2422 2423//2423
f 2423//2423 2422//2422 2424//2424
f 2423//2423 2424//2424 2425//2425
f 2425//2425 2424//2424 2426//2426
f 2425//2425 2426//2426 2427//2427
f 2427//2427 2426//2426 2428//2428
f 2427//2427 2428//2428 2429//2429
f 2429//2429 2428//2428 2430//2430
f 2429//2429 2430//2430 2431//2431
f 2431//2431 2430//2430 2432//2432
f 2431//2431 2432//2432 2433//2433
f 2420//2420 2434//2434 2422//2422
f 2422//2422 2434//2434 2412//2412
f 2422//2422 2412//2412 2424//2424
f 2424//2424 2412//2412 2411//2411
f 2424//2424 2411//2411 2426//2426
f 2426//2426 2411//2411 2409//2409
f 2426//2426 2409//2409 2428//2428
f 2428//2428 2409//2409 2407//2407
f 2428//2428 2407//2407 2430//2430
f 2430//2430 2407//2407 2405//2405
f 2430//2430 2405//2405 2432//2432
f 2432//2432 2405//2405 2403//2403
f 2432//2432 2403//2403 2433//2433
f 2433//2433 2403//2403 2401//2401
f 2433//2433 2401//2401 1724//1724
f 1724//1724 2401//2401 1725//1725
f 1606//1606 1710//1710 2307//2307
f 2307//2307 1710//1710 2400//2400
f 2307//2307 2400//2400 2306//2306
f 2306//2306 2400//2400 2402//2402
f 2306//2306 2402//2402 2305//2305
f 2305//2305 2402//2402 2404//2404
f 2305//2305 2404//2404 2304//2304
f 2304//2304 2404//2404 2406//2406
f 2304//2304 2406//2406 2303//2303
f 2303//2303 2406//2406 2408//2408
f 2303//2303 2408//2408 2302//2302
f 2302//2302 2408//2408 2410//2410
f 2302//2302 2410//2410 2301//2301
f 2301//2301 2410//2410 2412//2412
f 2301//2301 2412//2412 2308//2308
f 2308//2308 2412//2412 2434//2434
f 2308//2308 2434//2434 2290//2290
f 2290//2290 2434//2434 2420//2420
f 2290//2290 2420//2420 2288//2288
f 2288//2288 2420//2420 2418//2418
f 2288//2288 2418//2418 2291//2291
f 2291//2291 2418//2418 2384//2384
f 2291//2291 2384//2384 2396//2396
f 2396//2396 2384//2384 2382//2382
f 2396//2396 2382//2382 2397//2397
f 1874//1874 1875//1875 1925//1925
f 1925//1925 1875//1875 2300//2300
f 1925//1925 2300//2300 1926//1926
f 1926//1926 2300//2300 2393//2393
f 1926//1926 2393//2393 1927//1927
f 1927//1927 2393//2393 2395//2395
f 1927//1927 2395//2395 1928//1928
f 1928//1928 2395//2395 2397//2397
f 1928//1928 2397//2397 2392//2392
f 2392//2392 2397//2397 2382//2382
f 2392//2392 2382//2382 2391//2391
f 2391//2391 2382//2382 2380//2380
f 2391//2391 2380//2380 2390//2390
f 2390//2390 2380//2380 2379//2379
f 2390//2390 2379//2379 2389//2389
f 2389//2389 2379//2379 2413//2413
f 2389//2389 2413//2413 2386//2386
f 1724//1724 1723//1723 2433//2433
f 2433//2433 1723//1723 2328//2328
f 2433//2433 2328//2328 2431//2431
f 2431//2431 2328//2328 2333//2333
f 2431//2431 2333//2333 2429//2429
f 2429//2429 2333//2333 2335//2335
f 2429//2429 2335//2335 2427//2427
f 2427//2427 2335//2335 2337//2337
f 2427//2427 2337//2337 2425//2425
f 2425//2425 2337//2337 2339//2339
f 2425//2425 2339//2339 2423//2423
f 2423//2423 2339//2339 2347//2347
f 2423//2423 2347//2347 2421//2421
f 2421//2421 2347//2347 2361//2361
f 2421//2421 2361//2361 2419//2419
f 2419//2419 2361//2361 2378//2378
f 2419//2419 2378//2378 2417//2417
f 2417//2417 2378//2378 2377//2377
f 2417//2417 2377//2377 2416//2416
f 2416//2416 2377//2377 2376//2376
f 2416//2416 2376//2376 2415//2415
f 2415//2415 2376//2376 2375//2375
f 2415//2415 2375//2375 2414//2414
f 2414//2414 2375//2375 2374//2374
f 2414//2414 2374//2374 2413//2413
f 2413//2413 2374//2374 2373//2373
f 2413//2413 2373//2373 2386//2386
f 2386//2386 2373//2373 2372//2372
f 2386//2386 2372//2372 2387//2387
f 2387//2387 2372//2372 2371//2371
f 2387//2387 2371//2371 2315//2315
f 2315//2315 2371//2371 2370//2370
f 2315//2315 2370//2370 2313//2313
f 2316//2316 2314//2314 2205//2205
f 2205//2205 2314//2314 2204//2204
f 754//754 1637//1637 506//506
f 506//506 1637//1637 1638//1638
f 506//506 1638//1638 823//823
f 2205//2205 2207//2207 2316//2316
f 2316//2316 2207//2207 2231//2231
f 2316//2316 2231//2231 2234//2234
f 2234//2234 2233//2233 2316//2316
f 2316//2316 2233//2233 2236//2236
f 2316//2316 2236//2236 2235//2235
f 2235//2235 2217//2217 2316//2316
f 2316//2316 2217//2217 2216//2216
f 2316//2316 2216//2216 2240//2240
f 2278//2278 2277//2277 2316//2316
f 2316//2316 2277//2277 2281//2281
f 2316//2316 2281//2281 2279//2279
f 2279//2279 2281//2281 2280//2280
f 530//530 528//528 502//502
f 502//502 528//528 503//503
f 823//823 820//820 506//506
f 506//506 820//820 818//818
f 506//506 818//818 507//507
f 507//507 818//818 532//532
f 2240//2240 2273//2273 2316//2316
f 2316//2316 2273//2273 2272//2272
f 2316//2316 2272//2272 2278//2278
f 817//817 530//530 818//818
f 818//818 530//530 529//529
f 818//818 529//529 532//532
f 817//817 825//825 530//530
f 530//530 825//825 828//828
f 530//530 828//828 827//827
f 827//827 826//826 530//530
f 530//530 826//826 552//552
f 530//530 552//552 528//528
f 754//754 755//755 1637//1637
f 1637//1637 755//755 689//689
f 1637//1637 689//689 1636//1636
f 1636//1636 689//689 687//687
f 1636//1636 687//687 1634//1634
f 1634//1634 687//687 686//686
f 1634//1634 686//686 1633//1633
f 1633//1633 686//686 751//751
f 1633//1633 751//751 1631//1631
f 1631//1631 751//751 752//752
f 1631//1631 752//752 1629//1629
f 1629//1629 752//752 2176//2176
f 1629//1629 2176//2176 1624//1624
f 1624//1624 2176//2176 1625//1625
f 1625//1625 2176//2176 2181//2181
f 1625//1625 2181//2181 1626//1626
f 1626//1626 2181//2181 2180//2180
f 1626//1626 2180//2180 1621//1621
f 2299//2299 2189//2189 2327//2327
f 2327//2327 2189//2189 2188//2188
f 2327//2327 2188//2188 2322//2322
f 2322//2322 2188//2188 2192//2192
f 2322//2322 2192//2192 2323//2323
f 2323//2323 2192//2192 2191//2191
f 2323//2323 2191//2191 2324//2324
f 2324//2324 2191//2191 2190//2190
f 2324//2324 2190//2190 2318//2318
f 2318//2318 2190//2190 2172//2172
f 2318//2318 2172//2172 2320//2320
f 2320//2320 2172//2172 2170//2170
f 2320//2320 2170//2170 2369//2369
f 2369//2369 2170//2170 2201//2201
f 2369//2369 2201//2201 2370//2370
f 2370//2370 2201//2201 2200//2200
f 2370//2370 2200//2200 2313//2313
f 2313//2313 2200//2200 2203//2203
f 2313//2313 2203//2203 2314//2314
f 2314//2314 2203//2203 2202//2202
f 2314//2314 2202//2202 2204//2204
f 2180//2180 2178//2178 1621//1621
f 1621//1621 2178//2178 2177//2177
f 1621//1621 2177//2177 1623//1623
f 1623//1623 2177//2177 2182//2182
f 1623//1623 2182//2182 1695//1695
f 1695//1695 2182//2182 2184//2184
f 1695//1695 2184//2184 2299//2299
f 2299//2299 2184//2184 2186//2186
f 2299//2299 2186//2186 2189//2189
f 2435//2435 2436//2436 2437//2437
f 2438//2438 2439//2439 2440//2440
f 2441//2441 2442//2442 2443//2443
f 1999//1999 1998//1998 2444//2444
f 2445//2445 2446//2446 114//114
f 90//90 2447//2447 94//94
f 94//94 2447//2447 2448//2448
f 2448//2448 2449//2449 94//94
f 94//94 2449//2449 2450//2450
f 94//94 2450//2450 2451//2451
f 90//90 89//89 2452//2452
f 2453//2453 100//100 2451//2451
f 2451//2451 100//100 98//98
f 2451//2451 98//98 94//94
f 108//108 106//106 2454//2454
f 2453//2453 2455//2455 100//100
f 100//100 2455//2455 2456//2456
f 100//100 2456//2456 102//102
f 102//102 2456//2456 2454//2454
f 102//102 2454//2454 104//104
f 104//104 2454//2454 106//106
f 2454//2454 2457//2457 108//108
f 108//108 2457//2457 2458//2458
f 108//108 2458//2458 110//110
f 110//110 2458//2458 2459//2459
f 110//110 2459//2459 111//111
f 111//111 2459//2459 2460//2460
f 111//111 2460//2460 113//113
f 2445//2445 114//114 2460//2460
f 2460//2460 114//114 116//116
f 2460//2460 116//116 113//113
f 2461//2461 2012//2012 2010//2010
f 2010//2010 2008//2008 2461//2461
f 2461//2461 2008//2008 2032//2032
f 2461//2461 2032//2032 2462//2462
f 2462//2462 2032//2032 2031//2031
f 2462//2462 2031//2031 2463//2463
f 2463//2463 2031//2031 2464//2464
f 2006//2006 2016//2016 2465//2465
f 2465//2465 2016//2016 2014//2014
f 2465//2465 2014//2014 2466//2466
f 2466//2466 2014//2014 2467//2467
f 2012//2012 2461//2461 2014//2014
f 2014//2014 2461//2461 2468//2468
f 2014//2014 2468//2468 2467//2467
f 2469//2469 559//559 562//562
f 2470//2470 2469//2469 2471//2471
f 2471//2471 2469//2469 562//562
f 2471//2471 562//562 2472//2472
f 2472//2472 562//562 2006//2006
f 2472//2472 2006//2006 2473//2473
f 2473//2473 2006//2006 2465//2465
f 2474//2474 2475//2475 2441//2441
f 2471//2471 2476//2476 2470//2470
f 2470//2470 2476//2476 2477//2477
f 2470//2470 2477//2477 2478//2478
f 2031//2031 2033//2033 2464//2464
f 2464//2464 2033//2033 2030//2030
f 2464//2464 2030//2030 2479//2479
f 2479//2479 2030//2030 2029//2029
f 2479//2479 2029//2029 2480//2480
f 2480//2480 2029//2029 1999//1999
f 2480//2480 1999//1999 2481//2481
f 2481//2481 1999//1999 2444//2444
f 2481//2481 2444//2444 2482//2482
f 2482//2482 2444//2444 2483//2483
f 2482//2482 2483//2483 2484//2484
f 2484//2484 2483//2483 2485//2485
f 2486//2486 2487//2487 2485//2485
f 2485//2485 2487//2487 2488//2488
f 2485//2485 2488//2488 2484//2484
f 2489//2489 2490//2490 2491//2491
f 2491//2491 2490//2490 2492//2492
f 2491//2491 2492//2492 2486//2486
f 2486//2486 2492//2492 2493//2493
f 2486//2486 2493//2493 2487//2487
f 2494//2494 2438//2438 2495//2495
f 2495//2495 2438//2438 2496//2496
f 2496//2496 2438//2438 2440//2440
f 2496//2496 2440//2440 2489//2489
f 2489//2489 2440//2440 2497//2497
f 2489//2489 2497//2497 2490//2490
f 2495//2495 2498//2498 2494//2494
f 2494//2494 2498//2498 2499//2499
f 2494//2494 2499//2499 2500//2500
f 2499//2499 2501//2501 2500//2500
f 2500//2500 2501//2501 2502//2502
f 2500//2500 2502//2502 2503//2503
f 2504//2504 2505//2505 2506//2506
f 2506//2506 2505//2505 2503//2503
f 2506//2506 2503//2503 2507//2507
f 2507//2507 2503//2503 2502//2502
f 2508//2508 2505//2505 2509//2509
f 2509//2509 2505//2505 2504//2504
f 2509//2509 2504//2504 2510//2510
f 2510//2510 2504//2504 2511//2511
f 2510//2510 2511//2511 2512//2512
f 2512//2512 2511//2511 2513//2513
f 2514//2514 2515//2515 2516//2516
f 2516//2516 2515//2515 2517//2517
f 2516//2516 2517//2517 2513//2513
f 2513//2513 2517//2517 2518//2518
f 2513//2513 2518//2518 2512//2512
f 2519//2519 2520//2520 2446//2446
f 2446//2446 2520//2520 2005//2005
f 2446//2446 2005//2005 114//114
f 2446//2446 2521//2521 2519//2519
f 2519//2519 2521//2521 2522//2522
f 2519//2519 2522//2522 2514//2514
f 2514//2514 2522//2522 2523//2523
f 2514//2514 2523//2523 2515//2515
f 90//90 2452//2452 2447//2447
f 2447//2447 2452//2452 2524//2524
f 2447//2447 2524//2524 2525//2525
f 2526//2526 2435//2435 2527//2527
f 2527//2527 2435//2435 2437//2437
f 2527//2527 2437//2437 2524//2524
f 2524//2524 2437//2437 2528//2528
f 2524//2524 2528//2528 2525//2525
f 2477//2477 2474//2474 2478//2478
f 2478//2478 2474//2474 2441//2441
f 2478//2478 2441//2441 2529//2529
f 2529//2529 2441//2441 2443//2443
f 2529//2529 2443//2443 2530//2530
f 2530//2530 2443//2443 2531//2531
f 2530//2530 2531//2531 2532//2532
f 2532//2532 2531//2531 2533//2533
f 2532//2532 2533//2533 2534//2534
f 2534//2534 2533//2533 2535//2535
f 2534//2534 2535//2535 2526//2526
f 2526//2526 2535//2535 2536//2536
f 2526//2526 2536//2536 2435//2435
f 2435//2435 2536//2536 2537//2537
f 2538//2538 2539//2539 1996//1996
f 475//475 467//467 2540//2540
f 1996//1996 475//475 2538//2538
f 2538//2538 475//475 2540//2540
f 2538//2538 2540//2540 2541//2541
f 2541//2541 2540//2540 2542//2542
f 2541//2541 2542//2542 2543//2543
f 2543//2543 2542//2542 2544//2544
f 2543//2543 2544//2544 2545//2545
f 2004//2004 2005//2005 2520//2520
f 2004//2004 2520//2520 2546//2546
f 1998//1998 2002//2002 2444//2444
f 2444//2444 2002//2002 2547//2547
f 2520//2520 2519//2519 2546//2546
f 2546//2546 2519//2519 2514//2514
f 2546//2546 2514//2514 2548//2548
f 2514//2514 2516//2516 2548//2548
f 2548//2548 2516//2516 2513//2513
f 2548//2548 2513//2513 2549//2549
f 2513//2513 2511//2511 2549//2549
f 2549//2549 2511//2511 2504//2504
f 2549//2549 2504//2504 2550//2550
f 2504//2504 2506//2506 2550//2550
f 2550//2550 2506//2506 2507//2507
f 2550//2550 2507//2507 2551//2551
f 2507//2507 2502//2502 2551//2551
f 2551//2551 2502//2502 2501//2501
f 2551//2551 2501//2501 2552//2552
f 2501//2501 2499//2499 2552//2552
f 2552//2552 2499//2499 2498//2498
f 2552//2552 2498//2498 2553//2553
f 2498//2498 2495//2495 2553//2553
f 2553//2553 2495//2495 2496//2496
f 2553//2553 2496//2496 2554//2554
f 2496//2496 2489//2489 2554//2554
f 2554//2554 2489//2489 2491//2491
f 2554//2554 2491//2491 2555//2555
f 2491//2491 2486//2486 2555//2555
f 2555//2555 2486//2486 2485//2485
f 2555//2555 2485//2485 2547//2547
f 2547//2547 2485//2485 2483//2483
f 2547//2547 2483//2483 2444//2444
f 560//560 559//559 2469//2469
f 70//70 69//69 77//77
f 77//77 69//69 2556//2556
f 77//77 2556//2556 86//86
f 86//86 2556//2556 83//83
f 83//83 2556//2556 2557//2557
f 83//83 2557//2557 84//84
f 560//560 2558//2558 576//576
f 576//576 2558//2558 2559//2559
f 576//576 2559//2559 579//579
f 684//684 587//587 2559//2559
f 2559//2559 587//587 580//580
f 2559//2559 580//580 579//579
f 560//560 2469//2469 2558//2558
f 2558//2558 2469//2469 2470//2470
f 2558//2558 2470//2470 2560//2560
f 2470//2470 2478//2478 2560//2560
f 2560//2560 2478//2478 2529//2529
f 2560//2560 2529//2529 2561//2561
f 2529//2529 2530//2530 2561//2561
f 2561//2561 2530//2530 2532//2532
f 2561//2561 2532//2532 2562//2562
f 2532//2532 2534//2534 2562//2562
f 2562//2562 2534//2534 2526//2526
f 2562//2562 2526//2526 2563//2563
f 89//89 84//84 2452//2452
f 2452//2452 84//84 2557//2557
f 2452//2452 2557//2557 2524//2524
f 2524//2524 2557//2557 2563//2563
f 2524//2524 2563//2563 2527//2527
f 2527//2527 2563//2563 2526//2526
f 2540//2540 467//467 465//465
f 2540//2540 465//465 2542//2542
f 456//456 2564//2564 2545//2545
f 465//465 463//463 2542//2542
f 2542//2542 463//463 461//461
f 2542//2542 461//461 2544//2544
f 2544//2544 461//461 459//459
f 2544//2544 459//459 2545//2545
f 2545//2545 459//459 457//457
f 2545//2545 457//457 456//456
f 2564//2564 456//456 2565//2565
f 2565//2565 456//456 455//455
f 2565//2565 455//455 2566//2566
f 996//996 995//995 2567//2567
f 2566//2566 455//455 2567//2567
f 2567//2567 455//455 997//997
f 2567//2567 997//997 996//996
f 991//991 244//244 241//241
f 995//995 994//994 2567//2567
f 2567//2567 994//994 993//993
f 2567//2567 993//993 248//248
f 248//248 993//993 241//241
f 241//241 993//993 992//992
f 241//241 992//992 991//991
f 2568//2568 2569//2569 235//235
f 235//235 2569//2569 2570//2570
f 235//235 2570//2570 237//237
f 248//248 247//247 2567//2567
f 2567//2567 247//247 200//200
f 2567//2567 200//200 2570//2570
f 2570//2570 200//200 199//199
f 2570//2570 199//199 196//196
f 196//196 198//198 2570//2570
f 2570//2570 198//198 249//249
f 2570//2570 249//249 237//237
f 2568//2568 235//235 2571//2571
f 2571//2571 235//235 233//233
f 2571//2571 233//233 2572//2572
f 2572//2572 233//233 231//231
f 2572//2572 231//231 2573//2573
f 2573//2573 231//231 230//230
f 2573//2573 230//230 2574//2574
f 2574//2574 230//230 207//207
f 2574//2574 207//207 2575//2575
f 207//207 256//256 2575//2575
f 2575//2575 256//256 255//255
f 2575//2575 255//255 2576//2576
f 2576//2576 255//255 253//253
f 2576//2576 253//253 2577//2577
f 2577//2577 253//253 251//251
f 2577//2577 251//251 2578//2578
f 2578//2578 251//251 250//250
f 2578//2578 250//250 2579//2579
f 2579//2579 250//250 2580//2580
f 2580//2580 250//250 227//227
f 2580//2580 227//227 225//225
f 190//190 2581//2581 195//195
f 195//195 2581//2581 2580//2580
f 195//195 2580//2580 193//193
f 193//193 2580//2580 225//225
f 192//192 222//222 2582//2582
f 222//222 208//208 2582//2582
f 2582//2582 208//208 210//210
f 2582//2582 210//210 212//212
f 212//212 168//168 2582//2582
f 2582//2582 168//168 190//190
f 2582//2582 190//190 192//192
f 168//168 167//167 190//190
f 190//190 167//167 189//189
f 190//190 189//189 2581//2581
f 2581//2581 189//189 188//188
f 2581//2581 188//188 187//187
f 187//187 186//186 2581//2581
f 2581//2581 186//186 147//147
f 2581//2581 147//147 2583//2583
f 2583//2583 147//147 2584//2584
f 2584//2584 147//147 2585//2585
f 2585//2585 147//147 146//146
f 2585//2585 146//146 2586//2586
f 2586//2586 146//146 159//159
f 2586//2586 159//159 2587//2587
f 2587//2587 159//159 160//160
f 2587//2587 160//160 2588//2588
f 160//160 162//162 2588//2588
f 2588//2588 162//162 164//164
f 2588//2588 164//164 2589//2589
f 2589//2589 164//164 158//158
f 2589//2589 158//158 156//156
f 2004//2004 2546//2546 2590//2590
f 2590//2590 2591//2591 2004//2004
f 2004//2004 2591//2591 2592//2592
f 2004//2004 2592//2592 2003//2003
f 2593//2593 2594//2594 2546//2546
f 2546//2546 2594//2594 2595//2595
f 2546//2546 2595//2595 2590//2590
f 2546//2546 2548//2548 2593//2593
f 2593//2593 2548//2548 2549//2549
f 2593//2593 2549//2549 2596//2596
f 2596//2596 2549//2549 2550//2550
f 2596//2596 2550//2550 2597//2597
f 2597//2597 2550//2550 2598//2598
f 2597//2597 2598//2598 2599//2599
f 2599//2599 2598//2598 2552//2552
f 2599//2599 2552//2552 2600//2600
f 2600//2600 2552//2552 2601//2601
f 2600//2600 2601//2601 2602//2602
f 2602//2602 2601//2601 2554//2554
f 2602//2602 2554//2554 2603//2603
f 2603//2603 2554//2554 2555//2555
f 2604//2604 2605//2605 2547//2547
f 2547//2547 2605//2605 2606//2606
f 2547//2547 2606//2606 2555//2555
f 2555//2555 2606//2606 2607//2607
f 2555//2555 2607//2607 2603//2603
f 1996//1996 2539//2539 2002//2002
f 2002//2002 2539//2539 2608//2608
f 2002//2002 2608//2608 2547//2547
f 2547//2547 2608//2608 2609//2609
f 2547//2547 2609//2609 2604//2604
f 2610//2610 2611//2611 2612//2612
f 2612//2612 2611//2611 2613//2613
f 2612//2612 2613//2613 2614//2614
f 2614//2614 2613//2613 2615//2615
f 2614//2614 2615//2615 2616//2616
f 2616//2616 2615//2615 2617//2617
f 2616//2616 2617//2617 2618//2618
f 2618//2618 2617//2617 2619//2619
f 2618//2618 2619//2619 2620//2620
f 2620//2620 2619//2619 2621//2621
f 2620//2620 2621//2621 2622//2622
f 2622//2622 2621//2621 2623//2623
f 2622//2622 2623//2623 2624//2624
f 2624//2624 2623//2623 2625//2625
f 2624//2624 2625//2625 2626//2626
f 2626//2626 2625//2625 2627//2627
f 2626//2626 2627//2627 2628//2628
f 2628//2628 2627//2627 2629//2629
f 2628//2628 2629//2629 2630//2630
f 2630//2630 2629//2629 2631//2631
f 2630//2630 2631//2631 2632//2632
f 2632//2632 2631//2631 2633//2633
f 2632//2632 2633//2633 2610//2610
f 2610//2610 2633//2633 2611//2611
f 7//7 684//684 5//5
f 5//5 684//684 2559//2559
f 21//21 12//12 2558//2558
f 2558//2558 12//12 14//14
f 2558//2558 14//14 2559//2559
f 2559//2559 14//14 16//16
f 2559//2559 16//16 5//5
f 21//21 2558//2558 22//22
f 22//22 2558//2558 2560//2560
f 22//22 2560//2560 24//24
f 55//55 54//54 2557//2557
f 2557//2557 54//54 45//45
f 2557//2557 45//45 2563//2563
f 55//55 2557//2557 50//50
f 50//50 2557//2557 2556//2556
f 50//50 2556//2556 52//52
f 69//69 66//66 2556//2556
f 2556//2556 66//66 53//53
f 2556//2556 53//53 52//52
f 45//45 32//32 2563//2563
f 2563//2563 32//32 34//34
f 2563//2563 34//34 2562//2562
f 34//34 36//36 2562//2562
f 2562//2562 36//36 38//38
f 2562//2562 38//38 2561//2561
f 2561//2561 38//38 40//40
f 40//40 27//27 2561//2561
f 2561//2561 27//27 29//29
f 2561//2561 29//29 2560//2560
f 2560//2560 29//29 31//31
f 2560//2560 31//31 24//24
f 2634//2634 2635//2635 2636//2636
f 2634//2634 2636//2636 2637//2637
f 2637//2637 2636//2636 2638//2638
f 2637//2637 2638//2638 2639//2639
f 2639//2639 2638//2638 2640//2640
f 2639//2639 2640//2640 2641//2641
f 2642//2642 2643//2643 2644//2644
f 2644//2644 2643//2643 2645//2645
f 2644//2644 2645//2645 2646//2646
f 2646//2646 2645//2645 2647//2647
f 2646//2646 2647//2647 2648//2648
f 2648//2648 2647//2647 2649//2649
f 2648//2648 2649//2649 2650//2650
f 2650//2650 2649//2649 2651//2651
f 2650//2650 2651//2651 2652//2652
f 2652//2652 2651//2651 2653//2653
f 2652//2652 2653//2653 2654//2654
f 2654//2654 2653//2653 2655//2655
f 2654//2654 2655//2655 2656//2656
f 2656//2656 2655//2655 2657//2657
f 2656//2656 2657//2657 2658//2658
f 2658//2658 2657//2657 2659//2659
f 2658//2658 2659//2659 2660//2660
f 2660//2660 2659//2659 2661//2661
f 2660//2660 2661//2661 2662//2662
f 2662//2662 2661//2661 2663//2663
f 2662//2662 2663//2663 2664//2664
f 2664//2664 2663//2663 2665//2665
f 2664//2664 2665//2665 2642//2642
f 2642//2642 2665//2665 2643//2643
f 2653//2653 2666//2666 2655//2655
f 2655//2655 2666//2666 2667//2667
f 2667//2667 2668//2668 2655//2655
f 2655//2655 2668//2668 2669//2669
f 2655//2655 2669//2669 2657//2657
f 2669//2669 2670//2670 2657//2657
f 2657//2657 2670//2670 2671//2671
f 2657//2657 2671//2671 2659//2659
f 2659//2659 2671//2671 2672//2672
f 2659//2659 2672//2672 2661//2661
f 2651//2651 2673//2673 2653//2653
f 2653//2653 2673//2673 2674//2674
f 2653//2653 2674//2674 2666//2666
f 2645//2645 2643//2643 2675//2675
f 2649//2649 2676//2676 2651//2651
f 2651//2651 2676//2676 2677//2677
f 2651//2651 2677//2677 2673//2673
f 2675//2675 2678//2678 2645//2645
f 2645//2645 2678//2678 2679//2679
f 2645//2645 2679//2679 2680//2680
f 2680//2680 2681//2681 2645//2645
f 2645//2645 2681//2681 2682//2682
f 2645//2645 2682//2682 2647//2647
f 2683//2683 2684//2684 2643//2643
f 2643//2643 2684//2684 2685//2685
f 2643//2643 2685//2685 2675//2675
f 2672//2672 2686//2686 2661//2661
f 2661//2661 2686//2686 2687//2687
f 2661//2661 2687//2687 2663//2663
f 2663//2663 2687//2687 2688//2688
f 2663//2663 2688//2688 2665//2665
f 2665//2665 2688//2688 2689//2689
f 2665//2665 2689//2689 2643//2643
f 2643//2643 2689//2689 2690//2690
f 2643//2643 2690//2690 2683//2683
f 2683//2683 2690//2690 2691//2691
f 2683//2683 2691//2691 2692//2692
f 2692//2692 2691//2691 2693//2693
f 2692//2692 2693//2693 2537//2537
f 2537//2537 2693//2693 2694//2694
f 2537//2537 2694//2694 2435//2435
f 2682//2682 2695//2695 2647//2647
f 2647//2647 2695//2695 2696//2696
f 2647//2647 2696//2696 2697//2697
f 2697//2697 2698//2698 2647//2647
f 2647//2647 2698//2698 2699//2699
f 2647//2647 2699//2699 2649//2649
f 2649//2649 2699//2699 2700//2700
f 2649//2649 2700//2700 2676//2676
f 2701//2701 2439//2439 2438//2438
f 2438//2438 2505//2505 2670//2670
f 2670//2670 2505//2505 2508//2508
f 2702//2702 2703//2703 2701//2701
f 2438//2438 2670//2670 2701//2701
f 2701//2701 2670//2670 2669//2669
f 2701//2701 2669//2669 2704//2704
f 2704//2704 2705//2705 2701//2701
f 2701//2701 2705//2705 2706//2706
f 2701//2701 2706//2706 2702//2702
f 2707//2707 2642//2642 2708//2708
f 2708//2708 2642//2642 2709//2709
f 2710//2710 2644//2644 2711//2711
f 2711//2711 2644//2644 2646//2646
f 2711//2711 2646//2646 2712//2712
f 2712//2712 2646//2646 2713//2713
f 2710//2710 2714//2714 2644//2644
f 2644//2644 2714//2714 2715//2715
f 2644//2644 2715//2715 2642//2642
f 2642//2642 2715//2715 2716//2716
f 2642//2642 2716//2716 2709//2709
f 2717//2717 2646//2646 2718//2718
f 2718//2718 2646//2646 2648//2648
f 2717//2717 2719//2719 2646//2646
f 2646//2646 2719//2719 2720//2720
f 2646//2646 2720//2720 2713//2713
f 2650//2650 2721//2721 2648//2648
f 2648//2648 2721//2721 2722//2722
f 2722//2722 2723//2723 2648//2648
f 2648//2648 2723//2723 2724//2724
f 2648//2648 2724//2724 2718//2718
f 2652//2652 2725//2725 2650//2650
f 2650//2650 2725//2725 2726//2726
f 2650//2650 2726//2726 2721//2721
f 2703//2703 2654//2654 2701//2701
f 2701//2701 2654//2654 2656//2656
f 2727//2727 2728//2728 2664//2664
f 2664//2664 2728//2728 2729//2729
f 2664//2664 2729//2729 2662//2662
f 2664//2664 2642//2642 2727//2727
f 2727//2727 2642//2642 2707//2707
f 2727//2727 2707//2707 2730//2730
f 2730//2730 2707//2707 2731//2731
f 2730//2730 2731//2731 2732//2732
f 2732//2732 2731//2731 2442//2442
f 2732//2732 2442//2442 2441//2441
f 2703//2703 2733//2733 2654//2654
f 2654//2654 2733//2733 2734//2734
f 2654//2654 2734//2734 2652//2652
f 2652//2652 2734//2734 2735//2735
f 2652//2652 2735//2735 2725//2725
f 2729//2729 2736//2736 2662//2662
f 2662//2662 2736//2736 2737//2737
f 2662//2662 2737//2737 2660//2660
f 2660//2660 2737//2737 2738//2738
f 2660//2660 2738//2738 2658//2658
f 2658//2658 2738//2738 2739//2739
f 2658//2658 2739//2739 2656//2656
f 2656//2656 2739//2739 2740//2740
f 2656//2656 2740//2740 2701//2701
f 2736//2736 2729//2729 2468//2468
f 2468//2468 2461//2461 2736//2736
f 2736//2736 2461//2461 2462//2462
f 2736//2736 2462//2462 2463//2463
f 2728//2728 2466//2466 2729//2729
f 2729//2729 2466//2466 2467//2467
f 2729//2729 2467//2467 2468//2468
f 2727//2727 2730//2730 2471//2471
f 2471//2471 2472//2472 2727//2727
f 2727//2727 2472//2472 2473//2473
f 2727//2727 2473//2473 2728//2728
f 2728//2728 2473//2473 2465//2465
f 2728//2728 2465//2465 2466//2466
f 2732//2732 2441//2441 2475//2475
f 2475//2475 2474//2474 2732//2732
f 2732//2732 2474//2474 2477//2477
f 2732//2732 2477//2477 2730//2730
f 2730//2730 2477//2477 2476//2476
f 2730//2730 2476//2476 2471//2471
f 2741//2741 2742//2742 2743//2743
f 2744//2744 2745//2745 2746//2746
f 2747//2747 2748//2748 2749//2749
f 2750//2750 2751//2751 2752//2752
f 2753//2753 2754//2754 2755//2755
f 2753//2753 2756//2756 2757//2757
f 2746//2746 2745//2745 2753//2753
f 2753//2753 2758//2758 2759//2759
f 2760//2760 2758//2758 2753//2753
f 2749//2749 2748//2748 2753//2753
f 2761//2761 2753//2753 2748//2748
f 2753//2753 2762//2762 2763//2763
f 2764//2764 2762//2762 2753//2753
f 2753//2753 2765//2765 2766//2766
f 2767//2767 2765//2765 2753//2753
f 2763//2763 2767//2767 2753//2753
f 2752//2752 2751//2751 2753//2753
f 2768//2768 2753//2753 2751//2751
f 2702//2702 2769//2769 2703//2703
f 2700//2700 2770//2770 2676//2676
f 2676//2676 2770//2770 2771//2771
f 2676//2676 2771//2771 2677//2677
f 2696//2696 2772//2772 2697//2697
f 2683//2683 2773//2773 2684//2684
f 2536//2536 2535//2535 2774//2774
f 2713//2713 2720//2720 2775//2775
f 2723//2723 2776//2776 2724//2724
f 2723//2723 2722//2722 2777//2777
f 2721//2721 2778//2778 2744//2744
f 2735//2735 2734//2734 2779//2779
f 2779//2779 2734//2734 2733//2733
f 2780//2780 2781//2781 2735//2735
f 2726//2726 2725//2725 2782//2782
f 2721//2721 2744//2744 2722//2722
f 2753//2753 2755//2755 2783//2783
f 2783//2783 2755//2755 2718//2718
f 2783//2783 2718//2718 2724//2724
f 2754//2754 2719//2719 2755//2755
f 2755//2755 2719//2719 2717//2717
f 2755//2755 2717//2717 2718//2718
f 2707//2707 2708//2708 2784//2784
f 2784//2784 2708//2708 2709//2709
f 2741//2741 2531//2531 2443//2443
f 2537//2537 2536//2536 2692//2692
f 2692//2692 2536//2536 2774//2774
f 2692//2692 2774//2774 2683//2683
f 2679//2679 2678//2678 2785//2785
f 2785//2785 2678//2678 2675//2675
f 2786//2786 2787//2787 2682//2682
f 2669//2669 2668//2668 2788//2788
f 2788//2788 2668//2668 2667//2667
f 2788//2788 2667//2667 2789//2789
f 2789//2789 2667//2667 2666//2666
f 2669//2669 2788//2788 2704//2704
f 2704//2704 2788//2788 2789//2789
f 2704//2704 2789//2789 2705//2705
f 2789//2789 2790//2790 2705//2705
f 2705//2705 2790//2790 2791//2791
f 2705//2705 2791//2791 2706//2706
f 2706//2706 2791//2791 2702//2702
f 2702//2702 2791//2791 2779//2779
f 2702//2702 2779//2779 2769//2769
f 2769//2769 2779//2779 2733//2733
f 2769//2769 2733//2733 2703//2703
f 2768//2768 2751//2751 2792//2792
f 2792//2792 2751//2751 2750//2750
f 2792//2792 2750//2750 2793//2793
f 2794//2794 2753//2753 2768//2768
f 2787//2787 2786//2786 2795//2795
f 2695//2695 2682//2682 2796//2796
f 2796//2796 2682//2682 2787//2787
f 2796//2796 2787//2787 2797//2797
f 2797//2797 2787//2787 2795//2795
f 2797//2797 2795//2795 2753//2753
f 2772//2772 2766//2766 2697//2697
f 2697//2697 2766//2766 2765//2765
f 2697//2697 2765//2765 2698//2698
f 2698//2698 2765//2765 2767//2767
f 2698//2698 2767//2767 2699//2699
f 2699//2699 2767//2767 2763//2763
f 2699//2699 2763//2763 2700//2700
f 2700//2700 2763//2763 2762//2762
f 2700//2700 2762//2762 2770//2770
f 2770//2770 2762//2762 2764//2764
f 2770//2770 2764//2764 2771//2771
f 2761//2761 2748//2748 2798//2798
f 2798//2798 2748//2748 2747//2747
f 2798//2798 2747//2747 2799//2799
f 2800//2800 2759//2759 2801//2801
f 2801//2801 2759//2759 2758//2758
f 2801//2801 2758//2758 2802//2802
f 2802//2802 2758//2758 2760//2760
f 2802//2802 2760//2760 2803//2803
f 2722//2722 2744//2744 2777//2777
f 2777//2777 2744//2744 2746//2746
f 2777//2777 2746//2746 2757//2757
f 2757//2757 2746//2746 2753//2753
f 2723//2723 2777//2777 2776//2776
f 2776//2776 2777//2777 2757//2757
f 2776//2776 2757//2757 2724//2724
f 2724//2724 2757//2757 2756//2756
f 2724//2724 2756//2756 2783//2783
f 2783//2783 2756//2756 2753//2753
f 2712//2712 2713//2713 2804//2804
f 2804//2804 2713//2713 2775//2775
f 2804//2804 2775//2775 2805//2805
f 2805//2805 2806//2806 2804//2804
f 2804//2804 2806//2806 2807//2807
f 2804//2804 2807//2807 2712//2712
f 2712//2712 2807//2807 2711//2711
f 2714//2714 2710//2710 2808//2808
f 2808//2808 2710//2710 2711//2711
f 2808//2808 2711//2711 2809//2809
f 2809//2809 2711//2711 2807//2807
f 2809//2809 2807//2807 2810//2810
f 2810//2810 2807//2807 2806//2806
f 2810//2810 2806//2806 2753//2753
f 2805//2805 2753//2753 2806//2806
f 2720//2720 2719//2719 2775//2775
f 2775//2775 2719//2719 2754//2754
f 2775//2775 2754//2754 2805//2805
f 2805//2805 2754//2754 2753//2753
f 2794//2794 2768//2768 2811//2811
f 2811//2811 2768//2768 2792//2792
f 2811//2811 2792//2792 2812//2812
f 2812//2812 2792//2792 2793//2793
f 2812//2812 2793//2793 2813//2813
f 2814//2814 2753//2753 2794//2794
f 2682//2682 2681//2681 2786//2786
f 2786//2786 2681//2681 2815//2815
f 2786//2786 2815//2815 2816//2816
f 2799//2799 2817//2817 2798//2798
f 2798//2798 2817//2817 2818//2818
f 2798//2798 2818//2818 2761//2761
f 2761//2761 2818//2818 2819//2819
f 2761//2761 2819//2819 2753//2753
f 2820//2820 2800//2800 2821//2821
f 2821//2821 2800//2800 2801//2801
f 2821//2821 2801//2801 2822//2822
f 2822//2822 2801//2801 2802//2802
f 2822//2822 2802//2802 2823//2823
f 2823//2823 2802//2802 2803//2803
f 2823//2823 2803//2803 2782//2782
f 2721//2721 2726//2726 2778//2778
f 2778//2778 2726//2726 2782//2782
f 2778//2778 2782//2782 2744//2744
f 2744//2744 2782//2782 2803//2803
f 2744//2744 2803//2803 2745//2745
f 2745//2745 2803//2803 2760//2760
f 2745//2745 2760//2760 2753//2753
f 2716//2716 2715//2715 2824//2824
f 2824//2824 2715//2715 2714//2714
f 2824//2824 2714//2714 2825//2825
f 2825//2825 2714//2714 2808//2808
f 2825//2825 2808//2808 2826//2826
f 2826//2826 2808//2808 2809//2809
f 2826//2826 2809//2809 2827//2827
f 2827//2827 2809//2809 2810//2810
f 2827//2827 2810//2810 2753//2753
f 2681//2681 2680//2680 2815//2815
f 2815//2815 2680//2680 2679//2679
f 2815//2815 2679//2679 2816//2816
f 2816//2816 2679//2679 2785//2785
f 2816//2816 2785//2785 2828//2828
f 2829//2829 2820//2820 2830//2830
f 2830//2830 2820//2820 2821//2821
f 2830//2830 2821//2821 2831//2831
f 2831//2831 2821//2821 2822//2822
f 2831//2831 2822//2822 2832//2832
f 2832//2832 2822//2822 2823//2823
f 2832//2832 2823//2823 2780//2780
f 2780//2780 2823//2823 2782//2782
f 2780//2780 2782//2782 2781//2781
f 2781//2781 2782//2782 2725//2725
f 2781//2781 2725//2725 2735//2735
f 2829//2829 2799//2799 2820//2820
f 2820//2820 2799//2799 2747//2747
f 2820//2820 2747//2747 2800//2800
f 2800//2800 2747//2747 2749//2749
f 2800//2800 2749//2749 2759//2759
f 2759//2759 2749//2749 2753//2753
f 2814//2814 2794//2794 2833//2833
f 2833//2833 2794//2794 2811//2811
f 2833//2833 2811//2811 2834//2834
f 2834//2834 2811//2811 2812//2812
f 2834//2834 2812//2812 2835//2835
f 2835//2835 2812//2812 2813//2813
f 2835//2835 2813//2813 2836//2836
f 2837//2837 2828//2828 2838//2838
f 2838//2838 2828//2828 2785//2785
f 2838//2838 2785//2785 2839//2839
f 2839//2839 2785//2785 2675//2675
f 2839//2839 2675//2675 2685//2685
f 2735//2735 2779//2779 2780//2780
f 2780//2780 2779//2779 2791//2791
f 2780//2780 2791//2791 2832//2832
f 2832//2832 2791//2791 2790//2790
f 2832//2832 2790//2790 2831//2831
f 2831//2831 2790//2790 2789//2789
f 2831//2831 2789//2789 2830//2830
f 2830//2830 2789//2789 2666//2666
f 2830//2830 2666//2666 2829//2829
f 2829//2829 2666//2666 2674//2674
f 2829//2829 2674//2674 2799//2799
f 2799//2799 2674//2674 2673//2673
f 2799//2799 2673//2673 2817//2817
f 2817//2817 2673//2673 2677//2677
f 2817//2817 2677//2677 2818//2818
f 2818//2818 2677//2677 2771//2771
f 2818//2818 2771//2771 2819//2819
f 2819//2819 2771//2771 2764//2764
f 2819//2819 2764//2764 2753//2753
f 2753//2753 2795//2795 2752//2752
f 2752//2752 2795//2795 2786//2786
f 2752//2752 2786//2786 2750//2750
f 2750//2750 2786//2786 2816//2816
f 2750//2750 2816//2816 2793//2793
f 2793//2793 2816//2816 2828//2828
f 2793//2793 2828//2828 2813//2813
f 2813//2813 2828//2828 2837//2837
f 2813//2813 2837//2837 2836//2836
f 2696//2696 2695//2695 2772//2772
f 2772//2772 2695//2695 2796//2796
f 2772//2772 2796//2796 2766//2766
f 2766//2766 2796//2796 2797//2797
f 2766//2766 2797//2797 2753//2753
f 2716//2716 2824//2824 2709//2709
f 2709//2709 2824//2824 2840//2840
f 2709//2709 2840//2840 2784//2784
f 2784//2784 2840//2840 2742//2742
f 2784//2784 2742//2742 2707//2707
f 2707//2707 2742//2742 2741//2741
f 2707//2707 2741//2741 2731//2731
f 2731//2731 2741//2741 2443//2443
f 2731//2731 2443//2443 2442//2442
f 2838//2838 2743//2743 2837//2837
f 2837//2837 2743//2743 2742//2742
f 2837//2837 2742//2742 2836//2836
f 2836//2836 2742//2742 2840//2840
f 2836//2836 2840//2840 2835//2835
f 2835//2835 2840//2840 2824//2824
f 2835//2835 2824//2824 2834//2834
f 2834//2834 2824//2824 2825//2825
f 2834//2834 2825//2825 2833//2833
f 2833//2833 2825//2825 2826//2826
f 2833//2833 2826//2826 2814//2814
f 2814//2814 2826//2826 2827//2827
f 2814//2814 2827//2827 2753//2753
f 2773//2773 2683//2683 2841//2841
f 2841//2841 2683//2683 2774//2774
f 2841//2841 2774//2774 2842//2842
f 2842//2842 2774//2774 2535//2535
f 2842//2842 2535//2535 2533//2533
f 2685//2685 2684//2684 2839//2839
f 2839//2839 2684//2684 2773//2773
f 2839//2839 2773//2773 2838//2838
f 2838//2838 2773//2773 2841//2841
f 2838//2838 2841//2841 2743//2743
f 2743//2743 2841//2841 2842//2842
f 2743//2743 2842//2842 2741//2741
f 2741//2741 2842//2842 2533//2533
f 2741//2741 2533//2533 2531//2531
f 2436//2436 2435//2435 2694//2694
f 2436//2436 2694//2694 2437//2437
f 2448//2448 2447//2447 2693//2693
f 2693//2693 2447//2447 2525//2525
f 2693//2693 2525//2525 2694//2694
f 2694//2694 2525//2525 2528//2528
f 2694//2694 2528//2528 2437//2437
f 2448//2448 2693//2693 2449//2449
f 2449//2449 2693//2693 2691//2691
f 2449//2449 2691//2691 2450//2450
f 2450//2450 2691//2691 2451//2451
f 2451//2451 2691//2691 2690//2690
f 2451//2451 2690//2690 2453//2453
f 2453//2453 2690//2690 2455//2455
f 2455//2455 2690//2690 2689//2689
f 2455//2455 2689//2689 2456//2456
f 2456//2456 2689//2689 2454//2454
f 2454//2454 2689//2689 2688//2688
f 2454//2454 2688//2688 2457//2457
f 2457//2457 2688//2688 2458//2458
f 2459//2459 2458//2458 2688//2688
f 2459//2459 2688//2688 2460//2460
f 2460//2460 2688//2688 2687//2687
f 2460//2460 2687//2687 2445//2445
f 2445//2445 2687//2687 2446//2446
f 2446//2446 2687//2687 2686//2686
f 2446//2446 2686//2686 2521//2521
f 2517//2517 2515//2515 2672//2672
f 2522//2522 2521//2521 2686//2686
f 2672//2672 2515//2515 2686//2686
f 2686//2686 2515//2515 2523//2523
f 2686//2686 2523//2523 2522//2522
f 2670//2670 2508//2508 2671//2671
f 2671//2671 2508//2508 2509//2509
f 2509//2509 2510//2510 2671//2671
f 2671//2671 2510//2510 2512//2512
f 2671//2671 2512//2512 2672//2672
f 2672//2672 2512//2512 2518//2518
f 2672//2672 2518//2518 2517//2517
f 2505//2505 2438//2438 2503//2503
f 2503//2503 2438//2438 2494//2494
f 2503//2503 2494//2494 2500//2500
f 2439//2439 2701//2701 2440//2440
f 2440//2440 2701//2701 2740//2740
f 2440//2440 2740//2740 2497//2497
f 2497//2497 2740//2740 2490//2490
f 2490//2490 2740//2740 2492//2492
f 2492//2492 2740//2740 2739//2739
f 2492//2492 2739//2739 2493//2493
f 2482//2482 2484//2484 2738//2738
f 2738//2738 2484//2484 2488//2488
f 2738//2738 2488//2488 2739//2739
f 2739//2739 2488//2488 2487//2487
f 2739//2739 2487//2487 2493//2493
f 2482//2482 2738//2738 2481//2481
f 2481//2481 2738//2738 2737//2737
f 2463//2463 2464//2464 2736//2736
f 2736//2736 2464//2464 2479//2479
f 2736//2736 2479//2479 2737//2737
f 2737//2737 2479//2479 2480//2480
f 2737//2737 2480//2480 2481//2481
f 2843//2843 2844//2844 2845//2845
f 2845//2845 2844//2844 2846//2846
f 2847//2847 2848//2848 2849//2849
f 2849//2849 2848//2848 2850//2850
f 2849//2849 2850//2850 2851//2851
f 2851//2851 2850//2850 2852//2852
f 2852//2852 2850//2850 2846//2846
f 2852//2852 2846//2846 2844//2844
f 2853//2853 2854//2854 2855//2855
f 2855//2855 2854//2854 2856//2856
f 2857//2857 2858//2858 2859//2859
f 2859//2859 2858//2858 2860//2860
f 2859//2859 2860//2860 2854//2854
f 2854//2854 2860//2860 2861//2861
f 2854//2854 2861//2861 2856//2856
f 2855//2855 2862//2862 2853//2853
f 2853//2853 2862//2862 2863//2863
f 2619//2619 2617//2617 2864//2864
f 2864//2864 2617//2617 2615//2615
f 2864//2864 2615//2615 2865//2865
f 2865//2865 2615//2615 2613//2613
f 2865//2865 2613//2613 2611//2611
f 2631//2631 2629//2629 2639//2639
f 2639//2639 2629//2629 2637//2637
f 2864//2864 2857//2857 2619//2619
f 2619//2619 2857//2857 2859//2859
f 2619//2619 2859//2859 2621//2621
f 2621//2621 2859//2859 2854//2854
f 2621//2621 2854//2854 2623//2623
f 2623//2623 2854//2854 2853//2853
f 2623//2623 2853//2853 2863//2863
f 2639//2639 2641//2641 2631//2631
f 2631//2631 2641//2641 2866//2866
f 2631//2631 2866//2866 2867//2867
f 2629//2629 2627//2627 2637//2637
f 2637//2637 2627//2627 2625//2625
f 2637//2637 2625//2625 2634//2634
f 2634//2634 2625//2625 2623//2623
f 2634//2634 2623//2623 2868//2868
f 2868//2868 2623//2623 2863//2863
f 2868//2868 2863//2863 2869//2869
f 2847//2847 2865//2865 2848//2848
f 2848//2848 2865//2865 2611//2611
f 2848//2848 2611//2611 2850//2850
f 2850//2850 2611//2611 2633//2633
f 2850//2850 2633//2633 2846//2846
f 2846//2846 2633//2633 2631//2631
f 2846//2846 2631//2631 2845//2845
f 2845//2845 2631//2631 2867//2867
f 2863//2863 2862//2862 2870//2870
f 2863//2863 2870//2870 2869//2869
f 2869//2869 2870//2870 2871//2871
f 2869//2869 2871//2871 2868//2868
f 2868//2868 2871//2871 2635//2635
f 2868//2868 2635//2635 2634//2634
f 2641//2641 2640//2640 2872//2872
f 2641//2641 2872//2872 2866//2866
f 2866//2866 2872//2872 2873//2873
f 2866//2866 2873//2873 2867//2867
f 2867//2867 2873//2873 2843//2843
f 2867//2867 2843//2843 2845//2845
f 2874//2874 2875//2875 2876//2876
f 2876//2876 2875//2875 2877//2877
f 2876//2876 2877//2877 2878//2878
f 2878//2878 2877//2877 2865//2865
f 2865//2865 2847//2847 2878//2878
f 2878//2878 2847//2847 2849//2849
f 2878//2878 2849//2849 2879//2879
f 2879//2879 2849//2849 2851//2851
f 2851//2851 2852//2852 2879//2879
f 2879//2879 2852//2852 2844//2844
f 2879//2879 2844//2844 2843//2843
f 2874//2874 2880//2880 2875//2875
f 2875//2875 2880//2880 2881//2881
f 2875//2875 2881//2881 2877//2877
f 2877//2877 2881//2881 2882//2882
f 2877//2877 2882//2882 2865//2865
f 2865//2865 2882//2882 2864//2864
f 2881//2881 2880//2880 2883//2883
f 2538//2538 2864//2864 2883//2883
f 2883//2883 2864//2864 2882//2882
f 2883//2883 2882//2882 2881//2881
f 2856//2856 2541//2541 2855//2855
f 2855//2855 2541//2541 2862//2862
f 2857//2857 2864//2864 2858//2858
f 2858//2858 2864//2864 2538//2538
f 2858//2858 2538//2538 2860//2860
f 2860//2860 2538//2538 2541//2541
f 2860//2860 2541//2541 2861//2861
f 2861//2861 2541//2541 2856//2856
f 2567//2567 2570//2570 2635//2635
f 2871//2871 2565//2565 2635//2635
f 2635//2635 2565//2565 2566//2566
f 2635//2635 2566//2566 2567//2567
f 2870//2870 2862//2862 2541//2541
f 2541//2541 2543//2543 2870//2870
f 2870//2870 2543//2543 2545//2545
f 2870//2870 2545//2545 2871//2871
f 2871//2871 2545//2545 2564//2564
f 2871//2871 2564//2564 2565//2565
f 2575//2575 2576//2576 2638//2638
f 2638//2638 2576//2576 2577//2577
f 2580//2580 2640//2640 2579//2579
f 2579//2579 2640//2640 2638//2638
f 2579//2579 2638//2638 2578//2578
f 2578//2578 2638//2638 2577//2577
f 2575//2575 2638//2638 2574//2574
f 2574//2574 2638//2638 2636//2636
f 2574//2574 2636//2636 2573//2573
f 2568//2568 2571//2571 2636//2636
f 2636//2636 2571//2571 2572//2572
f 2636//2636 2572//2572 2573//2573
f 2635//2635 2570//2570 2636//2636
f 2636//2636 2570//2570 2569//2569
f 2636//2636 2569//2569 2568//2568
f 2879//2879 2843//2843 2884//2884
f 2884//2884 2843//2843 2873//2873
f 2884//2884 2873//2873 2885//2885
f 2885//2885 2873//2873 2586//2586
f 2586//2586 2873//2873 2872//2872
f 2586//2586 2872//2872 2585//2585
f 2580//2580 2581//2581 2640//2640
f 2640//2640 2581//2581 2583//2583
f 2640//2640 2583//2583 2872//2872
f 2872//2872 2583//2583 2584//2584
f 2872//2872 2584//2584 2585//2585
f 2885//2885 2586//2586 2587//2587
f 2592//2592 2878//2878 2003//2003
f 2003//2003 2878//2878 155//155
f 156//156 155//155 2589//2589
f 2589//2589 155//155 2878//2878
f 2589//2589 2878//2878 2588//2588
f 2588//2588 2878//2878 2879//2879
f 2588//2588 2879//2879 2587//2587
f 2587//2587 2879//2879 2884//2884
f 2587//2587 2884//2884 2885//2885
f 2594//2594 2593//2593 2886//2886
f 2886//2886 2593//2593 2596//2596
f 2886//2886 2600//2600 2602//2602
f 2596//2596 2597//2597 2886//2886
f 2886//2886 2597//2597 2599//2599
f 2886//2886 2599//2599 2600//2600
f 2602//2602 2603//2603 2886//2886
f 2886//2886 2603//2603 2607//2607
f 2886//2886 2607//2607 2606//2606
f 2595//2595 2594//2594 2886//2886
f 2886//2886 2606//2606 2605//2605
f 2595//2595 2886//2886 2590//2590
f 2590//2590 2886//2886 2605//2605
f 2590//2590 2605//2605 2604//2604
f 2591//2591 2590//2590 2874//2874
f 2874//2874 2590//2590 2604//2604
f 2874//2874 2604//2604 2880//2880
f 2880//2880 2604//2604 2609//2609
f 2880//2880 2609//2609 2883//2883
f 2874//2874 2876//2876 2591//2591
f 2591//2591 2876//2876 2878//2878
f 2591//2591 2878//2878 2592//2592
f 2609//2609 2608//2608 2883//2883
f 2883//2883 2608//2608 2539//2539
f 2883//2883 2539//2539 2538//2538
f 2630//2630 2632//2632 2887//2887
f 2887//2887 2632//2632 2610//2610
f 2887//2887 2610//2610 2612//2612
f 2624//2624 2626//2626 2887//2887
f 2887//2887 2626//2626 2628//2628
f 2887//2887 2628//2628 2630//2630
f 2618//2618 2620//2620 2887//2887
f 2887//2887 2620//2620 2622//2622
f 2887//2887 2622//2622 2624//2624
f 2612//2612 2614//2614 2887//2887
f 2887//2887 2614//2614 2616//2616
f 2887//2887 2616//2616 2618//2618
f 2888//2888 2889//2889 2890//2890
f 2890//2890 2889//2889 2891//2891
f 2892//2892 2893//2893 2894//2894
f 2895//2895 2896//2896 2888//2888
f 2888//2888 2896//2896 2892//2892
f 2888//2888 2892//2892 2889//2889
f 2889//2889 2892//2892 2894//2894
f 2888//2888 2890//2890 2895//2895
f 2895//2895 2890//2890 2897//2897
f 2898//2898 2899//2899 2900//2900
f 2900//2900 2899//2899 2901//2901
f 2900//2900 2901//2901 2902//2902
f 2889//2889 2894//2894 2891//2891
f 2891//2891 2894//2894 2903//2903
f 2896//2896 2902//2902 2892//2892
f 2892//2892 2902//2902 2901//2901
f 2892//2892 2901//2901 2893//2893
f 2893//2893 2901//2901 2899//2899
f 2895//2895 2897//2897 2904//2904
f 2900//2900 2902//2902 2896//2896
f 2896//2896 2895//2895 2900//2900
f 2900//2900 2895//2895 2904//2904
f 2900//2900 2904//2904 2898//2898
f 2898//2898 2904//2904 2905//2905
f 2898//2898 2905//2905 2906//2906
f 2907//2907 2908//2908 2909//2909
f 2909//2909 2908//2908 2910//2910
f 2911//2911 2906//2906 2912//2912
f 2912//2912 2906//2906 2908//2908
f 2912//2912 2908//2908 2913//2913
f 2913//2913 2908//2908 2907//2907
f 2914//2914 2910//2910 2908//2908
f 2914//2914 2908//2908 2915//2915
f 2915//2915 2908//2908 2916//2916
f 2915//2915 2916//2916 2917//2917
f 2918//2918 2917//2917 2916//2916
f 2908//2908 2906//2906 2919//2919
f 2919//2919 2920//2920 2908//2908
f 2908//2908 2920//2920 2921//2921
f 2908//2908 2921//2921 2916//2916
f 2916//2916 2921//2921 2922//2922
f 2916//2916 2922//2922 2918//2918
f 2905//2905 2904//2904 2923//2923
f 2923//2923 2904//2904 2897//2897
f 2903//2903 2924//2924 2891//2891
f 2891//2891 2924//2924 2923//2923
f 2891//2891 2923//2923 2890//2890
f 2890//2890 2923//2923 2897//2897
f 2924//2924 2903//2903 2894//2894
f 2911//2911 2925//2925 2906//2906
f 2906//2906 2925//2925 2926//2926
f 2893//2893 2899//2899 2894//2894
f 2894//2894 2899//2899 2898//2898
f 2894//2894 2898//2898 2924//2924
f 2924//2924 2898//2898 2906//2906
f 2924//2924 2906//2906 2927//2927
f 2927//2927 2906//2906 2926//2926
f 2907//2907 2909//2909 2928//2928
f 2927//2927 2926//2926 2929//2929
f 2929//2929 2926//2926 2925//2925
f 2929//2929 2925//2925 2930//2930
f 2930//2930 2925//2925 2911//2911
f 2930//2930 2911//2911 2931//2931
f 2931//2931 2911//2911 2912//2912
f 2931//2931 2912//2912 2928//2928
f 2928//2928 2912//2912 2913//2913
f 2928//2928 2913//2913 2907//2907
f 2909//2909 2910//2910 2914//2914
f 2914//2914 2915//2915 2909//2909
f 2909//2909 2915//2915 2932//2932
f 2909//2909 2932//2932 2933//2933
f 2934//2934 2928//2928 2935//2935
f 2935//2935 2928//2928 2909//2909
f 2935//2935 2909//2909 2936//2936
f 2936//2936 2909//2909 2933//2933
f 2918//2918 2915//2915 2917//2917
f 2906//2906 2905//2905 2923//2923
f 2929//2929 2930//2930 2906//2906
f 2906//2906 2930//2930 2931//2931
f 2906//2906 2931//2931 2919//2919
f 2919//2919 2931//2931 2928//2928
f 2919//2919 2928//2928 2920//2920
f 2920//2920 2928//2928 2934//2934
f 2920//2920 2934//2934 2921//2921
f 2921//2921 2934//2934 2935//2935
f 2921//2921 2935//2935 2937//2937
f 2935//2935 2936//2936 2937//2937
f 2937//2937 2936//2936 2933//2933
f 2937//2937 2933//2933 2918//2918
f 2918//2918 2933//2933 2932//2932
f 2918//2918 2932//2932 2915//2915
f 2906//2906 2923//2923 2929//2929
f 2929//2929 2923//2923 2924//2924
f 2929//2929 2924//2924 2927//2927
