v -0.004000000189989805 0.0006500000599771738 0.009850001893937588
v -0.00400000112131238 0.0019999996293336153 0.009849993512034416
v -0.003574998816475272 0.000649999245069921 0.009736128151416779
v -0.0035749992821365595 0.001999999862164259 0.009736120700836182
v -0.0032638779375702143 0.0006499996525235474 0.009425004944205284
v -0.0032638786360621452 0.0020000000949949026 0.009424996562302113
v -0.0031499993056058884 0.0006499993614852428 0.008999999612569809
v -0.003149998839944601 0.001999999862164259 0.009000007063150406
v -0.0032638779375702143 0.0006499996525235474 0.008574997074902058
v -0.003263877471908927 0.0020000000949949026 0.00857500359416008
v -0.003574999747797847 0.0006500001763924956 0.008263879455626011
v -0.0035750004462897778 0.001999999862164259 0.008263872005045414
v -0.003999999258667231 0.0006500000599771738 0.008150000125169754
v -0.003999999724328518 0.0019999996293336153 0.008149992674589157
v -0.004425000865012407 0.0006499998853541911 0.008263872936367989
v -0.004424999933689833 0.0019999996293336153 0.008263880386948586
v -0.004736121743917465 0.0006499995361082256 0.008574997074902058
v -0.004736120812594891 0.0020000000949949026 0.008575004525482655
v -0.0048500001430511475 0.0006499997689388692 0.009000002406537533
v -0.004850000608712435 0.0019999993965029716 0.008999994024634361
v -0.004736121278256178 0.0006499995361082256 0.009425004944205284
v -0.0047361222095787525 0.0020000000949949026 0.009424997493624687
v -0.004424999933689833 0.0006499998853541911 0.009736122563481331
v -0.00442500039935112 0.0019999996293336153 0.00973611418157816
v -0.003020922653377056 3.50745972355071e-06 0.019135668873786926
v -0.006394995376467705 3.500135335343657e-06 0.01913566328585148
v -0.006406441796571016 -0.0002100760320900008 0.01904846541583538
v -0.0030123789329081774 -0.00023961233091540635 0.019026827067136765
v -0.0064202225767076015 -0.00038522976683452725 0.018853148445487022
v -0.0029944730922579765 -0.00040131882997229695 0.01882043480873108
v -0.006436894182115793 -0.0004500008071772754 0.018594199791550636
v -0.002972148358821869 -0.00044999999227002263 0.018594199791550636
v -0.003531121648848057 0.006607355549931526 0.004049533978104591
v -0.0035302690230309963 0.006605760660022497 0.004056250210851431
v -0.003286658087745309 0.006687297485768795 0.004056254401803017
v -0.004627673886716366 0.006191680673509836 0.0035386239178478718
v -0.0045894961804151535 0.006212229374796152 0.0035487764980643988
v -0.004064369015395641 0.006467574276030064 0.0035386206582188606
v -0.004064144566655159 0.006459847092628479 0.0037077616434544325
v -0.003307167673483491 0.00675228564068675 0.003538616234436631
v -0.003725118702277541 0.006579953245818615 0.003853697096928954
v -0.003560103476047516 0.006614122074097395 0.003984190057963133
v -0.0025103152729570866 0.006886967457830906 0.0040562632493674755
v -0.002523706993088126 0.00695378752425313 0.003538615768775344
v -0.0023036154452711344 0.006925357971340418 0.004056249745190144
v -0.0017230984522029757 0.0070697348564863205 0.0035386234521865845
v -0.0017169842030853033 0.007001860998570919 0.004056249745190144
v -0.000915892596822232 0.007030641660094261 0.004056257661432028
v -0.0009146617376245558 0.0070987786166369915 0.003538616932928562
v -0.0006081245956011117 0.007018703501671553 0.004056255333125591
v -0.00010780038428492844 0.0070405821315944195 0.0035386113449931145
v -0.00011636254930635914 0.006972973234951496 0.004056250210851431
v 0.0006723090191371739 0.006829528138041496 0.004056262783706188
v 0.0010642977431416512 0.006724757608026266 0.00405626418069005
v 0.0014637807616963983 0.006666180677711964 0.0035386153031140566
v 0.0006881007575429976 0.006895821075886488 0.0035386199597269297
v 0.0014409410068765283 0.006601973902434111 0.004056261852383614
v 0.002180591458454728 0.006292958743870258 0.004056250676512718
v 0.0022102156654000282 0.006354331038892269 0.0035386239178478718
v 0.0029187204781919718 0.005963901989161968 0.0035386134404689074
v 0.0026263443287461996 0.006058863364160061 0.004056256730109453
v 0.002882658736780286 0.005906077101826668 0.004056250210851431
v 0.0034543180372565985 0.0055113062262535095 0.004056260455399752
v 0.0034514949657022953 0.005520432256162167 0.0040350728668272495
v 0.003372559091076255 0.0056573073379695415 0.00353861297480762
v 0.0034065493382513523 0.005613906309008598 0.003781653707846999
v 0.003448502393439412 0.005529496818780899 0.00401346618309617
v -0.0068373773247003555 0.002804955467581749 0.005789548624306917
v -0.006890046410262585 0.002461872762069106 0.005902488715946674
v -0.007024012040346861 0.002033345168456435 0.006189784966409206
v -0.006910012103617191 0.0022500003688037395 0.005945319309830666
v -0.007148213684558868 0.0012744269333779812 0.006456129718571901
v -0.006645874585956335 0.0027999996673315763 0.005378873087465763
v -0.006655728444457054 0.00279999990016222 0.005400003399699926
v -0.006591642275452614 0.0035653947852551937 0.005262562073767185
v -0.006752380169928074 0.002758242655545473 0.00560726597905159
v -0.006834783125668764 0.0026406117249280214 0.005783992353826761
v -0.004108320455998182 0.006448115222156048 -6.294079503277317e-05
v -0.003398654982447624 0.0067227683030068874 -0.0015848249895498157
v -0.0033986533526331186 0.0028000001329928637 -0.0015848128823563457
v -0.00722496397793293 -0.00024979450972750783 0.006620729807764292
v -0.007215239107608795 0.0005106999888084829 0.006599870976060629
v -0.007177996449172497 -0.0010093586752191186 0.0065200007520616055
v -0.007072800304740667 -0.0017749127000570297 0.00629440788179636
v -0.006910013034939766 -0.002533684717491269 0.00594530813395977
v -0.004786500241607428 0.006102966144680977 0.0013914332957938313
v -0.005877973977476358 0.005130513105541468 0.0037321061827242374
v -0.005651537794619799 0.005522487219423056 0.0032464966643601656
v -0.00627164589241147 0.0043472955003380775 0.004576327279210091
v -0.006838882341980934 0.0022500003688037395 0.005899996031075716
v -0.006838881876319647 -0.0027299642097204924 0.005899994168430567
v -0.00615000119432807 0.0022499999031424522 0.005899992771446705
v -0.006149999797344208 -0.0032499998342245817 0.005900006741285324
v -0.006577915046364069 -0.0032500000670552254 0.0059000044129788876
v -0.005778379738330841 -0.0032499998342245817 0.005934835411608219
v -0.005656753666698933 0.002250000135973096 0.005961770191788673
v -0.00541970320045948 -0.0032499998342245817 0.00603810790926218
v -0.005419704597443342 0.0022500003688037395 0.006038093939423561
v -0.005086461082100868 -0.0032499998342245817 0.006206220015883446
v -0.005193977616727352 0.0022499996703118086 0.006143290549516678
v -0.004790260922163725 -0.0032499998342245817 0.006433336995542049
v -0.004790260922163725 0.0022499999031424522 0.006433337926864624
v -0.004475540015846491 -0.003250000299885869 0.006630951538681984
v -0.004475540015846491 0.002250000135973096 0.0066309524700045586
v -0.004110392648726702 -0.0032500000670552254 0.006700002122670412
v -0.004110392648726702 0.0022500003688037395 0.006700003053992987
v -0.0012584488140419126 -0.004491128027439117 0.0067000011913478374
v -0.0014740368351340294 -0.004274496342986822 0.006700006313621998
v -0.0006622023647651076 -0.0035000001080334187 0.0067000072449445724
v -0.0017222313908860087 -0.0040978980250656605 0.006700006313621998
v -0.0018423694418743253 -0.0040143933147192 0.006700003519654274
v -0.0025816657580435276 -0.0032499998342245817 0.006699996069073677
v -0.0006622035289183259 0.002250000135973096 0.006700000260025263
v -0.002313869772478938 -0.0033130773808807135 0.006700004450976849
v 0.0020943263079971075 -0.0034999996423721313 0.006699996534734964
v 0.0019916663877665997 -0.003740909043699503 0.006699996534734964
v 0.0019430832471698523 -0.0038816833402961493 0.0066999951377511024
v 0.0014949884498491883 -0.0056500001810491085 0.006700004450976849
v -0.001009116880595684 -0.0056500001810491085 0.006699994206428528
v 0.0014949874021112919 -0.004749999847263098 0.006699999328702688
v -0.0010091166477650404 -0.004749999847263098 0.006700003985315561
v -0.0011312218848615885 -0.004618034232407808 0.00669999560341239
v -0.002102382481098175 -0.0034890465904027224 0.006700000260025263
v -0.001991666853427887 -0.003740909043699503 0.0066999997943639755
v -0.0019443008350208402 -0.0038793389685451984 0.0066999951377511024
v 0.001498405821621418 -0.004748544190078974 0.006699999328702688
v 0.0017393291927874088 -0.0043256646022200584 0.0066999937407672405
v 0.0018333784537389874 -0.004110727924853563 0.006699998397380114
v -0.0014289425453171134 0.002749999985098839 -0.0008249988895840943
v -0.003353340085595846 0.002749999985098839 -0.0015636939788237214
v -0.0011667254148051143 0.002749999985098839 -0.0011667265789583325
v -0.0027415475342422724 0.0027500002179294825 -0.002484742784872651
v -0.000824999064207077 0.002749999985098839 -0.0014289376558735967
v -0.0018849130719900131 0.0027500002179294825 -0.003183889202773571
v -0.0004270512727089226 0.0027500002179294825 -0.0015937841963022947
v -0.0008599413558840752 0.002749999752268195 -0.0035986765287816525
v -1.0597082933383462e-10 0.002749999752268195 -0.0016499935882166028
v 0.00024182787456084043 0.002750000450760126 -0.003692092141136527
v 0.0004270520294085145 0.0027500002179294825 -0.001593778026290238
v 0.00132200145162642 0.002750000450760126 -0.003455767408013344
v 0.0008249998209066689 0.002750000450760126 -0.0014289484824985266
v 0.0022841107565909624 0.002749999985098839 -0.002910819137468934
v 0.0011667257640510798 0.0027499995194375515 -0.0011667292565107346
v -0.001593777909874916 0.002750000450760126 -0.00042705246596597135
v -0.0016500010387971997 0.002750000450760126 -1.5732234404097767e-09
v -0.006600559689104557 0.002750000450760126 0.005400007124990225
v -0.0015937782591208816 0.002750000450760126 0.00042705400846898556
v -0.001428941497579217 0.002749999985098839 0.0008249970269389451
v -0.004450326319783926 0.002749999752268195 0.006066665519028902
v -0.00495497090741992 0.0027500002179294825 0.005704120732843876
v -0.001166726928204298 0.002749999985098839 0.0011667192447930574
v -0.005533440504223108 0.002749999752268195 0.0054772282019257545
v -0.006150000263005495 0.002749999985098839 0.005400002468377352
v 0.0033207766246050596 0.0027499995194375515 0.005971284117549658
v 0.0008249992388300598 0.002750000450760126 0.0014289426617324352
v 0.0033985376358032227 0.002750000450760126 0.005624633282423019
v 0.0034910759422928095 0.0027500002179294825 0.0045640114694833755
v -0.004292966797947884 0.002749999752268195 0.006165472790598869
v -0.0008250009268522263 0.002749999985098839 0.0014289384707808495
v -0.004110393114387989 0.002750000450760126 0.006199998315423727
v -0.0004270518256817013 0.0027500002179294825 0.0015937829157337546
v 0.0026375637389719486 0.0027500002179294825 0.006199993658810854
v 3.0000685269371274e-10 0.002749999752268195 0.0016499984776601195
v 0.0004270520294085145 0.0027500002179294825 0.0015937741845846176
v 0.002781679853796959 0.002749999752268195 0.006182434037327766
v 0.0029173586517572403 0.0027500002179294825 0.006130775436758995
v 0.001428942196071148 0.002750000450760126 -0.0008250070968642831
v 0.003042228752747178 0.0027500002179294825 -0.0021059124264866114
v 0.0015937783755362034 0.002749999985098839 -0.00042704908992163837
v 0.0035286550410091877 0.002749999752268195 -0.0011129211634397507
v 0.0016500012716278434 0.0027500002179294825 6.48688347482107e-09
v 0.003699943423271179 0.002749999985098839 -2.054525066341739e-05
v 0.0015937781427055597 0.002749999985098839 0.00042705738451331854
v 0.0035407962277531624 0.0027499995194375515 0.0010736659169197083
v 0.001428942778147757 0.002750000450760126 0.0008250038372352719
v 0.0032869866117835045 0.002749999985098839 0.00254868995398283
v 0.0011667273938655853 0.0027499995194375515 0.0011667313519865274
v 0.003403045702725649 0.002749999985098839 0.004040881060063839
v 0.0034847951028496027 0.002750000450760126 0.004388250410556793
v 0.0034484993666410446 0.002800000598654151 0.004013451281934977
v 0.0035886461846530437 0.0028000003658235073 0.0010881786001846194
v 0.0033369329757988453 0.0028000001329928637 0.0025510077830404043
v 0.0034485014621168375 0.005419102497398853 0.004013462923467159
v 0.0033369315788149834 0.005683158989995718 0.00255099730566144
v 0.00341787445358932 0.005623960867524147 0.00180890376213938
v 0.0035886459518224 0.005493468139320612 0.001088177552446723
v -0.0033371378667652607 0.006742758210748434 0.00024212854623328894
v -0.0033427535090595484 0.006740957964211702 0.00014886254211887717
v -0.004984110593795776 0.005985356401652098 0.003441985696554184
v -0.003346072044223547 0.006739891599863768 2.3019931916223868e-07
v -0.0033260369673371315 0.006746303290128708 -0.00035733034019358456
v -0.003231674199923873 0.006775673944503069 -0.0008624028996564448
v -0.003316771239042282 0.006749248132109642 -0.001749721122905612
v -0.003210205351933837 0.006782166659832001 -0.0009402381838299334
v -0.0030277653131633997 0.006834531668573618 -0.0014295317232608795
v -0.0030662566423416138 0.006823898758739233 -0.0021588411182165146
v -0.0027685253880918026 0.006900457199662924 -0.0018839156255126
v -0.002778594149276614 0.006898079067468643 -0.0025183195248246193
v -0.0024123156908899546 0.006975235417485237 -0.002324480563402176
v -0.0023384327068924904 0.006988500244915485 -0.002399377292022109
v -0.002373158000409603 0.006982360500842333 -0.002903552958741784
v -0.002021936234086752 0.007036756258457899 -0.0026716904249042273
v -0.0019103848608210683 0.007050485350191593 -0.003226910950616002
v -0.0015945058548823 0.007080208510160446 -0.0029443600215017796
v -0.0017284812638536096 0.007069247774779797 -0.0033278914634138346
v -0.0013088858686387539 0.00709553062915802 -0.0035141664557158947
v -0.0011157920816913247 0.007099711336195469 -0.003156509483233094
v -0.00104672578163445 0.007099999114871025 -0.0031802623998373747
v -0.0008715628646314144 0.007097876630723476 -0.0036473062355071306
v -0.000553121673874557 0.007083523087203503 -0.0033042810391634703
v -0.00010780052252812311 0.007040581665933132 -0.0037484571803361177
v -5.107536708237603e-05 0.007033178582787514 -0.003351302118971944
v 0.0002450962201692164 0.006987335626035929 -0.0037419828586280346
v 0.00016562330711167306 0.007000828627496958 -0.0033474357333034277
v 0.0008071768679656088 0.006866422016173601 -0.0036621035542339087
v 0.000658045057207346 0.006902916356921196 -0.003284362144768238
v 0.001339866197668016 0.006709046196192503 -0.003502469975501299
v 0.0011384900426492095 0.006773598026484251 -0.0031480540055781603
v 0.0012277240166440606 0.006745766382664442 -0.003114083781838417
v 0.001467505469918251 0.006664854008704424 -0.0030081598088145256
v 0.0019099587807431817 0.006491200067102909 -0.003227164037525654
v 0.0016961639048531651 0.00657915323972702 -0.0028854820411652327
v 0.001905519631691277 0.006493105087429285 -0.0027520658913999796
v 0.0023149780463427305 0.0063027553260326385 -0.0029501444660127163
v 0.0025537358596920967 0.006177468691021204 -0.0021609964314848185
v 0.002918720245361328 0.005963902920484543 -0.002354481490328908
v 0.002194526605308056 0.006361882667988539 -0.00252798805013299
v 0.002124533522874117 0.006395022384822369 -0.002587095834314823
v 0.002917902311310172 0.0059644123539328575 0.0016204906860366464
v 0.0027730052825063467 0.006052491255104542 -0.001863969606347382
v 0.0028526533860713243 0.006004630587995052 -0.0017360174097120762
v 0.0030822288244962692 0.005858968943357468 -0.0021359671372920275
v 0.00310152443125844 0.0058461870066821575 -0.0012269328581169248
v 0.0033655697479844093 0.005662404466420412 -0.0016539220232516527
v 0.0029636842664331198 0.0059356410056352615 0.0015331530012190342
v 0.003576339455321431 0.005503133870661259 -0.0011279669124633074
v 0.0032416703179478645 0.005750737618654966 -0.0007761691813357174
v 0.00370437977835536 0.005400506779551506 -0.0005831500166095793
v 0.0033177367877215147 0.005696954671293497 -0.0003036135749425739
v 0.003749941708520055 0.005362860392779112 -2.0824241801165044e-05
v 0.003331547835841775 0.005687038414180279 -6.388109596855429e-09
v 0.003710312070325017 0.0053956396877765656 0.000544140231795609
v 0.003314070636406541 0.005699580535292625 0.0003415202081669122
v 0.003232089802622795 0.005757410544902086 0.0008156406111083925
v 0.003082348732277751 0.005858889780938625 0.0012743003899231553
v -0.0020985810551792383 0.007026336621493101 0.0026127644814550877
v -0.0018246183171868324 0.007059890311211348 0.0028094733133912086
v -0.001665507908910513 0.00707470066845417 0.002905734581872821
v -0.0011462989496067166 0.007099382113665342 0.003146084491163492
v -0.0024999838788062334 0.0069585018791258335 0.002231836784631014
v -0.002543519949540496 0.006949788890779018 0.0021817663218826056
v -0.00284868897870183 0.006881120149046183 0.0017589880153536797
v -0.003085567383095622 0.0068184807896614075 0.0012888011988252401
v -0.0032564327120780945 0.006768099498003721 0.0007580179371871054
v -0.0006591372657567263 0.007089808117598295 0.0032849195413291454
v -0.00016378171858377755 0.007047456689178944 0.003348201746121049
v -7.016023300820962e-05 0.0070357187651097775 0.0033515430986881256
v 0.00043339174590073526 0.006951840128749609 0.003322877688333392
v 0.000933272298425436 0.0068330238573253155 0.003215613542124629
v 0.0013431026600301266 0.0067079574801027775 0.0030655795708298683
v 0.002636945340782404 0.006131189409643412 0.0020559444092214108
v 0.002291241427883506 0.0063146185129880905 0.0024397587403655052
v 0.0018501143204048276 0.006516599096357822 0.002788947429507971
v 0.0014238415751606226 0.006680261809378862 0.0030287783592939377
v 0.0037499419413506985 0.0028000001329928637 -2.0819659766857512e-05
v 0.0035763385239988565 0.0027999996673315763 -0.0011279660975560546
v 0.00308334082365036 0.0028000003658235073 -0.0021343680564314127
v 0.0023149766493588686 0.0027999996673315763 -0.0029501505196094513
v 0.001339868176728487 0.0028000003658235073 -0.0035024576354771852
v 0.00024509651120752096 0.0028000003658235073 -0.003741977736353874
v -0.0008715618751011789 0.0027999996673315763 -0.0036473043728619814
v -0.0019103839294984937 0.00279999990016222 -0.003226907690986991
v -0.002778593683615327 0.0027999996673315763 -0.0025183120742440224
v -0.006610412150621414 0.002749551786109805 0.005421136971563101
v -0.0068361470475792885 0.0023264146875590086 0.005894119385629892
v -0.00680910237133503 0.0024901521392166615 0.00583855202421546
v -0.006753494963049889 0.0026315662544220686 0.005723120644688606
v -0.006685835309326649 0.0027163857594132423 0.0055802324786782265
v -0.006149998866021633 0.002711939625442028 0.005591345019638538
v -0.006149999797344208 0.0026035532355308533 0.0057535478845238686
v -0.006149999797344208 0.0024413419887423515 0.005861944518983364
v -0.004580414388328791 0.0027119400911033154 0.006206984166055918
v -0.005046434234827757 0.002711939625442028 0.00587218813598156
v -0.005580630153417587 0.002711940323933959 0.005662647541612387
v -0.00562063604593277 0.0026035532355308533 0.005819853860884905
v -0.005647366400808096 0.0024413419887423515 0.005924890283495188
v -0.005175783298909664 0.0024413415230810642 0.006109857931733131
v -0.005123973358422518 0.002603553468361497 0.006014653947204351
v -0.004690696485340595 0.0026035537011921406 0.006325943395495415
v -0.004764385521411896 0.0024413412902504206 0.006405426189303398
v -0.004110391717404127 0.0027119400911033154 0.006391340866684914
v -0.004362835083156824 0.0027119398582726717 0.006343602202832699
v -0.004422065801918507 0.002603553468361497 0.006494607776403427
v -0.004461641889065504 0.0024413415230810642 0.006595517508685589
v -0.00411039125174284 0.0026035537011921406 0.00655355816707015
v -0.004110392648726702 0.0024413415230810642 0.006661939900368452
v -0.0005671944818459451 0.0025000018067657948 0.006633014418184757
v -0.0006531026447191834 0.00232898467220366 0.0066936565563082695
v -0.0006370343035086989 0.0023813117295503616 0.006682395003736019
v 0.0026375646702945232 0.0025000006426125765 0.006633008364588022
v 0.0026375639718025923 0.002603553468361497 0.006553553976118565
v 0.002637565368786454 0.002631672890856862 0.0065229954198002815
v 0.0026375639718025923 0.0027194872964173555 0.006371995899826288
v 0.003033936955034733 0.0026830127462744713 0.006351916119456291
v 0.0031192798633128405 0.002499999711290002 0.0065138149075210094
v 0.002885686233639717 0.002500000176951289 0.006602774374186993
v 0.0028229914605617523 0.002719487063586712 0.006349401082843542
v 0.002859259955585003 0.0026316724251955748 0.006495970766991377
v -0.0003882295568473637 0.002899999963119626 0.0014488870510831475
v -0.0007499995990656316 0.0028999997302889824 0.001299036550335586
v -0.0010606597643345594 0.002899999963119626 0.0010606648866087198
v -0.0012990378309041262 0.0029000001959502697 0.0007500043720938265
v -0.0014488872839137912 0.0028999994974583387 0.00038823505747132003
v -0.001499999430961907 0.0028999997302889824 -2.671985965818635e-09
v -0.0014488884480670094 0.0028999994974583387 -0.00038822388160042465
v -0.0012990389950573444 0.0029000001959502697 -0.0007500068750232458
v -0.0010606592986732721 0.002899999963119626 -0.0010606602299958467
v -0.0007500000647269189 0.0028999997302889824 -0.001299032592214644
v -0.00038822891656309366 0.002899999963119626 -0.0014488821616396308
v 4.470727399397134e-10 0.0028999994974583387 -0.001500004786066711
v 0.00038822772330604494 0.002899999963119626 -0.001448888680897653
v 0.0007499995990656316 0.0029000004287809134 -0.0012990382965654135
v 0.0010606597643345594 0.002899999963119626 -0.001060666749253869
v 0.0012990378309041262 0.002899999963119626 -0.0007500061765313148
v 0.001448888680897653 0.0029000004287809134 -0.0003882220189552754
v 0.001499999430961907 0.0029000001959502697 8.577851207114406e-10
v 0.0014488884480670094 0.0029000004287809134 0.00038822207716293633
v 0.0012990389950573444 0.002899999963119626 0.0007500050705857575
v 0.0010606592986732721 0.002899999963119626 0.0010606584837660193
v 0.0007500001229345798 0.0029000004287809134 0.0012990307295694947
v 0.00038822839269414544 0.002899999963119626 0.001448895432986319
v -4.1543987694403484e-10 0.0028999994974583387 0.0015000030398368835
v 0.0016207295702770352 0.006504317745566368 -0.0028170477598905563
v 0.002011206466704607 0.00633971206843853 -0.0025529502891004086
v 0.0027931618969887495 0.005936961621046066 0.001661543850786984
v 0.00299148540943861 0.0058161052875220776 0.0012702373787760735
v 0.003018389455974102 0.005798733327537775 0.0012049245415255427
v 0.0025704405270516872 0.006061410531401634 0.001988795353099704
v 0.002489362610504031 0.006104707717895508 0.0020893928594887257
v 0.002219191752374172 0.006242088042199612 0.002374381059780717
v 0.0017915618373081088 0.006436031311750412 0.002711604116484523
v 0.0016255849041044712 0.006502856034785509 0.002814244944602251
v 0.0013437744928523898 0.006605460774153471 0.0029591810889542103
v 0.001287734368816018 0.006624262779951096 0.0029839936178177595
v 0.0008157296688295901 0.006762306205928326 0.0031459592282772064
v -0.0005613019457086921 0.0069830757565796375 0.0032011629082262516
v -0.00025168564752675593 0.0069548203609883785 0.00324023375287652
v 0.0002483204298187047 0.0068835006095469 0.003240493591874838
v 0.00032277771970257163 0.006870136130601168 0.003233934286981821
v 0.0005651609390042722 0.0068214526399970055 0.00320047652348876
v -0.0007448430405929685 0.0069938781671226025 0.0031634916085749865
v -0.0008235587156377733 0.006997092626988888 0.0031439175363630056
v -0.0013000749750062823 0.006997415795922279 0.0029786473605781794
v -0.0016251454362645745 0.006978323217481375 0.0028145015239715576
v -0.0017570342170074582 0.006966208573430777 0.002734107431024313
v -0.0021706242114305496 0.006913075689226389 0.0024188654497265816
v -0.0024896515533328056 0.006857672706246376 0.0020890526939183474
v -0.0025141416117548943 0.006852935999631882 0.0020595139358192682
v -0.0028112188447266817 0.006790160201489925 0.0016308072954416275
v -0.0029890963342040777 0.006747506093233824 0.0012758567463606596
v -0.0030529708601534367 0.006730751134455204 0.0011143926531076431
v -0.003189953975379467 0.006689818575978279 0.0006218549096956849
v -0.0032478347420692444 0.006670051719993353 0.00011864271073136479
v -0.003249834291636944 0.006669425871223211 3.280866440036334e-05
v -0.0032500014640390873 0.006669400725513697 -2.4671624743177745e-08
v -0.0032144743017852306 0.006681705359369516 -0.00047921837540343404
v -0.003088488010689616 0.006718217395246029 -0.001011798158288002
v -0.003053958062082529 0.006727332714945078 -0.0011116873938590288
v -0.0028875397983938456 0.006769514176994562 -0.0014915223000571132
v -0.0026720105670392513 0.00682130828499794 -0.0018501051235944033
v -0.002604744164273143 0.006836115848273039 -0.00194365915376693
v -0.0024897095281630754 0.006859582848846912 -0.0020889886654913425
v -0.002249307930469513 0.006901753135025501 -0.002345863962545991
v -0.0018525113118812442 0.006956309545785189 -0.0026703306939452887
v -0.0016251876950263977 0.006978755351155996 -0.002814474981278181
v -0.0014144742162898183 0.006992948707193136 -0.002926053712144494
v -0.0013484711525961757 0.0069960434921085835 -0.0029570474289357662
v -0.0008753712754696608 0.0069993180222809315 -0.0031298899557441473
v -0.0005618356517516077 0.006983773782849312 -0.0032010735012590885
v -0.0003857486299239099 0.006969226989895105 -0.0032270250376313925
v -0.0003128844255115837 0.006962030194699764 -0.0032349107787013054
v 0.00019169162260368466 0.006893640849739313 -0.0032443394884467125
v 0.0005648722290061414 0.006821734830737114 -0.003200539853423834
v 0.000677909585647285 0.006796133704483509 -0.0031785094179213047
v 0.0011551335919648409 0.006666508037596941 -0.003037791233509779
v 0.002989717060700059 0.00581709761172533 -0.0012743963161483407
v 0.002756689442321658 0.005957753863185644 -0.0017213854007422924
v 0.0027051065117120743 0.005986974108964205 -0.0018013549270108342
v 0.002489278092980385 0.006104337051510811 -0.002089498797431588
v 0.0023887758143246174 0.006156622432172298 -0.0022036898881196976
v 0.003016131231561303 0.005800052545964718 -0.0012105631176382303
v 0.00305376504547894 0.005775525700300932 -0.0011122161522507668
v 0.0031597339548170567 0.005706068128347397 -0.0007606403669342399
v 0.0032267719507217407 0.0056611658073961735 -0.00038787274388596416
v 0.0032500012312084436 0.005644917022436857 6.821315068350486e-09
v 0.003235073760151863 0.0056554717011749744 0.0003111248661298305
v 0.00315777026116848 0.005707475822418928 0.0007687559700571001
v 0.0030537843704223633 0.0057756598107516766 0.0011121535208076239
v 0.0007499996572732925 0.003100000089034438 0.0012990363175049424
v -3.3780536701222275e-10 0.003100000089034438 0.0014999934937804937
v 0.001299037248827517 0.003099999623373151 0.0007499957573600113
v 0.0015000008279457688 0.0030999998562037945 6.214736281151545e-09
v 0.0012990373652428389 0.003099999623373151 -0.0007500006468035281
v 0.0007500009960494936 0.003100000089034438 -0.0012990329414606094
v -3.2127960014616264e-11 0.003100000089034438 -0.001499999314546585
v -0.000750000006519258 0.003100000321865082 -0.001299042021855712
v -0.0012990375980734825 0.0030999998562037945 -0.0007500015199184418
v -0.0014999998966231942 0.003100000321865082 2.8473052804400822e-09
v -0.0012990377144888043 0.0030999998562037945 0.0007499948842450976
v -0.0007500000647269189 0.003100000321865082 0.001299042021855712
v -0.0016250004991889 0.004900000058114529 -0.0028145783580839634
v 0.0030540016014128923 0.004900000523775816 0.0011115721426904202
v 0.0032499993685632944 0.004899999592453241 1.5366143912842745e-09
v 0.0024896450340747833 0.004900000058114529 0.0020890659652650356
v 0.0016250003827735782 0.004899999592453241 0.002814581384882331
v 0.0005643577314913273 0.004900000058114529 0.0032006287947297096
v -0.0005643569747917354 0.004899999592453241 0.003200625302270055
v -0.0016250000335276127 0.004900000058114529 0.002814581384882331
v -0.0024896450340747833 0.004900000058114529 0.002089058281853795
v -0.003054001135751605 0.004899999592453241 0.0011115607339888811
v -0.003249999601393938 0.004900000523775816 1.500402802001588e-09
v -0.003054001834243536 0.004899999592453241 -0.0011115689994767308
v -0.0024896450340747833 0.004900000058114529 -0.002089062938466668
v -0.0005643559852614999 0.004899999592453241 -0.003200625767931342
v 0.0005643569165840745 0.004900000058114529 -0.0032006222754716873
v 0.0016249999171122909 0.004899999592453241 -0.0028145783580839634
v 0.003053999738767743 0.004900000523775816 -0.0011115726083517075
v 0.0024896448012441397 0.004900000058114529 -0.0020890552550554276
v 0.0006712604081258178 0.004900000523775816 -0.0011626625200733542
v 0.0011626564664766192 0.004900000058114529 -0.000671261630486697
v 0.0013425201177597046 0.004899999592453241 -2.9392575040532165e-09
v 0.0011626569321379066 0.004900000058114529 0.0006712559843435884
v 0.0006712606409564614 0.004900000523775816 0.0011626610066741705
v -4.703182288068319e-10 0.004900000058114529 0.0013425193028524518
v -0.0006712599424645305 0.004899999592453241 0.001162650529295206
v -0.001162656582891941 0.004899999592453241 0.0006712647154927254
v -0.0013425202341750264 0.004900000058114529 5.9762745863167765e-09
v -0.0011626570485532284 0.004899999592453241 -0.0006712529575452209
v -0.0006712606991641223 0.004899999592453241 -0.001162657979875803
v 3.789563385314665e-10 0.004900000058114529 -0.0013425162760540843
v -0.004994251299649477 0.0011499994434416294 0.016714641824364662
v -0.0047853561118245125 0.0011499992106109858 0.016505755484104156
v -0.004500000271946192 0.0011499993270263076 0.016999999061226845
v -0.004500000737607479 0.0011499993270263076 0.016429288312792778
v -0.004214645829051733 0.0011499993270263076 0.016505755484104156
v -0.0047853565774858 0.0011499992106109858 0.017494244500994682
v -0.00499425083398819 0.0011499994434416294 0.01728535257279873
v -0.0050707110203802586 0.001149999094195664 0.017000000923871994
v -0.004005751106888056 0.0011500001419335604 0.017285358160734177
v -0.004214645829051733 0.0011499993270263076 0.017494244500994682
v -0.004500001668930054 0.0011499993270263076 0.01757070980966091
v -0.004005751572549343 0.0011500001419335604 0.01671464741230011
v -0.003929289523512125 0.0011499994434416294 0.016999999061226845
v -0.004100000485777855 0.0009207100374624133 0.01630718633532524
v -0.003807181492447853 0.0009207105613313615 0.016599996015429497
v -0.0037000009324401617 0.0009207105613313615 0.01700000651180744
v -0.0038071810267865658 0.0009207105613313615 0.017399998381733894
v -0.004100001882761717 0.0009207100374624133 0.017692813649773598
v -0.004500001203268766 0.0009207104449160397 0.017799995839595795
v -0.004900000989437103 0.0009207099210470915 0.017692815512418747
v -0.005192820448428392 0.0009207103285007179 0.01740000583231449
v -0.00530000077560544 0.0009207103867083788 0.016999995335936546
v -0.00519282091408968 0.0009207103285007179 0.016600003466010094
v -0.004900000989437103 0.0009207099210470915 0.016307173296809196
v -0.004500000737607479 0.0009207104449160397 0.016200006008148193
v -0.003279677825048566 -0.00017928978195413947 0.007627550046890974
v -0.003177109407261014 -0.00040000019362196326 0.007432118058204651
v -0.002724376507103443 -0.00017928946181200445 0.008119492791593075
v -0.0025427339132875204 -0.00039999993168748915 0.007994117215275764
v -0.002461301628500223 -0.00017928940360434353 0.0088131632655859
v -0.0022422000765800476 -0.0003999999607913196 0.008786569349467754
v -0.0025507251266390085 -0.00017928934539668262 0.009549640119075775
v -0.002344355219975114 -0.0004000001063104719 0.00962790846824646
v -0.0029721600003540516 -0.00017928966553881764 0.01016019843518734
v -0.0028258003294467926 -0.0004000002518296242 0.010325402952730656
v -0.003629061859101057 -0.00017928984016180038 0.010504954494535923
v -0.003576242132112384 -0.0004000005137640983 0.010719253681600094
v -0.004370939452201128 -0.0001792899565771222 0.010504957288503647
v -0.004423759412020445 -0.00040000060107558966 0.010719254612922668
v -0.005027840379625559 -0.00017928968009073287 0.010160190984606743
v -0.005174197256565094 -0.00040000039734877646 0.010325397364795208
v -0.005449275020509958 -0.0001792900002328679 0.009549630805850029
v -0.005655643530189991 -0.00040000054286792874 0.009627901017665863
v -0.0055386982858181 -0.00017928994202520698 0.008813169784843922
v -0.005757800303399563 -0.000400000688387081 0.008786560967564583
v -0.005275624804198742 -0.00017928988381754607 0.00811949372291565
v -0.005457267630845308 -0.0004000007174909115 0.007994115352630615
v -0.004720321856439114 -0.00017928956367541105 0.007627538405358791
v -0.004822888877242804 -0.0004000004555564374 0.007432118523865938
v -0.0040000006556510925 -0.00017928968009073287 0.007449999451637268
v -0.003999999724328518 -0.0004000005719717592 0.007229286711663008
v -0.003057895228266716 0.0006499994196929038 0.010063419118523598
v -0.0036600015591830015 0.0006499997689388692 0.010379433631896973
v -0.004339998587965965 0.0006499993614852428 0.010379422456026077
v -0.004942105617374182 0.0006499997107312083 0.010063412599265575
v -0.00532838748767972 0.0006499995943158865 0.009503791108727455
v -0.005410352256149054 0.0006499991868622601 0.008828753605484962
v -0.005169221665710211 0.0006499991286545992 0.00819294061511755
v -0.004660237114876509 0.000649999943561852 0.007742029149085283
v -0.003999999724328518 0.0006500000599771738 0.0075792898423969746
v -0.0033397621009498835 0.0006500001181848347 0.007742023561149836
v -0.002830777084454894 0.0006500000017695129 0.008192949928343296
v -0.002589648822322488 0.0006500000017695129 0.008828752674162388
v -0.002671611960977316 0.0006499995361082256 0.009503787383437157
v -0.004000000189989805 0.0005207100766710937 0.007450003642588854
v -0.004720320925116539 0.0005207101930864155 0.007627542596310377
v -0.005275626201182604 0.000520709902048111 0.008119498379528522
v -0.005538697354495525 0.0005207103095017374 0.008813174441456795
v -0.005449275951832533 0.0005207102512940764 0.009549635462462902
v -0.0050278399139642715 0.000520710542332381 0.010160194709897041
v -0.004370938520878553 0.0005207097856327891 0.010504961013793945
v -0.0036290609277784824 0.0005207104259170592 0.010504958219826221
v -0.0029721606988459826 0.0005207106005400419 0.010160187259316444
v -0.0025507244281470776 0.0005207108915783465 0.009549643844366074
v -0.002461300930008292 0.0005207108333706856 0.008813167922198772
v -0.002724375808611512 0.0005207103095017374 0.008119497448205948
v -0.003279680386185646 0.0005207099602557719 0.007627539802342653
v -0.005077839829027653 0.001999999862164259 0.007839810103178024
v -0.005499274469912052 0.0019999996293336153 0.008450368419289589
v -0.005588699597865343 0.0019999996293336153 0.009186829440295696
v -0.005325624719262123 0.0019999993965029716 0.00988049991428852
v -0.004770321771502495 0.0019999996293336153 0.010372458025813103
v -0.004050000105053186 0.0019999993965029716 0.010549993254244328
v -0.0033296793699264526 0.0019999993965029716 0.010372454300522804
v -0.0027743761893361807 0.0019999996293336153 0.009880498982965946
v -0.0025113015435636044 0.0020000003278255463 0.009186837822198868
v -0.0026007259730249643 0.0020000003278255463 0.008450361900031567
v -0.0030221606139093637 0.001999999862164259 0.007839802652597427
v -0.0036790617741644382 0.001999999862164259 0.007495035883039236
v -0.004420939367264509 0.001999999163672328 0.00749503867700696
v -0.002909230999648571 0.005711662583053112 0.00795119907706976
v -0.003022496122866869 0.005707470700144768 0.007839648984372616
v -0.005077911075204611 0.004372871946543455 0.007839865982532501
v -0.005291838198900223 0.00405837083235383 0.008072459138929844
v -0.005472857505083084 0.0037120687775313854 0.008385204710066319
v -0.005032867193222046 0.004431457724422216 0.007801478728652
v -0.004726980347186327 0.00477688480168581 0.0076056551188230515
v -0.003811011090874672 0.005451880395412445 0.007468531373888254
v -0.004040180705487728 0.005322854034602642 0.007450030650943518
v -0.004050001036375761 0.005316781345754862 0.007450007367879152
v -0.004404696170240641 0.005065695848315954 0.007491128984838724
v -0.0031756660901010036 0.005689790938049555 0.007720146793872118
v -0.0034800104331225157 0.005597960669547319 0.007558613084256649
v -0.003681355156004429 0.005514639895409346 0.007494480349123478
v -0.0026956507936120033 0.005690699443221092 0.008246407844126225
v -0.002600765321403742 0.00565897673368454 0.008450989611446857
v -0.002530667232349515 0.005440153647214174 0.009306959807872772
v -0.0025113134179264307 0.005478031933307648 0.009187442250549793
v -0.0025014267303049564 0.005550442263484001 0.008933862671256065
v -0.0025578071363270283 0.005633689928799868 0.008581792935729027
v -0.0029091755859553814 0.005246726796030998 0.010049351491034031
v -0.0027746057603508234 0.005299717653542757 0.009880834259092808
v -0.0026921359822154045 0.005334700457751751 0.009747568517923355
v -0.002552502555772662 0.005408828146755695 0.00939999334514141
v -0.0031914403662085533 0.005138217005878687 0.010290532372891903
v -0.0033308197744190693 0.005082365591078997 0.01037311740219593
v -0.004207124933600426 0.004645057022571564 0.01054213847965002
v -0.0040515875443816185 0.0047361478209495544 0.010550057515501976
v -0.0038789170794188976 0.004829809535294771 0.010540638118982315
v -0.003520730184391141 0.005001605022698641 0.010456832125782967
v -0.005324659403413534 0.003778876503929496 0.0098820049315691
v -0.005159564781934023 0.003931019455194473 0.010082333348691463
v -0.004898838698863983 0.004154618363827467 0.010296973399817944
v -0.004770562518388033 0.004256684798747301 0.010372361168265343
v -0.004559861961752176 0.004413095768541098 0.010463858023285866
v -0.0055886548943817616 0.003491052659228444 0.00918719545006752
v -0.0055771744810044765 0.003501900937408209 0.009265035390853882
v -0.005503613967448473 0.0035855749156326056 0.009538063779473305
v -0.005408155731856823 0.003699600463733077 0.009746937081217766
v -0.005368019919842482 0.003737838240340352 0.009815718978643417
v -0.005484613124281168 0.0036856518127024174 0.008411302231252193
v -0.00557361077517271 0.0035447378177195787 0.008715209551155567
v -0.005599962081760168 0.0034873851109296083 0.009010931476950645
v 0.003158257342875004 0.0025000006426125765 0.00649396562948823
v 0.0031724858563393354 0.002545359078794718 0.0064543248154222965
v 0.003197469748556614 0.0026088524609804153 0.006382525898516178
v 0.003237688448280096 0.0026832581497728825 0.006260167341679335
v -0.004500000737607479 -0.00025000027380883694 0.016200004145503044
v -0.004900000058114529 -0.0002500003029126674 0.01630718633532524
v -0.00519282091408968 -0.00025000039022415876 0.016600001603364944
v -0.00530000077560544 -0.0002500003611203283 0.016999993473291397
v -0.005192820448428392 -0.00025000039022415876 0.017400003969669342
v -0.004900000989437103 -0.0002500003029126674 0.017692813649773598
v -0.004500001203268766 -0.00025000027380883694 0.017799993976950645
v -0.004100000485777855 -0.000250000215601176 0.017692826688289642
v -0.0038071810267865658 -0.0002500001573935151 0.017399996519088745
v -0.003699999302625656 -0.00025000018649734557 0.017000004649162292
v -0.003807181492447853 -0.0002500001573935151 0.016599994152784348
v -0.004100000951439142 -0.000250000215601176 0.016307184472680092
v -0.004000000189989805 -0.00045000045793130994 0.016133980825543404
v -0.00363397435285151 -0.0004500004870351404 0.01650000736117363
v -0.0034999996423721313 -0.00045000005047768354 0.017000002786517143
v -0.00363397435285151 -0.0004500004870351404 0.017500000074505806
v -0.00400000112131238 -0.00045000045793130994 0.017866022884845734
v -0.004500001668930054 -0.000450000399723649 0.01799999363720417
v -0.005000001285225153 -0.0004500003415159881 0.017866021022200584
v -0.005366027355194092 -0.00045000077807344496 0.01749999448657036
v -0.005499999970197678 -0.0004500007489696145 0.016999999061226845
v -0.0053660254925489426 -0.00045000077807344496 0.016500001773238182
v -0.005000000819563866 -0.0004500003415159881 0.016133978962898254
v -0.004500001203268766 -0.000450000399723649 0.015999993309378624
v -0.002782293129712343 -0.0004500002833083272 0.014506776817142963
v -0.005956505890935659 -0.0004500008071772754 0.01590789668262005
v -0.005930598825216293 0.00032423032098449767 0.015896467491984367
v -0.004347964655607939 0.0036999995354562998 0.015197871252894402
v -0.0027809080202132463 0.0036999997682869434 0.014506155624985695
v -0.004926786292344332 0.003177654929459095 0.015453378669917583
v -0.0027809555176645517 0.0024999999441206455 0.014506187289953232
v -0.005887268576771021 0.0007191715994849801 0.015877339988946915
v -0.0057455999776721 0.0014482475817203522 0.015814796090126038
v -0.005365900695323944 0.0024901912547647953 0.01564720645546913
v -0.007726997137069702 -0.0005000010714866221 0.0249707642942667
v -0.007250251714140177 -0.0005000008386559784 0.024477485567331314
v -0.007955952547490597 -0.0005000010714866221 0.025182751938700676
v -0.008281286805868149 -0.0005000007804483175 0.025491783395409584
v -0.008230557665228844 -0.0005000008386559784 0.025438327342271805
v -0.008524391800165176 -0.0005000010132789612 0.025706565007567406
v -0.008516903035342693 -0.0005000010714866221 0.025706568732857704
v -0.005425738636404276 0.004196228925138712 0.020847205072641373
v -0.005297482945024967 0.004445251543074846 0.020358635112643242
v -0.005424777511507273 0.00505983317270875 0.020843690261244774
v -0.005231055896729231 0.004569116979837418 0.020091328769922256
v -0.005141716916114092 0.005103769712150097 0.019716890528798103
v -0.005194520112127066 0.0046358173713088036 0.01994025893509388
v -0.005074081476777792 0.005105901043862104 0.019421683624386787
v -0.004989258944988251 0.004992594942450523 0.019039379432797432
v -0.0050226906314492226 0.005073782987892628 0.019192127510905266
v -0.005045607220381498 0.005096926353871822 0.0192960724234581
v -0.007272056769579649 0.004477701615542173 0.023168543353676796
v -0.006288596428930759 0.0044887182302773 0.02315044030547142
v -0.007009272463619709 0.004824665375053883 0.022324886173009872
v -0.006203301250934601 0.004574105143547058 0.022987311705946922
v -0.006075501907616854 0.004691510461270809 0.02272162213921547
v -0.005843504332005978 0.004868187941610813 0.022163407877087593
v -0.00693645142018795 0.004913273733109236 0.021963218227028847
v -0.006942905951291323 0.003710234072059393 0.024126315489411354
v -0.006838598754256964 0.0038436739705502987 0.02399582229554653
v -0.007629774045199156 0.003934880252927542 0.023901253938674927
v -0.006766798440366983 0.0039342544041574 0.023901544511318207
v -0.007626574486494064 0.0039401282556355 0.023895617574453354
v -0.006617669947445393 0.0041178069077432156 0.023692432790994644
v -0.006342133041471243 0.00443253992125392 0.02324756421148777
v -0.00851074606180191 0.00194869888946414 0.025288034230470657
v -0.008019971661269665 0.002057707402855158 0.025243094190955162
v -0.007985243573784828 0.0021307123824954033 0.025210876017808914
v -0.008153019472956657 0.0029364984948188066 0.024752840399742126
v -0.007700440473854542 0.002636974910274148 0.024944458156824112
v -0.007462516892701387 0.003000787692144513 0.024705998599529266
v -0.007316372822970152 0.003209988586604595 0.024551505222916603
v -0.008747313171625137 0.0008982187137007713 0.025584260001778603
v -0.008849998004734516 -0.0004000012413598597 0.025709999725222588
v -0.008528175763785839 -0.00040000095032155514 0.025710010901093483
v -0.00846746563911438 0.00037463559419848025 0.025656750425696373
v -0.008355852216482162 0.0010297190165147185 0.025556866079568863
v -0.0082019018009305 0.0015952799003571272 0.0254138745367527
v -0.005587899591773748 0.005004565231502056 0.021410226821899414
v -0.0055964356288313866 0.00500898901373148 0.021374685689806938
v -0.006854488980025053 0.00500868633389473 0.021373402327299118
v -0.005605065729469061 0.005013303831219673 0.02133883908390999
v -0.006821459159255028 0.005045938305556774 0.02101186476647854
v -0.005514354445040226 0.005038680974394083 0.021098917350172997
v -0.00680497894063592 0.005064378958195448 0.02077314257621765
v -0.006770269945263863 0.005102674942463636 0.019795378670096397
v -0.006770189385861158 0.005102479364722967 0.018943000584840775
v -0.006784083787351847 0.005087306257337332 0.018392397090792656
v -0.005354753695428371 0.005086271092295647 0.01836952567100525
v -0.006817644461989403 0.005050699692219496 0.01775868609547615
v -0.005631194915622473 0.00500769168138504 0.017351998016238213
v -0.006855854298919439 0.005007352214306593 0.01734994910657406
v -0.0068747736513614655 0.004985365085303783 0.017198191955685616
v -0.005722849164158106 0.00495758606120944 0.01703566499054432
v -0.006928436458110809 0.0049217939376831055 0.01685946248471737
v -0.005947819910943508 0.004772654734551907 0.01635274663567543
v -0.0069811646826565266 0.004857783671468496 0.01660476066172123
v -0.0070481630973517895 0.0047730812802910805 0.016349468380212784
v -0.005991785321384668 0.004726270213723183 0.016238916665315628
v -0.007126935292035341 0.004668514709919691 0.0161141250282526
v -0.006247504614293575 0.0044039161875844 0.01569914072751999
v -0.0073159486055374146 0.004402616992592812 0.015697123482823372
v -0.006339257583022118 0.004272658843547106 0.015541592612862587
v -0.007443895563483238 0.004214269109070301 0.015474922023713589
v -0.006785739678889513 0.003531114896759391 0.014832296408712864
v -0.007963220588862896 0.0033337571658194065 0.014674019999802113
v -0.007032705005258322 0.003013986861333251 0.014452324248850346
v -0.008177278563380241 0.0028684395365417004 0.014362849295139313
v -0.007094623986631632 0.0028675836510956287 0.01436366606503725
v -0.007141517475247383 0.002751253778114915 0.014299048110842705
v -0.008304704912006855 0.0025469765532761812 0.014196810312569141
v -0.007429851219058037 0.0018901490839198232 0.01397713366895914
v -0.00848726648837328 0.0020017926581203938 0.014004177413880825
v -0.008580084890127182 0.001668471610173583 0.013932128436863422
v -0.0076443045400083065 0.0009110851096920669 0.013848741538822651
v -0.008731773123145103 0.0009673337917774916 0.013852310366928577
v -0.008801286108791828 0.00047974762856028974 0.013831992633640766
v -0.007744058966636658 -0.00040000100852921605 0.013825018890202045
v -0.00885000079870224 -0.00040000127046369016 0.013825012370944023
v -0.008526398800313473 -0.00045065474114380777 0.025708388537168503
v -0.007424255833029747 -0.005043621640652418 0.015508475713431835
v -0.007804138585925102 -0.004432608373463154 0.014917976222932339
v -0.006635688245296478 -0.005016188137233257 0.01547834649682045
v -0.007942162454128265 -0.00417550140991807 0.014705732464790344
v -0.00810984056442976 -0.0038244123570621014 0.014457104727625847
v -0.00693807378411293 -0.004012704361230135 0.014586597681045532
v -0.007187165319919586 -0.0034096587914973497 0.014224283397197723
v -0.006394879426807165 -0.005015433765947819 0.015479356981813908
v -0.006644028704613447 -0.004594018682837486 0.015059992671012878
v -0.006863066460937262 -0.004172157496213913 0.014705395326018333
v -0.006928012240678072 -0.004034602548927069 0.014602410607039928
v -0.008173827081918716 -0.0036768640857189894 0.014367184601724148
v -0.008280850015580654 -0.0034099831245839596 0.014226331375539303
v -0.0072595421224832535 -0.0032066444400697947 0.014136744663119316
v -0.00831870548427105 -0.0033086941111832857 0.01418020948767662
v -0.007425855379551649 -0.0026710783131420612 0.01397471409291029
v -0.008479391224682331 -0.0028278056997805834 0.014013242907822132
v -0.007475140038877726 -0.002487558638677001 0.013937043957412243
v -0.008575293235480785 -0.00248801801353693 0.013936755247414112
v -0.007531225681304932 -0.002258783206343651 0.013899999670684338
v -0.008712993003427982 -0.0018706915434449911 0.013859729282557964
v -0.007709172088652849 -0.0012110682437196374 0.013827912509441376
v -0.008764129132032394 -0.0015621255151927471 0.013842253014445305
v -0.007738839834928513 -0.000801277463324368 0.013825074769556522
v -0.007372550666332245 -0.0051203081384301186 0.015594924800097942
v -0.006548740901052952 -0.005120426416397095 0.01559562236070633
v -0.007107107900083065 -0.0054947310127317905 0.01617167517542839
v -0.006367301102727652 -0.005324210971593857 0.015864605084061623
v -0.007070521824061871 -0.005543187726289034 0.01628166064620018
v -0.0061525264754891396 -0.005534669850021601 0.01625637710094452
v -0.0069829621352255344 -0.005655491724610329 0.016597555950284004
v -0.006910744123160839 -0.005743707530200481 0.016953520476818085
v -0.0059749712236225605 -0.005677441135048866 0.016675207763910294
v -0.006875177845358849 -0.005785271059721708 0.017191290855407715
v -0.005769050680100918 -0.005797948222607374 0.017283378168940544
v -0.0057389819994568825 -0.005811865441501141 0.017378797754645348
v -0.006795165594667196 -0.005875591188669205 0.018115518614649773
v -0.005466355476528406 -0.00589631637558341 0.018636731430888176
v -0.006774596869945526 -0.005897830706089735 0.018704593181610107
v -0.006849458906799555 -0.005814529489725828 0.021327419206500053
v -0.00572638213634491 -0.005735968705266714 0.02185073308646679
v -0.006937135476619005 -0.005712707992643118 0.021968970075249672
v -0.005878306459635496 -0.0056406776420772076 0.022269584238529205
v -0.007003858685493469 -0.005631721578538418 0.022303350269794464
v -0.006776008289307356 -0.005896443966776133 0.020085826516151428
v -0.005177658051252365 -0.005901005584746599 0.019889896735548973
v -0.006817396730184555 -0.005850793328136206 0.02096232771873474
v -0.005455549340695143 -0.005849861539900303 0.02097228541970253
v -0.005695214960724115 -0.005752677097916603 0.02175840549170971
v -0.005923219956457615 -0.005608138162642717 0.02238389104604721
v -0.006176448427140713 -0.005389952100813389 0.02295459434390068
v -0.007266549859195948 -0.005285660736262798 0.02315608039498329
v -0.006717055570334196 -0.004784535616636276 0.023846888914704323
v -0.0076369838789105415 -0.004723132587969303 0.023913299664855003
v -0.006430464796721935 -0.005122411996126175 0.023419659584760666
v -0.006293876562267542 -0.005271274130791426 0.023181390017271042
v -0.006996914278715849 -0.004431477282196283 0.024199340492486954
v -0.007105641067028046 -0.004289122764021158 0.02432500571012497
v -0.007848257198929787 -0.004356303717941046 0.024266794323921204
v -0.0074319420382380486 -0.0038422090001404285 0.024676421657204628
v -0.008104195818305016 -0.003845361527055502 0.024673951789736748
v -0.007549131754785776 -0.0036717874463647604 0.02479497529566288
v -0.008143681101500988 -0.0037576097529381514 0.024736298248171806
v -0.00785368774086237 -0.0031724078580737114 0.0250931978225708
v -0.00829923152923584 -0.0033800278324633837 0.024978701025247574
v -0.008515734225511551 -0.0027325483970344067 0.02529424987733364
v -0.008479642681777477 -0.0028538519982248545 0.025244195014238358
v -0.008097006939351559 -0.002659503137692809 0.025323089212179184
v -0.008013177663087845 -0.002853263169527054 0.02524501271545887
v -0.008599734865128994 -0.0024205439258366823 0.02540590986609459
v -0.008283132687211037 -0.0021110877860337496 0.025493592023849487
v -0.00873518269509077 -0.001770722446963191 0.025568541139364243
v -0.008497854694724083 -0.0008129760972224176 0.025689322501420975
v -0.008365037851035595 -0.0017688974039629102 0.025568751618266106
v -0.00841443333774805 -0.0015042410232126713 0.025613855570554733
v -0.008798866532742977 -0.0013171492610126734 0.0256396122276783
v -0.008829864673316479 -0.0009776613442227244 0.025676272809505463
v -0.008845452219247818 -0.0006768327439203858 0.02569815143942833
v -0.00884909089654684 -0.0005260215839371085 0.02570556476712227
v -0.005406681448221207 -0.005888196639716625 0.01862356811761856
v -0.005146119277924299 -0.00589574733749032 0.019757689908146858
v -0.005118177272379398 -0.00586876692250371 0.019637661054730415
v -0.0051970998756587505 -0.005879085510969162 0.019354183226823807
v -0.005509321577847004 -0.0058738975785672665 0.018204597756266594
v -0.008461220189929008 0.002076643519103527 0.02223796956241131
v -0.008408007211983204 0.0022117123007774353 0.021545514464378357
v -0.008331404998898506 0.002196182729676366 0.021546442061662674
v -0.008775862865149975 0.0005950215854682028 0.023801621049642563
v -0.00884171947836876 -6.345177826005965e-05 0.02397817187011242
v -0.008904552087187767 -5.923091521253809e-05 0.023988036438822746
v -0.008849836885929108 -0.0003996152663603425 0.02399979904294014
v -0.008840067312121391 -0.0007586692809127271 0.023974791169166565
v -0.008902915753424168 -0.0007631828193552792 0.023984553292393684
v -0.008408310823142529 -0.003011915134266019 0.02153649926185608
v -0.00846198108047247 -0.0028743352741003036 0.02224636636674404
v -0.008387401700019836 -0.002857366343960166 0.02224983461201191
v -0.00863095186650753 -0.0023691419046372175 0.01968209072947502
v -0.0085038673132658 -0.002761032897979021 0.02027779631316662
v -0.008430722169578075 -0.0027433026116341352 0.02027425356209278
v -0.008912581950426102 -0.0004539219953585416 0.018790196627378464
v -0.00885001104325056 -0.00039999099681153893 0.01880001090466976
v -0.008909367024898529 -0.00019260971748735756 0.01879826933145523
v -0.008846621960401535 -0.00019518211774993688 0.018808381631970406
v -0.008854941464960575 0.0005012314068153501 0.018949314951896667
v -0.008764408528804779 -0.001837654854170978 0.019219370558857918
v -0.008776002563536167 -0.0013957303017377853 0.01899837516248226
v -0.008870197460055351 -0.001172832096926868 0.01890634372830391
v -0.00880664773285389 -0.0011635307455435395 0.01891464926302433
v -0.008849890902638435 -0.00045323523227125406 0.018800463527441025
v -0.008561642840504646 -0.002350911498069763 0.019681008532643318
v -0.008594491519033909 -0.00223865220323205 0.019561409950256348
v -0.00869851652532816 -0.001821992569603026 0.01922312006354332
v -0.008331716991961002 -0.0029963809065520763 0.021537156775593758
v -0.008330153301358223 -0.00300005404278636 0.02139987051486969
v -0.008422809652984142 -0.002975564682856202 0.020945457741618156
v -0.008346783928573132 -0.0029595831874758005 0.020943129435181618
v -0.008409075438976288 -0.0028015049174427986 0.020404648035764694
v -0.008717208169400692 -0.002046662149950862 0.023428313434123993
v -0.008594709448516369 -0.002238552551716566 0.023238573223352432
v -0.008577827364206314 -0.0025431273970752954 0.022895624861121178
v -0.00850696861743927 -0.002524852752685547 0.022897936403751373
v -0.008408674038946629 -0.00280191982164979 0.022395668551325798
v -0.008835249580442905 -0.001442347769625485 0.023794211447238922
v -0.008776300586760044 -0.001395225408487022 0.02380227856338024
v -0.008770974352955818 -0.0014301595510914922 0.02378748171031475
v -0.00865020789206028 -0.00202957377769053 0.023426447063684464
v -0.008643794804811478 0.0012548204977065325 0.023405438289046288
v -0.00877024419605732 0.0006320790271274745 0.023785948753356934
v -0.008834521286189556 0.0006442743469960988 0.023792633786797523
v -0.008594488725066185 0.0014385158428922296 0.02323842979967594
v -0.00871097669005394 0.0012719749938696623 0.023407112807035446
v -0.008571055717766285 0.0017631750088185072 0.02286674454808235
v -0.008386589586734772 0.0020597304683178663 0.022241372615098953
v -0.008408968336880207 0.00200144131667912 0.022395391017198563
v -0.008500034920871258 0.001744855078868568 0.022869326174259186
v -0.008525531738996506 0.001898865681141615 0.020155472680926323
v -0.0084085026755929 0.0020017477218061686 0.020404132083058357
v -0.008430789224803448 0.0021547849755734205 0.020840348675847054
v -0.008355057798326015 0.0021385757718235254 0.02083771675825119
v -0.00832977332174778 0.0022002372425049543 0.02139976993203163
v -0.008791071362793446 0.0004904853994958103 0.018956994637846947
v -0.008776232600212097 0.0005955879460088909 0.018997851759195328
v -0.008744708262383938 0.0011274107964709401 0.01928110606968403
v -0.008678347803652287 0.0011110526975244284 0.019284170120954514
v -0.008660598658025265 0.0014651314122602344 0.019570091739296913
v -0.008592108264565468 0.0014470376772806048 0.01957012712955475
v -0.008453059941530228 0.0018808880122378469 0.020152287557721138
v -0.008771182969212532 0.0013029472902417183 0.023427579551935196
v -0.00863363966345787 0.0018019777489826083 0.022880058735609055
v -0.008526043966412544 0.0021196582820266485 0.02224474959075451
v -0.008474061265587807 0.0022562399972230196 0.021546583622694016
v -0.008496301248669624 0.002198688453063369 0.02083604410290718
v -0.008589014410972595 0.0019395368872210383 0.020144693553447723
v -0.008721607737243176 0.0014992657816037536 0.019552214071154594
v -0.008804405108094215 0.0011558375554159284 0.019259091466665268
v -0.00891310814768076 0.0005183468456380069 0.018922049552202225
v -0.008966849185526371 -0.00018862661090679467 0.01876847632229328
v -0.008970029652118683 -0.00045494615915231407 0.01876026578247547
v -0.008928170427680016 -0.0011875558411702514 0.01887834258377552
v -0.008823821321129799 -0.001864566933363676 0.01919632777571678
v -0.008692476898431778 -0.002404972678050399 0.01966564916074276
v -0.008567776530981064 -0.00280259782448411 0.020268263295292854
v -0.008488514460623264 -0.0030197238083928823 0.020941976457834244
v -0.008474365808069706 -0.003056453075259924 0.02153753489255905
v -0.008526782505214214 -0.002917330013588071 0.02225317247211933
v -0.008640316314995289 -0.002581595676019788 0.02290933206677437
v -0.008777303621172905 -0.0020772209390997887 0.023449067026376724
v -0.00889367051422596 -0.0014620986767113209 0.023820606991648674
v -0.008960461243987083 -0.0007701431750319898 0.024014074355363846
v -0.008810675702989101 0.0013379447627812624 0.02345876768231392
v -0.008672982454299927 0.0018480205908417702 0.022903261706233025
v -0.008565290831029415 0.002173123648390174 0.022258205339312553
v -0.008513270877301693 0.0023130332119762897 0.021548952907323837
v -0.008535525761544704 0.0022540611680597067 0.0208270326256752
v -0.00862831436097622 0.0019887415692210197 0.020124932751059532
v -0.008761041797697544 0.0015385091537609696 0.01952364109456539
v -0.008843937888741493 0.001187663059681654 0.019226321950554848
v -0.008952776901423931 0.000536896288394928 0.018884610384702682
v -0.009006587788462639 -0.00018437665130477399 0.018728964030742645
v -0.009009773842990398 -0.0004560434026643634 0.018720634281635284
v -0.008967858739197254 -0.0012034457176923752 0.018840305507183075
v -0.008863375522196293 -0.0018944722833111882 0.019162660464644432
v -0.008731882087886333 -0.002446584403514862 0.019638685509562492
v -0.00860705878585577 -0.002853275975212455 0.020250353962183
v -0.008527735248208046 -0.0030756136402487755 0.02093462087213993
v -0.008513577282428741 -0.0031132500153034925 0.02153972163796425
v -0.008566032163798809 -0.0029707353096455336 0.022266745567321777
v -0.008679668419063091 -0.002627183683216572 0.022932952269911766
v -0.008816801942884922 -0.002111652633175254 0.023480568081140518
v -0.008933314122259617 -0.0014836067566648126 0.02385728247463703
v -0.00900019146502018 -0.0007775818230584264 0.024053389206528664
v -0.00883649755269289 0.0013833055272698402 0.023506365716457367
v -0.008695497177541256 0.00190896971616894 0.022940220311284065
v -0.008584852330386639 0.002245298121124506 0.022280411794781685
v -0.00853126123547554 0.0023905145935714245 0.021552981808781624
v -0.008554203435778618 0.002329267794266343 0.02081194519996643
v -0.008649631403386593 0.002054433571174741 0.020092934370040894
v -0.008785721845924854 0.0015897861449047923 0.01947929710149765
v -0.008870493620634079 0.0012287743156775832 0.019176727160811424
v -0.0089816153049469 0.000560514337848872 0.018829651176929474
v -0.009036487899720669 -0.000179008929990232 0.01867174729704857
v -0.009039727970957756 -0.0004574393969960511 0.01866331696510315
v -0.008996996097266674 -0.0012236323673278093 0.018784696236252785
v -0.00889035314321518 -0.0019329531351104379 0.019112054258584976
v -0.008755851536989212 -0.0025011643301695585 0.019596505910158157
v -0.008627811446785927 -0.0029211388900876045 0.02022119052708149
v -0.008546172641217709 -0.003151621902361512 0.020922306925058365
v -0.008531571365892887 -0.003190729534253478 0.021543418988585472
v -0.008585619740188122 -0.003042805939912796 0.022289233282208443
v -0.008702324703335762 -0.0026875052135437727 0.022970473393797874
v -0.008842778392136097 -0.0021562231704592705 0.02352856658399105
v -0.008961765095591545 -0.001511039212346077 0.023911360651254654
v -0.009029981680214405 -0.000786989985499531 0.02411033771932125
v -0.008962087333202362 -5.2701096137752756e-05 0.024017632007598877
v -0.009001819416880608 -4.572189936880022e-05 0.024056976661086082
v -0.009031632915139198 -3.6892939533572644e-05 0.024113958701491356
v -0.009049830958247185 -0.00040017106221057475 0.02419978380203247
v -0.009041505865752697 -2.8270458642509766e-05 0.024176495149731636
v -0.008961028419435024 0.0007131070015020669 0.02390972711145878
v -0.008932581171393394 0.0006856315303593874 0.023855676874518394
v -0.008892940357327461 0.0006640785722993314 0.02381901629269123
v -0.008968197740614414 0.0007399695459753275 0.023969484493136406
v -0.008875155821442604 0.0012643160298466682 0.023681897670030594
v -0.00883850920945406 0.0014278102898970246 0.023559704422950745
v -0.008691062219440937 0.0019690704066306353 0.022982360795140266
v -0.008574707433581352 0.0023168623447418213 0.022306092083454132
v -0.008518110029399395 0.002467579208314419 0.021557698026299477
v -0.008542366325855255 0.0024039496202021837 0.020794473588466644
v -0.00864288117736578 0.0021193241700530052 0.020056312903761864
v -0.008785495534539223 0.0016401204047724605 0.019429363310337067
v -0.008873945102095604 0.0012690132716670632 0.01912141591310501
v -0.008989561349153519 0.0005835745250806212 0.01876906305551529
v -0.009046534076333046 -0.00017377128824591637 0.018609024584293365
v -0.009049888700246811 -0.0004588001174852252 0.01860048435628414
v -0.009005535393953323 -0.0012433476513251662 0.018723472952842712
v -0.008894631639122963 -0.0019706429447978735 0.019055675715208054
v -0.008754249662160873 -0.0025548527482897043 0.019548781216144562
v -0.008619972504675388 -0.0029882630333304405 0.020187653601169586
v -0.008533882908523083 -0.0032271528616547585 0.020907975733280182
v -0.008518426679074764 -0.0032677974086254835 0.0215477105230093
v -0.008575540035963058 -0.0031142509542405605 0.02231520041823387
v -0.008698170073330402 -0.002746977610513568 0.023013172671198845
v -0.008845084346830845 -0.0021999238524585962 0.023582331836223602
v -0.00896894745528698 -0.0015378488460555673 0.023971132934093475
v -0.009039811789989471 -0.0007961632800288498 0.02417285554111004
v -0.008875763975083828 0.001260262099094689 0.025310689583420753
v -0.008960641920566559 0.0007949533755891025 0.025403978303074837
v -0.009049067273736 -0.0005206411588005722 0.02550571970641613
v -0.009049865417182446 -0.00044476555194705725 0.025508513674139977
v -0.00904999952763319 -0.0004000061599072069 0.025509918108582497
v -0.008964472450315952 0.0007693059742450714 0.02540811151266098
v -0.009045334532856941 -0.0006722234538756311 0.025498447939753532
v -0.009029346518218517 -0.0009744607959873974 0.02547704242169857
v -0.008963501080870628 -0.001573206391185522 0.02540513500571251
v -0.008942746557295322 -0.0017054229974746704 0.02538321167230606
v -0.00887589156627655 -0.0020599174313247204 0.025310775265097618
v -0.008702855557203293 -0.002730939770117402 0.02510291337966919
v -0.008341173641383648 -0.0036922271829098463 0.024595322087407112
v -0.008363878354430199 -0.0036416666116565466 0.014530880376696587
v -0.008406123146414757 -0.0035446379333734512 0.014478471130132675
v -0.008716494776308537 -0.0026853736490011215 0.014169690199196339
v -0.007500844541937113 -0.005131355486810207 0.01577824167907238
v -0.008316203020513058 -0.0037469821982085705 0.01961037516593933
v -0.00801459327340126 -0.004336258862167597 0.015014352276921272
v -0.008290862664580345 -0.0038015686441212893 0.01462544035166502
v -0.007314479444175959 -0.005375582724809647 0.016131259500980377
v -0.007386934943497181 -0.005282954312860966 0.02163584902882576
v -0.007211184129118919 -0.005503044463694096 0.0163990780711174
v -0.007035259157419205 -0.005708241835236549 0.017147889360785484
v -0.007136809639632702 -0.005591453053057194 0.02216540090739727
v -0.00743391178548336 -0.005221384111791849 0.02307671308517456
v -0.007806682959198952 -0.004683345090597868 0.023777533322572708
v -0.00694237882271409 -0.005811120383441448 0.01812831126153469
v -0.006914124824106693 -0.005841687321662903 0.01949414424598217
v -0.006914847064763308 -0.005840906873345375 0.019605688750743866
v -0.006988531909883022 -0.005760377272963524 0.0212114118039608
v -0.007088088896125555 -0.005648091435432434 0.021928001195192337
v -0.008876778185367584 -0.002056355820968747 0.014072936028242111
v -0.008943598717451096 -0.0017003120156005025 0.014047379605472088
v -0.009050000458955765 -0.0004000010376330465 0.014025013893842697
v -0.008959578350186348 0.0008035789360292256 0.014041980728507042
v -0.008915427140891552 0.0010629831813275814 0.014056762680411339
v -0.008876729756593704 0.0012558805756270885 0.014072708785533905
v -0.008673806674778461 0.002023278968408704 0.0142008475959301
v -0.008358021266758442 0.002855112077668309 0.014538697898387909
v -0.008722257800400257 0.001864341669715941 0.025128399953246117
v -0.008384869433939457 0.002794876927509904 0.024661174044013023
v -0.008701297454535961 0.0019342830637469888 0.02510199137032032
v -0.007553824223577976 0.004258443601429462 0.015694208443164825
v -0.007974015548825264 0.003607402788475156 0.01507484633475542
v -0.008335822261869907 0.0029040563385933638 0.019646931439638138
v -0.0082856435328722 0.003012792207300663 0.014632798731327057
v -0.007487237453460693 0.0043502203188836575 0.02319195680320263
v -0.007194184698164463 0.004723302088677883 0.022394297644495964
v -0.007264236453920603 0.004638181533664465 0.0182269848883152
v -0.00701829744502902 0.004927252419292927 0.021474817767739296
v -0.006952542811632156 0.004999994300305843 0.02075975574553013
v -0.0070241279900074005 0.004920794628560543 0.017228279262781143
v -0.007047869265079498 0.00489389430731535 0.017074493691325188
v -0.007133243139833212 0.004795662593096495 0.0166607853025198
v -0.00785820186138153 0.003800203325226903 0.023861775174736977
v -0.00723967794328928 0.004668386187404394 0.016312669962644577
v -0.0069327144883573055 0.005021697375923395 0.020379237830638885
v -0.006937285419553518 0.00501659419387579 0.018251370638608932
v -0.007950001396238804 0.0020020855590701103 0.02040501870214939
v -0.007950001396238804 0.0014384770765900612 0.019561516121029854
v -0.007949999533593655 0.0021999990567564964 0.021400004625320435
v -0.00794999860227108 0.0020020855590701103 0.022394981235265732
v -0.00795000046491623 0.0014384770765900612 0.02323848195374012
v -0.00794999860227108 0.0005949762999080122 0.023802094161510468
v -0.00794999860227108 -0.00040000080480240285 0.024000007659196854
v -0.007949999533593655 -0.0013949779095128179 0.02380208484828472
v -0.00795000046491623 -0.002238478744402528 0.023238470777869225
v -0.007949999533593655 -0.0030000011902302504 0.021399997174739838
v -0.007949999533593655 -0.0028020876925438643 0.02239498309791088
v -0.007949999533593655 -0.0028020876925438643 0.02040502056479454
v -0.007949999533593655 -0.002238478744402528 0.019561519846320152
v -0.007949999533593655 -0.0013949779095128179 0.018997907638549805
v -0.00795000046491623 -0.00040000080480240285 0.01879999414086342
v -0.00794999860227108 0.0005949762999080122 0.01899791695177555
v -0.0075071873143315315 0.004214324522763491 0.023556940257549286
v -0.007743275258690119 0.00384525372646749 0.023981917649507523
v -0.006825102958828211 0.005083137191832066 0.018394116312265396
v -0.006900190841406584 0.005050404462963343 0.01839824579656124
v -0.006993129849433899 0.004948665853589773 0.017219794914126396
v -0.008964608423411846 -0.0003988058597315103 0.025673627853393555
v -0.008926481008529663 -0.0003990077821072191 0.025694478303194046
v -0.00883751455694437 0.0008054946665652096 0.025585507974028587
v -0.008884766139090061 -0.00039945298340171576 0.02570682018995285
v -0.00894414447247982 0.000804539886303246 0.02547868713736534
v -0.009027190506458282 -0.00039909547194838524 0.025602128356695175
v -0.008991369046270847 -0.00039880446274764836 0.02565128728747368
v -0.00868096575140953 0.001955056330189109 0.02516840770840645
v -0.008296196348965168 0.002965302672237158 0.024621156975626945
v -0.007832236588001251 0.0038255085237324238 0.023908581584692
v -0.007592497393488884 0.004191114567220211 0.02349390648305416
v -0.007369203958660364 0.0044957781210541725 0.023022569715976715
v -0.0071869222447276115 0.004723791498690844 0.022496752440929413
v -0.007056392263621092 0.004877226427197456 0.021933967247605324
v -0.006921589840203524 0.005027362611144781 0.020763494074344635
v -0.0068837921135127544 0.005068158730864525 0.019580954685807228
v -0.007102403324097395 0.004823954310268164 0.016644850373268127
v -0.007280683144927025 0.004608037881553173 0.0161114651709795
v -0.007523771375417709 0.0042869532480835915 0.01565677300095558
v -0.00778298219665885 0.003904080018401146 0.015269648283720016
v -0.008261487819254398 0.003037744900211692 0.014576059766113758
v -0.008478463627398014 0.0025359324645251036 0.014304706826806068
v -0.008670374751091003 0.00198745378293097 0.01411784254014492
v -0.008828445337712765 0.001403667265549302 0.014013263396918774
v -0.009013661183416843 -0.00039979402208700776 0.013910381123423576
v -0.009034532122313976 -0.00039985269540920854 0.013948570936918259
v -0.008944078348577023 0.0008043079869821668 0.013965744525194168
v -0.009046845138072968 -0.00039993078098632395 0.01399027369916439
v -0.007199998013675213 0.004634336568415165 0.01606246456503868
v -0.0074392822571098804 0.004304755944758654 0.015588367357850075
v -0.008942182175815105 -0.000399786134948954 0.01384781114757061
v -0.008837271481752396 0.0007923656958155334 0.013857751153409481
v -0.00872342474758625 0.0013926606625318527 0.013906293548643589
v -0.008567919954657555 0.001982509857043624 0.014013879932463169
v -0.007694622501730919 0.003919838462024927 0.01519376877695322
v -0.008165812119841576 0.003049698192626238 0.01448715478181839
v -0.008379202336072922 0.002539652632549405 0.0142070222645998
v -0.008991369046270847 -0.00039976841071620584 0.013883675448596478
v -0.008901331573724747 0.000800389563664794 0.01390096079558134
v -0.00878599751740694 0.001401744782924652 0.01394953764975071
v -0.00862821377813816 0.0019901879131793976 0.014056685380637646
v -0.008436628617346287 0.0025441606994718313 0.01424818579107523
v -0.008220106363296509 0.0030505673494189978 0.01452559046447277
v -0.00774337537586689 0.0039185113273561 0.015227771364152431
v -0.007485261652618647 0.004301968030631542 0.015619553625583649
v -0.0072430940344929695 0.004626417998224497 0.016085276380181313
v -0.007065560668706894 0.00484437495470047 0.016629720106720924
v -0.008901153691112995 0.0008082703570835292 0.025542430579662323
v -0.006956824567168951 0.004969303030520678 0.017211712896823883
v -0.006864373572170734 0.005070684943348169 0.018396085128188133
v -0.00684806052595377 0.005088349804282188 0.01958135887980461
v -0.006885652430355549 0.005047772545367479 0.020767081528902054
v -0.007019750773906708 0.004898011218756437 0.021944956853985786
v -0.007149644661694765 0.004744356498122215 0.022514313459396362
v -0.00733111472800374 0.004515238106250763 0.02304849587380886
v -0.007553496863692999 0.004208770580589771 0.023528113961219788
v -0.00779227027669549 0.0038419365882873535 0.02394895814359188
v -0.008254550397396088 0.0029801898635923862 0.024670539423823357
v -0.008458144962787628 0.002494483022019267 0.02497626654803753
v -0.008638358674943447 0.001965498086065054 0.02522614412009716
v -0.008578697219491005 0.0019641073886305094 0.02526736818253994
v -0.008401043713092804 0.0024945165496319532 0.025015922263264656
v -0.008200101554393768 0.0029811973217874765 0.02470831759274006
v -0.006846207659691572 0.005060264840722084 0.02077033370733261
v -0.0069791157729923725 0.0049101924523711205 0.021954849362373352
v -0.007107751443982124 0.004755483008921146 0.022529929876327515
v -0.007287305314093828 0.004523994866758585 0.02307102084159851
v -0.006808927282691002 0.005100783426314592 0.019581735134124756
v -0.008946607820689678 -0.0015842915745452046 0.013965526595711708
v -0.008902992121875286 -0.0015804375289008021 0.013901250436902046
v -0.006979495286941528 -0.00570967560634017 0.02196061983704567
v -0.007109105121344328 -0.005553658120334148 0.022537199780344963
v -0.008989867754280567 -0.0005256925360299647 0.025646934285759926
v -0.00888779666274786 -0.0005264714127406478 0.025702249258756638
v -0.008925243280827999 -0.0005265541840344667 0.025690702721476555
v -0.00892151053994894 -0.0006785807781852782 0.025683222338557243
v -0.008905570954084396 -0.0009817782556638122 0.025661131367087364
v -0.008839978836476803 -0.0015841810964047909 0.025586599484086037
v -0.008731336332857609 -0.0021760351955890656 0.025463007390499115
v -0.008584275841712952 -0.002745681907981634 0.02527514658868313
v -0.00820449274033308 -0.003770225215703249 0.024714484810829163
v -0.00774852279573679 -0.00463647348806262 0.023991014808416367
v -0.007510584779083729 -0.005008882377296686 0.023565063253045082
v -0.007289907895028591 -0.005320284515619278 0.023079294711351395
v -0.006845864001661539 -0.005860569886863232 0.020773114636540413
v -0.00691683916375041 -0.005781635642051697 0.017197569832205772
v -0.006824177224189043 -0.005884242709726095 0.018390534445643425
v -0.006808596197515726 -0.005900934804230928 0.019581329077482224
v -0.007025967817753553 -0.005653676111251116 0.016608841717243195
v -0.007203537039458752 -0.005429357290267944 0.016052955761551857
v -0.007699162233620882 -0.004712266381829977 0.015185358934104443
v -0.007443771697580814 -0.005098013207316399 0.015580828301608562
v -0.00817060749977827 -0.003838795004412532 0.014479189179837704
v -0.008384120650589466 -0.003325321478769183 0.014200725592672825
v -0.008573725819587708 -0.0027624797075986862 0.01401021983474493
v -0.008728266693651676 -0.0021713832393288612 0.013903209008276463
v -0.008839200250804424 -0.0015727186109870672 0.013857421465218067
v -0.007057030685245991 -0.005676584783941507 0.02193959802389145
v -0.007188564166426659 -0.005521927494555712 0.022503765299916267
v -0.009034721180796623 -0.0004473272420000285 0.02558535896241665
v -0.009033897891640663 -0.0005236470606178045 0.02558251842856407
v -0.009030099026858807 -0.0006760983378626406 0.02557513676583767
v -0.009013894014060497 -0.0009800754487514496 0.025553353130817413
v -0.008947212249040604 -0.0015828683972358704 0.025479981675744057
v -0.008836746215820312 -0.0021725287660956383 0.025358788669109344
v -0.008687163703143597 -0.002737318631261587 0.025175582617521286
v -0.008301054127514362 -0.003753888187929988 0.024627545848488808
v -0.007837928831577301 -0.0046172188594937325 0.023917092010378838
v -0.007596262730658054 -0.004985622595995665 0.0235018078237772
v -0.007372135762125254 -0.0052920444868505 0.023030515760183334
v -0.008266781456768513 -0.003826805157586932 0.014568391256034374
v -0.00883394107222557 -0.0021829050965607166 0.014010488986968994
v -0.008676813915371895 -0.0027682394720613956 0.014114521443843842
v -0.008483938872814178 -0.0033219202887266874 0.014298818074166775
v -0.007787940092384815 -0.004696339834481478 0.015261424705386162
v -0.007528658956289291 -0.0050803292542696 0.015649493783712387
v -0.007284578401595354 -0.0054033249616622925 0.016102826222777367
v -0.008790725842118263 -0.0021804948337376118 0.013946996070444584
v -0.008633984252810478 -0.002770255086943507 0.01405350025743246
v -0.008441519923508167 -0.003329731523990631 0.014242364093661308
v -0.0082249129191041 -0.003839438548311591 0.014517984353005886
v -0.007747978903353214 -0.004710698500275612 0.015219575725495815
v -0.007489858195185661 -0.005095168948173523 0.015612204559147358
v -0.007246761117130518 -0.005421518348157406 0.016076212748885155
v -0.007104218937456608 -0.0056218430399894714 0.016637751832604408
v -0.00706718722358346 -0.005642202217131853 0.0166225153952837
v -0.006993466522544622 -0.005748402327299118 0.017213130369782448
v -0.006956987548619509 -0.005769096780568361 0.017204971984028816
v -0.006899492349475622 -0.00585136516019702 0.018394505605101585
v -0.0068635218776762486 -0.00587166752666235 0.018392421305179596
v -0.006883698049932718 -0.005868273321539164 0.019580556079745293
v -0.00684781651943922 -0.005888441577553749 0.019580962136387825
v -0.006921485997736454 -0.005827578715980053 0.020766224712133408
v -0.006885397247970104 -0.005847984924912453 0.020769814029335976
v -0.007020215969532728 -0.005697377026081085 0.021950645372271538
v -0.007151096593588591 -0.005542446859180927 0.02252144366502762
v -0.007333822548389435 -0.005311430897563696 0.023056572303175926
v -0.007556985132396221 -0.005003177560865879 0.02353608049452305
v -0.007797642145305872 -0.0046332525089383125 0.023957736790180206
v -0.008258925750851631 -0.003768748603761196 0.02467658743262291
v -0.008643927052617073 -0.002747148275375366 0.025233367457985878
v -0.008793188259005547 -0.002178728813305497 0.02542000077664852
v -0.008903393521904945 -0.001586560276336968 0.02554311417043209
v -0.008969904854893684 -0.000982558587566018 0.025617443025112152
v -0.008986072614789009 -0.0006782811251468956 0.025639478117227554
v -0.00795000046491623 -0.00040000080480240285 0.02015000581741333
v -0.0075499992817640305 -0.00040000074659474194 0.020149998366832733
v -0.007949999533593655 0.00022499909391626716 0.02031746506690979
v -0.0075499992817640305 0.00022499913757201284 0.020317470654845238
v -0.007949999533593655 0.0006825308664701879 0.020774999633431435
v -0.007549998816102743 0.0006825304590165615 0.020775005221366882
v -0.007949999533593655 0.0008499994874000549 0.021399997174739838
v -0.007549999747425318 0.0008499990217387676 0.021400004625320435
v -0.00795000046491623 0.0006825309246778488 0.022025002166628838
v -0.007550001610070467 0.0006825304590165615 0.02202499285340309
v -0.007950001396238804 0.00022499910846818238 0.022482527419924736
v -0.007549998816102743 0.00022499915212392807 0.022482533007860184
v -0.00795000046491623 -0.00040000080480240285 0.022649995982646942
v -0.007550000213086605 -0.00040000074659474194 0.02265000157058239
v -0.00794999860227108 -0.0010250011691823602 0.022482536733150482
v -0.007549999747425318 -0.0010250011691823602 0.022482529282569885
v -0.007949999533593655 -0.001482532941736281 0.022025002166628838
v -0.007550000678747892 -0.001482532941736281 0.02202499285340309
v -0.00794999860227108 -0.0016500010387971997 0.021400004625320435
v -0.007549999747425318 -0.0016500010387971997 0.02139999531209469
v -0.00795000046491623 -0.001482532941736281 0.020774999633431435
v -0.007549999747425318 -0.001482532941736281 0.02077500708401203
v -0.007949999533593655 -0.0010250011691823602 0.020317474380135536
v -0.007550000213086605 -0.0010250011691823602 0.02031746692955494
v -0.007549999747425318 -0.001900001079775393 0.02066686376929283
v -0.0075499992817640305 -4.4759854063158855e-05 0.019686441868543625
v -0.007550000678747892 0.0006727823056280613 0.020017379894852638
v -0.00755000114440918 0.0011716014705598354 0.020630210638046265
v -0.007550000213086605 0.0013499991036951542 0.021400002762675285
v -0.007549999747425318 0.0011716014705598354 0.02216978557407856
v -0.007550000213086605 0.0006727823056280613 0.022782620042562485
v -0.0075499992817640305 -0.0017854176694527268 0.022469164803624153
v -0.007549999747425318 -0.0018705675611272454 0.02231065183877945
v -0.0075499992817640305 -0.001900001079775393 0.02213314361870289
v -0.007549999747425318 -4.475984678720124e-05 0.023113561794161797
v -0.007550000213086605 -0.0008347286493517458 0.02309514209628105
v -0.0075499992817640305 -0.001536064432002604 0.02273111790418625
v -0.0075499992817640305 -0.0018705675611272454 0.020489340648055077
v -0.007550000213086605 -0.0017854176694527268 0.02033083327114582
v -0.007549999747425318 -0.001536064432002604 0.02006889320909977
v -0.007549999747425318 -0.0008347286493517458 0.01970486342906952
v -0.0074636125937104225 0.00021236989414319396 0.014842748641967773
v -0.0074837724678218365 -0.0007642994751222432 0.014831158332526684
v -0.00749044818803668 -0.0006821011775173247 0.014828633517026901
v -0.007268649060279131 0.0015095211565494537 0.014993242919445038
v -0.007295672316104174 0.0013870438560843468 0.014972463250160217
v -0.007313084322959185 0.0013153449399396777 0.014959610067307949
v -0.007352360989898443 0.0010969314025714993 0.014928756281733513
v -0.007352760061621666 0.0011208441574126482 0.014930736273527145
v -0.007399341091513634 0.0008041103137657046 0.014892442151904106
v -0.0074174837209284306 0.0007329880609177053 0.014883586205542088
v -0.0074899871833622456 -5.34795290150214e-05 0.014830539934337139
v -0.007066980004310608 0.0020719042513519526 0.01610635593533516
v -0.006879866123199463 0.00259574712254107 0.016240807250142097
v -0.006981735583394766 0.00233762850984931 0.01617112196981907
v -0.006887485738843679 0.002598818391561508 0.016241667792201042
v -0.007107608951628208 0.0014412672026082873 0.015933461487293243
v -0.007167176343500614 0.0014483685372397304 0.015970489010214806
v -0.0073495483957231045 0.00026059531955979764 0.01583283767104149
v -0.007082107476890087 -0.002110965084284544 0.015789540484547615
v -0.006799730006605387 -0.0031711189076304436 0.015986455604434013
v -0.007079619448632002 -0.002116225892677903 0.01575304940342903
v -0.006801329553127289 -0.0031667884904891253 0.015980403870344162
v -0.007208370603621006 -0.0021110093221068382 0.015947431325912476
v -0.007267795503139496 -0.0020008226856589317 0.01594071090221405
v -0.00706555275246501 -0.002832610160112381 0.01609480381011963
v -0.007360897492617369 -0.0009405986638739705 0.015825601294636726
v -0.007406548131257296 -0.0009428014163859189 0.015837164595723152
v -0.007387409918010235 -0.0011739947367459536 0.015851084142923355
v -0.007306482642889023 0.0010492816800251603 0.015922294929623604
v -0.00739867752417922 0.00031642953399568796 0.01584869995713234
v -0.007426143623888493 -0.00045567023335024714 0.015824008733034134
v -0.007149416487663984 0.0017836446641013026 0.016044482588768005
v -0.007226462475955486 0.0014593114610761404 0.01598466746509075
v -0.006829811260104179 0.0025641578249633312 0.016222022473812103
v -0.006781016942113638 0.002498139627277851 0.01616041734814644
v -0.006816355045884848 0.002292969264090061 0.0160507932305336
v -0.006770269945263863 0.002465848345309496 0.016125071793794632
v -0.007038547657430172 0.0014522249111905694 0.015777943655848503
v -0.006875018123537302 0.0020610231440514326 0.015903975814580917
v -0.007041436154395342 0.0014467235887423158 0.01581406593322754
v -0.00687326118350029 0.0020660944283008575 0.015916476026177406
v -0.0068641044199466705 0.002101382240653038 0.015949631109833717
v -0.00706500606611371 0.0014407462440431118 0.015880253165960312
v -0.007287552580237389 0.00025794029352255166 0.0157953891903162
v -0.006851046811789274 -0.0032129508908838034 0.016144802793860435
v -0.006809606216847897 -0.003212414216250181 0.016093671321868896
v -0.007105343509465456 -0.0021049981005489826 0.01585644669830799
v -0.0072441715747118 0.00025781866861507297 0.01574036292731762
v -0.0072987074963748455 -0.0009386782185174525 0.015788044780492783
v -0.006907561328262091 -0.003222507191821933 0.016181517392396927
v -0.007148151285946369 -0.002104978309944272 0.015910182148218155
v -0.007255296688526869 -0.0009387807222083211 0.01573280617594719
v -0.007233075797557831 -0.0009408659534528852 0.015663595870137215
v -0.0072217900305986404 0.00026019910001195967 0.015671437606215477
v -0.006876868195831776 -0.0033987676724791527 0.016238495707511902
v -0.0068294755183160305 -0.0033569447696208954 0.016204344108700752
v -0.006789747625589371 -0.003265336388722062 0.016105035319924355
v -0.007231809664517641 -0.0009426619508303702 0.015625866129994392
v -0.007246560882776976 -0.0005720472545363009 0.015613075345754623
v -0.007220360916107893 0.00026235327823087573 0.015633827075362206
v -0.007193353958427906 0.0005400400841608644 0.01565556973218918
v -0.0068966094404459 -0.00339886755682528 0.01574445143342018
v -0.00680270092561841 -0.003211198840290308 0.015740355476737022
v -0.006810089107602835 -0.0032854732125997543 0.01574084907770157
v -0.006844308227300644 -0.003351649735122919 0.0157424658536911
v -0.006914452183991671 -0.0033991846721619368 0.015250197611749172
v -0.0068193962797522545 -0.00325017306022346 0.015332082286477089
v -0.006826135795563459 -0.003166726790368557 0.015393494628369808
v -0.006811740808188915 -0.0031667437870055437 0.015740608796477318
v -0.006852917373180389 -0.0033388296142220497 0.015276452526450157
v -0.006826634053140879 -0.003283819882199168 0.015309230424463749
v -0.006788414437323809 0.00247602304443717 0.01575351506471634
v -0.00684713339433074 0.002562369452789426 0.01573989726603031
v -0.006801574490964413 0.002504953183233738 0.015738079324364662
v -0.006790535524487495 0.0024772121105343103 0.015708617866039276
v -0.006857306230813265 0.002555976388975978 0.015253513120114803
v -0.006924378219991922 0.0025990859139710665 0.015242479741573334
v -0.006907227449119091 0.002598897088319063 0.015742119401693344
v -0.0068097165785729885 0.0024879404809325933 0.01528894156217575
v -0.007049999665468931 -0.0019000006141141057 0.02213313803076744
v -0.007049998734146357 -0.0018705675611272454 0.022310661152005196
v -0.007049998268485069 -0.0017854176694527268 0.0224691741168499
v -0.007130608893930912 -0.001900001079775393 0.02066686376929283
v -0.007158129010349512 -0.0018701840890571475 0.020488997921347618
v -0.007196154911071062 -0.001785417553037405 0.02033083885908127
v -0.006801540032029152 -0.0020138893742114305 0.02235814556479454
v -0.006812941748648882 -0.0020544123835861683 0.02211623638868332
v -0.006838853005319834 -0.00199300074018538 0.02211849018931389
v -0.006808811333030462 -0.0019004431087523699 0.02257491461932659
v -0.006828061304986477 -0.00195669406093657 0.02233882248401642
v -0.006883192341774702 -0.0019433319102972746 0.022122357040643692
v -0.006872529163956642 -0.0019105401588603854 0.02232338860630989
v -0.006941366475075483 -0.0019111863803118467 0.022127432748675346
v -0.00693044438958168 -0.001880692201666534 0.02231360226869583
v -0.007006942760199308 -0.0019000006141141057 0.02213313989341259
v -0.006995551288127899 -0.0018702796660363674 0.022310489788651466
v -0.006834534462541342 -0.001852564630098641 0.02253573201596737
v -0.006878947373479605 -0.001814786926843226 0.022502701729536057
v -0.006937400437891483 -0.0017915726639330387 0.022479679435491562
v -0.007003373000770807 -0.0017854174366220832 0.022469162940979004
v -0.007049998734146357 -0.0019000006141141057 0.021634060889482498
v -0.00700359558686614 -0.0019116096664220095 0.021394500508904457
v -0.00706986291334033 -0.0019000009633600712 0.02140008844435215
v -0.006944783963263035 -0.001944378949701786 0.021389534696936607
v -0.006900310516357422 -0.0019949772395193577 0.02138577587902546
v -0.006875091698020697 -0.002057647332549095 0.02138364315032959
v -0.007063661236315966 -0.0019118558848276734 0.020661424845457077
v -0.007004398852586746 -0.0019452781416475773 0.020656613633036613
v -0.006959906779229641 -0.0019967975094914436 0.020653003826737404
v -0.006935203913599253 -0.0020604317542165518 0.02065100520849228
v -0.006962344981729984 -0.002021543914452195 0.020408816635608673
v -0.006999721750617027 -0.0019092868315055966 0.02019362524151802
v -0.007019743788987398 -0.0018553946865722537 0.020239461213350296
v -0.006985276006162167 -0.0019596554338932037 0.020433319732546806
v -0.007063216995447874 -0.001813259208574891 0.02028118446469307
v -0.007029287982732058 -0.0019099536584690213 0.020456736907362938
v -0.007124776486307383 -0.0017888899892568588 0.02031303197145462
v -0.00708937318995595 -0.0018788999877870083 0.020476071164011955
v -0.007092185318470001 -0.0014863754622638226 0.019783170893788338
v -0.007158697582781315 -0.0009566351072862744 0.019521942362189293
v -0.007171391975134611 -0.0009345349972136319 0.01959802396595478
v -0.0073578450828790665 -0.0009109659004025161 0.019726566970348358
v -0.00729024363681674 -0.0013965395046398044 0.019961509853601456
v -0.007215016987174749 -0.001396592939272523 0.019943051040172577
v -0.007364483550190926 -0.0008348305127583444 0.019705146551132202
v -0.007279537618160248 -0.000909783411771059 0.019709184765815735
v -0.007383710704743862 -0.00037419277941808105 0.01965015009045601
v -0.007304182276129723 -0.0003739196399692446 0.019633544608950615
v -0.007374905981123447 -4.455948146642186e-05 0.01968684419989586
v -0.007281649857759476 0.00015964198973961174 0.019725089892745018
v -0.007359940093010664 0.00016039804904721677 0.01974242553114891
v -0.007292209193110466 0.0006401556311175227 0.019992774352431297
v -0.00721714785322547 0.0006404320010915399 0.019974391907453537
v -0.00719623314216733 0.0010188656160607934 0.020375393331050873
v -0.007125348784029484 0.0010226115118712187 0.020357703790068626
v -0.007139869499951601 0.0011717505985870957 0.02062992937862873
v -0.007029145024716854 0.0012709754519164562 0.020840203389525414
v -0.007096145302057266 0.0012629665434360504 0.020853767171502113
v -0.0070500001311302185 0.001330347266048193 0.021138468757271767
v -0.0069545963779091835 0.0013612633338198066 0.02137930877506733
v -0.007019056007266045 0.001350533333607018 0.02138553187251091
v -0.006986389402300119 0.0012706267880275846 0.02192303165793419
v -0.006922467146068811 0.0012808736646547914 0.02192550338804722
v -0.006988958455622196 0.0011719102039933205 0.022170137614011765
v -0.006937277503311634 0.0010358948493376374 0.022420767694711685
v -0.007002735510468483 0.0010291306534782052 0.022411072626709938
v -0.007050000596791506 0.0006727822474204004 0.022782612591981888
v -0.006982516031712294 0.0006533281411975622 0.02281353436410427
v -0.007050001062452793 0.0006596850580535829 0.022792678326368332
v -0.007123933173716068 -0.00036278855986893177 0.023150185123085976
v -0.007114891894161701 -4.451374843483791e-05 0.023113878443837166
v -0.007029243744909763 0.00017201663285959512 0.023068606853485107
v -0.007101003546267748 0.00017211033264175057 0.02305428683757782
v -0.007051039487123489 0.0006508909282274544 0.022800009697675705
v -0.007032441440969706 -0.0009018146083690226 0.023090695962309837
v -0.007104604970663786 -0.0009021128062158823 0.023076336830854416
v -0.00710923271253705 -0.0008348023402504623 0.023095112293958664
v -0.006986125838011503 -0.0013932312140241265 0.02285606600344181
v -0.007049999665468931 -0.0014322545612230897 0.022813130170106888
v -0.007055168505758047 -0.0013913464499637485 0.022842122241854668
v -0.007213778328150511 -0.0009179777116514742 0.019664032384753227
v -0.007237728219479322 -0.000373039860278368 0.01958683505654335
v -0.007215895224362612 0.00016941799549385905 0.01968025229871273
v -0.007153254933655262 0.0006585131632164121 0.019934846088290215
v -0.007063922937959433 0.0010476262541487813 0.020326782017946243
v -0.0069700623862445354 0.0013006242224946618 0.02082088403403759
v -0.0068970671854913235 0.0013924726517871022 0.021373603492975235
v -0.006865240633487701 0.0013101588701829314 0.02193397469818592
v -0.00687903817743063 0.0010600527748465538 0.022442134097218513
v -0.006922338157892227 0.0006701811798848212 0.022844888269901276
v -0.0069670588709414005 0.00018074507534038275 0.02310621552169323
v -0.0070505389012396336 -0.0003627756959758699 0.023164212703704834
v -0.006987355183809996 -0.00036207601078785956 0.023204097524285316
v -0.0069700125604867935 -0.0009091696701943874 0.02312891185283661
v -0.006925626192241907 -0.0014087832532823086 0.022888600826263428
v -0.007173614110797644 -0.0007417044253088534 0.019468536600470543
v -0.007195564918220043 -0.00037191499723121524 0.01951741985976696
v -0.007173485588282347 0.00018802650447469205 0.019614825025200844
v -0.007110285107046366 0.0006916305865161121 0.019879812374711037
v -0.007020344492048025 0.0010905205272138119 0.02028663642704487
v -0.006926042027771473 0.0013483556685969234 0.02079802192747593
v -0.006852788385003805 0.0014407404232770205 0.021368999034166336
v -0.006820828188210726 0.0013553495518863201 0.021947575733065605
v -0.006834588944911957 0.001098867622204125 0.022472873330116272
v -0.006877996493130922 0.0006993260467424989 0.022890370339155197
v -0.006922932807356119 0.00019703080761246383 0.023162277415394783
v -0.006881314795464277 -0.0014363223453983665 0.022935910150408745
v -0.006925929803401232 -0.0009233996388502419 0.023186037316918373
v -0.0069433776661753654 -0.00036093819653615355 0.02326449379324913
v -0.007108099292963743 -0.0014450676972046494 0.01984674483537674
v -0.0071510314010083675 -0.0014134927187114954 0.019902899861335754
v -0.007182509638369083 -0.0005067801685072482 0.019439883530139923
v -0.007184149697422981 -0.0003706463903654367 0.01943693496286869
v -0.007160755805671215 0.00021249070414341986 0.019539475440979004
v -0.00709419883787632 0.0007348035578615963 0.019817646592855453
v -0.007000036537647247 0.0011455068597570062 0.020242679864168167
v -0.006901922170072794 0.001408471493050456 0.020774343982338905
v -0.0068261828273534775 0.0015008377376943827 0.021365968510508537
v -0.006793555337935686 0.0014116785023361444 0.02196486108005047
v -0.0068085044622421265 0.0011480266693979502 0.022509513422846794
v -0.006854556035250425 0.0007371993269771338 0.022944338619709015
v -0.006883697584271431 0.00045186703209765255 0.02312721498310566
v -0.006902411580085754 0.00021871720673516393 0.023229140788316727
v -0.006858371663838625 -0.0014722832711413503 0.022991999983787537
v -0.006905808579176664 -0.0009424631716683507 0.02325422130525112
v -0.006923364009708166 -0.0005046019214205444 0.023333610966801643
v -0.006924378219991922 -0.0003594517183955759 0.023336799815297127
v -0.007050001062452793 0.0013499991036951542 0.02139999531209469
v -0.0070500001311302185 0.0011716014705598354 0.022169778123497963
v -0.007049999665468931 -0.001536064432002604 0.0227311123162508
v -0.0027809073217213154 -0.0035000003408640623 0.014506152831017971
v -0.002781972987577319 -0.001991203287616372 0.014506631530821323
v -0.0026074398774653673 -0.0019911029376089573 0.014465110376477242
v -0.0020961477421224117 -0.0005000049713999033 0.014840172603726387
v -0.002088140230625868 -0.0005000000237487257 0.014876837842166424
v -0.0020876540802419186 -0.0019975786563009024 0.014877666719257832
v -0.002192366635426879 -0.0005000237724743783 0.01464863121509552
v -0.0025811209343373775 -0.0035000001080334187 0.014463589526712894
v -0.0024251092690974474 -0.0019910132978111506 0.014488693326711655
v -0.0024240047205239534 -0.0035000003408640623 0.014488210901618004
v -0.0022636004723608494 -0.001990949735045433 0.014577160589396954
v -0.00233988999389112 -0.0035000001080334187 0.014524455182254314
v -0.0021485951729118824 -0.0019909206312149763 0.014711160212755203
v -0.002157859969884157 -0.0035000003408640623 0.01469405461102724
v -0.0020864263642579317 -0.0035000003408640623 0.014877712354063988
v -0.0022639448288828135 -0.0005000269738957286 0.0145772909745574
v -0.002362786792218685 -0.0005000267410650849 0.014514214359223843
v -0.002571032615378499 -0.0005000169621780515 0.014464554376900196
v -0.0027822828851640224 -0.0005000001983717084 0.014506774954497814
v 0.002859261352568865 -0.0036316723562777042 0.006495978683233261
v 0.0028856871649622917 -0.0034999996423721313 0.00660277483984828
v 0.003119280794635415 -0.0034999996423721313 0.0065138149075210094
v 0.002637563506141305 -0.0036316723562777042 0.006522988434880972
v 0.0026375637389719486 -0.0034999996423721313 0.0066330088302493095
v 0.0030679767951369286 -0.0036316723562777042 0.006416494958102703
v 0.002997561590746045 -0.0037194869946688414 0.006282914895564318
v 0.002822990296408534 -0.003719487227499485 0.006349389441311359
v 0.0029173570219427347 -0.003750000149011612 0.006130761932581663
v 0.0027816796209663153 -0.0037499999161809683 0.006182435899972916
v 0.002637564204633236 -0.0037194869946688414 0.006371999159455299
v 0.002637563506141305 -0.0037499999161809683 0.006199995521456003
v 0.002594986231997609 -0.0037499999161809683 0.0056308857165277
v 0.0025949636474251747 -0.0037499999161809683 0.005635883659124374
v 0.003427864285185933 -0.0037499999161809683 0.0054557351395487785
v -0.0035487774293869734 -0.003750000149011612 9.317076910519972e-05
v -0.0034725223667919636 -0.0037499999161809683 -0.0007376161520369351
v -0.0064998953603208065 -0.0037499999161809683 0.005184121895581484
v -0.0021634178701788187 -0.0037499999161809683 -0.0030016093514859676
v -0.0014452127506956458 -0.0037499999161809683 -0.0032425050158053637
v -0.0010741640580818057 -0.0037499999161809683 -0.0035406530369073153
v -0.0006485664052888751 -0.0037499999161809683 -0.0034902486950159073
v 0.0001309852086706087 -0.0037499999161809683 -0.0036976805422455072
v 0.0001838996831793338 -0.0037499999161809683 -0.0035452351439744234
v 0.001322002848610282 -0.003750000149011612 -0.003455766011029482
v -0.0033533386886119843 -0.003750000149011612 -0.0015636925818398595
v -0.0032044840045273304 -0.003750000149011612 -0.0015276680933311582
v -0.003019257215783 -0.003750000149011612 -0.0021387115120887756
v -0.0027594633866101503 -0.0037499999161809683 -0.0022333438973873854
v -0.002162042073905468 -0.0037499999161809683 -0.002815681044012308
v 0.0010062094079330564 -0.0037499999161809683 -0.0034044140484184027
v 0.0017729477258399129 -0.0037499999161809683 -0.003075569635257125
v 0.0023703842889517546 -0.0037499999161809683 -0.002841002307832241
v 0.0024417685344815254 -0.0037499999161809683 -0.002576865255832672
v 0.0031630219891667366 -0.0037499999161809683 -0.0019197053043171763
v 0.0029757306911051273 -0.0037499999161809683 -0.0019358532736077905
v 0.0033453486394137144 -0.0037499999161809683 -0.001187917310744524
v 0.0036143946927040815 -0.0037499999161809683 -0.0007912982837297022
v 0.003530203364789486 -0.003750000149011612 -0.00037438023719005287
v 0.003675800748169422 -0.0037499999161809683 0.0004224877920933068
v 0.0035200912971049547 -0.0037499999161809683 0.00045984910684637725
v 0.003540797857567668 -0.0037499999161809683 0.0010736673139035702
v 0.0033155670389533043 -0.0037499999161809683 0.0012686661211773753
v 0.003322264412418008 -0.0037499999161809683 0.0021194193977862597
v 0.002927927067503333 -0.0037499999161809683 0.002007419941946864
v 0.002680129138752818 -0.003750000149011612 0.0025194105692207813
v 0.0033034346997737885 -0.003750000149011612 0.003355766646564007
v 0.0025949873961508274 -0.0037499999161809683 0.003081819275394082
v 0.0034847953356802464 -0.003750000149011612 0.004388236906379461
v 0.0034859073348343372 -0.0037499999161809683 0.004409559536725283
v 0.002594682388007641 -0.003750000149011612 0.005649146158248186
v 0.002593362471088767 -0.0037499999161809683 0.005685714539140463
v 0.003320776391774416 -0.0037499999161809683 0.00597128551453352
v 0.0025883265770971775 -0.0037499999161809683 0.005785342305898666
v -0.004450326785445213 -0.003750000149011612 0.006066666916012764
v -0.002581665525212884 -0.0037499999161809683 0.004081241320818663
v -0.004820578265935183 -0.003750000149011612 0.005782770924270153
v -0.0034290365874767303 -0.003750000149011612 0.0009188067051582038
v -0.005237128585577011 -0.003750000149011612 0.005572630558162928
v 0.002587235067039728 -0.003750000149011612 0.005804389715194702
v 0.0025855174753814936 -0.0037499999161809683 0.005836475174874067
v -0.006465231068432331 -0.0037499999161809683 0.005292376969009638
v -0.006430709734559059 -0.0037499999161809683 0.0054000020027160645
v -0.006149998866021633 -0.0037499999161809683 0.005400003865361214
v -0.004292967263609171 -0.0037499999161809683 0.006165474187582731
v -0.004110391717404127 -0.003750000149011612 0.006199999246746302
v -0.002581666922196746 -0.0037499999161809683 0.006199993658810854
v -0.005685476120561361 -0.0037499999161809683 0.005443532485514879
v 0.0025816657580435276 -0.0037499999161809683 0.005939783528447151
v 0.0025816650595515966 -0.0037499999161809683 0.006199994590133429
v 0.0025832895189523697 -0.0037499999161809683 0.005884954705834389
v 0.0035886459518224 -0.0037999998312443495 0.0010881773196160793
v 0.0033719202037900686 -0.003800000064074993 0.0021252899896353483
v 0.0033532457891851664 -0.003800000064074993 0.0033514222595840693
v 0.00344850099645555 -0.0037999998312443495 0.004013449884951115
v -0.0025438338052481413 -0.0037574328016489744 0.0040812366642057896
v -0.0025333696976304054 -0.0037633974570780993 0.004068295005708933
v -0.0025109543930739164 -0.003779289312660694 0.004081246443092823
v -0.0025122715160250664 -0.0037804387975484133 0.004062649328261614
v -0.002501785522326827 -0.003789840964600444 0.0040812366642057896
v -0.0024980127345770597 -0.003800000064074993 0.004058828577399254
v -0.002489099046215415 -0.0038121675606817007 0.004081233404576778
v -0.002491846214979887 -0.003813215997070074 0.0040571666322648525
v -0.002483332995325327 -0.0038318180013448 0.0040812366642057896
v -0.002485073171555996 -0.0038499999791383743 0.00405536126345396
v -0.002172742271795869 -0.00439240550622344 0.0052941180765628815
v -0.002178303664550185 -0.004383875522762537 0.005333465989679098
v -0.0020196682307869196 -0.004504368174821138 0.005984694696962833
v -0.002000376582145691 -0.004520082380622625 0.00597696378827095
v -0.0019859285093843937 -0.004540514200925827 0.005969775840640068
v -0.002163445809856057 -0.00441100774332881 0.005286917090415955
v -0.001977313309907913 -0.004564301576465368 0.005963591393083334
v -0.0019750429783016443 -0.0045898049138486385 0.0059588151052594185
v -0.002236239844933152 -0.0043686022982001305 0.004984013736248016
v -0.0024563802871853113 -0.003948471508920193 0.0041690426878631115
v -0.0024579802993685007 -0.003962847404181957 0.004156467970460653
v -0.0024181597400456667 -0.004052191041409969 0.004314768593758345
v -0.0024167997762560844 -0.004077822435647249 0.004310146439820528
v -0.0023097482044249773 -0.00424485607072711 0.004728322848677635
v -0.002308093011379242 -0.004275735002011061 0.004715851508080959
v -0.0024120742455124855 -0.004057975020259619 0.00437376881018281
v -0.0022824606858193874 -0.004270731937140226 0.004905865527689457
v -0.002322243060916662 -0.004216864705085754 0.004742549732327461
v 0.0024949871003627777 -0.0038499999791383743 0.0030818148516118526
v 0.0024949873331934214 -0.0038499999791383743 0.0056308964267373085
v 0.0025026004295796156 -0.0038117317017167807 0.0030818230006843805
v 0.002508384408429265 -0.003800000064074993 0.005630892235785723
v 0.00255693681538105 -0.003757521975785494 0.005630893632769585
v 0.0025567184202373028 -0.003757612081244588 0.0030818164814263582
v 0.002544987015426159 -0.0037633974570780993 0.005630891770124435
v 0.002544987015426159 -0.0037633974570780993 0.003081810660660267
v 0.0025242764968425035 -0.003779289312660694 0.005630893632769585
v 0.0025242764968425035 -0.003779289312660694 0.003081812057644129
v 0.002508384408429265 -0.003800000064074993 0.0030818108934909105
v 0.00264357659034431 -0.003757612081244588 0.002508083824068308
v 0.0026125875301659107 -0.003779289312660694 0.002498483983799815
v 0.0025918823666870594 -0.0038117317017167807 0.002492067636922002
v 0.0025846112985163927 -0.0038499999791383743 0.0024898156989365816
v 0.00289636617526412 -0.0037576118484139442 0.001985784387215972
v 0.0028696078807115555 -0.003779289312660694 0.0019674377981573343
v 0.002851729281246662 -0.003811731468886137 0.0019551797304302454
v 0.002845450071617961 -0.0038499999791383743 0.0019508667755872011
v -0.0034410872031003237 -0.003850000211969018 -0.00024784437846392393
v -0.003374705323949456 -0.0038499999791383743 -0.0007168439915403724
v -0.0033821496181190014 -0.0038117317017167807 -0.0007184204296208918
v -0.0031700870022177696 -0.0038499999791383743 -0.0013612649636343122
v -0.0031142160296440125 -0.0038499999791383743 -0.0014846359845250845
v -0.003121086861938238 -0.0038117317017167807 -0.0014879080699756742
v -0.0025493449065834284 -0.003850000211969018 -0.0023245157208293676
v -0.0021011391654610634 -0.0038499999791383743 -0.00273636425845325
v -0.0021057764533907175 -0.0038117317017167807 -0.0027424045838415623
v -0.0016473450232297182 -0.0038499999791383743 -0.003031295957043767
v -0.001404504873789847 -0.0038499999791383743 -0.003151175333186984
v -0.0014076029183343053 -0.0038117317017167807 -0.0031581278890371323
v -0.0005635990528389812 -0.0038499999791383743 -0.003403658512979746
v 0.00017871845921035856 -0.003850000211969018 -0.003445373149588704
v 0.00017911239410750568 -0.0038117317017167807 -0.0034529753029346466
v 0.0005823266692459583 -0.0038499999791383743 -0.0034004938788712025
v 0.0009778671665117145 -0.0038499999791383743 -0.003308509010821581
v 0.0009800238767638803 -0.0038117317017167807 -0.0033158166334033012
v 0.0025621026288717985 -0.0038499999791383743 -0.0023104320280253887
v 0.002891907934099436 -0.0038499999791383743 -0.0018813147908076644
v 0.00289828865788877 -0.0038117317017167807 -0.001885476871393621
v 0.0031775333918631077 -0.003850000211969018 -0.0013437902089208364
v 0.0032511125318706036 -0.0038499999791383743 -0.00115445617120713
v 0.0032582858111709356 -0.0038117317017167807 -0.0011569972848519683
v 0.0034423992037773132 -0.0038499999791383743 -0.00022889228421263397
v 0.0034209340810775757 -0.0038499999791383743 0.00044689211063086987
v 0.0034284815192222595 -0.0038117317017167807 0.0004478782357182354
v 0.0033274786546826363 -0.0038499999791383743 0.000911259965505451
v 0.0032221709843724966 -0.003850000211969018 0.0012329325545579195
v 0.003229280700907111 -0.0038117317017167807 0.0012356472434476018
v -0.0035105214919894934 -0.003757612081244588 9.215706813847646e-05
v -0.0033920728601515293 -0.0037576118484139442 0.0009089012746699154
v -0.003380740759894252 -0.0037633974570780993 0.0009058603900484741
v -0.003478091210126877 -0.003779289312660694 9.130861144512892e-05
v 0.0017538343090564013 -0.003757612081244588 -0.0030424257274717093
v 0.0009953627595677972 -0.003757612081244588 -0.0033677155151963234
v 0.0017376327887177467 -0.0037792895454913378 -0.0030143086332827806
v 0.0009861672297120094 -0.003779289312660694 -0.0033366065472364426
v 0.0017268072115257382 -0.0038117317017167807 -0.0029955324716866016
v 0.0032798266038298607 -0.003757612081244588 0.0012549948878586292
v 0.003249526023864746 -0.003779289312660694 0.0012433902593329549
v 0.0034821450244635344 -0.003757612081244588 0.00045488198520615697
v 0.00344997551292181 -0.003779289312660694 0.00045068052713759243
v 0.003430762095376849 -0.0038499999791383743 -0.00036382817779667675
v 0.003438331885263324 -0.0038117317017167807 -0.00036463895230554044
v 0.0034598882775753736 -0.003779289312660694 -0.0003669129509944469
v 0.0034921502228826284 -0.003757612081244588 -0.0003703332331497222
v 0.0033092861995100975 -0.003757612081244588 -0.0011751145357266068
v 0.003278712509199977 -0.003779289312660694 -0.001164258224889636
v 0.002943654078990221 -0.003757612081244588 -0.0019149777945131063
v 0.0029164578299969435 -0.003779289312660694 -0.0018972968682646751
v 0.002372984541580081 -0.0038499999791383743 -0.0025042868219316006
v 0.0023782211355865 -0.0038117317017167807 -0.0025098146870732307
v 0.0023931320756673813 -0.003779289312660694 -0.00252553797326982
v 0.002415446797385812 -0.003757612081244588 -0.0025490890257060528
v 0.0017230066005140543 -0.0038499999791383743 -0.0029889335855841637
v 0.0016640066169202328 -0.003850000211969018 -0.003022184129804373
v 0.0001819171739043668 -0.003757612081244588 -0.0035070234443992376
v 0.00018023798475041986 -0.003779289312660694 -0.0034746124874800444
v -0.000630297465249896 -0.0038499999791383743 -0.003391929669305682
v -0.0006316887447610497 -0.0038117317017167807 -0.003399420762434602
v -0.0006356484955176711 -0.003779289312660694 -0.003420732682570815
v -0.0006415752577595413 -0.003757612081244588 -0.0034526276867836714
v -0.0014296333538368344 -0.003757612081244588 -0.003207550151273608
v -0.001416427781805396 -0.003779289312660694 -0.0031779222190380096
v -0.002138736192137003 -0.003757612081244588 -0.0027853359933942556
v -0.002118979347869754 -0.003779289312660694 -0.002759602153673768
v -0.002681732876226306 -0.003850000211969018 -0.0021704426035284996
v -0.002687650267034769 -0.0038117317017167807 -0.0021752340253442526
v -0.0027044995222240686 -0.003779289312660694 -0.0021888664923608303
v -0.002729717642068863 -0.003757612081244588 -0.002209276193752885
v -0.0031699396204203367 -0.003757612081244588 -0.0015112002147361636
v -0.0031406551133841276 -0.0037792895454913378 -0.0014972491189837456
v -0.0034350890200585127 -0.003757612081244588 -0.0007296727853827178
v -0.0034033560659736395 -0.003779289312660694 -0.0007229362963698804
v -0.0034488122910261154 -0.0038499999791383743 9.054006659425795e-05
v -0.003456420497968793 -0.0038117317017167807 9.074305125977844e-05
v -0.003360734786838293 -0.003779289312660694 0.0009005047613754869
v -0.0033453856594860554 -0.0037999998312443495 0.0008963940781541169
v -0.0033397965598851442 -0.0038117317017167807 0.0008949025650508702
v -0.0033324442338198423 -0.0038499999791383743 0.000892927055247128
v -0.002537032123655081 -0.0037605129182338715 0.006200007162988186
v -0.002483330899849534 -0.0038318182341754436 0.006200003903359175
v -0.002501783426851034 -0.003789840964600444 0.006200003903359175
v -0.0023886028211563826 -0.004108678083866835 0.006199995521456003
v -0.0019444652134552598 -0.004545795731246471 0.006200002506375313
v -0.002184741199016571 -0.004378786310553551 0.006199997384101152
v -0.002296502934768796 -0.004254636354744434 0.0061999959871172905
v -0.001455373247154057 -0.004749999847263098 0.0065949102863669395
v -0.0014597420813515782 -0.0047068544663488865 0.006603655405342579
v -0.0014118632534518838 -0.004750000312924385 0.006615305785089731
v -0.0012464839965105057 -0.004728005733340979 0.0066734738647937775
v -0.0016353764804080129 -0.0046966588124632835 0.006487973965704441
v -0.0018814053619280457 -0.00457822997123003 0.006272550672292709
v -0.0017988519975915551 -0.004618724808096886 0.0063612982630729675
v -0.001792882801964879 -0.004628889262676239 0.006354014854878187
v -0.0019302691798657179 -0.004552948754280806 0.006216365844011307
v -0.0017673240508884192 -0.004632468800991774 0.0063920156098902225
v -0.0016651168698444963 -0.004669360816478729 0.006479328032582998
v -0.001640131464228034 -0.0046764761209487915 0.00649785902351141
v -0.0016350308433175087 -0.004731944762170315 0.006479655858129263
v -0.0017850156873464584 -0.004688465967774391 0.006330753210932016
v -0.0017848563147708774 -0.004657026845961809 0.00633953558281064
v -0.0017947152955457568 -0.004620586987584829 0.006365438923239708
v -0.0033324435353279114 -0.0056500001810491085 0.0008929225732572377
v -0.0019750420469790697 -0.0056500001810491085 0.005958815570920706
v -0.0034410865046083927 -0.0056500001810491085 -0.00024784886045381427
v -0.003170088166370988 -0.0056500001810491085 -0.0013612693874165416
v -0.0025493446737527847 -0.0056500001810491085 -0.002324505243450403
v -0.0016473442083224654 -0.0056500001810491085 -0.0030313003808259964
v -0.0005635988200083375 -0.0056500001810491085 -0.0034036480356007814
v 0.0005823274841532111 -0.0056500001810491085 -0.0034004985354840755
v 0.0016640055691823363 -0.0056500001810491085 -0.0030221883207559586
v 0.002562103560194373 -0.0056500001810491085 -0.002310436684638262
v 0.0031775322277098894 -0.0056500001810491085 -0.001343794516287744
v 0.003442398039624095 -0.0056500001810491085 -0.0002288966061314568
v 0.0033274777233600616 -0.005649999715387821 0.0009112555999308825
v 0.0028454503044486046 -0.0056500001810491085 0.0019508772529661655
v 0.002490078331902623 -0.003827438922598958 0.005842788610607386
v 0.0024730756413191557 -0.003885717364028096 0.005913919303566217
v 0.002474446315318346 -0.003874617861583829 0.0059242257848382
v 0.002477223053574562 -0.0038622145075351 0.005913452710956335
v 0.0024794291239231825 -0.0038517869543284178 0.005912257824093103
v 0.0024804703425616026 -0.0038466688711196184 0.005913543049246073
v 0.002485154429450631 -0.0038313257973641157 0.005895751994103193
v 0.0024944653268903494 -0.0038113051559776068 0.005865306127816439
v 0.002509835409000516 -0.0037903154734522104 0.005808946210891008
v 0.0024732507299631834 -0.0038914214819669724 0.005908803548663855
v 0.00247399159707129 -0.0038970797322690487 0.005903847049921751
v 0.0023662482853978872 -0.00417730025947094 0.0061940886080265045
v 0.0023649288341403008 -0.004164407029747963 0.006205931771546602
v 0.002366479020565748 -0.004152336623519659 0.006218585651367903
v 0.0024388169404119253 -0.003994376864284277 0.006065028719604015
v 0.0023861678782850504 -0.004113366827368736 0.006200006231665611
v 0.002191644161939621 -0.004397370852530003 0.0064314561896026134
v 0.0022732107900083065 -0.004296877421438694 0.006349652074277401
v 0.002299209125339985 -0.004259912762790918 0.006319526582956314
v 0.002369007095694542 -0.004145386163145304 0.006226127967238426
v 0.0021675436291843653 -0.004437772557139397 0.006445350591093302
v 0.002171106403693557 -0.004448843654245138 0.006438217591494322
v 0.002103647915646434 -0.004485758952796459 0.006503262557089329
v 0.0018755043856799603 -0.00465038837864995 0.006626533810049295
v 0.0017611830262467265 -0.004691913723945618 0.006665807217359543
v 0.0018440873827785254 -0.0046576508320868015 0.006640051957219839
v 0.001873765722848475 -0.004643327556550503 0.0066289897076785564
v 0.0016255797818303108 -0.004741166718304157 0.006691386457532644
v 0.001955918502062559 -0.004628648981451988 0.006587339099496603
v 0.0022355883847922087 -0.004394692834466696 0.0063720871694386005
v 0.0024345945566892624 -0.0040399315766990185 0.006042361259460449
v 0.0023703898768872023 -0.004190580919384956 0.006183345336467028
v 0.0021655852906405926 -0.00442543625831604 0.006454272661358118
v 0.0024833311326801777 -0.0038318182341754436 0.006199994590133429
v 0.002483176300302148 -0.003832658287137747 0.005928713362663984
v 0.002482401207089424 -0.0038367861416190863 0.005920209921896458
v 0.0024775583297014236 -0.0038606650196015835 0.005918882787227631
v 0.0024833318311721087 -0.0038318182341754436 0.005939783528447151
v 0.002501784823834896 -0.0037898411974310875 0.005939785856753588
v 0.0025004148483276367 -0.003791704773902893 0.006199996918439865
v 0.0025177053175866604 -0.0037731293123215437 0.005939784459769726
v 0.0025391147937625647 -0.0037595045287162066 0.006200007162988186
v 0.0025370330549776554 -0.0037605129182338715 0.005939784459769726
v 0.0025478545576334 -0.0037558891344815493 0.005939779803156853
v 0.003725474001839757 -0.003800000064074993 0.00042819243390113115
v 0.0036632372066378593 -0.003800000064074993 -0.000801989808678627
v 0.003205765038728714 -0.0037999998312443495 -0.0019456589361652732
v 0.0024024175945669413 -0.0037999998312443495 -0.002879391424357891
v 0.0013398680603131652 -0.003800000064074993 -0.0035024587996304035
v 0.0001327570207649842 -0.003800000064074993 -0.003747647162526846
v -0.0010886786039918661 -0.0037999998312443495 -0.003588492050766945
v -0.002192653249949217 -0.003800000064074993 -0.003042162163183093
v -0.003060057060793042 -0.003800000064074993 -0.00216761720366776
v -0.0033986535854637623 -0.003800000064074993 -0.0015848141629248857
v -0.006502917967736721 -0.003800000064074993 0.005072304047644138
v -0.006149998866021633 -0.0036830126773566008 0.0056500001810491085
v -0.006482487544417381 -0.003433848265558481 0.005864980164915323
v -0.00639446871355176 -0.003711795201525092 0.005591691005975008
v -0.006413252092897892 -0.0036021587438881397 0.0057549444027245045
v -0.0061499993316829205 -0.0036035533994436264 0.005753557197749615
v -0.006150000263005495 -0.003499999875202775 0.005833017639815807
v -0.00576593354344368 -0.0035000001080334187 0.005869001150131226
v -0.00573192723095417 -0.0036830126773566008 0.005689186509698629
v -0.005328415893018246 -0.0036830126773566008 0.005805364344269037
v -0.004953519906848669 -0.0036830126773566008 0.005994498264044523
v -0.0046202945522964 -0.0036830126773566008 0.006249996833503246
v -0.005395243410021067 -0.0035000001080334187 0.005975740030407906
v -0.005050839390605688 -0.003499999875202775 0.006149487104266882
v -0.004744719248265028 -0.003499999875202775 0.006384202279150486
v -0.004384254105389118 -0.0036830126773566008 0.006398207973688841
v -0.004110391717404127 -0.0036830129101872444 0.0064499955624341965
v -0.00445107975974679 -0.003499999875202775 0.006568583194166422
v -0.00411039125174284 -0.0035000001080334187 0.006633013021200895
v -0.0025816657580435276 -0.0036830126773566008 0.006450004875659943
v -0.0025816664565354586 -0.003499999875202775 0.00663300696760416
v -0.0024254517629742622 -0.0035367950331419706 0.006633010692894459
v -0.0023020831868052483 -0.003639443777501583 0.00663301395252347
v -0.0024482759181410074 -0.0037495421711355448 0.0064500002190470695
v -0.0022374989930540323 -0.0037863636389374733 0.00663301395252347
v -0.0025071350391954184 -0.003700567875057459 0.00645000534132123
v -0.002339327009394765 -0.0038051914889365435 0.006553549785166979
v -0.0024174621794372797 -0.003819638630375266 0.006449994631111622
v -0.0024529427755624056 -0.003826199099421501 0.006373058073222637
v -0.0023611418437212706 -0.0040945028886199 0.006373051553964615
v -0.0019608696456998587 -0.004140515811741352 0.006669098511338234
v -0.002098081400617957 -0.003958717454224825 0.006669096183031797
v -0.0022584693506360054 -0.004041506443172693 0.006553559564054012
v -0.0019307273905724287 -0.004518112633377314 0.0063730631954967976
v -0.001799150137230754 -0.0042529236525297165 0.006669097114354372
v -0.0018793726339936256 -0.004414610099047422 0.006553559564054012
v -0.002084463369101286 -0.004272058140486479 0.0065535567700862885
v -0.0021635806187987328 -0.004356264136731625 0.006373051553964615
v -0.0015771584585309029 -0.004385786596685648 0.006676162127405405
v -0.0017453412292525172 -0.00456722266972065 0.006500799208879471
v -0.0018482136074453592 -0.004532163497060537 0.006440469529479742
v -0.0016073562437668443 -0.004613930359482765 0.006571369245648384
v -0.0014139279955998063 -0.00465775653719902 0.006644911598414183
v -0.0017831544391810894 -0.004442163743078709 0.006578302942216396
v -0.0016705814050510526 -0.004486612044274807 0.0066078524105250835
v -0.0015353168128058314 -0.004544898401945829 0.006641384679824114
v -0.001312040607444942 -0.004548563156276941 0.00669367890805006
v -0.001364280586130917 -0.004604548681527376 0.00667510787025094
v -0.0011899949749931693 -0.004674091469496489 0.006693154573440552
v -0.0014118622057139874 -0.0056500001810491085 0.006615310907363892
v -0.001788999536074698 -0.0056500001810491085 0.006325929891318083
v 0.002494322368875146 -0.0038507606368511915 0.005736439023166895
v 0.0024949959479272366 -0.003849671920761466 0.005700001958757639
v 0.0024949873331934214 -0.0056500001810491085 0.0056999982334673405
v 0.0018411048222333193 -0.005649999715387821 0.006638191640377045
v 0.0024750574957579374 -0.0038922089152038097 0.005898638162761927
v 0.002477546688169241 -0.003883377416059375 0.0058859605342149734
v 0.0024828973691910505 -0.003869103267788887 0.005855023395270109
v 0.0024923367891460657 -0.0038529736921191216 0.00577278109267354
v 0.002433179644867778 -0.0056500001810491085 0.006046121008694172
v 0.002202094765380025 -0.0056500001810491085 0.006407113280147314
v 0.0017945170402526855 -0.004631271120160818 0.006665973924100399
v 0.0020800039637833834 -0.003953277133405209 0.0066755241714417934
v 0.0022459528408944607 -0.004284603521227837 0.006422968581318855
v 0.0023644808679819107 -0.004102027043700218 0.006354506127536297
v 0.002377654891461134 -0.004108916036784649 0.006297530140727758
v 0.002107716165482998 -0.004222676157951355 0.006602953653782606
v 0.0022563906386494637 -0.004045508336275816 0.00655355816707015
v 0.002208613557741046 -0.004267848562449217 0.006490719970315695
v 0.0023015455808490515 -0.004069119226187468 0.006493888329714537
v 0.002352379495278001 -0.004095700103789568 0.006391494534909725
v 0.0020689773373305798 -0.004470866173505783 0.006546982564032078
v 0.001979594584554434 -0.004165377933532 0.0066747297532856464
v 0.002203520853072405 -0.004017863422632217 0.006604509428143501
v 0.0017426220001652837 -0.004603650886565447 0.006684769876301289
v 0.002030356787145138 -0.004453849513083696 0.006585916969925165
v 0.001942352275364101 -0.0044150943867862225 0.006648154929280281
v 0.001843565027229488 -0.004371590446680784 0.006686700042337179
v 0.002452943241223693 -0.003826199099421501 0.006373055744916201
v 0.0023393253795802593 -0.0038051914889365435 0.006553548853844404
v 0.0021618411410599947 -0.003772374242544174 0.006669102236628532
v 0.002365638269111514 -0.00350005435757339 0.006663006730377674
v 0.002234772080555558 -0.003601114032790065 0.006669098511338234
v 0.002381425816565752 -0.0037063336931169033 0.00655354792252183
v 0.0025816652923822403 -0.003719095606356859 0.006373060401529074
v 0.0025259647518396378 -0.003731537377461791 0.006373056676238775
v 0.002475305460393429 -0.0037736890371888876 0.006373060401529074
v 0.0025816652923822403 -0.0034999994095414877 0.006633007898926735
v 0.0025816645938903093 -0.0036035533994436264 0.00655354792252183
v 0.0024298587813973427 -0.003500377992168069 0.006649564951658249
v 0.002476801397278905 -0.003626976627856493 0.006553552113473415
v -0.004023686517030001 0.0010999992955476046 0.016724994406104088
v -0.0042250012047588825 0.0010999998776242137 0.016523681581020355
v -0.004500001203268766 0.0010999994119629264 0.016999999061226845
v -0.004500001203268766 0.0010999994119629264 0.016450004652142525
v -0.004775000736117363 0.0010999997612088919 0.016523679718375206
v -0.0042250012047588825 0.0010999998776242137 0.017476316541433334
v -0.004023687448352575 0.0010999992955476046 0.017275003716349602
v -0.003950001671910286 0.0010999995283782482 0.016999999061226845
v -0.004976315423846245 0.0010999994119629264 0.017275001853704453
v -0.004775000736117363 0.0010999997612088919 0.017476314678788185
v -0.0044999998062849045 0.0010999994119629264 0.01755000650882721
v -0.0049763149581849575 0.0010999994119629264 0.01672499254345894
v -0.0050500002689659595 0.0010999992955476046 0.016999997198581696
v -0.004500001203268766 0.0008999996935017407 0.016249995678663254
v -0.004125000908970833 0.0008999996352940798 0.016350477933883667
v -0.003850482637062669 0.0008999994024634361 0.016624994575977325
v -0.003750002011656761 0.0008999995770864189 0.016999997198581696
v -0.003850480541586876 0.0008999994024634361 0.017375007271766663
v -0.00412500137463212 0.0008999996352940798 0.017649512737989426
v -0.004500000271946192 0.0008999996935017407 0.017750006169080734
v -0.004875000566244125 0.0008999997517094016 0.017649522051215172
v -0.005149519070982933 0.0008999990532174706 0.017375007271766663
v -0.005249999929219484 0.0008999998099170625 0.017000002786517143
v -0.005149520933628082 0.0008999990532174706 0.016624994575977325
v -0.004875000100582838 0.0008999997517094016 0.016350489109754562
v -0.0040000006556510925 -0.0004000005719717592 0.0072999936528503895
v -0.003611772321164608 -0.00020000041695311666 0.007551104761660099
v -0.0035600080154836178 -0.0004000004555564374 0.007357919123023748
v -0.0032500005327165127 -0.00020000005315523595 0.007700955029577017
v -0.0031500000040978193 -0.00040000028093345463 0.007527751848101616
v -0.002939339028671384 -0.0001999999803956598 0.007939341478049755
v -0.00279791746288538 -0.0004000001645181328 0.007797920145094395
v -0.002700960962101817 -0.00020000009681098163 0.008250001817941666
v -0.0025277570821344852 -0.0003999999607913196 0.008150001056492329
v -0.002551111625507474 -0.0001999999803956598 0.008611771278083324
v -0.002357924822717905 -0.000400000048102811 0.008560012094676495
v -0.0025000006426125765 -0.00020000014046672732 0.008999994024634361
v -0.0022999998182058334 -0.0004000000189989805 0.009000007063150406
v -0.0025511104613542557 -0.0001999999803956598 0.009388230741024017
v -0.002357925521209836 -0.000400000048102811 0.00943999644368887
v -0.002700961194932461 -0.00020000009681098163 0.009749998338520527
v -0.0025277563836425543 -0.0003999999607913196 0.009850001893937588
v -0.002939339494332671 -0.0001999999803956598 0.010060667060315609
v -0.002797918627038598 -0.00040000013541430235 0.010202087461948395
v -0.0032500005327165127 -0.00020000005315523595 0.01029903907328844
v -0.0031499997712671757 -0.00040000028093345463 0.010472250171005726
v -0.0036117718555033207 -0.00020000041695311666 0.010448888875544071
v -0.0035600080154836178 -0.0004000004555564374 0.010642070323228836
v -0.0040000006556510925 -0.00020000041695311666 0.01049999613314867
v -0.00400000112131238 -0.00040000054286792874 0.010699995793402195
v -0.00438822852447629 -0.00020000043150503188 0.010448895394802094
v -0.004439991898834705 -0.00040000019362196326 0.010642070323228836
v -0.004749998450279236 -0.00020000032964162529 0.010299044661223888
v -0.00484999967738986 -0.000400000368244946 0.010472237132489681
v -0.005060659721493721 -0.00020000040240120143 0.010060658678412437
v -0.005202081054449081 -0.0004000005137640983 0.010202083736658096
v -0.005299037788063288 -0.0002000007516471669 0.009749998338520527
v -0.005472243297845125 -0.000400000688387081 0.009850002825260162
v -0.0054488894529640675 -0.00020000040240120143 0.009388228878378868
v -0.005642073694616556 -0.00040000060107558966 0.009439991787075996
v -0.005499999970197678 -0.00020000070799142122 0.009000006131827831
v -0.005700000561773777 -0.0004000006301794201 0.008999996818602085
v -0.005448888521641493 -0.00020000040240120143 0.008611769415438175
v -0.005642073228955269 -0.00040000060107558966 0.008560008369386196
v -0.005299037788063288 -0.0002000007516471669 0.008250001817941666
v -0.005472242366522551 -0.000400000688387081 0.008150001987814903
v -0.005060661118477583 -0.00020000040240120143 0.007939333096146584
v -0.005202081520110369 -0.0004000005137640983 0.007797916419804096
v -0.004750000312924385 -0.00020000032964162529 0.007700961083173752
v -0.004850000608712435 -0.000400000368244946 0.0075277541764080524
v -0.004388228990137577 -0.00020000043150503188 0.007551111280918121
v -0.004439993761479855 -0.00040000019362196326 0.007357918657362461
v -0.004000000189989805 -0.00020000043150503188 0.007500003557652235
v -0.0040000006556510925 0.000599999213591218 0.008364497683942318
v -0.004000000189989805 0.000599999213591218 0.007600005250424147
v -0.0043177492916584015 0.000599999912083149 0.008449646644294262
v -0.004700000397861004 0.0005999994464218616 0.007787568494677544
v -0.0045503587462008 0.0005999991553835571 0.00868225283920765
v -0.005212435033172369 0.0005999996792525053 0.008300005458295345
v -0.00463549979031086 0.0005999997374601662 0.009000007063150406
v -0.0054000006057322025 0.0005999997374601662 0.008999999612569809
v -0.004550359211862087 0.0005999991553835571 0.009317746385931969
v -0.005212435033172369 0.0005999996792525053 0.009700006805360317
v -0.004317749757319689 0.000599999912083149 0.009550352580845356
v -0.004699999932199717 0.0005999994464218616 0.010212438181042671
v -0.0040000006556510925 0.000599999213591218 0.0096355015411973
v -0.00400000112131238 0.000599999213591218 0.010399993509054184
v -0.0036822501569986343 0.0005999993882142007 0.009550352580845356
v -0.003300000913441181 0.000599999853875488 0.010212430730462074
v -0.003449640702456236 0.0006000001449137926 0.009317746385931969
v -0.002787564415484667 0.0005999996210448444 0.009699993766844273
v -0.0033645001240074635 0.0005999995628371835 0.009000007063150406
v -0.0026000007055699825 0.0005999995628371835 0.008999999612569809
v -0.003449640003964305 0.0006000001449137926 0.008682251907885075
v -0.0027875632513314486 0.0005999996210448444 0.008300007320940495
v -0.0036822494585067034 0.0005999993882142007 0.008449646644294262
v -0.003300000913441181 0.000599999853875488 0.007787561044096947
v -0.0040000006556510925 0.0004999993252567947 0.007499992847442627
v -0.0032499998342245817 0.0005000001983717084 0.007700959220528603
v -0.0027009621262550354 0.0004999996745027602 0.008250006474554539
v -0.0024999999441206455 0.0005000000819563866 0.008999998681247234
v -0.002700962359085679 0.0004999996745027602 0.0097500029951334
v -0.0032499998342245817 0.0005000001983717084 0.010299043729901314
v -0.003999999724328518 0.0004999993834644556 0.010500000789761543
v -0.004750000778585672 0.0004999994416721165 0.010299034416675568
v -0.005299037322402 0.0004999990342184901 0.009750002063810825
v -0.005500000901520252 0.0004999995580874383 0.008999994955956936
v -0.005299036856740713 0.0004999990342184901 0.008250005543231964
v -0.0047499993816018105 0.0004999994416721165 0.007700965274125338
v -0.003999998793005943 -0.0024000005796551704 0.008364505134522915
v -0.0036822506226599216 -0.002400000346824527 0.008449639193713665
v -0.003449641168117523 -0.002400000113993883 0.008682245388627052
v -0.0033644994255155325 -0.002400000113993883 0.008999999612569809
v -0.003449640702456236 -0.002400000113993883 0.009317753836512566
v -0.0036822501569986343 -0.002400000346824527 0.009550360031425953
v -0.003999999724328518 -0.0024000005796551704 0.009635494090616703
v -0.004317749757319689 -0.002400000346824527 0.009550360031425953
v -0.004550359211862087 -0.0024000005796551704 0.00931775476783514
v -0.004635498858988285 -0.002400000346824527 0.008999999612569809
v -0.0045503596775233746 -0.0024000005796551704 0.008682245388627052
v -0.004317750222980976 -0.002400000346824527 0.008449639193713665
v -0.003999998793005943 -0.0027818474918603897 0.009000004269182682
v -0.0070500001311302185 -0.0014773948350921273 0.020586319267749786
v -0.007049998268485069 -0.0018705675611272454 0.020489349961280823
v -0.007049999199807644 -0.0016977317864075303 0.02102736569941044
v -0.007050000596791506 -0.0019000007305294275 0.020666856318712234
v -0.007049999665468931 -0.0017438792856410146 0.02152932807803154
v -0.007049999199807644 -0.0016135122859850526 0.021990640088915825
v -0.007050000596791506 0.0009439964196644723 0.02127140574157238
v -0.0070500001311302185 0.0008141700527630746 0.02080957032740116
v -0.007050000596791506 0.0011716014705598354 0.02063021808862686
v -0.007050000596791506 0.0005182227469049394 0.020410316064953804
v -0.0070500001311302185 0.0006727822474204004 0.020017387345433235
v -0.0070500001311302185 9.179945482173935e-05 0.020142780616879463
v -0.007049999665468931 -4.475944660953246e-05 0.019686434417963028
v -0.0070500001311302185 -0.00040232075843960047 0.02005128189921379
v -0.0070500001311302185 0.000899056380148977 0.02176777273416519
v -0.0070500001311302185 0.0006794160581193864 0.02221088483929634
v -0.007049999665468931 0.000310939212795347 0.022547656670212746
v -0.007049999199807644 -4.4759442971553653e-05 0.023113571107387543
v -0.007050000596791506 8.066130976658314e-05 0.022661525756120682
v -0.007049999665468931 -0.00039859264506958425 0.022748973220586777
v -0.007049999199807644 -0.0008347287075594068 0.02309514954686165
v -0.007049998268485069 -0.0008912134217098355 0.02265765517950058
v -0.007049999199807644 -0.0013167435536161065 0.02239125408232212
v -0.007050001062452793 -0.0008802233496680856 0.020138295367360115
v -0.0070500001311302185 -0.0008347287075594068 0.019704855978488922
v -0.007049999665468931 -0.0011083526769652963 0.020250728353857994
v -0.0070500001311302185 -0.001536064432002604 0.020068887621164322
v -0.007050000596791506 -0.0017854176694527268 0.020330825820565224
v -0.006950000301003456 -0.001397499581798911 0.020646678283810616
v -0.006950000301003456 -0.0010250008199363947 0.02031746134161949
v -0.006950000301003456 -0.0008446511346846819 0.020231755450367928
v -0.006949998438358307 -0.0016500006895512342 0.021400004625320435
v -0.0069499993696808815 -0.0016014499124139547 0.021055012941360474
v -0.006949999835342169 -0.0014825325924903154 0.020775001496076584
v -0.006949998438358307 -0.0010250008199363947 0.02248253859579563
v -0.006949998438358307 -0.0012487180065363646 0.022317709401249886
v -0.0069499993696808815 -0.0014825325924903154 0.022025004029273987
v -0.006950000301003456 -0.0016442534979432821 0.021519729867577553
v -0.006950000766664743 4.505673859966919e-05 0.022568082436919212
v -0.006949999835342169 -0.0004000009212177247 0.022649995982646942
v -0.006949998904019594 -0.0008547853212803602 0.02256433479487896
v -0.0069499993696808815 0.0005994148668833077 0.022150782868266106
v -0.006950000766664743 0.00022499897750094533 0.022482527419924736
v -0.006949999835342169 0.0008499993709847331 0.021399999037384987
v -0.006950000301003456 0.0008027281728573143 0.02174050360918045
v -0.006950000301003456 0.0006825307500548661 0.022025002166628838
v -0.0069499993696808815 0.00022499897750094533 0.02031746506690979
v -0.0069499993696808815 0.00045018160017207265 0.020483655855059624
v -0.006950000766664743 0.0006825307500548661 0.020775001496076584
v -0.006950001232326031 0.0008443192346021533 0.021280962973833084
v -0.006950001232326031 -0.0004000009212177247 0.020149992778897285
v -0.006949999835342169 5.537252945941873e-05 0.02023589424788952
v 0.0033049306366592646 -0.0037471530959010124 0.0060311430133879185
v 0.0031582582741975784 -0.0034999996423721313 0.00649396562948823
v 0.00327852601185441 -0.00373124610632658 0.006125400774180889
v 0.003237687051296234 -0.0036832555197179317 0.006260172463953495
v -0.00208610063418746 -0.004699999932199717 0.01487959548830986
v -0.002157859969884157 -0.004700000397861004 0.014694051817059517
v -0.0023398902267217636 -0.004700000397861004 0.014524451456964016
v -0.0025811209343373775 -0.004699999932199717 0.01446358673274517
v -0.002780906157568097 -0.004700000397861004 0.014506164938211441
v -0.004618194419890642 -0.004700000397861004 0.01393390167504549
v -0.004614959005266428 -0.004700000397861004 0.015349400229752064
v -0.004233093466609716 -0.004700000397861004 0.015147174708545208
v -0.0033846308942884207 -0.004700000397861004 0.011974526569247246
v -0.0014989209594205022 -0.004699999932199717 0.013458482921123505
v -0.0011413373285904527 -0.004699999932199717 0.012740951031446457
v -0.0004696219111792743 -0.004699999932199717 0.011534599587321281
v 0.00032666701008565724 -0.004699999932199717 0.010268481448292732
v 0.0004977695061825216 -0.004699999466538429 0.010015858337283134
v -0.0016861731419339776 -0.004699999932199717 0.013867858797311783
v -0.0045395949855446815 -0.004700000397861004 0.01217537373304367
v -0.003403731156140566 -0.004700000397861004 0.011992323212325573
v -0.0035204091109335423 -0.004699687473475933 0.012083349749445915
v -0.0037931555416435003 -0.004699956625699997 0.01215959433466196
v -0.00418198062106967 -0.0046999393962323666 0.012209528125822544
v -0.0061691985465586185 -0.0004001680645160377 0.01299880538135767
v -0.006442581303417683 -0.0004000005137640983 0.012865199707448483
v -0.006354416720569134 -0.0011648624204099178 0.012872722931206226
v -0.005566139705479145 -0.0004000607004854828 0.012996708042919636
v -0.005868546199053526 -0.00040017697028815746 0.013044270686805248
v -0.0059327674098312855 -0.0010681964922696352 0.013022975996136665
v -0.0059355455450713634 -0.0004001871857326478 0.01304227951914072
v -0.003595831571146846 -0.004537515342235565 0.01212918758392334
v -0.004213031381368637 -0.004557779058814049 0.012273247353732586
v -0.005060350056737661 -0.0035693193785846233 0.01264110766351223
v -0.004964495077729225 -0.004270672332495451 0.012346658855676651
v -0.00466705858707428 -0.00409430218860507 0.012470012530684471
v -0.004804568365216255 -0.004444947931915522 0.012281744740903378
v -0.006184889003634453 -0.0019258125685155392 0.012831633910536766
v -0.005822852719575167 -0.0017308715032413602 0.012974705547094345
v -0.0059346044436097145 -0.0026617248076945543 0.012743421830236912
v -0.005640537012368441 -0.0023761154152452946 0.012894745916128159
v -0.0057818167842924595 -0.0030105626210570335 0.012683121487498283
v -0.005385946482419968 -0.0029928036965429783 0.012783261016011238
v -0.005605779122561216 -0.0033539647702127695 0.012611020356416702
v -0.005234080832451582 -0.003934598993510008 0.012457294389605522
v -0.0036721653304994106 -0.004374359268695116 0.01216684840619564
v -0.003885506419464946 -0.004191770683974028 0.012261026538908482
v -0.004292342346161604 -0.0037677318323403597 0.012440603226423264
v -0.004645056556910276 -0.003289635991677642 0.012596284970641136
v -0.004938169382512569 -0.0027652480639517307 0.012725678272545338
v -0.005168331321328878 -0.0022037483286112547 0.01282727625221014
v -0.0053337025456130505 -0.0016151164891198277 0.012900262139737606
v -0.005433664191514254 -0.0010097897611558437 0.012944385409355164
v -0.005467729642987251 -0.000400000688387081 0.01295942347496748
v -0.005956258624792099 -0.0004999826196581125 0.015907783061265945
v -0.0058522834442555904 -0.001663552364334464 0.015861887484788895
v -0.005557127296924591 -0.002823714166879654 0.015731610357761383
v -0.005327705759555101 -0.0033715928439050913 0.015630347654223442
v -0.005036184098571539 -0.003883929690346122 0.015501662157475948
v -0.004672131035476923 -0.004337987396866083 0.015340965241193771
v -0.0059669348411262035 -0.0005000132950954139 0.01591259241104126
v -0.006130666472017765 -0.0013601338723674417 0.016026558354496956
v -0.0061953505501151085 -0.0008494178182445467 0.016063373535871506
v -0.0062231277115643024 -0.0005000006058253348 0.016081489622592926
v -0.005896981805562973 -0.0024076008703559637 0.015911400318145752
v -0.006082584615796804 -0.0016369962831959128 0.016001403331756592
v -0.00536414934322238 -0.003702657762914896 0.015670832246541977
v -0.005656418856233358 -0.003095906926319003 0.015801573172211647
v -0.0057326676324009895 -0.0029023918323218822 0.01583605632185936
v -0.005032612010836601 -0.004218659829348326 0.01552584208548069
v -0.0015050133224576712 -0.0056500001810491085 0.0032499944791197777
v -0.0015050126239657402 -0.0056500001810491085 0.003549993736669421
v -0.0015050123911350965 -0.005049999803304672 0.0032499958761036396
v -0.0015050135552883148 -0.005049999803304672 0.0035499953664839268
v -0.0010050133569166064 -0.004550000187009573 0.0035500021185725927
v -0.00100501230917871 -0.004550000187009573 0.0032500026281923056
v -0.0011963547440245748 -0.0045880600810050964 0.003250003792345524
v -0.0011963540455326438 -0.0045880600810050964 0.0035500030498951674
v -0.0013585666893050075 -0.004696446470916271 0.003249997505918145
v -0.0013585659908130765 -0.004696446470916271 0.003549996530637145
v -0.0014669523807242513 -0.0048586586490273476 0.003250007051974535
v -0.0014669516822323203 -0.0048586586490273476 0.0035500063095241785
v 0.0025178089272230864 -0.00377478776499629 0.005881498567759991
v 0.002539992332458496 -0.003764241700991988 0.005791215691715479
v 0.0025781565345823765 -0.003750748233869672 0.0057854242622852325
v 0.002522564260289073 -0.003776650642976165 0.005799232050776482
v 0.0025213395711034536 -0.00378163973800838 0.005738235544413328
v 0.00249582901597023 -0.0038254731334745884 0.005777143407613039
v 0.002500904258340597 -0.003809406189247966 0.005785001441836357
v 0.002494986867532134 -0.0038498258218169212 0.005665449425578117
v 0.002487101126462221 -0.003842900739982724 0.005836362484842539
v -0.0030255187302827835 5.893144043511711e-05 0.019197294488549232
v -0.003024191362783313 -3.8393118302337825e-05 0.019179241731762886
v -0.006400278303772211 -3.8393758586607873e-05 0.019179249182343483
v -0.0030742103699594736 0.0014536624075844884 0.020124686881899834
v -0.0030648449901491404 0.0012606213567778468 0.019881825894117355
v -0.00602355320006609 0.0016734511591494083 0.020526323467493057
v -0.005621867720037699 0.0010157286887988448 0.02314876578748226
v -0.005600712262094021 0.0009669459541328251 0.02318361960351467
v -0.0030826255679130554 0.0012793204514309764 0.022897450253367424
v -0.005542225204408169 0.0008320693159475923 0.023279961198568344
v -0.005526202265173197 0.0007951150182634592 0.0233063492923975
v -0.005396139807999134 0.0007218649261631072 0.02335035800933838
v -0.005397624336183071 0.0006598244071938097 0.023384755477309227
v -0.005243734456598759 0.0006085320492275059 0.023411303758621216
v -0.005291459150612354 0.0006132762646302581 0.023408927023410797
v -0.0030720639042556286 0.0006085320492275059 0.023411303758621216
v -0.003076978027820587 0.0009706569835543633 0.02318432182073593
v -0.005558584816753864 0.0008697957964614034 0.02325301803648472
v -0.0030961507000029087 0.001818766351789236 0.02177358977496624
v -0.0030967378988862038 0.0018466373439878225 0.021522974595427513
v -0.005574092268943787 0.0018083335598930717 0.021831003949046135
v -0.0030930573120713234 0.00170436454936862 0.0221963319927454
v -0.005572874564677477 0.0016778567805886269 0.022263137623667717
v -0.00309088290669024 0.0016237215604633093 0.02238338440656662
v -0.005578003358095884 0.0016236610244959593 0.02238350361585617
v -0.003088375087827444 0.0015300175873562694 0.02255651168525219
v -0.005597387906163931 0.001477592857554555 0.022639811038970947
v -0.005635305307805538 0.0012286854907870293 0.022952396422624588
v -0.005867538973689079 0.0018497677519917488 0.021432287991046906
v -0.003093656152486801 0.0018063547322526574 0.020958978682756424
v -0.005932576023042202 0.0018094888655468822 0.020974963903427124
v -0.0030883867293596268 0.0017189605860039592 0.020643364638090134
v -0.005997588392347097 0.0017188552301377058 0.02064306102693081
v -0.005838210228830576 0.0018083566101267934 0.021830881014466286
v -0.005858530290424824 0.0018466459587216377 0.02152278833091259
v -0.0030965656042099 0.0018497385317459702 0.021365735679864883
v -0.0061190505512058735 0.0014621788868680596 0.02013714797794819
v -0.0030862658750265837 0.0016818606527522206 0.0205465629696846
v -0.006395804230123758 4.310721124056727e-05 0.019194042310118675
v -0.006357397418469191 0.00044967944268137217 0.019316310063004494
v -0.0030347094871103764 0.0004804290656466037 0.019329413771629333
v -0.0063445535488426685 0.0005435462226159871 0.019357161596417427
v -0.0030467724427580833 0.0008381277439184487 0.01952129788696766
v -0.006291642319411039 0.0008490370237268507 0.01952841877937317
v -0.003061755793169141 0.0011946483282372355 0.019812671467661858
v -0.006206209305673838 0.0012005873722955585 0.019818559288978577
v -0.006188275758177042 0.0012606930686160922 0.01988190971314907
v -0.0029765351209789515 -0.0005000003729946911 0.018636388704180717
v -0.006435401737689972 -0.0005000007222406566 0.018636398017406464
v -0.003001956967636943 -0.00043081145850010216 0.018903447315096855
v -0.006419787183403969 -0.0004513151361607015 0.018862636759877205
v -0.006406739354133606 -0.0002935522352345288 0.01906590163707733
v -0.006402234546840191 -8.782355871517211e-05 0.01916884258389473
v -0.0030178516171872616 -0.0002528591430746019 0.01909549906849861
v -0.0030173351988196373 -0.00026267499197274446 0.019088871777057648
v -0.004875000100582838 -0.0003000005963258445 0.016350485384464264
v -0.005149520002305508 -0.00030000036349520087 0.01662500575184822
v -0.005249999929219484 -0.00030000056722201407 0.017000000923871994
v -0.005149519070982933 -0.00030000036349520087 0.017375003546476364
v -0.004875001031905413 -0.0003000005963258445 0.017649520188570023
v -0.004500000271946192 -0.00030000065453350544 0.017750002443790436
v -0.0041250004433095455 -0.0003000002179760486 0.01764952391386032
v -0.003850480541586876 -0.0003000004799105227 0.017375003546476364
v -0.003750002011656761 -0.0003000002761837095 0.016999995335936546
v -0.0038504814729094505 -0.0003000004799105227 0.01662500575184822
v -0.004125000908970833 -0.00030000024707987905 0.01635047420859337
v -0.004500000271946192 -0.00030000065453350544 0.01625000685453415
v -0.0023546176962554455 -0.0004999999655410647 0.015769274905323982
v -0.002230806276202202 -0.0005000000819563866 0.015320217236876488
v -0.004025000613182783 -0.000500000489410013 0.017822720110416412
v -0.004500000737607479 -0.0005000003147870302 0.01795000210404396
v -0.006083309650421143 -0.0005000006058253348 0.018166007474064827
v -0.006466852035373449 -0.0005000006640329957 0.018165981397032738
v -0.004975000862032175 -0.0005000006640329957 0.016177278012037277
v -0.0053227245807647705 -0.0005000007222406566 0.01652500592172146
v -0.004500000737607479 -0.0005000003147870302 0.01604999601840973
v -0.004025000613182783 -0.000500000489410013 0.01617727242410183
v -0.0036772757302969694 -0.0005000003729946911 0.01652500405907631
v -0.002795586595311761 -0.0004999965312890708 0.017390524968504906
v -0.0035499990917742252 -0.0005000001401640475 0.01700000651180744
v -0.0036772771272808313 -0.0005000003729946911 0.01747499220073223
v -0.004975000862032175 -0.0005000006058253348 0.01782272756099701
v -0.005322725977748632 -0.0005000007222406566 0.01747499406337738
v -0.006153822410851717 -0.0005000008968636394 0.017116045579314232
v -0.005449999123811722 -0.000500000489410013 0.01700000651180744
v -0.006058487109839916 0.0015740918461233377 0.020467914640903473
v -0.005933526437729597 0.0017211504746228456 0.021251903846859932
v -0.005886325612664223 0.0016091385623440146 0.022053398191928864
v -0.005861381534487009 0.0017122384160757065 0.021945524960756302
v -0.005995717830955982 0.0013291967334225774 0.022287437692284584
v -0.006096535827964544 0.0012343889102339745 0.022272979840636253
v -0.006156669929623604 0.0011114377994090319 0.022424377501010895
v -0.00632345350459218 -0.001416759449057281 0.01933322846889496
v -0.006351843010634184 -0.0013982782838866115 0.019566740840673447
v -0.00640108110383153 -0.0010417674202471972 0.019397379830479622
v -0.0066168238408863544 -0.0017943501006811857 0.020333658903837204
v -0.006697115022689104 -0.0017854173202067614 0.020330825820565224
v -0.006555510219186544 -0.001789132016710937 0.020304899662733078
v -0.006776958238333464 -0.001570515800267458 0.020098982378840446
v -0.006472473032772541 -0.0017577658873051405 0.020204462110996246
v -0.0065780323930084705 -0.0015698372153565288 0.020045513287186623
v -0.006365681067109108 -0.0016459689941257238 0.019908929243683815
v -0.00640665739774704 -0.0016200466779991984 0.019942745566368103
v -0.006328001618385315 -0.001560269738547504 0.01969803124666214
v -0.0064698695205152035 -0.0013236278900876641 0.019727980718016624
v -0.006379108410328627 -0.0009700387017801404 0.019145764410495758
v -0.006430974695831537 -0.0006606976385228336 0.019302884116768837
v -0.006405585445463657 -0.0004936021286994219 0.01906561478972435
v -0.0064071184024214745 -0.00039353800821118057 0.019063163548707962
v -0.006437522824853659 -0.00026980924303643405 0.019289152696728706
v -0.006420427467674017 0.00011635133705567569 0.0193554125726223
v -0.0059013357385993 0.001553937210701406 0.022106345742940903
v -0.005967527162283659 0.0014892431208863854 0.021940071135759354
v -0.005987077485769987 0.0015638016629964113 0.021522868424654007
v -0.006455647759139538 0.0009607828105799854 0.02250034175813198
v -0.006325588561594486 0.0009905537590384483 0.022486630827188492
v -0.0064134481362998486 0.0011710398830473423 0.02217022515833378
v -0.006248598452657461 0.0011708271922543645 0.022229665890336037
v -0.006698098964989185 -0.0009697065106593072 0.019699180498719215
v -0.006929673254489899 -0.0008360026986338198 0.0197056382894516
v -0.0067297122441232204 -0.0006322439876385033 0.019619416445493698
v -0.006948752328753471 -0.0006145524093881249 0.019663022831082344
v -0.006736637558788061 -0.000286504568066448 0.019607946276664734
v -0.006646019872277975 -0.0012864614836871624 0.01984286494553089
v -0.006858809385448694 -0.0012654665624722838 0.019879834726452827
v -0.006911636795848608 -0.0009756536455824971 0.019748227670788765
v -0.006088337395340204 0.0013779338914901018 0.021908994764089584
v -0.00610768748447299 0.0014465914573520422 0.0215231254696846
v -0.006153203081339598 0.0014380095526576042 0.021134428679943085
v -0.0060326578095555305 0.0015582446940243244 0.021102644503116608
v -0.0060984548181295395 0.0014739768812432885 0.020695989951491356
v -0.006174757145345211 0.0013164144475013018 0.02032136358320713
v -0.006252620834857225 0.0010931328870356083 0.019990596920251846
v -0.0063236309215426445 0.0008119515259750187 0.019713405519723892
v -0.0063814339227974415 0.0004812187689822167 0.01949836127460003
v -0.006518123671412468 -0.0009927087230607867 0.019575944170355797
v -0.006547341123223305 -0.0006407057517208159 0.0194916483014822
v -0.006553768180310726 -0.00028065164224244654 0.0194795373827219
v -0.006537150125950575 7.546835695393384e-05 0.019538717344403267
v -0.006499048788100481 0.00041355215944349766 0.019666844978928566
v -0.00644229631870985 0.0007224308210425079 0.019860725849866867
v -0.006372198928147554 0.000987816252745688 0.02011238783597946
v -0.0062949336133897305 0.0012012483784928918 0.020414773374795914
v -0.006218929775059223 0.0013541198568418622 0.02075907401740551
v -0.0062580406665802 0.0013712525833398104 0.021529143676161766
v -0.006440887693315744 0.001349996542558074 0.021399522200226784
v -0.00623848382383585 0.001306765479966998 0.021889684721827507
v -0.006403681356459856 0.0012817226815968752 0.021883614361286163
v -0.006404608953744173 0.0012454655952751637 0.02199508808553219
v -0.006457046139985323 0.0011346210958436131 0.020490596070885658
v -0.006607763469219208 0.0011813797755166888 0.020650073885917664
v -0.006305880378931761 0.0013621406396850944 0.02116553857922554
v -0.006475093774497509 0.0013377100694924593 0.02119278721511364
v -0.006453605368733406 0.0013479609042406082 0.0213150754570961
v -0.006955185439437628 -0.00028613858739845455 0.019653795287013054
v -0.006943630985915661 -4.46139310952276e-05 0.019686732441186905
v -0.006718488410115242 5.542764483834617e-05 0.019664030522108078
v -0.006933861877769232 6.455916445702314e-05 0.019712969660758972
v -0.006677096243947744 0.00037977108149789274 0.019785303622484207
v -0.0068873208947479725 0.0003850299399346113 0.01983587071299553
v -0.00661567272618413 0.0006758267409168184 0.01996857300400734
v -0.00682336650788784 0.0006597994361072779 0.020007086917757988
v -0.0065400730818510056 0.0009300904930569232 0.020205993205308914
v -0.0067878300324082375 0.0007772700046189129 0.0201047845184803
v -0.006641037296503782 0.0011241808533668518 0.020539751276373863
v -0.006697115022689104 -0.0019000007305294275 0.020666856318712234
v -0.006697114557027817 -0.00187056721188128 0.020489349961280823
v -0.006443158257752657 -0.001824272912926972 0.0202974621206522
v -0.0063898381777107716 -0.001865898841060698 0.02036725915968418
v -0.0065307822078466415 -0.0018725504633039236 0.020467093214392662
v -0.006255843210965395 -0.0016931366408243775 0.01973099447786808
v -0.006287698168307543 -0.0016103641828522086 0.01963893510401249
v -0.006288467440754175 -0.0015710509615018964 0.019537588581442833
v -0.006209140177816153 -0.0018323332769796252 0.020038047805428505
v -0.006207595579326153 -0.001836079522036016 0.0200493261218071
v -0.006298657041043043 -0.0017607554327696562 0.019990388303995132
v -0.006199168041348457 -0.0018552570836618543 0.02011268399655819
v -0.006169505883008242 -0.001899187103845179 0.020381996408104897
v -0.006339462473988533 -0.001713549718260765 0.019966989755630493
v -0.006406255066394806 -0.0019000006141141057 0.02060060389339924
v -0.006166144274175167 -0.0019000007305294275 0.020421983674168587
v -0.006166546605527401 -0.0018999880412593484 0.020416976884007454
v -0.006252882536500692 -0.0017032941104844213 0.01974920928478241
v -0.006333197467029095 -0.0019000006141141057 0.021709531545639038
v -0.0061116898432374 -0.001900001079775393 0.02108645811676979
v -0.006058679893612862 -0.0019000008469447494 0.021709417924284935
v -0.006159984041005373 -0.0019000008469447494 0.02049861289560795
v -0.006445742677897215 -0.0019000007305294275 0.022133149206638336
v -0.006365744862705469 -0.0019000006141141057 0.022138085216283798
v -0.006310122553259134 -0.0019000008469447494 0.02193397842347622
v -0.006287633907049894 -0.0019000009633600712 0.022151999175548553
v -0.006287368014454842 -0.0018999939784407616 0.022154998034238815
v -0.006328757386654615 -0.00187047163490206 0.022324340417981148
v -0.006386622786521912 -0.0018709703581407666 0.022312290966510773
v -0.0062784175388514996 -0.0018771300092339516 0.022317077964544296
v -0.006445743143558502 -0.00187056721188128 0.022310657426714897
v -0.006445744540542364 -0.0017854173202067614 0.0224691703915596
v -0.006405317224562168 -0.001787915243767202 0.02246844582259655
v -0.006366197019815445 -0.0017860988155007362 0.022478066384792328
v -0.006293508689850569 -0.0017711743712425232 0.022524449974298477
v 0.0020171054638922215 -0.004549999721348286 0.0032500007655471563
v 0.002017104998230934 -0.0056500001810491085 0.0032500005327165127
v 0.0024569265078753233 -0.004549999255686998 0.0038586528971791267
v 0.002494988264515996 -0.004549999255686998 0.004050002433359623
v 0.0024949864018708467 -0.004549999255686998 0.003081810660660267
v 0.002348540583625436 -0.004549999721348286 0.0036964465398341417
v 0.0022476515732705593 -0.004549999721348286 0.0031936769373714924
v 0.002426257822662592 -0.004549999721348286 0.0030374000780284405
v 0.002512681996449828 -0.004549999255686998 0.002816357184201479
v 0.001994987251237035 -0.004549999721348286 0.003550005378201604
v 0.002186328172683716 -0.004549999255686998 0.003588056657463312
v 0.0019949888810515404 -0.0056500001810491085 0.0035500051453709602
v 0.002512681530788541 -0.0056500001810491085 0.0028163569513708353
v 0.002584610367193818 -0.0056500001810491085 0.002489811507984996
v 0.0012990373652428389 -0.0056500001810491085 -0.0007500009378418326
v 0.0015000008279457688 -0.0056500001810491085 5.909723821417856e-09
v 0.002348540350794792 -0.0056500001810491085 0.003696446307003498
v 0.0021863298024982214 -0.0056500001810491085 0.0035880564246326685
v 0.0024569262750446796 -0.005649999715387821 0.003858652664348483
v 0.0024949880316853523 -0.0056500001810491085 0.004050001967698336
v 0.0007500009960494936 -0.0056500001810491085 -0.001299033290706575
v -2.9382170307901134e-11 -0.0056500001810491085 -0.0014999995473772287
v -0.000750000006519258 -0.0056500001810491085 -0.0012990423711016774
v 0.001299037248827517 -0.0056500001810491085 0.0007499954663217068
v 0.0007499996572732925 -0.005649999715387821 0.001299035968258977
v 0.002247651107609272 -0.0056500001810491085 0.0031936767045408487
v 0.0024262573570013046 -0.0056500001810491085 0.003037399845197797
v -0.0012990375980734825 -0.0056500001810491085 -0.0007500018109567463
v -0.0014999998966231942 -0.0056500001810491085 2.5422930427509982e-09
v -0.0012990377144888043 -0.0056500001810491085 0.0007499945932067931
v -0.0007500000647269189 -0.0056500001810491085 0.0012990416726097465
v -3.350595911832954e-10 -0.0056500001810491085 0.00149999326094985
v -0.00656842440366745 0.0009608013206161559 0.02250032126903534
v -0.006576601415872574 0.0006904809852130711 0.02276870422065258
v -0.006580304354429245 0.0003688396536745131 0.02297206036746502
v -0.006632745731621981 -4.420088589540683e-05 0.0231130700558424
v -0.006641168612986803 -0.0001637651730561629 0.023133696988224983
v -0.006631711032241583 -0.0007563664112240076 0.0231128241866827
v -0.006625084672123194 -0.0008227736107073724 0.02309737540781498
v -0.006538636516779661 -0.0013642879202961922 0.022858304902911186
v -0.0047938162460923195 0.0036999995354562998 0.015443434938788414
v -0.0038677125703543425 0.003699999302625656 0.01412917673587799
v -0.0042891595512628555 0.0036999997682869434 0.012282048352062702
v -0.0038677125703543425 0.003699999302625656 0.01221452746540308
v -0.005349201150238514 0.003699333406984806 0.011502704583108425
v -0.005296697374433279 0.0036999995354562998 0.011758246459066868
v -0.00538033340126276 0.0037000190932303667 0.013619019649922848
v -0.0051596565172076225 0.0036999995354562998 0.011977972462773323
v -0.0052631148137152195 0.003699999302625656 0.015941880643367767
v -0.005323975812643766 0.0036999997682869434 0.01607508212327957
v -0.005369911901652813 0.0036999990697950125 0.015139165334403515
v -0.0020871651358902454 0.0036999997682869434 0.01487357635051012
v -0.002161088166758418 0.0036999995354562998 0.014689073897898197
v -0.001809527981095016 0.0037000002339482307 0.014147632755339146
v -0.002344971988350153 0.0037000002339482307 0.014521731063723564
v -0.001267848303541541 0.0037000002339482307 0.012981572188436985
v -0.002586727263405919 0.0036999995354562998 0.014463634230196476
v -0.004945047665387392 0.003699999302625656 0.012148236855864525
v -0.004779402166604996 0.0036999995354562998 0.012220681644976139
v -0.005388704594224691 0.0036999995354562998 0.01394262257963419
v -0.0046591381542384624 0.003699999302625656 0.012253628112375736
v -0.0050825257785618305 0.0036999995354562998 0.01569194346666336
v -0.00538467476144433 0.0036999990697950125 0.014478307217359543
v -0.006098198238760233 -0.0004500006907619536 0.015985045582056046
v -0.006225686985999346 -0.0004500008071772754 0.01608404889702797
v -0.006234331987798214 -0.0002510345366317779 0.01609187014400959
v -0.005022118799388409 0.003682122565805912 0.015621080994606018
v -0.005394271574914455 0.0035851383581757545 0.016064252704381943
v -0.005417680833488703 0.003162066452205181 0.01578563079237938
v -0.005537833087146282 0.0033222141209989786 0.016052737832069397
v -0.005440305452793837 0.003505196887999773 0.01605912297964096
v -0.006204340606927872 0.0008306411909870803 0.01610739156603813
v -0.006094771437346935 0.0016271196072921157 0.016095343977212906
v -0.005956100299954414 0.002007301663979888 0.016015835106372833
v -0.005993005353957415 0.0020873260218650103 0.016081396490335464
v -0.005723693408071995 0.002599280094727874 0.015915658324956894
v -0.005914792418479919 0.002368972636759281 0.01607157103717327
v -0.005673424806445837 0.0030323367100208998 0.016052596271038055
v -0.006237450055778027 -5.139477798365988e-05 0.0160969365388155
v 0.0007280455902218819 0.005216400139033794 0.009683014824986458
v 0.0009343234123662114 0.005262372083961964 0.009400001727044582
v 0.0006569476099684834 0.005352071486413479 0.009399994276463985
v -0.005163966678082943 0.003992320504039526 0.01543837133795023
v -0.005125259980559349 0.004032013472169638 0.015620092861354351
v -0.004749131388962269 0.00438114907592535 0.015499421395361423
v -0.004338543862104416 0.0042460327968001366 0.01892279088497162
v -0.004469340201467276 0.003991509787738323 0.020024999976158142
v -0.004339013714343309 0.003885705256834626 0.02118602581322193
v -0.004264584742486477 0.003777399891987443 0.02218584530055523
v -0.0023608836345374584 0.004939138423651457 0.01579272374510765
v -0.002099837176501751 0.00502371322363615 0.014911488629877567
v -0.0026371879503130913 0.005077706184238195 0.015067366883158684
v -0.003358157118782401 0.004703212063759565 0.017781931906938553
v -0.0028645223937928677 0.004709426313638687 0.017785385251045227
v -0.002798286499455571 0.0047559416852891445 0.01741008087992668
v -0.0031839695293456316 0.004853022284805775 0.016817936673760414
v -0.0030940924771130085 0.0042901188135147095 0.02203071303665638
v -0.003076557768508792 0.004438974894583225 0.020213285461068153
v -0.0035327174700796604 0.004256407264620066 0.02118706703186035
v -0.0030020098201930523 0.004574348218739033 0.01891643926501274
v -0.0034687668085098267 0.004545350559055805 0.018837474286556244
v -0.0034723044373095036 0.0040708379819989204 0.02326923795044422
v -0.003394150175154209 0.004102570004761219 0.023282503709197044
v -0.003077245317399502 0.004222935531288385 0.023147383704781532
v -0.003948647528886795 0.0041004084050655365 0.021178757771849632
v -0.003928421065211296 0.0038502535317093134 0.023155756294727325
v -0.00411940598860383 0.0037434096448123455 0.02305840700864792
v -0.0041636205278337 0.0037210057489573956 0.023007767274975777
v -0.00417792284861207 0.0037150962743908167 0.0229756161570549
v -0.004641463980078697 0.0042168451473116875 0.017994623631238937
v -0.004595524165779352 0.004378398414701223 0.017075711861252785
v -0.0047494093887507915 0.004255080129951239 0.017207415774464607
v -0.004882094915956259 0.004215520806610584 0.016599219292402267
v -0.004268082324415445 0.004704320337623358 0.015365920029580593
v -0.005079379305243492 0.004075328819453716 0.01581951044499874
v -0.005475241225212812 0.003566583851352334 0.011101827025413513
v -0.0054894848726689816 0.0035406779497861862 0.011551620438694954
v -0.0054219732992351055 0.0036181791219860315 0.011525163426995277
v -0.005146590992808342 0.003921002149581909 0.012464619241654873
v -0.004233498126268387 0.004622623324394226 0.010816158726811409
v -0.0034813734237104654 0.005007836036384106 0.010744323953986168
v -0.002680281177163124 0.005266445688903332 0.010672135278582573
v -0.0006932582473382354 0.005589385516941547 0.009400004521012306
v -0.0012745052808895707 0.005595798138529062 0.009399999864399433
v -0.001850651577115059 0.005392991006374359 0.010601799003779888
v -0.002062088344246149 0.0055140238255262375 0.00940000545233488
v 0.00010286255565006286 0.00513392174616456 0.010607446543872356
v -0.00018490316870156676 0.005252900533378124 0.010475327260792255
v -0.0004971473827026784 0.005111546255648136 0.011582255363464355
v -0.0010274086380377412 0.005208146292716265 0.011838527396321297
v -0.0006220841314643621 0.0051104482263326645 0.011796601116657257
v -0.0012086989590898156 0.00510661955922842 0.012868393212556839
v -0.0018834080547094345 0.005180151201784611 0.013409463688731194
v -0.0017520777182653546 0.005079994909465313 0.014013227075338364
v -0.004155120812356472 0.0046245078556239605 0.01696365512907505
v -0.0036827516742050648 0.004783546552062035 0.01687546819448471
v -0.003750156844034791 0.004930074792355299 0.015245389193296432
v -0.003472709795460105 0.004933523014187813 0.015989048406481743
v -0.003917547408491373 0.004432858433574438 0.0188657995313406
v -0.00038150339969433844 0.005562642589211464 0.009399998001754284
v -0.0010123620741069317 0.005387439392507076 0.010535473935306072
v -0.0017648874782025814 0.005291354842483997 0.011924799531698227
v -0.002503325929865241 0.005254734773188829 0.012023312970995903
v -0.002531652105972171 0.005209311842918396 0.013497366569936275
v -0.002942112972959876 0.004980254918336868 0.015920983627438545
v -0.0032037675846368074 0.00505501963198185 0.015143860131502151
v -0.0031696301884949207 0.005126654636114836 0.013603439554572105
v -0.00378542416729033 0.0049319458194077015 0.013722795061767101
v -0.0032268515788018703 0.0050962637178599834 0.012130317278206348
v -0.004366877023130655 0.004627346992492676 0.013850482180714607
v -0.003919255454093218 0.00481673376634717 0.012242043390870094
v -0.004901495762169361 0.0042191618122160435 0.013981607742607594
v -0.004563865251839161 0.004421793855726719 0.012354730628430843
v -0.002652399940416217 0.00483587896451354 0.016753869131207466
v -0.005262666381895542 0.003877205541357398 0.014905386604368687
v -0.004553650040179491 0.004114128183573484 0.01896718516945839
v -0.005899812560528517 0.0022234246134757996 0.01982771046459675
v -0.006058104336261749 0.0018094341503456235 0.019738024100661278
v -0.005844340659677982 0.002279025735333562 0.0201113261282444
v -0.006018318701535463 0.0017068765591830015 0.020477447658777237
v -0.005791263189166784 0.002297398168593645 0.020489174872636795
v -0.0059926253743469715 0.0017520302208140492 0.02058829925954342
v -0.005768620874732733 0.0022685795556753874 0.020781120285391808
v -0.005923977587372065 0.0018495572730898857 0.020920976996421814
v -0.005763646215200424 0.00223904219456017 0.020930713042616844
v -0.005863104481250048 0.0018979446031153202 0.021305609494447708
v -0.0057752602733671665 0.0020975247025489807 0.02135203219950199
v -0.0058439853601157665 0.0018988522933796048 0.021469688042998314
v -0.005810897797346115 0.0019230348989367485 0.02167109027504921
v -0.005822198465466499 0.0018743618857115507 0.021742455661296844
v -0.006218235939741135 0.0011814896715804935 0.01972999796271324
v -0.006189482752233744 0.0012806153390556574 0.019829723984003067
v -0.006121180485934019 0.0014798019547015429 0.020074719563126564
v -0.005936651024967432 0.0021748135332018137 0.019666438922286034
v -0.0060443151742219925 0.001990044955164194 0.019260302186012268
v -0.006130702327936888 0.001795599702745676 0.018975423648953438
v -0.00646614283323288 -0.00045000051613897085 0.01815546490252018
v -0.0064682988449931145 -0.0003239052603021264 0.01813402771949768
v -0.00645796675235033 0.00012387605966068804 0.018114767968654633
v -0.006419222801923752 0.0005705071962438524 0.018183577805757523
v -0.006358270067721605 0.00044234460801817477 0.019259771332144737
v -0.006355299148708582 0.0009879125282168388 0.01833493635058403
v -0.006343819200992584 0.0005553365335799754 0.01930776610970497
v -0.0063416133634746075 0.001058203517459333 0.018369894474744797
v -0.006298606283962727 0.0008324346272274852 0.019458066672086716
v -0.006265375763177872 0.001384135102853179 0.018575429916381836
v -0.006159272510558367 0.0017208718927577138 0.01888652890920639
v -0.00615700101479888 -0.0004500008944887668 0.01711266115307808
v -0.006087019108235836 -0.00045000045793130994 0.01815548725426197
v -0.002759227529168129 -0.00045000005047768354 0.017210330814123154
v -0.002602147404104471 -0.0004500003415159881 0.016558028757572174
v -0.0027672448195517063 -0.0004500003415159881 0.014500434510409832
v -0.0022308093030005693 -0.00045000016689300537 0.01532017346471548
v -0.0023546793963760138 -0.00045000005047768354 0.015769416466355324
v -0.0024615542497485876 -0.00045000010868534446 0.016085423529148102
v -0.0025822764728218317 -0.00045000005047768354 0.014464491978287697
v -0.002345133339986205 -0.00045000025420449674 0.01452321745455265
v -0.002088158158585429 -0.0004500001377891749 0.014876795932650566
v -0.002097213175147772 -0.000450000079581514 0.014836064539849758
v -0.002174220746383071 -0.00045000019599683583 0.014672279357910156
v -0.002354902448132634 -0.0002645028580445796 0.015770114958286285
v -0.002355049829930067 -0.00010035114974016324 0.015770580619573593
v -0.0023580417037010193 0.002357997465878725 0.01578073762357235
v -0.0030229256954044104 0.00013209626195020974 0.019162368029356003
v -0.003033682471141219 0.0005699642351828516 0.01931450143456459
v -0.0030947213526815176 0.0018741153180599213 0.02105589769780636
v -0.0030879322439432144 0.0017591489013284445 0.020607082173228264
v -0.003076620399951935 0.0015546780778095126 0.020187649875879288
v -0.0030621783807873726 0.00127334613353014 0.019822029396891594
v -0.003048211568966508 0.0009661710937507451 0.019549503922462463
v -0.0030718795023858547 0.0023206875193864107 0.023411305621266365
v -0.003072052728384733 0.0007156332139857113 0.023411305621266365
v -0.003077761037275195 0.001098462613299489 0.023145142942667007
v -0.0030792916659265757 0.0011817158665508032 0.02306990511715412
v -0.003084333147853613 0.0014217705465853214 0.022804204374551773
v -0.0030716820620000362 0.0039017624221742153 0.023411301895976067
v -0.003090485231950879 0.0016651010373607278 0.02241259254515171
v -0.003091420279815793 0.0016987145645543933 0.022340981289744377
v -0.003071720479056239 0.003952540922909975 0.023409226909279823
v -0.0030716899782419205 0.003927165176719427 0.023410778492689133
v -0.0030730306170880795 0.0040298933163285255 0.02334873378276825
v -0.003074329113587737 0.004096819553524256 0.023288194090127945
v -0.0030951204244047403 0.0018261802615597844 0.021978367120027542
v -0.003096912521868944 0.001896910136565566 0.021520329639315605
v -0.0030968852806836367 0.0018990065436810255 0.021470068022608757
v -0.005561047233641148 0.0018743425607681274 0.02174258418381214
v -0.005330568179488182 0.0007354109548032284 0.023400206118822098
v -0.005456673912703991 0.0008221304742619395 0.023348432034254074
v -0.005228755064308643 0.0007156331557780504 0.023411313071846962
v -0.0055250017903745174 0.0009240572107955813 0.023277977481484413
v -0.005546943750232458 0.0009567879606038332 0.023255351930856705
v -0.005569785367697477 0.000990860047750175 0.023231802508234978
v -0.005622774828225374 0.001201562350615859 0.023050755262374878
v -0.005618406925350428 0.0012964264024049044 0.022953132167458534
v -0.005576469004154205 0.001560755306854844 0.02260226383805275
v -0.0055583990179002285 0.0016986533300951123 0.022341089323163033
v -0.005554580129683018 0.0017423712415620685 0.022236797958612442
v -0.0055572097189724445 0.0018604060169309378 0.021824920549988747
v 0.001400595880113542 -0.007488342002034187 -0.0008603822207078338
v 0.0012693401658907533 -0.00738009437918663 -0.0007979635847732425
v 0.0010461410274729133 -0.007447879761457443 -0.001075595268048346
v 0.0015669628046453 -0.00742862094193697 -0.0004887181567028165
v 0.0014911037869751453 -0.007379264570772648 -0.0004886914975941181
v 0.001561252400279045 -0.007430818397551775 -0.0005068564205430448
v 0.001298427814617753 -0.007370836101472378 -0.0007499349303543568
v 0.001418128376826644 -0.007331626955419779 -0.0004887824761681259
v 0.0008088998729363084 -0.0075127859599888325 -0.0012629230041056871
v 0.0008523526485078037 -0.0076545774936676025 -0.0014101616106927395
v 0.001158171216957271 -0.007567939814180136 -0.0011722167255356908
v 0.0007499330677092075 -0.007527751382440329 -0.0012985402718186378
v 0.00047520222142338753 -0.00759064732119441 -0.0014224565820768476
v 0.0004904894158244133 -0.007740114815533161 -0.0015749195590615273
v 0.00011965871090069413 -0.007655983325093985 -0.0014959241962060332
v 0.00011654529225779697 -0.007808940950781107 -0.0016471813432872295
v 3.3520902720240997e-10 -0.0076748160645365715 -0.0014999952400103211
v -0.00027522692107595503 -0.007859980687499046 -0.0016274164663627744
v -0.0003717995132319629 -0.00771869532763958 -0.001453931094147265
v -0.0006873638485558331 -0.007741078268736601 -0.0013331794179975986
v -0.0006344870198518038 -0.0078885518014431 -0.0015236488543450832
v -0.0009820043342188 -0.007899691350758076 -0.0013257297687232494
v -0.0007498472114093602 -0.007743895053863525 -0.0012988438829779625
v -0.0008924955036491156 -0.007748336996883154 -0.0012055902043357491
v 0.003691911231726408 -0.006210703868418932 -0.0006581547786481678
v 0.0037180206272751093 -0.00618929835036397 -0.0004886898095719516
v 0.0028345983009785414 -0.006815597880631685 -0.0004886909737251699
v 0.0032047880813479424 -0.00657630804926157 -0.001946292701177299
v 0.0033597173169255257 -0.006466662511229515 -0.0016661124536767602
v 0.0035588997416198254 -0.006316760089248419 -0.0011843085521832108
v 0.0036633179988712072 -0.006233921740204096 -0.0008031704346649349
v 0.002288276329636574 -0.007116093300282955 -0.0029703436885029078
v 0.0024026043247431517 -0.007058041635900736 -0.0028790633659809828
v 0.0027124336920678616 -0.006887996103614569 -0.0025899962056428194
v 0.0030795917846262455 -0.006660708226263523 -0.0021389212924987078
v 0.0015301394741982222 -0.007442221511155367 -0.0034235932398587465
v 0.0018424344016239047 -0.007319813594222069 -0.0032657310366630554
v 0.001339952228590846 -0.007509017363190651 -0.0035023733507841825
v 0.0013295462122187018 -0.0075125074945390224 -0.0035063244868069887
v 0.0007952569285407662 -0.007669458631426096 -0.003663822077214718
v 0.00024224052322097123 -0.007787835784256458 -0.003741673892363906
v -0.0003151964920107275 -0.007863917388021946 -0.0037362701259553432
v 0.00013342399324756116 -0.00780604500323534 -0.003747232025489211
v -0.0014076577499508858 -0.007891466841101646 -0.0034761838614940643
v -0.0010885639348998666 -0.007899900898337364 -0.00358794117346406
v -0.0008645109483040869 -0.007897705771028996 -0.0036480496637523174
v -0.002192515879869461 -0.007812466472387314 -0.0026799095794558525
v -0.0024029803462326527 -0.007776953745633364 -0.002878925995901227
v -0.0021931182127445936 -0.00781237380579114 -0.003042201278731227
v -0.0015783391427248716 -0.007881367579102516 -0.002045618137344718
v -0.0019246857846155763 -0.007848820649087429 -0.0032193665392696857
v 0.0002743005461525172 -0.007429519202560186 0.0014747047098353505
v 2.0145434120877326e-07 -0.00746230548247695 0.001500000711530447
v 0.0014181615551933646 -0.007179688662290573 -0.0004886914975941181
v 0.0014942261623218656 -0.007156721316277981 -0.000131475375383161
v -0.0008925384609028697 -0.007498565595597029 -0.001205564709380269
v -0.0009618268813937902 -0.007496984209865332 -0.0011510384501889348
v -0.0012156662996858358 -0.007485279347747564 -0.0008787309634499252
v -0.0012990330578759313 -0.0074795885011553764 -0.000750007457099855
v -0.001499999314546585 -0.007462587673217058 -2.2732571380856825e-09
v -0.0014854185283184052 -0.007464084308594465 -0.00020864185353275388
v -0.0013914179289713502 -0.007472442463040352 -0.00056031858548522
v -0.0012488231295719743 -0.00748351588845253 0.0008309318800456822
v -0.0012990375980734825 -0.007480032742023468 0.0007500042556785047
v -0.001407069619745016 -0.007470888085663319 0.0005197678110562265
v -0.0014906999422237277 -0.007463372778147459 0.00016677445091772825
v -0.0010432139970362186 -0.007494101766496897 0.0010778207797557116
v -0.0007500017527490854 -0.007499484345316887 0.0012990360846742988
v -9.625626989873126e-05 -0.007471340708434582 0.0014969067415222526
v -0.00043135214946232736 -0.0074930679984390736 0.0014366393443197012
v -0.000737506547011435 -0.007499481085687876 0.0013061698991805315
v 0.0012988989474251866 -0.007215319667011499 0.0007502338849008083
v 0.001189951435662806 -0.007244953420013189 0.0009132496197707951
v 0.0009286918211728334 -0.007309332024306059 0.0011779324850067496
v 0.0007500685751438141 -0.007348431274294853 0.0012989983661100268
v 0.0006307688890956342 -0.007372040301561356 0.0013609357411041856
v 0.001499998732469976 -0.007154940161854029 2.470457793890546e-08
v 0.0014817166374996305 -0.007160439621657133 0.00023348924878519028
v 0.0013796791899949312 -0.007191877346485853 0.0005886352737434208
v -0.003398654516786337 -0.007016659248620272 -0.0015848124166950583
v -0.0031402462627738714 -0.00710900267586112 -0.0020497182849794626
v -0.002403045305982232 -0.007315481547266245 -0.002878862665966153
v -0.0027849129401147366 -0.0072182537987828255 -0.0025113322772085667
v 0.0037180210929363966 -0.006023772060871124 -0.000488700286950916
v 0.003749844152480364 -0.00600016675889492 3.4277829399798065e-05
v 0.003707652213051915 -0.006031844299286604 0.0005619797739200294
v 0.0035886457189917564 -0.006117611657828093 0.0010881737107411027
v -0.006387128494679928 -0.0040842038579285145 0.004823988303542137
v -0.006024612579494715 -0.004855903796851635 0.004046576097607613
v -0.004191405139863491 -0.0066637578420341015 0.00011523910507094115
v -0.004840987268835306 -0.006285922136157751 0.0015082709724083543
v -0.005449498072266579 -0.005844979081302881 0.002813227940350771
v -0.00559244304895401 -0.005619118455797434 0.0031197862699627876
v 0.00344850099645555 -0.005822467152029276 0.004013439640402794
v 0.003485222812741995 -0.006189832463860512 0.0014753752620890737
v 0.0033878108952194452 -0.006255537737160921 0.00200180453248322
v 0.003352302825078368 -0.006109178997576237 0.003340507159009576
v 0.003330502426251769 -0.006292733829468489 0.0028132374864071608
v 0.0033711185678839684 -0.00626651756465435 0.0021321135573089123
v 0.0033819805830717087 -0.005023813806474209 0.00570813799276948
v 0.0033819021191447973 -0.005304859951138496 0.005708526354283094
v 0.003428056603297591 -0.005355229601264 0.005454507656395435
v 0.003336756257340312 -0.004688214510679245 0.005907995160669088
v 0.0031139347702264786 -0.0034999994095414877 0.006612333003431559
v 0.0034725407604128122 -0.0054447161965072155 0.005089106038212776
v 0.0034879795275628567 -0.0056463563814759254 0.004455696325749159
v 0.0014809503918513656 0.005243976600468159 0.00870776828378439
v -0.003346566343680024 0.006131213158369064 0.005954500287771225
v 0.002721161115914583 0.0050722225569188595 0.0069897850044071674
v 0.00298302061855793 0.005033968947827816 0.006537248380482197
v 0.003488805377855897 0.005342448130249977 0.004475206136703491
v 0.00347093865275383 0.005139491520822048 0.0051075308583676815
v 0.003314043628051877 0.005005664192140102 0.005864326376467943
v 0.0033740061335265636 0.005006344057619572 0.005721211899071932
v 0.0033792650792747736 0.005002043209969997 0.005721200257539749
v 0.0017412345623597503 0.00520876282826066 0.008411307819187641
v 0.002478254260495305 0.00511025357991457 0.007373322267085314
v -0.0004694670205935836 -0.003499999875202775 0.006739955861121416
v -0.00027512054657563567 -0.0034999996423721313 0.006883976515382528
v -0.00017985673912335187 -0.0034999996423721313 0.0070697530172765255
v -0.00017113404464907944 -0.0034999996423721313 0.007292702794075012
v -0.00025579173234291375 -0.0034999996423721313 0.007491258904337883
v 0.002460088348016143 -0.0034999996423721313 0.007403455208986998
v -0.0003697214415296912 -0.003499999875202775 0.007648279424756765
v -0.000486866309074685 -0.003499999875202775 0.00780646363273263
v -0.00136612169444561 -0.003499999875202775 0.00888900551944971
v -0.0018619168549776077 -0.0035000003408640623 0.009583896026015282
v 0.002647086977958679 -0.0034999994095414877 0.007113018073141575
v 0.0028264853172004223 -0.003499999176710844 0.006817756220698357
v 0.00285076885484159 -0.0034999994095414877 0.006776262074708939
v 0.0028749052435159683 -0.0034999996423721313 0.0067345863208174706
v 0.002993402536958456 -0.0034999994095414877 0.006674438714981079
v 0.002433944493532181 -0.003500916762277484 0.007442898582667112
v -0.002080339938402176 -0.003568810410797596 0.009908223524689674
v -0.002102476079016924 -0.003587407525628805 0.009942334145307541
v 0.0022143451496958733 -0.0035878673661500216 0.007765024434775114
v -0.002043464221060276 -0.0035451219882816076 0.009852704592049122
v -0.0019861278124153614 -0.0035199359990656376 0.009767004288733006
v 0.00232966267503798 -0.003522828221321106 0.007597817573696375
v 0.002391953021287918 -0.003506191074848175 0.007505746092647314
v -0.002666572807356715 -0.004300435073673725 0.011025539599359035
v -0.002830547746270895 -0.004293746314942837 0.011100780218839645
v -0.0031309337355196476 -0.0046120635233819485 0.01160885114222765
v 0.0007554025505669415 -0.004612131509929895 0.009648282080888748
v 0.0009611520217731595 -0.004453617613762617 0.009366949088871479
v 0.0011758464388549328 -0.004299402702599764 0.009085909463465214
v 0.002138854470103979 -0.003649706719443202 0.007872370071709156
v 0.0020624559838324785 -0.003710911376401782 0.007979465648531914
v -0.0021698912605643272 -0.0036480696871876717 0.010044291615486145
v -0.0022364610340446234 -0.0037094170693308115 0.010146593675017357
v -0.0055517591536045074 0.0027241474017500877 0.012539463117718697
v -0.005180064123123884 0.003256170079112053 0.01238340511918068
v -0.005478186532855034 0.003371315309777856 0.012044916860759258
v -0.004057667683809996 0.0035382516216486692 0.01229881215840578
v -0.005994768347591162 0.002575635677203536 0.012269183062016964
v -0.005862013902515173 0.0028195877093821764 0.012199747376143932
v -0.005780367646366358 0.003045395715162158 0.012031422927975655
v -0.005815521348267794 0.0008233725093305111 0.012989286333322525
v -0.006433525122702122 0.000633149582426995 0.012777693569660187
v -0.006454071030020714 -5.145316390553489e-05 0.012847217731177807
v -0.006451419088989496 -0.00022584368707612157 0.012856719084084034
v -0.005858998280018568 0.0021474941167980433 0.012669927440583706
v -0.00633650878444314 0.0013856930891051888 0.012645253911614418
v -0.006096027325838804 0.0015364036662504077 0.012771645560860634
v -0.006261699367314577 0.0009010550566017628 0.012843501754105091
v -0.005504092667251825 0.0035179778933525085 0.011621570214629173
v -0.005586262326687574 0.0033889603801071644 0.011783482506871223
v -0.006189132574945688 0.002010989235714078 0.01247901190072298
v -0.004317848477512598 0.0032304900232702494 0.012424060143530369
v -0.004413025453686714 0.0034736788365989923 0.012378305196762085
v -0.004515716806054115 0.0028662902768701315 0.012528985738754272
v -0.00481087202206254 0.003027350641787052 0.012550714425742626
v -0.004630351439118385 0.002487286226823926 0.012589802034199238
v -0.005155019462108612 0.002530279103666544 0.012700369581580162
v -0.00496066827327013 0.0019108683336526155 0.012735612690448761
v -0.005440006498247385 0.001991286175325513 0.012824714183807373
v -0.005016969982534647 0.0017901846440508962 0.012760459445416927
v -0.0053424714133143425 0.0007938514463603497 0.012904131785035133
v -0.00566061120480299 0.0014192168600857258 0.012921272777020931
v -0.005357326008379459 0.0007229694165289402 0.012910694815218449
v -0.0030219603795558214 -0.00426869560033083 0.011422312818467617
v -0.0031690921168774366 -0.004646752029657364 0.0116746686398983
v -0.0032061166130006313 -0.0042256745509803295 0.011745275929570198
v -0.0032061331439763308 -0.004672208800911903 0.01174529455602169
v -0.0021815006621181965 -0.003627547062933445 0.010062060318887234
v -0.0019921325147151947 -0.0034274952486157417 0.009775939397513866
v -0.00048686665832065046 -0.0030998492147773504 0.007806459441781044
v -0.000704198086168617 -0.003099907888099551 0.008055589161813259
v -0.0009164864895865321 -0.0030999649316072464 0.008310768753290176
v -0.0013683708384633064 -0.0031423401087522507 0.00889202393591404
v -0.001744515961036086 -0.003267998807132244 0.009414087980985641
v -0.00037056164001114666 -0.0030998182483017445 0.007649425882846117
v -0.00025579205248504877 -0.003099787514656782 0.007491254713386297
v -0.0001770715316524729 -0.003099766094237566 0.007319918368011713
v -0.0002608544600661844 -0.0030997886788100004 0.006902140099555254
v -0.00017266675422433764 -0.0030997651629149914 0.007100023329257965
v -0.0002613562683109194 0.002250000601634383 0.006901133805513382
v -0.0002751204010564834 0.002250000135973096 0.0068839844316244125
v -0.0003398607368580997 0.0022499999031424522 0.006819016300141811
v -0.00046946818474680185 0.0022500003688037395 0.0067399488762021065
v -0.0005159295978955925 0.0023860775399953127 0.006695867516100407
v -0.0004108102002646774 0.0023762236814945936 0.006740414537489414
v -0.00043058497249148786 0.002312765922397375 0.006751432083547115
v -0.0003167242102790624 0.0023757631424814463 0.006805851589888334
v -0.00044658337719738483 0.002500000409781933 0.006648235023021698
v -0.00035654089879244566 0.002500000176951289 0.006683481391519308
v -0.00037851923843845725 0.00244020763784647 0.006721017882227898
v -0.00021464521705638617 0.0025000013411045074 0.0068112993612885475
v -0.00020085069991182536 0.002499999711290002 0.006832663901150227
v -0.00024439243134111166 0.0023837704211473465 0.0068817781284451485
v -0.00024672207655385137 0.0023744225036352873 0.006884419824928045
v -0.006449035368859768 -0.0008057641098275781 0.01825651153922081
v -0.006438064854592085 -0.0009337731753475964 0.018308738246560097
v -0.006387975532561541 -0.0013322907034307718 0.018535403534770012
v -0.006041870918124914 -0.002100657671689987 0.021351370960474014
v -0.006070408970117569 -0.0023007295094430447 0.0204650666564703
v -0.006067269016057253 -0.002299502957612276 0.020503578707575798
v -0.006043892353773117 -0.0022442820481956005 0.020920781418681145
v -0.00611914275214076 -0.0022657662630081177 0.02000810019671917
v -0.006185133475810289 -0.0021382328122854233 0.019560497254133224
v -0.006248644553124905 -0.00195884145796299 0.019203519448637962
v -0.00632238294929266 -0.0016781000886112452 0.018836773931980133
v -0.0063369558192789555 -0.0016110831638798118 0.01876836083829403
v 0.003030584193766117 0.002500000409781933 0.006817759480327368
v -0.00018753988842945546 0.002500000176951289 0.006817767862230539
v 0.00303058372810483 0.0031488409731537104 0.006817762274295092
v 0.0031895150896161795 0.0038509077858179808 0.006405707914382219
v -0.006593465339392424 9.850968490354717e-05 0.023077791556715965
v -0.006576907820999622 0.000165535049745813 0.023057198151946068
v -0.006637318059802055 -0.0002098105032928288 0.02313944697380066
v -0.006582422181963921 -0.0009146298398263752 0.023072384297847748
v -0.006629024166613817 -0.0006663060048595071 0.0231295395642519
v -0.006644903682172298 -0.00033183980849571526 0.02314864844083786
v -0.006479232106357813 -0.0012387381866574287 0.022941185161471367
v -0.006454202812165022 -0.0013593806652352214 0.022869646549224854
v -0.00634327158331871 -0.0015424464363604784 0.02275688946247101
v -0.0025913906283676624 0.0010251037310808897 0.014464417472481728
v -0.002586726099252701 0.002499999711290002 0.014463646337389946
v -0.002344971988350153 0.002499999478459358 0.01452172826975584
v -0.0027667733374983072 0.0010251894127577543 0.014500224031507969
v -0.002765955636277795 0.0024999999441206455 0.014499848708510399
v -0.002410647924989462 0.0010250275954604149 0.014493553899228573
v -0.00225229375064373 0.0010249752085655928 0.014586440287530422
v -0.0021720018703490496 0.0010249565821141005 0.014674519188702106
v -0.00209672749042511 0.0010249544866383076 0.014835912734270096
v -0.002088128123432398 -0.00010027964162873104 0.014876488596200943
v -0.0021610870026052 0.002499999711290002 0.014689086005091667
v -0.002087150001898408 0.002499999711290002 0.014873662032186985
v -0.0020878389477729797 0.0012172493152320385 0.014875227585434914
v -0.002087195171043277 0.00310002313926816 0.014873413369059563
v -0.00466829352080822 0.0020990269258618355 0.012606543488800526
v -0.004667110275477171 -0.002300972817465663 0.012606020085513592
v -0.004543307702988386 -0.0029931736644357443 0.01255137287080288
v -0.004080944694578648 -0.003715028753504157 0.012347289361059666
v -0.0036721781361848116 -0.004029549658298492 0.012166858650743961
v -0.0033777463249862194 -0.004169779364019632 0.011967865750193596
v -0.003404403803870082 -0.004159273114055395 0.011992935091257095
v -0.003220250830054283 -0.00467945821583271 0.011769415810704231
v -0.003602788085117936 -0.004067886620759964 0.01213296502828598
v -0.002351700095459819 -0.002986500971019268 0.015762878581881523
v -0.002348714740946889 -0.005460197571665049 0.01575860194861889
v -0.0024755762424319983 -0.005421821027994156 0.016135307028889656
v -0.002722841687500477 -0.005309334024786949 0.017049357295036316
v -0.0027961330488324165 -0.0052605909295380116 0.01740003004670143
v -0.0029187980107963085 -0.005148989148437977 0.01815488561987877
v -0.003035829635336995 -0.004961972124874592 0.019359592348337173
v -0.0030808805022388697 0.00022500220802612603 0.02031746320426464
v -0.00307930214330554 0.0001237054675584659 0.020264998078346252
v -0.0030951793305575848 0.0008093008073046803 0.02108362689614296
v -0.0030912631191313267 0.0006825279560871422 0.020774994045495987
v -0.0030872744973748922 0.0005322950310073793 0.020567337051033974
v -0.0030755449552088976 -0.0004000003100372851 0.02015000209212303
v -0.0030762602109462023 -0.0006263338145799935 0.020170655101537704
v -0.0030782760586589575 -0.0008446506108157337 0.020231764763593674
v -0.0030809042509645224 -0.0010250054765492678 0.020317476242780685
v -0.0030951984226703644 -0.0016084774397313595 0.021080495789647102
v -0.003091862192377448 -0.0047350493259727955 0.020855192095041275
v -0.0030913029331713915 -0.0014825279358774424 0.020774997770786285
v -0.0030872353818267584 -0.0013292018556967378 0.020563887432217598
v -0.0030855617951601744 -0.004461708012968302 0.022714806720614433
v -0.0030969653744250536 -0.0016204857965931296 0.021670028567314148
v -0.0030827608425170183 -0.0043927510268986225 0.022873926907777786
v -0.003095699707046151 -0.0015314904740080237 0.021931251510977745
v -0.0030970145016908646 -0.0016500003403052688 0.02139999344944954
v -0.003087323158979416 -0.004499462433159351 0.022606542333960533
v -0.0030718427151441574 -0.003952932544052601 0.023409724235534668
v -0.0030751745216548443 -0.004130637738853693 0.023255374282598495
v -0.003071817569434643 -0.003926052246242762 0.023411069065332413
v -0.0030770315788686275 -0.004208684898912907 0.02316674403846264
v -0.0030718136113137007 -0.0039086234755814075 0.023411309346556664
v -0.003091021440923214 -0.0011653382098302245 0.022388316690921783
v -0.0030720208305865526 -0.002206426812335849 0.023411313071846962
v -0.0030949795618653297 -0.0014825310790911317 0.022025007754564285
v -0.003089716425165534 -0.0010250014020130038 0.022482531145215034
v -0.0030878004617989063 -0.0007161981775425375 0.022609351202845573
v -0.0030871438793838024 -0.00040000039734877646 0.02265000343322754
v -0.003087474498897791 -0.00017382533405907452 0.02262936718761921
v -0.0030897045508027077 0.00022500124759972095 0.022482534870505333
v -0.0030909802298992872 0.0003631037543527782 0.022390028461813927
v -0.0030949432402849197 0.0006825309246778488 0.022025004029273987
v -0.0030956531409174204 0.0007309766951948404 0.021932341158390045
v -0.0030968356877565384 0.0008491749758832157 0.02135460264980793
v -0.003096966305747628 0.000850000127684325 0.021399997174739838
v 0.0006282133981585503 -0.004679409321397543 0.009827716276049614
v -0.006961439736187458 0.0018317389767616987 0.01543828658759594
v -0.006928016431629658 0.0019716103561222553 0.015294057317078114
v -0.006900744047015905 0.0020176193211227655 0.01560948695987463
v -0.007109661586582661 -0.0020191448274999857 0.015540538355708122
v -0.0071000889874994755 0.0013138467911630869 0.015159647911787033
v -0.007197994738817215 0.0005436830106191337 0.015567378140985966
v -0.007225932087749243 0.0005738665931858122 0.015060261823236942
v -0.0072686090134084225 -0.00098607933614403 0.015028726309537888
v -0.007241759914904833 -0.0007604748825542629 0.015605410560965538
v -0.007286581676453352 -0.0005724189104512334 0.015013093128800392
v -0.007264492567628622 0.00018714975158218294 0.015029714442789555
v -0.007100335322320461 -0.0021791376639157534 0.015169266611337662
v -0.007127193734049797 -0.002048735274001956 0.0151470135897398
v -0.007115607149899006 -0.002194583648815751 0.015098054893314838
v -0.006927736569195986 0.0019749910570681095 0.0152841005474329
v -0.007224055007100105 0.0013696402311325073 0.014983982779085636
v -0.007097039837390184 0.0021176172886043787 0.015117639675736427
v -0.006884242407977581 0.0021891992073506117 0.015254693105816841
v -0.007153029553592205 0.0013466953532770276 0.015029956586658955
v -0.006907493807375431 0.002082549501210451 0.0152537627145648
v -0.007241246290504932 0.0016221392434090376 0.015013030730187893
v -0.007392499130219221 0.00020635970577131957 0.014855883084237576
v -0.007396752946078777 -0.0010043802903965116 0.014855279587209225
v -0.007477562874555588 -0.0009151542908512056 0.014837700873613358
v -0.007224513683468103 -0.002235539723187685 0.014994439668953419
v -0.007273026742041111 -0.0022474240977317095 0.014985759742558002
v -0.007384994998574257 -0.0016931473510339856 0.014904445968568325
v -0.0070117986761033535 -0.0031368150375783443 0.015177394263446331
v -0.007212427910417318 -0.0024880932178348303 0.01502987276762724
v -0.007161410991102457 -0.0022155737970024347 0.015032432042062283
v -0.00715353200212121 -0.002212577499449253 0.015040134079754353
v -0.006917034275829792 0.002035508630797267 0.015258066356182098
v -0.006923649925738573 0.002000655047595501 0.01526609342545271
v -0.007115176413208246 0.0013289119815453887 0.015088167041540146
v -0.006926845293492079 0.001981872133910656 0.015275795944035053
v -0.007333535235375166 -0.000997967435978353 0.014893755316734314
v -0.0073255556635558605 -0.000997002236545086 0.014901419170200825
v -0.007329242769628763 0.00019950958085246384 0.01489444449543953
v -0.0072821155190467834 0.0001923785894177854 0.014959502965211868
v -0.007160905282944441 0.001349674304947257 0.015022224746644497
v -0.0073212627321481705 0.00019848821102641523 0.014902123250067234
v -0.007286362815648317 -0.000991172855719924 0.014958660118281841
v -0.005769642535597086 -0.0005829138681292534 0.022636547684669495
v -0.006164435297250748 -0.0005831581656821072 0.022636502981185913
v -0.006554297637194395 -0.000583399785682559 0.022636478766798973
v -0.006517110392451286 -0.0008673288393765688 0.022559354081749916
v -0.006493702065199614 -0.0010249755578115582 0.02248254045844078
v -0.006478148978203535 -0.0011254161363467574 0.022417979314923286
v -0.006138726603239775 -0.0011257510632276535 0.022417737171053886
v -0.005699425004422665 -0.001126183313317597 0.022417429834604263
v -0.005736455321311951 -0.0008678656304255128 0.022559143602848053
v -0.005714513827115297 -0.001025000587105751 0.022482534870505333
v -0.0060023656114935875 -0.005133416969329119 0.015915505588054657
v -0.006118467543274164 -0.0050835320726037025 0.015704253688454628
v -0.006187487859278917 -0.0049868738278746605 0.015584438107907772
v -0.007641814649105072 -0.00039945420576259494 0.013853124342858791
v -0.007607787847518921 -0.0003993433201685548 0.013878627680242062
v -0.0075800917111337185 -0.0011304859071969986 0.013882436789572239
v -0.005940713919699192 -0.0051552606746554375 0.016172640025615692
v -0.005908817984163761 -0.0051925103180110455 0.01625165343284607
v -0.00593968853354454 -0.0051681241020560265 0.01609588973224163
v -0.0061103468760848045 -0.00492996396496892 0.015818322077393532
v -0.006159513257443905 -0.004870114382356405 0.015667209401726723
v -0.00617440789937973 -0.0048376210033893585 0.015703275799751282
v -0.00636446475982666 -0.004541577305644751 0.015382248908281326
v -0.0064597828313708305 -0.004390529356896877 0.015169750899076462
v -0.006633192766457796 -0.004059349186718464 0.014939259737730026
v -0.00674082525074482 -0.00385677651502192 0.014721812680363655
v -0.006882333196699619 -0.0035376811865717173 0.014557233080267906
v -0.006328734569251537 -0.005022155586630106 0.015496051870286465
v -0.006559767294675112 -0.004552606493234634 0.015052457340061665
v -0.006256495136767626 -0.00503797922283411 0.015545210801064968
v -0.006160989869385958 -0.005067865364253521 0.01564651168882847
v -0.005991308484226465 -0.0051388912834227085 0.01594185084104538
v -0.006157662253826857 -0.004907393362373114 0.015634603798389435
v -0.006461750715970993 -0.004422520287334919 0.015135279856622219
v -0.006745551712810993 -0.0038846980314701796 0.014687059447169304
v -0.007014431059360504 -0.003273881273344159 0.014315825887024403
v -0.007078288588672876 -0.0030469687189906836 0.014307881705462933
v -0.007247231900691986 -0.002593345008790493 0.014085544273257256
v -0.007240320090204477 -0.0025488773826509714 0.014154855161905289
v -0.007426323369145393 -0.00186784821562469 0.013975510373711586
v -0.007399237714707851 -0.0019000007305294275 0.014055663719773293
v -0.006885560229420662 -0.004018796607851982 0.014596317894756794
v -0.007154365535825491 -0.0033758997451514006 0.014212948270142078
v -0.006600081454962492 -0.004576764535158873 0.01505119726061821
v -0.0076705291867256165 -0.0003995774604845792 0.01383903343230486
v -0.0076426370069384575 -0.0011352784931659698 0.01384191308170557
v -0.007532063871622086 -0.0018945956835523248 0.013874773867428303
v -0.0073514641262590885 -0.002646944485604763 0.013984959572553635
v -0.0074698301032185555 -0.0018802928971126676 0.013915340416133404
v -0.007289235945791006 -0.0026196541730314493 0.014024495147168636
v -0.00711697107180953 -0.0033581305760890245 0.014219654724001884
v -0.007054054643958807 -0.0033168094232678413 0.014255974441766739
v -0.006846243981271982 -0.003997431136667728 0.014599774964153767
v -0.0067820618860423565 -0.003943686839193106 0.014630897901952267
v -0.006495419889688492 -0.004490696359425783 0.015080589801073074
v -0.007573688868433237 -0.00039928461774252355 0.013920264318585396
v -0.00754775432869792 -0.0003993947175331414 0.014013517647981644
v -0.007535809651017189 -0.0011270804097875953 0.013941671699285507
v -0.007528098300099373 -0.000994720496237278 0.014011557213962078
v -0.007430341560393572 -0.0017481556860730052 0.01403889898210764
v -0.006079096347093582 -0.004517510533332825 0.01952393166720867
v -0.006077413447201252 -0.004778061527758837 0.01818579062819481
v -0.00641753152012825 -0.004185347352176905 0.01832083985209465
v -0.007167953997850418 -0.0023925816640257835 0.016275208443403244
v -0.007307335734367371 -0.0015893570380285382 0.016354482620954514
v -0.0065771546214818954 -0.003165444126352668 0.021037504076957703
v -0.005648306105285883 -0.005306944251060486 0.018240870907902718
v -0.007122829556465149 0.0021485453471541405 0.014270876534283161
v -0.006293188314884901 0.003826653817668557 0.015850083902478218
v -0.006654755212366581 0.003171743592247367 0.01599080301821232
v -0.0063529545441269875 0.0037461717147380114 0.015392089262604713
v -0.006591770797967911 0.0033410689793527126 0.015011361800134182
v -0.007224732544273138 0.001833127113059163 0.014174044132232666
v -0.007382251787930727 0.0012158752651885152 0.014066199772059917
v -0.007470279932022095 0.0007157611544243991 0.014028578996658325
v -0.007537409663200378 -3.082655894104391e-05 0.014013325795531273
v -0.0066709741950035095 -0.003926060162484646 0.016030514612793922
v -0.006701037287712097 -0.003736558835953474 0.017225489020347595
v -0.0063081360422074795 -0.004624355584383011 0.01588146574795246
v -0.005808064714074135 -0.005271507427096367 0.017042480409145355
v -0.006007431074976921 -0.005025357939302921 0.016927864402532578
v -0.005321869160979986 -0.0051988521590828896 0.020474454388022423
v -0.005433606915175915 -0.0052780951373279095 0.019588882103562355
v -0.005377084948122501 -0.005101617891341448 0.020685724914073944
v -0.0057065244764089584 -0.005026026163250208 0.019425835460424423
v -0.005770332645624876 -0.004415377974510193 0.02174971252679825
v -0.0055450256913900375 -0.004813497886061668 0.021203435957431793
v -0.00567876361310482 -0.004734578542411327 0.020892372354865074
v -0.0054310644045472145 -0.005004728212952614 0.020885592326521873
v -0.0060018515214324 -0.003971191123127937 0.02221323363482952
v -0.006030878517776728 -0.004253956954926252 0.020939750596880913
v -0.006221543997526169 -0.0035014201421290636 0.02258015237748623
v -0.006330548785626888 -0.003727942705154419 0.02098904736340046
v -0.00641228212043643 -0.003032900858670473 0.02285519242286682
v -0.006758395582437515 -0.0018592386040836573 0.023283181712031364
v -0.006604459602385759 -0.0024624308571219444 0.0231009554117918
v -0.006867310032248497 -0.0012034079991281033 0.023406274616718292
v -0.006914026103913784 -0.0005528650362975895 0.023457080125808716
v -0.0066360291093587875 0.001565521932207048 0.023129496723413467
v -0.006713533774018288 0.0012710936134681106 0.023222368210554123
v -0.006837823428213596 0.000639568199403584 0.02336515486240387
v -0.006898088380694389 9.842762665357441e-05 0.02343933843076229
v -0.006780254188925028 0.0017696683062240481 0.021067194640636444
v -0.006534794345498085 0.0018937609856948256 0.023003600537776947
v -0.006578295957297087 0.0023606009781360626 0.021019237115979195
v -0.00633598817512393 0.0024275132454931736 0.02273775450885296
v -0.006219548173248768 0.0026963758282363415 0.022565487772226334
v -0.006318872794508934 0.002920854603871703 0.020967476069927216
v -0.006114315241575241 0.002920118160545826 0.022396504878997803
v -0.005879597272723913 0.0033711690921336412 0.021964291110634804
v -0.0060011171735823154 0.0034411177039146423 0.020914889872074127
v -0.005645437631756067 0.00377306854352355 0.021440686658024788
v -0.005936108995229006 0.00409074779599905 0.018134301528334618
v -0.005833525210618973 0.004034430254250765 0.019108818843960762
v -0.00568805355578661 0.003842664649710059 0.02087370492517948
v -0.006032198667526245 0.003966484684497118 0.018151724711060524
v -0.0063977777026593685 0.0033881545532494783 0.018284570425748825
v -0.0060431016609072685 0.004061099141836166 0.01741325855255127
v -0.006362543441355228 0.003630502615123987 0.017041409388184547
v -0.006218450143933296 0.003914200700819492 0.016362128779292107
v -0.00628221919760108 0.003840439487248659 0.015928970649838448
v -0.006691864226013422 0.002755961613729596 0.018415797501802444
v -0.007064674980938435 -0.0021685787942260504 0.018669897690415382
v -0.007167281582951546 -0.0014577999245375395 0.018741389736533165
v -0.007219383027404547 -0.0007481027278117836 0.018777333199977875
v -0.0071781100705266 0.000670884270220995 0.018723247572779655
v -0.007223878987133503 -4.3509666284080595e-05 0.0187706109136343
v -0.006916819140315056 0.0020836570765823126 0.018537921831011772
v -0.007077329326421022 0.0013842858606949449 0.01864304021000862
v -0.006805410608649254 0.0029217528644949198 0.014681443572044373
v -0.006936394143849611 0.002591944532468915 0.01494706142693758
v -0.007172497920691967 0.0016392801189795136 0.016245516017079353
v -0.007377473637461662 -0.000783114752266556 0.016394130885601044
v -0.0073803081177175045 1.923221498145722e-05 0.01638677343726158
v -0.007313258480280638 0.0008316011517308652 0.016334498301148415
v -0.006907935719937086 -0.002868233248591423 0.018570709973573685
v -0.006693430710583925 -0.003544558072462678 0.018451720476150513
v -0.0063896700739860535 -0.004409178160130978 0.017079386860132217
v -0.005376498680561781 -0.005168248899281025 0.020683517679572105
v -0.005431204568594694 -0.005132562480866909 0.020886095240712166
v -0.005379112903028727 -0.005400520749390125 0.0206933431327343
v -0.005843739490956068 -0.004502822179347277 0.0221851896494627
v -0.005724803078919649 -0.004736424423754215 0.021851997822523117
v -0.005614294670522213 -0.004951405338943005 0.021512707695364952
v -0.0061056045815348625 -0.003980989567935467 0.022811584174633026
v -0.0063311317935585976 -0.00351848267018795 0.02325105108320713
v -0.006542809307575226 -0.0030547475907951593 0.023598061874508858
v -0.0067834267392754555 -0.002457653870806098 0.023934924975037575
v -0.006989974528551102 -0.001838063239119947 0.024191100150346756
v -0.007151424884796143 -0.0011784550733864307 0.024376438930630684
v -0.007212365977466106 -0.0008122972794808447 0.024443691596388817
v -0.007239973172545433 -0.0005806374829262495 0.02447374165058136
v -0.00727118132635951 0.00010066643881145865 0.024500049650669098
v -0.0068405005149543285 0.002306881360709667 0.02400016598403454
v -0.007228490896522999 0.000704974343534559 0.02445388026535511
v -0.007126304786652327 0.0013089451240375638 0.024340802803635597
v -0.006963471416383982 0.0019326176261529326 0.02415175922214985
v -0.006758267525583506 0.002531482372432947 0.023893624544143677
v -0.006510554347187281 0.003134210826829076 0.023539436981081963
v -0.00627792626619339 0.003638054244220257 0.023144055157899857
v -0.006197535898536444 0.003802909515798092 0.02298956923186779
v -0.005808393470942974 0.004575452301651239 0.022074932232499123
v -0.006043639034032822 0.00411154655739665 0.02266336977481842
v -0.005218813195824623 0.005002424120903015 0.01826559379696846
v -0.0050681885331869125 0.004981773439794779 0.018735799938440323
v -0.005315141752362251 0.00507371174171567 0.018288666382431984
v -0.005635344423353672 0.004966790787875652 0.01713315024971962
v -0.005817748606204987 0.00483474088832736 0.016557961702346802
v -0.006035400088876486 0.004604622256010771 0.016010114923119545
v -0.006287637632340193 0.004265717696398497 0.015542745590209961
v -0.006538409739732742 0.003877895651385188 0.015149617567658424
v -0.006953446194529533 0.0029782354831695557 0.01445206068456173
v -0.007160848472267389 0.002466557314619422 0.014181246981024742
v -0.007595530245453119 0.000739794981200248 0.013854311779141426
v -0.007490323390811682 0.0013301079161465168 0.013898179866373539
v -0.007342793047428131 0.001912302221171558 0.013997937552630901
v -0.0074885026551783085 0.0007211005431599915 0.013955472968518734
v -0.006321954540908337 0.0038123251870274544 0.015375602059066296
v -0.0063450089655816555 0.0037655418273061514 0.0153623903170228
v -0.006399909965693951 0.0037170937284827232 0.015230385586619377
v -0.0063505517318844795 0.0037536476738750935 0.015364835038781166
v -0.006352919619530439 0.0037482131738215685 0.01536963414400816
v -0.006241043098270893 0.0039652432315051556 0.015470900572836399
v -0.00643141008913517 0.0037884570192545652 0.015175031498074532
v -0.006179545074701309 0.00416688434779644 0.015560898929834366
v -0.005330310668796301 0.004921081010252237 0.017752859741449356
v -0.005497497972100973 0.004849339835345745 0.017159707844257355
v -0.00551288528367877 0.004848207347095013 0.0171157605946064
v -0.005669842008501291 0.004729859065264463 0.016619794070720673
v -0.005698563065379858 0.004720341879874468 0.0165493693202734
v -0.005834071431308985 0.004565703682601452 0.016191188246011734
v -0.005922092590481043 0.004496185574680567 0.016014348715543747
v -0.006008171010762453 0.004341194871813059 0.01583651639521122
v -0.0061948648653924465 0.004046977497637272 0.015535520389676094
v -0.0072380537167191505 0.001855757785961032 0.014098789542913437
v -0.006851586978882551 0.0028741757851094007 0.014543096534907818
v -0.007057476323097944 0.0023859404027462006 0.014278463087975979
v -0.007532330695539713 0.0007295166724361479 0.013894479721784592
v -0.00742727518081665 0.0013116321060806513 0.013938166201114655
v -0.00727959256619215 0.0018836070084944367 0.014036818407475948
v -0.007096962071955204 0.0024269206915050745 0.014217449352145195
v -0.0068885027430951595 0.0029282832983881235 0.014484311453998089
v -0.0052448054775595665 0.004945472814142704 0.01807154156267643
v -0.005542097147554159 0.004899194464087486 0.017116254195570946
v -0.005727988667786121 0.004768541548401117 0.016545483842492104
v -0.0059513067826628685 0.004539953079074621 0.016004476696252823
v -0.006208566017448902 0.004205004312098026 0.015545818023383617
v -0.00646077748388052 0.003822562750428915 0.015157886780798435
v -0.006497176829725504 0.003852951107546687 0.015149285085499287
v -0.006245406344532967 0.004238641820847988 0.015539662912487984
v -0.005990047939121723 0.004576964769512415 0.016003064811229706
v -0.00576887046918273 0.004807698540389538 0.01654844917356968
v -0.005584200378507376 0.0049398671835660934 0.017122242599725723
v -0.005261758808046579 0.005045718047767878 0.018275365233421326
v 0.004996628500521183 -0.0048192827962338924 -0.0002759405761025846
v 0.005003014113754034 -0.0048116580583155155 -0.0004886944079771638
v 0.004222226329147816 -0.005614808760583401 -0.0004886899259872735
v 0.004222225397825241 -0.005614808294922113 0.002813231898471713
v 0.00499662896618247 -0.0048192827962338924 0.0028132321313023567
v 0.004994037561118603 0.004822530783712864 -0.0002759434573817998
v 0.0057715317234396935 0.004539783112704754 0.0015825380105525255
v 0.004994037561118603 0.004822530783712864 0.002813229337334633
v 0.00654434273019433 0.004258736968040466 0.003647611243650317
v 0.004401973448693752 0.005037844646722078 0.003911636304110289
v 0.005106921307742596 0.004781478550285101 0.004337348509579897
v 0.003832514863461256 0.005244937259703875 0.004810752812772989
v 0.003691492136567831 0.005208689719438553 0.005256650038063526
v 0.003681924194097519 0.005257635843008757 0.005140082444995642
v 0.005188291892409325 0.004712904803454876 0.004585262853652239
v 0.00373055599629879 0.005271933972835541 0.004982537589967251
v 0.005691387690603733 0.003984492272138596 0.0049608913250267506
v 0.005235838238149881 0.004170180298388004 0.0051565105095505714
v 0.005255155730992556 0.004395841155201197 0.005010121967643499
v 0.004252661485224962 0.004568892065435648 0.005518948659300804
v 0.003959898371249437 0.004885747097432613 0.005477573722600937
v 0.0037682107649743557 0.005100261885672808 0.005374416243284941
v 0.0052390508353710175 0.004581404849886894 0.004815151449292898
v 0.006647532340139151 0.004177231807261705 0.003901978023350239
v 0.006687698420137167 0.004105713218450546 0.004028702154755592
v 0.006714459042996168 0.0040258970111608505 0.004135537892580032
v 0.006739172153174877 0.0038162642158567905 0.004328841809183359
v 0.006720200181007385 0.0035660453140735626 0.004466763231903315
v 0.004255118779838085 -0.004566042218357325 0.005518962163478136
v 0.0028507960960268974 -0.0034393423702567816 0.006776186637580395
v 0.00282645458355546 -0.003378748893737793 0.006817762274295092
v 0.003425687551498413 -0.002602062653750181 0.006817770656198263
v 0.003413832513615489 0.005159804131835699 0.005620309617370367
v 0.0034518453758209944 0.005314697977155447 0.00551895285025239
v 0.0034242880064994097 0.0026044666301459074 0.006817766465246677
v 0.003897801972925663 -0.0016140613006427884 0.006817762274295092
v 0.005693534854799509 -0.003980867099016905 0.004960889462381601
v 0.0052380007691681385 -0.004166833590716124 0.005156541708856821
v 0.0037415800616145134 -0.005072038620710373 0.00551895797252655
v 0.00345470174215734 -0.005312278866767883 0.005518950521945953
v 0.0034191859886050224 -0.0051676263101398945 0.00561360502615571
v 0.003896932350471616 0.0016167190624400973 0.006817762274295092
v 0.006722116842865944 -0.0035618699621409178 0.004466773942112923
v 0.007069539278745651 -0.0027155790012329817 0.004466766491532326
v 0.007166565395891666 -0.0024181813932955265 0.0044667674228549
v 0.004139701835811138 -0.0005461092805489898 0.0068177636712789536
v 0.007437068969011307 -0.001221357611939311 0.004466767888516188
v 0.0074364119209349155 0.0012259177165105939 0.004466773010790348
v 0.007476022932678461 0.0009234191384166479 0.00446676928550005
v 0.004139406606554985 0.000548896670807153 0.006817759480327368
v 0.0075276815332472324 2.3044233330438146e-06 0.004466771613806486
v 0.007476517464965582 -0.0009188377298414707 0.004466765094548464
v 0.0071652657352387905 0.0024225956294685602 0.00446677440777421
v 0.007068079896271229 0.0027199415490031242 0.004466773942112923
v 0.003047711681574583 0.0053158956579864025 0.006417660508304834
v 0.0033225840888917446 0.005304919555783272 0.005844485945999622
v 0.0017411685548722744 0.005458475556224585 0.008411305025219917
v 0.0025059450417757034 0.0053817895241081715 0.007329966872930527
v 0.0027210211846977472 0.0053531513549387455 0.006989700254052877
v 0.002987248357385397 0.005321383476257324 0.006530215032398701
v 0.0034190616570413113 -0.0053079379722476006 0.0056140306405723095
v 0.003953126259148121 -0.004892869386821985 0.005475011188536882
v 0.0037275173235684633 -0.005269995890557766 0.004995229188352823
v 0.0036846064031124115 -0.005254797171801329 0.0051419977098703384
v 0.00519074872136116 -0.004709580913186073 0.004585298243910074
v 0.0036952088121324778 -0.00520441634580493 0.005259734112769365
v 0.005241435952484608 -0.004578054882586002 0.004815185908228159
v 0.0065466309897601604 -0.004254656378179789 0.0036476117093116045
v 0.0051094163209199905 -0.004778197500854731 0.0043373918160796165
v 0.0038353337440639734 -0.0052423132583498955 0.0048107425682246685
v 0.003784709144383669 -0.00508118374273181 0.0053865001536905766
v 0.0052574397996068 -0.0043924832716584206 0.005010145250707865
v 0.006649777293205261 -0.004173095338046551 0.003901986638084054
v 0.006716622039675713 -0.004021724220365286 0.004135531838983297
v 0.0067412229254841805 -0.0038120783865451813 0.004328842740505934
v 0.0057739694602787495 -0.00453611696138978 0.001582524855621159
v 0.004404679872095585 -0.005034914705902338 0.003911632113158703
v -0.006636485923081636 0.0036210711114108562 0.005011301953345537
v -0.006634538993239403 -0.003624073462560773 0.005011307541280985
v -0.006649110000580549 0.0036004686262458563 0.005011314060539007
v -0.007141158916056156 -0.0026296311989426613 0.005011307541280985
v -0.007577355485409498 -0.001072073238901794 0.005011309403926134
v -0.007639572490006685 0.0005442132824100554 0.005011307075619698
v -0.007324403617531061 0.002130694454535842 0.005011300090700388
v -0.006644953973591328 0.00359793147072196 0.005029483698308468
v -0.006892858538776636 0.0028305246960371733 0.005561551079154015
v -0.007081121671944857 0.0020518526434898376 0.0059657287783920765
v -0.006965462118387222 -0.0025573389139026403 0.0057203578762710094
v -0.007129916921257973 -0.0017913494957610965 0.0060725947842001915
v -0.007206378970295191 0.0012860167771577835 0.006234798114746809
v -0.00723620830103755 -0.0010185005376115441 0.006300094071775675
v -0.007273940369486809 0.0005153358797542751 0.006380112376064062
v -0.007283675950020552 -0.00025205599376931787 0.006401450373232365
v 0.0060619330033659935 -0.0043595293536782265 0.0014439838705584407
v 0.005233815871179104 -0.004669379908591509 -0.0004886447568424046
v 0.0054610795341432095 -0.004433380905538797 -0.000488686840981245
v 0.006266841199249029 -0.0040823002345860004 0.0013237061211839318
v 0.006864259950816631 -0.00405161501839757 0.0035069547593593597
v 0.007076282985508442 -0.0037307008169591427 0.003388793207705021
v -0.0004145246639382094 -0.007523026783019304 -0.0004886972601525486
v -0.0004145336279179901 -0.007492413744330406 -0.000488695630338043
v 1.9534067178028636e-05 -0.007460336666554213 -0.0004886921960860491
v 0.0012101941974833608 -0.007470030803233385 -0.0004886937094852328
v 0.0019620261155068874 -0.0073872278444468975 -0.0004886974929831922
v 0.0046708774752914906 -0.006438400596380234 -0.0004886994138360023
v 0.004323503468185663 -0.0067155370488762856 -0.0004886955721303821
v 0.0037465121131390333 -0.00700715696439147 -0.0004886919050477445
v 0.0027074734680354595 -0.007262233644723892 -0.0004886950482614338
v -0.00041856124880723655 0.007492752280086279 -0.0004886957467533648
v -0.00041856837924569845 0.007523365784436464 -0.000488694291561842
v 0.0003714483755175024 0.0074157631024718285 -0.0004886934766545892
v 0.0007512859883718193 0.007501790765672922 -0.0004886857350356877
v 0.002064405009150505 0.0069519951939582825 -0.0004886907991021872
v 0.0022692708298563957 0.007342290598899126 -0.0004886987735517323
v 0.0037427456118166447 0.007009732536971569 -0.0004886965034529567
v 0.0036031983327120543 0.006107425317168236 -0.0004886882961727679
v 0.003920102957636118 0.006946647074073553 -0.0004886885290034115
v 0.0040900446474552155 0.00686553493142128 -0.0004886903334408998
v 0.004093734081834555 -0.006862773559987545 -0.0004886860842816532
v 0.003923835698515177 -0.006943975575268269 -0.0004886924289166927
v 0.0052505978383123875 0.004657374694943428 -0.0004886459209956229
v 0.0050004273653030396 0.0048149097710847855 -0.0004886980750598013
v 0.005542475264519453 0.005589776672422886 -0.0004886977258138359
v 0.004903537221252918 0.00492831552401185 -0.0004886994138360023
v 0.004667417146265507 0.00644147302955389 -0.0004886871320195496
v 0.004319893196225166 0.006718422286212444 -0.0004886998794972897
v 0.006844175513833761 -0.0007493020384572446 -0.0004886999959126115
v 0.007578393444418907 -0.0012155768927186728 -0.0004886885872110724
v 0.006550042890012264 -0.002223083982244134 -0.0004886901006102562
v 0.0073148338124156 -0.002407907275483012 -0.0004886982496827841
v 0.00597277982160449 -0.003610640997067094 -0.0004886926617473364
v 0.006881518289446831 -0.0035495522897690535 -0.0004886931274086237
v 0.006287564989179373 -0.004616479855030775 -0.0004886926617473364
v 0.005545477848500013 -0.005586233921349049 -0.0004886980750598013
v 0.005458693951368332 0.004436878487467766 -0.0004886988899670541
v 0.00628508348017931 0.004620422143489122 -0.0004886862589046359
v 0.00597083754837513 0.003614413319155574 -0.0004886988317593932
v 0.006879609078168869 0.003553812624886632 -0.0004886905662715435
v 0.006548846606165171 0.002227167133241892 -0.0004886879469268024
v 0.007313538808375597 0.002412401605397463 -0.00048869225429371
v 0.006843770854175091 0.0007535435725003481 -0.0004886981914751232
v 0.007577737793326378 0.0012202129000797868 -0.0004886991810053587
v 0.007666646968573332 2.3419386252498953e-06 -0.0004886880051344633
v 0.006264647003263235 0.004086230881512165 0.0013237178791314363
v 0.006862081121653318 0.004055867437273264 0.0035069487057626247
v 0.006059589330106974 0.004363349638879299 0.0014439939986914396
v 0.007074275985360146 0.0037350673228502274 0.003388799261301756
v 0.006784567143768072 0.004102194216102362 0.003866293467581272
v 0.006824279669672251 0.004102203994989395 0.0036467944737523794
v 0.007043435238301754 0.0038602047134190798 0.003646506229415536
v 0.0070954980328679085 0.0037451970856636763 0.003792546223849058
v 0.006989732384681702 0.0038601900450885296 0.003943335730582476
v 0.006970666814595461 0.003685608273372054 0.004172586370259523
v 0.00683475099503994 0.003860148135572672 0.004202117677778006
v 0.00784769095480442 0.001287503051571548 0.0037925459910184145
v 0.0075629218481481075 0.002544302260503173 0.0037925441283732653
v 0.007540436927229166 0.002537419321015477 0.003388803219422698
v 0.0074319988489151 -0.00249926233664155 0.004172591958194971
v 0.007711571175605059 -0.0012623108923435211 0.004172592889517546
v 0.007805220782756805 2.3791244530002587e-06 0.004172586370259523
v 0.007710890844464302 0.0012670186115428805 0.004172587301582098
v 0.007430653553456068 0.002503819763660431 0.004172592423856258
v 0.007943546399474144 2.4163807665900094e-06 0.003792545758187771
v 0.007848381996154785 -0.001282721757888794 0.003792549716308713
v 0.006972647272050381 -0.0036812976468354464 0.004172600340098143
v 0.00756428949534893 -0.0025396733544766903 0.0037925546057522297
v 0.00709751108661294 -0.0037408198695629835 0.0037925539072602987
v 0.0075417994521558285 -0.002532803453505039 0.0033887994941323996
v 0.007825123146176338 -0.0012792518828064203 0.003388801822438836
v 0.007824433967471123 0.001284020603634417 0.0033887976314872503
v 0.00787766557186842 0.0008561282884329557 0.003388795768842101
v 0.007920029573142529 2.4102378120005596e-06 0.003388790413737297
v 0.007878124713897705 -0.0008513308130204678 0.003388798562809825
v -0.0001860339689301327 -0.0030997684225440025 0.006817766930907965
v 0.002042903797701001 -0.0030991698149591684 0.006817768793553114
v 0.002826392650604248 -0.003152021672576666 0.0068177590146660805
v -0.0019604924600571394 -0.0001002450953819789 0.014524352736771107
v -0.0018180453917011619 -0.00010020726767834276 0.014165924862027168
v -0.0016855167923495173 -0.004300176631659269 0.013857580721378326
v -0.0018174275755882263 -0.004300206899642944 0.014165680855512619
v -0.0012698594946414232 -0.0018437980907037854 0.012983121909201145
v -0.0012696346966549754 -0.004300059750676155 0.01298330444842577
v -0.001410638215020299 -0.004300102591514587 0.01326674036681652
v -0.001549596549011767 -0.004300144035369158 0.013558165170252323
v 0.0067867711186409 -0.004097983241081238 0.003866294864565134
v 0.007045510224997997 -0.003855854971334338 0.0036465171724557877
v 0.006826483644545078 -0.00409797253087163 0.0036467958707362413
v 0.006991805508732796 -0.0038558694068342447 0.003943332005292177
v 0.006836823653429747 -0.0038559110835194588 0.004202113952487707
v 0.003947594668716192 0.007704772055149078 -0.00017693827976472676
v 0.003931613638997078 0.007650549989193678 -0.00023115577641874552
v 0.002375407610088587 0.007999081164598465 -0.00023401621729135513
v 0.0008047114824876189 0.008485033176839352 0.00033817184157669544
v -2.6662322852644138e-05 0.008488846942782402 0.00024128309451043606
v 0.00011444531264714897 0.008521380834281445 0.0005475757061503828
v 0.0007872769492678344 0.008164182305335999 -0.00023553959908895195
v -0.00027773232432082295 0.008181111887097359 -0.0002428811858408153
v -0.0001514139585196972 0.008379582315683365 -8.450108907709364e-06
v -0.00036907652975060046 0.007938720285892487 -0.00040265111601911485
v 0.0007703087176196277 0.007851865142583847 -0.00042313378071412444
v -0.0004143611586187035 0.0076705398969352245 -0.00047921593068167567
v 0.0038426839746534824 0.007348816376179457 -0.00042195222340524197
v 0.002325365087017417 0.0076895528472959995 -0.0004227104946039617
v 0.002406943356618285 0.008194152265787125 5.206970854487736e-06
v 0.0007979969377629459 0.008361469022929668 2.4384034986724146e-06
v 0.003987414762377739 0.00783988181501627 1.0476624083821662e-05
v 0.002426555147394538 0.008315467275679111 0.0003424595925025642
v 0.0040216525085270405 0.007956043817102909 0.00035057790228165686
v 0.0040077101439237595 0.007908739149570465 0.00016402763139922172
v 0.0008055164362303913 0.008499860763549805 0.0005480833351612091
v 0.0016504718223586679 0.008433440700173378 0.0005500249098986387
v 0.0024287980049848557 0.008329200558364391 0.0005530829075723886
v 0.0034686578437685966 0.008117991499602795 0.0005588201456703246
v 0.004025082103908062 0.00796767883002758 0.0005625482881441712
v 0.004304733593016863 0.007868899032473564 0.0004721739678643644
v 0.004256535787135363 0.007174734491854906 -0.0004235513333696872
v 0.004271066747605801 0.007788150105625391 0.0001014045046758838
v 0.004507554695010185 0.007640913128852844 3.810986891039647e-05
v 0.004559930879622698 0.00773818651214242 0.0003783139691222459
v 0.004402088932693005 0.0074450490064918995 -0.0002410153829259798
v 0.004494750406593084 0.006950133480131626 -0.00044564009294845164
v 0.004686589818447828 0.007204348687082529 -0.0002820523513946682
v 0.004831422585994005 0.00739627331495285 -1.676726787991356e-05
v 0.004901734180748463 0.007489445153623819 0.0002524919982533902
v 0.004854260478168726 0.006663633044809103 -0.00044562917901203036
v 0.0057594990357756615 0.0057825613766908646 -0.00044563342817127705
v 0.006527718156576157 0.004779774229973555 -0.0004456347960513085
v 0.007142748683691025 0.0036763790994882584 -0.00044563907431438565
v 0.007591644302010536 0.0024956008419394493 -0.0004456348833627999
v 0.007864956744015217 0.001262294128537178 -0.0004456325259525329
v 0.007956931367516518 2.419635393380304e-06 -0.0004456363676581532
v 0.007865634746849537 -0.0012575042201206088 -0.0004456261813174933
v 0.007592984475195408 -0.00249095750041306 -0.0004456343885976821
v 0.007144723553210497 -0.0036719762720167637 -0.000445639161625877
v 0.006530287209898233 -0.004775702022016048 -0.00044562763650901616
v 0.005762604530900717 -0.0057789022102952 -0.00044563840492628515
v 0.0048578400164842606 -0.006660460028797388 -0.00044563415576703846
v 0.00449848547577858 -0.006947154179215431 -0.0004456294991541654
v 0.004690461326390505 -0.007201266009360552 -0.0002820526424329728
v 0.004835398402065039 -0.007393112871795893 -1.6757270714151673e-05
v 0.005062961019575596 -0.006904084701091051 -0.00028204036061652005
v 0.006694595329463482 -0.005710495635867119 0.00025248489691875875
v 0.006267971359193325 -0.006227340083569288 0.0002524900482967496
v 0.006180664990097284 -0.0061498680151999 -1.675853673077654e-05
v 0.005292997695505619 -0.007177304942160845 0.0002524871670175344
v 0.005217820405960083 -0.007088014855980873 -1.6760235666879453e-05
v 0.004905758425593376 -0.007486246060580015 0.0002524926676414907
v 0.007095221895724535 -0.00514629390090704 0.0002524818992242217
v 0.006997623946517706 -0.005082270130515099 -1.6764161046012305e-05
v 0.0076266066171228886 -0.004226637538522482 0.00025249167811125517
v 0.007651504594832659 -0.003907694015651941 -1.675439671089407e-05
v 0.0077573396265506744 -0.003956920932978392 0.00025248940801247954
v 0.008128538727760315 -0.002650862792506814 -1.6766914995969273e-05
v 0.008240384981036186 -0.002684257226064801 0.00025248993188142776
v 0.008418690413236618 -0.001338231610134244 -1.6761969163781032e-05
v 0.008534190244972706 -0.0013550901785492897 0.00025248972815461457
v 0.007624332793056965 0.004231300204992294 0.00025248844758607447
v 0.007755211088806391 0.003961652517318726 0.00025248859310522676
v 0.007649403065443039 0.003912368323653936 -1.676023384789005e-05
v 0.008238941431045532 0.0026892484165728092 0.000252494151936844
v 0.008127112872898579 0.0026557939127087593 -1.676609826972708e-05
v 0.008533461019396782 0.0013602398103103042 0.0002524932788219303
v 0.00841797050088644 0.0013433193089440465 -1.6760181097197346e-05
v 0.008591340854763985 0.0008787306724116206 0.000252487079706043
v 0.008515849709510803 2.5701649519760394e-06 -1.6759329810156487e-05
v 0.008632573299109936 2.601146206870908e-06 0.0002524905139580369
v 0.00859181210398674 -0.0008735483279451728 0.0002524876035749912
v 0.007092454936355352 0.005150669254362583 0.0002524824521970004
v 0.006994891911745071 0.005086592864245176 -1.675524254096672e-05
v 0.0066915238276124 0.005714657250791788 0.00025248315068893135
v 0.006177357863634825 0.006153751630336046 -1.676050123933237e-05
v 0.006264622788876295 0.006231270730495453 0.000252481026109308
v 0.005214009899646044 0.007091381121426821 -1.6756543118390255e-05
v 0.005289139226078987 0.007180711254477501 0.0002524850133340806
v 0.006000818684697151 -0.005990282166749239 -0.0002820520894601941
v 0.006796580273658037 -0.004950387869030237 -0.00028204379486851394
v 0.007433492690324783 -0.0038062906824052334 -0.0002820461231749505
v 0.007898149080574512 -0.0025820729788392782 -0.0002820535737555474
v 0.00818077102303505 -0.0013035035226494074 -0.0002820490044541657
v 0.008275408297777176 2.5052702312677866e-06 -0.0002820510126184672
v 0.008180069737136364 0.001308462698943913 -0.0002820506924763322
v 0.00789676047861576 0.0025868802331387997 -0.00028204481350257993
v 0.0074314456433057785 0.0038108481094241142 -0.00028204734553582966
v 0.006793918088078499 0.004954603035002947 -0.0002820481895469129
v 0.00599760003387928 0.005994069389998913 -0.0002820405934471637
v 0.005059249699115753 0.006907367613166571 -0.00028204041882418096
v 0.004260391462594271 -0.007171883713454008 -0.0004235486267134547
v 0.00440609036013484 -0.007442120462656021 -0.00024101033341139555
v 0.004511660430580378 -0.007637927308678627 3.81100362574216e-05
v 0.004564089234918356 -0.007735171355307102 0.0003783191496040672
v 0.0040259514935314655 -0.007953396998345852 0.0003510674287099391
v 0.0040119607001543045 -0.007906022481620312 0.00016403038171119988
v 0.00427525257691741 -0.007785291410982609 0.00010140458471141756
v 0.003991687670350075 -0.00783737376332283 1.0840182767424267e-05
v 0.00430896133184433 -0.007866021245718002 0.0004721659352071583
v 0.004029362928122282 -0.007964950986206532 0.0005625452031381428
v 0.00395173579454422 -0.007702088449150324 -0.00017692976689431816
v 0.003935698419809341 -0.007647776510566473 -0.00023124401923269033
v 0.0038466148544102907 -0.007346129044890404 -0.0004219805705361068
v 0.002775205997750163 -0.007607694249600172 -0.0004225473676342517
v -0.0004103505634702742 -0.007660070434212685 -0.0004787301877513528
v 0.001238696975633502 -0.007819532416760921 -0.0004230927734170109
v -0.00036225334042683244 -0.00793776847422123 -0.00039618887240067124
v 0.0012641331413760781 -0.008131311275064945 -0.0002354039461351931
v -0.00027110837982036173 -0.008183160796761513 -0.00023810513084754348
v 0.0012802204582840204 -0.008328522555530071 3.1856150144449202e-06
v -0.00015751601313240826 -0.00836388673633337 -2.9420816645142622e-05
v 0.0012902581365779042 -0.008451594971120358 0.00033929466735571623
v -2.5557355911587365e-05 -0.008482753299176693 0.0002343046071473509
v 0.0012914513936266303 -0.008466169238090515 0.0005488124443218112
v 0.00011902565893251449 -0.008520754054188728 0.0005475758225657046
v 0.0028356052935123444 -0.007915505208075047 -0.00023341490305028856
v 0.002873689401894808 -0.008109618909657001 6.840220066806069e-06
v 0.0028972288127988577 -0.008229637518525124 0.0003449092910159379
v 0.002899829763919115 -0.008242779411375523 0.0005553808878175914
v 0.0016552653396502137 -0.008431623689830303 0.0005498616374097764
v 0.008227241225540638 -0.0008945277077145875 0.011441929265856743
v 0.008292757906019688 2.510099648134201e-06 0.011455084197223186
v 0.007497990969568491 2.2965016341913724e-06 0.013968169689178467
v -0.0009820195846259594 -0.007343155797570944 0.016002235934138298
v -0.0009797587990760803 -0.007355055306106806 0.015921220183372498
v 0.00019054989388678223 -0.007256988901644945 0.016172876581549644
v 0.001417728723026812 -0.008320821449160576 0.00338412681594491
v 0.00943975243717432 -0.0018780403770506382 0.005271651316434145
v 0.009587791748344898 -0.001518389442935586 0.0049033500254154205
v 0.009695323184132576 -0.0007732536760158837 0.004988811910152435
v 0.009198512881994247 -0.0029068742878735065 0.004609024617820978
v 0.009146523661911488 -0.002786236349493265 0.005215340293943882
v 0.008816559799015522 -0.0018338300287723541 0.00843663327395916
v 0.005612012464553118 -0.006985451560467482 0.004481831565499306
v 0.0060788472183048725 -0.006957654375582933 0.0023589294869452715
v 0.007016436196863651 -0.006217517424374819 0.003086273092776537
v 0.003991416189819574 -0.007732369005680084 0.004099718295037746
v 0.004226126708090305 -0.007894338108599186 0.000752098101656884
v 0.005147155374288559 -0.007499195635318756 0.0015674136811867356
v 0.0031426299829035997 -0.007993804290890694 0.0038809413090348244
v -8.156128751579672e-05 -0.008497494272887707 0.001187770627439022
v 4.830929538002238e-05 -0.008527031168341637 0.0003916917194146663
v -2.3155464077717625e-05 -0.008532887324690819 0.00023569361655972898
v -0.00023408138076774776 -0.00839900877326727 0.003314005909487605
v 0.0010787963401526213 -0.008147024549543858 0.006497422698885202
v 0.000746897712815553 -0.007933697663247585 0.009559216909110546
v -0.0009604928200133145 -0.007445696275681257 0.015264159068465233
v -0.0009276787168346345 -0.007567580323666334 0.014256714843213558
v 0.0003223797830287367 -0.007481530774384737 0.014566147699952126
v -0.0008615218102931976 -0.007741669658571482 0.012525193393230438
v 0.0004567383148241788 -0.0076620252802968025 0.012891393154859543
v -0.0008448021253570914 -0.007776225451380014 0.012135910801589489
v -0.0006941098254173994 -0.008002660237252712 0.009241241030395031
v 5.778645208920352e-05 -0.006977698765695095 0.017656240612268448
v -0.001017731032334268 -0.007098879665136337 0.017437215894460678
v -0.001006831880658865 -0.00718766450881958 0.016962192952632904
v -8.119118137983605e-05 -0.0066402084194123745 0.018971960991621017
v -0.001046160003170371 -0.006782493554055691 0.01882348395884037
v -0.0010391464456915855 -0.006870332174003124 0.018476512283086777
v -0.0002371687296545133 -0.0062630861066281796 0.02010934241116047
v -0.0010682522552087903 -0.006507035810500383 0.019775396212935448
v -0.001064297859556973 -0.006553799379616976 0.01962641067802906
v -0.0011388246202841401 -0.005935394670814276 0.02129027247428894
v -0.0011155891697853804 -0.006079730577766895 0.020953355357050896
v -0.0004221605777274817 -0.0058690765872597694 0.021064652130007744
v -0.001109102158807218 -0.006125684827566147 0.020839598029851913
v -0.0010746170300990343 -0.006435445975512266 0.019994687288999557
v 0.003941405098885298 -0.005769039504230022 0.015266002155840397
v 0.004346203990280628 -0.005930893588811159 0.013775445520877838
v 0.004927151836454868 -0.005386038683354855 0.013898222707211971
v 0.005093913525342941 -0.006168534513562918 0.010744133964180946
v 0.005733960773795843 -0.005605945363640785 0.010896414518356323
v 0.0057752421125769615 -0.00634574331343174 0.007774127181619406
v 0.006452962756156921 -0.005769740790128708 0.007931173779070377
v 0.006363962311297655 -0.006488692946732044 0.00464668171480298
v 0.007063777651637793 -0.005902273580431938 0.004795094486325979
v 0.009622674435377121 -0.0009440243011340499 0.005306261591613293
v 0.009003528393805027 -0.0009217860642820597 0.008473415859043598
v 0.00973298866301775 2.897420017689001e-06 0.005019552540034056
v 0.009408190846443176 2.810041451084544e-06 0.006881305947899818
v 0.009068256244063377 2.718553332670126e-06 0.008485937491059303
v 0.00856645405292511 2.5836745862761745e-06 0.01048109121620655
v 0.0007989183650352061 -0.002481459639966488 0.02296476438641548
v 0.0004757342685479671 -0.003024496603757143 0.022956153377890587
v 0.0014482266269624233 -0.0029338968452066183 0.022277820855379105
v 0.0009020509896799922 -0.003791362978518009 0.02222859300673008
v 0.0009447476477362216 -0.0022330195643007755 0.02295980602502823
v 0.0019843168556690216 -0.001961330883204937 0.02228156477212906
v 0.001398867228999734 -0.0014491878682747483 0.022897586226463318
v 0.003510957583785057 -0.005566097795963287 0.016699524596333504
v 0.004011607728898525 -0.0050492072477936745 0.016783390194177628
v 0.0030510963406413794 -0.005312771536409855 0.018045799806714058
v 0.0049408674240112305 -0.0038111384492367506 0.016963547095656395
v 0.005477755796164274 -0.0047630746848881245 0.01401631161570549
v 0.005984089337289333 -0.004072323441505432 0.014126354828476906
v 0.006332003511488438 -0.0049605295062065125 0.011034032329916954
v 0.006875056307762861 -0.004243195988237858 0.011155343614518642
v 0.0070776245556771755 -0.005107456352561712 0.008071131072938442
v 0.00763788353651762 -0.0043702260591089725 0.00819286610931158
v 0.007701613008975983 -0.005226631183177233 0.004927183035761118
v 0.00826779194176197 -0.0044734594412148 0.005041998811066151
v 0.004721533041447401 -0.0029611592181026936 0.01834355667233467
v 0.003942388575524092 -0.004252096638083458 0.018188633024692535
v 0.004492823034524918 -0.00446105282753706 0.016873041167855263
v 0.002559170126914978 -0.005003189668059349 0.01927979290485382
v 0.0008695662254467607 -0.004942897707223892 0.021299321204423904
v 0.0020358948968350887 -0.004641884472221136 0.020392289385199547
v 0.0014826856786385179 -0.004235413391143084 0.021377092227339745
v 0.0027319539804011583 -0.003691271645948291 0.020488133653998375
v 0.00209445389918983 -0.003337278962135315 0.021450616419315338
v 0.0033595196437090635 -0.0025547274854034185 0.02058533951640129
v 0.002663960913196206 -0.0022857426665723324 0.021505586802959442
v 0.003824446350336075 -0.001303314114920795 0.020648028701543808
v 0.003109467914327979 -0.001155685749836266 0.02151106670498848
v 0.001859985408373177 -0.0006405916647054255 0.02273762971162796
v 0.0024391443002969027 -0.0009636811446398497 0.02221064083278179
v 0.002216687425971031 8.773805575401639e-07 0.022507797926664352
v 0.0020277868025004864 -0.0003420118591748178 0.022643230855464935
v 0.0027235515881329775 1.0134708645637147e-06 0.02207844704389572
v 0.0026057350914925337 -0.0004775218840222806 0.022152746096253395
v 0.0032073017209768295 1.143292706728971e-06 0.02159297466278076
v 0.0032487427815794945 -0.0005783684318885207 0.02149900235235691
v 0.004435107111930847 1.4732534054928692e-06 0.020112134516239166
v 0.004559675697237253 -0.001422074157744646 0.019626623019576073
v 0.004338107071816921 -0.0021127634681761265 0.01958286575973034
v 0.004053761251270771 -0.0027779480442404747 0.019527114927768707
v 0.003351982217282057 -0.003996003419160843 0.01939759962260723
v 0.005034059751778841 -0.0022536241449415684 0.018411291763186455
v 0.005275827832520008 -0.0015176271554082632 0.018465474247932434
v 0.0056784870103001595 -0.0023676634300500154 0.01712488941848278
v 0.005341005977243185 -0.0031098739709705114 0.017049329355359077
v 0.00626746192574501 -0.0024593553971499205 0.01574801281094551
v 0.005909680388867855 -0.0032294299453496933 0.01566767692565918
v 0.006805032957345247 -0.0025327394250780344 0.014307410456240177
v 0.006431424058973789 -0.0033251058775931597 0.014224614016711712
v 0.007349609397351742 -0.0034659365192055702 0.011258536018431187
v 0.0039604040794074535 -0.0006541493930853903 0.020661519840359688
v 0.00470357621088624 -0.0007144635310396552 0.01965499296784401
v 0.005540880840271711 1.7706349808577215e-06 0.018421325832605362
v 0.005431824829429388 -0.0007626681472174823 0.01850140281021595
v 0.00658921105787158 2.0524707906588446e-06 0.016313496977090836
v 0.0059382980689406395 -0.0015948060899972916 0.017184989526867867
v 0.006541670300066471 -0.001656862674281001 0.015810981392860413
v 0.007090144325047731 -0.0017065285937860608 0.014371040277183056
v 0.007742160931229591 -0.0026407435070723295 0.011341875419020653
v 0.008122170343995094 -0.00357054709456861 0.00829516351222992
v -0.0012556588044390082 -0.005459203384816647 0.022160029038786888
v -0.001173874014057219 -0.005759779363870621 0.021652353927493095
v -0.0009294328629039228 -0.00511227548122406 0.022461188957095146
v -0.0006510494276881218 -0.005480554886162281 0.021842418238520622
v -0.0008855221676640213 -0.005059260409325361 0.022495655342936516
v -0.0001337966969003901 -0.005050551146268845 0.022021323442459106
v 0.00024203158682212234 -0.005481454078108072 0.02119680494070053
v 0.00017392662994097918 -0.006106798071414232 0.0201682448387146
v 0.0002974859671667218 -0.003318214323371649 0.022941749542951584
v -0.0001632067287573591 -0.004048532340675592 0.0228582713752985
v 0.00037837971467524767 -0.004490421153604984 0.022149669006466866
v -0.0004813403938896954 -0.004519807640463114 0.022740624845027924
v -0.0007438331958837807 -0.004879912827163935 0.022595316171646118
v 0.0008566086180508137 -0.006303801666945219 0.019093098118901253
v 0.00039655878208577633 -0.006496488116681576 0.019036607816815376
v 0.0005958810797892511 -0.006842459551990032 0.0177384652197361
v 0.0013008269015699625 -0.006060895510017872 0.019142523407936096
v 0.0011166624026373029 -0.006653637159615755 0.017809519544243813
v 0.0007825591019354761 -0.007127577904611826 0.016281303018331528
v 0.0016212897608056664 -0.006409137509763241 0.017872029915452003
v 0.0013589165173470974 -0.006941052619367838 0.016377128660678864
v 0.0019197446526959538 -0.006694735027849674 0.016463303938508034
v 0.0015892577357590199 -0.007170656695961952 0.014832920394837856
v 0.0022017573937773705 -0.006922727916389704 0.01494978740811348
v 0.001812215312384069 -0.007353519089519978 0.013224218040704727
v 0.002471861196681857 -0.007104041986167431 0.013374101370573044
v 0.0022541044745594263 -0.007623313460499048 0.010002574883401394
v 0.002994498237967491 -0.007370348088443279 0.010206841863691807
v 0.0027094047982245684 -0.007828749716281891 0.00698449183255434
v 0.003512636059895158 -0.007571251597255468 0.007205459289252758
v 0.0017312623094767332 -0.005765296518802643 0.0191875621676445
v 0.0021110132802277803 -0.006106272339820862 0.017929455265402794
v 0.002465218771249056 -0.006385632790625095 0.016543257981538773
v 0.0027987202629446983 -0.006608765572309494 0.015059055760502815
v 0.003115860978141427 -0.006786234211176634 0.01351491454988718
v 0.0037184269167482853 -0.0070464420132339 0.01039886474609375
v 0.004296841099858284 -0.0072415610775351524 0.0074109360575675964
v 0.004817854147404432 -0.007398130837827921 0.004299764987081289
v 0.005053786560893059 -0.006834712810814381 0.00760059617459774
v 0.004420146346092224 -0.006647277157753706 0.010578113608062267
v 0.0037415330298244953 -0.0063964128494262695 0.013648179359734058
v 0.0033789889421314 -0.006225345190614462 0.015163534320890903
v 0.0029955506324768066 -0.006010503973811865 0.016620736569166183
v 0.0025871710386127234 -0.005741877015680075 0.0179859921336174
v 0.0021500105503946543 -0.005413798615336418 0.019232023507356644
v 0.0013195989886298776 -0.0053730309009552 0.0203113853931427
v 0.0009496965212747455 -0.005662846378982067 0.020269397646188736
v 0.000568736984860152 -0.0059065669775009155 0.020222080871462822
v 0.008625023998320103 -0.004152998328208923 0.004203930031508207
v 0.008752649649977684 -0.0036556851118803024 0.005138427950441837
v 0.008518918417394161 -0.0027209161780774593 0.00837681908160448
v 0.008039206266403198 -0.0017796099418774247 0.011403595097362995
v 0.007271967362612486 -0.0008577664848417044 0.01441187784075737
v 0.006717190146446228 -0.0008327711839228868 0.0158520694822073
v 0.006105244625359774 -0.0008015302591957152 0.017224688082933426
v 0.007890745997428894 -0.005264088045805693 0.0037012442480772734
v -0.00418643606826663 -0.0053339614532887936 0.022561311721801758
v -0.0041923196986317635 -0.005543627310544252 0.022063640877604485
v -0.0038747265934944153 -0.0055984798818826675 0.021938506513834
v -0.0017389236018061638 -0.005352887790650129 0.02243144065141678
v -0.0018818427342921495 -0.00532753998413682 0.02249172143638134
v -0.001973196864128113 -0.00575355626642704 0.021764377132058144
v -0.002317966427654028 -0.005267180502414703 0.02263667993247509
v -0.0026557359378784895 -0.005235709715634584 0.022720692679286003
v -0.002824347000569105 -0.005692174192517996 0.021844709292054176
v -0.002812161110341549 -0.008274671621620655 4.488856575335376e-06
v -0.001946178963407874 -0.008408327586948872 0.0004043885273858905
v -0.002127597341313958 -0.008205397985875607 0.004043592140078545
v -0.004717972129583359 -0.007792884483933449 -0.004681192338466644
v -0.004357222933322191 -0.007944268174469471 -0.004436273127794266
v -0.004387935623526573 -0.007824196480214596 -0.0007293335511349142
v -0.00016047677490860224 -0.008542115800082684 -3.736369399121031e-05
v -0.0017516919178888202 -0.0085193095728755 -0.0022336896508932114
v -0.0016025438671931624 -0.008530768565833569 -0.0020725817885249853
v -0.0011597775155678391 -0.008553456515073776 -0.0015538616571575403
v -0.0006305173737928271 -0.008558662608265877 -0.0008292415295727551
v -0.0024543129839003086 -0.008438114076852798 -0.002925609704107046
v -0.0028950972482562065 -0.00836242362856865 -0.0033154136035591364
v -0.003993893042206764 -0.008075435645878315 -0.004177487920969725
v -0.0032480317167937756 -0.008286518976092339 -0.003607344115152955
v -0.0036276504397392273 -0.008080295287072659 -0.00037891531246714294
v -0.004363826476037502 -0.007682169321924448 0.003063127165660262
v -0.0036904120352119207 -0.007895903661847115 0.0033599233720451593
v -0.003743327921256423 -0.007680919487029314 0.006830181460827589
v -0.0050391508266329765 -0.0070770131424069405 0.01010524295270443
v -0.005293248221278191 -0.0069905053824186325 0.009329416789114475
v -0.005078447051346302 -0.007155277766287327 0.008154674433171749
v -0.0053850868716835976 -0.007016710005700588 0.007314400747418404
v -0.00515946839004755 -0.007191231474280357 0.006271434482187033
v -0.005476613063365221 -0.006999934557825327 0.006156052462756634
v -0.005555858835577965 -0.006975728552788496 0.005363282281905413
v -0.005444252863526344 -0.007165935356169939 0.002630169503390789
v -0.006363221909850836 -0.006644748616963625 -0.0019648342858999968
v -0.005803868640214205 -0.007134108804166317 -0.0034636864438652992
v -0.006323657464236021 -0.00665832357481122 -0.0014168365160003304
v -0.0057260445319116116 -0.007122117094695568 -0.0012660925276577473
v -0.00605683121830225 -0.006768901366740465 0.0012547539081424475
v -0.005928682629019022 -0.006825103424489498 0.0023006731644272804
v -0.0022942512296140194 -0.007964035496115685 0.007402895949780941
v -0.0024165583308786154 -0.007689946796745062 0.011064228601753712
v -0.0014697335427626967 -0.0054094428196549416 0.02229444496333599
v -0.0020803185179829597 -0.006148635409772396 0.0208110511302948
v -0.0022001510951668024 -0.006509116385132074 0.01962796039879322
v -0.002315572462975979 -0.006830142345279455 0.018226081505417824
v -0.0024016944225877523 -0.007106112781912088 0.016622982919216156
v -0.002443357603624463 -0.007335885893553495 0.014851500280201435
v -0.0038003723602741957 -0.007425946649163961 0.01056786347180605
v -0.0037662582471966743 -0.007102909032255411 0.014427528716623783
v -0.003668752731755376 -0.006904273759573698 0.016254838556051254
v -0.003497348865494132 -0.006674147676676512 0.017937306314706802
v -0.003274120856076479 -0.0064028725028038025 0.019442565739154816
v -0.0030384990386664867 -0.0060787079855799675 0.0207501333206892
v -0.004162393510341644 -0.005103143863379955 0.022995302453637123
v -0.004319728817790747 -0.005086295306682587 0.02299119345843792
v -0.004532951395958662 -0.005386133212596178 0.02224893681704998
v -0.004509865306317806 -0.005058309528976679 0.0229659304022789
v -0.0036969869397580624 -0.005137037485837936 0.0229262076318264
v -0.0038402811624109745 -0.005377018824219704 0.02247442491352558
v -0.003617563983425498 -0.005146355368196964 0.022910568863153458
v -0.0035430334974080324 -0.005639988929033279 0.02187635377049446
v -0.003527452005073428 -0.005159453954547644 0.022891944274306297
v -0.0029447886627167463 -0.005215099547058344 0.02278079092502594
v -0.0043385932222008705 -0.005891615990549326 0.020873725414276123
v -0.00467384047806263 -0.00574940349906683 0.02101585827767849
v -0.00474169384688139 -0.005893480032682419 0.020388973876833916
v -0.004564945586025715 -0.006173283327370882 0.01942351460456848
v -0.004858287516981363 -0.006097899749875069 0.01930483616888523
v -0.0047928765416145325 -0.006406285800039768 0.017758870497345924
v -0.004819204099476337 -0.006649749353528023 0.015904150903224945
v -0.00460035027936101 -0.006462063640356064 0.017665214836597443
v -0.004324422683566809 -0.006240338087081909 0.0192758496850729
v -0.004057961516082287 -0.005961055401712656 0.02070760726928711
v -0.0045646256767213345 -0.006711972877383232 0.01596330851316452
v -0.004345380701124668 -0.006518816575407982 0.017694886773824692
v -0.004474707879126072 -0.0064919921569526196 0.017659278586506844
v -0.004063976462930441 -0.006290530785918236 0.019270578399300575
v -0.004187500104308128 -0.006269589066505432 0.019247446209192276
v -0.003777618519961834 -0.006004914175719023 0.02067069336771965
v -0.003902462078258395 -0.005988049320876598 0.02066401205956936
v -0.005135746207088232 -0.00653070118278265 0.015964217483997345
v -0.005194082390516996 -0.006677115336060524 0.014465237967669964
v -0.0049453494139015675 -0.006817891262471676 0.014026695862412453
v -0.0052191573195159435 -0.0067686764523386955 0.013378615491092205
v -0.0052741398103535175 -0.006965596228837967 0.010065164417028427
v -0.004690900910645723 -0.00688484450802207 0.014105025678873062
v -0.0050120968371629715 -0.006327151786535978 0.017727702856063843
v -0.0047665247693657875 -0.007166306953877211 0.010205854661762714
v -0.00480932742357254 -0.0073470985516905785 0.0064027030020952225
v -0.004950519651174545 -0.007437350694090128 0.0028156451880931854
v -0.005088314414024353 -0.007505371235311031 -0.00103031937032938
v -0.005352468695491552 -0.007467750459909439 -0.005087892059236765
v -0.0059539079666137695 -0.007076917216181755 -0.005451396107673645
v -0.006504221353679895 -0.006633392535150051 -0.005764535162597895
v -0.0044901417568326 0.005061010830104351 0.022972634062170982
v -0.004322463180869818 0.005084536038339138 0.022991187870502472
v -0.004189303610473871 0.005332273431122303 0.022561300545930862
v -0.003973417915403843 0.005115023348480463 0.022973664104938507
v -0.0038606845773756504 0.0051224553026258945 0.022955214604735374
v -0.003843170590698719 0.005375516600906849 0.02247443236410618
v -0.0039056804962456226 0.0059865135699510574 0.02066400833427906
v -0.004061165731400251 0.005959436297416687 0.02070760168135166
v -0.003877736162394285 0.005596959497779608 0.02193850837647915
v -0.0041908700950443745 0.006267900113016367 0.019247455522418022
v -0.004067358560860157 0.006288908421993256 0.019270574674010277
v -0.004348883405327797 0.006517043337225914 0.01769489236176014
v -0.00294566061347723 0.00807135459035635 0.0036915773525834084
v -0.0036946560721844435 0.007894482463598251 0.003359934315085411
v -0.003747454611584544 0.007679469417780638 0.006830185651779175
v -0.0022062284406274557 0.008472017012536526 -0.0026877173222601414
v -0.002914274111390114 0.008358548395335674 -0.0033280414063483477
v -0.0028166091069579124 0.008273722603917122 4.478589744394412e-06
v -0.00619907584041357 0.006890662480145693 -0.005589825101196766
v -0.006507785525172949 0.006630458403378725 -0.0057645332999527454
v -0.00645293015986681 0.006621809676289558 -0.0036295342724770308
v -0.005807701963931322 0.007131551392376423 -0.003463678527623415
v -0.005550868343561888 0.007348613813519478 -0.005209074355661869
v -0.004938194993883371 0.007689029909670353 -0.004823213443160057
v -0.005092347506433725 0.007503197994083166 -0.0010303183225914836
v -0.0045346831902861595 0.007872448302805424 -0.004554263781756163
v -0.0015558560844510794 0.008533962070941925 -0.002014945726841688
v -2.7743079044739716e-05 0.008533436805009842 0.00023569479526486248
v -0.0004558731452561915 0.00855519063770771 -0.0005484356661327183
v -0.0019506970420479774 0.008407843299210072 0.0004043917579110712
v -0.0005992040387354791 0.008558384142816067 -0.0007748211501166224
v -0.0009759005042724311 0.008558093570172787 -0.0013110045110806823
v -0.002132007386535406 0.008204815909266472 0.004043589811772108
v -0.00023859569046180695 0.00839944463223219 0.0033140082377940416
v -8.612839155830443e-05 0.008498011156916618 0.0011877680663019419
v -0.003577682888135314 0.008202018216252327 -0.003861223114654422
v -0.0036319931969046593 0.008078906685113907 -0.0003789155452977866
v -0.004266826435923576 0.007978638634085655 -0.004368087742477655
v -0.004392142407596111 0.007822399027645588 -0.0007293447270058095
v -0.004367954097688198 0.007680385839194059 0.0030631311237812042
v -0.004813274834305048 0.007345075719058514 0.0064027030020952225
v -0.004954516422003508 0.007435251493006945 0.002815654268488288
v -0.006371456664055586 0.006640406791120768 -0.002035369398072362
v -0.0057298727333545685 0.007119601592421532 -0.0012660856591537595
v -0.006256022024899721 0.006682909093797207 -0.0005809664726257324
v -0.005448104348033667 0.00716357072815299 0.0026301660109311342
v -0.006060469429939985 0.0067662084475159645 0.001254754839465022
v -0.003294941270723939 0.00518623786047101 0.022846128791570663
v -0.0029475924093276262 0.005214078817516565 0.022780798375606537
v -0.0035460630897432566 0.0056386468932032585 0.02187635935842991
v -0.0028274066280573606 0.00569121865555644 0.02184470370411873
v -0.0037808448541909456 0.0060034459456801414 0.0206706915050745
v -0.003530224086716771 0.005158120300620794 0.022891946136951447
v -0.004195298533886671 0.005541936494410038 0.022063637152314186
v -0.004341759253293276 0.0058898464776575565 0.020873725414276123
v -0.004568262491375208 0.006171391811221838 0.01942351460456848
v -0.004676929209381342 0.005747453309595585 0.02101586014032364
v -0.004564889706671238 0.005470299627631903 0.02199999988079071
v -0.004501393064856529 0.0051336465403437614 0.02282731607556343
v -0.004512583836913109 0.00505644828081131 0.022965922951698303
v -0.004478195682168007 0.0064901490695774555 0.017659280449151993
v -0.004327776841819286 0.006238575559109449 0.019275842234492302
v -0.004603821784257889 0.00646015303209424 0.017665214836597443
v -0.004796319641172886 0.006404271349310875 0.017758864909410477
v -0.0045682331547141075 0.006710081826895475 0.015963319689035416
v -0.005163333844393492 0.007189020048826933 0.006271433550864458
v -0.005082291085273027 0.007153110112994909 0.00815468467772007
v -0.00477037625387311 0.007164306472986937 0.010205850936472416
v -0.0050429548136889935 0.007074866443872452 0.010105244815349579
v -0.004694601520895958 0.006882884539663792 0.014105022884905338
v -0.004949013702571392 0.006815795321017504 0.014026686549186707
v -0.004822778049856424 0.00664772093296051 0.015904154628515244
v -0.005056213587522507 0.006385888438671827 0.01723606511950493
v -0.004861563444137573 0.006095850840210915 0.019304843619465828
v -0.004780730698257685 0.00595964677631855 0.020057128742337227
v -0.004690485540777445 0.005777412559837103 0.020892221480607986
v -0.0038043628446757793 0.0074244653806090355 0.010567871853709221
v -0.0037700755055993795 0.007101446855813265 0.014427533373236656
v -0.0036724628880620003 0.00690286373719573 0.016254838556051254
v -0.0035009365528821945 0.006672830320894718 0.017937298864126205
v -0.0032775606960058212 0.00640167435631156 0.019442575052380562
v -0.0030417644884437323 0.006077636498957872 0.02075013890862465
v -0.001976290252059698 0.005753058474510908 0.021764378994703293
v -0.0020938413217663765 0.005295224487781525 0.022567668929696083
v -0.0017417998751625419 0.005352515261620283 0.022431446239352226
v -0.0011188555508852005 0.006079693324863911 0.020953360944986343
v -0.001112394849769771 0.006125651299953461 0.020839594304561615
v -0.0020836228504776955 0.006148078944534063 0.02081104926764965
v -0.0010780765442177653 0.006435430143028498 0.01999468356370926
v -0.002203649841248989 0.0065084961242973804 0.01962796412408352
v -0.0011420144001021981 0.005935344845056534 0.021290263161063194
v -0.0011725039221346378 0.005779965780675411 0.02161349356174469
v -0.0012585922377184033 0.005459090694785118 0.022160030901432037
v -0.0010678217513486743 0.006553789600729942 0.019626405090093613
v -0.0010498068295419216 0.006782493554055691 0.018823470920324326
v -0.002319242339581251 0.006829459685832262 0.01822608895599842
v -0.001042839023284614 0.006870335433632135 0.018476523458957672
v -0.0024055144749581814 0.0071053835563361645 0.01662297174334526
v -0.0010215466609224677 0.0070988950319588184 0.017437219619750977
v -0.0009859668789431453 0.007343190256506205 0.016002235934138298
v -0.0024473003577440977 0.007335134316235781 0.01485149934887886
v -0.0009644946549087763 0.007445741910487413 0.015264168381690979
v -0.002420693403109908 0.007689209189265966 0.011064218357205391
v -0.0008489813189953566 0.00777633348479867 0.012135909870266914
v -0.0022985327523201704 0.007963364943861961 0.007402883842587471
v -0.0006984101491980255 0.00800284929573536 0.009241248480975628
v -0.00035487470449879766 0.008316762745380402 0.00475086597725749
v -0.005139255430549383 0.00652850279584527 0.015964210033416748
v -0.005222795531153679 0.006766433361917734 0.01337861642241478
v -0.0052530779503285885 0.006897793151438236 0.011436105705797672
v -0.005342884920537472 0.0070117199793457985 0.00813260581344366
v -0.005388856399804354 0.007014377508312464 0.007314396556466818
v -0.005611417815089226 0.006954990327358246 0.004895101301372051
v -0.005903699900954962 0.006834992673248053 0.002527795033529401
v 0.004221882671117783 0.007897171191871166 0.0007520941435359418
v 0.003138334024697542 0.00799605529755354 0.0038809473626315594
v 0.003987260162830353 0.007735076360404491 0.004099727608263493
v 0.004813876003026962 0.007401282899081707 0.004299755673855543
v 0.005143011454492807 0.007502816151827574 0.0015673195011913776
v 0.005608255974948406 0.006989030167460442 0.004481825046241283
v 0.006074863951653242 0.006962168030440807 0.002358761616051197
v 0.0063604735769331455 0.0064926752820611 0.004646684508770704
v 0.007012747693806887 0.006222842261195183 0.003086039097979665
v 0.009145024232566357 0.0027917155530303717 0.005215339828282595
v 0.009196853265166283 0.0029138741083443165 0.004608761053532362
v 0.008620470762252808 0.004160531330853701 0.004200921393930912
v 0.009693239815533161 0.0007808036170899868 0.004986628424376249
v 0.009622165001928806 0.000949759385548532 0.005306253209710121
v 0.009583630599081516 0.0015279793879017234 0.0048989662900567055
v -0.0006539966561831534 0.005480767227709293 0.021842408925294876
v -0.0004253143270034343 0.005869411863386631 0.021064650267362595
v -0.00024053426750469953 0.006263520568609238 0.02010933682322502
v -0.0004211666528135538 0.007332283537834883 0.01604892872273922
v 5.4034320783102885e-05 0.006978292018175125 0.01765623316168785
v 0.0014132547657936811 0.008322145789861679 0.003384121460840106
v 4.372544935904443e-05 0.008527617901563644 0.000391692272387445
v 0.007347745355218649 0.003470449708402157 0.011258545331656933
v 0.006872774101793766 0.0042474535293877125 0.011155341751873493
v 0.005981898866593838 0.004076102748513222 0.014126351103186607
v 0.008120249956846237 0.003575475187972188 0.008295168168842793
v 0.00875068362802267 0.0036609522067010403 0.005138426087796688
v 0.007635532412678003 0.004374893847852945 0.008192862384021282
v 0.008265387266874313 0.004478465300053358 0.00504200579598546
v 0.007074877619743347 0.005111822858452797 0.008071127347648144
v 0.007698803208768368 0.005231332965195179 0.004927191883325577
v 0.006449860520660877 0.005773771554231644 0.007931177504360676
v 0.007060603704303503 0.005906632635742426 0.004795082379132509
v 0.00577182974666357 0.006349409930408001 0.007774115074425936
v 0.006329337600618601 0.0049644955433905125 0.011034044437110424
v 0.005730947479605675 0.005609589163213968 0.010896416381001472
v 0.005090596619993448 0.006171834655106068 0.010744133964180946
v 0.004416572395712137 0.006650214549154043 0.010578117333352566
v 0.005475193727761507 0.004766581114381552 0.014016303233802319
v 0.004924255423247814 0.005389248486608267 0.013898217119276524
v 0.004343015607446432 0.005933791399002075 0.013775451108813286
v 0.0037380957510322332 0.006398985628038645 0.013648186810314655
v 0.003112212987616658 0.006788470782339573 0.013514917343854904
v -0.0002378616773057729 0.0077286940068006516 0.012705625966191292
v 0.00045262087951414287 0.007662832736968994 0.012891395017504692
v 0.0007426323718391359 0.007934660650789738 0.009559216909110546
v 0.001135560218244791 0.007539486978203058 0.013063792139291763
v 0.0022500078193843365 0.007625087164342403 0.010002573020756245
v 0.0018082638271152973 0.0073550548404455185 0.013224218040704727
v 0.002990537090227008 0.0073725199326872826 0.01020684465765953
v 0.0024680420756340027 0.007105933036655188 0.013374106027185917
v 0.003714638762176037 0.007049003150314093 0.010398863814771175
v 0.0010744184255599976 0.008148166351020336 0.006497429218143225
v 0.0027051977813243866 0.007830767892301083 0.006984496023505926
v 0.003508566180244088 0.007573700975626707 0.007205452304333448
v 0.004292947705835104 0.007244432345032692 0.007410925347357988
v 0.005050112493336201 0.0068379915319383144 0.007600603625178337
v 0.0009000122081488371 0.0037924100179225206 0.02222859114408493
v 0.00037596613401547074 0.0044911871664226055 0.02214967831969261
v -2.9291204555192962e-05 0.003838719567283988 0.02289176546037197
v -0.0005666627548635006 0.0046371459029614925 0.022699635475873947
v -0.00048376910854130983 0.004520111251622438 0.02274063602089882
v -0.00034490652615204453 0.004318477585911751 0.022799456492066383
v -0.00015456389519385993 0.004032471217215061 0.02286125160753727
v -0.00013651374320033938 0.005051041021943092 0.02202131412923336
v -0.0008893152698874474 0.005060658790171146 0.02249484322965145
v 0.001615172834135592 0.0010718748671934009 0.02283693663775921
v 0.0018201313214376569 0.0007118982612155378 0.02275642566382885
v 0.002438625320792198 0.0009655551984906197 0.022210650146007538
v 0.0018596414010971785 0.0006421540165320039 0.022737635299563408
v 0.0026054764166474342 0.00047948575229384005 0.0221527349203825
v 0.003248432418331504 0.0005806775880046189 0.02149900048971176
v 0.003960052505135536 0.00065684097353369 0.020661527290940285
v 0.001427690265700221 0.0013990093721076846 0.022890564054250717
v 0.0019832628313452005 0.001962959999218583 0.022281568497419357
v 0.001330218743532896 0.001568359904922545 0.02291211113333702
v 0.0014466496650129557 0.002935237716883421 0.022277820855379105
v 0.0008581918082199991 0.0023795480374246836 0.022963466122746468
v 0.0004741100128740072 0.00302531523630023 0.022956162691116333
v 0.00017064460553228855 0.0061074537225067616 0.020168239250779152
v 0.00023908636649139225 0.005482146050781012 0.02119680866599083
v 0.0005655623390339315 0.005907434970140457 0.02022208459675312
v 0.0008669107337482274 0.00494392728433013 0.02129933051764965
v 0.001316711655817926 0.005374302621930838 0.020311392843723297
v 0.0014804090606048703 0.004236773122102022 0.021377088502049446
v 0.0020333994179964066 0.004643541295081377 0.0203922837972641
v 0.0020926601719111204 0.0033389669843018055 0.02145061269402504
v 0.002729969099164009 0.00369330239482224 0.020488135516643524
v 0.00266273133456707 0.0022877368610352278 0.021505581215023994
v 0.003358144313097 0.0025570960715413094 0.020585330203175545
v 0.003108845790848136 0.001157919643446803 0.02151106484234333
v 0.0038237448316067457 0.0013059326447546482 0.02064802683889866
v 0.00433697085827589 0.002115657553076744 0.019582871347665787
v 0.004558910150080919 0.00142508780118078 0.019626619294285774
v 0.005275011528283358 0.0015210254350677133 0.01846546307206154
v 0.004703193437308073 0.0007175549981184304 0.019655006006360054
v 0.005431413650512695 0.0007661507115699351 0.0185014046728611
v 0.006716742645949125 0.0008369442075490952 0.015852080658078194
v 0.007271505426615477 0.0008622384630143642 0.014411875046789646
v 0.008226758800446987 0.0008995127282105386 0.011441916227340698
v 0.009003031067550182 0.0009271888993680477 0.008473405614495277
v 0.005937439855188131 0.0015985611826181412 0.017184987664222717
v 0.006104812026023865 0.0008053748751990497 0.01722467876970768
v 0.009438742883503437 0.0018836773233488202 0.005271662957966328
v 0.00851745530962944 0.0027260573115199804 0.008376827463507652
v 0.008815573528409004 0.0018391315825283527 0.008436639793217182
v 0.0077407401986420155 0.002645467408001423 0.011341875419020653
v 0.008038248866796494 0.001784494030289352 0.011403596960008144
v 0.00680366950109601 0.0025369597133249044 0.014307399280369282
v 0.007089225109666586 0.0017109018517658114 0.014371035620570183
v 0.006266138982027769 0.0024632862769067287 0.015748009085655212
v 0.006540778558701277 0.0016609423328191042 0.01581098511815071
v 0.00567721389234066 0.0023712781257927418 0.01712489128112793
v 0.004052268341183662 0.002780689625069499 0.019527114927768707
v 0.003940102178603411 0.004254778381437063 0.018188631162047386
v 0.003349832957610488 0.003998368047177792 0.01939760334789753
v 0.003048239042982459 0.005314973648637533 0.018045786768198013
v 0.002556480932980776 0.0050051272846758366 0.01927979476749897
v 0.0025840827729552984 0.005743829999119043 0.017985979095101357
v 0.001728162751533091 0.0057667894288897514 0.019187550991773605
v 0.0021077306009829044 0.0061079696752130985 0.01792946457862854
v 0.0012975696008652449 0.006062157452106476 0.019142527133226395
v 0.001617843983694911 0.006410570815205574 0.017872024327516556
v 0.0008532205247320235 0.0063048237934708595 0.019093096256256104
v 0.0011130862403661013 0.006654798984527588 0.01780952513217926
v 0.0003930654493160546 0.0064972639083862305 0.019036611542105675
v 0.0005922033451497555 0.006843342445790768 0.017738457769155502
v -8.475921640638262e-05 0.006640727166086435 0.018971962854266167
v 0.004938817583024502 0.003814356168732047 0.016963547095656395
v 0.004719942342489958 0.002964259358122945 0.01834355853497982
v 0.005032846704125404 0.0022568926215171814 0.018411297351121902
v 0.005339332856237888 0.0031133070588111877 0.017049333080649376
v 0.005907943472266197 0.0032331692054867744 0.01566767692565918
v 0.006429636850953102 0.0033291250001639128 0.014224623329937458
v 0.004490423947572708 0.004464030731469393 0.016873031854629517
v 0.004008892457932234 0.005051926244050264 0.01678338088095188
v 0.003507964313030243 0.005568547174334526 0.016699522733688354
v 0.002992319641634822 0.0060126762837171555 0.016620736569166183
v 0.0024617863819003105 0.006387520115822554 0.016543248668313026
v 0.0019161461386829615 0.006696328520774841 0.01646331325173378
v 0.0013551843585446477 0.006942345295101404 0.016377117484807968
v 0.0007787270587868989 0.007128560449928045 0.01628129556775093
v 0.00018664903473109007 0.007257653865963221 0.0161728672683239
v 0.00788637064397335 0.005270826630294323 0.003699477529153228
v -0.0018152757547795773 -0.004300206433981657 0.014166704379022121
v -0.0016711732605472207 -0.0043001677840948105 0.013831151649355888
v -0.0015475476393476129 -0.004300134722143412 0.013559272512793541
v 0.00039772241143509746 -0.004299611784517765 0.01015731506049633
v -0.00039228086825460196 -0.004299824126064777 0.01140286959707737
v -0.0011237500002607703 -0.004300020635128021 0.012704795226454735
v -0.001415103324688971 -0.004300098866224289 0.013280907645821571
v -0.0012738376390188932 -0.004300061147660017 0.012996086850762367
v -0.002666572341695428 -0.004300435073673725 0.01359992939978838
v 0.002415965311229229 -0.0033624586649239063 0.007469829171895981
v -0.00022367532073985785 -0.0030997784342616796 0.006860026158392429
v -0.004668293055146933 0.0020990269258618355 0.014482750557363033
v -0.004582724068313837 0.002678316319361329 0.014444914646446705
v -0.004279842134565115 0.003284009639173746 0.014311138540506363
v -0.003358840709552169 -0.004177004098892212 0.013905497267842293
v -0.004080943763256073 -0.003715028753504157 0.014224184677004814
v -0.004543307237327099 -0.0029931736644357443 0.01442817784845829
v -0.004667110741138458 -0.002300972817465663 0.014482750557363033
v -0.002779862843453884 0.0020189157221466303 0.019310105592012405
v -0.0027901320718228817 0.0021986381616443396 0.019737567752599716
v -0.0027803743723779917 0.0020137422252446413 0.019300920888781548
v -0.002789264777675271 -0.00219957297667861 0.019737550988793373
v -0.002781309187412262 -0.002065508160740137 0.019398268312215805
v -0.0027860980480909348 -0.0021361559629440308 0.019557584077119827
v -0.0027750420849770308 -0.0019514100858941674 0.019193096086382866
v -0.0027747442945837975 -0.0019289928022772074 0.01915799453854561
v -0.002768832491710782 -0.001834558555856347 0.019023440778255463
v -0.002762284828349948 -0.0016867880476638675 0.018847234547138214
v -0.0027533904649317265 -0.0015199900371953845 0.018684599548578262
v -0.0027474425733089447 -0.0013555012410506606 0.018552856519818306
v -0.0027457380201667547 -0.0013134703040122986 0.018522925674915314
v -0.002737883012741804 -0.001142000430263579 0.018414411693811417
v -0.0027339437510818243 -0.0009841936407610774 0.018332310020923615
v -0.0027253057342022657 -0.0007204057765193284 0.018226899206638336
v -0.002723479410633445 -0.0005673336563631892 0.018182259052991867
v -0.0027217238675802946 -0.0004630829207599163 0.018158309161663055
v -0.002718193456530571 -0.00029172064387239516 0.018129659816622734
v -0.0027183527126908302 -0.00010044882219517604 0.018113479018211365
v -0.002717391587793827 0.0001711818331386894 0.018117636442184448
v -0.002719020703807473 0.00020925853459630162 0.018120890483260155
v -0.002721944823861122 0.0004621861735358834 0.018158309161663055
v -0.002723600249737501 0.0006268808501772583 0.018198486417531967
v -0.002725266618654132 0.0006421587895601988 0.018202895298600197
v -0.0027355754282325506 0.0010586308781057596 0.018369439989328384
v -0.0027372257318347692 0.0010677666869014502 0.01837441511452198
v -0.0027657647151499987 0.0017557790270075202 0.018925998359918594
v -0.0027451764326542616 0.0013125729747116566 0.018522918224334717
v -0.0027498635463416576 0.0014226344646885991 0.018604405224323273
v -0.002752215601503849 0.0014510973123833537 0.018627213314175606
v -0.0027660741470754147 0.0017467518337070942 0.01891556940972805
v -0.0027928610797971487 0.0021389457397162914 0.02125796489417553
v -0.002796496730297804 0.0022648905869573355 0.02081000804901123
v -0.0027818770613521338 -0.001744066714309156 0.021911732852458954
v -0.0027895423118025064 -4.6814560050734144e-07 0.01973756216466427
v -0.0027926049660891294 0.0022397651337087154 0.019889594987034798
v -0.002793200546875596 -0.002191574778407812 0.02111160196363926
v -0.0027967109344899654 0.0022995786275714636 0.020347030833363533
v -0.002794623840600252 -0.0022909636609256268 0.020193535834550858
v -0.0027957777492702007 -0.0022881843615323305 0.020653672516345978
v -0.0027881229761987925 -0.0020089915487915277 0.02153516374528408
v -0.00277968542650342 -0.0016365201445296407 0.022027887403964996
v -0.0027805643621832132 0.0016355890547856688 0.022027889266610146
v -0.0027871811762452126 0.0019298956030979753 0.021664338186383247
v -0.002773211570456624 -0.001244077691808343 0.022346103563904762
v -0.002775016939267516 0.0013204463757574558 0.022294173017144203
v -0.002768496749922633 -0.0008092278148978949 0.022564450278878212
v -0.0027659344486892223 -0.0003611795837059617 0.022682901471853256
v -0.0027655409649014473 -5.046160367783159e-05 0.022710757330060005
v -0.0027655570302158594 -4.616802016244037e-07 0.022711314260959625
v -0.002770012244582176 0.000923215236980468 0.022517677396535873
v -0.0027665814850479364 0.0004633047210518271 0.022664133459329605
v 0.00971836969256401 0.0007386450306512415 0.004572019446641207
v 0.009753808379173279 2.903009090005071e-06 0.004604454152286053
v 0.00968868937343359 2.8852095965703484e-06 0.004193972796201706
v 0.007202086504548788 0.00605339091271162 0.0027161745820194483
v 0.008020867593586445 0.005116528831422329 0.0033119742292910814
v 0.008077331818640232 0.0049073537811636925 0.0029310123063623905
v 0.006319470703601837 0.0067915525287389755 0.002008922165259719
v 0.006179588846862316 0.006769497878849506 0.001389823853969574
v 0.00542192067950964 0.007349059451371431 0.0012351663317531347
v 0.005644448567181826 0.0071068392135202885 0.000913328374736011
v 0.00731869088485837 0.005815350450575352 0.0023541224654763937
v 0.0070956675335764885 0.006034008227288723 0.0021738153882324696
v 0.0064980085007846355 0.006539572030305862 0.0016684056026861072
v 0.009259738959372044 0.0027977603022009134 0.004200390074402094
v 0.009161492809653282 0.0028612439054995775 0.0037378226406872272
v 0.008716252632439137 0.004022158682346344 0.003800890175625682
v 0.008728581480681896 0.003841250203549862 0.003406648524105549
v 0.008301527239382267 0.004578027408570051 0.003094729967415333
v 0.009657144546508789 0.0006887695053592324 0.004162093624472618
v 0.009625799022614956 0.000976736773736775 0.004131651483476162
v 0.00961905438452959 0.0014533172361552715 0.004485699348151684
v 0.00956736784428358 0.0013634691713377833 0.004077256191521883
v 0.009235917590558529 0.002652226248756051 0.003797270590439439
v 0.005648310761898756 -0.007103050127625465 0.0009134090505540371
v 0.0061832270585000515 -0.006765611935406923 0.0013898229226469994
v 0.006501622498035431 -0.006535071413964033 0.0016685540322214365
v 0.00873132236301899 -0.0038341570179909468 0.0034095190931111574
v 0.008303642272949219 -0.004572909791022539 0.0030964482575654984
v 0.008080518804490566 -0.004901022184640169 0.0029326786752790213
v 0.007321964018046856 -0.005810213275253773 0.00235432549379766
v 0.0070986077189445496 -0.0060294633731245995 0.0021736915223300457
v 0.009237096644937992 -0.0026457521598786116 0.00379751599393785
v 0.009162858128547668 -0.0028547709807753563 0.0037381299771368504
v 0.009657980874180794 -0.0006816324312239885 0.004164151847362518
v 0.00962675642222166 -0.0009711503516882658 0.004134670831263065
v 0.009568982757627964 -0.0013547939015552402 0.004081423394382
v 0.008024686947464943 -0.005109978374093771 0.0033136934507638216
v 0.007205589674413204 -0.006048141047358513 0.002716404153034091
v 0.005425944458693266 -0.0073453388176858425 0.0012352494522929192
v 0.006323297042399645 -0.0067870281636714935 0.0020090830512344837
v 0.00971989706158638 -0.000731275009457022 0.004574134014546871
v 0.00926120299845934 -0.0027910000644624233 0.004200647119432688
v 0.009621905162930489 -0.0014441629173234105 0.004489977844059467
v 0.00871988758444786 -0.004014821723103523 0.0038038373459130526
v 6.159496115287766e-05 -0.0015492761740460992 0.023656640201807022
v -0.00279229786247015 0.0005085340817458928 0.02475767396390438
v -0.003760184859856963 -7.291279757737357e-07 0.024987956508994102
v -0.0027496800757944584 -0.0005374453612603247 0.024745838716626167
v -0.00012616165622603148 0.0025566418189555407 0.023491932079195976
v -0.00040409539360553026 0.0023384641390293837 0.023697713389992714
v 6.076339559513144e-05 0.0015498719876632094 0.02365664765238762
v -0.0001247879263246432 -0.0025561461225152016 0.02349192649126053
v -0.00040283877751789987 -0.0023381183855235577 0.023697715252637863
v -0.0007494452875107527 -0.002067180350422859 0.02392161823809147
v 0.000607005727943033 0.0007514363969676197 0.02350827306509018
v -0.00015393862850032747 2.4021295530474163e-07 0.02391231060028076
v -0.0008355067693628371 0.0007887711399234831 0.02414616383612156
v -0.0007505554240196943 0.0020673396065831184 0.023921620100736618
v -0.0013520191423594952 -0.0015851110219955444 0.02423740364611149
v -0.000835083017591387 -0.0007886576349847019 0.02414615824818611
v -0.0018887945916503668 -0.0011598365381360054 0.024461958557367325
v -0.0017016271594911814 -1.7587477429970022e-07 0.024469144642353058
v -0.0013528724666684866 0.0015849466435611248 0.02423739992082119
v -0.0014929322060197592 0.001470846706070006 0.024300044402480125
v -0.0020802179351449013 0.00036679947515949607 0.024573342874646187
v -0.0024280284997075796 0.0007604536367580295 0.024649495258927345
v -0.0025335606187582016 -3.9926158024172764e-07 0.02470317669212818
v 0.0012070175725966692 6.057918540136598e-07 0.02321355603635311
v 0.0006074103876017034 -0.0007505468092858791 0.02350827120244503
v -0.006733522284775972 -0.0015543005429208279 0.024741506204009056
v -0.006876061670482159 -0.0015828252071514726 0.024555137380957603
v -0.00669076107442379 -0.002042341511696577 0.024478347972035408
v -0.006413560826331377 -0.0022947790566831827 0.024600738659501076
v -0.006148488260805607 -0.0030450744088739157 0.02421087585389614
v -0.004769159946590662 -0.0003900367591995746 0.025164980441331863
v -0.0047651417553424835 -9.98933160190063e-07 0.025166943669319153
v -0.005389154888689518 -1.1668029173961258e-06 0.025245171040296555
v -0.003526862943544984 -0.005017327610403299 0.023117121309041977
v -0.003537028795108199 -0.004866808652877808 0.023327218368649483
v -0.004381545353680849 -0.002951839240267873 0.024756208062171936
v -0.005141653120517731 -0.002922584069892764 0.02476775459945202
v -0.0041574398055672646 -0.0035890520084649324 0.024457959458231926
v -0.004776231478899717 -0.003564138663932681 0.02446925826370716
v -0.003943578340113163 -0.004170824773609638 0.024060629308223724
v -0.004427539650350809 -0.004149428103119135 0.024079682305455208
v -0.003777561243623495 -0.004689404740929604 0.023553581908345222
v -0.004143157973885536 -0.004669798072427511 0.023585626855492592
v -0.004723411984741688 -0.001533023314550519 0.025096731260418892
v -0.00525824585929513 -0.0015139858005568385 0.025148490443825722
v -0.004578393884003162 -0.0022637126967310905 0.02496551163494587
v -0.005479272920638323 -0.0022339571733027697 0.02498745732009411
v -0.005408216267824173 -0.0007638782262802124 0.025227028876543045
v -0.004772482439875603 -0.0007754621910862625 0.025155866518616676
v -0.005756750237196684 -0.0015096113784238696 0.025136159732937813
v -0.005882800556719303 -0.0022409982047975063 0.024900630116462708
v -0.005505520850419998 -0.002930072136223316 0.02468843385577202
v -0.005807641427963972 -0.0029546695295721292 0.024554815143346786
v -0.005363805685192347 -0.0035934082698076963 0.024288155138492584
v -0.007042757235467434 -0.0010305336909368634 0.024617483839392662
v -0.006946908310055733 -0.0007851363625377417 0.024823902174830437
v -0.0070932540111243725 -0.0007996801869012415 0.02463490702211857
v -0.006873969454318285 -1.565786988066975e-06 0.024977250024676323
v -0.007172496058046818 -1.6460260212625144e-06 0.024660304188728333
v -0.0062958369962871075 -1.4105623904470121e-06 0.025204351171851158
v -0.006729481276124716 -0.0007724048336967826 0.024991706013679504
v -0.006519202142953873 -0.0015302143292501569 0.024906501173973083
v -0.006391637492924929 -0.0007643997087143362 0.025133315473794937
v -0.005944797303527594 -0.0007614392088726163 0.025220513343811035
v -0.006187687162309885 -0.0015150108374655247 0.025047721341252327
v -0.006202696822583675 -0.0022619706578552723 0.024761654436588287
v -0.0060161021538078785 -0.0029922493267804384 0.02439877577126026
v -0.00557295186445117 -0.0036318970378488302 0.024134928360581398
v -0.005446129012852907 -0.004021357279270887 0.02378985285758972
v -0.005126798525452614 -0.004196926485747099 0.023817000910639763
v -0.004802844021469355 -0.00471840612590313 0.023326274007558823
v -0.004555471241474152 -0.004667495843023062 0.023523904383182526
v -0.004832865670323372 -0.004687135573476553 0.023352909833192825
v -0.004924203269183636 -0.004167191218584776 0.023951608687639236
v -0.003964720293879509 -0.0005990478093735874 0.025022661313414574
v -0.0038972473703324795 -7.658489380446554e-07 0.02501589246094227
v -0.00392208993434906 -0.002835556399077177 0.024728041142225266
v -0.0037810534704476595 -0.0036205120850354433 0.024400005117058754
v -0.0036342679522931576 -0.004285912029445171 0.023943113163113594
v -0.004013748839497566 -0.0015811666380614042 0.024975229054689407
v -0.004002800211310387 0.0019238658715039492 0.02493184059858322
v -0.0038944578263908625 0.003032938577234745 0.024661509320139885
v -0.004383132327347994 0.002950046444311738 0.024756209924817085
v -0.007129094563424587 0.0005867863656021655 0.024646665900945663
v -0.004878940060734749 0.004639958962798119 0.023389939218759537
v -0.005574902519583702 0.00362946349196136 0.02413492277264595
v -0.005365736782550812 0.0035910881124436855 0.02428816258907318
v -0.0049264440312981606 0.004165107384324074 0.02395159937441349
v -0.004145668353885412 0.004668133798986673 0.023585623130202293
v -0.005408626515418291 0.0007615347858518362 0.025227030739188194
v -0.0047728996723890305 0.0007734597311355174 0.02515585534274578
v -0.0047242362052202225 0.0015310475137084723 0.02509673871099949
v -0.003871056716889143 0.00023510995379183441 0.025009823963046074
v -0.0059452056884765625 0.000758807291276753 0.025220515206456184
v -0.004769369028508663 0.00038803633651696146 0.025164974853396416
v -0.005757561419159174 0.0015070802764967084 0.02513616345822811
v -0.005480473395437002 0.0022315746173262596 0.024987461045384407
v -0.004579612519592047 0.0022618139628320932 0.024965502321720123
v -0.005143225193023682 0.0029203833546489477 0.02476775273680687
v -0.004159367643296719 0.003587380051612854 0.024457966908812523
v -0.0037282004486769438 0.0038687707856297493 0.02425212226808071
v -0.00394582049921155 0.004169267602264881 0.024060619994997978
v -0.0036515058018267155 0.004214607644826174 0.024001382291316986
v -0.003780081868171692 0.004687936510890722 0.023553580045700073
v -0.0035807036329060793 0.004571148660033941 0.023672012612223625
v -0.004429769702255726 0.004147610627114773 0.024079686030745506
v -0.004778149072080851 0.0035621337592601776 0.024469247087836266
v -0.004557979758828878 0.004665609449148178 0.023523900657892227
v -0.00526953162625432 0.0042268093675374985 0.023672912269830704
v -0.00565842492505908 0.003753941273316741 0.023922409862279892
v -0.006360942497849464 0.0026909783482551575 0.024322673678398132
v -0.006017710547894239 0.002989578526467085 0.02439878135919571
v -0.006414793431758881 0.002291894517838955 0.024600733071565628
v -0.006552340928465128 0.002333279000595212 0.02441558986902237
v -0.006734355352818966 0.001551243825815618 0.024741513654589653
v -0.006864932831376791 0.0016128842253237963 0.024550393223762512
v -0.006947327870875597 0.0007819653837941587 0.024823907762765884
v -0.0067298938520252705 0.0007693505613133311 0.024991709738969803
v -0.006520022638142109 0.0015272725140675902 0.02490650676190853
v -0.006203913129866123 0.0022591997403651476 0.02476164512336254
v -0.005809228401631117 0.0029521104879677296 0.024554817005991936
v -0.004002662841230631 0.0009063949692063034 0.025019440799951553
v -0.005507095716893673 0.002927674911916256 0.02468843385577202
v -0.005884004756808281 0.0022383988834917545 0.024900631979107857
v -0.006188500672578812 0.001512247952632606 0.025047725066542625
v -0.0063920458778738976 0.0007615269278176129 0.025133317336440086
v -0.008626892231404781 0.000890826340764761 0.012870722450315952
v -0.008561651222407818 0.0011735387379303575 0.01285874005407095
v -0.00849012192338705 0.0015537231229245663 0.012870651669800282
v -0.008691377937793732 0.00020298839081078768 0.012894968502223492
v -0.008691300638020039 0.00019817995780613273 0.012895350344479084
v -0.008626864291727543 0.0001979968074010685 0.012851420789957047
v -0.008690381422638893 0.00022994707978796214 0.012894178740680218
v -0.008550053462386131 0.0001979834632948041 0.01283632405102253
v -0.008491371758282185 0.001165124587714672 0.012845546007156372
v -0.008432440459728241 0.0015639282064512372 0.012863526120781898
v -0.008349434472620487 0.0020278210286051035 0.012907478958368301
v -0.008315055631101131 0.0021289882715791464 0.012921196408569813
v -0.005241837818175554 0.005622090771794319 0.020262882113456726
v -0.005303258541971445 0.005648401100188494 0.01998625323176384
v -0.0049622030928730965 0.005691651254892349 0.019223006442189217
v -0.005609565880149603 0.005704096984118223 0.018621232360601425
v -0.00477610994130373 0.005704899784177542 0.01843300275504589
v -0.005719599314033985 0.005705011542886496 0.01808946765959263
v -0.005056280177086592 0.005685193929821253 0.017380831763148308
v -0.005894012749195099 0.005680626258254051 0.017219970002770424
v -0.0053326948545873165 0.005606543738394976 0.01636333204805851
v -0.00607833219692111 0.00560497771948576 0.016375165432691574
v -0.005424341186881065 0.005556411575525999 0.016046982258558273
v -0.006245325319468975 0.005490479059517384 0.015746066346764565
v -0.0056492481380701065 0.005371435545384884 0.015364088118076324
v -0.006405312567949295 0.005345495417714119 0.015283256769180298
v -0.0056932163424789906 0.005325022619217634 0.015250228345394135
v -0.006579264998435974 0.005155980121344328 0.014922513626515865
v -0.005949188023805618 0.005002124700695276 0.014709831215441227
v -0.006710220593959093 0.004996875766664743 0.014715398661792278
v -0.006040564272552729 0.004871318582445383 0.014552908949553967
v -0.006824602372944355 0.004850785247981548 0.014541387557983398
v -0.0062594641931355 0.00453169085085392 0.014205563813447952
v -0.007192777469754219 0.0043352157808840275 0.0140190739184618
v -0.00771778030321002 0.0034658974036574364 0.013373425230383873
v -0.006795564200729132 0.003466016612946987 0.013374965637922287
v -0.007517966441810131 0.003818294033408165 0.013601355254650116
v -0.006733676418662071 0.003612459870055318 0.013463626615703106
v -0.00648684985935688 0.004129654262214899 0.0138435959815979
v -0.007819660939276218 0.0032732377294451 0.013269593939185143
v -0.007130519952625036 0.002488515805453062 0.012988438829779625
v -0.006842415314167738 0.0033496979158371687 0.013310358859598637
v -0.008070140145719051 0.0027485392056405544 0.013061453588306904
v -0.008134838193655014 0.0025977829936891794 0.013018196448683739
v -0.007344710640609264 0.0015093940310180187 0.012860054150223732
v -0.008291601203382015 0.0021946958731859922 0.012931965291500092
v -0.007444113492965698 0.00019828080257866532 0.012836315669119358
v -0.006612512283027172 9.85044680419378e-05 0.02310914918780327
v -0.006741686724126339 9.846993634710088e-05 0.023255327716469765
v -0.005392513237893581 -0.005153544247150421 0.020771346986293793
v -0.005961637012660503 -0.0026764050126075745 0.022136829793453217
v -0.005763481371104717 -0.0031403962057083845 0.02173314243555069
v -0.005539197474718094 -0.0036172803957015276 0.02118695341050625
v -0.00539330905303359 -0.003909376449882984 0.02077273651957512
v -0.005328130908310413 -0.004035877529531717 0.020571528002619743
v -0.005180245731025934 -0.005242615006864071 0.02007804438471794
v -0.005106045864522457 -0.004449623171240091 0.019809523597359657
v -0.00506615499034524 -0.005273511167615652 0.019661111757159233
v -0.004871443845331669 -0.00485254405066371 0.01888185366988182
v -0.004876233171671629 -0.005302034318447113 0.018901212140917778
v -0.0048255533911287785 -0.005121093709021807 0.018686743453145027
v -0.004839399829506874 -0.0052935038693249226 0.018746376037597656
v -0.0047777085565030575 -0.005149382632225752 0.01847831904888153
v -0.004791462793946266 -0.005214859265834093 0.018538814038038254
v -0.004818348214030266 -0.005272042937576771 0.01865583285689354
v -0.00481258612126112 -0.0049486830830574036 0.018626483157277107
v -0.004785810597240925 -0.0050075664184987545 0.018513793125748634
v -0.004776483401656151 -0.00505920359864831 0.018472827970981598
v -0.004774629138410091 -0.0051034982316195965 0.01846470683813095
v -0.006170297972857952 -0.0021158787421882153 0.022497549653053284
v -0.0055921743623912334 -0.0050941468216478825 0.015746910125017166
v -0.005320340860635042 -0.005263557191938162 0.016936328262090683
v -0.005265704356133938 -0.00527873495593667 0.01719057746231556
v -0.005797669757157564 -0.004855612758547068 0.0150949377566576
v -0.005731580778956413 -0.004940450191497803 0.015277565456926823
v -0.006807208526879549 -0.0048224711790680885 0.015035955235362053
v -0.005839100107550621 -0.004799231421202421 0.014993393793702126
v -0.006999993231147528 -0.004572373814880848 0.014667687937617302
v -0.006089892238378525 -0.004422858823090792 0.0144973024725914
v -0.006174291949719191 -0.004285710863769054 0.01435255166143179
v -0.007273358292877674 -0.004174725618213415 0.014242423698306084
v -0.006473564077168703 -0.0037512858398258686 0.01385868713259697
v -0.007534812204539776 -0.003753212746232748 0.013861232437193394
v -0.006642717402428389 -0.0034020410384982824 0.013589202426373959
v -0.007654316257685423 -0.0035458176862448454 0.013694006018340588
v -0.0066674561239778996 -0.003347311867401004 0.013550667092204094
v -0.0076806917786598206 -0.0034986704122275114 0.01365770772099495
v -0.006820638198405504 -0.002983237849548459 0.013323701918125153
v -0.007909795269370079 -0.002992884488776326 0.013329093344509602
v -0.006882126908749342 -0.0028227667789906263 0.013241088017821312
v -0.006963564548641443 -0.0025944493245333433 0.013142704963684082
v -0.008090529590845108 -0.0025045094080269337 0.01311076432466507
v -0.007120524533092976 -0.0020897467620670795 0.012989922426640987
v -0.008179771713912487 -0.0022260555997490883 0.013023746199905872
v -0.00822038296610117 -0.002088237786665559 0.012989100068807602
v -0.008250722661614418 -0.0019797692075371742 0.012965341098606586
v -0.007233751472085714 -0.0016476147575303912 0.012909524142742157
v -0.008392623625695705 -0.0013760941801592708 0.012879527173936367
v -0.00735274376347661 -0.0010395835852250457 0.01285356655716896
v -0.008503376506268978 -0.0006508278893306851 0.012844257988035679
v -0.007438786793500185 -0.0002029942552326247 0.012836377136409283
v -0.007409006357192993 -0.0006127771339379251 0.012839219532907009
v -0.008651651442050934 -0.0006804054137319326 0.012913770973682404
v -0.008575201034545898 -0.0007691085338592529 0.012865631841123104
v -0.008688440546393394 -0.00024328043218702078 0.012907996773719788
v -0.008693859912455082 9.886870248010382e-05 0.01289922185242176
v -0.008392490446567535 -0.0017589557683095336 0.012943705543875694
v -0.00825684517621994 -0.002244611270725727 0.013046059757471085
v -0.007686686236411333 -0.0034879359882324934 0.013649122789502144
v -0.008639326319098473 -0.0007757613784633577 0.012914919294416904
v -0.008516755886375904 -0.0014214498223736882 0.012933959253132343
v -0.00836570467799902 -0.0019527701660990715 0.01299089752137661
v -0.00819322932511568 -0.002428111620247364 0.01309939380735159
v -0.007992973551154137 -0.002889225957915187 0.013280519284307957
v -0.007739870343357325 -0.0033906912431120872 0.013578929007053375
v -0.002758223796263337 -0.000260992645053193 0.01877359300851822
v -0.006523276679217815 -0.0027511625085026026 0.015208931639790535
v -0.006551078986376524 -0.0027816658839583397 0.015236194245517254
v -0.006606857758015394 -0.0026240006554871798 0.015192823484539986
v -0.006580724846571684 0.00319426110945642 0.01525211427360773
v -0.0065309274941682816 0.003162780776619911 0.015233741141855717
v -0.0067676967009902 0.0026703679468482733 0.015117665752768517
v -0.006867724936455488 0.00204680603928864 0.014981799758970737
v -0.006851384416222572 0.002382023958489299 0.01505561824887991
v -0.007049778942018747 0.0008589833742007613 0.01484415028244257
v -0.007014864590018988 0.001599441864527762 0.014927484095096588
v -0.006926951464265585 0.0020577183458954096 0.014996076002717018
v -0.007060807663947344 -0.0003422139852773398 0.014836899936199188
v -0.007123551797121763 4.957548298989423e-06 0.014836953952908516
v -0.0071067772805690765 0.0008112476207315922 0.014853653497993946
v -0.006907964590936899 -0.0015125832287594676 0.014958731830120087
v -0.007067464757710695 -0.0007594914641231298 0.014877020381391048
v -0.007106451317667961 -0.0003444288158789277 0.014848477207124233
v -0.006576114799827337 -0.002800252288579941 0.015249812044203281
v -0.006739892065525055 -0.002317135687917471 0.015125357545912266
v -0.0069351801648736 -0.0015612912829965353 0.014976413920521736
v -0.006804941222071648 -0.0015065446496009827 0.014867749065160751
v -0.006491006352007389 -0.002601728541776538 0.015034947544336319
v -0.006508904043585062 -0.002613881602883339 0.015104975551366806
v -0.006488213315606117 -0.0026209005154669285 0.015059801749885082
v -0.006489147432148457 -0.0026674980763345957 0.015117276459932327
v -0.00650063855573535 -0.002568253315985203 0.014991709031164646
v -0.006497099529951811 -0.002578367944806814 0.015004368498921394
v -0.00678170146420598 -0.0015125054633244872 0.0148008419200778
v -0.0067419856786727905 0.0020451946184039116 0.014825361780822277
v -0.006478745024651289 0.002950324211269617 0.014993938617408276
v -0.0064806751906871796 0.00294529483653605 0.014987346716225147
v -0.006922020576894283 0.0008586211479268968 0.014682749286293983
v -0.006946569308638573 2.6368199542048387e-05 0.014624383300542831
v -0.006932982709258795 -0.00034244678681716323 0.01467490941286087
v -0.006931717973202467 -0.00034424231853336096 0.014637164771556854
v -0.006779213435947895 -0.0015177654568105936 0.014764350838959217
v -0.006739098113030195 0.0020506959408521652 0.014789254404604435
v -0.0068931663408875465 0.001142808934673667 0.014667263254523277
v -0.0069205909967422485 0.0008607757627032697 0.014645138755440712
v -0.006955206859856844 -0.00034036763827316463 0.014744105748832226
v -0.006944401655346155 0.0008562346338294446 0.014751659706234932
v -0.006765552796423435 0.0020392099395394325 0.014891563914716244
v -0.006466252263635397 0.0030256437603384256 0.015090793371200562
v -0.006499060895293951 -0.0027065500617027283 0.01516240369528532
v -0.006550343241542578 -0.002614428987726569 0.015156122855842113
v -0.00684774573892355 -0.0015065359184518456 0.014921498484909534
v -0.006998616270720959 -0.00034027628134936094 0.014799359254539013
v -0.006987781263887882 0.0008563441806472838 0.014806700870394707
v -0.006808157544583082 0.002039719605818391 0.014944772236049175
v -0.006484644953161478 0.0031026541255414486 0.015178249217569828
v -0.006525446195155382 -0.0025682179257273674 0.014404681511223316
v -0.006524320226162672 -0.002572115510702133 0.014401920139789581
v -0.006501999218016863 -0.002612663898617029 0.014751660637557507
v -0.006511051673442125 -0.0025682118721306324 0.014751914888620377
v -0.006509367376565933 -0.0026869401335716248 0.014752168208360672
v -0.006543569266796112 -0.0027531259693205357 0.014753767289221287
v -0.0065522040240466595 -0.0027403272688388824 0.014287502504885197
v -0.006613698787987232 -0.0028006802313029766 0.014261513948440552
v -0.006595856975764036 -0.0028003579936921597 0.014755752868950367
v -0.006518741603940725 -0.0026519650127738714 0.014343108050525188
v -0.006525922100991011 -0.002685310784727335 0.01432052068412304
v -0.0067222281359136105 -0.002501725684851408 0.014179607853293419
v -0.00692407414317131 -0.0016371184028685093 0.014005737379193306
v -0.006799910683184862 -0.0015806828159838915 0.014180566184222698
v -0.0068006026558578014 0.0019123010570183396 0.014170954935252666
v -0.006503522861748934 0.0029444058891385794 0.014401223510503769
v -0.006815693341195583 0.001927362522110343 0.01409947406500578
v -0.006501489318907261 0.002951044822111726 0.014396513812243938
v -0.006494149565696716 0.0029965087305754423 0.014361589215695858
v -0.007183728739619255 -0.00016594785847701132 0.013842461630702019
v -0.007163683418184519 -0.00041128919110633433 0.013853505253791809
v -0.007096643093973398 -0.00040600489592179656 0.013866591267287731
v -0.007098834030330181 -0.0009566016960889101 0.013898464851081371
v -0.0069460575468838215 -0.0017343905055895448 0.014010949060320854
v -0.007163830101490021 0.0008107271860353649 0.013854059390723705
v -0.00709271477535367 0.0008047361043281853 0.013867193832993507
v -0.007099717855453491 0.0014024844858795404 0.013903751969337463
v -0.006924583110958338 0.0019680617842823267 0.013995290733873844
v -0.007052815519273281 0.0016953186132013798 0.013940073549747467
v -0.006942522246390581 0.002220627386122942 0.014024749398231506
v -0.006969214417040348 0.002107930602505803 0.014004554599523544
v -0.006996206007897854 0.001985446084290743 0.013983772136271
v -0.006797749549150467 0.002716135000810027 0.014128964394330978
v -0.006565316114574671 0.0031609449069947004 0.014262245036661625
v -0.006625237409025431 0.0031975877936929464 0.014253787696361542
v -0.006925696041435003 0.0011767424875870347 0.014071996323764324
v -0.006982327438890934 0.0007907847757451236 0.013970812782645226
v -0.006964704487472773 0.0007855601143091917 0.014041025191545486
v -0.0069865882396698 2.598584433144424e-05 0.0140244010835886
v -0.006986258085817099 -0.00039276809548027813 0.013969957828521729
v -0.0069808149710297585 -0.0001655927480896935 0.01402950007468462
v -0.006815178785473108 -0.0015961328754201531 0.014109354466199875
v -0.006968504749238491 -0.00038767000660300255 0.014040038920938969
v -0.0065135532058775425 0.003093024017289281 0.014296261593699455
v -0.00685355206951499 0.0019451356492936611 0.014041264541447163
v -0.007021474651992321 0.0007968841819092631 0.013913433998823166
v -0.007025449071079493 -0.0003986078081652522 0.013912716880440712
v -0.006853098049759865 -0.001614136970601976 0.014051433652639389
v -0.0065176296047866344 0.003101150970906019 0.014291503466665745
v -0.006861427798867226 0.0019481127383187413 0.01403353177011013
v -0.007029456552118063 0.0007979027577675879 0.013905755244195461
v -0.007033429108560085 -0.00039957527769729495 0.013905067928135395
v -0.00686097564175725 -0.001617135712876916 0.014043745584785938
v -0.007013639900833368 0.001913601765409112 0.013970861211419106
v -0.00719660148024559 0.00020525295985862613 0.013836327940225601
v -0.007053320296108723 0.0017188458004966378 0.013941912911832333
v -0.007118211593478918 0.0013288803165778518 0.01389456819742918
v -0.007190316449850798 0.0005379799986258149 0.013841561041772366
v -0.006502822507172823 0.0031042590271681547 0.014749405905604362
v -0.00654858723282814 0.0031614210456609726 0.01475122757256031
v -0.006490351632237434 0.0029449588619172573 0.014748774468898773
v -0.006479589268565178 0.003001983044669032 0.014748417772352695
v -0.006489004474133253 0.003072028048336506 0.014748839661478996
v -0.006608086638152599 0.0031974036246538162 0.014753427356481552
v -0.0065883444622159 0.003197330515831709 0.01525297574698925
v -0.006682524457573891 0.0029361145570874214 0.015182423405349255
v -0.006161965895444155 0.004421188496053219 0.014169193804264069
v -0.006198372691869736 0.004451568704098463 0.01416059210896492
v -0.006654406897723675 0.003576728980988264 0.013463362120091915
v -0.007270148489624262 0.00019871295080520213 0.012937813065946102
v -0.007188856601715088 0.001319451374001801 0.012966780923306942
v -0.007232686970382929 0.0013278553960844874 0.0129057876765728
v -0.007122878450900316 0.001610470935702324 0.013058259151875973
v -0.0072442516684532166 0.0003005361359100789 0.013023563660681248
v -0.007246117107570171 0.00019893220451194793 0.013023888692259789
v -0.007425117306411266 0.00019828183576464653 0.01283692754805088
v -0.007370552513748407 0.00019834484555758536 0.012850238010287285
v -0.007295889779925346 0.0013381169410422444 0.012865620665252209
v -0.007339010015130043 0.00019842066103592515 0.012866519391536713
v -0.007307789288461208 0.00019852729747071862 0.012890682555735111
v -0.006861669011414051 0.003064995864406228 0.013192566111683846
v -0.007043467368930578 0.002510692225769162 0.01300924364477396
v -0.006239612586796284 0.004476501606404781 0.014160925522446632
v -0.0057367971166968346 0.005203363951295614 0.015021424740552902
v -0.005519210360944271 0.0054335398599505424 0.015569261275231838
v -0.005336839240044355 0.0055656395852565765 0.01614445261657238
v -0.00501666497439146 0.005672645755112171 0.017299972474575043
v -0.004747348837554455 0.0056961351074278355 0.01830759085714817
v -0.005214347504079342 0.005447088275104761 0.016127075999975204
v -0.004881288856267929 0.0054860287345945835 0.01727144420146942
v -0.004892145749181509 0.005546812433749437 0.01727166399359703
v -0.00468157883733511 0.005488498602062464 0.018008504062891006
v -0.004682527389377356 0.005534905940294266 0.018012819811701775
v -0.0047223493456840515 0.005339417140930891 0.018191907554864883
v -0.004700730089098215 0.005381354130804539 0.01809670776128769
v -0.004913926124572754 0.0053695193491876125 0.017285576090216637
v -0.006589979398995638 0.0033380426466464996 0.013572925701737404
v -0.00655076839029789 0.0034249972086399794 0.013628313317894936
v -0.006552518345415592 0.0034726972226053476 0.013554410077631474
v -0.006327275652438402 0.0038758262526243925 0.013967661187052727
v -0.0061010695062577724 0.004315737169235945 0.01424170471727848
v -0.006750041153281927 0.0029492524918168783 0.013364970684051514
v -0.0067582763731479645 0.002984406892210245 0.013289780355989933
v -0.006893312092870474 0.002536105690523982 0.013213553465902805
v -0.006938711740076542 0.002454174682497978 0.013110109604895115
v -0.006925386376678944 0.0024315479677170515 0.013185348361730576
v -0.006980258971452713 0.002482013776898384 0.013048123568296432
v -0.00679777329787612 0.0030253769364207983 0.013228767551481724
v -0.006589449010789394 0.0035267954226583242 0.01349562592804432
v -0.0061325873248279095 0.004387091379612684 0.014186336658895016
v -0.007190840318799019 0.0019284578738734126 0.012909486889839172
v -0.00712778652086854 0.0019099988276138902 0.012949473224580288
v -0.0056526875123381615 0.0051387157291173935 0.015015784651041031
v -0.0056234621442854404 0.005094956606626511 0.015025656670331955
v -0.005429429933428764 0.00536736473441124 0.015556782484054565
v -0.005399991292506456 0.005319172516465187 0.015560667961835861
v -0.0052435738034546375 0.005498067941516638 0.016127556562423706
v -0.004920317325741053 0.005601384676992893 0.01727689802646637
v -0.004690132103860378 0.005588769447058439 0.01804780215024948
v -0.005880825221538544 0.004765586461871862 0.014572197571396828
v -0.005909856408834457 0.004803698044270277 0.014557133428752422
v -0.005691437982022762 0.005175718106329441 0.015014374628663063
v -0.005470321513712406 0.005406510550528765 0.015559762716293335
v -0.005285690072923899 0.005538728553801775 0.016133544966578484
v -0.0049632759764790535 0.00564466742798686 0.017286669462919235
v -0.004721399862319231 0.005668696016073227 0.018190575763583183
v -0.005946704186499119 0.004837325774133205 0.014550979249179363
v -0.005988945718854666 0.004864390008151531 0.014554047025740147
v -0.005221827421337366 0.005278347991406918 0.01615656539797783
v -0.005153397563844919 0.005278338678181171 0.016539862379431725
v -0.005141319241374731 0.005282568745315075 0.016584832221269608
v -0.005432594567537308 0.005111818201839924 0.0156117994338274
v -0.005397797096520662 0.005160648841410875 0.015607664361596107
v -0.005532935261726379 0.005020111333578825 0.015346139669418335
v -0.005609207320958376 0.004955544602125883 0.01509610004723072
v -0.0057387202978134155 0.004788937978446484 0.014917473308742046
v -0.006177252158522606 0.0041437395848333836 0.014208471402525902
v -0.006111031863838434 0.004253892228007317 0.014313984662294388
v -0.005852725822478533 0.004685614258050919 0.014624723233282566
v -0.005600859876722097 0.004999929573386908 0.015067294239997864
v -0.005383443087339401 0.005211457144469023 0.015587158501148224
v -0.005202899221330881 0.0053322212770581245 0.016142211854457855
v -0.004685559310019016 0.005443359725177288 0.018026920035481453
v -0.004888684488832951 0.005425021983683109 0.017276203259825706
v -0.005200411193072796 0.005390112288296223 0.01613212376832962
v -0.005384259391576052 0.005265730433166027 0.015571091324090958
v -0.005605775862932205 0.0050475262105464935 0.015043268911540508
v -0.005092615261673927 -0.005290673114359379 0.017688659951090813
v -0.0050415112636983395 -0.0052629816345870495 0.017677847295999527
v -0.005309038795530796 -0.0051891072653234005 0.016463983803987503
v -0.005760881584137678 -0.004398356657475233 0.014921315014362335
v -0.005772935692220926 -0.0043928176164627075 0.01483076624572277
v -0.0055512934923172 -0.004673610907047987 0.015324863605201244
v -0.007220847997814417 -0.0009949912782758474 0.012907574884593487
v -0.00728318328037858 -0.0010051343124359846 0.012866972014307976
v -0.007227990310639143 -0.0003963804629165679 0.01302286982536316
v -0.007176969200372696 -0.000986670609563589 0.01296729315072298
v -0.00648011639714241 -0.0031746423337608576 0.013672434724867344
v -0.00648481585085392 -0.0031504009384661913 0.013710166327655315
v -0.006584121845662594 -0.0029302670154720545 0.0135636106133461
v -0.006339816842228174 -0.003446416463702917 0.013938521966338158
v -0.006019989028573036 -0.004024289082735777 0.014409197494387627
v -0.006016560830175877 -0.004019528161734343 0.014471213333308697
v -0.0049832905642688274 -0.004995830822736025 0.017671549692749977
v -0.0051072631031274796 -0.0049407524056732655 0.01728307642042637
v -0.005240145139396191 -0.004932594019919634 0.016477707773447037
v -0.005299970041960478 -0.004872816149145365 0.016382260248064995
v -0.0054528070613741875 -0.004757377319037914 0.01576153188943863
v -0.005366286262869835 -0.0048941681161522865 0.01587393693625927
v -0.005379441659897566 -0.004841959569603205 0.015888717025518417
v -0.005542706232517958 -0.004720735363662243 0.01530134491622448
v -0.005769514478743076 -0.0044325259514153 0.014799636788666248
v -0.006020501255989075 -0.004058041609823704 0.01437506265938282
v -0.005224017892032862 -0.00498666986823082 0.016467947512865067
v -0.0049628824926912785 -0.005050936713814735 0.017665544524788857
v -0.004960224498063326 -0.005109850317239761 0.017663441598415375
v -0.005224580876529217 -0.005043487064540386 0.016461608931422234
v -0.005605611484497786 -0.0045955912210047245 0.015281632542610168
v -0.006157752592116594 -0.004221139941364527 0.014294909313321114
v -0.005906005389988422 -0.004617258906364441 0.014735601842403412
v -0.00567959388718009 -0.00492735905572772 0.015263713896274567
v -0.006116949021816254 -0.0041958484798669815 0.01429504994302988
v -0.005863196682184935 -0.004590544383972883 0.01473264954984188
v -0.005826652515679598 -0.004556196741759777 0.014738637953996658
v -0.005633648484945297 -0.004900583531707525 0.015258019790053368
v -0.005595363676548004 -0.004863328766077757 0.01525969710201025
v -0.005454407539218664 -0.005088799633085728 0.01585480570793152
v -0.005414687097072601 -0.0050498186610639095 0.01585284247994423
v -0.005268828012049198 -0.005148833151906729 0.016459539532661438
v -0.00500126276165247 -0.005220517981797457 0.017669854685664177
v -0.0055030700750648975 -0.005115040112286806 0.015861891210079193
v -0.005358992610126734 -0.005215611308813095 0.01647218130528927
v -0.006804696284234524 -0.0027900764252990484 0.013245158828794956
v -0.006999810691922903 -0.002221287228167057 0.013038652017712593
v -0.006625362206250429 -0.0033316300250589848 0.013545099645853043
v -0.006586308591067791 -0.0033107076305896044 0.013548998162150383
v -0.007162155583500862 -0.0016202735714614391 0.01292091142386198
v -0.007099990267306566 -0.0016006933292374015 0.012961229309439659
v -0.00693750474601984 -0.0021906746551394463 0.013077671639621258
v -0.006741737015545368 -0.0027481226716190577 0.013281265273690224
v -0.006522292736917734 -0.003258531214669347 0.013580839149653912
v -0.006052607204765081 -0.004130329936742783 0.014321462251245975
v -0.006485340651124716 -0.0032015591859817505 0.013637499883770943
v -0.006702254060655832 -0.0027044073212891817 0.013340980745851994
v -0.0067853620275855064 -0.0024239292833954096 0.013310668990015984
v -0.006895985454320908 -0.0021606050431728363 0.013138704001903534
v -0.006944386288523674 -0.0019334142562001944 0.013163960538804531
v -0.007057029753923416 -0.0015827877214178443 0.01302191149443388
v -0.0070988889783620834 -0.0013016264420002699 0.013066969811916351
v -0.00713003147393465 -0.00114978919737041 0.013050208799540997
v -0.005797865334898233 -0.004516732878983021 0.014752499759197235
v -0.005566364619880915 -0.004818799439817667 0.015267990529537201
v -0.0053856209851801395 -0.0050018709152936935 0.01585562713444233
v -0.005240095779299736 -0.005098917055875063 0.016458775848150253
v -0.004973591770976782 -0.005167925730347633 0.017664967104792595
v -0.006660358980298042 0.002433894667774439 0.014465788379311562
v -0.0068968962877988815 0.0011455286294221878 0.014595387503504753
v -0.00680876150727272 -0.0014180236030369997 0.014568953774869442
v -0.005738555919378996 -0.0008616353734396398 0.02254432439804077
v -0.006537073291838169 -0.0007283045561052859 0.02259344421327114
v -0.005226753186434507 0.004549604840576649 0.020212426781654358
v -0.00521460734307766 0.005111341830343008 0.01729154773056507
v -0.006395410746335983 0.0036754407919943333 0.015142770484089851
v -0.006696175318211317 -0.0025941624771803617 0.01407564152032137
v -0.0056581743992865086 -0.004477282054722309 0.016112234443426132
v -0.006080002058297396 -0.003807095345109701 0.01627785712480545
v -0.005271152593195438 -0.0047773499973118305 0.017316311597824097
v -0.005724516697227955 -0.0042106215842068195 0.01745416224002838
v -0.006312255281955004 -0.0022879617754369974 0.020659711211919785
v -0.0063252984546124935 -0.0022995781619101763 0.020503297448158264
v -0.006261999718844891 -0.002478002104908228 0.020473329350352287
v -0.00690545653924346 0.00013805071648675948 0.01811555027961731
v -0.006905720103532076 0.00018530285160522908 0.018118910491466522
v -0.00691073015332222 0.00018421384447719902 0.018044229596853256
v -0.006823116913437843 0.001286935294046998 0.01850609853863716
v -0.006754983216524124 0.0016331815859302878 0.018793370574712753
v -0.006801039911806583 0.0017379344208166003 0.017939796671271324
v -0.006097653415054083 0.003936998080462217 0.017567234113812447
v -0.006065702997148037 0.0036852748598903418 0.018964014947414398
v -0.005982254631817341 0.0044392733834683895 0.0149784991517663
v -0.005623344797641039 0.0048507265746593475 0.016085883602499962
v -0.004996616858989 0.004927425179630518 0.019361291080713272
v -0.006426209583878517 0.0034610191360116005 0.016405796632170677
v -0.005850395653396845 0.003336365567520261 0.021903548389673233
v -0.005993951577693224 0.0034545823000371456 0.02042311429977417
v -0.0060405125841498375 0.0028791280928999186 0.022267496213316917
v -0.006275210529565811 0.002845186972990632 0.020461302250623703
v -0.006219063885509968 0.002376495162025094 0.02256295457482338
v -0.006439116783440113 0.0022620598319917917 0.020819377154111862
v -0.006432371214032173 0.0021439585834741592 0.02124030329287052
v -0.006446059327572584 0.001974907238036394 0.02158774621784687
v -0.006477262359112501 0.0017277384176850319 0.021927833557128906
v -0.006372307427227497 0.001837248681113124 0.022787703201174736
v -0.006469317711889744 0.0013849681708961725 0.022919028997421265
v -0.006524726748466492 0.0013695916859433055 0.0222579725086689
v -0.006488199811428785 0.0012761891121044755 0.022943789139389992
v -0.006561223417520523 0.0006571283447556198 0.023037411272525787
v -0.006357548758387566 0.0030354231130331755 0.019061928614974022
v -0.006412230897694826 0.0032442437950521708 0.01770651899278164
v -0.006644630338996649 0.00250553828664124 0.017834126949310303
v -0.006529618985950947 0.00224741967394948 0.01992913708090782
v -0.006474316585808992 0.002297898754477501 0.02035694755613804
v -0.006440973840653896 0.002268587937578559 0.02078135311603546
v -0.006713269278407097 0.0017953127389773726 0.018975550308823586
v -0.006677001249045134 0.0019150936277583241 0.019139835610985756
v -0.006596935912966728 0.002124744700267911 0.019534312188625336
v -0.0065455008298158646 0.002223352901637554 0.01982809416949749
v -0.006887671072036028 0.0009584779618307948 0.0180132444947958
v -0.00689990259706974 0.0005011372268199921 0.01816692017018795
v -0.006870030891150236 0.0009266863926313818 0.018306942656636238
v -0.006855402607470751 0.0010579833760857582 0.018369896337389946
v -0.006782309152185917 -0.0013610596070066094 0.017959896475076675
v -0.00683874124661088 -0.0008057906525209546 0.018256502225995064
v -0.006841477006673813 -0.0007853175047785044 0.018248964101076126
v -0.006875949911773205 -0.0005852814065292478 0.018024681136012077
v -0.0068812742829322815 -0.00040796241955831647 0.01814749464392662
v -0.00690394826233387 3.841176294372417e-05 0.01811164617538452
v -0.006625025067478418 -0.002127491869032383 0.017860181629657745
v -0.0065139830112457275 -0.002061182865872979 0.019387800246477127
v -0.006608934141695499 -0.0018231989815831184 0.019007248803973198
v -0.0066753881983459 -0.0016111169243231416 0.01876838319003582
v -0.006697133183479309 -0.0015321036335080862 0.018694540485739708
v -0.0067779868841171265 -0.0011769469128921628 0.01843433827161789
v -0.006358544807881117 -0.0022932293359190226 0.020217277109622955
v -0.006429413799196482 -0.0022145549301058054 0.019785087555646896
v -0.006399301812052727 -0.002868618816137314 0.01773582585155964
v -0.0064746965654194355 -0.0021391967311501503 0.0195627361536026
v -0.006311540491878986 -0.0020338534377515316 0.02148795872926712
v -0.006296532228589058 -0.00220309616997838 0.02107658050954342
v -0.005656639114022255 -0.003649556078016758 0.02040395513176918
v -0.0052985744550824165 -0.004470322746783495 0.018798882141709328
v -0.005990773905068636 -0.0030854216311126947 0.020438723266124725
v -0.005716356448829174 -0.003929521888494492 0.01889246702194214
v -0.00599837489426136 -0.004036134574562311 0.01501101441681385
v -0.006392565555870533 -0.0032670737709850073 0.01517574768513441
v -0.00670031039044261 0.0030148886144161224 0.014046539552509785
v -0.006706367712467909 0.002846277318894863 0.015291846357285976
v -0.007033349480479956 -0.0006853986997157335 0.015512105077505112
v -0.0069063445553183556 -0.001570405438542366 0.015437412075698376
v -0.006693985313177109 -0.0024380641989409924 0.015321596525609493
v -0.006920378655195236 0.0019747084006667137 0.015414385125041008
v -0.007042726501822472 0.0010836543515324593 0.015499062836170197
v -0.007078694179654121 0.00019603787222877145 0.015534584410488605
v -0.006100341212004423 -0.003568478627130389 0.01759713515639305
v -0.006416655611246824 -0.003068849677219987 0.016437601298093796
v -0.001558037125505507 0.003779949154704809 0.0237417034804821
v -0.0011806281981989741 0.003999944310635328 0.023462720215320587
v -0.0013321161968633533 0.004367940593510866 0.023301588371396065
v -0.001843791687861085 0.003120420966297388 0.024112816900014877
v -0.0017157531110569835 0.0026222807355225086 0.024197062477469444
v -0.0012661304790526628 0.002911494579166174 0.02394501492381096
v -0.00042534031672403216 0.0035211218055337667 0.02329949103295803
v -0.000837114464957267 0.0032103986013680696 0.023648414760828018
v -0.00155866879504174 0.0021016604732722044 0.024236692115664482
v -0.001608404447324574 0.0050447010435163975 0.022796068340539932
v -0.0022231622133404016 0.0048875706270337105 0.023116206750273705
v -0.0014739265898242593 0.004717262927442789 0.02308260276913643
v -0.002134006703272462 0.004479416646063328 0.023489976301789284
v -0.0020458491053432226 0.004046644549816847 0.023771898820996284
v -0.0019514866871759295 0.0035939363297075033 0.023974958807229996
v -0.0033136210404336452 0.0018270766595378518 0.024789005517959595
v -0.0032432866282761097 0.0010542141972109675 0.024840043857693672
v -0.002877770457416773 0.004804814234375954 0.02333490177989006
v -0.002845062641426921 0.004346940666437149 0.023771855980157852
v -0.002829534001648426 0.0038461023941636086 0.024103989824652672
v -0.0028127613477408886 0.003303902456536889 0.024344468489289284
v -0.0027788146398961544 0.002717621624469757 0.02450714260339737
v -0.0027202742639929056 0.002071278402581811 0.02460729330778122
v -0.002617791760712862 0.0013943823287263513 0.024654371663928032
v -0.0031605141703039408 0.0006892886594869196 0.024840151891112328
v -0.0008216627174988389 0.004248752258718014 0.023130888119339943
v -0.00556743610650301 0.0018418004037812352 0.021787283942103386
v -0.003452700562775135 0.004479288589209318 0.021049264818429947
v -0.00408492237329483 0.00411980040371418 0.021033307537436485
v -0.004131792578846216 0.004482128191739321 0.018626084551215172
v -0.003461885964497924 0.005224708933383226 0.015415484085679054
v -0.003048030659556389 0.005307345185428858 0.015351233072578907
v -0.003253245260566473 0.005145547445863485 0.01632533222436905
v 0.001501523656770587 0.005561611615121365 0.008411303162574768
v 0.0011488108430057764 0.005403013899922371 0.00911974348127842
v -0.000751540414057672 0.005434883292764425 0.012023542076349258
v -0.0010508389677852392 0.00543928612023592 0.012570073828101158
v -0.0015227324329316616 0.005548604764044285 0.0126140546053648
v -0.0037539773620665073 0.004059384111315012 0.022968720644712448
v -0.00584629038348794 0.002689369022846222 0.015367642045021057
v -0.005639773793518543 0.0031935335136950016 0.015263698063790798
v -0.006215597502887249 0.001032254658639431 0.015597697347402573
v -0.00628322921693325 -5.129243800183758e-05 0.015430145896971226
v -0.006010760087519884 0.002155763329938054 0.015460232272744179
v -0.005393218714743853 0.003661621129140258 0.01515186857432127
v -0.004870317410677671 0.004363209940493107 0.013269571587443352
v -0.004788653925061226 0.004463368561118841 0.014918229542672634
v -0.0051087914034724236 0.004087083041667938 0.015035572461783886
v -0.004673509858548641 0.004413998685777187 0.016644414514303207
v -0.004579014610499144 0.004610022529959679 0.015702467411756516
v -0.004097688477486372 0.004685964901000261 0.017488820478320122
v -0.0027790635358542204 0.004623730666935444 0.022132428362965584
v -0.0027778304647654295 0.004620864521712065 0.0221906416118145
v -0.002863493049517274 0.0045867501758039 0.02231096290051937
v -0.0029099914245307446 0.004565969109535217 0.02238469012081623
v -0.00304237799718976 0.004498750437051058 0.022608092054724693
v -0.003211686620488763 0.004399927798658609 0.022857295349240303
v -0.0032902120146900415 0.004349943250417709 0.022954316809773445
v -0.002730460837483406 0.004934357944875956 0.01826968789100647
v -0.0027716236654669046 0.0048544215969741344 0.01905396394431591
v -0.0034553559962660074 0.004787921439856291 0.018562037497758865
v -0.002790698315948248 0.004791691899299622 0.019737569615244865
v -0.002793288789689541 0.004777591675519943 0.019900823011994362
v -0.002795194974169135 0.0047638933174312115 0.020063884556293488
v -0.002795998938381672 0.004756655544042587 0.020151982083916664
v -0.0027965926565229893 0.004749529995024204 0.020239897072315216
v -0.002692301757633686 0.0049869343638420105 0.017796263098716736
v -0.0033870269544422626 0.004966645035892725 0.017387105152010918
v -0.0026106955483555794 0.0050712157972157 0.017091285437345505
v -0.0024241607170552015 0.005199925042688847 0.0160581786185503
v -0.0021781970281153917 0.005303390324115753 0.015150681138038635
v -0.00024840323021635413 0.005417043808847666 0.011166670359671116
v 0.0011032462352886796 0.005706696771085262 0.00841129943728447
v -0.0023980382829904556 0.005661545321345329 0.009697196073830128
v -0.0012563483323901892 0.005978676024824381 0.008411308750510216
v -0.0017206238117069006 0.0057769943960011005 0.009638890624046326
v -8.310519478982314e-05 0.005962902680039406 0.008411305025219917
v -0.0010347943753004074 0.005803464911878109 0.009583031758666039
v 0.00014715957513544708 0.005932625848799944 0.008411306887865067
v -0.00035125549766235054 0.005742636509239674 0.009530797600746155
v 0.0003192960284650326 0.005596234928816557 0.009483421221375465
v 0.0008328179828822613 0.005391261540353298 0.009541384875774384
v -0.0030560907907783985 0.0054574403911828995 0.00975672248750925
v -0.002631979063153267 0.0056968131102621555 0.008413199335336685
v -0.002204042859375477 0.0058207083493471146 0.008413189090788364
v -0.004568775650113821 0.004583360161632299 0.011530151590704918
v -0.003903598990291357 0.00510177668184042 0.008418472483754158
v -0.004074191674590111 0.004957643803209066 0.011437156237661839
v -0.0034699714742600918 0.0053468425758183 0.008415589109063148
v -0.0028872902039438486 0.0056060259230434895 0.008413425646722317
v -0.004113865550607443 0.004965005908161402 0.008420276455581188
v -0.0050185322761535645 0.004142759367823601 0.011620091274380684
v -0.0047151572071015835 0.004498573020100594 0.008423194289207458
v -0.005417570471763611 0.003643338568508625 0.011704844422638416
v -0.005248084664344788 0.003969577141106129 0.00841451995074749
v -0.006200388539582491 0.0017415386391803622 0.013720523566007614
v -0.006035517901182175 0.0023372513242065907 0.01365189254283905
v -0.005817966070026159 0.002905468922108412 0.013569691218435764
v -0.005548758432269096 0.003437373787164688 0.013476718217134476
v -0.0044352211989462376 0.004784223157912493 0.014803297817707062
v -0.004052355885505676 0.0050451504066586494 0.014694180339574814
v -0.004230802413076162 0.004874265752732754 0.015594782307744026
v -0.0038572787307202816 0.005079928319901228 0.015497894026339054
v -0.004008040297776461 0.004890399985015392 0.016453931108117104
v -0.001414152211509645 0.005429824348539114 0.0132833793759346
v -0.0018504960462450981 0.00538167729973793 0.014252514578402042
v -0.0023131377529352903 0.005435591097921133 0.014384744688868523
v -0.002770626451820135 0.005438568536192179 0.01443618256598711
v -0.0032158028334379196 0.005373867228627205 0.014507198706269264
v -0.003644451964646578 0.00524241104722023 0.01459434349089861
v 0.0004980303929187357 0.005391330923885107 0.010015408508479595
v -0.0005989523488096893 0.0055663748644292355 0.01093334797769785
v -0.0011950571788474917 0.005665500182658434 0.011000282131135464
v -0.0017959163524210453 0.005685155745595694 0.011076843366026878
v -0.002392952097579837 0.005624274257570505 0.011160937137901783
v -0.002977581461891532 0.00548182986676693 0.011250433512032032
v -0.003541016485542059 0.005258570425212383 0.011343220248818398
v -0.004468836355954409 0.004742785356938839 0.013160953298211098
v -0.004031319636851549 0.005057618021965027 0.01305269543081522
v -0.0035637454129755497 0.005303199402987957 0.012947564013302326
v -0.0030727374833077192 0.005476003512740135 0.012848353944718838
v -0.002564715687185526 0.005574515089392662 0.012757839635014534
v -0.002045955741778016 0.005598712246865034 0.012678814120590687
v -0.0052315853536129 0.003925679717212915 0.01337574701756239
v -0.0063135153613984585 0.0011282794876024127 0.01377282477915287
v -0.005553262773901224 0.000955053954385221 0.023257549852132797
v -0.003404616843909025 0.004199857357889414 0.023176157847046852
v -0.00372365303337574 0.004016174469143152 0.02314038947224617
v -0.0033325795084238052 0.004317719489336014 0.02300962805747986
v -0.002980835037305951 0.003949681296944618 0.023411313071846962
v -0.0030259510967880487 0.003950326703488827 0.02341083250939846
v -0.002973229857161641 -0.0045760683715343475 0.02235250361263752
v -0.002779512433335185 -0.00468070711940527 0.021992160007357597
v -0.002785736694931984 -0.004719146993011236 0.021629774942994118
v -0.002788212150335312 -0.004950467962771654 0.019737564027309418
v -0.002773504238575697 -0.005025316029787064 0.0191715769469738
v -0.0026965937577188015 -0.005197897087782621 0.01788387820124626
v -0.0026360449846833944 -0.005273179616779089 0.017313342541456223
v -0.0025580786168575287 -0.005342717748135328 0.01676841825246811
v -0.002437068847939372 -0.005418907385319471 0.016132641583681107
v -0.0062510063871741295 -0.0007089285063557327 0.015414818190038204
v -0.006163532845675945 -0.0014017984503880143 0.015364112332463264
v -0.006085206288844347 -0.000475029373774305 0.018160609528422356
v -0.006020717788487673 -0.0020827462431043386 0.015283764339983463
v -0.005822150036692619 -0.002737944945693016 0.015179691836237907
v -0.005496765486896038 -0.0035322769545018673 0.01370195858180523
v -0.005120736546814442 -0.004111152607947588 0.013577994890511036
v -0.0046851616352796555 -0.004616506863385439 0.013447103090584278
v -0.005567415617406368 -0.003353568259626627 0.015057812444865704
v -0.005256381817162037 -0.003915979061275721 0.014924023300409317
v -0.004892475437372923 -0.00441400520503521 0.014784249477088451
v -0.002751060063019395 0.0039497422985732555 0.023411313071846962
v -0.0027527587953954935 0.0040564825758337975 0.023325754329562187
v -0.0027561443857848644 0.004207563120871782 0.023166900500655174
v -0.002762372838333249 0.004384347703307867 0.02288944087922573
v -0.0029928497970104218 -0.003950723446905613 0.023411309346556664
v -0.002748938510194421 -0.0039506577886641026 0.023411300033330917
v -0.002749987179413438 -5.045762372901663e-05 0.023411303758621216
v -0.0005942556308582425 -0.007498302962630987 -0.0007752301171422005
v 0.00490353861823678 0.00492831552401185 0.0028132370207458735
v 0.0036031974013894796 0.006107425317168236 0.0028132335282862186
v 0.0020644059404730797 0.0069519951939582825 0.002813230734318495
v 0.00037144930684007704 0.007415762171149254 0.0028132281731814146
v -0.001382935675792396 0.007473325356841087 0.0028132335282862186
v -0.0006715132622048259 0.007499669678509235 -0.0008858401561155915
v -0.00120642501860857 0.007486179005354643 -0.0016075430903583765
v -0.0031026513315737247 0.007121528498828411 0.002813231199979782
v -0.002899235114455223 0.007185535971075296 -0.0033162711188197136
v -0.0024959600996226072 0.007294024340808392 -0.0029611741192638874
v -0.0018049557693302631 0.007425513584166765 -0.002286809729412198
v -0.0016064721858128905 0.007451016455888748 -0.0020732812117785215
v -0.0013770463410764933 0.007473821751773357 -0.001812559668906033
v -0.004483642056584358 0.0065046874806284904 -0.0045198905281722546
v -0.0038229767233133316 0.00684162974357605 -0.004049616865813732
v -0.004693495575338602 0.006379642989486456 0.00281323678791523
v -0.003160314867272973 0.007102218922227621 -0.0035339577589184046
v -0.00310120009817183 0.007122007664293051 -0.0034854444675147533
v -0.006066896952688694 0.00528974924236536 -0.005515259690582752
v -0.00571702653542161 0.0056195673532783985 -0.005309148691594601
v -0.0060683307237923145 0.005288308020681143 0.0028132263105362654
v -0.005123382434248924 0.006092987023293972 -0.004942111670970917
v -0.0046912613324820995 0.006381024606525898 -0.0046601505018770695
v -0.00626341812312603 0.005084587261080742 -0.005627922713756561
v -0.007151846308261156 0.003907301463186741 0.002813224447891116
v -0.00675822701305151 0.0044890898279845715 -0.0059023285284638405
v -0.007884686812758446 0.0023122699931263924 0.002813230501487851
v -0.007884585298597813 0.0023125866428017616 -0.006482851691544056
v -0.007848412729799747 0.0024213462602347136 -0.006465116981416941
v -0.007556809578090906 0.0031492579728364944 -0.006320012267678976
v -0.007191989570856094 0.003840750316157937 -0.006132879760116339
v -0.007151561323553324 0.003907766658812761 -0.006111763883382082
v -0.008063962683081627 0.0016601907555013895 -0.006569848395884037
v -0.00822671689093113 0.0005905860452912748 0.002813235856592655
v -0.008198726922273636 0.0008755517774261534 -0.006634485442191362
v -0.008159143850207329 -0.0011637917486950755 -0.00661662919446826
v -0.008216055110096931 -0.0007126738200895488 -0.006643364205956459
v -0.008159196935594082 -0.001163444365374744 0.002813233993947506
v -0.008249487727880478 8.783541852608323e-05 -0.006658830679953098
v -0.008226705715060234 0.0005907266750000417 -0.0066478862427175045
v -0.007613175082951784 -0.0030242931097745895 -0.0063498481176793575
v -0.0076855760999023914 -0.002854349324479699 -0.0063861096277832985
v -0.007685826160013676 -0.0028537409380078316 0.00281323678791523
v -0.007895613089203835 -0.002278123516589403 -0.006489850580692291
v -0.008097483776509762 -0.0015047426568344235 -0.006587360519915819
v -0.0072537981905043125 -0.0037349711637943983 -0.006166271399706602
v -0.006832537241280079 -0.004387714900076389 0.0028132274746894836
v -0.006832476705312729 -0.004387798719108105 -0.005943672265857458
v -0.005646065343171358 -0.005681341048330069 0.0028132281731814146
v -0.005644786637276411 -0.005682443268597126 -0.005267508327960968
v -0.005760920699685812 -0.005580303259193897 -0.005337176378816366
v -0.006322517991065979 -0.00501958467066288 -0.005662877112627029
v -0.0068244049325585365 -0.004398965742439032 -0.005939337890595198
v -0.005153060890734196 -0.006071414798498154 -0.004963078070431948
v -0.004498736467212439 -0.006495839450508356 -0.004532552789896727
v -0.004187955986708403 -0.006665538065135479 -0.004316708538681269
v -0.00289530330337584 -0.007186551578342915 -0.0033159914892166853
v -0.0030932424124330282 -0.007124470081180334 -0.003481893800199032
v -0.0038025393150746822 -0.006850613746792078 -0.00403713621199131
v -0.007042778190225363 0.006103939842432737 -0.006054328754544258
v -0.00880335457623005 0.003321884199976921 -0.006914217956364155
v -0.00753239169716835 0.005525490269064903 -0.006308247335255146
v -0.008032035082578659 0.004813718143850565 -0.006553977262228727
v -0.00846568401902914 0.004055378492921591 -0.006759322248399258
v -0.008770359680056572 -0.003401139285415411 -0.006900116801261902
v -0.008381913416087627 -0.004214791115373373 -0.006721375044435263
v -0.007916681468486786 -0.004990763962268829 -0.006500661373138428
v -0.006888392381370068 -0.0062659867107868195 -0.0059723081067204475
v -0.007422266062349081 -0.005664328578859568 -0.006252791732549667
v -0.007109752856194973 -0.006030292250216007 -0.006088829133659601
v -0.009111815132200718 0.002449695486575365 -0.007051494903862476
v -0.008878182619810104 -0.0002814872423186898 -0.006948515772819519
v -0.009323973208665848 0.001588680548593402 -0.007143332622945309
v -0.009442923590540886 0.0007702081929892302 -0.0071944259107112885
v -0.009075246751308441 -0.0025690505281090736 -0.007036104332655668
v -0.009299109689891338 -0.0017118521500378847 -0.007133467588573694
v -0.009435147978365421 -0.0008476371294818819 -0.0071914708241820335
v -0.009480174630880356 -1.1358661140548065e-05 -0.007210693787783384
v -0.00898637343198061 0.002838165033608675 -0.006996090058237314
v -0.006509636994451284 -0.00350030604749918 0.005649997852742672
v -0.005326329730451107 0.005481743719428778 0.020541071891784668
v -0.005590508226305246 0.005037784576416016 0.021301517263054848
v -0.004734497983008623 0.0055177765898406506 0.018250010907649994
v -0.0024382094852626324 -0.00010037168249255046 0.016123613342642784
v -0.002616294426843524 -0.00010042536450782791 0.017139829695224762
v -0.00275502260774374 -5.045884245191701e-05 0.023170530796051025
v -0.0027712241280823946 -0.0045619746670126915 0.022402171045541763
v -0.0027649477124214172 -0.00446179136633873 0.022714877501130104
v -0.0027554279658943415 -0.004206320736557245 0.023169569671154022
v -0.0027622040361166 -0.004403566475957632 0.022851819172501564
v -0.0030327581334859133 -0.003951257560402155 0.02341092750430107
v -0.002220533788204193 -0.0048882015980780125 0.0231162179261446
v -0.0031601437367498875 -0.0006904239999130368 0.024840157479047775
v -0.0033126368653029203 -0.0018282945966348052 0.02478901296854019
v -0.0015560057945549488 -0.00378022319637239 0.02374170906841755
v -0.0011784771922975779 -0.004000015556812286 0.02346271649003029
v -0.0008353903540410101 -0.0032102845143526793 0.023648418486118317
v -0.0004234462103340775 -0.003520786529406905 0.02329949103295803
v -0.0008193790563382208 -0.004248630255460739 0.023130889981985092
v -0.0013297668192535639 -0.004368092864751816 0.023301592096686363
v -0.0014713905984535813 -0.0047174906358122826 0.02308260090649128
v -0.0020436723716557026 -0.004047180991619825 0.02377190627157688
v -0.0016056911554187536 -0.005045002326369286 0.02279607765376568
v -0.0012645651586353779 -0.002911611460149288 0.023945018649101257
v -0.0017143434379249811 -0.0026226399932056665 0.024197066202759743
v -0.0018421148415654898 -0.003120848210528493 0.02411281317472458
v -0.0019495536107569933 -0.0035944220144301653 0.023974968120455742
v -0.003242720616981387 -0.0010553941829130054 0.024840041995048523
v -0.0026170427445322275 -0.0013952262233942747 0.024654364213347435
v -0.002719160169363022 -0.002072177827358246 0.024607308208942413
v -0.002777355257421732 -0.002718552015721798 0.02450713701546192
v -0.002875187899917364 -0.004805797711014748 0.023334907367825508
v -0.0028427245561033487 -0.004347906913608313 0.0237718615680933
v -0.0028274664655327797 -0.003847059328109026 0.024103986099362373
v -0.002131599234417081 -0.004480000119656324 0.023489968851208687
v -0.0028109850827604532 -0.003304851008579135 0.02434447593986988
v -0.0015575394500046968 -0.002101934514939785 0.024236686527729034
v -0.005777990911155939 -0.006671449635177851 0.00748524721711874
v -0.006877156440168619 -0.005373495630919933 0.008367509581148624
v -0.007475691847503185 -0.004481525160372257 0.008939498104155064
v -0.007690009195357561 -0.00437617301940918 0.006978549063205719
v -0.007878403179347515 -0.0034963011275976896 0.011205830611288548
v -0.008345100097358227 -0.0023844758979976177 0.011625145561993122
v -0.008501368574798107 -0.0023634047247469425 0.009996525011956692
v -0.005656823515892029 0.004547880496829748 0.022476084530353546
v -0.005654378328472376 -0.004550356883555651 0.022476084530353546
v -0.007182442117482424 -0.004353709053248167 0.014000744558870792
v -0.00777030736207962 0.0034590892028063536 0.012735704891383648
v -0.005396017339080572 0.005731385201215744 0.019342586398124695
v -0.008990517817437649 0.002842817222699523 -0.004961877129971981
v -0.007093260530382395 -0.006029318552464247 -0.005313423927873373
v -0.007654938846826553 -0.005338445771485567 -0.005292669869959354
v -0.008167065680027008 -0.004569063428789377 -0.005211764946579933
v -0.008616223931312561 -0.0037342500872910023 -0.00509379617869854
v -0.00898898858577013 -0.0028470857068896294 -0.004961867351084948
v -0.009271940216422081 -0.0019206491997465491 -0.004839051514863968
v -0.009519146755337715 -2.2767678728996543e-06 -0.0019000369356945157
v -0.009449947625398636 0.000979117234237492 -0.001949951285496354
v -0.009394248947501183 0.001012923545204103 0.0008428165456280112
v -0.005267568398267031 0.005398554261773825 0.020975127816200256
v -0.005496727302670479 0.0060181706212460995 0.017496364191174507
v -0.006067175883799791 0.005931649822741747 0.013647760264575481
v -0.00606363033875823 0.005728890188038349 0.01555685792118311
v -0.006619326304644346 0.005217536352574825 0.013810058124363422
v -0.008346378803253174 0.0023805529344826937 0.011625148355960846
v -0.008754435926675797 0.0006034703692421317 0.012003190815448761
v -0.008785193786025047 -2.0794996089534834e-06 0.012032371014356613
v -0.008754110895097256 -0.0006076132995076478 0.012003188952803612
v -0.008665792644023895 -0.0012091659009456635 0.011920595541596413
v -0.008222873322665691 -0.002361631952226162 0.013040645979344845
v -0.007768447510898113 -0.0034627027343958616 0.012735697440803051
v -0.007225021719932556 -0.004469358827918768 0.012386525981128216
v -0.006616523489356041 -0.005220531020313501 0.01381004974246025
v -0.006063986569643021 -0.005934346467256546 0.013647769577801228
v -0.005493491422384977 -0.006020561326295137 0.017496364191174507
v -0.005553259048610926 -0.006263424176722765 0.015537740662693977
v -0.005579350516200066 -0.006459485273808241 0.013533002696931362
v -0.005081141833215952 -0.005050304811447859 0.022314466536045074
v -0.005264667794108391 -0.005400821566581726 0.02097511664032936
v -0.006469856947660446 0.003161728847771883 0.02357381023466587
v -0.005985877010971308 0.003825635649263859 0.023350777104496956
v -0.006547495722770691 0.0062899235635995865 0.0015557818114757538
v -0.00680823577567935 0.006146601866930723 -0.000566488946788013
v -0.00699757831171155 0.006053589284420013 -0.002854263409972191
v -0.007096500135958195 0.006026068236678839 -0.005313423927873373
v -0.007657806854695082 0.005334893241524696 -0.005292665213346481
v -0.008169521577656269 0.004565236158668995 -0.005211763549596071
v -0.0075590042397379875 0.005377478897571564 -0.0027837136294692755
v -0.008083302527666092 0.004614115692675114 -0.002640517195686698
v -0.007367050740867853 0.005490540526807308 -0.0004204791330266744
v -0.007907726801931858 0.004731840454041958 -0.00018408187315799296
v -0.007100582588464022 0.0056578838266432285 0.0017910096794366837
v -0.0076592424884438515 0.00490266690030694 0.0021367683075368404
v -0.00710483780130744 0.005258435383439064 0.00640414422377944
v -0.007692362181842327 0.004372601862996817 0.006978545803576708
v -0.0068800426088273525 0.005370361264795065 0.008367517963051796
v -0.007478100713342428 0.0044780694879591465 0.008939490653574467
v -0.006731117144227028 0.005399562884122133 0.01023473497480154
v -0.007323421537876129 0.004509561229497194 0.010722453705966473
v -0.0072274222038686275 0.004466037731617689 0.012386531569063663
v -0.008618229068815708 0.003730181371793151 -0.005093805026262999
v -0.008552511222660542 0.0037780501879751682 -0.0024550992529839277
v -0.008405523374676704 0.003887614468112588 0.00010158798249904066
v -0.008190416730940342 0.004044811241328716 0.002539577893912792
v -0.008234495297074318 0.00337588950060308 0.007548629306256771
v -0.00803691428154707 0.003464284585788846 0.009505737572908401
v -0.00788028258830309 0.003492628922685981 0.011205826885998249
v -0.008682271465659142 0.0022960335481911898 0.008043518289923668
v -0.008666440844535828 0.0012050706427544355 0.011920599266886711
v -0.008948665112257004 0.002883829874917865 -0.002257915446534753
v -0.00925379991531372 0.0019460024777799845 -0.002079390687867999
v -0.008835702203214169 0.0029749765526503325 0.0003953858104068786
v -0.009173523634672165 0.0020110413897782564 0.0006561818881891668
v -0.008661039173603058 0.0031048543751239777 0.0029459577053785324
v -0.009038050659000874 0.002103334991261363 0.003302442841231823
v -0.008986720815300941 0.0011607701890170574 0.008392409421503544
v -0.00928838923573494 0.001060791197232902 0.0035555530339479446
v -0.009069896303117275 0.0005810282891616225 0.008489957079291344
v -0.00909887719899416 -2.163845692848554e-06 0.008524442091584206
v -0.009355724789202213 0.0005305534577928483 0.0036266169045120478
v -0.009378992021083832 -2.2391448055714136e-06 0.0036517931148409843
v -0.00906958244740963 -0.0005853407201357186 0.008489958010613918
v -0.007320995442569256 -0.004512933548539877 0.010722458362579346
v -0.008035048842430115 -0.0034680410753935575 0.00950574316084385
v -0.008681035600602627 -0.002300136722624302 0.008043522946536541
v -0.008232679218053818 -0.00337975169532001 0.007548629306256771
v -0.00903692003339529 -0.0021076297853142023 0.00330243818461895
v -0.008659370243549347 -0.0031089463736861944 0.0029459556099027395
v -0.006728212349116802 -0.005402617156505585 0.010234738700091839
v -0.0061555709689855576 -0.006133395712822676 0.009802095592021942
v -0.005658628419041634 -0.006673264782875776 0.009483854286372662
v -0.006293301470577717 -0.0061135911382734776 0.007859528996050358
v -0.007102009374648333 -0.005261690821498632 0.006404147017747164
v -0.00818824116140604 -0.004048649687319994 0.0025395697448402643
v -0.007097539957612753 -0.005661136470735073 0.001791016897186637
v -0.006544114556163549 -0.006292878650128841 0.0015557846054434776
v -0.005985951982438564 -0.006589178461581469 0.005525671411305666
v -0.007656607311218977 -0.004906219895929098 0.0021367627196013927
v -0.006517661735415459 -0.006008595693856478 0.005896242801100016
v -0.009449419565498829 -0.0009836336830630898 -0.0019499465124681592
v -0.006994324736297131 -0.006056786514818668 -0.0028542664367705584
v -0.007556111551821232 -0.005380977876484394 -0.0027837080415338278
v -0.008080819621682167 -0.00461789732798934 -0.0026405085809528828
v -0.008550478145480156 -0.003782083746045828 -0.0024550952948629856
v -0.008947113528847694 -0.0028880760073661804 -0.002257910091429949
v -0.009252751246094704 -0.0019504132214933634 -0.0020793797448277473
v -0.009393705055117607 -0.0010174097260460258 0.0008428180008195341
v -0.009355438873171806 -0.0005350189167074859 0.003626622725278139
v -0.006804931443184614 -0.006149697583168745 -0.0005664865602739155
v -0.007364098913967609 -0.005493937060236931 -0.00042048475006595254
v -0.007905181497335434 -0.004735527094453573 -0.0001840702461777255
v -0.008403431624174118 -0.0038915686309337616 0.00010159576777368784
v -0.00883410032838583 -0.002979162149131298 0.00039539672434329987
v -0.009172440506517887 -0.0020154088269919157 0.0006561862537637353
v -0.009287817403674126 -0.001065220683813095 0.00355554954148829
v -0.008986096829175949 -0.0011650373926386237 0.008392410352826118
v -0.004959766287356615 -0.004877130966633558 0.022864975035190582
v -0.005470177158713341 -0.004403869155794382 0.023109693080186844
v -0.005983819253742695 -0.003828289918601513 0.023350777104496956
v -0.006468157283961773 -0.003164642723277211 0.023573817685246468
v -0.00664634769782424 -0.005349817685782909 0.012037415988743305
v -0.006087396293878555 -0.006070965435355902 0.011730512604117393
v -0.005603444296866655 -0.006599354557693005 0.011507404036819935
v -0.004962387960404158 0.004875027574598789 0.02286497876048088
v -0.005083856172859669 0.005048136226832867 0.02231445722281933
v -0.005472544115036726 0.004401491489261389 0.023109693080186844
v -0.005556625314056873 0.006261001341044903 0.01553773507475853
v -0.0055828215554356575 0.006457048002630472 0.013533001765608788
v -0.005606992170214653 0.006596904713660479 0.011507402174174786
v -0.00718478299677372 0.004350410774350166 0.014000738970935345
v -0.0066492208279669285 0.005346807651221752 0.012037421576678753
v -0.006090657785534859 0.006068255286663771 0.011730516329407692
v -0.00615886552259326 0.006130648776888847 0.009802106767892838
v -0.005662214010953903 0.00667078560218215 0.00948385987430811
v -0.006296585779637098 0.006110770162194967 0.007859522476792336
v -0.005781576968729496 0.006668906193226576 0.007485238369554281
v -0.0065208920277655125 0.006005655042827129 0.005896240938454866
v -0.005989493802189827 0.00658652326092124 0.005525669082999229
vn 4.1668286605973216e-06 -0.770262280608623 -0.6377272293498536
vn 4.79728409237225e-06 0.7702586229180114 -0.6377316471662942
vn -0.31885996475395295 -0.7702659278747039 -0.5522850018173852
vn -0.31886157981807833 0.7702627956240661 -0.5522884378595276
vn -0.5522883067600416 -0.77026244448245 -0.3188626551292057
vn -0.5522906790233761 0.7702597012736501 -0.31886517285167004
vn -0.6377271933585043 -0.7702623104181157 6.568227262910627e-07
vn -0.6377268495573627 0.770262595055196 -3.5321102383587054e-06
vn -0.5522857275715609 -0.7702636233706627 0.31886427462581846
vn -0.55229205581929 0.7702604272045527 0.3188610345613937
vn -0.31886567994867354 -0.7702599491547273 0.5522900405394132
vn -0.3188667676195615 0.7702647535760201 0.5522827119386642
vn -4.76421131082836e-06 -0.7702587132258061 0.6377315380918743
vn 3.534360840846278e-06 0.7702648245359697 0.6377241567245828
vn 0.318862469348829 -0.7702642267488267 0.552285928330425
vn 0.3188736774586 0.7702582849253895 0.5522877441405214
vn 0.5522890625095003 -0.7702623867665886 0.31886148554664806
vn 0.5522904714847212 0.770259732061125 0.3188654579478752
vn 0.6377282276542766 -0.7702614540873289 -4.567745537400311e-07
vn 0.6377267716848111 0.770262659526489 3.955906980045671e-06
vn 0.5522856749629258 -0.770263472024852 -0.3188647313438184
vn 0.552286916777879 0.7702627564562904 -0.3188643090286863
vn 0.31886243056578584 -0.7702620539971627 -0.5522889810106222
vn 0.31886450229149566 0.770258860812314 -0.5522922383290508
vn 0.6504320169932015 -0.21921390984505001 0.7272437369964776
vn -0.6803369959889496 -0.1947091711446749 0.7065620358899039
vn -0.6458335155234983 -0.41439893234543285 0.6412274129336055
vn 0.6278299813061061 -0.4580642914835991 0.6292905683710848
vn -0.6487894301760838 -0.6566765633506536 0.38451029431962924
vn 0.6371343324545558 -0.6774909362463744 0.36751309325206233
vn -0.6760590515942774 -0.7252055669589599 0.13046472476949267
vn 0.6486353874732098 -0.743586408326944 0.16233110444062798
vn 0.8629528157719448 0.3893386957821439 -0.32206803274763435
vn 0.939088528560341 0.3419886109973261 -0.03400772668811309
vn -0.270833129400177 0.9414130575302717 0.20097480222856856
vn 0.20001762100389547 0.24233903456192704 -0.9493496424476786
vn 0.1405911233802378 0.12396848119565503 -0.982275904059916
vn -0.3952274628208919 0.9183463048976396 0.02086424963932268
vn 0.2165696966338919 0.20997701004269145 -0.9534187022255415
vn -0.28624302539400703 0.9566077240549925 0.05446643637703041
vn 0.3685280513808499 0.26806043719024925 -0.8901295845880004
vn 0.5524666704992072 0.34313712575670335 -0.7596298380888873
vn -0.20662150037414698 0.9559120071432889 0.2086619040036423
vn -0.2109155976409038 0.9771481469895589 0.026383887254376983
vn -0.1579660139849172 0.9674241963170681 0.19783114720890546
vn -0.08910210688737952 0.9939570214329254 0.06411126338185148
vn -0.08137403439250784 0.9775399158698167 0.194406737043546
vn 0.0016645313647114378 0.9809144724454395 0.19443257721488189
vn 0.0023111436190115177 0.9992102041632208 0.03966896156022716
vn 0.06481166620042815 0.9794728801438497 0.1908725359684733
vn 0.12614306631402697 0.9895714845540247 0.06954281974754116
vn 0.13341673537368431 0.9716958924893637 0.19495401314547808
vn 0.2187409428213323 0.9568290204094818 0.19139128934166735
vn 0.2750108357675983 0.9440740013291216 0.18191569537791125
vn 0.3368267257791672 0.9390435072360696 0.06888431112138327
vn 0.2320379678129058 0.9701637219334789 0.07029035593476793
vn 0.34005487557655756 0.9197220442384787 0.19614801283318048
vn 0.42079955670853947 0.886704024785274 0.19152990759537464
vn 0.4350119718483592 0.8978157662699084 0.06849404489281859
vn 0.5184945474006877 0.8529486224586372 0.06034941392979275
vn 0.480742213973173 0.8559822750230944 0.19021374437842153
vn 0.5186487536204794 0.8274742873675542 0.21515058473887877
vn 0.8887869897668577 0.44972475157791525 0.08834780494924648
vn 0.8859574154624607 0.4577164616551594 0.07466658367005888
vn 0.8094481016160786 0.5871879868780205 0.0020096905891321044
vn 0.8574553047784121 0.5144269748528907 0.011631330580092959
vn 0.8843736158928551 0.4649495935864052 0.04129386075960353
vn -0.012017013582104757 -0.4949944682696629 -0.8688130223281654
vn -0.7875895507979958 -0.0814197836996693 -0.610797444572348
vn 0.038508606043039934 -0.38613016193867106 -0.9216401604215376
vn -0.760646708803068 -0.025180293180826124 -0.6486775294569626
vn 0.07698418760120296 -0.2544761480147544 -0.9640100232627021
vn -0.8373100724232285 -0.38269653385221786 -0.3904551262259289
vn -0.8305568071102947 -0.360717028764125 -0.4243331419089654
vn -0.07008854388472695 -0.5784523886020023 -0.8126994709834362
vn -0.812375397057913 -0.2868267614332873 -0.5077170700111339
vn -0.7907896455409374 -0.19721079163581945 -0.579447702702851
vn -0.7781036504256839 0.5737183511170918 -0.25573807457183734
vn -0.7595258796696822 0.5871346796890616 -0.27998804620629486
vn -0.8086357602431153 -0.37575148391992585 -0.4526798312140853
vn 0.10276354730199606 0.051654927242278006 -0.9933636906176435
vn 0.09942047561330651 -0.10533796641654466 -0.9894541332775617
vn 0.08673542496123311 0.2047278925389035 -0.9749684385011513
vn 0.053321918203809104 0.34318094435707086 -0.9377545587568505
vn 0.3077081481235759 0.30731335643332525 -0.9004855337738877
vn -0.8126122163681716 0.5274324121543046 -0.2479444220350592
vn -0.1747748077575779 -0.6793191170874583 -0.7127266683188007
vn -0.20783658883221182 -0.7231885095234459 -0.6586367223559938
vn -0.1319765933117898 -0.6529347434430038 -0.7458273256074981
vn -0.2845934788247486 -0.0317549663735078 -0.958122212413972
vn 0.5663082446088935 0.2935329463301567 -0.770151531522681
vn 0.05875881648997599 -0.09559467495697575 -0.9936845875852998
vn 0.03945703794810616 0.12499278162649476 -0.9913727587026148
vn 0.5384809495318825 0.32104152951501846 -0.7790831812572389
vn 0.18398461281280695 0.13124587695888815 -0.9741273951744781
vn 0.21542734607656458 -0.09802448948002955 -0.9715874937567834
vn 0.3621930251744103 0.1312077546397789 -0.9228221592687275
vn 0.36442577809301785 -0.07537581102332697 -0.9281768901313339
vn 0.5274732570316268 0.13224181401859575 -0.8392163402493534
vn 0.5025290456271294 -0.09905370926588236 -0.8588672312888392
vn 0.5659940202478775 0.12951034143299672 -0.8141731022980027
vn 0.5555200359339367 -0.09668999106927814 -0.8258622980273288
vn 0.3621170962084734 0.12858118134751598 -0.9232215814401331
vn 0.36342720703541687 -0.09691090806747853 -0.926568368272937
vn 0.09185483899647397 0.12902055786673786 -0.9873785414929208
vn 0.09300728319572082 -0.09662857066999256 -0.9909654709437787
vn 0.037494023550105546 0.027754566416067574 -0.9989113485395389
vn 0.05047104515264594 0.05630364821401306 -0.9971371885548107
vn 0.050912612330078086 0.03263896998913452 -0.9981696266385667
vn 0.05113269552103772 0.07277456164156286 -0.9960368018435016
vn 0.06739892042835513 0.06986093511502409 -0.9952772655245105
vn 0.013160629209928219 0.12102385466156228 -0.992562352923813
vn 0.10661358303326154 -0.03988790918059431 -0.9935001251202793
vn 0.04979628232398531 0.09982222900195174 -0.9937584479458739
vn -0.06598184982605557 0.7408291698078485 -0.6684448643346329
vn -0.08191483868921615 0.031176846924943585 -0.9961515765275576
vn -0.07917398127843832 0.029247271303812664 -0.9964316724240567
vn -0.06406055702331723 0.6877705205895258 -0.7230960904623085
vn 0.07540576014082526 0.6845511755840397 -0.7250542457941292
vn -0.01683810710826545 0.01505500014909526 -0.9997448800166577
vn 0.06530044688990129 0.030126764365239905 -0.9974107627777338
vn 0.029504525873843748 0.028804593966384445 -0.9991495275079658
vn 0.08909974946507218 0.06710817746881811 -0.9937593909805708
vn 0.12054762211154592 0.046375009126612576 -0.9916237337477147
vn 0.10363021769111706 0.038877243587055806 -0.9938557933183085
vn -0.03765263030038877 0.026698021384555858 -0.9989341795561968
vn -0.058945275572351796 0.023291580203797544 -0.9979894572485771
vn -0.07183801945985878 0.03326482174133983 -0.9968614500494047
vn 0.30729372374162295 -0.9349296648967007 0.1774178374491985
vn -0.34728132399296713 -0.9170327426039812 -0.19607812473071135
vn 0.2508988671041151 -0.934932235869378 0.2509013208776655
vn -0.30602686123043044 -0.910723144257867 -0.2773642275393768
vn 0.17741357572048813 -0.9349317186762802 0.3072899356683971
vn -0.21040372509440408 -0.9107230506991897 -0.35540652412633006
vn 0.0918358066566422 -0.9349388597892432 0.3427178330226101
vn -0.09598628078644474 -0.9107311118667695 -0.4016907713387297
vn -5.3174069757243086e-06 -0.9349247288598587 0.3548460952836386
vn 0.026993427502152462 -0.9107202856018267 -0.41214065107073955
vn -0.091831481785382 -0.934932802422277 0.34273551597103047
vn 0.1475689196953696 -0.910719687696453 -0.3857629639843838
vn -0.1774072335242834 -0.9349348215021319 0.3072841568256282
vn 0.2549555727164513 -0.9107301247233683 -0.324912751153574
vn -0.2509052474201549 -0.9349299036234434 0.25090363115684394
vn 0.3427350967237693 -0.9349325903143538 0.0918352058953485
vn 0.35482435212297564 -0.9349329810956524 3.268627363255665e-07
vn -0.34667347819553335 -0.9220396670251277 -0.17222181031449701
vn 0.342733537588919 -0.9349330609351666 -0.09183623349302288
vn 0.3072942166421433 -0.9349296936272463 -0.17741683232533184
vn 0.05618202947179676 -0.9948685136692019 -0.08414404360418515
vn 0.04316721201329909 -0.9959140560533498 -0.07932077131725404
vn 0.2509109026602389 -0.934927213765596 -0.2509079988496258
vn 0.022273151796917176 -0.995913750491724 -0.08751975942916759
vn 0.003704603094444033 -0.9956690620521866 -0.09289453583516938
vn 0.7116223490401334 -0.6888317626450283 0.13821879437307283
vn -0.17741240462279506 -0.9349337280515316 -0.30728449820585185
vn 0.7138855498918267 -0.6916722722671571 0.10934756253539485
vn 0.7233929239554971 -0.690262522130489 0.015502519574973646
vn 0.03999900265221229 -0.9939825661490952 -0.10197420251459494
vn 0.1774182081739286 -0.9349300624421958 -0.3072923001804378
vn 0.010351324711471802 -0.9945475184805996 -0.10376937679681317
vn 0.09183115435164227 -0.9349362831965234 -0.3427261085081131
vn -0.005601540535640606 -0.9958242258802118 -0.09111933874707677
vn -6.497203371075038e-07 -0.934929857856045 -0.35483258149281227
vn -0.0918373974422616 -0.9349264174690413 -0.3427513476990803
vn -0.03955248281429932 -0.9940944979424385 -0.101053106156098
vn -0.04918865135667405 -0.9911180163577047 -0.12355385153397756
vn -0.3072866450443264 -0.9349330997940385 0.17741199702081165
vn 0.3395707041278532 -0.9107348612659623 -0.23506116091983897
vn -0.342736423737002 -0.9349321293702479 0.09183494604552173
vn 0.39385955116604554 -0.9107385409641598 -0.12421740601765262
vn -0.35482516582348633 -0.9349326722804384 -9.454320654423574e-07
vn 0.4129850122483889 -0.9107349287074251 -0.0022954935154164426
vn -0.34273363069422286 -0.9349330962219375 -0.09183552678575557
vn 0.3828376838370184 -0.9218356309484312 0.060451446204492866
vn -0.3072885533257089 -0.9349318831921544 -0.17741510303738162
vn 0.35608943882959654 -0.9343013266005552 0.01677327238393593
vn -0.2508927617871294 -0.9349354800664891 -0.2508953371341731
vn 0.3641078834632217 -0.9293230018613393 -0.06151591185508038
vn 0.7146924464696757 -0.6977869103640344 -0.04804305031744942
vn 0.9263457692948628 -0.3636750460672051 -0.09810186836918555
vn 0.9141468269701208 -0.3772290594201808 0.1484379178964251
vn 0.9196887119853162 -0.3905312223447302 0.04071900564504483
vn 0.9927331758799516 0.013961972248490493 -0.11952365806917652
vn 0.8670346382530821 0.49815725225513746 0.00950200478626748
vn 0.8698520623332603 0.4851345139794017 0.08945330066880514
vn 0.8846721374026986 0.4490994111607302 0.12515961089115812
vn 0.10523261582946156 0.9932994529951289 -0.04777335287863608
vn 0.12698437034664162 0.991712638226166 -0.019519550972410905
vn 0.21994439309328298 0.2446362308415612 -0.9443397579825078
vn 0.1228474229672988 0.992393618984855 0.00796339553431862
vn 0.10605722097710801 0.9933123397916012 0.04563399496370876
vn 0.07742004706080523 0.9917992784068782 0.10168740170098886
vn -0.7471248420199342 0.585876787983047 -0.31393129780153484
vn 0.12877650396481208 0.9847724078629477 0.11679005410741569
vn 0.11938213764276766 0.976593149933418 0.17892379583210294
vn -0.6988719612794436 0.6064692824467576 -0.3791740908684809
vn 0.1177490081013762 0.9651977161204959 0.2335134683201823
vn -0.6280568986798024 0.6300552389666921 -0.4567000414619345
vn 0.0940818323678122 0.9604417770788544 0.26210723313164624
vn 0.10657670174383022 0.9526602325642292 0.28474530362426587
vn -0.5390932862047039 0.6510776438853518 -0.5342998506472861
vn 0.10404133430736016 0.9481151022298296 0.3004216265172397
vn -0.44222173022647543 0.6762280039670089 -0.5891991411791919
vn 0.10889482695927685 0.9363606072831393 0.33372253413555936
vn -0.36620572359006065 0.685711651584693 -0.6290412537273473
vn -0.26921964938385307 0.6939903618397164 -0.6677560617914408
vn 0.1053596052873763 0.936180822479137 0.3353577510599314
vn 0.1201217155303258 0.9308158267731552 0.3451849795206316
vn -0.1294908563696156 0.6978784117377121 -0.7044131178130572
vn 0.1250509890150172 0.9261373758196477 0.35585363740766024
vn 0.037530396561878336 0.6948048478518009 -0.7182184157591228
vn 0.1238785565874798 0.9281100353374117 0.3510923888719196
vn 0.17801053586119134 0.6855684996337807 -0.7059094003002782
vn 0.14112086037397395 0.9197081482991178 0.36636296854283373
vn 0.3100390763325498 0.6631485458906734 -0.6812560291329132
vn 0.1419895165244843 0.9194640648275443 0.36663989238482037
vn 0.44057742771649855 0.6289742146570153 -0.6405333461134589
vn 0.1457335479897336 0.919815034723305 0.36428290501653987
vn 0.1433504755233553 0.9160902253597824 0.37447208196004544
vn 0.16036747519346325 0.9200120785926102 0.35757523424277954
vn 0.5655730764175002 0.5883990212526736 -0.5778526516513879
vn 0.14867667039137225 0.9204599413860118 0.36145365399314305
vn 0.1621250338029134 0.9227698929452546 0.3495871823854635
vn 0.6686643593570155 0.5493608446540889 -0.5010894499853472
vn 0.1484683443751035 0.941675250848181 0.3020014447954365
vn 0.75467811857388 0.5063533591224648 -0.4172136299921
vn 0.16840008246786717 0.93320867155107 0.3174318628724954
vn 0.14595516522398583 0.925751885364166 0.348827373480252
vn 0.136910458689667 0.9559040629450218 -0.2598132959388041
vn 0.13312639937094226 0.9478883764235709 0.2894563656781707
vn 0.1280584041235265 0.9579588143531574 0.25674102737277554
vn 0.8082547458328518 0.482425469483183 -0.337623950916701
vn 0.12353477257187959 0.9686635301885734 0.21547650741606345
vn 0.8502213995979263 0.4533596495876888 -0.26756046006738626
vn 0.14446528936771913 0.9621021334690977 -0.2312774631089497
vn 0.880887993825415 0.43724927734434094 -0.1812440669265816
vn 0.1203161742036242 0.9838903016991852 0.13222667071090258
vn 0.90139570455223 0.42290093830641395 -0.09295472120523837
vn 0.12679285302025342 0.9908718454821852 0.045788189019798954
vn 0.9107577635858615 0.41293460002426696 0.002304814716820496
vn 0.11039371523833708 0.993887456179569 0.0009757483190965367
vn 0.9071261670027346 0.41302793633066065 0.080808668776082
vn 0.11672471311751581 0.9904841295575126 -0.07291454204978792
vn 0.12641247763944344 0.9809975548452957 -0.14718587868613126
vn 0.11663871466937052 0.9700482292891843 -0.21307708251521398
vn 0.08221470994128759 0.958768515925371 -0.2720361636612518
vn 0.09209389199242304 0.9464326260478642 -0.30948990195131054
vn 0.10005385900164292 0.9395263976128279 -0.3275353011318656
vn 0.1121207465413274 0.9428565373651755 -0.313768207667327
vn 0.08466801445135984 0.9673310480524102 -0.23896018664767127
vn 0.10193601341887946 0.9604929614838749 -0.2589639359219764
vn 0.10779687249492019 0.9699404660606518 -0.21816353173332897
vn 0.1308489893951328 0.9765703029481846 -0.17084784275478387
vn 0.12578011796270513 0.9862012170491885 -0.10764070520015812
vn 0.12064849912868353 0.931201466238082 -0.3439589640262952
vn 0.11442579271342689 0.9260861296221967 -0.35954306902412075
vn 0.13890257557969604 0.9257860278854492 -0.35160532571252284
vn 0.13328017291096417 0.9241114156042761 -0.3581263562748272
vn 0.14883765563825016 0.9210513644709383 -0.3598773906073184
vn 0.14560615009345945 0.9168718051275944 -0.37167854661928956
vn 0.13906513360239683 0.9433603869922 -0.30121764368986437
vn 0.1627709270395955 0.9290194146838898 -0.33230791812876426
vn 0.1535285428499451 0.9230821061521894 -0.35263070177171313
vn 0.15013799964860375 0.9165294929286468 -0.37071858552475256
vn 0.9275715729134131 -0.3736383450408952 -0.0023160824765106605
vn 0.8833829910260916 -0.3766417748527564 -0.2788825283189354
vn 0.7615614574153969 -0.37555001610306454 -0.5281915675058855
vn 0.5725768636335019 -0.37466873825385677 -0.7292318368028682
vn 0.3311040947457735 -0.37488622072925953 -0.8659274796135729
vn 0.06029285820440775 -0.37444394872570974 -0.9252872529718764
vn -0.2153629320757906 -0.37419353603208183 -0.9019966768672297
vn -0.47225952691833045 -0.3745620043148996 -0.7979186952055203
vn -0.6886230736601348 -0.37300388421467273 -0.6218250274664373
vn -0.33348017632088084 -0.9016744830623012 -0.27527095487051684
vn -0.22080828838822317 -0.19882345550056923 -0.9548366003258759
vn -0.29580246599700927 -0.39553818019685827 -0.8695116152856417
vn -0.3167178420181201 -0.6381475548968478 -0.7017531665240704
vn -0.33432269059265823 -0.8129625002965792 -0.4767811989439392
vn 0.022591360623460864 -0.9256347344882168 -0.377743257695103
vn 0.04841576013374969 -0.7088414077804686 -0.7037043219893387
vn 0.05745946603643836 -0.3888743672084722 -0.9194972192948805
vn 0.2170231912943849 -0.9209325475856093 -0.3237038418645662
vn 0.17655290801015772 -0.929294001219972 -0.32440981793054857
vn 0.0910828526842999 -0.9293001792755484 -0.35791771504819936
vn 0.1724392324399014 -0.7149161699061923 -0.677613150051117
vn 0.2197092822047401 -0.38059082699842856 -0.8982641336031012
vn 0.4495801537313331 -0.3806070826314071 -0.8080940131084502
vn 0.3342377805315105 -0.714908920248627 -0.6141582384160553
vn 0.3977084801490493 -0.7012083919233539 -0.5917218568836184
vn 0.5168980734672964 -0.3777267044707671 -0.7682049976246257
vn 0.03800597460157792 -0.9192060654316687 -0.39193845839393593
vn 0.14684122002671016 -0.9155812001353579 -0.3743644241374507
vn 0.26228824420135427 -0.6957246152545976 -0.6687093065619866
vn 0.33852895942579403 -0.37476863919235737 -0.8631028969410296
vn 0.06775049492035196 -0.7000594935484338 -0.7108632610641499
vn 0.08702418529011852 -0.3773950857298362 -0.9219543049639503
vn 0.03614940770384499 -0.5332656553454029 -0.8451751067984072
vn 0.11269016558209329 -0.1694271431101627 -0.9790788373561186
vn 0.08035866887938188 -0.3424736864456621 -0.9360845359412002
vn -0.025389530506734096 -0.9034271584414038 -0.42798918342773384
vn -0.04744877228432271 -0.6723718931816558 -0.7386911744890596
vn -0.03644709563548972 -0.8023361557992407 -0.5957585939934348
vn -0.021581164683327086 -0.9366409852499551 -0.3496253967904859
vn -0.18728838273229895 -0.8690269185513431 -0.4579468053460765
vn -0.13682740744981478 -0.9194020763834709 -0.3687520610279004
vn -0.10776296319990229 -0.9216681906927591 -0.3727128788055388
vn -0.10186835646752761 -0.9420848311508914 -0.3195293552492504
vn -0.19618395960476556 -0.7459762076400289 -0.6364207347571227
vn 0.22816792757343443 -0.4720152857425533 -0.8515520928588103
vn 0.4794398235733497 -0.414292195085364 -0.7736274508206817
vn 0.5545352637755976 -0.5664842182586434 -0.6095787657827509
vn 0.8020136602790892 -0.4143018486643253 -0.43026511236569054
vn 0.785039005415148 -0.5664737559598231 -0.25064166410548366
vn 0.9096960984087966 -0.4143028093945218 0.028393496924820082
vn 0.8051835237078941 -0.5664763015219169 0.17545396251834702
vn 0.7736242711717872 -0.41430232660085364 0.47943619932900433
vn 0.60958290233818 -0.5664583000185078 0.5545571922868759
vn 0.43026125144921934 -0.41428214632839827 0.8020259090172134
vn 0.2506504471863336 -0.5664814934016997 0.7850306178479098
vn -0.02839031494448963 -0.4143014868631164 0.9096968000385424
vn -0.17546053094946962 -0.5664733988135938 0.805184134540358
vn -0.45945715710203733 -0.39442256609544857 0.795820306440088
vn -0.6233768541164258 -0.4720156824369324 0.6233798948358099
vn -0.7958202271599137 -0.3944155323551399 0.45946333246533955
vn -0.8515555865768892 -0.4720080314007245 0.22816989561049203
vn -0.9189361731066054 -0.39440627499251973 1.6468104405705796e-06
vn -0.8515546613818611 -0.4720097657383107 -0.2281697607626586
vn -0.7958138891532671 -0.39442293424848895 -0.4594679561945135
vn -0.6233758863306135 -0.4720168157508632 -0.6233800044835717
vn -0.4594792197098041 -0.3944042034469646 -0.7958166691884727
vn -0.2281700964816462 -0.4720144368744004 -0.8515519822381361
vn 8.007221226171134e-06 -0.39442009301599323 -0.9189302422714901
vn -0.3176526527563977 0.41661022517749735 0.851782080390506
vn -0.42790307630702684 0.4396616160314734 0.7896813412228858
vn -0.6703627401394966 0.47013197182902966 -0.5740990556487742
vn -0.7287556343798341 0.49084125910801374 -0.4774830716548025
vn -0.7618376788003294 0.4872191210767985 -0.4268733760932836
vn -0.6183645648002569 0.4540930618522226 -0.6414240065487591
vn -0.5668110165448809 0.42987339851631734 -0.7028044769147321
vn -0.47575340271637295 0.43832509517327556 -0.7625810191351025
vn -0.39134048885782147 0.41951292713311444 -0.8190613687317497
vn -0.32765486922610887 0.3964306428045731 -0.8576042397971074
vn -0.2600175487815029 0.412978087764758 -0.8728344478489736
vn -0.220139327333178 0.4139181537458823 -0.8832952159730608
vn -0.14095570129404325 0.3956036447636869 -0.9075402175784779
vn 0.17642395397355418 0.3827424057401338 -0.9068532622825988
vn 0.1071130281145434 0.3913902422044595 -0.913969626144801
vn 0.009125609974051145 0.38074680987160137 -0.924634300691468
vn -0.013253108072122459 0.3893834013294439 -0.9209804134158022
vn -0.08318279274666784 0.38005451912376126 -0.9212161448240427
vn 0.22535102210315022 0.3814369937196295 -0.8965058486475125
vn 0.2684412504920003 0.38551659352439965 -0.8827889052042022
vn 0.35003237254106934 0.39158691208437646 -0.8509624130697506
vn 0.42235668462813486 0.3975430897967481 -0.8146007136657718
vn 0.4811472406249644 0.4058928299874719 -0.7770124473930543
vn 0.5745150501278471 0.41906660574189075 -0.7030758402395634
vn 0.6313899401993993 0.4277884543671569 -0.6467950074986338
vn 0.6917725286172556 0.4146794839900242 -0.5911782254178984
vn 0.753410954748714 0.4388486701385493 -0.48967721815728577
vn 0.7924057780243633 0.4460801194180639 -0.4160596231474156
vn 0.8438572495489044 0.42718768385255423 -0.3246777250573993
vn 0.8713369303381092 0.45464543304196964 -0.18457920804641234
vn 0.881833358745553 0.4661405734727362 -0.071294411885123
vn 0.89235014165037 0.4510827498513317 -0.01534853358226391
vn 0.8895479936076935 0.4556568672691285 0.032881398677829646
vn 0.8782029575234828 0.44886193107131334 0.16517424808952283
vn 0.8483139167842038 0.43542335769783225 0.3012805970542889
vn 0.8491942256220152 0.38869785493477726 0.35746768348947117
vn 0.7705578758304624 0.4319908564284141 0.46864107796680715
vn 0.7214399078842255 0.4319967997986394 0.5412053439090698
vn 0.6922106501107286 0.40413687406248106 0.5979279244995077
vn 0.6709363101263469 0.38997032196847836 0.6306882080218749
vn 0.5809074012171174 0.4197072432536862 0.6974183975000704
vn 0.49743714438536507 0.4017942747890526 0.7688417575369282
vn 0.44078052615956426 0.3907514905333722 0.8081001178099442
vn 0.38703095469876403 0.38195054026587233 0.8392382408443811
vn 0.3531335231049685 0.3757079580320851 0.856819844034225
vn 0.2654933037242291 0.3921825527982455 0.8807418185587907
vn 0.19578894670304578 0.3850451915785379 0.9018907299618724
vn 0.1449587350254581 0.37317824132486177 0.9163650829999483
vn 0.10921860766272752 0.37346435350097135 0.9211925273276573
vn 0.021060047792916165 0.3946359929226879 0.918596161257429
vn -0.05824882184627891 0.3833912144310481 0.921747390259721
vn -0.12337977488128328 0.39266245633523983 0.9113690945687262
vn -0.20364477392381738 0.4113809572276672 0.8884224862552532
vn -0.7248051753809353 0.4732954117012193 0.5006484904637035
vn -0.6732625212401112 0.48896084458930233 0.5546484201292968
vn -0.6350422841067667 0.46443457928021564 0.6172696485048248
vn -0.5615105592471441 0.46319638610569663 0.6856784959094034
vn -0.5182078967326631 0.44417611368966775 0.7308680837137799
vn -0.7583879279039738 0.489461601072426 0.4304359323815031
vn -0.7936436895672454 0.4789841675488892 0.37510513359268677
vn -0.8126629720694741 0.518529618633395 0.2659058638449236
vn -0.843135424456692 0.5104550875955337 0.16899189203648213
vn -0.8551624510406667 0.518321798802337 0.0063004139887133034
vn -0.837088003845166 0.5299743777435543 -0.13568652384760901
vn -0.8163947790171936 0.5149426281696633 -0.2614070666359027
vn -0.8135789178223278 0.45124465925449114 -0.36669824375001864
vn -0.49829805781522873 -0.08249117278517122 -0.8630725647302767
vn 2.605867005579774e-06 -0.0825173467205938 -0.9965896284245601
vn -0.8630732179403916 -0.08250589813107052 -0.498294488478051
vn -0.9965916268430809 -0.0824932075604609 -3.5564101330962744e-06
vn -0.8630739493801237 -0.08250314969642049 0.4982936766521984
vn -0.49426377292914103 -0.08141018670930239 0.8654915968799506
vn -0.018508813498505527 -0.061907089502195534 0.9979102845908767
vn 0.4829201316011561 -0.061880493728767555 0.8734752148688628
vn 0.8549627868589806 -0.06190797792085194 0.5149815873951966
vn 0.9979107763400196 -0.0618993916608485 0.01850804626308248
vn 0.8734728928790482 -0.061907200662621356 -0.48292090854675634
vn 0.5189718239860802 -0.06300823037190832 -0.8524659575689586
vn 0.3677858165039898 0.6766144746226133 0.6379078663174318
vn -0.6855596064078013 0.683433286950069 -0.25085248324584136
vn -0.7290497026845589 0.6844600879104632 -0.0009586830325413716
vn -0.5589007593751116 0.6813508125919532 -0.472642583090234
vn -0.36555117406223614 0.6785221805322258 -0.6371655904609995
vn -0.12643328995501177 0.6766539670888703 -0.7253647579073896
vn 0.12720043942360934 0.6763953235287166 -0.7254718564623467
vn 0.3722931034737885 0.6750668015557427 -0.6369322244502583
vn 0.5643961091053029 0.672870176750524 -0.478228770847712
vn 0.6933945180826111 0.6750669267191329 -0.25196961472163293
vn 0.7368856395370241 0.6760069280459272 -0.0037666268755399295
vn 0.6906315051896875 0.6779254954033058 0.2518832005545606
vn 0.563053095837296 0.6773740819101176 0.47342957704864846
vn 0.1284637937343926 0.6767006770823448 0.7249643076287712
vn -0.1264699190458606 0.6777488435497071 0.724335464162544
vn -0.37126781078751103 0.6772851001652062 0.6351732879830948
vn -0.6852805589489276 0.6818681797578658 0.25582482475385443
vn -0.5600346304595204 0.6754758790526453 0.47968067451599977
vn -0.3350841805954415 0.7422064880421114 0.5803861826601979
vn -0.5803887878802829 0.7422030437939539 0.3350872971120304
vn -0.6701753230560513 0.7422028269726282 7.459197908295318e-07
vn -0.5803909379775922 0.7422017967856642 -0.33508633508638025
vn -0.3350854581166914 0.7422063241088632 -0.580385654725835
vn 4.453125662808726e-06 0.742204302500019 -0.6701736889274525
vn 0.33508670714460415 0.7422001123800713 -0.5803928771771717
vn 0.5803861566434871 0.7422043104080014 -0.3350890490427654
vn 0.6701746153056469 0.7422034660384568 -6.552629344792247e-07
vn 0.5803922217953474 0.7422012869029616 0.33508524079560376
vn 0.3350865165449641 0.7422046243567686 0.5803872173068508
vn 1.6166163963636267e-06 0.7421998069526512 0.6701786676378425
vn 0.37617372787160686 -0.9007335922333283 0.21719190197063676
vn 0.21718395753018443 -0.9007415519641626 0.3761592550459431
vn 4.892979433794759e-07 -0.9999999999998803 3.501563821537869e-13
vn -7.4568280837735815e-06 -0.9007329175531351 0.43437335459327236
vn -0.21718307323391406 -0.9007359635869553 0.3761731471035
vn 0.21718325751845016 -0.9007365718085609 -0.3761715843338456
vn 0.37616964104253026 -0.9007374355196067 -0.21718304126127383
vn 0.4343650565725277 -0.9007369192064483 -2.687188696022741e-06
vn -0.37617190519589566 -0.9007344643520984 -0.21719144198063672
vn -0.21718256858990811 -0.9007362613020348 -0.3761727255880236
vn 1.611612759858573e-06 -0.9007335425924168 -0.4343720585469527
vn -0.3761683629440104 -0.9007375980159359 0.21718458103766355
vn -0.43436710371187176 -0.9007359320060248 2.4896024545413655e-06
vn -0.46607869203647195 -0.36202832263864 0.8072831885014232
vn -0.8072767356027681 -0.3620289603117049 0.46608937345767115
vn -0.9321676895289067 -0.3620267926155705 -5.179034202277213e-06
vn -0.8072773860170152 -0.3620255982938668 -0.4660908583157396
vn -0.46608445589521147 -0.36202883529956076 -0.8072796308495019
vn 1.0166666254086003e-06 -0.3620272096796957 -0.9321675275670678
vn 0.46607830430757174 -0.362028375778383 -0.8072833885229178
vn 0.80727645019909 -0.3620294160729718 -0.4660895137758621
vn 0.9321674708224088 -0.36202735576244444 4.495108868264819e-06
vn 0.8072821337518844 -0.3620281044115838 0.46608068844478
vn 0.46607951477507814 -0.3620284885035156 0.8072826391164916
vn -1.2777502333087517e-05 -0.36202236842154506 0.9321694076717979
vn -0.42490902095054667 -0.4049822929600633 0.8095935191833352
vn -0.4369531025475615 0.34049287778112003 0.832548248664539
vn -0.7524691154985 -0.4049869492878732 0.5193994620014606
vn -0.7738072490149179 0.3404930595652808 0.5341224744942297
vn -0.907656951061142 -0.4049840633119937 0.11021237522936565
vn -0.9333914975388238 0.3404949212746835 0.113329258836273
vn -0.8549064324348312 -0.4049881002493245 -0.32422157614506864
vn -0.8791468982236732 0.3404919211878989 -0.33341563093152693
vn -0.6063032616110164 -0.40499077590636345 -0.6843820763218489
vn -0.6234953924710448 0.3404922091951214 -0.7037887119333499
vn -0.21880727902062533 -0.404983298469188 -0.8877566685801953
vn -0.22501205919123002 0.34049362516040355 -0.9129258811336488
vn 0.21880973927902528 -0.40498322908674295 -0.8877560938428527
vn 0.22501467515840953 0.3404961796161908 -0.9129242836238579
vn 0.6063102634478756 -0.4049837715899758 -0.6843800181087448
vn 0.6234985945004097 0.34049229477463755 -0.7037858337982622
vn 0.8549080884530609 -0.40498541623617884 -0.3242205621695555
vn 0.8791462670864527 0.3404913533328895 -0.3334178750059647
vn 0.9076565155614383 -0.40498670044834745 0.11020627123185363
vn 0.9333912517727045 0.34049369214770964 0.11333497572155153
vn 0.7524727632365126 -0.4049878829557073 0.5193934493678772
vn 0.7738078922202957 0.3404931041060965 0.5341215142584858
vn 0.424903799408274 -0.40497749829622287 0.8095986580535729
vn 0.43694813703267765 0.3405046317605875 0.8325460475512805
vn -1.8388598689960447e-06 -0.4049859404254503 0.9143229123533612
vn -4.8640261806125866e-08 0.3404910760164609 0.9402477477522351
vn -0.28554113457033764 -0.9025414275798648 -0.3223123205376799
vn -0.10304873573010723 -0.9025366738907616 -0.4181010767106769
vn 0.10304691303114888 -0.9025492373702585 -0.41807440466634077
vn 0.2855315184258506 -0.9025497800912711 -0.32229745025771805
vn 0.40261418979881447 -0.9025447462706512 -0.1526918306651995
vn 0.42745985960100924 -0.9025430368444797 0.051905058264387835
vn 0.3543744694700473 -0.9025436382941631 0.24460931372815162
vn 0.20010539709686612 -0.9025500166171213 0.38126276707428386
vn -9.701812433752463e-07 -0.902541462417938 0.4306029593669191
vn -0.20010833292140948 -0.9025454051022063 0.3812721427331253
vn -0.35437147765140364 -0.9025471231936641 0.24460078953674969
vn -0.4274536640102543 -0.9025461220186378 0.05190243494602629
vn -0.40260891661791204 -0.9025483599950181 -0.1526843742170564
vn 4.039507952919502e-07 -0.36347698462886446 0.9316031782067649
vn 0.43293380024975564 -0.36348898627763626 0.8248903451102825
vn 0.7666944238155244 -0.36348061534103127 0.5292083736690929
vn 0.9248109123039762 -0.36347775867701265 0.11228844744951454
vn 0.8710647574846777 -0.363477435689641 -0.33034881869418387
vn 0.6177629473126257 -0.3634858820267447 -0.6973141003126623
vn 0.22294314025086576 -0.36348571096671045 -0.9045299852067414
vn -0.22294628233722108 -0.36346816844884455 -0.9045362600340877
vn -0.6177684594863669 -0.36347650048108904 -0.697314107172558
vn -0.8710602650466712 -0.36348276773762483 -0.33035479747480384
vn -0.9248089697768822 -0.3634814587790753 0.11229246877710636
vn -0.7666905653487577 -0.3634833412788942 0.5292120913376162
vn -0.43293543019292235 -0.36347853289510096 0.8248940958741883
vn 0.4973323849484627 0.6601357310676723 0.5629221220108729
vn 0.6983475794808005 0.6631160225179044 0.26942122951493874
vn 0.7436410900910295 0.6615445047242291 -0.09673054014839137
vn 0.618488241857204 0.6590859375203469 -0.4278761756014353
vn 0.3493360721133791 0.658347800733141 -0.6667401907716624
vn 0.002453453698266642 0.6599162877047124 -0.7513351274810606
vn -0.3491236083093501 0.6608381281153404 -0.6643836802255702
vn -0.6180605418965001 0.6604454522030101 -0.42639532269358466
vn -0.7450788579017181 0.6607329492878816 -0.09104650038968737
vn -0.7016186151054445 0.6608927295450968 0.2663683895884598
vn -0.49775922208265194 0.6606786650206905 0.561906983777699
vn -0.18033114834335243 0.6612649620480453 0.7281547410439384
vn 0.18145767727529533 0.6607072355590271 0.7283811229279648
vn -0.6046644630047655 0.5908922378539831 0.5340667097124389
vn -0.5613949717058201 0.576334992736473 0.5938633360385799
vn 0.8525476688880493 -0.42602100686678374 0.30276818522058224
vn 0.892119698278696 -0.3859512517220282 0.2348703370741572
vn 0.9307012234376189 -0.339285851224334 0.13667605441590328
vn 0.8015387560246677 -0.4530664021507453 0.390213349121487
vn 0.7082162812819965 -0.5185490129185839 0.47909980184535894
vn 0.27338867146228746 -0.7197608599385366 0.6381245480442074
vn 0.3699607665609803 -0.6854712977265457 0.627102966982853
vn 0.4443203093698089 -0.652213055557727 0.6141641416116462
vn 0.5671957941036244 -0.594310921624727 0.5701609067524067
vn -0.13234758769389948 -0.8244669386551479 0.5502166692278724
vn 0.0026934070098555713 -0.787771752956137 0.6159613711939204
vn 0.16313059946134384 -0.7537882288632507 0.6365467096345611
vn -0.6522692419334765 0.6018387343774968 0.4607981920867537
vn -0.7028549828139483 0.5970249256756829 0.3867248521307491
vn -0.7742415308864419 0.6303420070866878 0.0567362842680508
vn -0.7676806857538307 0.6295608654556935 0.11966403556293113
vn -0.7417511716799947 0.6337512320965654 0.21946429123536396
vn -0.7203169918882695 0.6170983012358789 0.316754033610982
vn -0.6554509836680382 0.6525955682526486 -0.3801355446490153
vn -0.7091133342997556 0.6328734458544462 -0.3108528279597957
vn -0.7254478055014184 0.6529560542610772 -0.2176553989612518
vn -0.7658301008071237 0.6389884177955875 -0.0720975632101579
vn -0.6012242960783579 0.6604622921902589 -0.449798739882486
vn -0.5345910231799565 0.6550656802187365 -0.5339488669666518
vn -0.3242189886557154 0.6431166302076629 -0.6937456647398996
vn -0.36805513770678855 0.6412295812767754 -0.6733201613669741
vn -0.44451433840390797 0.6542989078172816 -0.6118005738657395
vn -0.49741052204337155 0.6427999200701489 -0.582572772551508
vn 0.05034742766726815 0.7789847224322729 -0.6250183507261239
vn -0.035881504067865715 0.7505175248163486 -0.65987571754791
vn -0.12489475198464241 0.687272947747501 -0.7155817187583506
vn -0.18830292605511664 0.6710038128500552 -0.7171442610659097
vn -0.2585533710394064 0.6647433597279143 -0.7009040020015607
vn 0.9514048309662576 -0.29273900095887045 -0.09556529145913148
vn 0.9545699047053372 -0.2666452454946908 -0.13302860626917623
vn 0.9319986069007141 -0.2907199499558046 -0.21647287920851127
vn 0.9244061804121703 -0.2791114412197381 -0.2599423339820253
vn 0.1425808761017035 0.8071654207557182 -0.5728478657604609
vn 0.9366713180365256 -0.3122605892623517 0.1585565084165483
vn 0.9480351783983832 -0.3060720004762557 0.08688631102543493
vn 0.9541124364164643 -0.2993778394242557 -0.006509065762683634
vn 0.5683929269235533 -0.7625313012108363 -0.3089910925851834
vn 0.7066302504218751 -0.6273253820034024 -0.3273172074349337
vn 0.6937219785634683 -0.6723752281514207 -0.2581886307069148
vn 0.696289322193745 -0.717601322244257 -0.015149987203599493
vn 4.58696433634596e-06 -0.406980976058739 0.9134366344225722
vn 0.45672006947553306 -0.4069667636672621 0.7910656302788405
vn 0.7910630155327185 -0.40696476097805406 0.4567263828358913
vn 0.9134434492867345 -0.4069656802681246 6.249421200089924e-06
vn 0.7910626390543921 -0.40696577091948377 -0.4567261350001892
vn 0.4567144001660477 -0.4069681860907354 -0.7910681716457715
vn 1.1246569494018653e-05 -0.40696247063985597 -0.9134448792150619
vn -0.45671433805611317 -0.40696420306573944 -0.7910702565746192
vn -0.7910656465329879 -0.4069705158506058 -0.4567166978594472
vn -0.9134425272012267 -0.4069677499247165 -4.631360501909955e-06
vn -0.791061595897212 -0.40696438980805977 0.456729172403854
vn -0.45671758806114193 -0.4069683406332265 0.7910662516362652
vn -0.1628923595838179 -0.9454453738800059 0.2821331674903037
vn -0.28213533422243375 -0.9454453537555632 0.16288872350538486
vn -0.3257745888870531 -0.9454474693156918 -1.5962047294851606e-07
vn -0.282128765483604 -0.9454476568495248 -0.1628867331750522
vn -0.16288813404632624 -0.9454450819369546 -0.2821365854123336
vn 1.1098805141388266e-06 -0.9454468059195685 -0.3257765141554165
vn 0.1628855970558026 -0.9454474853863402 -0.2821299960096785
vn 0.28213371119043684 -0.945446106212502 -0.16288716725859495
vn 0.3257764342459444 -0.9454468334549518 -4.6779053871926106e-08
vn 0.28212955324996214 -0.9454471262280008 0.16288844860883106
vn 0.16288869798293332 -0.9454473519008831 0.2821286530167262
vn 1.631833013083588e-06 -0.9454519633827346 0.3257615461239546
vn -0.28084076395159924 -0.7052205623180299 -0.6509934130134679
vn -0.3169783955489327 -0.6973390277094939 -0.6428397756738474
vn -0.48688942904740534 0.01107222148256028 -0.8733934335643546
vn -0.29721613117371226 -0.7088755177385058 -0.6396546503552493
vn -0.2127070676574257 -0.7298801420349277 -0.649638885560011
vn -0.4882926709139341 0.07573503501609748 -0.8693874119187871
vn -0.39654309377174185 -7.81548900585668e-06 -0.9180161080944352
vn -0.495319434608208 0.018248265914939405 -0.8685192332300437
vn -0.5035326957411517 0.03378548101229716 -0.8633153338105471
vn -0.4973087059513997 0.06110974706275245 -0.8654187713464914
vn 0.5605067729964581 0.5769851860797572 0.594070915354055
vn -0.018586055253700624 -0.021203904745705215 0.9996023974429239
vn 0.4879942899385176 0.7110227673128825 0.5062688982646797
vn 0.4891110379438289 0.7027673814831458 0.5166124273426194
vn 0.47891511114849844 0.7078621741014228 0.5192027145441638
vn 0.18086239435586027 0.08531522546550722 0.9798010546083501
vn 0.2697797907921432 0.6224747943621217 0.7346727127530882
vn 0.18164910203892168 0.7539322455907435 -0.6313396651462287
vn 0.3350010890988611 0.8059880510296596 0.488013864454677
vn -0.6872133754042987 0.6938470357943617 -0.21520703423635593
vn 0.3141914714629886 0.8349118950170002 0.4518914104284829
vn 0.6849325053143179 0.707178054701567 0.1754042819099911
vn 0.3670560381778532 0.8237099797848707 0.4321709546464065
vn 0.6895487304850975 0.7092308973934673 0.14667679594553307
vn 0.08567247865907704 0.995261508621787 0.045986474710448276
vn 0.8324673323111845 0.5530101695481404 0.0343204459620891
vn 0.7378693736123112 0.6673112751612275 0.10121486811566972
vn -0.08639852432510041 0.8720502356680073 0.4817298843395723
vn 0.5506798017042663 0.5868671565216904 0.5935812468323908
vn -0.11049121304209736 0.9567861463995458 0.26898320003002557
vn 0.5507883892866317 0.6092476150440816 0.5704818084655604
vn 0.5924135428157769 0.6322949356001668 0.49924874431774025
vn 0.6309831978254783 0.6679670518256952 0.3945633304518073
vn -0.05235989857723479 0.9800727687716281 0.19161369714427068
vn 0.44070976443685894 0.4024750532337098 0.8023644652242089
vn 0.4720821165703508 0.42126149260520807 0.7743882941150969
vn -0.07802499102507135 0.725617250989409 0.6836605194408336
vn 0.49435741844182857 0.4411313668755604 0.7490085847238538
vn -0.1046971115569324 0.7790175205136015 0.6181991730538594
vn 0.509458677599688 0.4838435311488688 0.7115808409336009
vn 0.5386364680331459 0.5394345090883329 0.6472102948110507
vn -0.10090019100481705 0.37815188635993885 0.9202283968111457
vn 0.3632655297427452 0.21599190689915354 0.9063032886704042
vn 0.36407847039038277 0.26151274170209243 0.8939004157766423
vn -0.07904202297357264 0.5838620503798239 0.8079959558874743
vn 0.3822678647332725 0.28623269897284265 0.8786023683276676
vn 0.40542335249593775 0.350052320341045 0.8444496896054879
vn 0.38609952641954304 0.3768286673807565 0.8419782129833572
vn -0.14411136867564453 0.23014515049767717 0.9624266845432091
vn -0.04655735234261165 0.03198775660342721 0.9984033234972356
vn 0.3422560072792222 0.017129572642026726 0.9394505858332234
vn 0.3077436690650199 0.050428944677374785 0.9501319675124744
vn 0.34630606066235825 0.13024305048338594 0.9290365225056015
vn 0.33112665351096604 0.1654202087705298 0.9289732471201434
vn -0.3145850868567777 0.9140970218186893 0.2558571043170707
vn -0.32495059579042984 0.925522906439707 0.1944594043774737
vn -0.18768963358958968 0.9764041265129314 0.10680628807109165
vn -0.3185224227328947 0.9370617376313922 0.1430341430694198
vn -0.10644490499466092 0.9906514960165235 0.08531761624015163
vn -0.6920411744706193 0.6962167238892305 -0.1906863556059337
vn -0.05045829133437078 0.997177308766604 0.05560014133623206
vn -0.09323917783079312 0.995375870619986 0.023093979841991776
vn -0.10972645431233245 0.9938647831192133 -0.013888776023919776
vn -0.04999750524795013 0.9979514739173391 -0.039913721640450386
vn 0.07880554821165989 0.9951385021286868 -0.05906815683711118
vn -0.22988233090528615 0.9707785567958394 -0.06887022290467454
vn 0.16190194016214815 0.9756289297967435 -0.1481079103741354
vn -0.31329890897442364 0.945559292189589 -0.08809891366730437
vn -0.11454215426166751 0.9832842625635757 -0.14153499175787304
vn 0.09804612221671893 0.9671519925878408 -0.23452927568138177
vn -0.1492944904240471 0.9717454128018647 -0.18281686964708058
vn 0.16409912021935258 0.9065657539037323 -0.3888573164956422
vn -0.11138696675350193 0.9583569529329605 -0.262954167874376
vn -0.24047626894145177 0.9297301879635732 -0.278878004986441
vn 0.19371582590843087 0.862213813490452 -0.46804008227807437
vn -0.07820620100037103 0.895383072769278 -0.4383753450222027
vn 0.16851743374507674 0.7607348752882873 -0.6268048532390986
vn -0.1533213058336308 0.8379976204914732 -0.523691288096431
vn 0.052131465605970026 0.7212554116864601 -0.6907046701787734
vn -0.09710568339048266 0.7426972180808061 -0.6625491140348002
vn 0.19097805598512446 0.5673360070170033 -0.8010351036466165
vn -0.23428442859255694 0.6704987456023795 -0.7039476107386788
vn 0.10759163934605237 0.5213302102066549 -0.8465452445491108
vn -0.13694488675709607 0.5307440996065385 -0.8363951211741558
vn 0.1211162397980864 0.4567978078043859 -0.8812869108538263
vn 0.1359815135705931 0.4004833174316315 -0.9061579003827125
vn -0.07930045852327074 0.418310379515056 -0.9048358213885924
vn 0.08990750642270617 0.2128758892142768 -0.9729339628567202
vn -0.09580487421658154 0.304554457060805 -0.9476645022162343
vn -0.144840034381162 0.19987676107459448 -0.9690565746244092
vn 0.10034842548283865 0.05627951721704495 -0.9933593556437326
vn -0.1203663521275912 0.0977184669472266 -0.9879084180697018
vn -0.1674264410127722 0.03194335940213719 -0.9853669411137672
vn 0.09253622067303978 0.004922850858648379 -0.9956971494400162
vn -0.12670407269059988 -0.0038977575516652655 -0.9919329037035134
vn 0.36013682080285947 -0.019390632090915967 0.9326979541572523
vn -0.0835380489092072 -0.7424481750251621 -0.6646744329265637
vn -0.22120876540030618 -0.6998635210195407 -0.6791595792273002
vn -0.44464626066424584 -0.7221220689316695 -0.5299334113255632
vn -0.25568740294014075 -0.6736777100125724 -0.6933846659754904
vn -0.07058281407473606 -0.564630666141145 -0.8223200576480535
vn 0.052236192417491896 -0.5327241224728057 -0.8446753160459362
vn 0.0689739979778197 -0.447047901217335 -0.8918468263217242
vn 0.17255074485460786 0.5810537202437105 -0.7953633224137658
vn 0.04741009867720713 -0.6642714601618517 -0.7459864005180383
vn 0.109598892958153 -0.589620651089268 -0.800209704059764
vn 0.04579731674918303 -0.5782813385731114 -0.8145509801336351
vn -0.15613434667449316 -0.5251399479568867 -0.8365704398604863
vn -0.11627335792545623 -0.48369390705295856 -0.867479515906043
vn 0.1493693948200775 -0.28766904161122986 -0.9460102041677778
vn -0.08686355069892777 -0.38846677079644315 -0.9173594124153076
vn 0.09366240000908609 -0.22368827445986816 -0.9701499423767981
vn -0.1089805139959569 -0.3163589549830224 -0.9423588802421438
vn 0.12038700402481485 -0.14540808945427408 -0.9820200898063068
vn -0.1452894444980389 -0.20704559808630077 -0.9674828668408229
vn 0.14363783800973154 -0.09673128653702787 -0.9848914811778919
vn -0.1272266576040318 -0.10358851290368434 -0.9864495920163938
vn 0.09959451726106501 -0.020552115940282365 -0.9948158335400139
vn -0.09882116869532806 -0.04682742596446572 -0.9940028012008979
vn 0.08808139252926839 -0.0020208459455694603 -0.9961112309736144
vn -0.0704774550080326 -0.8085227441009524 -0.5842293219336537
vn -0.47815063981329176 -0.8223829186586531 -0.3083152619391636
vn -0.07984622878987606 -0.9014752326208377 -0.42540214470456206
vn -0.4692466740787821 -0.8471016261528468 -0.24945218747327863
vn -0.148101487867872 -0.9301382186020271 -0.3360191119373571
vn -0.43270851017197415 -0.888390281406533 -0.15338204955982238
vn -0.042595618503602765 -0.9604124043804652 -0.2753064234565357
vn -0.12128985010283032 -0.9742185810122999 -0.19022862211668845
vn -0.40944775327433885 -0.908732936462031 -0.08097522786439279
vn -0.048973674789949274 -0.9896904277779777 -0.1345898820202017
vn -0.3722730001983758 -0.9276703656332304 -0.028991482356180785
vn -0.37013107093333536 -0.9289431924204066 0.008218003743354584
vn -0.13415512111956726 -0.9888995354904637 -0.06387575584006462
vn 0.05880320047199125 -0.9975676987899909 -0.03742819719266183
vn -0.09328137179099726 -0.9955258465889681 -0.015062352077546344
vn -0.18622004283877866 -0.9769342556224881 0.10450624783455989
vn 0.6439424164166523 -0.6777230545093107 0.35500651504733355
vn -0.052402938515454724 -0.9803690640259187 0.19008006296266206
vn 0.632681878449861 -0.6611291764790023 0.403263998751874
vn -0.11719602556696397 -0.957636509172544 0.26305400185348216
vn -0.11822857557854435 -0.99262739911141 0.02669925935276065
vn 0.6871447786584133 -0.7052365933289119 0.1745663214721295
vn -0.09028665491352485 -0.9929205494680156 0.07718226732002667
vn 0.6728975802214802 -0.6972278684302493 0.24714802450411666
vn 0.6551133195286079 -0.6872015474582804 0.3139754317572523
vn 0.6131319763820638 -0.6406090120455594 0.4622653709979115
vn 0.5896088905692093 -0.5966511890760581 0.5443975704720513
vn -0.08232902286240143 -0.8717098893753885 0.48305672623375195
vn 0.48923687828652945 -0.4626393527161695 0.7393322028985448
vn -0.09242061964337125 -0.7620318414023937 0.6409102134882956
vn 0.5236928208821228 -0.5194125608763305 0.6752454523804045
vn 0.5690048362599335 -0.55693467161486 0.6050266670701833
vn 0.4509092361630888 -0.4048332909102047 0.7954815317237939
vn 0.4257790193935278 -0.3831904846016038 0.8196812058081323
vn -0.23101846577619362 -0.6986597119176364 0.677130028438836
vn 0.41054531422808344 -0.3446482295371438 0.8441979287123822
vn -0.10400963884123147 -0.6340698335608853 0.7662489420522471
vn 0.3949380843549463 -0.30864003710114113 0.8653122193891933
vn -0.07689442224529898 -0.5755986116247084 0.8141090136604985
vn 0.3850779482810448 -0.26799236309319624 0.8831166780620697
vn -0.2982902383231855 -0.5520516756890982 0.7786282046586521
vn -0.08928503538366366 -0.37911903924257956 0.921030366785114
vn -0.13730927753146407 -0.45565497479673034 0.8795025333941786
vn 0.3779700468465909 -0.18830351251815677 0.906465901653289
vn 0.38377697942195965 -0.21960171128541844 0.896933842859256
vn -0.14027003574016322 -0.32879411251454166 0.933926522082561
vn 0.36423947404362 -0.13948314118503594 0.9208007704566621
vn -0.13055549612575107 -0.2169545735924946 0.9674119988033318
vn 0.35264825457896426 -0.04116479408922807 0.9348500779643768
vn 0.35781616501207425 -0.10644697143555945 0.9277050362740569
vn 0.35464977001361087 -0.07944286187809844 0.9316181472716759
vn -0.125778065954755 -0.13624144482230666 0.9826587133066147
vn -0.09167144118561711 -0.09684805283952998 0.9910685150544051
vn -0.08748337689103249 -0.0713291452420966 0.9936089833565181
vn -0.04228185413710328 -0.042839038204534136 0.99818688711906
vn 0.45182743328172487 -0.8822972637422194 -0.1319223594658654
vn 0.7255174160610652 -0.6761813758533529 0.12807507931343118
vn -0.017629526076401225 -0.9921520154966998 0.12378844031717043
vn -0.10730524032837456 -0.9933627392914639 0.04142527713158618
vn -0.36104664809480447 -0.9304821994286936 0.0620338169537182
vn -0.3656817510222192 -0.8735152750220316 -0.32132214563037487
vn -0.3699965929598073 -0.925719138745574 -0.07840023825402219
vn -0.11838146368117834 -0.9849839577904627 -0.1256679432159935
vn -0.052553318469330215 -0.30690596891052074 -0.950287785339239
vn -0.09203005453038571 -0.15604588505281716 -0.9834531767304519
vn -0.3151889484630959 -0.1222601836268763 -0.9411208074770478
vn 0.1010667698227046 0.0037347650143663724 -0.9948726348472412
vn -0.09064376951127281 0.16203655122538296 -0.9826127737393664
vn -0.31660675342360456 0.12807412812304367 -0.9398708322913778
vn -0.37312262513701494 0.9237880053858524 -0.08599550986005587
vn -0.365473271204167 0.8721681429274057 -0.3251953543608611
vn -0.11591113746544239 0.9537276321811613 -0.2774314542830042
vn -0.34273526643447116 0.6764779651167107 0.6518512866088754
vn -0.353975106517959 0.8111514266810426 0.4655480501075142
vn -0.1074718166248542 0.8571349029599282 0.5037554632549692
vn -0.3179610950172487 0.057866625856857916 0.9463361958983575
vn -0.07162299515342124 -0.017924620426536458 0.997270702742148
vn -0.32136686568763945 -0.10347491482983916 0.9412843776665267
vn -0.09138523216658011 -0.12529849463667384 0.9879013243151583
vn -0.31388774344683257 -0.2743850024077862 0.9089484886216241
vn -0.3277681852686075 0.47079567783854026 0.8190967259452775
vn 0.07595697427954518 0.4183918335946444 0.9050849748170653
vn -0.31392053489745236 0.232929570863388 0.9204334374560147
vn -0.09014751804722583 0.2363717788971552 0.967471863741225
vn -0.0852577952063545 0.08224346653742094 0.9929587708301183
vn -0.10602008113472809 0.7691507021527155 0.6302118213538764
vn 0.016888905818839228 0.6723679168328002 0.7400244247821572
vn -0.09962590333278153 0.5310195928561234 0.8414825437215225
vn -0.11626089296646987 0.9854599942829994 -0.12390320590844181
vn -0.0381789512283663 0.9984668685590825 0.040078424032411554
vn -0.3784108099637473 0.9029677481139681 0.20360379360063482
vn -0.12762421352354422 0.9714862561021479 0.1998162013629749
vn 0.0019403660196968791 0.9451490017666407 0.32663373897874093
vn -0.3297157386488532 0.5328966499282359 -0.7793001297205746
vn 0.05625343587818197 0.7270245094573765 -0.6843032322005796
vn -0.35634914489793845 0.73489572586123 -0.577012616015806
vn -0.13325183710476335 0.8167500863226389 -0.5613940188496556
vn 0.018162883797037073 0.8896870097282957 -0.45620952902465645
vn -0.3232330551136214 0.3438585244892732 -0.8816358132573646
vn -0.05214026299210803 0.3063386143888285 -0.9504935803620383
vn -0.08952527529688271 0.4388491457115934 -0.8940898458159684
vn -0.09609645238830367 0.5726089959313165 -0.8141771365107915
vn -0.10801991959419573 -0.5678621183688688 -0.8160050928103846
vn -0.09542995382458094 -0.44504320205613424 -0.8904098338499306
vn -0.3216635207250684 -0.34714537430286135 -0.8809214882921632
vn 0.04776921525791114 -0.7318328009894156 -0.6798079533733257
vn -0.3280535530122404 -0.5405002789303358 -0.774751776269196
vn -0.3502583598236471 -0.738198391849795 -0.5765259886978426
vn -0.11670734792604778 -0.9537994123877991 -0.2768502769887683
vn -0.0018741192044544244 -0.9035569052184321 -0.42846400865101464
vn -0.11334207272280715 -0.8106829442198588 -0.574409904599424
vn -0.352912688609195 -0.7834030058049453 0.5115978544857341
vn 0.035202382226660306 -0.9323788053353591 0.3597645836473857
vn -0.375818153813261 -0.9005502511406465 0.2185634014077166
vn -0.16954808474140784 -0.9681204924041705 0.18438047387840933
vn -0.007264554287407044 -0.9967281000453249 0.08050043994315965
vn -0.08764280958093988 -0.271844345841044 0.9583420003125261
vn -0.008347616998181475 -0.4350383479651158 0.9003732298831603
vn -0.3345416260715124 -0.4845676755041497 0.8082549525254599
vn -0.09889871488379653 -0.5492389798546419 0.8297924964728022
vn -0.3551639546921445 -0.6363396222785852 0.6847849665448154
vn -0.09234056968041714 -0.7107755921991599 0.697331540033168
vn -0.10930506934463105 -0.8376908682204325 0.535094768350115
vn -0.6359726600087285 -0.3998309211099026 -0.6600560659866926
vn -0.6654553814290649 -0.544251006727932 -0.5108424189539572
vn -0.6934858688812473 -0.6526448121752461 -0.30517552130333037
vn -0.7081744496990577 -0.703923635731076 -0.05459362465142222
vn -0.70139644834315 -0.6815399606236378 0.20867751274333574
vn -0.6762476678219641 -0.5906674943774772 0.4402283530750689
vn -0.6468737680636719 -0.46956842868326126 0.6008825334248283
vn -0.6235472625398089 -0.3478648555540528 0.7001277409512272
vn -0.6092141316896978 -0.2053483106201191 0.7659570569392455
vn -0.5979976200984134 -0.07187920536840277 0.798268267058287
vn -0.5975334151950047 0.03833570341386902 0.8009270825544346
vn -0.6073836614271944 0.17583830655919194 0.7747038000279145
vn -0.6254137604386178 0.33608848652632833 0.7042032075178792
vn -0.6521896419242736 0.4858705429893863 0.5818749749060245
vn -0.6821730883210846 0.6109246839971462 0.4017597641046955
vn -0.7029659282265679 0.6883389536718434 0.1789647691879932
vn -0.707519666953311 0.703864308664771 -0.06317401255373557
vn -0.6930563375717145 0.6516838318221692 -0.30819003276104906
vn -0.663903741669101 0.5394382147090531 -0.5179172079679116
vn -0.6345581906735761 0.3947979942408174 -0.6644324242483242
vn -0.6127777976040746 0.23899455548528806 -0.7532496088362006
vn -0.6016562339619114 0.08147234052481604 -0.7945892233501398
vn -0.8480235028818919 -0.20929026393389116 -0.48688163241429416
vn -0.8771331180148559 -0.2924904021897747 -0.3809026882399239
vn -0.9046794394444441 -0.35885084974033676 -0.2297415493269009
vn -0.919594727964452 -0.3907131516158778 -0.04109464021467939
vn -0.9129004093204609 -0.3765030542291548 0.1576651287338226
vn -0.8881037976577429 -0.3203635773378957 0.32960403957045353
vn -0.8583210597986981 -0.250280110866765 0.4479339509465201
vn -0.8378861350091379 -0.18009166045291738 0.5152803301065932
vn -0.8222939582822241 -0.10500046647484904 0.5592920062119752
vn -0.8115386110782422 -0.03621816440828325 0.5831752114897307
vn -0.8111856124275519 0.019256108312670477 0.5844716455767449
vn -0.8202408129778431 0.08942630083803477 0.5649849072708687
vn -0.8377778212537663 0.17405389032897625 0.5175263910919333
vn -0.8641660793555199 0.2580907681404164 0.4319793313250055
vn -0.8934461729775367 0.3330744103961364 0.30135589115041334
vn -0.9144212266914836 0.3815267568516029 0.13517083258728646
vn -0.9189613854764017 0.39141771745092563 -0.047980646815145744
vn -0.9044463482999362 0.3579525389548545 -0.23204909588852954
vn -0.8757243122881764 0.2897849138792119 -0.38617564987375635
vn -0.8466141594560783 0.20690603060858379 -0.490341064470719
vn -0.8254469362405514 0.12270187652545497 -0.5509823998534062
vn -0.8146737480526842 0.041421180700099765 -0.5784383891333642
vn -0.9664768738126369 0.0105769471589785 -0.25653572962483917
vn -0.9800745506589783 0.0032638500020795358 -0.19860317830731106
vn -0.9927318033997777 -0.006534250264277272 -0.12017017139086147
vn -0.9996990644781311 -0.011251405903816339 -0.021798769385840626
vn -0.9966312832326902 -0.008017046496570562 0.08161992555395495
vn -0.9853023463522549 0.0011717315660402616 0.17081543641567742
vn -0.971666941737436 0.0059728941138643115 0.23627881595801756
vn -0.9635751503285868 0.012897272069516236 0.26712654312592377
vn -0.9570261253448749 0.009324376499210163 0.28985177489585456
vn -0.9521694024640771 0.004270895968077682 0.30554081308203673
vn -0.9520794437542331 -0.0018420071114070686 0.30584528734383293
vn -0.9559836188812355 -0.0076869814863769785 0.29331933237746965
vn -0.9630016162409364 -0.010822804141492375 0.2692782093446462
vn -0.9742478570091126 -0.006796541231247951 0.22537728399384785
vn -0.9875289983342228 0.0025543403397299013 0.1574164946707794
vn -0.9974227114852804 0.010863237138062422 0.07092196198804396
vn -0.999620955262978 0.012334895167238711 -0.024612926691974568
vn -0.9927330852887855 0.004819668758438829 -0.12024055957150218
vn -0.9797413220504678 -0.004927403195466683 -0.2002065497543749
vn -0.9669856416058709 -0.010697870118720683 -0.2546062145804878
vn -0.9582518285622174 -0.010108267052978875 -0.2857468389927571
vn -0.953111091091589 -0.007297052811426851 -0.3025326446161933
vn -0.602015169128695 -0.07809116894393146 -0.7946568476216128
vn -0.8147803090017961 -0.03943578258072105 -0.5784270629173427
vn -0.9530075964755178 0.00684027961200324 -0.3028691658699944
vn -0.9950245315190478 -0.0010013662344035505 -0.09962519230076257
vn -0.9962047464776123 0.04796120547537748 -0.07263488049707693
vn -0.9581362620189038 0.00948360705955829 -0.2861554902523837
vn -0.8259132841087294 -0.12294719701020079 -0.5502283470342727
vn -0.6135236515068833 -0.24010471383089832 -0.7522888111874606
vn -0.9913843239076292 0.1109532307750245 -0.06961682907743878
vn -0.9857007317711549 0.15136567777721252 -0.07404389898468963
vn -0.9773404973459409 0.2031524587818273 -0.05945276056237312
vn -0.9699173972079219 0.24049318549928633 -0.03772625507277415
vn -0.9628830365733625 0.2686221046966033 -0.02642768903305154
vn -0.9587872837194268 0.28407498087871097 -0.005324454590217689
vn -0.9613059378997224 0.274871771790659 0.018341287615618554
vn -0.9674897275226815 0.2500324044707759 0.03804502401956893
vn -0.9758811659591429 0.21128871308813058 0.05489107074730411
vn -0.9844787410911617 0.16347972424233903 0.06384346561090082
vn -0.9927411759972083 0.09863120570350609 0.06882472478079737
vn -0.9970032100804788 0.034307537217855455 0.06933680104580969
vn -0.9974110495147325 -0.016569584811126623 0.06997604708117422
vn -0.9940348101130323 -0.08488509770971209 0.06847858402712825
vn -0.9844114376275405 -0.16568408592408249 0.05901614304222241
vn -0.9745833660694367 -0.2189425114901339 0.04744933343218556
vn -0.9660104153063636 -0.25611964803676956 0.035022898354474884
vn -0.9609612692914273 -0.2762075599449302 0.01621180900073651
vn -0.958186530379536 -0.28609502757822 -0.005311138695600347
vn -0.9625579100502133 -0.26988351877228595 -0.02539992312694056
vn -0.9694289956752248 -0.24136927264405095 -0.04413951254156661
vn -0.9816406668526302 -0.1803386616351379 -0.062125423948421264
vn -0.991033703965486 -0.11365471527086711 -0.07024815514408876
vn -0.9959130908982345 -0.0493975920388744 -0.0756108013334457
vn -0.9114986919178044 0.27976776492912725 0.30149648810341406
vn -0.9807483665484183 0.1735169574637895 0.08957961255284907
vn -0.995079411583133 -0.021757561820940814 0.0966621598505534
vn -0.9952362492873627 -0.010073028033758858 0.09697083175189064
vn -0.991913366955567 0.043285937983701006 0.11930716670737838
vn -0.987027312449985 0.12208512316793706 0.10427035618443625
vn -0.9943255241125036 -0.04376201705152069 0.09696204392429861
vn -0.9913086483211098 -0.09035343018210253 0.09562123936711178
vn -0.9850847067501887 -0.14287472941621324 0.09589020920374872
vn -0.9734162093548433 -0.19615911860899968 0.11824755199067874
vn -0.9677464394153628 -0.22691040648051858 0.10944631757045702
vn -0.9387034678344136 -0.3331828227381231 0.08845906458867073
vn -0.8953742880589283 -0.43537461104270897 0.09356191715851725
vn -0.8886772292624107 -0.4461310522290286 -0.10592387090502632
vn -0.8988458840350922 -0.4237378991652155 -0.11190294707568256
vn -0.9481082447404304 -0.302092974388496 -0.09914933726622495
vn -0.7763210113569274 -0.6276329576113302 -0.05833144817173394
vn -0.8867073084054725 -0.4623299174792685 0.0010939030737656397
vn -0.7734506183935527 -0.5980622859580234 -0.20998962598493853
vn -0.8801523660133581 -0.4694571524756269 -0.07029789890575538
vn -0.7536504556783856 -0.6560296314317018 -0.04044889787555957
vn -0.7948442997093882 -0.60681160908228 -0.0014867086017112223
vn -0.7048892600373344 -0.707392549134886 -0.05221984787862828
vn -0.7133211527233334 -0.7006452257050709 -0.01640733903303881
vn -0.7170092846935469 -0.696523573119509 0.027433515124393203
vn -0.7684050556701365 -0.6379765846568626 0.05039392671879474
vn -0.8215151914875327 -0.5669251454236839 0.06089884762076633
vn -0.6896759933453465 -0.7240716232991722 -0.008204177960744151
vn -0.7098482749422335 -0.7043545490953117 -0.0003094030955451677
vn -0.7128667716352652 -0.701297838059536 0.001519286455939335
vn -0.6603002764797596 -0.750697539993988 0.021371671149626733
vn -0.7264711280054414 -0.687112997648935 0.01074377198176287
vn -0.9703771731413463 -0.21217318125377072 -0.1155451556875671
vn -0.9819730463954438 -0.15543871236400877 -0.10755344183925834
vn -0.9989536577484937 -0.0031273654155846774 -0.045626847978606035
vn -0.9873930582672934 0.12695593188863044 -0.09453644717171646
vn -0.9723723300332886 0.19129229122120955 -0.13378830705623432
vn -0.9682025082110078 0.22278816497481613 -0.11379515209826419
vn -0.9398918296212975 0.3283169110675588 -0.09386881547237276
vn -0.8939568308492493 0.4341571982412502 -0.11112475778724787
vn -0.9486687344226394 0.29357357233122783 0.11765283658981146
vn -0.8811808940458983 0.44353500245283267 0.1636976895610851
vn -0.9357402386452872 0.3444598415313091 0.07574710127976257
vn -0.7942850345040071 0.6057677600824515 -0.04644033599854668
vn -0.781012910067707 0.5936642022673435 -0.19385987014813158
vn -0.8892296871582073 0.45746073297386297 0.0004911858433811706
vn -0.8779856978107222 0.4734208426243651 -0.07080833431634523
vn -0.7683901013404772 0.6372274475909412 0.05931131594143961
vn -0.7331514178895994 0.6796424477317861 0.023982111825623244
vn -0.7759521666254352 0.6307915730412665 0.00047590904309976345
vn -0.6446258311030637 0.7640768230608072 0.02538003814001667
vn -0.7076956516640066 0.7064994739515165 0.0050356650094563115
vn -0.7142918729613178 0.6997963454448773 -0.00849677135189999
vn -0.7068002215772811 0.7071527296690162 -0.0191954083042203
vn -0.7263391792674083 0.6869858724715184 -0.02195011812483692
vn -0.8369364230721046 0.5438095988492213 0.061713401581179016
vn -0.7143066869958389 0.6978284237854534 -0.052928705539985264
vn -0.6929038911712118 0.7210250080182389 0.0026712192144943223
vn -0.6993306115947291 0.7147644873408412 -0.006958686867975102
vn -0.6842950208408424 -0.6745053946948153 0.2770970894470431
vn -0.6789771282318573 -0.5203249133240897 0.5179305396598065
vn -0.6749114211510827 -0.7377654679308255 0.014024547359395992
vn -0.6820989477266838 -0.6767504827765568 -0.27703755985759076
vn -0.6797286509757073 -0.5100563070207016 -0.5270782908744667
vn -0.6724049253698726 -0.2905531331277702 -0.6807719832425334
vn -0.6795875735389543 -0.0002008229868594735 -0.7335943630928229
vn -0.6765933178580651 0.2813579487729302 -0.6804845236242367
vn -0.6813090336077587 0.5191883246314855 -0.5160053142079186
vn -0.6841745436231401 0.7292748629379768 -0.007960411098855903
vn -0.6743786808154828 0.6769150992101121 -0.2949565109010706
vn -0.6810871407428521 0.6729282933113779 0.2885962903014561
vn -0.67966447700831 0.521100513884983 0.5162465042223793
vn -0.6796675178167518 0.27685052730247073 0.6792686145827432
vn -0.6760335960249634 -0.00035242369442943126 0.7368707165053422
vn -0.6773816711737929 -0.276384128134674 0.6817374019907045
vn -0.02822670744336312 0.8099780089088017 0.5857805716059896
vn -0.19950754863989809 0.7252642191336292 0.658929852473073
vn -0.2074055910287692 0.9775814960064024 -0.03629517152309713
vn -0.5812600410000732 0.8136234997598437 -0.012392149738308628
vn -0.5855504386158461 0.8095183205338419 -0.04255317328776151
vn -0.5631896877290515 0.038878769893188954 0.8254125131637188
vn -0.3847645820095729 0.04081678696402482 0.9221118187795513
vn -0.35168355765741716 0.19186900560919223 0.916245032706842
vn -0.18709566530242852 0.03695738198943711 0.9816462519367802
vn -0.8999434686444181 0.19587511272037728 0.38953137673495936
vn -0.894439809517742 0.04142365838240839 0.445265659664074
vn -0.732279138221855 0.03808249327555001 0.6799389586065614
vn -0.8519832750004056 0.39046114134359183 0.3488045243689403
vn -0.8080160874232398 0.5512190236819465 0.20800863058142752
vn -0.7208720721743662 0.6514024845383501 0.2366817667170414
vn -0.7084163796502467 0.6885188189061974 0.15520331521991518
vn -0.6643104996881477 0.7382407812129222 0.11701328539195026
vn -0.6280996553837659 0.7720251673227193 0.0973034630787701
vn -0.614218306651923 0.7874526203770792 0.051519340396746445
vn -0.5785583237366638 0.8153030874384931 0.023476406204579622
vn -0.5933585672412676 0.8049358773595957 0.0019606174354326635
vn -0.600668763463018 0.7946978071697484 -0.0874781794472336
vn -0.6571455299087535 0.742387818242549 -0.13046102807356602
vn -0.6663070737206573 0.7183438256965199 -0.20004257445229612
vn -0.7446326247860346 0.6395777505961353 -0.19095170867695335
vn -0.7713330680063331 0.5674632862222847 -0.2881505110003156
vn -0.8552666246288735 0.4449541783402866 -0.26558384735042556
vn -0.8658453084602643 0.3504136782747268 -0.35710244453843487
vn -0.8991523822300651 0.2648002350568829 -0.34843339254987943
vn -0.8275105539735136 0.00016607809945007077 -0.5614501362369712
vn -0.9239203214765529 0.00040845026868593904 -0.3825847262124309
vn -0.9126604313472767 0.1360838929641543 -0.3853986392408821
vn -0.9824513386218224 -0.0015219138274785184 -0.1865128709191169
vn -0.17495064717692457 0.8779656822228521 -0.44561029150069814
vn -0.23657908180997667 0.8082414851087772 -0.5392365341843102
vn -0.43129933993047237 -0.0017526388352486428 -0.902207186644316
vn -0.37534697936707173 0.09232172273771813 -0.9222750916026924
vn -0.32489875697389936 0.18781836042456956 -0.9269115714048679
vn -0.35684642444171155 0.33455865622119607 -0.8721990225347845
vn -0.15492090439355002 0.7150464208141437 -0.6816950413951733
vn -0.26731038420071157 0.6192509350546408 -0.7382908897801874
vn -0.32863361353107984 0.4709904432722526 -0.8186378627963111
vn -0.6857548198243574 0.000524382532654577 -0.7278324340881097
vn -0.6994915002467087 0.12676916430437604 -0.7033073439572339
vn -0.6783957157785646 0.2456532689384436 -0.6924115281197634
vn -0.6501582161391484 0.3717126064072889 -0.6626643435591357
vn -0.6126385688522054 0.5043257774902338 -0.6085470352516665
vn -0.5673001903715368 0.6295929872731133 -0.5308325200860768
vn -0.5174137182090602 0.725742278385642 -0.45341061916621705
vn -0.47157816296571614 0.7945103884801804 -0.38257976790592757
vn -0.43499735721013694 0.8572933581163067 -0.2753641177602166
vn -0.37221507229624157 0.908884638878689 -0.18810808904951157
vn -0.6896749679299412 0.22658336255366024 0.6877560748002965
vn -0.35522270977057885 0.9301465783332955 -0.09297402474944036
vn -0.3981797236090127 0.916885410077514 -0.0278217988929406
vn -0.397725427665826 0.9174893153782071 0.005276396010967325
vn -0.3996454377656828 0.9155778285432733 0.04472989998938234
vn -0.4097666926968712 0.9056627180828298 0.10893254165348734
vn -0.4264395333236908 0.8849828916513199 0.186961509148651
vn -0.44758208963378454 0.851808859345926 0.2721983471273248
vn -0.47669353607416637 0.8032632579305915 0.35711540308958856
vn -0.5190708081293645 0.7341962847843179 0.4376314791657854
vn -0.5688310650504121 0.6425051589182518 0.513437766625173
vn -0.7163147440788733 0.5237244331639818 0.461092079223103
vn -0.6486196737294162 0.4172094345844252 0.6365758450843781
vn -0.35493911314376764 0.4123941957343491 0.8390168373074136
vn -0.14596564895895212 0.516193242482298 0.8439422763078074
vn -0.28105109765818137 0.6573689498640195 0.6991969280966612
vn -0.20966891126923742 0.9762926622146854 0.053773463278226484
vn -0.21485819309286802 0.963998919888938 0.15665899052984059
vn 0.0018586942007826092 0.9346321408894953 0.3556111731543126
vn -0.15197422951554318 0.9101960959114044 0.3852880747580888
vn -0.18183144390210118 0.9833220477156727 0.0038828449278382107
vn -0.9294185591120974 -0.12227276027682484 -0.34818172564377786
vn -0.6985963008628692 -0.12430469235236152 -0.7046357583034657
vn -0.2154179676642141 -0.9640563715998525 0.15553267047519947
vn 0.026089828993161365 -0.93250316748775 0.36021821643057034
vn -0.7082789691086279 -0.04816793595114656 0.7042874071461349
vn -0.19151980446347977 -0.04476533091268195 0.9804673526673636
vn -0.42784446170984974 -0.0493588527444107 0.9025036400148003
vn -0.38763272961438805 -0.07677474323762844 0.9186111831087704
vn -0.3850838653004684 -0.11682655623036518 0.9154572477426809
vn -0.3663389959698629 -0.2007558345681505 0.9085663624186392
vn -0.3175402414062421 -0.30367445557278183 0.8983039686655293
vn -0.35994595227125026 -0.44821315857839306 0.8182566076242361
vn -0.329392074285827 -0.6272847706614485 0.7057015501569303
vn -0.25722395358516514 -0.7473391667447544 0.6126336650489205
vn -0.0047818892503584945 -0.803320384327494 0.5955279117380854
vn -0.18123341499461829 -0.9072073006820887 0.37964373151483294
vn -0.16628363681058064 -0.9845806751957691 0.054319850516089584
vn -0.2133576849583918 -0.9704948295736042 -0.11233113566637008
vn -0.18436377505793206 -0.9822246146283261 -0.0352817922535746
vn -0.09927152060360832 -0.9950514239145669 0.0042224356288950386
vn -0.2228607655096582 -0.9467665198298804 -0.23230634112237616
vn -0.08705991412037331 -0.8734615850787798 -0.4790463764031815
vn -0.20889659663860305 -0.7328161771724006 -0.6475667242742154
vn -0.2548834531640979 -0.8076031924837234 -0.5318002527201762
vn -0.3164954277944742 -0.6205136229234727 -0.7174911065313486
vn -0.3412435859087323 -0.46998271686321036 -0.8140448764816501
vn -0.35418044770010415 -0.32621415306774737 -0.8764362708179334
vn -0.33223755282316275 -0.19082473430392252 -0.9236904943063524
vn -0.38630082497558527 -0.08660723454009198 -0.9182978054795183
vn -0.5926788338940552 -0.8033900507791624 0.057412770034528056
vn -0.6422988271410086 -0.761636385064864 0.085803459129635
vn -0.9252622964199011 -0.008746760518390751 0.379227078416356
vn -0.9218972395772824 -0.03297733193443877 0.3860284642850476
vn -0.9208078438499114 -0.05912348191579365 0.3855091809420757
vn -0.9166771396428677 -0.11197193777192302 0.38362130650912896
vn -0.9034369131383522 -0.19061962960407317 0.3840128914354979
vn -0.8890880703458814 -0.3036077364082364 0.34255619329053705
vn -0.8482467269270118 -0.40822117765729954 0.3373914052990964
vn -0.785258138763892 -0.5540785746206054 0.2763450536041238
vn -0.7507223663034621 -0.6266707889846125 0.2090446147719037
vn -0.7068557550975334 -0.6904919546287632 0.15354413723241253
vn -0.6456725892066384 -0.7519540254946846 0.13293626702121197
vn -0.771349734202488 -0.565358221612724 -0.2922151070712285
vn -0.8952691867151504 -0.25793625651901886 -0.36326570288336874
vn -0.863950311719778 -0.36843671962757485 -0.3432844920898264
vn -0.8613628397511447 -0.4326442480855185 -0.266219858189355
vn -0.7594755896392901 -0.6280230108756611 -0.16965826402719567
vn -0.6853331611432997 -0.7024008972172349 -0.1922275678089787
vn -0.6255813412286281 -0.7651714335108948 -0.15218627679746094
vn -0.6774103563937387 -0.24160074465478557 -0.6947980204582918
vn -0.6488879854448668 -0.36796222441726045 -0.6659941319164935
vn -0.6126473261662077 -0.4999351092190012 -0.6121504229448684
vn -0.5677395959971991 -0.6267160590933218 -0.5337590583882144
vn -0.5173661958130196 -0.7249994037013986 -0.45465160734630705
vn -0.47041653505432673 -0.7942988890525116 -0.3844444802535566
vn -0.43721626251400947 -0.8545494116962254 -0.28033416267539646
vn -0.6178090519474769 -0.7823291082573373 -0.07920316726646087
vn -0.4178821782825336 -0.8928284149847622 -0.16802352951191765
vn -0.5903767383645812 -0.806084160215353 -0.04103210265033647
vn -0.40600980830757566 -0.9100324721132675 -0.08364768530844463
vn -0.5840797101412016 -0.8116001090870838 -0.012496204671961839
vn -0.39850373108696197 -0.9167472564744341 -0.027735249347504813
vn -0.5755210680022362 -0.8177811691978415 0.0030756448066797553
vn -0.39709464385691856 -0.9177610034618676 0.005530311457106016
vn -0.5935802752998358 -0.804517458110138 0.020349849409118412
vn -0.39959116918830284 -0.9155988938154451 0.04478351427320362
vn -0.4102412493637476 -0.9054142649054534 0.10921138322623967
vn -0.42665954961579167 -0.8847068707420939 0.18776416480090546
vn -0.4482933674771725 -0.851087005143999 0.2732836737732334
vn -0.47756991661010556 -0.8020911816238204 0.3585759488732063
vn -0.5185438049520545 -0.7327527539978593 0.4406650926206863
vn -0.5788976395517417 -0.61898632132143 0.5307856977522897
vn -0.6323132001004728 -0.46645326323516506 0.6185477913597018
vn -0.6688611751929314 -0.32723618695062895 0.6674887311929271
vn -0.6896687341472875 -0.21563560440503513 0.6912729730378249
vn -0.7009714580761113 -0.12550722295455055 0.7020590800985964
vn -0.7046812332559218 -0.07023770821002988 0.7060389676514434
vn -0.7702546640168895 4.458395532859056e-06 0.6377364287386691
vn 0.7702665458214474 1.8047494538133153e-06 0.6377220776992427
vn -0.7702654689114481 -0.3188617100295745 0.5522846342961596
vn 0.7702583239368024 -0.318868847897716 0.5522904781421197
vn -0.7702632068757619 -0.5522865450179378 0.3188638648790677
vn 0.7702604496390071 -0.5522905559372708 0.3188635782657136
vn -0.7702621370130239 -0.6377274027964175 2.5818164576856184e-06
vn 0.7702622588103558 -0.637727255691378 -8.440152369731683e-07
vn -0.770266476746507 -0.5522802794786301 -0.3188668181224396
vn 0.7702556542659859 -0.5522937967619113 -0.31886954876499385
vn -0.7702593941702323 -0.3188673853117792 -0.5522898299597196
vn 0.7702683792557917 -0.31886318099936634 -0.5522797259737325
vn -0.7702561365963287 -5.655190213265582e-06 -0.6377346501513905
vn 0.7702647750230754 -2.476681914881329e-06 -0.6377242165329126
vn -0.7702663473591801 0.3188604956735246 -0.5522841102410799
vn 0.7702564350778245 0.3188709811031131 -0.5522918808307246
vn -0.7702646749773175 0.5522849728446267 -0.3188630415273884
vn 0.7702563836524656 0.5522959405557095 -0.31886407368706454
vn -0.7702611737770331 0.6377285662102063 -3.3319113682124977e-06
vn 0.7702614724607828 0.6377282054585716 2.2664512634867066e-06
vn -0.7702656655441672 0.552281798467873 0.31886614678402747
vn 0.7702589254821656 0.5522916359895187 0.3188653893590217
vn -0.7702574238683841 0.3188684253016049 0.552291977418933
vn 0.7702671165257574 0.31886147887888644 0.5522824698342914
vn 0.6890951460673761 0.7222267265885255 0.0594679331035195
vn 0.6870446014632798 -0.14290537473643453 0.7124238692461125
vn 0.6613471153887603 -0.483605163713907 0.5733637925403128
vn 0.680844952359689 -0.6561092737866274 0.32553152181857464
vn 0.6699088047367533 -0.7422215050762665 -0.01815022695439681
vn 0.6596424188599819 -0.6749613473788014 -0.3306040816220288
vn 0.6620674859013865 -0.4619218874711786 -0.5901650735067954
vn 0.6782565326435593 0.5951156491800978 -0.4310515514730076
vn 0.6720781897900342 0.7008531422748868 -0.2389890787713288
vn 0.6890911943984008 0.7222303059275964 -0.059470253087707405
vn 0.6789204873637635 -0.15997562603193707 -0.7165715392851153
vn 0.6733763492843091 0.19411264880532664 -0.71336145942875
vn 0.6799154848067073 0.448863119416132 -0.5798593222050324
vn 0.6719455635343191 0.700936389101909 0.2391178330433002
vn 0.673123648465101 0.5910957081681423 0.4444214414969575
vn 0.6586735770636419 0.48861818782318034 0.5721899906557066
vn 0.671518863490174 0.16230694860237768 0.7229929947186559
vn -0.4981889378573079 0.09459787108686428 -0.8618926992279494
vn 0.7686189188125677 0.035286571315041274 -0.6387329767032762
vn 0.8193090796897468 0.02430100115745151 -0.5728368819137657
vn 0.7520577108813676 -0.06650889400299435 -0.6557329994154448
vn 0.29459528728783546 0.09288690179556965 -0.9510970719030829
vn 0.8516081007204109 -0.10158460427937323 -0.5142413936671936
vn 0.23547337431393262 0.08343381421815424 -0.9682928733777922
vn 0.7836830959769735 -0.05909428746891979 -0.6183434889027997
vn 0.16732798363823237 0.08859973717324961 -0.9819121307247378
vn 0.7820904656729497 -0.04662582369882359 -0.6214181652219982
vn 0.8258176275630942 -0.02712504915172726 -0.5632845441822268
vn 0.6802295852564688 -0.35828287877688997 0.6394693816885657
vn 0.415806919662733 0.5009431652478957 0.7590524031659532
vn 0.5478358914830683 -0.36224940860147975 0.7540896511495366
vn 0.9637566144346237 -0.15334237919554738 0.21831010713240254
vn 0.6312307046322653 -0.261003078321976 0.7303596310283765
vn 0.32758205758764886 -0.22809384881501676 0.916876868330418
vn 0.3697895483984253 -0.07717607188487553 0.9259047163848497
vn 0.9620860613355778 0.21372310505921635 0.1694486498843873
vn 0.9758029229791552 0.21182356852605877 0.054216522594348254
vn 0.9791998826498408 0.2028430035846676 -0.00472289268234047
vn 0.9654079862562421 0.25271946342738366 -0.06418950753544325
vn 0.4153773917786493 0.2362134563340282 0.878444548873689
vn 0.7593713085262496 0.20510267329820092 0.6174853109127885
vn 0.6561505708024764 0.3342115377853678 0.6765863407184068
vn 0.3642096807873972 0.06563271499212141 0.9290014290320039
vn 0.8066087816905465 0.0769859233575154 0.5860507153007176
vn 0.7446716329213393 0.1582648180219553 0.6483952548397802
vn 0.7149081570112943 -0.19246040689153554 0.6722092820081104
vn 0.7960957556654571 -0.1191711075108989 0.5933209881220036
vn 0.723628919769691 -0.010376516615445763 0.690111233335525
vn 0.7017395640725357 -0.3238083653936769 0.6345941433044923
vn 0.7696083243590829 -0.2583323835974958 0.5839241446130147
vn 0.6702111029405958 0.3458164745117002 0.6566795591850325
vn 0.8953027650059237 0.1187569716260571 0.42933639568869003
vn -0.23322752978404876 -0.2806995724945076 0.9310277489700461
vn -0.44356678588968973 0.46652529711577584 0.765246792614335
vn 0.9779361999529549 -0.2073799290636789 0.025186382096634
vn -0.19030863793678962 -0.9393622135170405 0.285273998364747
vn 0.9573025135986327 -0.23306162735868283 0.17103851996162264
vn -0.15673538983439025 -0.7504508254739941 0.6420728744611959
vn -0.14578355244590002 -0.475750956632565 0.8674146546487745
vn 0.8503773973537968 -0.25586910285049064 0.45977090412102833
vn 0.6557451206662168 -0.09821123891037879 0.7485672242852589
vn 0.6108692931444316 0.3532118916324264 0.7085760836372235
vn 0.8327105587659157 0.36455465326940933 0.41676495785919554
vn 0.8566776960197465 0.23886082926646385 0.45721857943923916
vn 0.879093436888566 -0.09915959225523473 0.4662210897023263
vn 0.6584771734728239 0.07573495094787754 0.7487803611341333
vn 0.4087733032755959 0.34401576507454296 0.8453150536393722
vn 0.6355492418883647 0.2407265489748183 0.7335720072043368
vn 0.8820049166610353 0.07505327417081313 0.46522503481863575
vn 0.9845885001175696 0.07867951458242711 0.15618905026060037
vn 0.9845981548836326 -0.08108832474438359 0.15489079052640767
vn 0.969670465078854 0.21211879616988918 0.12142819057037751
vn 0.806088846864319 -0.2173981115316692 0.5504169620055477
vn 0.960769280175024 0.033587323395860826 0.2753076133692419
vn 0.9851705908826255 0.08647854758226328 0.1481903089545366
vn 0.980854243173022 -0.006945070104857336 0.19461942259373038
vn 0.9938092304201268 -0.05340243143228586 0.0974237848211378
vn 0.9802390140342587 -0.12754479648235018 -0.15120780487600605
vn 0.9739640162135468 -0.22356640638851225 -0.037578678205925295
vn 0.9973779791837857 0.056235437561726484 -0.0455493381017694
vn 0.9569634541740016 -0.28769924707805544 -0.03808005522689783
vn 0.7918652384117932 -0.609891666854708 -0.03133047871035638
vn 0.9672404534412309 0.12290226857374903 -0.2221282008350769
vn 0.9721896801784893 0.034796249778139825 -0.2315954376835261
vn 0.9767070933709324 0.19007025179490297 -0.09958189163460891
vn 0.9744807059779433 0.2199339169640575 -0.04490463055828597
vn 0.7812717503253644 -0.3703227104061959 -0.5024694441465571
vn 0.9246455371772622 -0.14210447645907467 -0.35332272549110755
vn -0.06027495634822215 0.9978367504698971 0.02624402882364561
vn 0.6606822809578442 0.7502531000782301 -0.02488391953341066
vn 0.8567250990561893 0.5148501409258548 -0.030845373004556042
vn -0.06250516394249286 0.9975961849443092 0.029915819645822638
vn 0.6444246571025511 0.5102914853838434 -0.5694905278079786
vn 0.9587949212090816 -0.06364387885845149 -0.276878593877392
vn 0.9530755077119287 0.30104572232010746 -0.031914725009219554
vn -0.4539628329843579 0.7307434289556871 -0.5098350589228842
vn -0.6890940356825628 0.7222280917367677 -0.05946422027560709
vn -0.6720735722041615 0.7008584198588936 -0.23898658719190138
vn -0.6782502031125028 0.5951162327455329 -0.4310607051223916
vn 0.09207415332861378 0.9933128980100764 0.06965512856669465
vn 0.09168259030731747 0.9491432925418299 0.3011997889398243
vn 0.09365479274109204 0.8056546252405347 0.5849353850000502
vn 0.9356879086198053 0.3357392636323302 -0.10847711518249165
vn 0.9311180785637193 0.35358998277727144 -0.08940496547382852
vn 0.8429630985522364 0.5287114813350974 -0.09938502897146781
vn 0.9535433363485725 0.27140021645516166 -0.13075560490214036
vn 0.8468440393082942 0.5014054090738057 -0.17733524421147082
vn 0.6201458203562794 0.7773304567919843 -0.10571907319969444
vn 0.6270205252611396 0.7356935402592358 -0.2561255077536732
vn 0.3257087271123829 0.9401722474035656 -0.0999498388941158
vn 0.33427684152081477 0.8909233540579933 -0.3074322208502612
vn 0.9949879512162522 -0.035694714234752026 -0.0934069821275926
vn 0.9995081025581792 0.014458960480863769 -0.02782968527240579
vn 0.8536365839280079 0.44341210440929807 -0.2732952400665604
vn 0.6338933779121454 0.6375216058579869 -0.43788741418700755
vn 0.3383445744867066 0.7606558417725067 -0.5540086996544087
vn 0.9937117545839641 0.08205441880298514 0.07618412667061103
vn -0.6444548262234374 0.7645551914344214 -0.011547129859592395
vn 0.33190294815566157 0.9428968039448471 -0.028036585315849006
vn 0.08594438197229749 0.9962738541489278 -0.00720907391007385
vn 0.6244391570896671 0.7792918993072838 -0.05272451770469259
vn 0.8476782461468542 0.5256633852274415 -0.07155135526752582
vn 0.9387897133394943 0.3339475465168157 -0.08457487986009277
vn 0.34428488932303253 0.9378992552900017 0.042578185850119556
vn 0.63887846377956 0.7693076812112717 1.216575762084813e-05
vn 0.8596568842939563 0.5090179865033752 -0.043482533298526645
vn 0.944226500312219 0.32273715661417607 -0.06539911198736482
vn 0.9525106315286577 0.3001348724593185 -0.05140578915556451
vn 0.9711944259362765 0.23759997234525615 -0.018100833457048708
vn 0.8908707482031317 0.42903835156747994 0.1492494652595168
vn 0.8728586040016775 0.48636185404906884 0.03962328035631178
vn 0.6753230858696225 0.6451748660859516 0.35733474762819406
vn 0.6549731310181144 0.7392806834189547 0.15644254142633834
vn 0.3627385975813134 0.7741509397632897 0.5187591274265517
vn 0.35062231823578505 0.9010698865973714 0.25521961018378714
vn 0.9847303440118782 0.17360021837681638 0.013004374716597626
vn 0.9935022669678444 0.10982242957330199 0.029871047728045542
vn 0.9403230256884343 0.17597141448568185 0.2912501822214993
vn 0.12312219868869305 0.375949569026079 0.9184241099509353
vn 0.1259150171416944 0.5675850530516275 0.8136292865983795
vn 0.380870609725699 0.5676265005915792 0.7298888507665617
vn 0.06193392015478237 0.16106433625412037 0.9849987152891525
vn 0.3788432237925191 0.31203250745252564 0.8712712126998005
vn 0.2895033720202984 0.05247966924738795 0.9557372452220128
vn 0.39163803681261833 0.00047751964405198924 0.9201192423248998
vn 0.003613931732408343 -0.18265823678415685 0.98316982664865
vn 0.38013678593346456 -0.3415085852373945 0.859574261009093
vn 0.159653790637809 -0.38273617064755094 0.909958070909329
vn 0.10840198755913602 -0.6164465033690277 0.7798991714172597
vn 0.3807468235401286 -0.5905010633844074 0.7115759625689909
vn 0.1501676610471418 -0.7846887247303438 0.6014260377275807
vn 0.35427039103272895 -0.7832553246374009 0.5108851010400254
vn -0.03409317084956169 -0.8911403311425007 0.45244509712522774
vn 0.32101496679339353 -0.9146246410797939 0.24578681214478246
vn 0.11417350640507924 -0.9557088106318211 0.2712656994827752
vn -0.7050091782243227 -0.7013671715932727 0.10510066237049889
vn 0.31880127028783 -0.94704980994583 -0.03824143753094562
vn 0.9893934512656376 0.01502512180204377 -0.14448129397089424
vn 0.9998117890028267 0.014810359583506794 -0.012531552975356231
vn 0.31843024498897765 -0.9077344345252996 -0.27316730304576026
vn -0.9931180406030613 0.06855894722321822 0.09495382132584436
vn 0.32516506947287527 -0.7752872792390101 -0.5414769729590295
vn 0.9998124665547624 -0.005679988945658374 0.018514033792216694
vn -0.6248439957501996 -0.5590051066397407 -0.5450534576769666
vn 0.34088791901840826 -0.5809885332418325 -0.7390857534202668
vn -0.6115148315287503 -0.5608926721458254 -0.5580761786292977
vn 0.107089399153254 -0.011452702562315582 -0.9941834318640671
vn -0.10217436940278432 -0.15806397787182494 -0.9821283913707406
vn 0.3491212630133058 -0.3417618007893334 -0.8725326442221093
vn 0.12963639962015852 -0.3925577824793006 -0.9105453263338716
vn 0.10152498880064173 -0.5553307809220848 -0.825409232083999
vn 0.34811254787282664 0.3047278555204761 -0.8865430548390645
vn 0.10404984923943589 0.36841522243342056 -0.9238202491570446
vn 0.050180385131959285 0.18420433346228363 -0.9816061799325246
vn 0.33960912357673734 0.5473584683850595 -0.7648949929700168
vn -0.6290939597214766 0.5357921583634258 -0.5631763070994863
vn 0.11604502673723012 0.5063316181549203 -0.8544950814523016
vn 0.7287994524936512 0.2539113015626663 0.6359091200664657
vn 0.7381371242040278 -0.008551401451472655 0.6745965160042139
vn 0.7285633192475172 -0.27152865212534544 0.6288622113961323
vn 0.7036335391971255 -0.4961854120055024 0.5086254805157301
vn 0.6712832979850707 -0.6592932667753978 0.33869030430603
vn 0.6411275727203702 -0.7534770122887144 0.14569772630401173
vn 0.6215490843802165 -0.7816594470284716 -0.05181934558886676
vn 0.6176758653360105 -0.7479548031802697 -0.24298176429718815
vn 0.6301269061699151 -0.6534184959661926 -0.4195048882313645
vn 0.6538738268854264 -0.4965275258599875 -0.5708847822262972
vn 0.6787438464344487 -0.2788695768775412 -0.679366285607043
vn 0.36687108315528905 -0.024692156568617257 -0.9299440336646372
vn 0.6905981382314149 -0.01684739839386253 -0.7230424445623245
vn 0.680901266622033 0.24790551122157037 -0.6891417289777793
vn 0.6570503481324744 0.47182077817837603 -0.5879370657631188
vn 0.9985804880693965 0.053211538780488156 0.002353930266265635
vn 0.9496188305557196 -0.012582541065512915 0.3131545246588689
vn 0.9392113488116927 -0.17570158478454911 0.2949762623797362
vn 0.9173474503031108 -0.32600295068650176 0.22846385177107612
vn 0.8879931149288351 -0.4394415640338771 0.13549664069062559
vn 0.8596997280087955 -0.5098424475255647 0.03125790080515135
vn 0.8406308934777407 -0.5365201586976377 -0.0740663232642001
vn 0.836862606791661 -0.5188053431904819 -0.17464819847588492
vn 0.8494219606918195 -0.45593162443993923 -0.2657229507024625
vn 0.8732914099634176 -0.34712084591122866 -0.3418614216579271
vn 0.9004226988697781 -0.1865167761622952 -0.39300185186597886
vn 0.8778888346042899 0.3293410413637928 -0.3476286417292659
vn 0.9019992944141688 0.1772332781215367 -0.39368215352316355
vn 0.9130214997918136 -0.022301415365322878 -0.4073013476415349
vn 0.9179840968592066 0.3174434280254424 0.2377706203824234
vn 0.70492409647086 0.478785150671567 0.5233037337064838
vn 0.9994561096974588 0.030042988209323954 0.013597928072894125
vn 0.9993906877324967 -0.013561703620325986 0.03216105515187179
vn 0.9956339032861938 -0.09123400958983141 0.01973540273875129
vn 0.9834614235557413 -0.1810806055170404 0.0036664265023381606
vn 0.9662541032173789 -0.2566111414069522 -0.02244393284163036
vn 0.9498105720012431 -0.30808029219256144 -0.05428085184682783
vn 0.940323132494064 -0.32915199398171374 -0.0863213261854375
vn 0.9383180602442035 -0.3264464480152971 -0.11398216701638593
vn 0.9460837527027174 -0.29176329043658933 -0.14071146088914768
vn 0.9593371624367993 -0.23035199574978113 -0.16312622971736562
vn 0.9820380916431733 -0.15958736730138215 -0.10066309532121565
vn 0.9801091329787719 -0.11719091537093557 -0.1601635938848847
vn 0.9663280308939288 0.21056066172515536 -0.14789977837213625
vn 0.9803950052831867 0.1117442545149507 -0.16229249889837238
vn 0.9914697170988501 0.037167280629165605 -0.12492555113570239
vn 0.9836672983875019 -0.028585269929176878 -0.17771192539081168
vn -0.6746896769614679 -0.7359504753886048 -0.056309302756445544
vn -0.6596483626453328 -0.674958270331555 -0.33059850418652414
vn -0.6915532030894134 0.48670252689476623 -0.5337366556748955
vn -0.3081210841075773 -0.0006166223731013694 -0.9513469489651082
vn -0.31818017897646694 0.001245540636035633 -0.9480294417026444
vn -0.051957927292357486 0.004658383159154682 -0.9986384096647918
vn 0.6915814286332315 0.6789448360229153 -0.24647319774660098
vn -0.6706378006476393 0.6012550998306543 -0.43443900063199564
vn 0.0013902933935208315 0.003422710872565472 -0.9999931760439984
vn 0.6009331526511054 0.6718696364329952 -0.4329786804037794
vn -0.02673829501289964 -0.0005020800234992685 -0.9996423417880282
vn 0.3083532856021604 0.0039170957883801465 -0.9512638475307138
vn 0.27921895400833047 0.0025287298523105025 -0.9602241307360629
vn 0.6311763861083721 -0.005028603256853818 -0.7756230287765188
vn 0.5456455813933478 0.0038178204455104154 -0.8380073530422997
vn 0.8632063679660321 -0.0015903334073473104 -0.5048487269891294
vn 0.8274042386946118 0.001130752699850194 -0.5616056865706772
vn -0.0038797353296085696 -0.0007890410173936574 -0.9999921625033095
vn 0.4558149795291119 0.6823337953885997 -0.571535909726995
vn 0.290594764843151 0.6691578125243076 -0.6839462731702229
vn 0.01531612141560075 0.6608645253251251 -0.7503489158995166
vn -0.22024726786943055 0.6833934640367182 -0.6960348513601498
vn -0.15670599536458693 0.7578240552127464 -0.6333608231945691
vn -0.09511604459907345 0.9182476411688496 -0.38441410945446675
vn -0.16759895940819514 0.9111574381164661 -0.37643420642966097
vn 0.002073606814593268 0.7832442903134779 -0.6217106094045003
vn -0.031230887546870676 0.9086261135903451 -0.41644113313257136
vn -0.27513617749649316 0.7552449224765774 -0.5948993115695855
vn -0.13365320532240138 0.9355311367045214 -0.3269836585571125
vn -0.08545051763882716 0.9345776221579847 -0.3453445774828142
vn -0.02880238760003286 0.9962081657849341 -0.08209575440882991
vn -0.02267374723839283 0.9955353424631416 -0.09162577744807918
vn -0.015053867414428688 0.933966522949312 -0.3570432958141645
vn -0.005571164826136246 0.9958122440815933 -0.0912520501668933
vn -0.09729401076618079 0.9952556592549558 -0.00021952223963425291
vn -0.09680901226167678 0.9953021349108138 -0.001294367372428761
vn 0.7165724864143529 0.6912768672932428 0.09306000461633644
vn 0.0906940384570009 0.9958759540406412 -0.0023823417056880285
vn 0.08875310410799661 0.9958752475294502 0.01885146862585209
vn 0.4874709267956085 0.8444503909562442 -0.22198115402636537
vn -0.2432080189551752 0.9093855703225802 -0.33744294925953716
vn 0.03693545583691524 0.9958757622942107 0.0828688009871253
vn -0.12075592944522484 0.9093856026960728 -0.3980399868266003
vn 0.01657773121770437 0.9958748083954333 0.08921067666502994
vn 0.01472340368691903 0.9093980126341514 -0.41566630366308
vn -0.004700761360613216 0.9958744652294961 0.09061982314315102
vn 0.14861546993884528 0.9093889501508956 -0.3884909000714278
vn -0.34749547942586073 0.919866320948166 -0.18191438470851268
vn 0.0818961490797132 0.9958758700568282 0.03904192880057147
vn -0.3238657602652302 0.9126509726577331 -0.24935751730140024
vn 0.07053526812094764 0.995874463050254 0.05708616115552346
vn 0.0552658374735997 0.9958742451790694 0.07197343258008494
vn -0.02571651793770059 0.9958755014831429 0.08700946069743468
vn -0.04532299649002255 0.9958738739602221 0.07861967408114474
vn 0.2664584105699908 0.9093992110392035 -0.3193634143069434
vn -0.0624087310555968 0.9958752076664082 0.06586137747890203
vn 0.35553498383125803 0.909415181185857 -0.21577512252528527
vn -0.07604647107437469 0.9958761482802705 0.04947354367322871
vn -0.08550127548379335 0.995875376097743 0.030360618781957616
vn 0.4062988295888584 0.9094002859542523 -0.08895156536592107
vn -0.09022370432827063 0.9958755448084105 0.009569870941471461
vn 0.407612435632369 0.9126467052252792 0.030464631284327942
vn -0.08996184451419913 0.9958758558536457 -0.011753563688168074
vn 0.3757196495571976 0.92342882808596 0.0781917156507452
vn -0.0847438779544515 0.995875013794582 -0.03242579295687619
vn 0.3602789681825532 0.9319814267355414 0.04012088365551659
vn -0.0892785461798198 0.9949959864717292 -0.044858980117345446
vn -0.10247858307700565 0.9942281630763857 -0.03175688517920021
vn 0.36523150146802974 0.9306066420406913 -0.024025572316954034
vn -0.10264225486477499 0.9946851905639255 -0.00812029488884849
vn 0.7099639310963615 0.7020754498629734 -0.055147794533457514
vn 0.7179330185371233 0.6961119636396426 0.0005612236055495452
vn -0.0963451434687566 0.9953436284412122 -0.002945276127447064
vn -0.09460585514730363 0.9955046210186269 -0.004503521112172363
vn 0.6974141952707011 0.699573164352267 0.15559829032825565
vn -0.041407271983769374 0.9991040372982172 -0.008749884642943694
vn 0.0769685536180753 0.9907528691720447 -0.11173447982293938
vn 0.11952196116251539 0.9924166300343619 -0.028700753145280918
vn 0.06534201334077938 0.9924219488777057 -0.1040629457508755
vn 0.09254212132914673 0.9955229032984666 -0.019238107705626194
vn 0.04486902288785195 0.9924214244888874 -0.11439618437927504
vn -0.13170351496062824 0.9912246622860086 0.011307211106367622
vn -0.1448965086535266 0.9894223287150401 -0.006961122045034342
vn 0.49498214375994926 0.8561353105339894 -0.14840824578059827
vn 0.4317264298134724 0.8800264059832402 -0.1979035486612961
vn 0.005760372388305249 0.9919240859877614 -0.12670211421792513
vn 0.05321205673865562 0.9893246871360575 -0.13566554625543029
vn 0.013760669229138814 0.9903215279548823 -0.13810834606016245
vn 0.1155303499328077 0.9846424687473395 -0.1308890636514273
vn 0.022832374603426166 0.9924221648109275 -0.12073495542700621
vn -0.0881674788517318 0.9961055493442738 0.00047983171255564313
vn -0.10992034298223897 0.9900156442308208 -0.08824138698422544
vn -0.11499983999681641 0.9932377623139252 -0.01593060935222145
vn 0.9048418615579454 0.38064552153478254 0.19070970742955262
vn 0.9164480420842044 0.38688726801851614 0.10218232726453867
vn 0.9200412526282841 0.3871147150972494 -0.06054990352885203
vn 0.9575031388725734 0.2535007713272218 -0.13756852105650122
vn 0.3376723970409014 0.9361603729271872 -0.09788313663487552
vn 0.4684058697786721 0.8802180689425091 -0.07623707932499761
vn 0.6698123321274363 0.7416709692260351 -0.03571572675053462
vn 0.698061339494341 0.7007054107924142 -0.14738484857542433
vn 0.8133491556806034 0.5794561532628838 -0.051901034666285775
vn 0.840632526733094 0.5151163629673302 -0.16730836082408992
vn 0.9216718603803447 0.3842270568621618 -0.05376384061872466
vn 0.9269285782316184 0.32021488889567 -0.19561655294745364
vn 0.9711611577070034 0.21576840571938619 -0.1014396414352251
vn 0.9692196234723343 0.10085439644539772 -0.2245923244320275
vn 0.8261732639071713 0.5586800230325185 -0.07289972475501043
vn 0.729096187704606 0.6839876679009953 -0.0240752826352629
vn 0.6304138003271098 0.7758788387562155 -0.0242995458278047
vn 0.6962756136599698 0.711403543366718 -0.0954215295816981
vn 0.8365744662702692 0.5061434434267245 -0.20967111641986494
vn 0.8965708636497146 0.41941322182503316 -0.14231386374050287
vn 0.9176889959901409 0.2704051612270679 -0.2910806682354063
vn 0.9384081455672367 0.07326776867684898 -0.33767141781053356
vn 0.969116058844224 0.06662026968642003 -0.23743589483721053
vn 0.9802276087970488 0.0914461235502973 -0.17547490259191925
vn 0.9723885835698229 0.031313204489624144 -0.23125727181575234
vn 0.9743574040910115 0.1740915018600752 -0.142547529172304
vn 0.9711906860700452 0.042411609361704676 -0.23449926797784484
vn 0.9493864866305864 0.28378282939945587 -0.13465736051649943
vn 0.9702872977059539 0.06487506199236717 -0.23309608800227485
vn 0.9358536492607059 0.35080133459112384 -0.03341213573697539
vn 0.8132289950098485 0.5814312703784175 -0.02441883497244026
vn 0.8821077098407306 0.47020427932316566 -0.028176656042262518
vn -0.9922104357487459 0.10341614755236049 -0.06945179347369132
vn -0.9914931339221364 0.1301589728192086 -8.473434332523001e-05
vn -0.9451936861673517 0.3187456288055667 -0.07078219936338384
vn -0.89681565268681 0.44236192013798115 -0.006133246103767191
vn -0.32281402979034807 0.9464623114587133 0.000441767750732041
vn -0.3268754124759821 0.944734182951298 -0.025095582918122226
vn -0.5259717856573425 0.8504979892655333 0.002617431510378422
vn -0.5309665504148203 0.8464332431694207 -0.04031485084038224
vn -0.7060806812122216 0.7081288942558724 -0.0018816851067279246
vn -0.7091345557151507 0.7030393154342242 -0.053515444915027556
vn -0.8487805892889159 0.5248725277986364 -0.06387754541801396
vn -0.37987436064825614 0.9174005689726785 -0.11862405392956427
vn -0.6836827899949149 0.6978983299157099 -0.21334423771368152
vn -0.8849645001938412 0.3758366802028878 -0.27492657785441055
vn -0.9486966276322374 0.10282788096046741 -0.2990002267831914
vn -0.34578552429542575 0.922017631395434 -0.1741144984878954
vn -0.634898061885713 0.7031667114534085 -0.3200953403559076
vn -0.8261046043174978 0.3793409865205817 -0.416715248906279
vn -0.8886459708397414 0.09712689857972903 -0.4481904774563784
vn 0.9809567897930985 -0.17493652722607494 0.08438594670263111
vn 0.9699882679745049 0.10099058386006064 0.22118693895305916
vn 0.9042414940245016 0.3778748060481566 0.19889180837431453
vn 0.9375858372950333 -0.05577965003993519 0.34325126124341265
vn 0.8745591458344415 0.10210598116358031 0.4740471169071224
vn 0.8285592130823459 0.37400311004754155 0.41666689824262493
vn 0.7057212073001402 -0.11347442812741051 0.699343357534759
vn 0.6098094745417632 0.10115185602469384 0.7860666045456062
vn 0.5656271619336654 0.37792640395404126 0.7329649015316039
vn 0.49587569613784627 -0.15250336828740937 0.8548976644258665
vn 0.3680312016653147 0.10109014247830288 0.9243018001142812
vn 0.3612937905315876 0.37644393501647017 0.8530866079787168
vn 0.0990561228151236 0.020649698881696887 0.9948675662966053
vn -0.026895266359662252 0.1008563312357911 0.9945374025631711
vn -0.0368958186159531 0.37776595142644326 0.9251657065150722
vn -0.1659787549669817 -0.18209001227129026 0.9691719560174304
vn -0.30789043326838933 0.09938437366762479 0.9462167972364989
vn -0.27502862501766134 0.379404152755253 0.8834091601817152
vn -0.7520800257488675 -0.15244977345726374 0.6411978645023795
vn -0.8366165862039529 0.10118898223756123 0.5383618463098683
vn -0.777284608251318 0.377904954596052 0.5030074383817313
vn -0.8982099519576983 -0.11345085382918352 0.42467374061693364
vn -0.9518110770442191 0.10158805278815967 0.28937094039767286
vn -0.8796545934864999 0.3751442573552839 0.2923603638174185
vn -0.998375531729503 -0.05575775873745976 0.011720494204912247
vn -0.9883115889059156 0.10102007468618174 -0.1141715715257629
vn -0.9189114481644176 0.3778391064662764 -0.113310899992625
vn -0.9531417235325634 -0.17492451270819476 -0.2468243701808529
vn -0.916328641011151 0.10056974732049417 -0.387591985967911
vn -0.859097258401945 0.3778527130645471 -0.34522344624318674
vn 0.3696197607047197 0.9291275885692075 -0.010156606527544972
vn 0.31159348657091845 0.9480902958535808 -0.06351606123531499
vn 0.5150341755339194 0.8506910683658016 -0.10518794719333066
vn 0.6993786687581534 0.7144876571059593 -0.019413024733686505
vn -0.18480022902224133 0.9290176797626002 0.3205854426542823
vn -0.10489861463120732 0.9289981435380369 0.3549066496296379
vn -0.349417033691704 0.714500630251541 0.6061324821656084
vn -0.19830940618327492 0.7144810677260193 0.6709621325233819
vn -0.47764575311743623 0.37382710373815503 0.7950520932867353
vn -0.34560648965353125 0.9290138522520683 -0.13224755813675979
vn -0.6534408888671474 0.7144959738197145 -0.2500210154205648
vn -0.36694253184483533 0.9290078939552525 -0.04793236163729461
vn -0.6937642380267698 0.7144774572929486 -0.09062640374271852
vn -0.9827121446549006 0.10102917319981093 0.15514492228341906
vn -0.9199997978922835 0.3739648775153357 0.11726313258265685
vn -0.6957570419219291 0.7144783475103605 0.07377553493477045
vn -0.3679993293339273 0.9290068623979344 0.039022342668335944
vn -0.3487241716188374 0.9290087509485248 0.12383130779337516
vn -0.6592963891203388 0.7145041069815409 0.23411995301424798
vn -0.31021944085377123 0.9289986270631317 0.20180547423494116
vn -0.5864946532344302 0.7144536463736567 0.3815494842229658
vn -0.652235386333319 0.10487452049819224 0.7507265386043711
vn -0.6245598500988422 0.37644393901018164 0.684262343277058
vn -0.48127451772426816 0.714436708122047 0.5078927334359159
vn -0.25453670056069366 0.9290069420703114 0.26862086600419727
vn -0.5456692561350905 0.10269589106294935 0.8316842050127944
vn -0.4208195423599673 0.011742577417019624 0.9070683682300651
vn -0.01916428047580085 0.9290297697868032 0.3695083452423289
vn -0.03624790353054379 0.7144718236864567 0.6987246257631035
vn 0.23532421934493533 0.09957564305381354 0.9668025667633057
vn 0.18662205750360922 0.37374119024330155 0.9085646539287339
vn 0.12782516728646456 0.7144725262796019 0.6878878802536289
vn 0.06761205757633061 0.9289993039251517 0.36385285896482755
vn 0.15066494694604474 0.9289947113695254 0.33803683232629794
vn 0.2848523061166234 0.7144266186037096 0.6391038807036858
vn 0.22538418662024395 0.9290014214485538 0.2935273877649198
vn 0.42608756968856654 0.714516934523459 0.5549008318934924
vn 0.8017504427656682 0.10281757935152257 0.588748480169035
vn 0.7322515049076064 0.3751286793985128 0.5684067271358365
vn 0.5438698908534265 0.7144590568890579 0.4401747355906289
vn 0.2876673091591769 0.9290003682178555 0.23282146613275911
vn 0.3340728091850355 0.9289952014238503 0.1592585127855925
vn 0.6315319697965059 0.7145036774033274 0.30108448332995663
vn 0.3620067045101327 0.9289984095196486 0.07689669043383103
vn 0.6843572062109855 0.7145067789300766 0.145379768778401
vn 0.993081440387168 0.10058182100272375 -0.06060156798568851
vn 0.9251051431388263 0.3775695570234635 -0.04027038300285975
vn 0.6907977117969751 0.7089530522705737 -0.1420707255288738
vn 0.8312229233336538 0.5290206618278361 -0.1708964337951291
vn 0.9272101593289928 0.3224495452603518 -0.1905455620015753
vn 0.9747887035212047 0.09820401533436696 -0.2003570684045271
vn 0.44222352094158845 0.8870180646919659 -0.1328055361652661
vn 0.9281692891837583 0.36177122068765555 -0.08731182335904365
vn 0.8016146100061138 0.5866529340567244 -0.11511886025922348
vn 0.8980930411461334 0.4309424074797813 -0.08784947854381213
vn 0.529518434299227 0.8445488099830393 -0.07967142080776284
vn 0.6819152776674644 0.730934961531266 -0.026937633433387495
vn 0.7843301060811811 0.6132600756046834 -0.09347921888859051
vn 0.4862338970145811 0.10990544051148729 -0.8668894921153385
vn 0.433953506683412 0.30300128975204776 -0.8484542253096305
vn 0.32755974317761943 0.08307445071305027 -0.9411712119949999
vn 0.1902742625036685 0.4459093289463291 -0.8746202463854353
vn 0.6097171172474807 0.3394682379373006 -0.7162446176880956
vn 0.5592336220999657 0.8158165466691764 -0.1473129936350902
vn 0.6663785324124422 0.6629545398069311 -0.34121976743620785
vn 0.7394359407488312 0.5627489659143858 -0.3695241411480179
vn 0.538862978320663 0.8369050963379802 -0.09600286620148797
vn 0.6703007740500937 0.5686209205473719 -0.47683028534658384
vn 0.6136428068635889 0.5343591551904102 -0.5812940726076321
vn 0.5680167171055384 0.47284856970452016 -0.673625444306431
vn 0.6352472557535485 0.09358783084814076 -0.7666174026036231
vn 0.8210542461102485 0.07621697057381237 -0.5657392494258128
vn 0.8122518918271726 0.3184599280289304 -0.48870250507132407
vn 0.6411680799838458 0.659419662249384 -0.3925164993331327
vn 0.7098515010618155 0.6917128667052556 -0.13283130833762394
vn 0.6808887975656873 0.6843599419334259 -0.26084845260501427
vn 0.7322325498571943 0.6790707031636812 0.051946828915875015
vn 0.6749012697240002 0.677115452347824 0.2932966762797251
vn 0.545694457579556 0.6775567362263216 0.4930866335252747
vn 0.3492930650834405 0.6786797275328482 0.64605586609871
vn 0.12128145542698146 0.6775693822281798 0.7253899233077589
vn -0.12388265615517856 0.6792005616249166 0.7234222035522102
vn -0.3589799531346193 0.6759345005345073 0.6436194094607716
vn -0.5434440085239314 0.6773550444865479 0.4958414598519046
vn -0.6779100989695723 0.6780301614180632 0.284100330732753
vn -0.7336342456135523 0.677624561243299 0.051046524493453975
vn -0.7077940464943931 0.6790711264392278 -0.1946535203474396
vn -0.6361010418338171 0.7081024877502258 -0.3065392820176131
vn -0.9507254543786297 0.2988305010301393 -0.08259202171289971
vn -0.9756703333833318 0.1738299803429469 -0.13360590739046313
vn -0.973126557301002 0.22422223306957623 -0.05243180020552668
vn -0.9837077661480108 0.16687960520536146 -0.06685976508030127
vn -0.977884273832372 0.204105501793537 -0.04564308413049082
vn -0.9764736175004821 0.21162235423099834 -0.04141561921850326
vn -0.9494590278745056 0.3106095966675804 -0.045268453094861195
vn -0.895448836191322 0.4414900795580374 -0.057077941583811014
vn -0.8277917258564274 0.5587132481339661 -0.050993773769265234
vn -0.9766982115358332 0.09370132242952883 -0.19308201821418328
vn -0.9746679304844245 0.03181850169218961 -0.22138204135673062
vn -0.9121456043975785 0.1273732693620009 -0.38957213276903085
vn -0.9357154906625336 0.25929887268901214 -0.2391665009075932
vn -0.9175882648889112 0.37856761134458805 -0.12131916492875397
vn -0.8244930276002964 0.5275676978626367 0.20465476200278093
vn -0.9113159209083463 0.4114000761198264 -0.01591444839050118
vn -0.842643771885592 0.39756377590312325 -0.363172848368478
vn -0.8168819895550945 0.5733411124165397 -0.0631172239050103
vn -0.8846422358043455 0.4216332445712334 -0.19908169605321152
vn -0.8927362473560765 0.43375976753244605 -0.12196088195314303
vn -0.7693580900851028 0.22374807552974318 -0.5983518429129628
vn -0.772481744657521 0.5223287450021178 -0.3611712008388614
vn -0.7134217575998846 0.4851707677161132 -0.5056072803439929
vn -0.49363735585190394 0.5470575515846882 -0.6760548765904342
vn -0.3658525949639445 0.6874585647275697 -0.6273377085277575
vn -0.4224234545533543 0.3204571378980338 -0.8478594505066338
vn -0.464252442569965 0.12823980793549564 -0.8763699111839068
vn -0.1267098589555774 -0.14593841013921632 -0.9811455509196866
vn -0.4613116017613835 -0.10822652016242024 -0.8806126426607104
vn -0.7330281054978394 -0.06031758587250944 -0.6775186974429275
vn -0.781967944503892 -0.29624485783496585 -0.5484205666955778
vn -0.8914347045418128 0.040595107679787044 -0.45132715935440565
vn -0.7559791848758427 0.2848976177475103 -0.5893460947832351
vn -0.9342827098204626 0.34413749524763676 -0.09319443382099607
vn -0.945483094322841 0.32188970027919867 -0.04948473707996771
vn -0.9582991040812152 0.28372904873819393 -0.03406837271223729
vn -0.9778078082883491 0.20932692255617363 -0.008609851537458196
vn -0.9519786101844693 0.3061027403245038 -0.006151269549908652
vn -0.833010187322295 0.552923673665325 -0.019220793888812333
vn -0.8002756878674226 0.5933654385484327 -0.08646548296603403
vn -0.6390920033621895 0.7690574115358755 -0.010588153769287406
vn -0.43797925672012783 0.8948359215080716 -0.08627192047059452
vn -0.4710213219395077 0.8819966284880997 -0.014861413593055515
vn -0.286146837640328 0.9581260182958321 -0.01070141920562762
vn 0.9231929539033684 0.37701586045812296 0.07465795889383882
vn 0.9054391588260484 0.3734356389277795 -0.20180622696779918
vn 0.7936626583024166 0.3708237825212057 -0.48227513634128705
vn 0.5948706301068131 0.3703629523140808 -0.7134144776982879
vn 0.3317551183683743 0.3701046003962842 -0.8677333266631476
vn 0.03477099129504956 0.3723769618862275 -0.9274299846461418
vn -0.2695261316702847 0.3738463958982216 -0.8874652312179685
vn -0.5423916733767297 0.3735636098779142 -0.752503489710561
vn -0.7370603237677129 0.37489090363603433 -0.5623156493450913
vn -0.8205606588357512 0.3792570078084208 -0.42760300185948324
vn 0.15221791889352845 0.8733274290640652 -0.4627406474604034
vn 0.01877727997745544 0.8979780963528068 -0.43963934335684474
vn 0.45518593942249225 0.4807158868071484 -0.7494784831623121
vn 0.38932614821419514 0.8539225944152659 -0.34531341280610534
vn 0.42267549276742833 0.6857943436087377 -0.5924791524501705
vn 0.03628340459223593 0.7040081026057189 -0.709264482415898
vn 0.04587906547290066 0.4561535612314466 -0.8887176379071152
vn 0.1514459505894225 0.5009107768010083 -0.8521458312605165
vn 0.08195355546624286 0.875802093371224 -0.4756619682011831
vn 0.17829521027768339 0.8726853156661718 -0.4545670003560205
vn 0.25965213220230626 0.87268573416799 -0.413521921574265
vn 0.28997105261325345 0.8607812758672848 -0.41829700424776084
vn 0.31478535902881466 0.5067866454444123 -0.8025443749353053
vn 0.45841872129190475 0.506777342448423 -0.7300883516054811
vn 0.4967674232918356 0.49360316263940673 -0.7138473541229704
vn 0.19074317183826514 0.8527185484553791 -0.48630044161734975
vn 0.04882685891612881 0.8584907431485874 -0.5104993455202177
vn 0.31888979064902084 0.48718177042622607 -0.8129964477069944
vn 0.08067193400423854 0.49212606332737896 -0.866777928224936
vn 0.1009753786926972 0.8565699764940061 -0.5060551830254525
vn 0.0556787622934234 0.4844149804598059 -0.8730647181827921
vn 0.20996860866755254 0.42093983835948073 -0.8824527385962979
vn 0.3721387399416968 0.2642480555588514 -0.8897672298797996
vn 0.7064119068862239 0.4786591663832853 -0.5214092636755003
vn 0.41836593151563356 0.16028048372877224 -0.8940246718534824
vn 0.381998094796077 0.7659288802683566 -0.5171367381486532
vn 0.6787862303833557 0.22355240581362065 -0.6994809327614986
vn 0.7970105341930677 0.3165023475361585 -0.5143933051560661
vn 0.9177760017406044 0.2755333475023978 -0.28595206773715304
vn 0.8250072828809089 0.43400168810188283 -0.36194684405058136
vn 0.26448400635013614 0.2746573104981901 -0.9244520388721537
vn 0.3242554039888884 0.15547473964903044 -0.9331055879776249
vn 0.6268845932762226 0.3505110353953367 -0.6958144298439017
vn 0.5098291501409867 0.7843486779070175 -0.3533714605511216
vn 0.2146732166604132 0.2932889947035853 -0.9316098838217806
vn 0.3992710413669767 0.591386642081778 -0.7006029368286782
vn 0.4974668201668319 0.517181645874 -0.6964552447962189
vn 0.6364301845679117 0.6779834175044638 -0.36782483026547
vn 0.19300826251418382 0.21263471761431976 -0.9578801007779285
vn 0.5449978402438947 0.5781578326116379 -0.6072156739736744
vn 0.5288876233126446 0.6913236614333218 -0.49229003346515937
vn 0.47050003859133654 0.47734564177601446 -0.7421393750253357
vn 0.31206936118390155 0.34003491877823516 -0.887123986724376
vn 0.39937664855691885 0.5236698781500974 -0.7525079078027721
vn 0.3860687763061285 0.4268654996576983 -0.8177632574061224
vn 0.34185310854871526 0.3392926153832214 -0.8763657759873975
vn 0.1156769275448656 0.10049439596282235 -0.988190125843123
vn 0.212714553058906 0.2404900361095942 -0.9470570529006984
vn 0.11804444146910995 0.13924408494665788 -0.9831971290873533
vn 0.30526143306970693 0.6653401497170229 -0.6812767005077732
vn 0.5794663764809712 0.6650613385429825 -0.47107550828230244
vn -0.9984319015641016 0.04790844110212485 -0.0289571961739521
vn -0.9947572013861375 0.0996098340518412 -0.023151484846203815
vn -0.7227887290230985 0.6881108709901363 -0.0638739573094543
vn -0.273902409776347 0.6655027364557735 -0.6943223874315068
vn -0.9831525237265512 0.017490001177762303 -0.1819483853979335
vn -0.9842733232982647 0.011549988877279066 -0.17627428286714056
vn -0.9898906231182995 0.037115905596400565 -0.13689033499200606
vn -0.9946689634572119 0.07196820577287392 -0.07385276225564663
vn -0.6941252039928719 0.6673685126627156 -0.26983229882319254
vn -0.5274896143583049 0.6615017435527744 -0.5330761202874936
vn -0.3389823860970447 0.1554976699238069 -0.9278531223012729
vn -0.3033732073708421 0.11125329180465693 -0.9463547971623306
vn -0.8177805113028108 0.366153304811439 -0.4440346751200573
vn -0.8787664343914434 0.37708787515316916 -0.29253083290384463
vn -0.8987789406730126 0.40022302397884185 -0.17893559422297373
vn -0.5269205305265535 0.2780995435443138 -0.8031285067721476
vn -0.6558141805009855 0.2727556445736493 -0.7039262170192511
vn -0.7127210669103401 0.34775599489149833 -0.6091752201125803
vn -0.7725785019333206 0.29744620178847037 -0.5609351258319262
vn -0.8414985925813303 0.337955415048847 -0.42150475219480243
vn -0.6454915544088977 0.32316539122293897 -0.6920294669322323
vn -0.2836330120762893 0.13953995266389124 -0.9487259436059976
vn -0.5175766414761357 0.19145791655381184 -0.8339414166397763
vn -0.18400188758913752 0.10909840194046966 -0.9768525190926571
vn -0.5592799663189091 0.25479131271125127 -0.7888518911945367
vn -0.42054661770190493 0.16351559672371432 -0.8924142490836726
vn -0.21694865532505225 0.08186642239000962 -0.9727441440778313
vn -0.8724347330201474 0.3270967600408781 -0.36313268400245174
vn -0.6637326121201281 0.24624071549546434 -0.7062751090336352
vn -0.34421823714733557 0.1370219775957333 -0.9288373285301013
vn -0.15366159549343644 0.842426934361228 -0.5164348694009292
vn -0.2766288279747426 0.19026298929258512 -0.9419535479198377
vn -0.5537351587374415 0.41044471520707804 -0.7245084607764087
vn -0.10365800328008026 0.9239424323113536 -0.36821922835529175
vn -0.40945710711280675 0.8318226311030701 -0.3747212134635258
vn -0.743503930779701 0.5538732848391503 -0.37473495867962875
vn -0.026340404241264586 0.8906999236047928 -0.45382797312949236
vn -0.08408916518558912 0.7110625352360773 -0.6980824330134895
vn -0.08238382729591508 0.8792291914877496 -0.46922162549894797
vn -0.29879957659065376 0.6311801449014304 -0.7157726159273318
vn 0.3761758669392095 0.9007347539130643 -0.2171833792574962
vn 0.21718073531352958 0.9007359227987857 -0.37617459455483493
vn -4.473046253316884e-08 0.9999999999999989 -8.400429724616061e-13
vn -9.747557849966712e-06 0.9007413815819841 -0.4343558027824238
vn -0.21717797436557393 0.9007281047165124 -0.37619490802543515
vn 0.2171840503022272 0.9007334698350667 0.37617855416437596
vn 0.37617204886357913 0.9007373087478324 0.21717939654462906
vn 0.4343663483385084 0.9007362962770034 5.05749740364074e-07
vn -0.37617427374585505 0.9007360298485124 0.2171808470020279
vn -0.21718347688952966 0.900737937678824 0.3761681871082057
vn 1.9161951124803236e-06 0.9007335701357713 0.4343720014305661
vn -0.3761748933088359 0.9007351395182048 -0.2171834664084863
vn -0.4343660907924141 0.900736420474287 -9.40641253670476e-07
vn -1.3500022841030866e-05 0.36203109748336193 -0.9321660175487743
vn 0.4660827573634664 0.36202520908722347 -0.8072822376801191
vn 0.8072815061711828 0.3620261516261218 -0.4660832922694899
vn 0.932167249865793 0.36202792469324857 -4.465851410517304e-06
vn 0.8072781916293738 0.3620267461232787 0.4660885714228565
vn 0.4660869823522398 0.3620247215543326 0.8072800170110064
vn 7.845636638031593e-06 0.36202750525543603 0.9321674127413868
vn -0.4660835027624693 0.36202931773682717 0.8072799647902051
vn -0.807279512469754 0.3620278697111237 0.46608541094848877
vn -0.9321670541097375 0.3620284287370676 4.306226214836735e-06
vn -0.8072791912607008 0.3620214011969795 -0.4660909915808762
vn -0.46608464190205756 0.3620209302889029 -0.8072830684560328
vn -1.8681999661262687e-06 0.9349347558500724 -0.3548196757510431
vn 0.23663470203168285 0.4050150299691286 -0.8831573151446364
vn 0.09183506263561592 0.9349326912480076 -0.342734859777161
vn 0.4594736642577309 0.394407679068406 -0.795818154194441
vn 0.17741611490360704 0.9349317261210724 -0.30728844700831554
vn 0.6465203067882414 0.40501254690431054 -0.6465108891275706
vn 0.25090130457702287 0.9349322735407962 -0.25089874302870807
vn 0.7958217192437631 0.39440798988311265 -0.4594672226571375
vn 0.3072905813251959 0.9349314086566531 -0.17741409114303547
vn 0.8831562448126361 0.4050128472870245 -0.23664243233389168
vn 0.34273574674732865 0.9349323767136742 -0.09183495453296285
vn 0.9189357776303044 0.39440719639242083 -4.9857696195701995e-06
vn 0.3548274810356248 0.9349317936087869 1.1705106067478068e-06
vn 0.883156489676336 0.40501330404868374 0.23664073674272626
vn 0.34273718068124936 0.9349316627439799 0.09183687155737544
vn 0.7958245123595428 0.39440650930315063 0.45946365574112563
vn 0.30729303505662126 0.9349304023262506 0.1774151442570934
vn 0.6465150566545966 0.4050117903472567 0.6465166132425472
vn 0.2509010069023312 0.9349315072072586 0.25090189629925136
vn 0.4594635703082491 0.3944077666827504 0.7958239385315835
vn 0.17740969508368723 0.9349335327561924 0.3072866567528418
vn 0.23663328752181123 0.4050074296636059 0.883161179600813
vn 0.09183283352496262 0.9349294224398637 0.34274437375840217
vn 8.802287080178516e-06 0.3944000957771435 0.9189388251529585
vn 2.3143004980194325e-06 0.9349303374462333 0.35483131783611804
vn -0.23663632023882641 0.4050065542648168 0.8831607684597226
vn -0.0918402694226694 0.9349265319082826 0.34275026600474406
vn -0.45947544687116226 0.3943996235395764 0.7958211172583864
vn -0.17742229007842286 0.9349265135789662 0.3073007406278206
vn -0.6465167505660042 0.4050123818835586 0.6465145487601819
vn -0.25089592914406134 0.9349335256114588 0.2508994528225719
vn -0.7958204547148235 0.39440832148938293 0.4594691282310696
vn -0.30728421980866016 0.9349340538495287 0.1774111699106622
vn -0.8831569740403936 0.4050115894871053 0.2366418635511138
vn -0.34273874626707296 0.9349311781729053 0.09183596184228879
vn -0.9189361329110429 0.39440636863563877 3.1853260160805026e-06
vn -0.35482756178584623 0.9349317629626881 -7.689882339458201e-07
vn -0.8831564903983778 0.4050112330897426 -0.23664427848216862
vn -0.3427400635339082 0.9349304811287938 -0.09183814188589891
vn -0.7958249787285001 0.3944063899204227 -0.4594629504342237
vn -0.30729287389688487 0.9349307624741321 -0.1774135255039233
vn -0.6465154007834801 0.4050127784182335 -0.6465156501336368
vn -0.2509049142996536 0.9349298184454101 -0.25090428167314366
vn -0.45946323333213085 0.3944089464962314 -0.7958235483696853
vn -0.1774143689740848 0.9349320833552787 -0.30728836814055577
vn -0.23664040988130533 0.40501871493609526 -0.8831540958194792
vn -0.09183581314589863 0.934932763722842 -0.34273446097729965
vn -8.3319327890766e-06 0.394409017406359 -0.9189349960248165
vn 3.250904874556541e-07 0.7702675986638075 0.6377208060339462
vn -5.705388235268752e-06 0.9007508055826856 -0.4343362593769847
vn 0.3188710573465737 0.770257529638399 0.5522903102735273
vn -0.21718447511709932 0.9007358641334534 -0.37617257586362013
vn 0.5522876997211212 0.770262251322249 0.3188641731595647
vn -0.3761741214418117 0.9007349651188644 -0.21718552661215504
vn 0.6377270141732756 0.770262458766948 -2.81683452339421e-06
vn -0.4343668581477956 0.9007360504268188 2.0756404530755657e-06
vn 0.5522869598491706 0.7702608223824174 -0.3188689064228784
vn -0.37617844454502414 0.9007320397736809 0.2171901710134005
vn 0.31887059795789885 0.7702582875176519 -0.5522895185211704
vn -0.21718698850172552 0.9007303787164066 0.37618425921740806
vn 1.6214048231332492e-06 0.7702678712669179 -0.6377204767696439
vn 3.8782320152792594e-07 0.9007457493093107 0.43434674524054845
vn -0.3188726983207176 0.7702568867448045 -0.5522902594540902
vn 0.21717341732671958 0.9007477511113967 0.3761504960443303
vn -0.5522860470655497 0.7702619270827719 -0.3188678188582913
vn 0.37616646356563455 0.9007410506625168 0.21717355119790666
vn -0.6377279004655769 0.7702617249668668 -4.339829366662297e-06
vn 0.43436426062640715 0.9007373030414912 1.2438723599879316e-07
vn -0.5522862262954882 0.7702640766485215 0.3188623158497872
vn 0.3761752690558858 0.9007355014776375 -0.2171813144093221
vn -0.3188701378299845 0.7702576606350278 0.552290658470104
vn 0.2171847906143127 0.9007363615523921 -0.37617120265003745
vn -6.963078897166639e-06 0.3850130134118272 -0.922911143856796
vn 0.4614653615341546 0.38499373285219 -0.7992681313355916
vn 0.7992733021408178 0.3849921851850936 -0.4614576966866186
vn 0.9229186337345783 0.38499505906132137 -1.9670121185631635e-06
vn 0.7992679290603848 0.3850014998320526 0.4614592318965933
vn 0.4614528504345713 0.3850108568735139 0.7992671061136769
vn 3.040355642001977e-07 0.3850056725196359 0.9229142062660052
vn -0.4614648522237132 0.3849852299690422 0.7992725210263583
vn -0.7992743845524888 0.38498502831142517 0.46146179275676924
vn -0.9229198927089143 0.3849920409880223 -4.2477327886091945e-06
vn -0.7992719825378388 0.3849924328682113 -0.46145977567307933
vn -0.4614607106591585 0.384996812122933 -0.7992693333120716
vn -2.037763636400618e-06 0.46055132781508656 0.887633074216823
vn -0.44380763355476033 0.46054869353312944 0.7687195101488262
vn -0.7687124163040001 0.46054876041208576 0.44381985118171186
vn -0.8876345161202918 0.46054854878844714 8.667407334214243e-07
vn -0.768713433094908 0.46054746416863407 -0.44381943516173433
vn -0.44380864814402443 0.46054738032051495 -0.7687197111512651
vn 8.044188005545093e-07 0.4605487408737113 -0.8876344164570188
vn 0.4438070716586365 0.46054658354905836 -0.768721098661326
vn 0.7687135037549135 0.4605484566056657 -0.44381828293005676
vn 0.8876339035583303 0.4605497294035577 3.3228401364508145e-07
vn 0.7687136600498481 0.46054937102077587 0.44381706333255627
vn 0.443807242960175 0.46054969436123677 0.7687191360437567
vn -9.95858737468376e-07 0.999999999994007 -3.315756003844841e-06
vn -0.9361754543602884 0.2757243583040797 0.21806328643563763
vn -0.6720757379192608 -0.700859241972118 -0.23897808569521417
vn -0.937787885249932 0.33229856435485494 0.10065558308490764
vn -0.6891016671106637 -0.7222197238504495 -0.05947741476127408
vn -0.9367036595590799 0.3470079001155537 -0.04660226846432575
vn -0.9449421849561705 0.30041503145590037 -0.12975005189058111
vn -0.9367246020054814 -0.34695514871593114 0.046574078382499
vn -0.9453967367496794 -0.29935172111508024 0.12889358870206402
vn -0.6760126489249092 0.653662948583015 -0.3401935451228993
vn -0.9367884381395091 -0.24378670770301647 0.25098897050560437
vn -0.684509399004156 0.46194480339371224 -0.5639626594842195
vn -0.9358100337049089 -0.11850009109619525 0.33198992338233807
vn -0.692406994253135 0.15042910917946262 -0.7056512151345111
vn -0.9381238837590772 0.00033019640232285217 0.3462996819102225
vn -0.937689229710279 -0.3328124006963875 -0.09987399275112001
vn -0.9361194992719698 -0.2764452334072604 -0.2173897789897259
vn -0.9372762324881566 -0.20033645740425116 -0.2852692900533138
vn -0.6760408137058288 0.1413637628452276 0.7231770908693106
vn -0.9350152552808247 -0.1108787554312342 -0.33682691992498864
vn -0.938349720886632 -0.00010195018692767657 -0.3456874179343807
vn -0.6680934164850725 -0.18149411294769063 0.7216031276363997
vn -0.9359594334233684 0.1182221108054207 -0.3316677124812089
vn -0.936949409556654 0.2433756000475088 -0.250787003716207
vn -0.9350164757532087 0.1107035481407273 0.3368811578273602
vn -0.6912088484420594 -0.18906149173369854 -0.6974855411969704
vn -0.9370743808772362 0.19982152945270187 0.2862917411849797
vn -0.6848670317635207 -0.4581742804376026 -0.5665981623239789
vn -0.6794705562337072 -0.5957711972082528 -0.4282247584954677
vn -0.3947427673019595 0.6941238828403072 0.6019719120801953
vn -0.3986114444090707 0.4996146180697616 0.7690865684675039
vn -0.39266208941026454 0.2822692572086902 0.8752945504085009
vn -0.36186179475726643 0.930946406372802 0.0489369998734691
vn -0.3883237313581882 0.8849528617329501 0.25702745412643324
vn -0.3232895186053652 0.8445523307394858 0.42686677992368244
vn -0.3498923493755416 0.485941078266753 -0.8008973793822836
vn -0.40937957274383324 0.6458171990498531 -0.6444598597519311
vn -0.3845258353268338 0.7955663199823627 -0.4682030675635534
vn -0.3936153193377753 0.9045012527310313 -0.16414769017752343
vn -0.392744242921526 -0.2824510240895157 -0.8751990508694472
vn -0.38705772144247297 -0.0052418402113944326 -0.922040586624558
vn -0.38683178444159844 0.29299683235502033 -0.8743649276907514
vn -0.39449154762371336 -0.6952514790479343 -0.6008342531306845
vn -0.3984866558892479 -0.4995303520711639 -0.7692059622999963
vn -0.3615384666472731 -0.9310775098588218 -0.04883244586782664
vn -0.38775660186407396 -0.8858509977256351 -0.2547799590613884
vn -0.32399187689917736 -0.8446850677656758 -0.4260708861176084
vn -0.34940135781504156 -0.4863627182034486 0.8008557907006466
vn -0.38986683409663764 -0.643415094773811 0.6588026013068503
vn -0.3782990800656894 -0.8031556635137546 0.46025078618861015
vn -0.393586341868463 -0.9042813995162625 0.16542352306582944
vn -0.3953408591150227 -0.0033216951676404457 0.918528481570065
vn -0.39381339062660725 -0.2853452529181832 0.8737786332934866
vn 0.6937962839701419 0.7087826982776072 0.12756881661102243
vn 0.5853723185879596 0.7796335930992828 -0.2225100203183177
vn 0.6965701352457457 0.7160426313231906 0.045530174735934244
vn 0.7253474118953224 0.6873496479639859 -0.03770402499126947
vn -0.0008621949491163328 0.5437422402656567 -0.8392518291733145
vn 0.537154064710095 0.7611547836564737 -0.36346788865357843
vn 0.3097299219594204 0.7657486377803346 -0.5636456326279599
vn 0.009612998470066556 0.7600143284568711 -0.6498352181904776
vn -0.2100332019328692 0.7309888591194698 -0.6492621519302063
vn 0.4054694615664594 0.9140824126789336 0.006917988729764172
vn 0.09068679118747647 0.7082332985385325 -0.700129631386466
vn -0.29449231708966106 0.7083451504145882 -0.641499355462885
vn 0.5004374340380227 0.723631038940596 0.4753109446406563
vn -0.6371064168322622 0.7087136954572013 -0.3030186652708928
vn -0.6225001803050736 0.7099540343528251 -0.3293308285391737
vn -0.6043920444258932 0.7129618416948635 -0.35552168558578456
vn -0.5907959889727772 0.7102240165227479 -0.3828079750579572
vn -0.5660448669909871 0.7601948911570668 -0.3188995704165358
vn -0.646585024325307 0.7096971477677273 -0.27974589321131244
vn 0.26989711464794597 0.5362130748352029 0.7997693954387668
vn 0.4427845436186896 0.7215712093001116 0.53223757650279
vn 0.3345889536563542 0.7497012124571351 0.5709626293650469
vn 0.16871742578222618 0.6733145367563509 0.7198485707633233
vn 0.025551579134695853 0.5749171477714478 0.8178125641013756
vn -0.30615225014582514 0.019368493507514246 0.9517855121769281
vn 0.5732246463900268 0.0753693334637926 0.8159246094733582
vn 0.6226110503838377 0.06453032446528191 0.7798662174785749
vn 0.24480210122194043 -0.002223652910968624 0.9695705165716697
vn 0.06450245416467855 0.0019094594750904388 0.9979157215773518
vn -0.08655159011480845 -0.07229757708514102 0.9936205928805101
vn -0.11559810989052896 0.022014785964867837 0.993052076272266
vn 0.4122230691810306 -0.05137910442708306 0.909633073751852
vn 0.08848760678363593 -0.31734972851055443 0.9441711143961047
vn 0.008576480853727102 -0.2669963155309669 0.9636593856073079
vn 0.5650012164609818 0.221718773211675 0.7947417259733635
vn 0.0500550137418311 -0.30710737005996147 0.9503575952525234
vn 0.5644912680658903 0.2271192748345706 0.7935782527740928
vn 0.624385500955163 0.10154005090899082 0.7744884532763351
vn -0.07423525965776538 -0.11128658835030018 0.9910118170218228
vn 0.6165694636015087 0.11956676998805572 0.7781682877557858
vn -0.056217125446333 -0.16175178437029444 0.9852289049046303
vn 0.6039312569072576 0.13908475403315917 0.7848072808823552
vn -0.019955524394269255 -0.2157997423691795 0.9762337057485495
vn 0.5987541149534135 0.15906381465200414 0.7849791160882609
vn 0.5927713799783956 0.18495017521698762 0.7838466200512152
vn 0.38837263034975933 -0.05554096222400524 0.9198271041399253
vn 0.32333574744299254 -0.09677396918393646 0.9413228953519976
vn 0.31175230683057087 -0.08870472090512496 0.9460137270013377
vn 0.3011575022606599 -0.0760747738563754 0.9505350007310736
vn 0.2925976907551776 -0.06188148353389762 0.954231247319213
vn 0.2861713331804302 -0.04680611879486189 0.9570345632782006
vn 0.281776697198386 -0.03141390623929049 0.9589656195144631
vn 0.28528297596840924 -0.023577791468441356 0.958153281772848
vn 0.37786538142912107 0.0006850356253112654 0.9258602941284485
vn -0.28936717434090464 0.7066483984309425 -0.6456893056330919
vn -0.4644532133321562 -0.010955067402415116 -0.8855298973629536
vn -0.4528731932550676 -0.02021531886619114 -0.8913457307431817
vn -0.4531546177337002 -0.026675422049256946 -0.8910327234648108
vn -0.4460493852019606 -0.03466024581911142 -0.8943369685530793
vn -0.4425792471404443 -0.04849383262707339 -0.8954171978456382
vn -0.35053622341127827 0.6882409690499212 -0.6351761366721703
vn 0.4575123378640504 0.1344050827099032 -0.8789867657956605
vn 0.46722017996905807 0.08924762435342086 -0.8796250138422347
vn 0.8201941881713192 0.5008045137007817 -0.27654354584208624
vn 0.4478697691828056 0.2433831091396353 -0.8603355926832651
vn 0.4516513014804816 0.1822148353649032 -0.873389292150945
vn 0.37561365009523084 0.4109199581927805 -0.8306980039827837
vn 0.41811209600572025 0.3337044500558151 -0.8448808289851589
vn 0.4246247368307854 0.3017795131190147 -0.8535941414589471
vn 0.3165610452448573 0.48966307814499194 -0.8124156414884286
vn -0.3015100490570356 0.9045349209753397 -0.30150997836516064
vn -0.3015131349788318 0.9045331924054272 0.3015120781529049
vn -0.7243799127161772 0.07135165931447113 -0.6856986821967612
vn -0.7243869540934369 0.07134280615058428 0.6856921647137242
vn -0.07134515545207716 0.7243785054190557 0.6857008456173687
vn -0.07134213949655853 0.724386201111544 -0.6856930295483827
vn -0.2855643328984351 0.6894352406607757 -0.6656816511751621
vn -0.285557691607798 0.6893922643789591 0.66572900686246
vn -0.5276408529822014 0.5276441482130555 -0.6657227524433381
vn -0.5276655708052266 0.5276485101852292 0.6656997033844182
vn -0.6894860034543793 0.28559502187390173 -0.6656159061511023
vn -0.689316129060244 0.2855227013493256 0.6658228452310608
vn -0.6744721575514188 0.7365050572950926 -0.05145492461063669
vn -0.45798042676822237 0.8888785044026186 -0.012203815311643948
vn -0.21258607128120238 0.9768137825110097 0.02533765170171946
vn -0.6701811058182916 0.7411825497713401 -0.038803521987402854
vn -0.7661063023845901 0.6421244055687483 -0.027520559943297926
vn -0.9716445558584202 0.23107694971878162 -0.050102897913764446
vn -0.9083158934577443 0.4155931957165727 -0.04737650647890724
vn -0.9914295859974324 0.13064136547455119 -0.000457860136114361
vn -0.9826949294353738 0.1544594885652258 -0.10223963054596127
vn 0.7175637643950806 0.17900399189250352 -0.6730971808837932
vn 0.7516600267213323 0.19569974294828588 -0.6298482474685952
vn -0.6402012371106663 0.17442699095032682 -0.748142767678728
vn 0.6865795895522866 0.6130794824741965 -0.3908222298940849
vn 0.6997533615947484 0.5555570973318082 -0.4491119510112204
vn -0.5998794103766192 0.7684592507503097 -0.2227444116975157
vn 0.8956631195649228 0.39783455681156676 0.19878440999679747
vn 0.8060079840569567 0.5344914908915452 0.25430292133786836
vn 0.6891946285568313 0.5444579395990764 0.47809655507641935
vn 0.8562599123607523 0.4867925306923842 0.1727772975424173
vn 0.817269085371433 0.5746701451673791 -0.04272547658534362
vn -0.0035962235601628314 0.5084695172827945 0.8610724807879456
vn 0.574189779129525 0.8003542511212854 -0.17245048638746574
vn 0.0563512589770463 0.966103286533892 -0.2519304970822598
vn 0.25083691419510645 0.9360591241022359 -0.24672689083687638
vn 0.5902634687861852 0.1886078587422527 -0.7848669397019872
vn 0.6903040264291156 0.449118535614845 0.5672502904917088
vn 0.8325650567448029 0.5306891333461633 0.15875915732902324
vn 0.6901005969537045 0.711688003819518 0.1313824619328251
vn 0.6964865159816558 0.7160409510297179 0.04681761959126022
vn 0.7288774496502239 0.6723089432762903 -0.1293767683245453
vn 0.6924885525833759 0.6829751742731494 0.23238871716919118
vn 0.8254385630275186 0.5228595404458606 0.21276531585718733
vn 0.6987903434816831 0.6469174362821758 0.3052701860497491
vn 0.8197184554115293 0.48969206120427844 0.2970914658000829
vn 0.6945274887959272 0.6126075589801018 0.37728443644982806
vn 0.8206039934590986 0.4341607356408292 0.3716363027837745
vn 0.8226654674829355 0.3935824204928184 0.41026138849530747
vn -0.5588748839510735 0.8281587567587584 0.04256686143541483
vn 0.6883600371326294 0.7140028697079265 -0.12790762810564046
vn -0.5699483996959861 0.8193777451371299 -0.061473022196546295
vn 0.6972594847101157 0.6846837841607866 -0.2122199959689222
vn -0.6030653075936446 0.7859023587163414 -0.13663717408185047
vn -0.6054488560680747 -0.3630456093951949 -0.7082581225688351
vn -0.5597431047596966 0.8213680895747382 0.1097365850676976
vn 0.6923398819406674 0.720976233505967 -0.02930458315574992
vn -0.6367387284483863 0.7051729270794282 -0.3119213596536209
vn 0.6950328170494742 0.6592090805039224 -0.2870065703175544
vn -0.6181964424098347 0.21797881852617282 -0.7551942751807361
vn -0.6146212052241753 0.33265376530848834 -0.7152497791085763
vn 0.703270818192708 0.288705065350316 -0.6496610974343691
vn -0.6070627288234419 0.42624160897783375 -0.670666037644239
vn 0.6986886994347532 0.4143223547762342 -0.5832418774529566
vn -0.5969823340158404 0.5266711881049096 -0.6051690280352774
vn 0.7025146898339698 0.4985465760708873 -0.507862601552306
vn -0.5918257449197446 0.6328324684591368 -0.49926481401567363
vn -0.676630416311283 0.6354142311416524 -0.3720484304295379
vn 0.7308920511610011 0.6824762623277617 0.004791754250039375
vn -0.7545287463152611 0.6561890951058033 -0.010111500786109904
vn 0.7738349969944504 0.5864746394730695 -0.23922143441074004
vn -0.7848329737345003 0.5765160975667439 -0.22730242538405437
vn -0.7208901121522812 0.4228277095854226 -0.5491212745904288
vn -0.6676474255272995 0.26053769160023277 -0.697400191025491
vn 0.7541375374926158 0.33047140208447173 -0.5675079091509623
vn 0.7530344989412212 0.46123997910728903 -0.46925123875963465
vn -0.45672115871077495 0.40696921899264427 -0.791063738252743
vn -0.7910652142588408 0.4069653535184311 -0.4567220465723465
vn -0.9134434879698458 0.40696559348711037 -1.7794429034741887e-06
vn -0.7910657429477155 0.40696424066679265 0.45672212246953775
vn -0.45672057247091524 0.4069685493813735 0.7910644212049105
vn -1.3584604763473735e-06 0.40696436856325807 0.9134440337087232
vn 0.45672210289063353 0.4069583371150197 0.791068791309413
vn 0.7910655198851677 0.4069628548340042 0.45672374367243773
vn 0.9134409412092948 0.40697130958077704 -1.0039178234523623e-05
vn 0.7910694034838959 0.4069656402932288 -0.4567145350132351
vn 0.4567193218809503 0.40696998920477256 -0.7910644025029011
vn -1.458486066367327e-05 0.40697622097449804 -0.9134387529268717
vn -0.6878184116337505 0.7073257591274763 -0.16308311712854898
vn -0.6730338436899134 0.7117838035839336 -0.2009707993803314
vn 0.16289296174731582 0.9454447063962425 0.2821350565961455
vn 1.5865222938829063e-06 0.9454476363819568 0.3257741040310819
vn 0.24405190479921926 0.9374049863985312 0.24841610100603814
vn -0.21308267755620966 0.45626999492957876 0.863952234936885
vn -0.16288016501377964 0.945451938858298 -0.2821182077678949
vn -0.2821302102347364 0.9454480654539086 -0.1628818590339796
vn -5.127177882297127e-06 0.9454504096892582 -0.32576605530982816
vn 0.16289077580057276 0.9454468849251274 -0.2821290182601929
vn 0.2821291884608626 0.9454474042838068 -0.16288746652651637
vn 0.6786193973946273 0.7206898490193394 0.14171046185880024
vn 0.32577047320618613 0.9454488874507699 2.262467889671678e-06
vn 0.28213732374118067 0.9454441596433378 0.1628922083724905
vn -0.16288681838506047 0.9454480576813884 0.28212737304785285
vn -0.2821357351666819 0.9454455037887336 0.16288715820353564
vn 0.6845052443860492 0.7275661366527302 -0.04582670841568103
vn -0.32577639335247593 0.9454468475446566 1.4573296542543185e-06
vn -0.9361977793547125 0.3473467590130157 0.05370239226011415
vn -0.9141199159389755 0.39435169984138124 0.09418872605536974
vn -0.8040509443313318 -0.28620223149383933 -0.5211433215611999
vn -0.768837003717943 -0.397892467765365 -0.5005709198601171
vn -0.7883552849229485 0.06851052781669542 -0.6113936966573456
vn -0.5839053007419127 0.7451142753147331 0.3222721155913067
vn -0.6634196487581955 0.400436426876949 -0.6320799298123413
vn -0.9868646473525524 -0.16097241429111234 -0.013640001576718016
vn -0.920142493205974 -0.29575562403797395 -0.25664450714286263
vn -0.9313256966817441 -0.20978111086999704 -0.29769839136685655
vn -0.09688251907948281 -0.9044442337534833 -0.4154448284993911
vn -0.05932945194109739 -0.8239997234180664 -0.5634753516697241
vn -0.2326474032781628 -0.8400768611979131 -0.4900469906323168
vn -0.10150402800600071 -0.6771280906730412 -0.7288309002231169
vn -0.4041624577815122 -0.772252746372081 -0.4901820105234236
vn -0.35688414468748114 -0.654420758870245 -0.6666087140372362
vn -0.6972260369959912 -0.5971877847284568 -0.39653827445277384
vn -0.6569849055064585 -0.5751402334637671 -0.4874264516703146
vn -0.8572843314696706 -0.42710846213065196 -0.2874751060404872
vn -0.7033262912922849 -0.44650209259787144 -0.5531437510112194
vn -0.9577957884388502 -0.18363768298147806 -0.22114345804928506
vn -0.9417925032852041 -0.09150327620183486 -0.323502753002381
vn -0.9989842888811629 -0.03388475182977783 -0.0297020901963423
vn -0.9995305520663414 -0.007508215370341615 -0.029703571972191933
vn -0.9437056020856945 0.04468738457290064 -0.32775413689549476
vn -0.9242565727993542 0.1679412419453468 -0.3428491313844136
vn -0.8134410780965303 -0.20860500523609152 -0.5429526353703469
vn -0.7976049879385911 0.5778933887448627 0.1728164183764344
vn -0.7914918883049965 0.6002583933178341 0.11502370190044833
vn -0.09108413676565333 0.7287082225072801 -0.6787400139080767
vn -0.37282629442010773 0.6628159742948418 -0.6493654890803412
vn -0.07841587401115564 0.8872875685760895 0.45450161864772054
vn -0.3156755040162993 0.8491506696227671 0.4234289981133338
vn -0.38332482519951167 -0.34771991818274284 -0.8556593579718219
vn -0.09229550980504879 -0.2492160014729324 -0.9640398972447507
vn -0.39173243825777976 -0.14053740368894338 -0.9092826485647825
vn -0.23777153353497324 -0.08547193979969797 -0.9675532261055739
vn -0.395009069798769 0.062443449081708416 -0.9165525901133503
vn -0.3795743672696013 -0.5218566625537603 -0.7639299205163603
vn -0.18763232232516108 -0.4931786404170427 -0.8494521412388482
vn -0.17740376843889671 -0.396618211847735 -0.9006785758384527
vn -0.5787409608503513 0.7819854057900406 0.23142542074153738
vn -0.5805149261780473 0.806600111317987 0.11134936419354682
vn -0.6019679540912022 0.7982085544211163 -0.022308874830527108
vn -0.801782141217103 0.5965710504411271 0.03533241855418154
vn -0.8215744589270009 0.5698508844307477 -0.01689313328842141
vn -0.8436975240994723 0.5269682783838875 -0.10236660297939937
vn -0.8782109436944951 0.4508973095230684 -0.15949029638220272
vn -0.8941271069517801 0.38210629991420014 -0.23351978969654688
vn -0.9144220153811737 0.2808759139567081 -0.2914465624179096
vn -0.7200166306778826 -0.2988944266863855 -0.6262892089467025
vn -0.7320109025993939 -0.12740784546508213 -0.6692736954262929
vn -0.7341946935522304 0.05479424766611666 -0.6767242735283334
vn -0.7264177061240564 0.23203140614710907 -0.6468993297189752
vn -0.7099855845724694 0.39469478518004314 -0.5832122223093135
vn -0.6870703630905588 0.5347046931225244 -0.4919605749603872
vn -0.6604780625360138 0.6465556272433178 -0.38175194798281414
vn -0.6334941421423265 0.7283272375394602 -0.2611984052966184
vn -0.674557939544215 0.7330148983591579 -0.08752568183897089
vn -0.3327910463851804 0.9355125785335443 0.11860158030724507
vn -0.07183324175425373 0.9959573245679069 0.05393508152039663
vn -0.3121361806090465 0.913929521955433 0.25942982413961296
vn -0.07092014147750407 0.9686573073299158 0.23806166110730217
vn -0.017006815956661186 0.9413479860518745 0.337008512306583
vn -0.3428910545942701 0.8544953026988164 -0.390209562087973
vn -0.04354728590539474 0.9358065329033064 -0.349813903191063
vn -0.3147167451063933 0.9435517653293988 -0.10326391670575231
vn -0.07463475437280478 0.986103670037507 -0.14842238839969774
vn -0.025255292795482866 0.99795626178657 -0.058698123877934334
vn -0.2656309257372823 0.0266605801589565 -0.9637060883679954
vn -0.09406363639271981 0.18902988608406535 -0.9774557455330771
vn -0.38787035108567164 0.27338366003520137 -0.8802374481777264
vn -0.15505201774619046 0.32576293682373164 -0.9326507281854298
vn -0.3835566301807847 0.45744882054048014 -0.8022623561095736
vn -0.20155175601577563 0.4460347192532164 -0.8720263292284595
vn -0.3701651949033763 0.6229356986702439 -0.6891508135411004
vn -0.0891323018150151 0.6043130288187389 -0.791745663690733
vn -0.39619124329844757 0.7577113901895041 -0.5185614215410932
vn -0.11033467414772287 0.7274457371521215 -0.6772362654051557
vn -0.10651355650868051 0.8458277679480279 -0.5227143093965662
vn -0.008023376793301505 -0.99705692814839 -0.07624373716003788
vn -0.027256071798718154 -0.9480119761421425 -0.3170652923944417
vn -0.30547812942678604 -0.8682067397832659 -0.39102451257795096
vn -0.18569567908453488 -0.9485559529700395 -0.2564346288129467
vn -0.1037390466006802 -0.9543281875155779 -0.2801712346469811
vn -0.8978288158863895 -0.4237079226347027 -0.11989584505156382
vn -0.8341776454411891 -0.5074504744690312 -0.21596683034056083
vn -0.9494274281542097 -0.3087256119244533 -0.05723683438446602
vn -0.8334888860507401 -0.5470335108300864 -0.07778569829220605
vn -0.7987955184849196 -0.5892736662766394 -0.12117040018625136
vn -0.5376415253983745 -0.7731455048980367 -0.3364336761135379
vn -0.7359679674577019 -0.6717335023860671 -0.08441121162693092
vn -0.6944768063878332 -0.719468697090584 0.008170636213507618
vn -0.6382980285793052 -0.6661710947064402 -0.3857352709947533
vn -0.02998151288755125 -0.9977438398247773 -0.06006945127669078
vn -0.6560876617571019 -0.7543191436104184 0.02348637206857804
vn -0.680962913742032 -0.7307446186986455 0.04797720657701216
vn -0.8696547941046631 -0.47931771373658827 -0.11813157236364041
vn -0.4847041422888579 -0.8684975455194992 -0.10379743674401663
vn -0.6183611625277703 -0.7841586600996737 0.05219835694721234
vn -0.5581134922457878 -0.22235698552795172 -0.7994164751618104
vn -0.6206007876366597 -0.7824934074917228 0.05058388692805289
vn -0.002599942054966787 -0.9967527299875651 0.08048127461495032
vn -0.010580841995609706 -0.9969525924889936 0.07728890031653246
vn -0.5823447055776867 -0.8107211987559916 0.060048162114135044
vn -0.5547816732824271 -0.829922309872566 0.05870480871048614
vn -0.575725276220007 -0.8098893233708533 0.11233739453671741
vn -0.0695763637915379 -0.9418780957010794 0.3286712376221195
vn -0.03570708382622484 -0.9499550964122279 0.3103390387383803
vn -0.632692789264605 -0.7449264567545648 0.21162327008073464
vn -0.008773353294955103 -0.9472940015038905 0.3202453793370155
vn -0.019645516986064215 -0.7896466584102054 0.6132472654027467
vn -0.07210055170241038 -0.8027326783603207 0.5919643211686614
vn -0.14991470812311503 -0.8096560465257229 0.5674351651181814
vn -0.6804333560038046 -0.6219796479140669 0.38749421365756315
vn -0.08103962876767731 0.7350243936456874 -0.6731803022333517
vn -0.08750357727091973 0.6811691910401587 -0.726878020814007
vn -0.6071160615180348 0.7537691038830667 0.2514800705386975
vn -0.998310449849875 0.03134509176469713 0.048925769721107626
vn -0.6990716582820644 0.7146726895736806 -0.023275810711688147
vn -0.4646745497242182 0.7537622423887752 0.4646719754704822
vn -0.29715770857171403 0.7646245738557766 -0.5718798451530535
vn -0.5273713397131619 0.764630577930559 -0.3704315717412923
vn -0.9748847260588905 0.05304101063492315 -0.21630169229090182
vn -0.06699246157958612 0.7298428949009542 0.6803244511658407
vn -0.25146368582601064 0.7537752473473273 0.6071152206931343
vn -0.07133020871486191 0.6857013085092857 0.7243795392150084
vn -0.6925993167770004 0.6899929315898553 -0.2102758682209389
vn -0.6413158288383646 0.7343436246355588 -0.22238131360002106
vn -0.5609547769263137 0.7616127827482685 0.3244621817685202
vn -0.648052255206195 0.7615957193630112 -0.00048453080576367274
vn -0.52764331578582 0.6657242742323026 0.5276397653744641
vn -0.2855523454418392 0.6657134615431812 0.6894094901673895
vn -0.6894014624708036 0.6657161056094538 0.2855655621311847
vn -0.7243825836431065 0.6856964884643205 0.07134562510930449
vn -0.32289588043848555 0.7623990728757936 0.5607904279443309
vn -5.758394778967381e-05 0.7629618335690527 0.6464435297851145
vn 0.3233444039231378 0.762883998262478 0.5598717725038891
vn -0.5537024055190946 0.7661270945568519 -0.32628656286804814
vn -0.3190555241921706 0.7688411720221071 -0.554154152457718
vn -0.3474500885821429 0.657388493052718 -0.6686694289005127
vn -0.6166380412095084 0.6573825864881897 -0.4331346916553768
vn 0.5597143403240142 0.7633077708722005 0.3226160320904184
vn 0.6460723820338763 0.7632759867086527 0.0004952645814923236
vn 0.5605678439221481 0.762533759909071 -0.32296432830795657
vn 0.323595870638437 0.7622682281250008 -0.5605647695823593
vn -0.004950797622286428 0.7650618350420255 -0.6439377906017256
vn -0.6054983865338881 0.7028563020952727 0.37331584818999697
vn -0.6852299271938345 0.47860823474211633 0.5489937199230677
vn -0.700216858361954 0.3002769153596701 0.6477114522438185
vn 0.1490925656882117 0.20476191919742737 0.9673902848918282
vn 0.10857420167111247 0.095383885667941 0.9895016710882127
vn 0.05671801548846342 -0.1533030336224873 0.9865501743962104
vn 0.023806130371592356 -0.2859970370123942 0.9579347383704497
vn -0.057699296761841615 -0.5746766182554355 0.8163440301635613
vn -0.3977587575703784 -0.6830883017127826 -0.6125180347052777
vn -0.07938789522948199 -0.8614772462514981 0.5015521072450684
vn 0.06547697597067777 -0.6056806301773775 0.7930092936691665
vn -0.70618536408834 -0.24608880249197848 0.663884427318101
vn -0.7420933867787137 0.6694676817711797 0.033323090541259114
vn -0.8285103485312121 -0.44446825284300445 0.34061499466608425
vn -0.9157326628320318 -0.40113494527413696 -0.02290078388334125
vn -0.6339204597118856 -0.4658855827906161 0.617329307992517
vn -0.6924329404697092 -0.5674022851208131 -0.445635803983647
vn -0.1156098206266071 -0.468043635103361 -0.8761104525194956
vn 0.48983417592596995 -0.8716611679848325 -0.01641000677158404
vn -0.006653858536604522 -0.545879516309774 -0.8378372633393563
vn 0.5328381514483159 -0.7611131637192414 -0.36985166807036157
vn -0.644242388479118 -0.7147503249735465 -0.27218324312295783
vn 0.3000008880586112 -0.7675787497884018 -0.566411802522969
vn -0.5988608197923183 -0.5447202644352256 0.5870652025382619
vn 0.007085168180492017 -0.7607499173626479 -0.6490064434384136
vn -0.43837054063840963 -0.48587243814722836 0.7561476330381893
vn -0.2668354027371285 -0.5018621233694047 0.8227595499131365
vn 0.5576227392971951 -0.8296553818061623 -0.026996815715251386
vn -0.11823231464512264 -0.5505701907098978 0.826373756163229
vn -0.6015137018507043 -0.5955362490047104 -0.5324639354991674
vn 0.5206738937291331 -0.8537409119183673 -0.005015147628735697
vn -0.40028559634447136 -0.6846076174823262 -0.6091665219333083
vn 0.838318743550065 -0.42117538130395843 -0.346169008428117
vn 0.4306955612864407 0.06100212296959689 -0.9004332704211677
vn -0.5883644306706441 0.40618148977659596 -0.6991737223927067
vn 0.1829292741630468 -0.05515152825097779 -0.9815779080571049
vn -0.6715239968976169 0.24679275774863946 -0.6986765033357503
vn 0.2673237316715487 -0.11366072141186721 -0.9568799626355083
vn 0.2164994693764425 -0.15031850072548106 -0.964641035877783
vn 0.4498102865542323 -0.03589274084492767 -0.8924026094003975
vn 0.39579303866201343 -0.11728058780317965 -0.9108200339645757
vn -0.6785352050419815 0.12082751072134347 -0.7245624115088498
vn 0.31209191700804584 -0.09499104864854138 -0.9452911382293253
vn -0.7018325788709763 0.21021480606683143 -0.6806179299324983
vn 0.30014331544962936 -0.16419775803792225 -0.9396558340404343
vn 0.2742542798491329 -0.151636759951974 -0.94962670719378
vn 0.4497404718478336 0.00041613089526675126 -0.8931591878367293
vn -0.43553749877400444 0.871998383404211 -0.22344105822817473
vn -0.46260551090305857 0.8379193472399797 -0.28963305889184376
vn 0.26040104057698193 0.9226550370246877 0.2844274612610348
vn 0.641892791233242 0.699631600751001 -0.3138299982369268
vn 0.6453095039479744 0.6879726246075127 -0.33206823380906164
vn -0.6138798274826449 0.789392340501473 0.0033600844460454863
vn -0.43942724410335954 0.8879963770067101 0.13552170144550021
vn 0.8274570552094188 0.5607139714533049 0.030243412526024634
vn -0.4422418946729677 0.8877941171356293 0.1274508225765227
vn 0.8202863478939565 0.5698944739140077 -0.04848294608490104
vn -0.6568874687114741 0.7512110170756158 -0.0646595799093323
vn -0.5709508095176141 0.81330575643581 -0.11202196061288927
vn 0.05381032840916721 0.992321481976814 0.11136662410182442
vn -0.06924611825719679 0.9879339829095747 0.13853310260993454
vn 0.6780772509937454 0.7085979375177325 0.19519273713532662
vn 0.6786116997212213 0.6945031321918813 0.23906392529434745
vn -0.03524011853019883 0.9900751450668722 0.13604903956584757
vn 0.6081120840275949 0.7907618948392949 0.06996655579477652
vn 0.6229160383520789 0.7757212780158016 0.10115388275930406
vn -0.2862522909258748 0.9537568111822239 0.09169280813239551
vn 0.6607915439749239 0.7355127832168112 0.14958436126780184
vn -0.1547783602418415 0.9795546922922638 0.12851561776319356
vn 0.09042700134398529 0.4098757457508011 -0.9076479661593252
vn -0.17375096534367376 0.24765202077961948 -0.9531416886517515
vn 0.41959977087743233 -0.571747526356555 -0.7050112044391685
vn -0.418043065726026 0.9013718494679278 0.11299904506301313
vn 0.32205659098014094 0.41423672266005684 -0.8512857862117195
vn 0.46726920666744487 0.44854610219951774 -0.761883116168088
vn 0.7051713701277569 0.5666694409063372 -0.42616790528504267
vn 0.734270052727306 0.5979364767281807 -0.3214334448462526
vn 0.8478137961711898 0.5285686089749909 -0.0427433343112041
vn -0.5173704279297704 0.8508430166375139 0.09161878269733659
vn 0.6512094169166517 0.5269610959731771 -0.5461119836167513
vn 0.7737025709967353 0.6249255767197435 -0.10417463796211361
vn -0.47747786481800575 0.87821110850994 0.027570591190267
vn 0.6426795712973646 0.6361692798848623 -0.4269093767625761
vn 0.620877640109232 0.7838365128890628 -0.010548794921931256
vn 0.60519784991419 0.7458220474647109 0.2783613406613564
vn -0.7316748269580862 0.678074398118246 0.06976430471547043
vn -0.6798775820886545 0.7332961172759962 -0.006578583527865868
vn -0.5177931449971133 0.855069868776583 0.027308945501348433
vn -0.37495795922653896 0.9262332709042602 0.0387099041934304
vn -0.23016869822110822 0.9713903954420109 0.058507008146151986
vn 0.0511402285560976 0.9732474349581948 0.22399577534079654
vn -0.03707654023419645 0.9775723542162155 0.20731044941446708
vn -0.06510949635424701 0.9927556717682903 0.10097984777363783
vn -0.15167588368927998 0.9704800042966059 0.18751796598602413
vn -0.46362335912052705 0.8501884644719262 -0.24946533979025387
vn 0.22385411771817584 0.9484424136386775 0.2243798609319845
vn -0.48821926737848426 0.8281495860420666 -0.2753365397087169
vn 0.18872788918617422 0.972677412028876 0.13520516252029469
vn -0.5157305150646905 0.8055435644578308 -0.2917560652183284
vn -0.5407255427590253 0.8048554797695653 -0.24458851995312555
vn 0.1268473607657333 0.9866663964657194 0.10197631662361328
vn -0.5461220602207025 0.8209760472488903 -0.16658038655220792
vn -0.38862595940474537 0.9155472380032308 0.1036490166928601
vn -0.21934404895685014 0.9674647725936502 0.12609560649575374
vn -0.3101745535156496 0.9492547387116465 0.052030638904890986
vn -0.17288404389505094 0.9789950287048302 0.10807331371676561
vn -0.316701435291782 0.9392110481274728 0.13260018084233105
vn 0.1434306012094563 0.9593065976168377 0.24322523389956988
vn 0.09360866086917556 0.9825581816383673 0.16067619084912643
vn 0.04081172539078184 0.995832158613723 0.08156417682635106
vn -0.1277918765159148 0.9912743469002199 0.03231726278761283
vn -0.03432890832493267 0.9977089025158796 0.05829641407305875
vn 0.01930245977604771 0.9900848879414903 0.13913780836451542
vn -0.12200004599692162 0.9896549479677181 0.0754922031719997
vn -0.2129424997868241 0.9769134143670372 0.01719513344745586
vn -0.39818848180334876 0.9170162889502804 -0.022957760321941873
vn -0.3071165256190948 0.9516001659535912 -0.011686053600490087
vn -0.5411777037748802 0.8404726009860135 -0.027064735889226157
vn -0.45333550309577014 0.8911326364218803 -0.019223577624719917
vn -0.6648613588516553 0.746362672211753 -0.030035562835775485
vn -0.5920767379509964 0.8055968878533508 -0.021419399111619965
vn 0.6770612130264599 0.6915956512479778 0.251562256688129
vn 0.6473243804687014 0.7490748907873575 -0.14091825446946374
vn 0.8386117938902645 0.5446413257864611 0.009802315732431621
vn -0.7778490903555544 -0.5588947952781842 0.287380236696947
vn -0.9526789676356712 0.2920127631226886 0.08444720716568709
vn -0.786184845873246 -0.5827161570387441 0.2058039563401497
vn -0.7873243311237742 -0.4422812486136956 0.4295435888768587
vn -0.8089143201022797 -0.5843826598442862 0.0644556406126235
vn -0.8047218145030389 -0.47673476577382906 0.35376088586149373
vn -0.8218194568468561 -0.5680910587229333 -0.04342037939718245
vn -0.8258891778631123 -0.5013118668200806 0.2580571217268734
vn -0.8239801161442227 -0.5488831701689172 -0.14065572759142422
vn -0.8342214560874921 -0.5285643172214514 0.1571442800851663
vn -0.8189943828162608 -0.5039232971875897 -0.2744257849893125
vn -0.8373008157482692 -0.5430416646129129 0.06350664879931309
vn -0.8122933524364281 -0.4392286443014198 -0.38374171992725253
vn -0.06112220995033349 -0.8726127769414332 -0.4845730254248039
vn -0.7393035804149992 -0.3089594654393454 0.5983095057752276
vn -0.7565266974404703 -0.36430451507561484 0.5430926038488612
vn -0.7666541333822386 -0.4080029591287082 0.49575702224995866
vn -0.7667825474805884 -0.5219355377861031 0.373668060282265
vn -0.7386799770790067 -0.49076883726204035 0.46205826454574245
vn -0.7254139207897624 -0.42368493099445464 0.5424626464307459
vn -0.2772525508880802 -0.11870073093661632 0.9534364999836987
vn -0.6414096607295621 0.10122225273833343 0.7604917505623351
vn -0.6563741481560234 -0.003898010427706596 0.7544254656009171
vn -0.6621138385944544 -0.11847434523938301 0.7399791174498211
vn -0.7106139492567445 -0.15953702050941487 0.6852559771419083
vn -0.6798273788584039 -0.1929050856447285 0.7075467213456027
vn -0.7123204068744058 -0.21487086274348208 0.6681542862948292
vn -0.6883790089758451 -0.24251179711857082 0.6836098070242662
vn -0.728086049244363 -0.25942077310616607 0.6345010381210847
vn -0.691102172756746 -0.3313776057855965 0.6423135287339903
vn -0.7067911600419534 -0.3821769088088082 0.5953041797769385
vn 0.7260125276923629 -0.6859625480961941 -0.04859210062471663
vn 0.35937883362085704 -0.8827893417088752 0.3025389761840995
vn 0.6762233756919198 -0.7232224961178628 0.1402539385431743
vn 0.5791570917591424 -0.8027806253774217 0.14184615110649898
vn -0.2124222606397959 -0.6847902775093294 -0.6970932929051709
vn -0.6728198838808702 -0.7120019174680164 -0.20091459224357022
vn -0.6994651230287701 -0.7000458104938138 -0.14382073868676568
vn 0.6533513317561586 -0.7305314354447457 0.19863498966570173
vn 0.017210513102038215 -0.6633894500910351 -0.7480763568959247
vn 0.34897920391508935 -0.6595463292853705 -0.6657418078812416
vn -0.6702520160922328 -0.6011290615765407 -0.435208095343371
vn 0.690998324462736 -0.6832479159290819 -0.23599491725089736
vn 0.5969780793255883 -0.6636744220886175 -0.450725453319503
vn -0.25425140719403744 -0.25148967226498953 0.933867852902058
vn -0.24900443749734236 -0.039817365965507646 0.9676835058396939
vn -0.24526219672958058 0.05718349294061274 0.9677688272467198
vn 0.6711598630939609 -0.18988851281540084 0.7165799263672205
vn 0.688888209695533 -0.27429604731266377 0.6709655080338573
vn 0.7267730590287957 -0.6762750798410535 0.12022036872303885
vn 0.7226826872443949 -0.6447823530158137 0.24896877474215723
vn 0.7187097305549898 -0.5795881882142104 0.384101360695511
vn 0.7133823802039615 -0.4944085733876764 0.4966344150129882
vn 0.7092095694653183 -0.3944520856165365 0.5843195518991149
vn 0.699886835251553 -0.00012475679384543257 -0.7142537380212357
vn 0.09855384978381573 -0.14528963508453382 -0.9844684152525119
vn 0.7164583743621138 -0.4281378740022207 -0.5508042834358278
vn 0.7141101127879709 -0.4860657509354548 -0.503772600070214
vn 0.7222189380704256 -0.5457183863367627 -0.4249602902700755
vn 0.6990228267211107 -0.004588726762638549 -0.7150846322705626
vn 0.7164161135439453 -0.6090815361070796 -0.3402464322047026
vn 0.7154662630427413 -0.6432133882745447 -0.2727353361631653
vn 0.6436501410246951 -0.2754639118596712 -0.714026700636508
vn 0.7015409585525013 -0.02435757448981113 -0.7122127435241601
vn 0.693443898976677 -0.45603243144558436 -0.557826120257785
vn 0.6907416892414898 -0.5053119083977674 -0.5172386238238784
vn 0.7248803703193925 -0.6671118141759633 -0.17178555268844717
vn 0.7159804819718096 -0.6948199834029075 -0.06780221308628825
vn 0.7165900001040308 -0.6974617592166701 0.0067724575519431136
vn 0.0732761801135465 -0.9692318658131266 -0.23498976939512176
vn 0.12973059267733636 -0.2632677970195106 -0.9559602713377168
vn 0.2733592898831 -0.33194494834711585 -0.9028218262212306
vn 0.0215144242997952 -0.2712986189989708 -0.9622547421947576
vn 0.35734436827686566 -0.3748827712461128 -0.8554343401358413
vn -0.01175405403894002 -0.4636930624690699 -0.8859179341404627
vn 0.3850137844789177 -0.45714687891316325 -0.801736313797233
vn 0.6382596117522314 -0.5045389848942776 -0.58143364258335
vn 0.6084241030574299 -0.6331069706572329 -0.478534925082782
vn 0.5809764750384315 -0.7102416162097802 -0.3975212976126411
vn 0.5759775826394606 -0.7501004411601669 -0.32496023213329717
vn 0.5684784616101746 -0.7782485536846229 -0.2667609929752138
vn 0.5631191635045543 -0.8029048046356735 -0.1955522497617506
vn -0.03693788553309763 -0.9723455104600761 0.23060746063490226
vn -0.6849684611659993 -0.43906346641733307 0.5814133466523438
vn -0.563934335347881 -0.431635562461592 0.7040375037128415
vn 0.02105321582260511 -0.5949914742937261 -0.8034562263255574
vn -0.4417398529069392 -0.6913682032979563 -0.5717306269759487
vn -0.03449447703062136 -0.9852637328528102 0.16752763288284755
vn -0.7617491217705686 -0.44003827791298616 0.475504563020315
vn -0.6238019841106017 -0.362047036042231 -0.6926709379732287
vn -0.44671258206529213 -0.40815776914540025 0.7961501771090739
vn 0.048574620948160036 -0.9418252506297584 0.3325743578148132
vn 0.009231512324163221 -0.9572283045487667 0.2891863623183194
vn -0.34258447513474266 -0.4033444534761544 0.848498161015494
vn -0.20340796719282062 -0.406377339128269 0.8907764349855198
vn 0.09233448756570312 -0.9321105021591295 0.350206159526977
vn -0.041251124882968955 -0.3943453006937792 0.9180360170040294
vn 0.12208365788187242 -0.9252109252772326 0.3592775030889482
vn 0.09389741165521286 -0.3871712395621633 0.9172141011456101
vn 0.15597429458738796 -0.9265931616121541 0.342194582484234
vn 0.2760509494091643 -0.3769554921426508 0.8841382416080591
vn 0.40953580745417933 -0.3789953655913336 0.8298451272816783
vn 0.17143209811823296 -0.9343119858214182 0.31252543718106934
vn 0.7645202573005614 -0.5669899201063671 -0.3066450825871152
vn 0.4835248202748816 -0.3709926951715717 0.792822911063673
vn 0.9709283407968309 -0.23936075208578833 -0.002141821290070328
vn 0.8861443728402736 -0.4542830196324192 -0.09151550992683953
vn 0.48304713508209934 -0.21930992001500688 -0.8476842715728464
vn 0.34928128379966283 -0.5957909305511676 -0.7232121071029114
vn 0.8240554264372324 -0.466777687335652 -0.3210159571811524
vn 0.8515765257667791 -0.4580635421112066 -0.25494158576332226
vn 0.8817731355538455 -0.4337197576010241 -0.18537343197461814
vn 0.886177050378862 -0.4423826302875979 -0.13779638529963834
vn 0.6455249423837371 -0.55531162037453 -0.5243343904775716
vn 0.6834487181704044 -0.5447250798138205 -0.4859757576804197
vn 0.7367079867964338 -0.5258282711166576 -0.42516581645848756
vn 0.8007001177840283 -0.47516145261673726 -0.36482998139927497
vn 0.49792562280022756 -0.6197010531185088 -0.6066635632068379
vn 0.5715370940200325 -0.5876860614227996 -0.5726870378911101
vn 0.4490942916803136 -0.630575823154351 -0.6329995643232073
vn 0.41927130479615565 -0.6319079199507143 -0.6518465721917166
vn 0.3102596080919397 -0.6586249748098929 -0.6855305377175431
vn 0.19406883313705056 -0.6843609040679515 -0.7028424012452008
vn -0.0024204146573381467 -0.6986451879273198 -0.7154642150232856
vn 0.10979853525866301 -0.6949130390936458 -0.7106617688835425
vn -0.30826522383545885 -0.693018561895226 -0.6516884413907824
vn -0.21087465063486152 -0.7064227130740208 -0.6756469730360409
vn -0.12422800081001874 -0.7054129695897665 -0.6978251544257292
vn 0.42671940077622933 -0.7355985335993287 -0.5261229422556034
vn 0.34230470308090094 -0.26352131240390997 -0.9018780450579874
vn -0.494692117362554 -0.6663079210645904 -0.5579547144221804
vn 0.4979381037922526 -0.7210233459320963 -0.481853690877906
vn -0.40487999474750686 -0.6893791980329969 -0.6006900291936274
vn -0.2369662463146331 0.6667675565164991 -0.7065890062013205
vn -0.09196451523335945 0.6915098783538106 -0.7164890899916003
vn -0.9378587565958512 0.3447337206577765 0.03974436460594154
vn -0.7892207751739848 0.6085123020183067 0.08272452070671263
vn 0.7718964493692162 0.28905711152581587 0.5662348079441504
vn 0.5053106234054313 0.686298584378622 0.5231208531052017
vn 0.5870099101294627 0.6838586345922543 0.43330905056716473
vn 0.6417474807723009 0.6896054425858579 0.3355659465416122
vn 0.7310521711702814 0.6823026492388798 0.0050811286958644675
vn 0.7311137108837639 0.6720148506321947 0.117765794217002
vn 0.6997687637631947 0.6737364715801587 0.23749282962659735
vn 0.5963574976018756 0.6898216520415671 -0.41049217218927836
vn 0.6517878724581914 0.6844573026731819 -0.32663553103386694
vn 0.7096313312047849 0.6680263181143975 -0.22397368613086377
vn 0.7336876313068703 0.6718960046137293 -0.10128286454983981
vn 0.5134438126803144 0.6864061424013602 -0.514997144549352
vn 0.39582758000244317 0.7013460373900928 -0.5928189122713814
vn 0.024902762691392015 0.6941550263578281 -0.7193946425936876
vn 0.17921611722646802 0.6910084604617137 -0.7002777241185109
vn 0.30975108362016773 0.7034179395313903 -0.6397323413284225
vn -0.7145694704007443 0.6097566478417145 -0.34291004998984076
vn -0.6819768133893435 0.5986116890308064 -0.4202043214377995
vn -0.5755977921500947 0.6308022545465312 -0.5203611220402132
vn -0.4659659544139839 0.6428733200681904 -0.6079388321793295
vn -0.3959795791684979 0.6375328707887616 -0.6608721597596465
vn -0.7883885252899835 0.6150974646020833 -0.009931879538852446
vn -0.7925978217361688 0.5985514591649028 -0.11629636155377443
vn -0.7631052802437939 0.605333355281007 -0.22636665003546647
vn -0.4206950880801187 0.8170875220414029 -0.39418729582458795
vn -0.383711929883057 0.8058508657967605 -0.45096511723195565
vn -0.2634596643828829 0.27730214834197864 -0.9239548277747035
vn -0.337928837677745 0.7827456032755514 -0.522602546127132
vn 0.7698351076678072 0.24929046759733775 -0.5875441853743397
vn 0.40319917490664176 0.9150998556243404 0.00476230940981604
vn 0.395397622534735 0.9024199197321221 0.17116953164786483
vn 0.395976217387053 0.8818934262392891 0.25586484717477054
vn -0.12260093247853399 0.6317584466835369 -0.7654085682819332
vn -0.1734467022582737 0.6818936552779934 -0.7105893922423462
vn -0.38924343546223245 0.8305199419973816 -0.39840453548400384
vn -0.3311467370736894 0.8401756475525852 -0.4294726065595371
vn -0.25652688485206643 0.8195187583805454 -0.5124284945341191
vn -0.23681617480916578 0.7004407137942301 -0.6732762477677228
vn 0.41688896845963247 0.8183120374706199 -0.3956880050081712
vn 0.42545383100027007 0.8760526213190886 0.22698203093449293
vn 0.438219208825751 0.8845936836333452 0.1595554445705999
vn 0.4525341367872679 0.8217318542446391 -0.3463663014236077
vn 0.4312434053906177 0.8943738432956964 -0.11884676577672833
vn 0.44941840732439975 0.888334025731257 0.09426427682902143
vn 0.610011931937342 0.4331043953396676 -0.663555593474678
vn 0.23735570443798626 0.48138820224564083 -0.8437580626633783
vn 0.43472328414929373 0.8888214883555504 -0.14495526225658836
vn 0.612253443446352 0.4572248048366536 -0.6450513148813579
vn -0.18323411509391827 0.7572736808682082 -0.6268666774762109
vn 0.42475445214769236 0.8798738421542717 -0.21308607949228697
vn 0.4187000247538196 0.8445011232611599 -0.33392834872437804
vn -0.36961999414835744 0.8590603908981429 -0.3541134065743602
vn 0.949461444377535 0.31279865165164955 -0.026076218388317658
vn -0.36195842317387417 0.8847770335874277 -0.2935229134662485
vn -0.37493407454306016 0.8904295482441207 -0.25799158777043507
vn 0.8907644276598214 0.4364354184088111 0.12673933870032958
vn 0.8871395749544876 0.4204141690540658 0.190355722288957
vn -0.40189236367628417 0.8947075146914246 -0.19488712418572868
vn -0.045578563413718104 0.8788429736841966 -0.4749290706653575
vn 0.4878485443386904 -0.21124279336145255 -0.8469830458984828
vn -0.37443979560216395 0.8511159764210025 -0.36796254449377475
vn -0.37072127128564236 0.8711360032110205 -0.32200590511027305
vn 0.26592518717598024 0.75846505588512 -0.5949912216382706
vn 0.4945112405835134 0.7599749220613772 -0.42177808237787545
vn 0.6305254913026611 0.7594087301266804 -0.160424391614619
vn 0.6371872990851366 0.7623300112403937 0.11333710710446941
vn 0.5916602205096172 0.7332315601840903 0.3351263382912719
vn -0.597242084112615 0.7032876198757466 -0.38560137019249185
vn 0.5694058408251008 0.7082085822183666 0.4173938098564843
vn 0.5482807476549615 0.7152936427008856 0.4332934645971645
vn 0.569349878729289 0.7023353730762527 0.4272771223887196
vn 0.6037670098201396 0.6408089508431883 0.47416166691551476
vn -0.6117300071341827 0.6916570250834835 -0.3839231147303824
vn -0.6089670258102662 0.7051814549543871 -0.36315048817840273
vn -0.6116008192190876 0.7065118140284269 -0.3560695080581917
vn -0.3119895635186836 0.8566335913233187 -0.41090315461424093
vn -0.265194822491808 0.8209239142693463 -0.5057228817289496
vn -0.5906263804572552 0.7176463768362802 -0.36897717615283665
vn 0.6558668744929456 0.40495703234495767 0.6370623555800639
vn 0.6452553199328154 0.3928302467308861 0.6552327596753319
vn -0.5982164728868876 0.7949685044171952 -0.1008073834173847
vn 0.6386452724476853 0.4670793994169152 0.6115300897098651
vn 0.629113241631636 0.5347401403248525 0.564153801306959
vn -0.5868198447789731 0.7732322901496899 -0.24032123344275608
vn -0.5858913923100947 0.744424767074695 -0.32025465271050335
vn 0.3899357441548651 -0.3769114905947407 0.8401713180584317
vn 0.4933042680289017 -0.3510892143518726 0.7958563078284009
vn 0.6530817779472116 0.4363138031840999 0.6189624031105085
vn -0.5481980219923264 0.8353378408053375 0.04110499242643789
vn -0.5414359952796769 0.8391126971672084 0.05231581470529443
vn -0.7095669087167731 -0.1395892787761025 0.6906733202498052
vn -0.6183759554239688 0.7858386239775635 0.008296675149911649
vn -0.4350414526589244 0.7282882870294021 -0.5294668124105533
vn 0.643846568170744 0.3920828445420237 0.6570636496341817
vn 0.6503760884353869 0.37967057429054524 -0.6579218788042949
vn -0.38767385938501847 0.4488323519641089 0.8051450171117569
vn -0.33929232653913277 0.5080448492827723 0.7916887950886432
vn -0.6058372111553578 0.6219699616373487 0.49609942592219675
vn -0.3607028074684736 0.6733845869426984 0.645326803063667
vn 0.5013634794911404 0.09610610519659386 0.8598827117557826
vn -0.6786715961964708 0.538233085351019 0.49970992620685195
vn 0.459237521301548 0.25287543740364715 0.8515602810058276
vn -0.06992848402821286 0.09290941681937145 0.9932159117673259
vn 0.5751591573430628 0.019131811390941934 0.8178177776970366
vn 0.6022057441785664 0.06329712866937907 0.7958276918909967
vn 0.567420216362106 0.06475403541104119 0.8208783179994258
vn -0.4203593830613254 0.36387767152621614 0.8311985498284756
vn 0.5267907764110278 0.07439156517251332 0.8467333540846552
vn -0.44159203412913295 0.27240354363177716 0.8548641908575566
vn -0.47847964536782067 0.18189658515569457 0.8590523041569598
vn 0.5520002701395812 0.5745732187548888 0.604285791704121
vn 0.45393683805456597 0.32848498391095304 0.8282746901855954
vn 0.5167769719093582 0.07504803608044945 0.8528243392309239
vn -0.4645397308999473 0.5616394268224143 0.6846634155948415
vn 0.07788527429092938 0.33404052524166095 0.9393353030440736
vn -0.5470259423278708 0.4088008290025174 0.7305097539575767
vn 0.013101601103771333 0.29626066965207465 0.9550172583078391
vn -0.5791539318818497 0.2443251479839968 0.7777441386782621
vn 0.001648647048174988 0.2538169855229067 0.9672508567186565
vn 0.30307854206396057 0.059577937171146234 0.9511013966674715
vn -0.026232820638782746 0.20332572608457175 0.9787596682707738
vn 0.2961620895963755 0.049000142204782444 0.9538799729262689
vn 0.29257214214463056 0.0333370745594399 0.9556621689178243
vn -0.03827903041667859 0.1544193967465862 0.9872635746034487
vn 0.29191696566685216 0.024313169488028585 0.9561345903926415
vn 0.566430142986483 -0.7286219668000435 0.3850544411024867
vn 0.6498627497303813 0.5159300518834222 0.5581170021388321
vn 0.46702365379925803 -0.7642274353345838 0.4447980821383062
vn 0.6405088506276146 0.5527368318675504 0.5331326354339185
vn 0.6067265408592161 -0.7483054792536209 -0.2681824273438117
vn 0.5742901313943914 -0.8092021702913565 -0.12402698326884813
vn 0.5439362803446888 -0.7161304123891642 0.43736775758634694
vn 0.5464876661775628 -0.6994401784740745 0.46058079362035453
vn 0.5483097695759224 -0.735675828519469 0.39766502476304344
vn 0.542219746167849 -0.8064093995193482 0.2360119218016707
vn 0.5569391084778879 -0.8277444427648973 0.06824929977431772
vn 0.5695134024762548 -0.7081331231204079 0.4173750883074558
vn 0.5899955772901573 -0.7316342204841315 0.34149170735851136
vn 0.6337397439858657 -0.759818660403917 0.14508459668319795
vn 0.5495644801455056 -0.4013009568449097 -0.7327594586204672
vn 0.6376932735403283 -0.7605932043076814 -0.12184115249944628
vn 0.04628842060257234 -0.06851626384868713 -0.9965755885563005
vn 0.7446318349557275 -0.09231661828221276 -0.6610605663321648
vn 0.6123674007476316 -0.09551917221988415 -0.7847816602342449
vn 0.338001325312075 -0.008560149466466622 -0.9411067037952672
vn 0.18555323012036556 -0.46691668307322837 -0.8646148332406708
vn 0.4320659224102664 -0.3684614941831791 -0.8231373919316658
vn 0.4107909997502 -0.2068953127105398 -0.8879443023650971
vn 0.6120137854363712 -0.3216769567988907 -0.7224701114236133
vn 0.13681804755598329 -0.8871740042553639 -0.44068481711589774
vn 0.21522027643231817 -0.911819349219109 -0.349665135525458
vn 0.4456233376150406 -0.5137088417752053 -0.7331596462263922
vn 0.23512041793688354 -0.9573435827812385 -0.16796325067337484
vn -0.1609880955488317 -0.6878536577429261 -0.7077712756401163
vn 0.009088808277532298 -0.27330690732416935 -0.9618839472477915
vn 0.33769704816117796 -0.3186347633286294 -0.8856819921742427
vn -0.6712854829860956 0.19930833007537851 0.7138991454643213
vn -0.6676402954506651 0.2622996308635048 0.6967462519019517
vn -0.6756336590962696 0.3623467013645787 0.6420467480693242
vn -0.7709488125743504 0.5775526827127825 -0.2684601033328178
vn -0.7708217497733129 0.6325546166149416 0.07555453047655518
vn -0.7770786680235112 0.6293586185888951 0.007514846018598873
vn -0.7723084211651854 0.624310760662325 -0.11737025482875904
vn -0.7498492197881975 0.6302251097092764 0.20135157976773402
vn -0.7379100217515457 0.5833029210005496 0.33947975219570864
vn -0.7154438211882082 0.5292986016680463 0.45605167360274634
vn -0.7090195975108583 0.4530136816868787 0.5404348383940842
vn -0.703612705872253 0.4084899821764366 0.5814336545097996
vn 0.30449900530322865 -0.4055652539360708 -0.8618568213857303
vn -0.23885780693616127 -0.8117884945680814 -0.5328662009853277
vn 0.6339391227317802 -0.3671510143689568 -0.6806771050343231
vn 0.6167329530372806 -0.4476828249288117 -0.6474724340863278
vn -0.9645151491890174 0.21504765697403358 0.15318300236927737
vn -0.9442123261362785 0.2696254580607337 0.18911688327026085
vn -0.9873310515199537 -0.009619974665731935 -0.1583819774846031
vn -0.9390189234553782 -0.3198068267594262 0.12636081255978365
vn -0.9948960261261216 -0.04954938554686467 -0.08790196579360235
vn -0.8115718376980898 0.006379580916794071 -0.584217813150773
vn -0.9004229282422068 -0.3911482356962693 0.19037228791876615
vn -0.04061494433128981 -0.5691375780356993 0.8212386033088219
vn -0.8961816399731101 -0.4435195515528913 0.012201457512490113
vn -0.01910963823870531 0.0028604559692611783 -0.9998133023310072
vn 0.018415405886020874 -0.00035290522017721694 -0.9998303597530726
vn 0.4665035667418041 0.002242984923959151 -0.8845164731285708
vn -0.2955868400450391 1.970824316926038e-06 -0.9553158744563518
vn -0.2950799085797118 2.0668141829919207e-05 -0.9554725779034251
vn 0.3350454236953856 0.0028368162272815393 -0.9421977056512462
vn 0.633296994204702 -0.004343697566635607 -0.7738966658558101
vn 0.8310064374412311 -0.002840155532621712 -0.5562555477905671
vn 0.9462785078005076 0.0008658082996386051 -0.32335156726206427
vn 0.06475237304777191 -0.0009157009244297762 -0.9979009428177225
vn 0.8227008581661833 0.0015482583129186609 -0.568472427536131
vn -0.008432290537124909 -0.001777510160649702 -0.9999628677775622
vn 0.0692476128085714 0.002318645240634727 -0.997596808337197
vn -0.007912601000190483 -9.953160137115873e-05 -0.9999686899292759
vn -0.5310769860290888 0.04455674538457758 0.8461512461439697
vn -0.51618676851962 -0.08122772852162292 0.8526155500133044
vn -0.40703473641622495 -0.3241943346259641 0.8539442351506349
vn -0.20490856251440726 -0.5608071781810617 0.8021893728471317
vn -0.08188556322983404 -0.6581319396441426 0.7484364398897021
vn 0.34331994455550613 -0.7636654931927059 0.5467599383432781
vn 0.174985761544469 -0.7567460111964508 0.6298535209038393
vn 0.5687377865611227 0.661501441046517 0.4888283682755493
vn 0.034664317410389014 -0.730024517647188 0.6825412725487464
vn -0.2455758160151887 -0.07749572050609559 0.9662747703897248
vn -0.22319244199791388 0.5855987390804763 0.7792684073041612
vn 0.6653389601714538 0.7366632022082464 0.12104294523127256
vn 0.7078211401443771 0.7024596013333253 0.07442944349744648
vn 0.7149378247798044 0.697532199954054 0.04809092145487916
vn 0.7348794183220706 0.6781945997576135 0.00207975628991312
vn 0.7643604502985545 0.643503929989884 -0.04069145004746788
vn 0.7173608826374706 -0.3689087836156302 0.5910157979553724
vn 0.7211577177359442 -0.22860600687096133 0.6539654729207026
vn 0.7351933155413484 -0.6507767212095547 0.18968512834447795
vn 0.7311916064793411 -0.590628489321081 0.34134560523970153
vn 0.72846048801266 -0.4894805141850696 0.47932676081925274
vn 0.725035251882181 -0.039768510473933406 0.687562614677985
vn 0.7112428105402344 0.12122636841163656 0.6924144944009722
vn 0.7135712169796155 0.23739880619799955 0.6591342238982856
vn 0.7235283542707769 0.3575320670265852 0.5904892392024754
vn 0.7361140225160829 0.6522214259098266 0.18095125708141513
vn 0.794127136593076 0.6045073936029729 -0.06271285359336072
vn 0.728892747308828 0.5912431581292105 0.34517660825436375
vn 0.7288393834365878 0.4872112411477931 0.4810596217216758
vn 0.69804895102469 0.6632874966987083 -0.2697727908750086
vn 0.7322431721607234 0.663993400932573 -0.15143546593184973
vn 0.6877743583605627 0.63652626546343 -0.34899963518160765
vn 0.7234145729569351 0.6332111211774706 -0.2751636452199052
vn 0.7339017245716661 0.679195806790026 0.00901746691593139
vn 0.7015653255962917 0.6803241942950339 -0.21204972194695762
vn 0.6369925913701754 0.2917828725105633 -0.7135146766878684
vn 0.6795974161722454 0.505850230603884 -0.5312841952571196
vn 0.6999402840348161 0.017718877336238163 -0.7139815404975147
vn 0.6856262990394312 0.5771515201292334 -0.44363577502046353
vn 0.6995702125173893 0.002883094691974113 -0.7145580490928444
vn 0.73337724775044 0.4451809634795916 -0.513781784649254
vn 0.7011209457441092 0.00042902570647898407 -0.7130422395453365
vn 0.7314468824048512 0.5587695676848274 -0.390847832857667
vn 0.7241425537718675 0.320947540858516 -0.6104180844582089
vn 0.729906259381998 0.1713640161201161 -0.661718389115917
vn 0.7248434317126184 0.011891553300851121 -0.6888109976351768
vn 0.7304608726566606 -0.14656306025986843 -0.6670428643535076
vn 0.7282233500011861 -0.3072728920886804 -0.6125962147291708
vn 0.7323758005243766 -0.44343821192104793 -0.5167090467705616
vn 0.7310398613103988 -0.5598650048584694 -0.3900408920999172
vn 0.7350371028013273 -0.6346189967913949 -0.238703134493275
vn 0.7208692358249865 -0.6904803148830962 0.05987052363258589
vn 0.7330159140441997 -0.6769316878933479 -0.06671701195204471
vn -0.5404476142824544 0.8344103133812075 -0.10805463960181722
vn 0.9687706760058038 -0.2441906029332922 -0.04306189441180205
vn -0.18934717823095215 -0.9818454183247883 0.011279211435087163
vn -0.21324497012229024 -0.9731054026056355 0.08713471258498134
vn 0.9831941830781379 0.17067167814541367 -0.06481031276225424
vn 0.9685203825089052 -0.17922539381481398 -0.17276147393654948
vn 0.9904728071522902 -0.12355997439618031 -0.060799268244588534
vn 0.9901344198153145 -0.13352296348927703 -0.04249057446106863
vn 0.9834611803580257 0.07713609097441669 -0.16387229844603257
vn 0.9930777475373733 0.03511359029200585 -0.11208756899363123
vn 0.9993915008896327 -0.003113754322943397 -0.03474093383292545
vn 0.9839841678371619 -0.04823676065200759 -0.1716052807101494
vn 0.9656697254242536 0.20475384100181368 -0.1598682144581927
vn 0.9852476338335985 0.1406281103025679 -0.09752350802767717
vn 0.9026681913740716 0.1281758374870999 -0.41080541740091875
vn -0.21635785814827882 -0.8791513389342103 -0.4245965149028835
vn 0.3607611353167107 0.07292016889333851 -0.9298032330625469
vn 0.7935566665987854 -0.12092315643773908 -0.5963601320793991
vn -0.2082272217939952 0.13065322913227193 -0.9693147877863333
vn 0.7609813804370632 -0.05675902780169343 -0.646286121923648
vn -0.2022798543292618 0.04181099193602423 -0.9784348222982756
vn 0.7757069073884415 -0.0822489656543701 -0.6257107170878937
vn 0.35358209639453964 0.02268173518021726 -0.9351284617625841
vn 0.33952819055596034 -0.036413998501833834 -0.9398907535085681
vn 0.7526317393843418 0.02443776867153279 -0.6579880396585162
vn 0.36852211171879284 -0.0761609217050759 -0.9264939110319909
vn 0.759162249110237 0.06991208382643938 -0.647135982665878
vn 0.7982158717564409 0.0574311138520118 -0.5996274587090075
vn 0.837598511041804 0.15510472497718653 -0.5238045996269066
vn 0.7915273433844101 0.09466468855136538 -0.6037574524726719
vn 0.6096144972295726 -0.008781252791457014 -0.7926493893058568
vn 0.7586401293432 0.04670333917682876 -0.6498337881796137
vn -0.15882767220463645 -0.08690725178839856 -0.9834738939741332
vn -0.17269998480804474 -0.2793042447678478 -0.9445442573548172
vn 0.9038488538405338 -0.12457850072525743 -0.4093133843013204
vn -0.19447841696620566 -0.5275744703595441 -0.8269481988366414
vn 0.6051404965597413 -0.003430876336656718 -0.7961113040969788
vn 0.7582674849020611 0.015005372073579331 -0.6517708647594153
vn 0.6055973851026056 -0.0009814813565688437 -0.7957705975035978
vn 0.9100076871010024 -0.041501050473926764 -0.41250899654025075
vn 0.6080821855681333 -0.0028008463824074946 -0.7938691396283296
vn 0.7587032181958976 -0.020357707819311083 -0.651118261479074
vn 0.9074478818891167 0.0459454918729256 -0.41764500886699274
vn 0.009238548281483615 0.18324802755635386 -0.9830233006507814
vn 0.002031857309708511 0.21380980744754646 -0.9768731943272454
vn 0.00441164887899406 0.1734665031858745 -0.9848298886745028
vn -0.6919204401870646 0.16978534713766102 -0.7017257586469824
vn -0.6975888928496062 0.27864929988006504 -0.6600941631685667
vn -0.02180857450499766 0.601619735298288 -0.7984848653404009
vn 2.131951195033622e-05 0.5972639198721136 -0.8020447678056855
vn 0.01948140391262887 0.625969309238833 -0.7796043219432863
vn 0.6405412466277692 0.33697730044627017 -0.6900385571491546
vn 0.6652940871223302 0.4361642430752873 -0.6059245255827056
vn 0.6026708207619796 0.7930203706785187 -0.0889189152598382
vn 0.6364964252721825 0.7558108968724454 -0.1536951163329607
vn 0.7705732142497337 -0.1656729028675637 -0.6154424511977288
vn 0.5200898343410428 -0.003482485268947987 -0.8541044646361814
vn 0.6897091250086761 -0.005884715844301841 -0.7240626305777688
vn 0.6764549463664463 0.042386248286756016 -0.7352632939923914
vn 0.8330389112626279 0.5500206711140804 -0.059358518087905585
vn 0.42159413019786235 0.9048302515826145 0.05950298482975811
vn 0.4671893122650017 0.8827984997943553 0.0489995435304291
vn 0.8416105688885958 0.5372322460348056 -0.05543612680745604
vn 0.9025682354062099 0.38992766584366606 -0.18255682908461923
vn 0.8560637601077353 0.5144979575371794 -0.04946403057047162
vn 0.8662609780221032 0.49919849062463495 -0.019818802039361184
vn 0.9211844721673937 0.3248881530856972 -0.21416548793455217
vn 0.8998937947209301 0.435182184106262 -0.028418741338562245
vn 0.9289949377223633 0.2863592900303768 -0.23444991511945706
vn 0.9349863348380894 0.33470888510103003 -0.1173478414819028
vn 0.49653717141324893 0.6290185976910341 -0.5981525233280681
vn 0.4809772175634491 -0.4242756064151577 -0.76723603016671
vn 0.6239984056962082 0.6694094293865508 -0.40313397963575665
vn 0.6554454909840797 0.6871067514787417 -0.31348926683535694
vn 0.5645785634360017 0.8246859531665767 -0.03382490736536329
vn 0.9050140996818599 0.13958121498092643 -0.40182902309499896
vn 0.8986819712661527 0.12834407065288314 -0.4194025680052873
vn 0.8896014958096853 0.1209098909529581 -0.4404429326517957
vn 0.8939325598318754 0.1506505997362781 -0.42212435995987047
vn 0.9503178151860524 0.28511968124116455 -0.12491123852137842
vn 0.8886351709097684 0.15577381292297637 -0.43134910713899066
vn 0.9606283636773432 0.23688043177264617 -0.14519231364571158
vn 0.8908040502918592 0.13479730758733485 -0.4339329785241315
vn 0.9683153363923563 0.1965593335675675 -0.15404492102900208
vn 0.2105746121421184 -0.4926656129784141 -0.8443571084024816
vn 0.21032633018679497 -0.35604860451557374 -0.9104901021168037
vn 0.21991369368991798 -0.5858586814198757 -0.7800048543006777
vn 0.31197587017688594 0.0007254106135071416 -0.9500897485010648
vn 0.3715803417542089 0.014484433876839327 -0.928287806015512
vn 0.28682913217940065 -0.023369099331515073 -0.9576966816950165
vn 0.3807468024804503 -0.11383900357970156 -0.9176451131373684
vn 0.6746801139655277 0.061009146086645406 -0.7355845484464998
vn 0.680022646133706 0.022363218687516843 -0.7328499759127013
vn 0.44124535472217297 -0.2344891557236402 -0.8662086196662545
vn 0.6984486704206413 -0.059452824160906144 -0.7131863827127735
vn 0.45430090986003174 -0.3578803780159157 -0.8158016415352035
vn 0.7225500228842574 -0.13304857684640753 -0.6783948265052622
vn 0.7475627469319527 -0.16303468262128668 -0.643870819079518
vn 0.8871686771849658 -0.001385977715378418 -0.4614431896643947
vn 0.9864012294605004 0.0049182388581761605 -0.16428154322792038
vn 0.8813596433406599 0.08386959649220967 -0.4649420070015818
vn 0.9889537485026046 0.06585159419889272 -0.1327932636247465
vn 0.981687698214338 0.14295652130493575 -0.12590749060729522
vn 0.8321787044727822 0.5412037475674565 -0.1207356924895982
vn 0.8209892438031682 0.5644248128133875 -0.08603076333541626
vn 0.8852200620936421 0.45840780953988874 -0.07904253171406915
vn 0.9744140628859381 0.21873314076017553 -0.05170152012569869
vn 0.9917949381594635 0.12155790913848905 -0.03957872366745752
vn 0.9331937485091916 0.3449869048354848 -0.10066510435794476
vn 0.4184622290436867 0.9070477361087708 -0.046408698362946955
vn 0.950790048421764 -0.2808224260838557 -0.1309085514033257
vn -0.4311600330843092 -0.8819160314046471 0.19059155128760155
vn 0.898914680488893 -0.4368747754649791 -0.033057945549828334
vn -0.4348624451894998 -0.8920436791337094 0.12309641863760745
vn 0.9049346878449458 -0.41942656971197606 -0.0719344378904531
vn 0.9594117897393062 -0.24176817882957388 -0.14517976930224355
vn 0.9777744127622521 -0.20958173550320014 -0.005717857194768365
vn 0.9804231408741824 -0.12110038801742998 -0.15525836808504373
vn 0.9939538611640188 -0.0637324401252762 -0.08940860111206456
vn 0.9041436335405735 0.4256486428231369 -0.03670862011668093
vn 0.9212743727668262 0.3850412068440864 -0.05474302800485552
vn 0.8601736869783617 0.5090957647864667 -0.030376479495394848
vn 0.43639111010724063 0.899757052754986 -0.00021221930039472373
vn 0.8189380020699503 0.5720996095693197 -0.04519497202466114
vn 0.197443700698296 0.9604196032300142 -0.19649470930807306
vn 0.3822957429050208 0.9187100458638552 -0.09910507850524795
vn 0.9228196748799171 0.3799333214400408 0.06367510435062036
vn 0.7552317450721387 0.6431546458066285 -0.12640060447894383
vn -0.14847492362185324 0.7234013927549984 -0.6742741445551752
vn -0.2305938306032196 0.769302631545661 -0.5958187193976493
vn 0.7617363577865907 0.6321343537585585 -0.14199957754961312
vn -0.25816369327718985 0.7781045548126628 -0.5726297313738336
vn -0.05212007049111565 0.6533084432143728 -0.7552956879771086
vn 0.8276356875302993 0.5461671266987913 -0.1293083076984425
vn 0.04016042283023662 0.5645631281604472 -0.8244122844546817
vn 0.8833903850045763 0.45449536705209953 -0.11426018120781908
vn 0.1368568433075364 0.4675694423071682 -0.8732977848709226
vn 0.27467079743377765 0.2775758315378306 -0.9206017655768287
vn 0.20652676021741603 0.4119766840586388 -0.8874806528066662
vn 0.31473930177959697 0.15946436846671802 -0.935687066868407
vn 0.3275836704087191 0.040140653322988974 -0.9439691026894659
vn 0.22564289177636815 -0.3557119669637803 -0.9069477834746368
vn 0.2768735527845027 -0.3270649443392842 -0.9035317138611286
vn 0.3036286526075393 -0.2365763093148809 -0.9229524858770792
vn 0.32442363323495027 -0.09702359122257709 -0.940922807112735
vn 0.9514429508265596 -0.29422998021091157 -0.09047115599756399
vn 0.17490334148121162 -0.4300521306321978 -0.8856997155229382
vn 0.9198425705366661 -0.3786825761213733 -0.10241656101714587
vn 0.10013657789106187 -0.5219616130024817 -0.8470706820095445
vn 0.03598947154385037 -0.5837722594945269 -0.8111194159817955
vn 0.8709768070014487 -0.4774392516804245 -0.11597914735157157
vn -0.020834179973093146 -0.6295131952226802 -0.7767104183576915
vn -0.1013085261881158 -0.692700344569375 -0.7140747966110139
vn 0.8107455068735357 -0.571369056245421 -0.12739358166560247
vn -0.5884669586029317 -0.7835116603232416 -0.1995397623786615
vn -0.5563607485603873 -0.8305966653944635 0.02391436591096058
vn -0.5490012816309281 -0.8348324676926273 0.04064903017092612
vn -0.5782911269537143 -0.8143288252959435 -0.04947662861121191
vn 0.8054263140732367 -0.5836592440640327 -0.1031035373641553
vn 0.8670382719262526 -0.49027304662073556 -0.0887523226307884
vn -0.5036029271737825 -0.8573798058482608 0.10622598677158242
vn 0.864055814684773 -0.4998068016671942 -0.06000591734690113
vn -0.4414193636475655 -0.8608297126740855 0.25322154563628685
vn -0.4268275920485586 -0.8667993499911975 0.2578315215811806
vn 0.9199034071302031 -0.38410038218461545 -0.07902289513726977
vn 0.9801363129546681 0.18668256964795032 -0.06695092394633038
vn 0.9895983152961273 0.12071352991614243 -0.07825227190472556
vn 0.9970213734435056 0.043129535222690446 -0.06393922183058223
vn 0.9918054231947033 -0.10926790276830353 -0.06620066424282837
vn 0.9974527987435144 -0.03127512954159244 -0.0641075701527283
vn 0.9569991641875427 -0.28119886639026637 -0.07127269663183719
vn 0.9785805774397213 -0.19411120682536645 -0.0685630574182735
vn 0.9276511660963573 -0.3520170749609863 -0.12468878448353024
vn 0.9290738575509345 -0.369108050587155 -0.024104236291080848
vn 0.972270578344708 -0.22431276025347968 -0.06613401600320631
vn 0.9965573977173401 0.04717554927546351 -0.06817492651555956
vn 0.997810551466917 -0.03673307303829802 -0.05499804293290721
vn 0.9909037073813248 -0.12392976675701317 -0.052452412809113946
vn 0.959479781004201 0.2723297176905809 -0.07235381611704467
vn 0.9284860752163036 0.36318136795610473 -0.07754290489114567
vn 0.8748089689725301 0.48218786524497836 -0.046948167330682966
vn 0.5839625228402063 0.8108241310802398 0.03939543598027439
vn 0.25884035869181754 0.4521727420267308 -0.8535464135478041
vn 0.405889798187591 -0.7802459364315927 0.4758883801998361
vn 0.29708643145553015 -0.7026588580684391 0.6465370688699726
vn 0.34309694676690655 -0.7203363113917833 0.6028267442721053
vn 0.36672053301673174 -0.7448056388369675 0.5574770049253878
vn 0.24145949986868115 -0.6499237841699371 0.7206222205104384
vn 0.16533243811777434 -0.5720737266107667 0.8033659416652552
vn 0.13210069656644222 -0.46134627963075736 0.8773306196853725
vn 0.07253258257631648 -0.4099216927943355 0.909232220195389
vn 0.013422472885792404 -0.33142392760758493 0.943386462395339
vn -0.06186956424171788 -0.2305608468206943 0.9710890036108247
vn -0.09287138469420009 -0.1665470666963951 0.9816501314011059
vn -0.09226073357506903 -0.09999902435461554 0.9907008388854404
vn -0.0843503501637395 0.016494435715189302 0.9962996296384397
vn 0.025121958944636744 0.38648802939587773 0.921952216935604
vn -0.05572386430225546 0.16112680695530057 0.9853593268587927
vn -0.02339151063847212 0.21315539931424946 0.9767382520272424
vn -0.0008629436007612186 0.3351445953590717 0.9421663099102758
vn 0.07462729747679701 0.43831404039666716 0.8957184649556235
vn 0.10271349142432377 0.5089602364297685 0.8546399337807588
vn 0.16557916734260886 0.5793762671846961 0.7980643334752254
vn 0.21421357354179674 0.6310424376527209 0.7455856669704463
vn 0.3062256217874806 0.719916551441906 0.6228531347925162
vn 0.25807056747767715 0.6628406617417437 0.7028810990085854
vn 0.7603757054488756 0.6043464073588725 -0.237895368755991
vn 0.12232698274229228 0.9901910759662932 -0.0675110536866489
vn 0.2759238143518961 0.9517210294578782 -0.1345107087228999
vn 0.27501030575067065 0.9330025072329924 -0.23211129491662533
vn 0.16874582114996134 0.9259695795224493 -0.3377945909031759
vn 0.11249589467078572 0.8377201597501447 -0.5343871327328266
vn 0.2343387635675147 0.661780823728239 -0.7121316488088573
vn 0.05271168331183765 0.6675810294259386 -0.7426688680650594
vn 0.40570737607051005 0.3643819763972783 -0.8382286682515669
vn 0.24063356340747002 0.2843199786251388 -0.9280396747534146
vn 0.3376682516114761 -0.00848364430627212 -0.9412269543701632
vn 0.24163565322496494 0.07014145013546193 -0.9678286976854111
vn 0.3590812334229138 0.1389680882028997 -0.922902236569351
vn 0.8985990164235075 -0.09622172299128394 -0.42809016305831327
vn 0.05126545854919596 0.4151464012469909 -0.90830904338304
vn -0.020187688247363566 0.23875846449896332 -0.970869122422443
vn 0.8999383267185352 -0.1820000553639454 -0.3962158350578174
vn -0.14181528230339668 -0.04198857038865811 -0.9890022172179012
vn -0.43371887423978334 -0.8180872861718255 -0.37765212872720944
vn -0.04460382657919015 0.6442890369021309 -0.7634802784500844
vn 0.7725389151005145 0.10605274551868987 -0.6260482727579944
vn 0.7789428431057938 0.14966505297606844 -0.6089732498984938
vn 0.02004916020320915 0.9949785173797053 -0.09806008937396334
vn 0.06918638078209244 0.9836500877960727 -0.16627011004102327
vn 0.8839201932973174 0.32631895750955175 -0.3349642217478047
vn -0.018923046050276858 0.9755426341322059 -0.21899426320928073
vn 0.8594507480183164 0.29301626263973873 -0.4189103502652996
vn -0.3223445232622008 0.9056777758812369 -0.2753938535945939
vn 0.8199737391464599 0.22342828294114936 -0.5269941835467854
vn -0.13305115519905017 0.8293505665005436 -0.5426555334145463
vn -0.07761123404676284 0.6742056268001143 -0.7344544023564729
vn 0.8918941710972678 -0.15535788527839323 -0.42472192672917597
vn 0.9036241706865278 -0.15394640625684516 -0.3997047187008021
vn 0.8916594530903127 -0.15437969504665955 -0.425570592818612
vn 0.6763425412560593 -0.049967746740399305 -0.7348904620234114
vn 0.6714250308919106 -0.0556105151705091 -0.738983016377418
vn 0.6813624092912998 -0.018229515548038783 -0.7317191756183783
vn 0.6959983412956262 0.04703183951876537 -0.7165014410210339
vn 0.7167882116182099 0.11618595090059522 -0.6875430782856392
vn 0.1316090917002065 0.9862580937685423 -0.09987001280608644
vn 0.7328578035291222 0.6001839151726641 -0.3204663910217153
vn 0.7005434110693203 0.5633563979533842 -0.4380279649661077
vn 0.656837793451844 0.47651361891462585 -0.5843790585589111
vn 0.6212440108930668 0.3709753920755039 -0.6902413617017754
vn 0.59392250134838 0.3159718109960866 -0.7398769337179912
vn 0.41637415767181896 0.46646363036626043 -0.7804128666088304
vn 0.4382644888276563 0.5385320331629417 -0.7196578958713795
vn 0.4646690851719591 0.6591126627618833 -0.5913147546547393
vn 0.49762184134261217 0.7568433419106242 -0.4237459838445034
vn 0.5266152275267014 0.8006870097288074 -0.285616376611253
vn 0.5523344935787001 0.810001147338495 -0.19703996679222913
vn -0.6069981226500586 0.7943631378654312 0.023248318216389625
vn -0.4583627410448466 0.5758259507459333 -0.6769993146742447
vn -0.468236637467434 0.5118063594332661 -0.7202837647600124
vn -0.657996003100929 0.7424056505852089 -0.1259964677376113
vn -0.5112467253506141 0.8583354028205131 -0.043441018441344736
vn -0.6354097457239584 -0.7718106178220113 0.02372393846349742
vn -0.421501366322862 -0.9060953609973169 0.03643892104745397
vn -0.5338028846786521 -0.8441396816624037 -0.04982648042602656
vn -0.43525645701919524 -0.9000517013262616 -0.021418486473121418
vn -0.5056741046496391 -0.8545718023496041 -0.11832469951677535
vn -0.3665049367720509 -0.9282229782193894 -0.06384539158969758
vn -0.5040549424116388 -0.8494737765826543 -0.15595806464816778
vn -0.5437104004558451 -0.778859143896727 -0.3126618531330649
vn -0.5305182142732054 -0.8043080603236455 -0.26765456921708625
vn -0.42372903886826735 -0.8703882758791269 -0.2507547623315168
vn -0.5158890813773124 -0.8282556747692528 -0.21874869811773182
vn -0.5199830474828409 -0.36868474480044633 -0.7705122901562877
vn -0.47710648171720227 -0.38754710969649403 -0.7887817460294873
vn -0.4899982681762749 -0.5567462248096133 -0.6707721955660468
vn -0.4438875640981491 -0.43850116527453503 -0.7814605290684146
vn -0.5112709843620064 -0.6238286677768285 -0.5911343111419709
vn -0.5524748672908227 -0.7410107845367987 -0.381673339666456
vn -0.4727845560583837 -0.7373092968520226 -0.4825450904612472
vn -0.4679699786192319 -0.8609177189427435 -0.19956147003251642
vn -0.5352232707046578 -0.7628897481208207 -0.36267793248054025
vn -0.5658233520154646 -0.6738578114470507 -0.4751416465284587
vn -0.5676493745274094 -0.4677492273916373 -0.6774842048883258
vn -0.5682628495078895 -0.28841094843072573 -0.7706467794615526
vn -0.4523888932053661 0.45023924618935773 -0.7698239477278314
vn -0.690817787356339 0.19096723806518678 -0.6973537829952929
vn -0.6957350819225974 0.11846401791006561 -0.708462400020467
vn -0.2707075292254232 0.1646143365691465 -0.9484827641114869
vn -0.7249127865682522 -0.2409372292090585 -0.6453299182983178
vn -0.6570424158218435 -0.6349936631819892 -0.4062983036264292
vn -0.27152099994055817 -0.1657143422266514 -0.9480585970137435
vn -0.30089803878952903 0.10514529538333914 -0.9478422005330662
vn -0.5116239311955356 0.3551127093382534 -0.7823911532567779
vn -0.4750608739753814 0.39085140365828164 -0.7883859120228479
vn -0.5383127127994883 0.5951903085183085 -0.5966304718033906
vn -0.6571135138404269 0.6384195579083557 -0.4007771176207381
vn -0.7218362556024858 0.23584951981355692 -0.6506361687621565
vn -0.3008384383169722 -0.10530592638755963 -0.9478432865715002
vn -0.5741467943566226 0.2821092829577996 -0.76861551571579
vn -0.6196990209511303 0.23986188309276182 -0.7472880304617524
vn -0.631850415896827 0.17366791214358615 -0.7553836827882203
vn -0.3153286862999026 0.03580712381189108 -0.9483067380761868
vn -0.6450914232035564 0.1150976358137057 -0.7553870464465922
vn -0.6450365675797707 -0.11544319290941886 -0.7553811592141986
vn -0.6649216619402951 -0.0558750723878047 -0.7448202197632752
vn -0.3153117894013516 -0.03597859765204908 -0.9483058662559826
vn -0.6573592445328497 -0.003073537202754164 -0.7535710829087491
vn -0.6599399146367513 0.05937118385186116 -0.7489688722485508
vn -0.6317620048084077 -0.17400722958827516 -0.7553795425688167
vn -0.6165613900278502 -0.23435786698566616 -0.7516172180763651
vn -0.7981962462384259 -0.455511848507467 -0.39419754991653183
vn -0.8275555506922591 -0.42405155323918564 -0.36787510205756785
vn -0.6810549182346842 -0.524079365513274 -0.5113756124333185
vn -0.735286318230224 -0.4939419536872556 -0.46408552725877894
vn -0.769728810228814 -0.4697003712644889 -0.43231830858493125
vn -0.7845116108816291 -0.46412431945463717 -0.41125435983425285
vn -0.8431950198289375 0.4162797755258963 -0.34019598325639727
vn -0.5618180078619962 0.6566257463818357 -0.5031929602354106
vn -0.5183203636396714 0.826430916669087 -0.21989984222352557
vn -0.5289652593304727 0.8040863967696357 -0.2713684229078061
vn -0.4239246458613164 0.8702453064373163 -0.25092030857461295
vn -0.5427421276051765 0.7789448554100358 -0.3141271958185804
vn -0.47339708362571553 0.7383607887732382 -0.4803317049881556
vn -0.4361188394116041 0.8996622824134953 -0.020202364040266152
vn -0.3657911935671546 0.9284267045497054 -0.0649665836233571
vn -0.5069365750243049 0.8460959603600187 -0.1647329194942073
vn -0.5586866554152345 0.7447859488276788 -0.3649152113707964
vn -0.48544906625581846 0.5548289277675538 -0.6756508454695078
vn -0.47549857042598637 0.8496586932296161 -0.2279938914580483
vn -0.5553983971571388 0.6932704604030661 -0.45924796043945815
vn -0.5726729644771408 0.4672241450300671 -0.6736076558783207
vn -0.4227507874188224 0.9055344401863988 0.03590472633332963
vn -0.5200371405721775 0.8444697678399172 -0.12818807912559244
vn 0.8463650876279418 -0.4793787884933843 -0.2320821311242241
vn 0.8520103442659873 0.44372610658477996 -0.27782281331608877
vn 0.548788816251248 -0.3069762397926301 -0.7775579871368641
vn 0.5886720732653226 0.22955363427252837 -0.7750937486199853
vn 0.6281363571550109 0.09864098032574194 -0.7718255462346457
vn 0.6338597984995422 -0.05006368419611761 -0.7718260058917625
vn 0.6048765257173435 -0.1960231358791955 -0.771815598984759
vn 0.9579514693750424 -0.2742841595094804 0.08424477529422993
vn 0.9683215239098059 -0.23775311696064655 0.0763340140991445
vn 0.9818419099082959 -0.17493550906659758 0.07337596074492192
vn 0.9727055516739394 0.2171456556820731 0.08180265253095362
vn 0.9855399299016887 0.15315081898002583 0.07249740143702889
vn 0.9913481774682594 -0.11035809456437401 0.07106252172897397
vn 0.9936211980252897 0.08807987802407767 0.07041910196851359
vn 0.9965773962787298 -0.04452213930242425 0.06965107564311757
vn 0.9973466798509212 0.021921941828110785 0.06941922397167244
vn -0.6328229691300679 0.7622076251134474 0.13628875947899508
vn -0.419348884744324 0.578299833184311 -0.6997969818473712
vn -0.5885052051414361 0.48067712056934914 -0.6500854784431007
vn -0.8019065447362264 0.5519652869521267 0.2286486726597451
vn -0.6774283184264428 0.7247768899468255 0.12565561345570422
vn -0.8727191200166933 0.4556726160296343 0.1752820714106206
vn 0.4927205522221042 -0.024497239844900747 -0.8698427114472628
vn 0.2392883101865537 0.8208052881636058 -0.5186711709076608
vn -0.0841275719562797 0.6856553056027499 -0.7230486522603721
vn 0.010269721878151273 -0.09371197928382848 -0.9955463815168296
vn 0.012312117159903307 -0.10494088063291875 -0.9944022442367214
vn 0.0502517029270786 -0.05687958518683852 -0.9971155796305169
vn 0.044195562068320336 -0.061841220857358874 -0.9971070231907588
vn 0.0290131521917467 -0.09268686216562673 -0.9952725167419165
vn 0.019264987634627213 -0.09298322405105536 -0.9954812807363628
vn 0.22827873372687787 -0.8302436671268407 -0.5085118218132484
vn 0.48876936696274575 0.021364893913632773 -0.872151390084827
vn -0.12450138566266533 -0.6755026443527371 -0.7267706532603911
vn 0.009390562939197223 0.09204705874981393 -0.9957103777219526
vn -0.25468574186233756 -0.6291032301411593 -0.7344142555247619
vn 0.015649505021156408 0.09469501157502352 -0.9953833170067696
vn 0.02694490057393435 0.09280981497374237 -0.9953192003461003
vn -0.39393359131950767 -0.5526728429136722 -0.734417493212025
vn 0.03655310938274743 0.08932204389104983 -0.9953318254077774
vn 0.04626153406305384 0.083163670222885 -0.9954615383937204
vn 0.03983923410182462 -0.08155227993063233 -0.9958725124554327
vn 0.0361897479355424 -0.09210494506426475 -0.9950914436568483
vn -0.4269233429633935 -0.5737706039661059 -0.6989447426351605
vn -0.48181377830929517 -0.5623876008635155 -0.6719938016278874
vn 0.05752811235748572 0.051104257225662274 -0.9970350400973869
vn -0.49660955965247583 -0.48228077126046237 -0.7216537971452708
vn 0.05022326063994713 0.05689071769150718 -0.9971163775263333
vn 0.04295095880943753 0.0690059982249569 -0.9966912196594928
vn -0.7721474758073862 0.07681626812678656 -0.6307832722539141
vn 0.0761470593833153 -0.011113463605315961 -0.9970346615208356
vn -0.7417263785313394 0.2259344274356498 -0.63150266340698
vn 0.07373167971676838 -0.0220098014638038 -0.9970352090300862
vn -0.6929497421447163 0.35650202575507245 -0.6266793123233773
vn 0.06975756703657844 -0.032451687766059195 -0.9970359922301056
vn 0.06433534219902709 -0.04220686338955046 -0.9970353777208459
vn 0.057552693858593844 -0.05105771298946103 -0.997036006056905
vn -0.589551808887852 -0.47876494510106704 -0.6505480704601574
vn 0.06430982137966441 0.04223255917116847 -0.9970359360725015
vn -0.6927526556122721 -0.3568766102480375 -0.6266840058594243
vn 0.06974028038367192 0.032483036702163993 -0.9970361806968755
vn -0.7416056093571342 -0.2263285115480096 -0.6315033848131745
vn 0.07371128023321417 0.02205386903511817 -0.997035743605495
vn -0.7721118018486688 -0.07723236397495321 -0.6307761309694926
vn 0.07614163614935039 0.011158891024244737 -0.9970345683052362
vn 0.07694151768499086 1.3683101388239758e-05 -0.9970356075231731
vn -0.8005730367847436 -0.5523988331474502 0.23224629579519462
vn -0.677331997014953 -0.7253875577716219 0.1226142603853963
vn -0.6307110249987123 -0.7631813601243592 0.1405624932327506
vn -0.8735972521814599 -0.4545563261214782 0.17379984857285466
vn -0.6130507234646609 -0.7630316227904381 -0.2048207828352537
vn -0.6126119361357786 -0.7903766098943008 -0.0033808631981727846
vn -0.8385920195988402 -0.5444967891259936 0.01693137019326634
vn -0.898172956681024 -0.4143497035508732 -0.14696823824953054
vn -0.781468688209284 -0.5485486586953855 -0.29732315481972565
vn -0.7679225149807889 -0.3692196331827567 -0.5234232259443313
vn -0.643031690303386 -0.5459000224528696 -0.5371251350956561
vn -0.9768229309002053 -0.152905679369374 -0.14978923487394877
vn -0.9463099169198466 -0.2896239436801264 -0.14358103073290773
vn -0.9441106934387166 -0.28898873914396167 0.15855758317610977
vn -0.8191847470716872 0.24729802105428467 -0.5174746746921347
vn -0.8460193760991745 0.1302984323265884 -0.5169850421414501
vn -0.8547299645623372 -0.0026037366183044217 -0.5190663813375784
vn -0.8458448634308607 -0.12945950944835724 -0.5174811131056084
vn -0.8197139664190001 -0.24661348510320452 -0.5169630569227184
vn -0.989095567900646 0.0043036329296329105 -0.1472122151959724
vn -0.9772786119186322 0.1505969172877328 -0.14915456141138733
vn -0.7681918890403718 0.3924887208216102 -0.5058001835116325
vn -0.9464651086521777 0.2891141845589307 -0.14358546719931745
vn -0.8950398639490967 0.4173011493109225 -0.15736388634551954
vn -0.9442660505051508 0.288480498258916 0.1585579641257153
vn -0.9725738980992781 0.16964492637848938 0.15912451630723629
vn -0.9724824932851799 -0.17016764376726154 0.1591250240174003
vn -0.9862132993019954 -0.08374546124924137 0.14272360001073542
vn -0.9878160754741797 0.004808728443102807 0.15555152575770634
vn -0.9887555544866774 0.07559013633534441 0.12902939494761353
vn -0.3190701634885317 -0.6256485809315854 -0.7118694290034482
vn -0.03761792100533959 -0.6567511180141374 -0.7531685475419273
vn -0.21496276386493282 -0.16943548452613266 -0.9618121577184101
vn -0.9347914771560383 -0.00015020320614362887 -0.3551969477281989
vn -0.9238097638721195 -2.296165960715216e-05 -0.3828518246623634
vn -0.6487402840221911 -0.7044723269013563 -0.2878450703364487
vn -0.7623272737323553 -0.5796034848622581 0.28795299626730925
vn -0.7167858522348808 0.0009107325559754008 0.6972927739494559
vn -0.13547764171858082 -0.982272012429617 0.12956659365686038
vn -0.6371363360951815 -0.7057056317095652 -0.3098981293919204
vn -0.6437091209013763 -0.7046820898041483 -0.29843210279330823
vn -0.6072639750953235 0.765148559380935 -0.2139582824494215
vn -0.8388826324597236 0.5440491729520168 0.016924135655053855
vn -0.6130364482056869 0.7900474015757621 -0.0033788215020277694
vn -0.817220299896497 0.44330316171419326 -0.36828424925766107
vn -0.6562686929599063 0.540120061915415 -0.5268602484124082
vn 0.23083594060577503 0.7147252524533297 -0.6602140425878349
vn 0.18492906081919566 0.5844712440465006 -0.7900598757988322
vn 0.10504964241134067 0.6470922865672035 -0.7551398183743706
vn 0.06351738494210184 0.9753752634553666 -0.21120756911032137
vn 0.6345949309357335 0.5845257329175599 -0.5055877185888333
vn 0.038081256508014125 0.9991979340995771 -0.01238169592212665
vn 0.043227580418983724 0.6519948690016805 -0.7569901367168543
vn 0.5580769779842429 0.35855617864083256 -0.7483231610757869
vn 0.5760385547026705 0.5154938167274128 -0.6343860878139298
vn 0.5386347651675671 0.21551281457266125 -0.8145101696773648
vn 0.027119310286517657 0.35944720860890245 -0.9327712727313442
vn 0.5130450213159355 0.09441678180483079 -0.8531531383148925
vn 0.11040417232429502 0.35007715369712283 -0.9301918647207728
vn 0.05875729529212946 0.35659498666145945 -0.9324095643749409
vn 0.13767239835617964 0.8581600880935515 -0.49457817777791757
vn 0.061291557097211916 0.8638323259673077 -0.5000370562693432
vn 0.2489254929997201 0.8164083568725264 -0.5210695671055331
vn 0.16286014854388967 0.9644475912069183 -0.20812836383212002
vn 0.29069137611181084 0.941507962058754 -0.17047369660505923
vn 0.26800495739661245 0.9037279151408113 -0.3338400787893549
vn 0.05317036357558857 0.9985395098905226 -0.009579124429425323
vn 0.10564605496416453 0.9929352194051879 -0.054023709010768355
vn 0.17166244654108836 0.9851148218729509 -0.008988446681830738
vn 0.21886367830077672 0.972939896656579 -0.07407190975355868
vn 0.28761605031164345 0.9577454569517528 -0.0008045442240484239
vn 0.4047813763621869 0.9103175510804278 -0.08645226165501196
vn 0.17679467515570993 0.32446643909118467 -0.929228267295003
vn 0.37767866053158317 0.8395742972572643 -0.3904789735235946
vn 0.43156542344673754 0.7715870334285123 -0.4673379239161162
vn 0.4456363419963368 0.8751523855750069 -0.18845835803831673
vn 0.3186803921449731 0.580134728752474 -0.7495908911917352
vn 0.17041760750407287 0.2571554428270554 -0.9512249561891282
vn 0.3468101065006974 0.5025739315468781 -0.791923098134212
vn 0.4794473357839449 0.6936517448581289 -0.5375662834153109
vn 0.5345912357131146 0.7929308823239157 -0.29235736104251203
vn 0.20545885282441026 0.23295706529661864 -0.9505354625286027
vn 0.23378539783327154 0.2076802406537936 -0.9498490961210213
vn 0.26135942640020304 0.1716488006298383 -0.9498567994566838
vn 0.2834492382812538 0.13202585642828177 -0.9498556219511236
vn 0.29957604499484597 0.08962221631834047 -0.9498537001072506
vn 0.3093960579319216 0.04533237488253207 -0.9498521227663266
vn 0.31268246468601874 8.067331276138604e-05 -0.9498577102754356
vn 0.3094095029725458 -0.04516272252435581 -0.9498558248305213
vn 0.29962613601854987 -0.08945874599296916 -0.9498533104537557
vn 0.28352437613399 -0.13187787496079437 -0.9498537541293697
vn 0.26146400539020653 -0.17151618134003346 -0.9498519744801517
vn 0.2338907147605721 -0.20754310324814848 -0.9498531433031725
vn 0.20558252456486495 -0.23286161694749424 -0.9505321104234906
vn 0.178589744539101 -0.24807001075329702 -0.9521381060068532
vn 0.3600953474517127 -0.49382643465307197 -0.7914965528550744
vn 0.4939622239370368 -0.6818182147164686 -0.539560231488593
vn 0.4051782347339299 -0.45918419302522223 -0.7905570662347354
vn 0.738076310540589 -0.5550215068471713 -0.38365933685482895
vn 0.7003028588476335 -0.6353123345345438 -0.32550598071018466
vn 0.6246344627485859 -0.5616113628023354 -0.5426089430870902
vn 0.6200206976271081 -0.7131830301257764 -0.32702339374211475
vn 0.5570096635981754 -0.6314319386214458 -0.5394756171941513
vn 0.5492732668610234 -0.782781932493346 -0.2924915801759119
vn 0.789196999165991 -0.5151329074446452 -0.33437431745727975
vn 0.7017672700937955 -0.46419427555771825 -0.5404131504363554
vn 0.8279256162323672 -0.44196328624717074 -0.34526457622504014
vn 0.7636915216789466 -0.3475705761180856 -0.5440312071312061
vn 0.8664669534460009 -0.37490885970126064 -0.329664019121751
vn 0.8074108322012623 -0.24107635907549507 -0.5384885673242914
vn 0.9044714095777973 -0.26970022265514326 -0.3304440333189853
vn 0.8297510126056827 -0.1272572381600778 -0.5434324727284096
vn 0.9310722391485579 -0.1574255640787979 -0.3291225869814517
vn 0.8231991884830843 0.4452501616594958 -0.35227175535796834
vn 0.8662303455193915 0.37535181095965714 -0.32978175587903846
vn 0.7631419036475542 0.3493222545168776 -0.5436804184412316
vn 0.9043030854238122 0.27016234451786997 -0.33052721113031086
vn 0.8072794387762089 0.24150854515458414 -0.5384919036963186
vn 0.9309039324009322 0.15801280273692628 -0.32931720697786465
vn 0.8293309163430237 0.12896965032574015 -0.5436699922678249
vn 0.9329102317212291 0.07599829587637585 -0.3519982366059937
vn 0.8406521603091225 -0.004750391945729165 -0.5415545947953608
vn 0.942948074976115 -0.00472374477318875 -0.33290631435008405
vn 0.9271690172235614 -0.06715111057290883 -0.36857610048607414
vn 0.7949705247889518 0.5081893070366346 -0.33130875770254536
vn 0.7055929615457492 0.4557073384550363 -0.5426503425736743
vn 0.7386716224387379 0.5758316388479405 -0.3504028508808362
vn 0.6235239317226271 0.5626806391493743 -0.5427784123338071
vn 0.7187753316097731 0.6385519382822817 -0.2749789897159444
vn 0.5566760711939436 0.6317264115189464 -0.5394752012367854
vn 0.6196187308705602 0.713488259126384 -0.32711944675173
vn 0.4591995604724218 -0.40747136886957824 -0.7893686383518709
vn 0.5133204378746151 -0.3367333879071912 -0.7893749131615206
vn 0.5566561612658135 -0.25891625005751506 -0.7893644871546748
vn 0.5882502531807821 -0.1756397462054044 -0.7893746380430822
vn 0.6074725165149542 -0.08867033069691029 -0.7893761550319907
vn 0.6139183626042999 0.00016524404068653093 -0.7893695058409985
vn 0.6074306471980868 0.08899796137629923 -0.7893715042458628
vn 0.5881598080438799 0.17595582800305146 -0.7893716404796582
vn 0.5565131108389212 0.2592142547146257 -0.7893675491284954
vn 0.5131474359550916 0.3370154669377271 -0.7893670147766886
vn 0.45897886036488933 0.4077192770641012 -0.7893689865002768
vn 0.4049321451355109 0.45939614565743864 -0.7905600161853893
vn 0.16079357695416008 -0.3264286493033768 -0.9314449863111937
vn 0.3026498034796807 -0.5886494482387638 -0.7495965071569569
vn 0.41663210346169993 -0.7712943806252796 -0.481168025518057
vn 0.4550123906721915 -0.873680413780407 -0.1721808900873545
vn 0.29265415675091855 -0.9420410777535646 -0.1640492376127098
vn 0.27624721285103293 -0.9012621377083466 -0.33378741217340324
vn 0.36038773633560706 -0.8411748769561711 -0.40316932655730076
vn 0.25928395027541895 -0.8116277644960085 -0.5234808545007027
vn 0.39986502040101096 -0.9132837828242034 -0.0775931536284776
vn 0.27766369135805546 -0.9606757765953261 -0.0022196315877509865
vn 0.2424611613889227 -0.7130773269032643 -0.6578246811076871
vn 0.1902399531754446 -0.582300425811794 -0.7904017803087289
vn 0.11360281369180815 -0.3476289522654763 -0.9307247242166244
vn 0.06905004196485912 -0.3552336105024268 -0.9322237787538254
vn 0.519543403139993 -0.09681337011319348 -0.8489415902292928
vn 0.0343893727912886 -0.3586467392823338 -0.9328396901082049
vn 0.5387539241123714 -0.21920266589000587 -0.8134460034447496
vn 0.05772025727369115 -0.6526265708358405 -0.7554779486783915
vn 0.5553788021000545 -0.3564448357999133 -0.7513331253242341
vn 0.07449602575098375 -0.8650397197990985 -0.4961417391403447
vn 0.6019484490215408 -0.47318750044471314 -0.6432353023143603
vn 0.07662434538438256 -0.9739330571391825 -0.21350201382174597
vn 0.6545147868008225 -0.5644492184636696 -0.502998482736108
vn 0.06638112752892046 -0.997703890559406 -0.013434756068272952
vn 0.05188555476784278 -0.9983411933054878 -0.024954978577587585
vn 0.12158355748226665 -0.644259346933011 -0.7550810105143728
vn 0.15896354525238432 -0.8551006200779221 -0.49349115576993496
vn 0.18160441019003548 -0.9626945473023348 -0.20059672677758708
vn 0.1921803506300418 -0.9813385205848159 -0.006435903053889137
vn 0.1322064437516776 -0.9899392299658387 -0.05041604114939044
vn 0.9492341762484321 -0.14532970170163537 0.2789870184171197
vn 0.9578888501833116 0.001142847218826309 0.2871369788005851
vn 0.9463685285981329 0.0022966411058502182 0.32308100148203683
vn -0.02498908809387638 -0.9882867797879019 0.15054828585107013
vn -0.027491827426568565 -0.9897798068232236 0.13992902997494783
vn 0.11989943195754162 -0.9782520838141545 0.1692542074204458
vn 0.10657079992937649 -0.9924914733432764 0.06002782640830476
vn 0.9524816930052104 -0.2661988783571324 0.14804317495694586
vn 0.9704696270697785 -0.20914037173491856 0.12020402591271814
vn 0.9880412290064919 -0.10099236184893853 0.11651211366855362
vn 0.9251819746579357 -0.3672060565670054 0.09590633862551552
vn 0.9185177780353906 -0.35926850575609315 0.16507947239046109
vn 0.939129049418856 -0.2640880777862902 0.21975922212452978
vn 0.48824503263898633 -0.8658275577556295 0.10935917123989776
vn 0.528266640701446 -0.8474903613614834 0.05190803137657664
vn 0.6447951488882987 -0.7614313583041287 0.06679448002078182
vn 0.31526987608146095 -0.9452028458134762 0.08483210183465921
vn 0.34471185617441213 -0.9380877330084527 0.03413416751370042
vn 0.4204805091691892 -0.9067359177851594 0.03203305803578655
vn 0.22358103935252868 -0.9719782986482511 0.07259273929873426
vn -0.01271820055811545 -0.9988109959711597 0.04706210473048994
vn 0.6632417424526033 -0.6961598529603327 -0.27472140468970135
vn 0.6537875445725667 -0.7006524855932773 -0.28574103834370085
vn -0.02121954076325755 -0.9983794571368457 0.05280332051049324
vn 0.09492159016091548 -0.992651998812784 0.07504599239338461
vn 0.10172997537906281 -0.9912276443295706 0.08437279908966938
vn -0.03151007326497065 -0.9911469241125909 0.12897631606223797
vn -0.0350552693780274 -0.9936695853736424 0.1067327653169703
vn 0.12191132430937032 -0.9840882827019287 0.1292589681759233
vn -0.04052598588966191 -0.9947848148659123 0.09359923386365802
vn 0.11200065765524718 -0.98807733901497 0.10563628547941285
vn -0.03665810528637849 -0.9958940549148312 0.08277206474474291
vn -0.03569481196589938 -0.9968268173683079 0.0711489745118592
vn 0.14261771905609555 -0.9637407197391064 0.22553051085825596
vn -0.010600630034599526 -0.980947720821328 0.19398246224417168
vn -0.017452923478160097 -0.9843237653665936 0.17550532868433547
vn 0.1769115371367215 -0.939269481120525 0.294066573862964
vn 0.0076899346517598 -0.9653195112576215 0.26095805427385943
vn 0.007660620310058084 -0.971657202606704 0.23627017484011806
vn 0.2201282871382646 -0.9060537142247013 0.3614003377712824
vn 0.05836733954221482 -0.950464409281917 0.3053042095404846
vn 0.04075019855910155 -0.9565332997162542 0.2887619570707476
vn 0.1253379248665681 -0.8994892917153512 0.41858024162585394
vn 0.11310150663221488 -0.9157256786820945 0.3855574284068977
vn 0.2897155289489381 -0.8434444958696897 0.4524005909290592
vn 0.10160080045812517 -0.9230663254429456 0.370979563021369
vn 0.062397599622701326 -0.9449000812101265 0.32135708501668625
vn 0.6246319483671965 -0.7311367378021453 0.274361075437164
vn 0.6018474473391267 -0.766273175736716 0.22495570736868417
vn 0.6701295011630228 -0.6965514901998381 0.2564029507852489
vn 0.580102959597501 -0.7912533741642039 0.19338731638859502
vn 0.6556887853915674 -0.7238964017050532 0.2145838211753329
vn 0.5732564072428967 -0.803137043317593 0.16232061238807868
vn 0.6561411976749755 -0.7330343319074613 0.17927464114768354
vn 0.5721663270446341 -0.8110370723793814 0.12183825927242521
vn 0.6643225055770803 -0.733987978149246 0.1411993502682361
vn 0.9763247125107396 -0.14164887474233048 0.16347982146140638
vn 0.9644295055463087 -0.1396740344697108 0.22442569578071148
vn 0.9933687356696351 0.0012757988315151665 0.11496489608333542
vn 0.9804688553196247 0.012718157068704208 0.19626276322573383
vn 0.9744621580212713 0.0010795096651297507 0.22454918669059937
vn 0.96739405398125 -0.005660855424200705 0.2532127544923213
vn 0.5257175602738279 -0.2997206000672044 0.7961084151766574
vn 0.5211940516039498 -0.3447896580494066 0.780689984740955
vn 0.5911117035344423 -0.37185572199566075 0.7157585318832711
vn 0.5659468810064184 -0.44727977191794493 0.6925640284566751
vn 0.5282648591149647 -0.273664151965222 0.8037687295195068
vn 0.6192183811945572 -0.2857879881946066 0.7313643566612139
vn 0.5507570520327526 -0.20038726961570433 0.8102540415278131
vn 0.6235368143405668 -0.716346717388476 0.3131281233756758
vn 0.6801291747223178 -0.6524808226426818 0.3342051492348199
vn 0.6352813939876045 -0.6700246828807789 0.3840370747514853
vn 0.7595224520796655 -0.5299693911552708 0.37717116701227776
vn 0.7226960211741158 -0.6309861364521018 0.2820761538740056
vn 0.7738546162410489 -0.5601780517062452 0.29554962918097943
vn 0.7234572050111902 -0.6499888900012157 0.23264590130149365
vn 0.7834087798733111 -0.5702104161509028 0.2472463648477449
vn 0.7308341876027847 -0.6546643953064606 0.19312151549996726
vn 0.7958899648496396 -0.5702023721620925 0.20353972249259317
vn 0.7456236136988065 -0.6493371068329594 0.14968883854360904
vn 0.807349891881945 -0.5702417551763054 0.15169209844833184
vn 0.7685282650138147 -0.4449853340901957 0.4597307454581353
vn 0.7086781975343117 -0.5620269635446672 0.42649842272660327
vn 0.7220897509250084 -0.5963012189091182 0.3507295937564425
vn 0.6342227656526616 -0.6254153256564113 0.4545515965894018
vn 0.5358763769515522 -0.6219808588211931 0.5709433596122552
vn 0.618543227782509 -0.5812240952173457 0.5287559233740773
vn 0.599256186988741 -0.518681530256573 0.6098044707333776
vn 0.6710426232759219 -0.48057192820643374 0.5645816323322248
vn 0.6375013230498495 -0.43037441673610816 0.6390382809572099
vn 0.7124988721685388 -0.36967201765595203 0.5963958052507896
vn 0.6730043438005131 -0.33142571693934003 0.6612277575668501
vn 0.7516922529671867 -0.23563817472113713 0.6159816616127513
vn 0.706013620855542 -0.21752087662300768 0.6739654556426503
vn 0.5721667807498501 -0.12129566648666185 0.8111180779010597
vn 0.6483620778644384 -0.187320599208899 0.7379279159235858
vn 0.6162498716164153 0.006817258368018383 0.787521187474404
vn 0.6000412477893231 -0.048039110120835116 0.7985253564228441
vn 0.6827796110020241 -0.0003687761680394789 0.7306242993523159
vn 0.6689927943553727 -0.0956379245261748 0.7370902444700483
vn 0.7364687578123753 0.0002000703035575435 0.6764715284017284
vn 0.7325293481967252 -0.10564803740442208 0.672487357667841
vn 0.8046007500205838 0.0002109379018667581 0.5938161235361628
vn 0.7970497580302789 -0.23752395078473693 0.5552423399088757
vn 0.771497026971999 -0.32694365618579574 0.5458023296517072
vn 0.74113525845862 -0.4183682400080489 0.525058610463672
vn 0.69474281104393 -0.5241995166739946 0.49249090673994045
vn 0.8068915662735139 -0.34948888873863976 0.4762179300749879
vn 0.8349993050701382 -0.2516583838281217 0.48933037753792075
vn 0.8338097468778604 -0.36511918516876396 0.4140643508359255
vn 0.7966697042185679 -0.4527831594740604 0.4003808098260796
vn 0.8530439594576888 -0.37521672294089076 0.3626684630047776
vn 0.8067963264782749 -0.478441716224721 0.34666008099737183
vn 0.8689888504296448 -0.3815628337492212 0.31506853497331105
vn 0.825404182914128 -0.4762090708023841 0.3032043134808451
vn 0.8368449642950692 -0.4824018443232351 0.2588029488385434
vn 0.7713653775345678 -0.10032450822189046 0.6284349189780827
vn 0.8195492334001078 -0.1195821682636456 0.5603919691311259
vn 0.8726601035134679 0.00023345899094338448 0.48832805493107095
vn 0.8581974764681289 -0.13092748027525725 0.496341703156714
vn 0.915047439065619 0.0002447178703824079 0.40334615948663266
vn 0.8656622657284461 -0.262317282323883 0.4264017883265798
vn 0.8877381126859629 -0.2686839701081957 0.37380471839138535
vn 0.9057777688668949 -0.2721018939129 0.3248494924661619
vn 0.8837786825816312 -0.38373208844395934 0.267740405080581
vn 0.8524185038713479 -0.47836516087361153 0.21106744685075582
vn 0.21972669838298045 -0.8101538807782119 0.5434803285103494
vn 0.15753786821593282 -0.857067414773928 0.4905275390951203
vn 0.22326953722564344 -0.6828332287909366 0.6956216611103996
vn 0.3146553946199524 -0.7729626722829902 0.5509271184954511
vn 0.32859355265237494 -0.6865856418483894 0.6485571937484973
vn 0.44651608244630797 -0.6549782972039556 0.6096120227723599
vn 0.43199292931896344 -0.7373910173111261 0.519265439450079
vn 0.3278517439754894 -0.8554525223116596 0.40089177597307973
vn 0.4982947034987727 -0.37560644277706506 0.7814231815152591
vn 0.49510557393268845 -0.44793269747529973 0.7444640818691557
vn 0.5231114389666245 -0.5415516968157943 0.658085239234403
vn 0.44195786775816087 -0.5513635524160517 0.7075814272532962
vn 0.38841569784845875 -0.618144479952848 0.6833964058792802
vn 0.3722657762113465 -0.8585599273009332 0.3525521849241326
vn 0.28256302652723236 -0.9024896706935157 0.3250700391166191
vn 0.2504910123281669 -0.9348236096016973 0.25171227954564257
vn 0.45429947079675614 -0.8058946269889127 0.37966543301199873
vn 0.3435059689809226 -0.8976163440351627 0.2762038164027172
vn 0.22359422108697552 -0.9558334644725576 0.1907564218863863
vn 0.43097751342107166 -0.8502417144515179 0.30223734039978156
vn 0.31932949484526674 -0.9229469807547037 0.21493614037114173
vn 0.4070296614803171 -0.8821074759870521 0.2370933476143329
vn 0.2809135916550533 -0.9461736211771838 0.16075768290166748
vn 0.38437545639989706 -0.9035592115254374 0.18930467449300048
vn 0.2618240489854343 -0.9563346579978554 0.12989299167005852
vn 0.365401865632749 -0.9181342374240287 0.15333296665069793
vn 0.23590254066047842 -0.9659015236973957 0.10669694385961022
vn 0.33368227185852606 -0.9339777375836753 0.12783476501097768
vn 0.22500586778990428 -0.9700624445369358 0.09138497228284546
vn 0.31955656080162803 -0.9413074182367439 0.1087379824215574
vn 0.5242803233064901 -0.7505978720329227 0.4021603872751397
vn 0.5092348546448283 -0.7953047793138563 0.3288923392470533
vn 0.48928630111539495 -0.8313362134518986 0.26358872461521227
vn 0.46826850434545864 -0.8571182079624111 0.21464618658940152
vn 0.44956067618054885 -0.8755917066477156 0.17673245791825615
vn 0.4165740102393612 -0.8969243715555908 0.14829958092558837
vn 0.4019186126097831 -0.9070243373052108 0.1255718136122528
vn 0.39852449337988616 -0.9119449205431264 0.09764573760229418
vn 0.487168877784874 -0.8613795477373382 0.1438463042891452
vn 0.49941406168399455 -0.8493902495642024 0.17065110294855226
vn 0.5293582521400642 -0.8240092842938922 0.20196172976255594
vn 0.5451656117541549 -0.8028196533013001 0.24140227843559905
vn 0.5619245248423663 -0.7744143383410567 0.2907288443764473
vn 0.5756702200203376 -0.7365051218915768 0.35519572521246595
vn 0.5864341140182843 -0.6872021845700342 0.42877521784469114
vn 0.5421279240862925 -0.68170010592043 0.49130670615610517
vn 0.47959135600310476 -0.7471163505992738 0.46022743281374073
vn 0.4019165027464943 -0.8083267074608058 0.4301988596284282
vn 0.8517784579231442 -0.5163103997983101 0.08886523323651326
vn 0.8692413609635578 -0.4672754556772918 0.1614716845511962
vn 0.9005743591422346 -0.37706666860363247 0.2163019904756121
vn 0.9225912100061557 -0.2712433728834439 0.2743218764265625
vn 0.9312234171947582 -0.14160207454793952 0.33581512734216906
vn 0.9153404929082992 -0.1388715790849984 0.37797680691390445
vn 0.8884833644811061 -0.1141033533732934 0.4444971718574858
vn 0.7625357439319651 -0.6418542210617973 0.08100862998025558
vn -0.11569481234922786 -0.8962117729110113 0.42827464142904703
vn -0.1308893141477599 -0.9310901001053785 0.3404984771297592
vn -0.0457343716939933 -0.9411637171389934 0.3348420893299831
vn 0.09964570489964603 -0.8245708375464889 0.5569144165515332
vn 0.08133152581048289 -0.8218357303136912 0.5638893644050227
vn 0.01659235377365453 -0.8954588878336613 0.44483488396926807
vn 0.05922574666649393 -0.8347074716470433 0.547499541286015
vn 0.052973309939788944 -0.841467793425982 0.5377041761608626
vn -0.03771139758994858 -0.9109517377842209 0.410785566834718
vn -0.20966235257848886 -0.9769744204813703 0.03953074292679484
vn -0.12031529552077154 -0.991729574077503 0.04468424290288242
vn -0.14540678533791815 -0.987684315047 0.05776296900117501
vn 0.08622924829351476 -0.7412979812797029 -0.6656138668097086
vn 0.149387941501969 -0.7504920728580842 -0.6437739444175884
vn -0.3787266478166694 -0.9249634982917774 0.03175929881759784
vn 0.6105873986879595 -0.7259344766021331 -0.31654725436158454
vn 0.44262617620072814 -0.7439487835720843 -0.5006218888178363
vn 0.4800282010259747 -0.7392065229250591 -0.472383999183726
vn 0.5213108015777345 -0.732981329832156 -0.43700505520630323
vn 0.5712900382483971 -0.7308765568069026 -0.37342623221759796
vn 0.38143079721999107 -0.7521832812832691 -0.5373368201510639
vn 0.33067836341318246 -0.7566495631907688 -0.5640330296122718
vn 0.20397993150735985 -0.7570378697979838 -0.620713985047851
vn 0.2750925862810119 -0.7585574724041448 -0.5906899610058219
vn -0.29010490042016535 -0.9563339407566587 0.03556037835914652
vn -0.3582664542212046 -0.93266590070093 0.04218371071264494
vn -0.27102833109012237 -0.9611913241201537 0.051525548834036726
vn -0.2648212130606252 -0.9626684695000143 0.05602805496890598
vn -0.3812454032062103 -0.9228688017619221 0.05445289036082612
vn -0.5483921865026191 -0.8351610224280017 0.04209603781701365
vn -0.4200207738275036 -0.9065762493792445 0.041255952477273886
vn -0.5752537193946035 -0.8170743434890135 0.03837545484645427
vn -0.4726586786043804 -0.8805938957763505 0.03388457261632474
vn -0.5909305109744467 -0.806030694963688 0.033401346916456395
vn -0.6013441984716912 -0.7980314418615203 0.039127647065241376
vn -0.5414121647897776 -0.8401391729949074 0.03223410952825739
vn -0.66242512156589 -0.7486581749172663 0.026531028023128487
vn -0.5799391321787042 -0.8143141630182756 0.023728608801549318
vn -0.6583210424473618 -0.7521142662183603 0.030619203481415967
vn -0.5707962290716554 -0.8206287780800102 0.027569429890510085
vn -0.6426977667686524 -0.7652219703760631 0.037079868451257526
vn -0.6358296903509353 -0.7709901852607546 0.035982483235885404
vn -0.15417812326333918 -0.9860488685770878 0.06274340670412727
vn -0.16054555199591602 -0.9839851275108348 0.07744930323645774
vn 0.14718024564018276 -0.8175389051500767 0.55674780094699
vn -0.0396490003227141 -0.9394986284906712 0.34025032525709237
vn -0.08155607755834177 -0.9624685649121985 0.2588491216310201
vn -0.12115513102228262 -0.9711926189674317 0.20519827262955792
vn -0.14614439752690872 -0.977479849916525 0.15223323578859166
vn -0.15692848044409982 -0.9813198979968901 0.11128661114832801
vn -0.24709861108860118 -0.9663693899663406 0.07122133482438553
vn -0.23190331437956002 -0.967633674357666 0.09952851364738294
vn -0.22151884900244506 -0.9658335856516179 0.13451722701561583
vn -0.1984697277624936 -0.9641151363600283 0.17632858816245783
vn -0.16050584850862418 -0.9597867988150414 0.2303197199870254
vn -0.10716818829270905 -0.9470117462806112 0.3027932162790407
vn -0.041675529460635366 -0.8439491243308532 0.5348018565649915
vn -0.15570441496357645 -0.8442826805384541 0.5127795730171523
vn -0.34396294620188206 -0.8711894511748571 0.35031190645162524
vn -0.28440483308594017 -0.8349202254759348 0.4711922198090421
vn 0.002000583538392194 -0.852444018938734 0.5228146825033562
vn 0.021839177524298498 -0.9046506970068449 0.4255938988403054
vn -0.009639632193452223 -0.866618190480903 0.49887873217725
vn -0.049575045937872764 -0.9291349310254454 0.36640223084555384
vn -0.01003301431418369 -0.8765863830601439 0.48113995017801836
vn 0.03561984151453454 -0.8549531867862528 0.5174807004077643
vn -0.17770511530172325 -0.9484070999212556 0.26257354172603714
vn -0.38823607830784235 -0.8796850681066037 0.27463963379386225
vn -0.39665860114163465 -0.8883634878963093 0.23124071335529559
vn -0.23143200808399333 -0.9527615631075709 0.19668408552556613
vn -0.42009708441267757 -0.8895799399434582 0.17934873882511887
vn -0.28077688754609875 -0.9475234131524922 0.15285195761839945
vn -0.2948870050870449 -0.948247353441665 0.11776506664402464
vn -0.21527817888912634 -0.9652732930558464 0.14799586280468516
vn -0.16273853873871041 -0.9687320644467217 0.1872814868639771
vn -0.0973280236559219 -0.9640614485509391 0.24720999014824857
vn -0.25646224529148176 -0.9585078870425409 0.12445781300222039
vn -0.2361327410621957 -0.9579666785542486 0.1629146137649869
vn -0.2317357053689708 -0.9605387972075617 0.15383036734076866
vn -0.1971149593552672 -0.9576909611584152 0.20969910756567867
vn -0.1828489927538085 -0.9637372270807777 0.19436255551821427
vn -0.14071701271919623 -0.9512363233358994 0.2744962285675087
vn -0.11953471496783646 -0.9596129251695481 0.25466543889012744
vn -0.47736033741230405 -0.8708627874667385 0.11715423027476864
vn -0.5003914675411186 -0.8607949918531822 0.09295354330269227
vn -0.3198742408144363 -0.9435548108045999 0.08593479546076727
vn -0.49385035286128515 -0.8665979984560435 0.07155234483064285
vn -0.543042277887864 -0.8383049677432293 0.048475411121341426
vn -0.27073496519421275 -0.9583305468203674 0.09113254990542015
vn -0.4693315920454858 -0.8700402658098585 0.15085686122135974
vn -0.3092754486221498 -0.9488225278329193 0.06391015221634778
vn -0.3680353187257541 -0.9287668805131368 0.04406910292176297
vn -0.44479731636745173 -0.8949450323741165 0.035053336235009155
vn -0.47405655264154983 -0.880037678453503 0.028356117501841194
vn 0.0024881934203864293 -0.7226728177482448 -0.6911857980176639
vn -0.09019692519002047 -0.6892690959194975 -0.7188689923042895
vn -0.1727230734064571 -0.6498154305841581 -0.7402071643045295
vn -0.23647150432359884 0.8345128464260544 0.49766408027184217
vn -0.113105409842991 0.8442194704292749 0.5239280981321423
vn -0.11323709423206264 0.8997245148117803 0.4215129392279499
vn -0.00041373593210530666 0.844336005022503 0.535813903743845
vn 0.01842043209497315 0.8477548580988216 0.530068286404008
vn 0.018799396892642383 0.9110981703724625 0.41176049667303455
vn -0.11974960289975008 0.9588862848233939 0.25728802028648984
vn -0.09829207784052021 0.963669957556678 0.24835233104705012
vn -0.03560168812680465 0.9385907186985161 0.3431908835845217
vn -0.1834704410371692 0.9636461187524966 0.19422861549955972
vn -0.18676759813494465 0.9606241157820913 0.20571624258861837
vn -0.2292803495024021 0.9601182863703697 0.16001061686426024
vn -0.21735648153953188 0.9746746594337743 0.05258771900749383
vn -0.28615155671343484 0.9569493916711924 0.04863279110448699
vn -0.26976076951555783 0.9609913778480192 0.061030311584813667
vn 0.40329652462532695 0.7448450154097623 -0.5315616768018214
vn 0.32708927203227656 0.7569281725332383 -0.565749370080858
vn -0.20783878921065074 0.9774589112849944 0.037109492707450946
vn -0.11279660639049097 0.6774597474134046 -0.7268598325821527
vn -0.17957756947557826 0.6428242293223025 -0.7446669770692345
vn -0.6669646285312941 0.7447019396549084 0.024025098591468497
vn -0.5714663283390609 0.8202681117592483 0.024216944596502053
vn -0.028563604664623054 0.712886877347197 -0.7006970961797441
vn 0.05172136894118213 0.737058535204305 -0.6738468785097504
vn -0.47386323058313723 0.8801917221507494 0.02676137064148253
vn 0.12382002994561503 0.7487070050061917 -0.6512345359691281
vn 0.4691007320065627 0.7441003730350759 -0.4756670454004226
vn 0.6328082024565548 0.7107138174686903 -0.3073103456813406
vn 0.5954654973306366 0.7230308794490874 -0.3502102066643074
vn -0.12194746615015815 0.991662140641185 0.04165350307595562
vn 0.5728202499016568 0.7308793652228273 -0.3710691509598724
vn 0.535125780224317 0.7329385390786134 -0.4200493986100015
vn -0.1353801076266439 0.9892098059356992 0.05600166336507142
vn -0.017366367347985752 0.9984768684435766 0.05236747528995158
vn -0.01163897228177061 0.9989762656152443 0.043714471993210643
vn 0.24143672453928 0.756790953195975 -0.6074337504654077
vn -0.2903078626272603 0.9562920851641338 0.03502560133994363
vn 0.17147825820454662 0.7552976274976035 -0.6325509472442721
vn -0.3790777422263134 0.9248610780334288 0.03052952157248166
vn -0.3587682021066192 0.9324730130193787 0.042183612312670545
vn -0.3676598755542744 0.9288323613607249 0.045789304389510586
vn -0.44527826446939434 0.8947058367583042 0.03505328603350338
vn -0.6629155991107291 0.7481513666194111 0.02850335210410621
vn -0.5707986231247858 0.8206588006895463 0.02660948495638431
vn -0.6556275488464971 0.7543111052341842 0.034165387659408186
vn -0.5416655934475183 0.8399912117749503 0.031830001822157984
vn -0.6373927716844926 0.7698319488684215 0.03300341051782799
vn 0.01784308452937998 0.8564773573580855 0.5158761098048523
vn 0.03653946738944261 0.853036805884954 0.5205699521951793
vn -0.049037257360139 0.930063309646313 0.3641120534126024
vn -0.03709900888583008 0.9161898479368742 0.39902359087790334
vn -0.12874502597887597 0.9536824470313806 0.2718722282800077
vn 0.009252159608306674 0.8452588483207827 0.5342769664490568
vn -0.1300753780257036 0.9294696851650514 0.34520501211693133
vn -0.1784135778591034 0.9484501941052229 0.2619366803967681
vn -0.23140165986688238 0.9534405945148937 0.19340192486616442
vn -0.3876979575228128 0.8788463059140356 0.2780637774214622
vn -0.3564071252946149 0.8763045361491756 0.3241362691270556
vn -0.31001752883412076 0.8563206663305084 0.413042429092774
vn -0.3562051369333528 0.8149988122491518 0.4570501465427653
vn -0.2310146895402261 0.9607712502568384 0.15346275736003334
vn -0.16486870750267785 0.9684247489292701 0.18700752644660124
vn -0.22983782652262078 0.9630943508002606 0.1400851346716797
vn -0.3130475927672577 0.9371519190273888 0.15410219117815274
vn -0.2525946839281741 0.9598002021240587 0.12239075804096387
vn -0.47503489568549023 0.879323911550073 0.033634899395638254
vn -0.4185617396002995 0.9071632996390709 0.04313719892070615
vn -0.30606366763442694 0.949986502700936 0.06205381567806786
vn -0.3966281870754757 0.9165815852080811 0.050638709251544775
vn -0.2691356049037715 0.9587576705129663 0.09137699604184599
vn -0.3451608230974197 0.9337451503092303 0.09478396738217201
vn -0.2982700000897308 0.9473039579953472 0.11683414831641312
vn -0.4443913175482957 0.8860746646135159 0.13186373882813812
vn -0.4295624190133299 0.8850701575779303 0.17923990720928687
vn -0.398610886591441 0.8901552274820377 0.22075559353544644
vn -0.39934389368553985 0.8829638557483999 0.24677780292804136
vn -0.24953065416592093 0.9657173004934726 0.07158594945327905
vn -0.2332432810068571 0.9671834402572991 0.10076589084214908
vn -0.2222291364905712 0.9652988094818805 0.137158373085712
vn -0.198648671027394 0.9635574593301547 0.1791528064761137
vn -0.16066855785513584 0.9591839628344333 0.2327052641389601
vn -0.10792089356709748 0.9463976753362534 0.30444132579171135
vn 0.0053475323596473565 0.898237162732377 0.4394785585033151
vn 0.0649518817044681 0.831540373080786 0.5516537510066579
vn 0.10459341434385554 0.8225907074991339 0.5589317897668454
vn 0.11037785655944388 0.9152712309850054 0.38742135009900464
vn 0.1174393134499724 0.9255366758639587 0.35998592929042716
vn -0.05185873813375528 0.9378037685901888 0.34327068458756316
vn 0.0683795392213501 0.9425729093418166 0.3269259077998857
vn -0.09859488711533396 0.9586411346679382 0.2669947998693656
vn 0.13147810558685136 0.895821551172058 0.4245200303954815
vn 0.17260488057721235 0.8666469103701353 0.46811396897211377
vn 0.19421667891250233 0.8049398035829038 0.5606708430443964
vn 0.06430408560347821 0.9555237108690172 0.2878183846487279
vn 0.023898419878979022 0.9651295751345855 0.2606794367184001
vn -0.12657738261092505 0.9713710067947686 0.20103863651021187
vn 0.0031613358022565836 0.9728560845722758 0.23138937889766348
vn -0.15055352632991795 0.9760099127089314 0.15728409329468265
vn -0.025254424996268225 0.9797313484679204 0.19871763597461178
vn -0.048527444427960226 0.987763174637395 0.14821942506819497
vn -0.15699469134166166 0.9814180272895918 0.1103237173120196
vn -0.03264933773042465 0.9927967036237353 0.1152767366800853
vn -0.16178423797951577 0.98363877863421 0.07925032181882222
vn -0.05500635096713133 0.9946781280388916 0.08711901603167495
vn -0.15885770680683442 0.9850478751921389 0.06667017749733449
vn -0.037575670750205924 0.9966159432476114 0.07310766466210165
vn -0.02276087836446725 0.9978947267489088 0.06072937298209619
vn -0.4798320957516874 0.8691886166556075 0.11946676760863217
vn -0.4930324810348922 0.8668136499162549 0.07451891681606022
vn -0.5024722355523602 0.8624537991509791 0.06078730812477421
vn -0.5653647266498086 0.8239629295519157 0.03805018507723606
vn -0.576330762520838 0.8163633420712745 0.037332906320946685
vn -0.6089428977654314 0.7923111082691171 0.03783721678985809
vn -0.6389303918444661 0.7682840693835196 0.03882709246101824
vn 0.3474560534422785 0.937036530636957 0.035168610694363264
vn 0.22292195565288517 0.972151072447364 0.07230556014120178
vn 0.31651777221646515 0.9450276394087753 0.0820929998514105
vn 0.3975595839675149 0.9126418975541828 0.09503233146817482
vn 0.42148639926578363 0.9063690487398756 0.029057920096548947
vn 0.4841437721775327 0.8678487725674133 0.11154961145133428
vn 0.5302904283279667 0.8467358675572664 0.04278355076177297
vn 0.5740457733523685 0.8087550142056986 0.12801084756153014
vn 0.6507488015958097 0.756988332916218 0.05911565825009953
vn 0.9144613877643942 0.3690404929772995 0.16604061199324094
vn 0.9202648791457742 0.3787505396414224 0.09828825429391347
vn 0.8548476869178202 0.5120649214641653 0.08381496511453432
vn 0.9890406191331024 0.09876881637303285 0.10974231005897257
vn 0.975615617238472 0.134037541002504 0.17380478992938408
vn 0.9714413093521993 0.21573476009038645 0.09879420920695645
vn 0.34254537892661335 0.7693418731939651 0.5392362613237577
vn 0.286721930693746 0.8421369503350806 0.4567229919103926
vn 0.20266452318081504 0.9070608436724206 0.36900910140560156
vn 0.05198723721741569 0.98673236143168 0.15380693765224285
vn 0.13803974790810816 0.964275950374375 0.22609051180237935
vn 0.10565622690492427 0.9925469748397021 0.06072284951129183
vn 0.6628215273482699 0.6965768844681598 -0.27467847915033056
vn 0.8371739085767039 0.48252396710175827 0.25750819010428777
vn 0.7838853787859438 0.5702095913230706 0.24573305615808816
vn 0.7743367945462856 0.5589676149431262 0.2965766916947055
vn 0.8524332112597366 0.47860972629569637 0.21045272684517982
vn 0.8742808547238857 0.4610525431434379 0.15186684800916922
vn 0.7960282712978646 0.5702905118537314 0.20275039675458698
vn 0.8085321997351625 0.5662807716164597 0.16000553018219765
vn 0.7310977141070345 0.6546524680925123 0.19216211501711494
vn 0.7408793804768931 0.6546711098786517 0.1500116044658862
vn 0.656483445869407 0.7329991541854921 0.17816207582643073
vn 0.6673777001498465 0.7319523640652764 0.1373052878878097
vn 0.5734865827304592 0.8032179901963231 0.16110245079799299
vn 0.7240606429678064 0.6499207400012811 0.23095284588251777
vn 0.6563493763384926 0.7238386665047691 0.2127512186866845
vn 0.5805787551941838 0.7913692391742855 0.19147594184618746
vn 0.4995680267964225 0.849673383305934 0.1687807106993455
vn 0.7233106054091326 0.6308647568281321 0.2807693478548819
vn 0.6657688430212058 0.6994355621675614 0.25988794130846504
vn 0.6003450453331941 0.7641113558135276 0.23605012700843353
vn 0.5268635737791028 0.8234789733399078 0.2104688934065155
vn 0.4469018866172252 0.8752481396448999 0.1849848582617149
vn 0.02206776896618154 0.9945575628186377 0.10182469156892587
vn 0.10870514402369273 0.9880935178121732 0.10887787525642037
vn 0.10137457178498478 0.9913108497309351 0.08382121092624722
vn 0.19046759685029757 0.9741276987765386 0.12164423959398035
vn 0.23456222622583991 0.9664359936261082 0.10479519193118889
vn 0.27651046966348036 0.9506884352761705 0.1404758313683463
vn 0.3332482251393287 0.9343366082050406 0.12633575507111008
vn 0.3626308868038435 0.9178757055517006 0.16125454751363075
vn 0.4164109084325172 0.8972821720253591 0.14658328384866898
vn 0.10016257495866787 0.9921586230642613 0.07475777723339944
vn 0.22342291179683402 0.9704681402909394 0.09096038238963981
vn 0.3191083786099214 0.9415695970874272 0.10778003776937191
vn 0.4016859509742837 0.9072823140842126 0.12444757667339917
vn 0.48717276498578277 0.8615804936804013 0.14262450688974573
vn 0.5713438955320344 0.4479121228982452 0.6877069748076335
vn 0.530789046961468 0.5462397561063869 0.6479854292147099
vn 0.511017258909886 0.41290926029130176 0.7539013886854941
vn 0.41499334131788534 0.5977637082046093 0.6859001937711432
vn 0.45171428141300085 0.5461716079399429 0.7054436778707663
vn 0.4751392388356137 0.5032649601125547 0.7217804954704873
vn 0.4948603784796477 0.45685933846041293 0.7391838409167869
vn 0.44290380396774215 0.6637034323767079 0.6027719090023027
vn 0.3574909936090305 0.6854564884198242 0.634310327814069
vn 0.5658845169742472 0.16924037613056717 0.8069277591804652
vn 0.5738287786655591 0.12640837685066006 0.8091609574350297
vn 0.6501835502941841 0.18980752215353294 0.7356863839033492
vn 0.5893229134344018 0.08531485035567923 0.8033802835581519
vn 0.6680887647602841 0.09672315578446569 0.7377682790254484
vn 0.7324707570992848 0.10604001493623871 0.6724894833577124
vn 0.7713090965638328 0.10073695819086426 0.628438018274146
vn 0.5543870065008459 0.2005250256865075 0.8077405283235801
vn 0.6172621654840512 0.2915434797344812 0.7307460697713332
vn 0.5401451281862716 0.236537373909246 0.8076467738069371
vn 0.5876614182446173 0.3742812624655615 0.7173336699708934
vn 0.5356884554889825 0.2914993984455927 0.7925061383747676
vn 0.5250572728606033 0.3506400734861396 0.7754781744716097
vn 0.32451842590191604 0.8523993470385465 0.4100038346386554
vn 0.4331972316825475 0.7321500156144249 0.5256391472278057
vn 0.4184891391751047 0.7888884488590111 0.45002428339957773
vn 0.5338332825369647 0.6229122251836985 0.5718412246179024
vn 0.5349267162636728 0.6869171035235978 0.4919332283085936
vn 0.5978012196268544 0.5208668147075375 0.609369726150774
vn 0.6173140874152184 0.5825464507362073 0.5287371277046503
vn 0.6361243179590785 0.43296265864943967 0.6386620298063024
vn 0.6697883945820806 0.4830543548642828 0.5639521227283489
vn 0.6716227337351007 0.33491753555375536 0.6608730195043439
vn 0.7096050226172911 0.3743086036970742 0.5969537512024365
vn 0.7052041285495486 0.2209818787017204 0.6736869795106105
vn 0.7503286312926802 0.23718871104443645 0.6170481832203478
vn 0.7713209588736604 0.3273566256500945 0.5458036442212537
vn 0.7969225843542865 0.23795603235079543 0.5552398771827833
vn 0.8348648277094499 0.2521057391913747 0.48932955737461903
vn 0.8194849828223327 0.12002510151045621 0.560391236491155
vn 0.8581280282166511 0.13139360428737798 0.4963386021068424
vn 0.915265442668711 0.13936310020304837 0.3779776392304753
vn 0.9314932377625971 0.1418936457169926 0.33494259404813587
vn 0.9487319619344794 0.14569204092379184 0.28050221677450893
vn 0.9653527208076377 0.14026625304686824 0.22004431982099212
vn 0.8655208903728744 0.26277930130576743 0.42640430008783853
vn 0.888421209581821 0.11458331429652378 0.4444979397590027
vn 0.9516913567692943 0.26195510368701735 0.1601970196443871
vn 0.9004911266803765 0.3775185592119418 0.21585983466232458
vn 0.9389975020923108 0.26478721424855395 0.21947989027446468
vn 0.8839632895859046 0.3840298398858653 0.2667020523762477
vn 0.9226571502577492 0.2717655483839027 0.27358229070947887
vn 0.8688379901438303 0.38185835770596777 0.3151265484419401
vn 0.9057396058710672 0.2725381434668509 0.3245900902864506
vn 0.8528424897463326 0.3756762120592259 0.3626666118849489
vn 0.8875931508331932 0.26916443020897085 0.37380330135551776
vn 0.833613811340158 0.3655668663604464 0.41406385952210195
vn 0.7382454040056753 0.42426151605215245 0.5244005048258693
vn 0.7050207527473333 0.5620431332489456 0.43249653705352553
vn 0.6932394107073597 0.5265195664463251 0.4921343978948091
vn 0.6370118916007177 0.6640242214388296 0.3915197099787334
vn 0.6274227222976166 0.6308469590724639 0.45647874186392584
vn 0.5758056631028279 0.7337333658254399 0.36067046761993693
vn 0.5365941828020151 0.7326556415669029 0.4186674024368598
vn 0.5088225130941643 0.7955522867695477 0.32893192180796693
vn 0.4550991374084953 0.8028500695075844 0.3851188660942364
vn 0.43046186716611234 0.8506082004985203 0.30194083884187256
vn 0.37209813853939894 0.858912796416838 0.3518689861964556
vn 0.34293586596198994 0.8980556474935754 0.275483295032195
vn 0.2822772164821531 0.9030077005979535 0.3238775474093326
vn 0.24987004659906104 0.9352988561528165 0.2505613886691561
vn 0.16227183738106815 0.9403204373368625 0.2991075490849133
vn 0.7634734115431462 0.5258524537117598 0.3749500590638585
vn 0.7658014557017345 0.4474519916847152 0.4618818524065282
vn 0.8067046929313197 0.349918714080507 0.4762188907832508
vn 0.7967571272432259 0.45800890086168206 0.39421558431725645
vn 0.7913995386404545 0.49934703444165734 0.3526177951181679
vn 0.8250744326522494 0.4763668941285347 0.30385319277885153
vn 0.7205264945861289 0.59576170629769 0.3548373710711575
vn 0.6777298471080536 0.6539003876508555 0.3362982863009491
vn 0.6263198667321881 0.71629608537853 0.3076415814027224
vn 0.5641879452638835 0.7761963254733498 0.28144489112539745
vn 0.4910024147011775 0.8332122563244527 0.2543107639647359
vn 0.40835092715281707 0.8839459986018742 0.22779155350708274
vn 0.31910809370553533 0.9256728831684476 0.2032233694687518
vn 0.2267686038986055 0.9568679333600991 0.1816032995103617
vn 0.13254094820881604 0.9772059428611165 0.1658355881131207
vn 0.7593566643531925 0.6462490866107908 0.07575997859761656
vn -0.95272862756741 -0.29803508849287363 -0.05901904981075415
vn -0.6421120562109068 -0.7117102027480059 -0.2848871611234769
vn -0.6370556857299036 -0.7120165462785601 -0.2952837467669923
vn -0.5823089715447451 -0.7134468491407475 -0.38975614826406596
vn -0.5978036547100947 -0.7150866428840876 -0.36232841950917866
vn -0.6181736612211813 -0.7122750688000528 -0.33245383279228513
vn -0.629936387936874 -0.7126571486819097 -0.3087068764793147
vn -0.6271684314134147 -0.7124342015849632 -0.3147971839938102
vn 0.20229175031718466 -0.7353994299804998 0.6467346644010712
vn -0.6115816995381851 -0.5179320887821183 -0.5980921134739842
vn -0.5292392941832079 -0.706749672566369 -0.46947914737482244
vn -0.5600585142533734 0.06358085393954278 0.8260096462055528
vn -0.5326228216202128 0.2656188342838398 0.8035916654389947
vn -0.39579336902395706 0.500171343173903 0.770179353465334
vn -0.031475724516579644 -0.73523662153493 0.6770793078510511
vn -0.321058354100776 -0.5938067462390532 0.7377771217536427
vn -0.5226426353572866 -0.3205549141522973 0.7899931789070102
vn -0.5637472582475118 -0.0801528521472606 0.8220489943495293
vn -0.2751995897392375 -0.8880970908056492 0.36816944890891967
vn -0.9998089947037533 0.0005905498275041032 -0.019535233819213377
vn -0.937365351611023 -0.30249720775742633 0.17274732095781983
vn -0.9998770878339549 -0.0005396785588589209 -0.0156690131068583
vn -0.022213703599649377 -0.6193637596222384 0.7847898346939727
vn -0.9979734265368102 0.063628547116196 -0.0006692669573497656
vn -0.10384116818440375 0.8912961177047422 0.4413708671339252
vn -0.9619812211072422 0.23982536678900587 0.1306748777751037
vn -0.05405232286955425 0.774762947176876 0.6299370778690574
vn -0.9990409979935391 0.04338059581745693 -0.005933652719502229
vn -0.06936978801158306 0.6336032549391254 0.7705418534004326
vn -0.99933807054582 0.03596473878713074 -0.005473419564687763
vn -0.9983788515084654 0.00024790484953281054 -0.05691754917266939
vn -0.12309478553280909 0.5261601311521887 0.8414292544002399
vn -0.9994822795268921 0.028070180608376957 -0.015723799551653032
vn -0.12611827275728707 0.323183388438121 0.9378948121801151
vn -0.9998192516127817 0.01127501352321054 -0.015308108129635605
vn -0.9966773041163133 -0.0010159538517973158 -0.08144519198337467
vn -0.1586517532562298 0.138124088060617 0.9776253666339408
vn -0.9995281937518516 0.00018749908671728913 -0.030714080472205342
vn -0.31955367843753885 -0.0323555552108587 0.9470156095038957
vn -0.9813921209078172 -0.038957846713749356 0.18802072013340462
vn -0.9977610812537044 2.28318127930716e-05 -0.06687917623705185
vn -0.572603642184889 -0.20838333113731075 0.7929069657032389
vn -0.9523088504125562 -0.1338718500922158 0.27420098683046884
vn -0.43944697186640763 -0.3520407175492673 0.8264101234283386
vn -0.834453030987007 -0.30602531222825646 0.45829755329064925
vn -0.23490940136337216 -0.8005046648126016 0.5513708867580571
vn -0.05587913071015224 -0.6116689459958539 0.7891378987574978
vn -0.18608729165255675 -0.5394270030772222 0.8212125353625229
vn -0.9901803983936015 -0.11991641554884645 0.0718528490667207
vn -0.961961245912379 -0.21288160497389408 0.1712074286543733
vn -0.9999432490783705 0.00021601576027068518 0.010651382998606896
vn -0.9999894226226376 0.002274824349033532 0.00399747633199461
vn -0.9998421860346011 -0.00011503180235711822 0.017764847121053876
vn -0.9998588350439229 -0.0002820536249151003 -0.016799715186939464
vn -0.9999173194064448 -0.00011115422159620418 -0.012858537855021925
vn -0.9999691749000919 0.0002487812078595594 0.007847761307552856
vn -0.9999944895996008 0.0003100759017205678 -0.0033052418019199575
vn -0.9999740417025937 -0.0007267818226962859 -0.007168522104414765
vn -0.9999981887002565 0.0004383433805835712 0.0018521477497148618
vn -0.9998965114450882 -3.056128865531079e-05 0.014386294378688345
vn -0.9997978102288992 -0.0004415870092822265 0.020103324660645145
vn -0.9998101207752862 0.00022402776181126456 0.01948517915928271
vn -0.9998653825605297 0.00015815920007072662 0.016407063806578737
vn -0.9997712564929692 -0.00032968271398988493 0.02138518178032758
vn -0.999774720864451 -0.00018594747106345238 0.021224347903933835
vn -0.9997528162271934 -0.00022908780339835468 0.02223182323998484
vn -0.9997524518664879 -0.0002646724071350638 0.022247807430455183
vn -0.9997608876355953 -0.0006390676081630243 0.021857702227788933
vn -0.9997618883359283 -0.0004781020631213393 0.021816004432432364
vn -0.9997563868695231 -0.00024231943744420102 0.022070527743725366
vn -0.999735069816685 -6.872335346597872e-05 0.023017068790982493
vn 0.9950762592049742 0.08722715403062119 -0.047060195137220005
vn 0.9987489647557803 0.001693381891307689 -0.04997637298791641
vn 0.9785654075199364 0.0007151847056517093 -0.2059350181882084
vn 0.7276640212352535 0.6831663265700365 -0.06155357374306302
vn 0.8130710673331993 0.5788200542346983 -0.06231199147349741
vn 0.8347019911992714 0.5086725673122253 -0.21100901675511644
vn 0.6284130802857114 0.7745166451250632 -0.07225625889873342
vn 0.6681349833594564 0.7076324247970849 -0.22989561845989342
vn 0.5336823894621104 0.8407038779373057 -0.09165204198046155
vn 0.6354533038798039 0.7391522355937612 -0.22327801325922483
vn 0.7916179882085648 0.576772200896876 -0.20167991723817835
vn 0.7456197896136261 0.6317168046023359 -0.21209669521127866
vn 0.7111312842232625 0.6700390606552057 -0.21293180550416277
vn 0.9473674783994426 0.31686549497858946 -0.04572875422592704
vn 0.92867452655502 0.3098623797458511 -0.20383554485429542
vn 0.888131452849895 0.45602120917027594 -0.05715924462074294
vn 0.9011352231455597 0.3829610348299084 -0.20321455510963773
vn 0.8734698784520378 0.45652704684526046 -0.16921414519988384
vn 0.9767515806922907 0.05900339503099759 -0.20609451470121035
vn 0.9736789630735591 0.10241778448690325 -0.20361697937252896
vn 0.9799467007898938 0.19232159587488254 -0.052123577881231405
vn 0.9653914618920422 0.158824124756328 -0.20686764537097652
vn 0.9503713193830973 0.2364515198954186 -0.20220047980451916
vn 0.6333906809855997 -0.7406526300298569 -0.22416495459918354
vn 0.6728261984781453 -0.7059736208518593 -0.22114735653577858
vn 0.7108189608909901 -0.6696984959440786 -0.2150356467381447
vn 0.9038776550980865 -0.3745943059234921 -0.20660176810492623
vn 0.8682475508218831 -0.45646082464812643 -0.19439574597545545
vn 0.8376474810984463 -0.5033798277247494 -0.21202699462386784
vn 0.7900331171469426 -0.5773236113082624 -0.2062646882941231
vn 0.7473631453011046 -0.629674939992173 -0.2120325422936141
vn 0.9495922827231502 -0.2374866221876035 -0.2046328440758211
vn 0.9290904214090256 -0.3081041557171424 -0.204604051953587
vn 0.9765438759065447 -0.058860719832425926 -0.20711705407868233
vn 0.9739102230569747 -0.10488091375604401 -0.2012433138139279
vn 0.9659622198658129 -0.15432370027384065 -0.20760824965713845
vn 0.8150027668778529 -0.5759918754375342 -0.06327597815440009
vn 0.7274468513837057 -0.6829317313790755 -0.06652314399899473
vn 0.5358348345938023 -0.8392029637356136 -0.09284080833984126
vn 0.6302266241384044 -0.772455402754076 -0.07827549414183595
vn 0.9950885477525845 -0.08556061184620942 -0.04978115940950607
vn 0.9472695427190109 -0.3167143756488214 -0.04870747062097798
vn 0.9807455328032596 -0.18715582379427947 -0.05577542027036142
vn 0.8912194545413414 -0.45022563162480955 -0.054997858822639085
vn 0.44357015677090383 -0.1721518601882305 0.8795505972119898
vn 0.24226284598233383 0.029871592930569936 0.9697506903283597
vn 0.21554383964461618 -0.001987331348284263 0.9764921421626332
vn 0.251797632833668 -0.0343479192209533 0.9671701879941049
vn 0.4595858986695178 0.2796635785332521 0.8429525992522398
vn 0.4237569785656684 0.2394085076418463 0.8735637295501683
vn 0.44328800310414695 0.1719817631679351 0.879726104785794
vn 0.47174734372621846 -0.2732793677106667 0.8383154721648142
vn 0.4292299415963497 -0.22981779205940372 0.8734674806139808
vn 0.3877665885167345 -0.17834756269066993 0.9043391065924281
vn 0.46928868043061966 0.09628938555521263 0.877779293814275
vn 0.3995118384333819 0.00010520089538264483 0.9167280293982238
vn 0.3554984170150929 0.0740223979170693 0.9317411443670233
vn 0.38811285151204217 0.18351444458365226 0.9031560569028728
vn 0.3364706182339748 -0.12461080831787681 0.9334129148000965
vn 0.35635799539558666 -0.0735199714747984 0.9314525177978661
vn 0.2936277582983364 -0.08564808015532621 0.9520751787135303
vn 0.3035456669680626 -0.004857054065840315 0.9528045114768903
vn 0.3445485284656106 0.12910072061645858 0.9298490820926227
vn 0.29762814321388115 0.10754933389644816 0.9486045694310606
vn 0.2801338517641925 0.03702137317496291 0.9592468102756442
vn 0.27152583892712984 0.0651936014001311 0.960220554420389
vn 0.2601249407528116 -0.014908699446802948 0.9654598623863923
vn 0.516028503105906 -0.005896925885586343 0.856551113622169
vn 0.4746958644431155 -0.09586426904067967 0.8749136404250989
vn -0.6407322211142061 -0.32484112679372473 0.6956582948326281
vn -0.7573119805135983 -0.34930917073808027 0.551780452180798
vn -0.7247937044867905 -0.42922698589351344 0.5389232603229188
vn -0.59865126855471 -0.4640977653503926 0.652862866806352
vn -0.6333832328535824 -0.5772178252805861 0.515407860357499
vn 0.14287425786126765 -0.01695587187894244 0.9895955966198601
vn 0.14545551244572755 0.00283957689228595 0.9893607181924213
vn 0.03909045686122411 0.0018725124300261256 0.9992339215016574
vn -0.04059110565958863 -0.8199637387072002 0.5709744559493382
vn 0.01748106884428826 -0.7825871862320949 0.6222955151512773
vn 0.0653892569588982 -0.34291204067770775 0.9370888844888798
vn -0.09125946318489386 -0.4012062013856435 0.9114303562801207
vn 0.04870334263958746 -0.4807955361513999 0.8754790898888555
vn -0.1030855400851056 -0.5308964452994921 0.8411434692094599
vn 0.049692205408481245 -0.6148840496665338 0.7870503733480626
vn -0.0771254176377978 -0.6419556816160609 0.7628529168817894
vn 0.08963661903140153 -0.7269909076634121 0.6807712513784256
vn -0.0348357362776769 -0.7486721117376232 0.6620245770243882
vn 0.1306919831391401 -0.11633837087860249 0.984573506145921
vn 0.031154157316290367 -0.14914698779064153 0.9883241343379662
vn 0.12085594727513052 -0.20252599789155598 0.9717906462743199
vn -0.09669670357436946 -0.29456545494247477 0.9507265328538925
vn 0.03883165878570969 -0.05443915175180736 0.9977617356024904
vn 0.13904371445217992 -0.046395906054115324 0.9891987997226636
vn -0.11339654754739911 -0.19140425514848552 0.9749387848041456
vn -0.2715145222142507 -0.35536662498460575 0.8944240750750271
vn -0.24924284729566523 -0.4652557085848653 0.8493616006749684
vn -0.382898622003284 -0.5114171955029959 0.7693120936342003
vn -0.3050211061911835 -0.5983826490024922 0.740878080490081
vn -0.7728464096480634 -0.2551352496337529 0.5810459805285815
vn -0.6957432599787007 -0.15575806454248387 0.7011995019423428
vn -0.7963838592767191 -0.15617174215078672 0.5842800147507247
vn -0.5678499263583937 -0.0038828652804291795 0.823122946158094
vn -0.8016289672045813 -0.027272782067627597 0.597199459390921
vn -0.21797995829486905 -5.986854586790099e-05 0.9759532438582927
vn -0.48987537040799317 -0.1479678460542129 0.8591435491241893
vn -0.4669123064632894 -0.2899524975828147 0.8354163316685993
vn -0.2980136918885542 -0.11863971720698797 0.947160206590205
vn -0.09744956733950394 -0.07696826066877648 0.9922597788255687
vn -0.2835341697994973 -0.24224187625271756 0.9278616534514577
vn -0.4277764401417932 -0.4078464498739605 0.806640310537988
vn -0.5206190322617464 -0.5514652916589051 0.6517989378193257
vn -0.47625087819362766 -0.6329740608708897 0.6103514883117874
vn -0.5142733185903133 -0.6902105325525725 0.5090504636473681
vn -0.37916669062717245 -0.7150058561963836 0.5873663646513261
vn -0.3524035350130218 -0.7959398459558382 0.49223115518028976
vn -0.1907903617597816 -0.7593795551454078 0.6220464042872802
vn -0.3998852515625089 -0.7636744479411132 0.5068462519784722
vn -0.2422114857622995 -0.675715285362188 0.6962344786727502
vn 0.1929500947796376 -0.03300427382412318 0.9806533428454071
vn 0.18566869008588324 -0.0024469062446530227 0.9826093578689458
vn 0.17231077177960347 -0.269101817044608 0.9475722716458137
vn 0.13900216109625477 -0.45105079504422674 0.8816073839870794
vn 0.0704721573407514 -0.6437444376128583 0.7619886968205272
vn 0.18474367254137058 -0.11790680794703291 0.9756883519319416
vn 0.18777556555681624 0.1492645231618093 0.9708040168360942
vn 0.15994294022924604 0.3116561457739678 0.936636910799558
vn 0.07216055318847515 0.32814658416692494 0.9418665902680232
vn -0.7958792553135268 0.13544450956403442 0.5901110029397384
vn -0.3922489531865101 0.7696800766534885 0.5037195036195908
vn -0.4626712838856374 0.6245105363339385 0.6292232299236196
vn -0.3075913565833689 0.5969421063111526 0.7409775158991042
vn -0.264891115595264 0.6808995528206655 0.6827946220111244
vn -0.03595254093686335 0.7541464385787544 0.6557214072905995
vn 0.03937842976048883 0.062318526353709686 0.9972791688101684
vn 0.13876580568666108 0.044995784159740614 0.989302497004825
vn 0.10156154833335508 0.12346569367847396 0.9871380219526675
vn 0.19655694706147842 0.015278576324272868 0.9803733634016045
vn -0.09647650224341843 0.07780838403258962 0.9922893428275408
vn 0.13837300462943494 0.014515591824977135 0.9902738051588524
vn -0.0898438148732285 0.19042033655660115 0.9775828273628254
vn -0.08830226467276879 0.28411710442256854 0.9547147118528109
vn 0.09081541538842292 0.22296710103342163 0.9705865402861199
vn -0.08966303311730177 0.3985385953954465 0.9127581982499146
vn 0.06284123813047644 0.471604708862589 0.8795680629541192
vn 0.11483711063510949 0.5010173462925813 0.8577843882555332
vn 0.02966978604109756 0.626693564066861 0.7787007644489958
vn 0.08824756584758071 0.6231921225302145 0.7770739640074571
vn 0.04051651387098982 0.7628829225704582 0.6452658820626564
vn 0.04565253725025642 0.7173975502743324 0.6951665992429447
vn -0.07560004534650597 0.6404970546667691 0.7642304339051149
vn -0.10263666113057184 0.5266223147394581 0.8438807104149397
vn -0.1948374322236001 0.7642957933403333 0.6147278383860492
vn -0.46542243507130515 0.7182421476422293 0.5172138573961212
vn -0.5576170475050533 0.6544053743561054 0.5107022952225619
vn -0.649288697831634 0.5420176690703578 0.5335176035367881
vn -0.5474187231393575 0.5774568623558077 0.6057031564014352
vn -0.5855969414572075 0.44410291148045505 0.6781215423289153
vn -0.6996150708602695 0.4641204229976477 0.5432595931795999
vn -0.6475763602061564 0.32371234193065374 0.6898225694944445
vn -0.7517711923906363 0.34975297749101975 0.5590285583292924
vn -0.7030832770940261 0.18883238379600525 0.685577301477115
vn -0.48995100544618064 0.14770174683314197 0.8591462077229434
vn -0.46706323120690585 0.28970514264907204 0.8354177807404181
vn -0.4280018213546779 0.4076180422962058 0.8066362082820775
vn -0.38317002352255497 0.511205227977641 0.7693178458621981
vn 0.19162438129183873 0.0527831360640933 0.9800479769081509
vn -0.24948816772070392 0.46512167056203285 0.8493629882099584
vn -0.2717174147053951 0.3552236540345052 0.8944192541309642
vn -0.2836646710231779 0.24209215822860297 0.927860841579991
vn -0.2980754014274625 0.11847732168403656 0.9471611158142179
vn -0.5609654273180409 0.10888157791265571 0.8206476657769388
vn 0.5634720442476595 -0.11795850879818727 0.817670499378247
vn -0.6235810225175472 0.12305702282581787 0.7720127443826407
vn -0.4386708425324847 0.0555177658180094 0.8969312513177456
vn -0.40625363337528436 0.05344337430035756 0.912196136317608
vn 0.38347620275502325 0.002754469191903883 0.9235466500508024
vn -0.43628150389327536 0.050851649822867766 0.8983721718034873
vn 0.10085519070435293 -0.0006539688444776844 0.9949009010111204
vn 0.09042014985165249 -0.03407594666913844 0.9953205646219749
vn 0.06892273729664777 -0.08422118739818785 0.9940605856167805
vn -0.7474756778778273 0.1549628079412559 0.6459617938671325
vn -0.6700415293275254 0.1311928679631359 0.730638611333974
vn -0.8691448184896765 0.49446450582347645 0.009598800617403772
vn -0.942090566297064 -0.269808823190455 0.19916968600331533
vn -0.6772295183218986 -0.7086886185510386 -0.19778933603637464
vn -0.9199394868906222 -0.3351446844298764 0.20344380294768707
vn -0.6898430650340893 -0.7075458024863306 -0.15328236365723114
vn -0.9121417500615686 -0.3562029898739898 0.20277292176089262
vn -0.08014664864822969 -0.9949514240030952 0.060400153846409864
vn -0.9145554552119771 -0.3476629931307705 0.20668517738185105
vn -0.15918347019669143 -0.9760384508007233 0.1483562111091512
vn -0.8885894022869526 -0.35352743075416165 0.2922793695211444
vn -0.09581028376089976 -0.9679316015645683 0.23222576131494468
vn -0.8649859284912571 -0.3434355258710529 0.3658570527976622
vn -0.16644969152997116 -0.9055337828242861 0.39026025720474816
vn -0.8304722347107858 -0.2710779814024894 0.4866544928110961
vn -0.19770414441658282 -0.861129742534319 0.46836805805187476
vn -0.7863205153795348 -0.19409902760734785 0.5865369677822061
vn -0.17029260177236016 -0.7567444403588036 0.6311404612030836
vn -0.7502979264564619 -0.17752343109211938 0.6368190111549867
vn -0.05050328522649496 -0.7256612902905238 0.6861961162490089
vn -0.7438004164800593 -0.14234682528434114 0.6530683898150019
vn -0.0671983838934134 -0.6800992983678524 0.7300337811099349
vn -0.7303611863198898 -0.09531671473323511 0.6763780462210954
vn -0.7018397313080983 0.020184282407239847 0.7120488651076422
vn -0.11806309023024253 -0.4601630062563476 0.8799494953680048
vn -0.7231869212542801 -0.05916023165837323 0.6881139033015418
vn -0.10226208193547741 -0.5257777724539132 0.8444526041120501
vn -0.19061559696995775 -0.5542023469721888 0.8102625826251044
vn -0.7229772478882055 0.02970848067988835 0.6902327905943682
vn -0.08203096091963845 -0.21528239771454505 0.973100411409263
vn -0.12788155144714175 -0.3971288588430963 0.9088096490868988
vn -0.7033391154856173 0.07150580765592697 0.7072489010945038
vn -0.6717401848641303 0.12886996751370305 0.7294913676745743
vn -0.0991183051600523 -0.05997789041372422 0.9932664366843963
vn -0.6809319312900203 0.11490653420337636 0.7232760146354995
vn -0.01669677207572891 -0.0074017423256887375 0.9998332020956272
vn -0.5909965007805966 -0.6859399220909805 -0.42451096493130785
vn -0.538848074759379 -0.7100478854156873 -0.4532932304202454
vn -0.6222529487576254 0.7111611554041362 -0.3271866115945059
vn -0.9502953211651676 -0.21088725818172607 -0.2290531966775086
vn -0.9533000154958865 -0.2453640988579764 -0.17611229215235283
vn -0.9466007381627622 -0.29612652412674817 -0.1274995067375718
vn -0.9408633498551406 -0.32193125450246796 -0.10552925790429207
vn -0.940154206020544 -0.3281791324741736 -0.09169801475702516
vn -0.6579145362617572 0.7066684151408112 -0.2603232875058453
vn -0.9279880695212288 -0.36619598524243335 -0.06883780370251641
vn -0.678072620085641 0.7040105655413962 -0.21115550074832842
vn -0.9153489219420538 -0.39775328233780693 -0.06267916311678849
vn -0.6787788452524013 0.7135857302383267 -0.17336287041362303
vn -0.9740124844758878 -0.0016222530267254013 -0.22648851710456666
vn -0.733857360670326 0.6688890480086727 -0.11849394771056686
vn -0.9844119775271445 0.17331268887345772 0.029929423257868255
vn -0.9324717850973594 0.36124263961329267 -0.0003540092724330654
vn -0.8481486786063144 0.5272782925072429 -0.05119981668921593
vn -0.9118633649396516 -0.40840188828469226 -0.041389628247103266
vn -0.9404130601456285 -0.3400342218045515 6.564531805107479e-05
vn -0.9899123896914288 -0.13845519987077373 0.030060245576987533
vn -0.9992050904138049 0.017397124698690567 0.035868194035359055
vn -0.9429237708254763 -0.18337784950045885 -0.2779700104774824
vn -0.1262814804693202 0.948108779735488 0.2917922711090213
vn -0.13902814729688404 0.9846658795987342 0.10537684666589194
vn -0.1209752613261805 0.9902581987109454 0.06894697986725777
vn -0.15691288514282298 0.8512081383522124 0.5008223753778537
vn -0.056751279134022226 0.9229125013023534 0.3808041586649046
vn -0.8044858522239965 0.2570343589731923 0.535477218823238
vn -0.22213824626468986 0.7868293414989778 0.5758074217155709
vn -0.7676123044194576 0.17562208747001326 0.616383186416149
vn -0.12200532055866885 0.7153380173435144 0.6880452184983386
vn -0.05574233707777264 0.6966765877559421 0.7152164175477554
vn -0.7423243234887934 0.14420865225138638 0.6543381873104641
vn -0.22580986259675484 0.5598306484174298 0.7972449755542864
vn -0.7315687843793308 0.11966225157040082 0.6711840725694034
vn -0.07446408902110543 0.5761385910444999 0.8139529613899782
vn -0.7285814299752907 0.11571987352959734 0.6751133317935994
vn -0.03881306006641176 0.5420647117387498 0.8394399291526864
vn -0.7227636251400865 0.07815595987443381 0.6866617712603974
vn -0.27743916101626387 0.3810101520129953 0.8819630241669011
vn 0.1425571682600138 0.5312704976837698 0.8351222138516765
vn -0.10541142797840108 0.4028804628014529 0.9091621217057172
vn -0.14228220951781922 0.30443154718831184 0.9418477615470868
vn 0.10464728005180594 0.38106318605086414 0.9186075304582058
vn -0.12637642599681176 0.18703474711522683 0.9741904343216554
vn 0.09488377207320767 0.2953268850982695 0.9506729725490849
vn 0.1343992992858265 0.25361425947644406 0.9579230844601739
vn 0.14601011833414657 0.22657032000593472 0.9629885437721764
vn -0.09757124898832138 0.11978393616806808 0.9879937550445059
vn 0.2090373211973507 0.12242042278393497 0.9702147383090192
vn -0.0988337196048544 0.04693684355074331 0.9939963926426304
vn 0.11990779056266118 0.032285084467450965 0.9922599433028175
vn -0.03648753172380263 0.0032132518411819226 0.9993289423614777
vn -0.10626278601408944 0.00990786771811447 0.994288717861067
vn -0.4148793613788954 -0.04105434768856517 0.9089497544076385
vn 0.403038823930388 0.08823260355572592 0.9109197078088649
vn -0.46014009918385024 -0.00850170081223474 0.887805615101851
vn -0.4338301831647561 0.03556603855507812 0.9002924130951749
vn 0.40190444121946994 0.22534527174384753 0.887520325756406
vn 0.6212440719471191 0.3964474181428147 0.6759328721984597
vn -0.9091823402191515 -0.2471034201173126 0.3351527592008669
vn -0.41208563985759966 -0.051573612339312985 0.9096843342244753
vn -0.5683875982493207 -0.08486814040289357 0.8183721261754481
vn -0.5983112401882344 -0.048522445083934655 0.7997932433995009
vn -0.6411059174774761 -0.0427367987792316 0.7662615536521894
vn -0.7133756130513398 -0.005174870532590829 0.700762766860937
vn -0.8682785208730046 -0.1229723128761711 0.48059361258392996
vn -0.9986134341081332 4.768069832025771e-05 -0.05264225437148635
vn -0.8357235831118046 0.17289794484723775 -0.5212220191994655
vn -0.7003972449226864 0.31260864210754996 -0.6416537510093618
vn -0.39518238426748437 -0.34423745842059067 -0.8516639333591616
vn -0.41462251321386806 -0.5021219979274949 -0.758921386398826
vn -0.6641309397527564 -0.3487228383909714 -0.6613036192609754
vn -0.6625410302103176 0.3518444164333859 -0.6612449545459694
vn -0.3295268831418943 0.2266224943338194 -0.9165447497796854
vn -0.7045489656116783 0.3263999612923262 -0.630137937537395
vn -0.36932013732003893 0.09452311804854785 -0.9244825668038785
vn -0.7322576994149663 0.1745126737202602 -0.6582886816272225
vn -0.7632242637591139 0.25949226630608396 -0.5917368392593881
vn -0.36444928773893487 -0.06915405562985161 -0.9286519440869795
vn -0.7288782185028272 -0.006987595320796488 -0.6846077096438353
vn -0.7986919408905075 0.07109681841495515 -0.5975252513223395
vn -0.3827798446558406 -0.2066304357182151 -0.9004351467819052
vn -0.7085492892109236 -0.16275606894787661 -0.6866355414478114
vn -0.8075802078386627 -0.08439848700600798 -0.5836875048331591
vn -0.9139444347353093 -0.23477181798221716 0.3310404260776633
vn -0.669927140654242 -0.3322385404455193 -0.6639391376153861
vn -0.7739318888828379 -0.265618913372888 -0.5748704412551133
vn -0.8556252425411978 -0.24110620743517705 -0.458010088385116
vn -0.9693146111010094 -0.22744155006271974 -0.09327124964943095
vn -0.8097129038050495 -0.37612103975887085 -0.4504419794627281
vn -0.9654416362171004 -0.22236493408506605 -0.13592749224418083
vn -0.9677905443258208 -0.08749563270581055 -0.23606350114098898
vn -0.9640206580445663 -0.2601762084257585 0.054520743139815336
vn -0.9716265173713239 -0.23475275100979626 0.028862720492100064
vn -0.9619363653605058 -0.21580267058846547 -0.1676533219590528
vn -0.9554863005317656 0.24051230828299422 -0.1708793699090278
vn -0.9713969097435823 0.2366633612920989 -0.019455003534936708
vn -0.9608380213179175 0.2699236508322248 0.06270183020672063
vn -0.98460324455945 0.08087036023591312 -0.15497237056429594
vn -0.9842743766073598 0.002033748551686813 0.17663469483943908
vn -0.9845946654309686 -0.07876572879575726 -0.1561067095680137
vn -0.9963893880904542 -0.0822197021741013 0.021168558645608907
vn -0.9792667268474499 -0.20250827973129013 0.005203299890998796
vn -0.9761488130652088 0.21618282209401507 -0.019962018506444506
vn -0.9803771165578231 0.12081275908460407 0.15577222657500348
vn -0.9895968515972704 0.053464857690363146 -0.13356489172278424
vn -0.8819968869951209 -0.07529027759852094 -0.46520196198001323
vn -0.8791401224872571 0.09892308143580908 -0.4661832997784616
vn -0.8491902522527904 0.2607757922889073 -0.45920790676439227
vn -0.9794472065305085 0.07146902215817763 -0.1886142849609686
vn -0.9295598804808118 0.033458096769938266 -0.36714981187661283
vn -0.60078599129051 -0.36671345709124653 -0.710336140891948
vn -0.6354693499695836 -0.2409000354554998 -0.7335842679384381
vn -0.6584351926859082 -0.07591307915382094 -0.7487992397472479
vn -0.6558246966824886 0.09804047273985751 -0.7485198948099289
vn -0.6294960420430094 0.2619770661619215 -0.7315071769007997
vn -0.8945131470804913 -0.12224350092292824 -0.43000320485115145
vn -0.9625873083413682 -0.2703274180188395 0.01867514089336863
vn -0.9741963800597104 -0.2036267524179731 0.09735275434349917
vn -0.9977220768671263 -0.05142944249091935 0.043653977791503686
vn -0.973623454492227 -0.22422895002127838 0.042175192174755155
vn -0.9581833240671912 0.2832688006563253 0.04054015360448313
vn -0.7896670591182259 0.6125222490846974 0.035248122216597726
vn -0.7808520473850332 0.3734045986690232 0.5008383829015378
vn -0.969079470005822 -0.1296583311194201 0.20993736681344247
vn -0.9753395183405295 0.21776736434493027 0.035919340048588884
vn -0.9734472211046438 -0.025343358858195244 0.2275043337728574
vn -0.925553356353565 0.13850450483497498 0.3523740720925269
vn -0.8468287628633744 -0.1403426940418073 0.5130155695652661
vn -0.37462812190714107 0.06901538843766299 0.9246029669188428
vn -0.9712978651930254 -0.18039005710127504 0.15504800666396834
vn -0.9621774622760927 0.16300980865262224 0.21827123807541335
vn -0.9534103118828763 0.300978835082615 0.02050653621917724
vn -0.9021250218575587 0.1319524871336551 0.4108028554887874
vn -0.9672221851247491 0.24564972391880624 0.06432307316289892
vn -0.9744371352535928 0.06180561738064104 0.21599151626619348
vn -0.7835433856262025 -0.033550143411637284 0.6204306171672115
vn -0.7536175572363089 -0.03457198606460339 0.6564033479536249
vn -0.3621480144243747 0.02684948268737833 0.9317338251495988
vn -0.8055815960503965 -0.05810520519642047 0.5896287622173616
vn -0.7890375696037268 -0.08031200187301998 0.6090728167542795
vn 0.5153241983581609 -0.09228745433240515 0.8520117348718639
vn -0.352225690357969 -0.020751747571559592 0.9356850047022119
vn -0.1703525230552966 -0.0880328964859101 0.9814429311095961
vn -0.3609170033553919 -0.07336069602733845 0.9297080858889788
vn -0.24444683262912542 -0.08181046773974293 0.9662053577712106
vn -0.7757544822652538 0.08271893928843994 0.6255897699997687
vn -0.7605902147117628 0.061913788385148126 0.64627332305497
vn -0.30164329536695983 -0.09106696618938466 0.9490617103377539
vn -0.8185407637801115 0.12059217910873272 0.5616480609492736
vn -0.6145945968417571 -0.5356700683389787 0.5790777662962306
vn -0.9594371986495525 0.05057133651141556 0.2773496020746172
vn -0.9892512754694499 0.1387397738017026 0.04618646065156896
vn -0.9100099809161065 0.04128877944195028 0.4125252371979942
vn -0.9850103358189355 0.053094351826468635 0.16412077301181363
vn -0.999631682690629 0.0002666892848796125 0.027137203944526733
vn -0.9079812113945945 -0.047553550470030265 0.41630371075946343
vn -0.990905221323051 -0.03204093353623162 0.13069131927118224
vn -0.9019071833154193 -0.11936648383901813 0.4151085101752985
vn -0.9838207362946886 -0.08101146936247436 0.15979330608104297
vn -0.9187652936673978 -0.14676398909998536 0.3665114822972393
vn -0.7589689954536858 0.05917050102029843 0.6484326609209548
vn -0.7586791980560037 0.0201478774200597 0.6511527758311142
vn -0.7579171279389165 -0.015162308349121157 0.6521746174011608
vn -0.7586952730534506 -0.049790414789249886 0.6495401429022416
vn -0.8218983377327109 -0.3157654275206586 0.47410475341943376
vn -0.6079372137308034 0.002448248714449992 0.7939813286466249
vn -0.6055597207700737 0.0008145289293493875 0.7957994478029584
vn -0.6047726745397051 0.0033098903475915972 0.796391271145019
vn -0.6082882143402488 0.005339035129478585 0.7936982694945465
vn -0.8606240092702933 0.10402276428984969 0.4985033391834245
vn -0.8421089387217231 -0.005237831485132056 0.5392820231069327
vn -0.790474831500852 0.06825157286377431 0.6086799352412732
vn -0.7892638710069864 0.04254795019640458 0.612578332833566
vn -0.8163917875493952 0.0325268789712544 0.5765816953097737
vn -0.8564660096852453 -0.5151804717798798 0.03248162173436186
vn -0.6589018007899577 -0.7517921687288744 0.025631073986207984
vn -0.9715630114949858 0.2331300143433406 0.041421143237097904
vn -0.9991481966804376 0.022602619207498915 0.03452539174564937
vn -0.9644305495850747 -0.2623542009393779 0.0323108074255548
vn -0.949595070591769 -0.3114592758591389 0.035529162516359826
vn -0.9642680348700139 0.14449338373666124 -0.22205589157743924
vn -0.5361801947073749 0.3722227385091082 -0.7576021592764516
vn -0.5938869796319253 -0.31648341480647096 0.7396867604439762
vn -0.41646013720386604 -0.4671762033214208 0.7799406061812141
vn -0.40579359288284617 -0.36376740157306214 0.8384538374460537
vn -0.8924971969570954 0.0007584747538458862 0.45105230089178755
vn -0.8626563768520552 0.07691482936271918 0.49990807605057613
vn -0.6760886842559561 0.04917614151511262 0.7351773922848385
vn -0.9818117133695853 0.18002317828499037 0.060310983829232424
vn -0.9880689308715499 0.05160937716899544 0.1451077531856271
vn -0.9860755766696149 -0.006096301361742685 0.16618601687685197
vn -0.13221081607703142 -0.004144793808007625 0.9912129543123083
vn -0.3451278159140382 -0.00058393450865288 0.9385555123182088
vn -0.34414449403703334 0.0066406853924624925 0.9388932146530363
vn -0.5350077434640795 -0.00033849254539795073 0.8448470866708782
vn -0.6981211118132422 -6.575244541493924e-05 0.7159796847098797
vn -0.24141540717794618 -0.28412188985797904 0.9278972749613164
vn -0.3596863882231163 -0.13909205575895567 0.9226478754930059
vn -0.20863721422349332 -0.5954668673674153 0.7758155210542629
vn -0.1134109400079669 -0.8373379062966448 0.5347926601639746
vn -0.1693989025828695 -0.9255733470467437 0.33855278914876474
vn -0.2750188065450039 -0.9328712403748458 0.23262825479304605
vn -0.2764572022046054 -0.9516499036176245 0.13391742341371365
vn -0.7338340694712912 -0.6716597714474151 -0.10178757243598302
vn -0.8821469574261569 -0.3441879619134572 0.32148311367416305
vn -0.9635011774857899 -0.021362297843281298 0.2668503948176788
vn -0.9078641323395134 -0.32148957264214945 0.2691229679789342
vn -0.9971632622032748 0.04444990812747002 0.060742359022203825
vn -0.9916551120062349 -0.11326671305743465 0.0615693961726612
vn -0.8945453268509213 0.44488384838229367 -0.04320902287414965
vn -0.9200473865524417 0.39180376265670586 -0.0016180439022054367
vn -0.8372818797898028 0.5080394807045603 0.202126049338265
vn -0.9358319748418331 0.3320396129706323 0.11818718323890891
vn -0.9294947758754895 0.34535485190533416 0.12949705743999854
vn -0.9037916714949733 0.1594027805994014 0.3971792644052574
vn -0.9064680973582299 0.41620009821945075 0.07136572506371848
vn -0.9043409764047124 0.2054086212508943 0.3741319242074618
vn -0.9459036920663366 0.29545925718727856 0.13405235051133882
vn -0.8956814992133392 0.15845883099484806 0.41550625849280676
vn -0.9543029278486539 0.2633907688833755 0.14117798966733894
vn -0.8922707283958886 0.1529111890618641 0.4248189208445841
vn -0.9608641293516749 0.23258224440857064 0.15048463214268665
vn -0.6810152210786724 0.01756868500868903 0.7320584744173326
vn -0.69538047007635 -0.04770509155695419 0.7170566407724966
vn -0.715904148308316 -0.1160263644478626 0.6884904742899183
vn -0.7730595285669984 -0.10692462713500375 0.6252568187583488
vn -0.24195666295729393 -0.0703479716975381 0.9677335047049952
vn -0.6712690321871287 0.05511023235514206 0.7391621937817963
vn -0.6563398373869196 -0.476918507082202 0.5846082068029799
vn -0.8032147658669908 -0.2597892909883927 0.5360555607220051
vn -0.6998141296474577 -0.5636307882880544 0.43883996905427564
vn -0.848446018612613 -0.32431619296111847 0.418280241564925
vn -0.7350051441850672 -0.5990183608129487 0.317717549767803
vn -0.7639535887200786 -0.596734871201931 0.24552476000055012
vn -0.9406282530362658 -0.3374363139605403 0.036813361849553444
vn -0.7921647368487145 -0.1328142270507485 0.5956806281778173
vn -0.6213806996484992 -0.37222608683886266 0.6894445346661102
vn -0.46409434389378346 -0.6594082398205476 0.5914365673701332
vn -0.4967760791047598 -0.7569246743928767 0.4245922332362419
vn -0.5259433835898526 -0.8008607720657507 0.2863661659908642
vn -0.5502875194841093 -0.81124333187674 0.19765602036252672
vn -0.8344368316766818 -0.5503795636815735 -0.02824021641315826
vn -0.43857082559927874 -0.5396935705426397 0.7186003624046565
vn -0.2355636442954944 -0.6617573551401172 0.711749234213977
vn -0.8643476363455127 0.4691468157383741 0.18111992940167854
vn -0.7171900126590227 0.6876382017521744 0.11310256068359752
vn -0.651702083677341 0.749866147586424 0.11395242355697204
vn -0.7764445945116791 0.6232523521627874 0.09322176343079547
vn -0.8672743239239382 0.4647217455099374 0.17851875619237612
vn -0.7964678014430613 0.600432797869206 0.07155065693208833
vn -0.878019933077124 0.4313075038702179 0.20749658846468946
vn -0.8534604313139705 0.5052948707769201 0.12760245196667216
vn -0.9030314289739851 0.4167720420977115 0.10409276252893798
vn -0.8891099857619111 0.4430252120423521 0.1149438763626981
vn -0.9036002004384371 0.2084910709036446 0.3742167167846294
vn -0.9158332417371036 0.2227599165695083 0.3341070081564496
vn -0.9361945800422544 0.2103714872169499 0.28157333976361426
vn -0.9415730505111821 0.22813138157542504 0.2477826936885518
vn -0.9756723538920548 0.21534456529116922 0.04111175075686544
vn -0.9275563764054863 0.28618538091303497 0.24028544762674486
vn -0.9527755169211286 -0.061406340016271904 0.2974022120991742
vn -0.9292270427770589 -0.06002926409603668 0.36460059026815916
vn -0.8927975343007173 -0.024134468104939598 0.4498111717108092
vn -0.19604003059330596 0.9782561711961695 0.06769911315214334
vn -0.5796109228733582 0.7995312298554036 0.15748330251743992
vn -0.5593535170882585 0.7997430769804679 0.2180244338206358
vn -0.8420626524407323 -0.5358951567857475 0.061211684326258495
vn -0.9033352238389528 -0.38771719422963097 0.1834689365274997
vn -0.8989529353633402 -0.4071656840972726 0.1615540952598681
vn -0.6753143170071136 -0.053856850279331805 0.7355610191705413
vn -0.3709909687553833 -0.0033353937815428078 0.9286304842348566
vn -0.9967271091502815 -0.07926161240091809 0.015895492585308143
vn -0.8850676907177863 -0.09876402122824457 0.4548635520222653
vn -0.9285845196807154 -0.29615102197739585 0.22366350169636293
vn -0.9237319520840477 -0.37269678224984243 0.08841034554625511
vn -0.9361861467956251 -0.3265932218620516 0.12997063507471587
vn -0.8611263298876668 -0.5038123167006242 -0.06807784893008521
vn -0.9140940876696877 -0.359677890544923 0.18725334160029258
vn -0.8765979222706517 -0.47817900314776346 0.05404556984053132
vn -0.8585524547180036 -0.4790088914249982 0.18286105225959134
vn -0.6734976826081209 -0.7306611312124021 0.11196063083469782
vn -0.875262475857077 -0.4593139302426196 0.15148040084980502
vn -0.7610800693230463 -0.6438513078040606 0.07882018471322853
vn -0.7910419906659419 -0.6086666877010689 0.06146081911489239
vn -0.9652550857809031 -0.08025854399325356 0.24867888026566376
vn -0.8942122348576039 -0.4213096990199977 0.15127001204021934
vn -0.9445880790544847 -0.08594764847417093 0.31680650660919046
vn -0.9152203409408052 -0.1227313552270477 0.383808209881353
vn -0.9010715958789269 -0.13473083109508438 0.4122106042457326
vn -0.965828176304863 -0.16047599592804407 0.20352736569445606
vn -0.9560677520401314 -0.20560523764396849 0.2089520034895499
vn -0.9710526082941767 0.08980574287814792 0.22134082423082316
vn -0.964240631160406 0.12255948195522648 0.23498761372091156
vn -0.8297152500690718 -0.5555275273133699 0.05442214806410022
vn -0.20381996852366324 0.6129640472709055 0.763369174897889
vn -0.12496354137501543 0.765594656562619 0.6310696753685603
vn -0.27514218362689347 0.8490562924303828 0.450999103184693
vn -0.48309428064315946 0.4438087088513007 0.7547540963503343
vn -0.4711729464619957 0.5821657488421768 0.6626304365159729
vn -0.653367405960832 0.41318240730852795 0.6343432281649605
vn -0.509235219741597 0.7026029232613918 0.49701974125709947
vn -0.6990437625729917 0.5213087820490373 0.48946396370554623
vn -0.5379637170490523 0.7760950217297475 0.32904643499826897
vn -0.7371630052560253 0.5845186575219469 0.3390112722176744
vn -0.761823556039762 0.6007381114834447 0.2423604564986542
vn -0.7839673372026815 0.5894730505289795 0.19472220443338423
vn -0.21569092908343235 0.9426254219706693 0.25482295219572204
vn -0.10810756000327626 0.9828964810924398 0.1490881045765795
vn -0.39738424310906095 0.27070819541362445 0.8768140260423174
vn -0.3503083774721094 0.1550704559873198 0.923708392487988
vn -0.21653949091563415 0.48384456352103705 0.8479416767827461
vn -0.4571112277870821 0.35843866036192024 0.8139846756474833
vn -0.3684561810289107 0.04410802702548308 0.9285981502315788
vn -0.6763212229496124 -0.05549054290661208 0.7345137187526657
vn -0.6840959634360597 -0.009882770720093942 0.729325060349213
vn -0.7014193882448562 0.06222396479284615 0.7100274783412754
vn -0.7234377563210125 0.13429056301111994 0.6772029661891446
vn -0.7533543751743343 0.1675509370240588 0.6359118405156866
vn -0.8881163219568087 -0.11995326890180368 0.44368976994481363
vn -0.8933331650994877 -0.14827457546233108 0.4242293087527042
vn -0.9493259079897195 -0.28341143892570964 0.1358612406301117
vn -0.8865511906790862 -0.15790348031885604 0.43484879809962373
vn -0.9610416612248767 -0.23997172912481465 0.1371586475982327
vn -0.8817579377238661 -0.14655324857870755 0.4483582101311205
vn -0.9718049306157552 -0.18916206401530272 0.14075826927174587
vn -0.9752802987581258 -0.16507710349988192 0.14689414132071482
vn -0.8131628451397355 0.18426610089747375 0.5520979907084365
vn -0.8584296472712588 0.2669676633235371 0.4379803733334551
vn -0.8949065883013486 0.3105417523328458 0.32047779684852706
vn -0.893922590426592 0.3739723681628914 0.24707705311430755
vn -0.9106456368380967 0.35280491984843415 0.21506560077910464
vn -0.9648397342738252 0.2622086622508836 0.018190783573464812
vn -0.9908146411290725 0.12445806462541205 0.05288229452249699
vn -0.9837840256854518 -0.16883514974389455 0.060528365392461494
vn 0.6707537936220528 0.3497387948806535 -0.6540429066177945
vn -0.8731762328595221 0.10629990419708571 -0.47567173211884684
vn -0.9255705191869308 0.3686480497101151 -0.08612682193697911
vn -0.6568224868910405 0.7452023119898994 0.11514223777214624
vn -0.9041831882078573 0.4262081749257134 0.02827284543103291
vn -0.9428929056810464 -0.3311290875581194 0.036145480897074075
vn -0.8059732971836154 -0.5893674829795854 0.055254087932744396
vn -0.8719678285914226 -0.4866533704413666 0.053297307057838084
vn -0.7251874757471339 -0.6793427450770209 0.1122343963797093
vn -0.8091479683760027 -0.5794009686547585 0.09784724214261055
vn -0.8366444488702867 0.5475076601467302 -0.016168743154210723
vn -0.8256543813754351 0.5600157870432468 0.06838977100327431
vn -0.9168707558903672 -0.38360591102208613 0.11042880974610818
vn -0.6956206873384834 -0.034166120792005955 0.7175963597571842
vn -0.7002229975924709 -0.06879752241176128 0.7106016145159099
vn -0.9981371149616534 -0.0010438264074609392 0.061001722618779154
vn -0.7276738320284747 -0.3033510188887234 0.6151983042240675
vn -0.7565715793793275 -0.3619673771596423 0.5445907299501517
vn -0.9842439720977991 0.16381058140166627 0.06655746997891951
vn -0.8799156465703754 0.46551404650801476 0.09510587481524053
vn -0.8771753395205247 0.4670298164183951 0.11156421609661492
vn -0.8410661216485172 0.5402958718781502 0.026232610364800846
vn -0.7625636462607257 0.6435555349852897 0.06582521394833599
vn -0.9157261070732745 0.395647038503448 -0.07006509650230314
vn -0.9260397934357205 0.37159825460295 0.06606843534978722
vn -0.952420455986493 0.24550386055356865 -0.18061874064386152
vn -0.8732121986349652 0.47290786518934 0.11772258575630742
vn -0.9536960181833802 0.2058733318398974 -0.2192716947950767
vn -0.9223435370032442 0.37241005330952687 0.1029230389288047
vn -0.9514715113053407 0.16943007526344053 -0.25689572353497064
vn -0.8256776543684248 -0.555555693051421 -0.09805245022339569
vn -0.82700996643487 -0.5214595745372623 -0.21008195434356677
vn -0.820079394291408 -0.4630158273781756 -0.3362828135006915
vn -0.8192592271050786 -0.3491064769600458 -0.45490546990307135
vn -0.9466285556357693 0.1379783228397801 -0.29130115015436964
vn -0.9474604167179907 0.09960294885859025 -0.303970411933866
vn -0.7859983457661116 -0.3049061573434548 -0.5378092930277277
vn -0.9449927578680734 0.08289337211033955 -0.316413300031888
vn -0.9451533173701722 0.040457231086886314 -0.3241117386287343
vn -0.9256473469728399 0.36544434650399554 0.09811941016134634
vn -0.925652678549019 0.36922450618165065 0.0827066063258697
vn -0.9620949524434179 0.2625636421745505 0.07371320296210349
vn -0.8086062909809922 -0.545096290653659 0.22141793084929837
vn -0.8264804763285104 -0.5521166491083395 0.10998739939273725
vn -0.8240482452005793 -0.5662876058679833 -0.01621224913926635
vn -0.7496477241123123 -0.4069607820068558 0.521930274693468
vn -0.7585700883516769 -0.4590382816195468 0.462444890842036
vn -0.776545779573384 -0.5064621616788052 0.37479691969705015
vn -0.7836773695415847 -0.5485697265686564 0.2914121403798613
vn -0.9948700150587094 0.07913055052980504 0.06302387730006201
vn -0.7343825098372504 -0.13274009684953683 0.6656293232224048
vn -0.7131915020907932 -0.1937754817932089 0.6736534301859434
vn -0.7208764880716804 -0.2556141985473066 0.644203749171377
vn -0.9835200447621703 -0.1690369234975655 0.0641470189915074
vn -0.7140800144117267 0.1765798585279475 0.6774284365008589
vn -0.7115872903520357 0.12297614726585374 0.6917516862379841
vn -0.9943260223005779 -0.08638341559039853 0.062077909813775645
vn -0.7271425677691725 0.06416356012241997 0.6834813265119034
vn -0.7445804682052382 -0.03442226481584532 0.6666446085075736
vn -0.9634461201027206 -0.2588041884475457 0.0692240254609738
vn -0.777449133215257 0.45734256075284935 0.43175297032779286
vn -0.759339127801138 0.3975671263349189 0.5151159763082499
vn -0.7374638170251774 0.35852297016987444 0.5723708574335585
vn -0.7331295201027872 0.3113098644349779 0.6046546742226777
vn -0.726332338288559 0.23563271528967963 0.6456923089533332
vn -0.827070670432919 0.5366010546692529 0.1673720832083038
vn -0.8082815102545194 0.5084865433490389 0.2968542326018265
vn -0.931210894209208 -0.3554183899525885 0.08077152090679665
vn -0.786549665324332 0.49449376248252397 0.3698858511001178
vn -0.8447767066023676 0.44123631786711165 -0.30275869562595686
vn -0.852334133444639 0.500793408509465 -0.15077296494613462
vn -0.8186188810305989 -0.5581596419304271 0.13535487335263371
vn -0.7260102220578302 -0.6743067066543132 0.13498008308100184
vn -0.8810287156774838 -0.4564975403915974 0.12409028071571615
vn -0.8183624100975018 -0.5608086970162939 0.12560482112679747
vn -0.8589272794747672 -0.5113774262514541 0.02714878440213617
vn -0.9107554547252095 -0.41152475797111193 0.0342326637160289
vn -0.9423585638369423 0.3325106399078353 0.037376617172469505
vn -0.9540928747447688 0.2962809292694545 0.043867953137701886
vn -0.9924702653504047 -0.10221764809209112 0.06748573785488736
vn -0.979072648504218 -0.19473595389997492 0.059115625765127675
vn -0.9543869030516264 -0.29386400856223366 0.052816510252576276
vn -0.9851855899231226 0.16126739033806953 0.058328228340809946
vn -0.9935730690507834 0.09608345979870807 0.05983749000515617
vn -0.9978768809373697 -0.000265766270784568 0.06512802667819473
vn -0.8818662115170234 -0.46262637969649634 0.09104294477621831
vn -0.9280992626693904 -0.36773398353838077 0.05833931764708628
vn 0.3566995363505031 0.403715839304944 0.8424838051034815
vn 0.3910022755006278 0.4311284107287893 0.813170040038244
vn 0.32664663552138024 0.5478915320978802 0.7701407952822653
vn 0.3218168504496617 0.28850817523586286 0.9017743329618185
vn 0.33250431923982293 0.20004584185605737 0.9216412202386367
vn 0.3865386390857794 0.2649958476304306 0.8833827490008752
vn 0.46801361859392293 0.36338669125786177 0.8055515907918532
vn 0.4187088747953086 0.3206377167551909 0.8496318807352186
vn 0.3307688900758084 0.15331252359404146 0.93117517764771
vn 0.19119979421893946 0.7376901529236524 0.6474997119459693
vn 0.13556041073782676 0.7396178673108555 0.6592334832175418
vn 0.2713196901951817 0.6416879868960936 0.7173716980656748
vn 0.20669569269055904 0.6249660224605632 0.7527910476307437
vn 0.25897820277993044 0.5046955914157667 0.8235366722194991
vn 0.2976417426977532 0.3804927259330675 0.8755767690590404
vn 0.22736090543033097 0.12416374779309339 0.9658625069935541
vn 0.2324009083588777 0.06811246975185221 0.9702321934765262
vn 0.09404355256226746 0.7525360157615424 0.6518016225840588
vn 0.15549118171021806 0.6185367798851437 0.7702173357823603
vn 0.19173314426271607 0.4732020671211075 0.8598361501259666
vn 0.22093995183678602 0.3412996773788595 0.9136192138431881
vn 0.24592776562956967 0.22129516601189833 0.9436884992370173
vn 0.26467979593609486 0.1422391483522529 0.9537885668738396
vn 0.2764016621636607 0.08865714734505503 0.9569441108956169
vn 0.23148308960004266 0.0386151578280055 0.9720722446480697
vn 0.41430389316861405 0.48985539582688564 0.7670684293364021
vn 0.5843550378765693 -0.6896302166535119 -0.42771410309540114
vn 0.39995986243038856 -0.91097256420164 -0.10080226047343224
vn 0.5586859628670562 -0.8190528404698428 -0.13047007094959595
vn 0.5009800908580351 -0.8561446382192304 -0.12663059271889165
vn 0.2543210240976042 -0.9601452695930879 -0.11593911324467854
vn 0.07681024822407687 -0.9884704762650235 -0.1304848777450979
vn 0.1650321011037218 -0.9756351071227302 -0.14457020216804753
vn -0.35994642523611853 -0.8811825699309895 -0.3065221842045956
vn -0.6536267201496717 -0.5160578972977174 -0.5535850046226333
vn -0.6906587358552991 -0.6159691713409732 -0.3789096073528291
vn -0.6968368801578035 -0.6143343810633946 -0.3701508215516952
vn -0.169838100260168 -0.9784991029823921 -0.11702360942421561
vn 0.5644910943461016 -0.8008957344309964 -0.19978945661414524
vn 0.9388997129294934 -0.3401963601094241 -0.05228542463453785
vn 0.9021599460719782 -0.4302629971463297 -0.0313238725266034
vn 0.9918469965468966 -0.1144820477281934 -0.05597674685849977
vn 0.9981353546492908 -0.0017663707234887424 -0.06101388148283717
vn 0.9659154226603962 -0.2539541831402745 -0.0501464767689998
vn 0.866079795560745 -0.499096104652442 -0.02844057035674324
vn 0.7337231657119138 -0.6793513099391952 0.011494075934464347
vn 0.7150601637457293 -0.6987585037071401 -0.020628032404699088
vn 0.7846646069383159 -0.6197090182805639 -0.016192198123727627
vn 0.6279383221918078 -0.7697565656043328 -0.11475318397308094
vn 0.6506078007407894 -0.7554290286609149 -0.07769473773467603
vn 0.4653549592239694 -0.8750571613963753 -0.13311546196657725
vn -0.5921021254573647 -0.8050523967386458 -0.03613463067796863
vn -0.5873056922722716 -0.8060257392488569 -0.07344747438082251
vn 0.12518326372225372 -0.9730166322894538 -0.19382410523960789
vn 0.13510585989101304 -0.9701704934242036 -0.20128492321122188
vn 0.17267583196810024 -0.9589196522885959 -0.22506922825842476
vn 0.20933981635859997 -0.930789025163957 -0.29968088347653815
vn 0.24432198845130465 -0.91480344657701 -0.3216231025439934
vn -0.640369541250444 -0.7577885065730736 -0.12523350168563724
vn -0.6443341307431725 -0.7583555750699364 -0.09864253504338985
vn 0.2844568084922253 -0.9520943570903003 -0.11225265831696274
vn -0.6222021963126415 -0.7758531946843406 -0.1044808461002677
vn -0.5922831286649706 -0.8020553196664051 -0.07686325320759442
vn -0.5919078045077139 -0.8026820111111259 -0.07312140590453908
vn -0.591348041941033 -0.8033444009579674 -0.07032259055232938
vn -0.5900521926763969 -0.8050271825320373 -0.06139743726171329
vn -0.652795656879414 -0.7397874744621292 -0.1630101928970053
vn 0.22990054403983537 -0.9642395563192716 -0.13186287528869448
vn -0.6604886802505827 -0.7232519932616125 -0.2016463674454566
vn -0.6713063955692362 -0.6997805273799036 -0.24424360128311265
vn -0.6169543872019304 -0.7253087062489448 -0.3054415897545267
vn -0.6846655767273475 -0.6066917884918217 -0.40392836223915135
vn -0.2875754746890854 -0.9124461974850905 -0.2911052782969531
vn 0.2276019987824815 -0.972357697031805 -0.052132899144626973
vn 0.06540162921304452 -0.9778249674435602 -0.1989496417194056
vn 0.09541474627244013 -0.992014397931443 -0.08248309214913324
vn -0.08005634660752665 -0.9687199758328842 -0.23488846244588435
vn -0.027190452276865087 -0.9929230339789831 -0.11560505135568666
vn -0.1788852146088162 -0.9508414367191288 -0.2527857634683191
vn -0.16170196469391962 -0.9690842009001248 -0.18635526872050837
vn -0.2820122040349748 -0.9268456558717489 -0.2478431902776494
vn -0.6792380007406976 -0.5381379085653046 -0.49904241274138206
vn 0.34896965329447005 -0.9365405075592951 -0.03334754533867809
vn 0.30214337028267807 -0.9390262635059304 -0.164131228717497
vn 0.21326005495571335 -0.9617837976184896 -0.17173257000010914
vn 0.6584780413464797 -0.7522913502541431 0.021549788799472766
vn 0.5147768171542035 -0.8457151183393911 -0.140608559955565
vn 0.5473277305528581 -0.8366359504107984 0.02174032769021851
vn 0.4389132510662968 -0.8859564062065213 -0.14978786446184267
vn 0.36157452636654697 -0.9191432938944198 -0.15633127381213
vn 0.5723669512168612 -0.8071616865967131 -0.1445201883650332
vn 0.7439978470417565 -0.6680075784305041 0.015266917064194209
vn 0.6530616143574582 -0.7423622293485372 -0.14969585261288945
vn 0.8074596677097651 -0.589921891619051 -0.0010231376430005757
vn 0.7329696581899644 -0.6630120011813545 -0.1522188111318123
vn 0.9728320546914236 -0.22678902471984655 -0.04652452720322503
vn 0.94893348947878 -0.3143478206551581 -0.026658585764789237
vn 0.9144402336548288 -0.4042941741080931 -0.01858170755223639
vn 0.8672128535674487 -0.49787654361484784 -0.007798328380817133
vn 0.6144529128862798 -0.7886614455968017 -0.021464903324471526
vn 0.49413540826898616 -0.8688090110653679 -0.03164017361614235
vn 0.5286092116026092 -0.8443787039186555 -0.08716023048110713
vn 0.3903265831166361 -0.9150459737978728 -0.10166623996585428
vn 0.4264295678793832 -0.8934941499059776 -0.14080492790380955
vn -0.6634804614447064 -0.6565492820492935 -0.3587989932004777
vn -0.648402529846045 -0.6900006833354025 -0.3216725295792702
vn -0.07944000333255713 -0.9881125246785658 -0.13161658118897399
vn 0.05045560939290152 -0.9929124350346865 -0.10760635591952812
vn 0.20817271521606945 -0.9755250422941193 -0.07081675293760713
vn 0.35638561599210067 -0.9330819912349626 -0.0484488425757363
vn -0.6841746955337602 -0.5709193887472845 -0.4538237957001743
vn -0.2386683817441969 -0.9581859897368896 -0.15785123574918203
vn -0.1095315594608806 -0.9884385367085529 -0.10484320021595234
vn 0.02692243322692179 -0.9978595058051347 -0.05959521174955564
vn 0.1663577522337403 -0.9858015129661394 -0.022813927882067028
vn 0.3037817587952741 -0.9527344210728873 0.003710246105090699
vn 0.43992426279607366 -0.8975130991592388 0.030608492953902656
vn 0.6389798946450304 -0.7689559581758001 0.020283703442979847
vn 0.5279790004927075 -0.8490599193074654 0.018314706230839712
vn 0.40029711515354643 -0.9163572187619667 0.007187991554061689
vn 0.25953046957835 -0.9656351044010429 -0.013884542082041273
vn 0.11247141485570078 -0.9926824865218458 -0.04395067454729714
vn -0.03374003057765418 -0.996147220922648 -0.08094643033947958
vn 0.798599801195968 -0.6017941198625824 -0.009066136364517908
vn 0.98965209953511 -0.13271946922404873 -0.054536816689604556
vn 0.26373722787295517 -0.1883250200107822 -0.9460319029883862
vn 0.2708983601047733 -0.7863672981083515 -0.5551941560916464
vn 0.516779970678467 -0.7221494639169578 -0.45982454661535094
vn 0.28655821088741756 -0.885617427064392 -0.365467050023458
vn 0.0009012559014911085 -0.3250091473213495 -0.9457104429450113
vn 0.006953643042703424 -0.3342072316548279 -0.9424739641804704
vn 0.17444754734806864 0.9628206726559081 -0.20626295239491677
vn -0.5978649208477338 0.7943602077762151 -0.10746811955859881
vn -0.6238814568514462 0.7775235561319122 -0.07892431473824879
vn -0.6395472371694436 0.7596331529597465 -0.11805424326709259
vn -0.6490927500949111 0.7483921910944125 -0.1363368258510144
vn -0.6774521631581781 0.7183037664873363 -0.15842432162522205
vn -0.6907932643341559 0.699926429266211 -0.18140468451837893
vn -0.6899731932198063 0.6947983874057679 -0.20295860044947117
vn -0.7075621452341002 0.6686847465499125 -0.22850934414854362
vn 0.9934794051336562 0.09266223498776303 -0.06642576143597557
vn 0.9840839069045029 0.16845528213009356 -0.056583408292893926
vn 0.724605511975148 0.1932513690733457 0.6615139910587766
vn 0.9660807599123294 0.2539858283552689 -0.046681520132741135
vn 0.9385536799906886 0.34380063678631084 -0.030300361734860514
vn 0.8729060753542894 0.4877554408039921 -0.011384795811743235
vn 0.8007768843707862 0.5988836517083813 0.009734124195367422
vn 0.7232504760625063 0.6901586425003341 0.024285737737493228
vn 0.9015511572574819 0.4323004982141841 -0.01793850861870266
vn 0.8411788215981354 0.5406179983585641 -0.012262542377178163
vn 0.7643848764881142 0.644741880366597 -0.0048650074609719275
vn -0.647707985086574 -0.2545712283962873 -0.7181001710958546
vn -0.7000431086416253 -0.4889473751483975 -0.5204518329095038
vn -0.6914546883900269 -0.5780008379069514 -0.4333652562011782
vn -0.6883641543076676 -0.6534709865336694 -0.31484990205334784
vn -0.006292684263751202 0.3575671114416805 -0.9338662446731918
vn -0.6416985619287994 0.28786459959307514 -0.7108846094266138
vn -0.714807692691371 -0.00022851872319211257 -0.6993210351822912
vn 0.6028488416556339 0.6879634624752053 -0.404078641372675
vn -0.7161759414427117 -0.6861077668190957 -0.12785989679785795
vn -0.5723997643522689 -0.8105054809127353 -0.12425528230172925
vn -0.37299211106042496 -0.9190282273706426 -0.12753039787698411
vn -0.15038264564552725 -0.9799911233281151 -0.13039347409571803
vn 0.08591489028900973 -0.9873912964288718 -0.13295510280970532
vn 0.6006919164903226 -0.6901302789069667 -0.4035956139491308
vn 0.5911775357951476 -0.6784457979882471 -0.43614266056333845
vn 0.3058467052773007 -0.9440398651298517 -0.12347682339869037
vn 0.6105592912927902 -0.6124124532855655 -0.5021636574631827
vn 0.6139847419206523 -0.6159765266451256 -0.49355410575826125
vn 0.6022775116334579 -0.6361141813694653 -0.4823075235171697
vn 0.5949770730629684 -0.6541808194335311 -0.46695796172107085
vn 0.5880117539925427 -0.6735640108164951 -0.4478322236054593
vn 0.6632310716172524 -0.5339700286311646 -0.5244049524604668
vn 0.6490246268385937 -0.5512593493667058 -0.5242901520082371
vn 0.5205008621755968 -0.846098196491377 -0.11487686611541773
vn 0.630135159446497 -0.582405014825485 -0.5135504644486891
vn 0.6168707599938092 -0.6054910777620063 -0.5028429379192516
vn 0.7329965340593154 -0.4215590115404273 -0.5338577346504296
vn 0.7160193589479186 -0.4444420016681027 -0.5383192219910615
vn 0.7106665563801057 -0.6928237547885073 -0.12226320151049574
vn 0.6959162694517497 -0.47808481488427584 -0.5358502175882991
vn 0.6767671239029182 -0.5146924774893034 -0.5263819085227901
vn 0.7473141499749397 -0.38900042641924937 -0.5387023570515312
vn 0.8477140241573818 -0.5150006974008656 -0.12710316645748876
vn 0.762295144277339 -0.34736277886744493 -0.5461183139839549
vn 0.9428998605491336 -0.3062772422086784 -0.13089730280441525
vn 0.8212274677111515 -0.16722073248060823 -0.5455480482096681
vn 0.813263531364486 -0.19707719544913396 -0.5475061712770637
vn 0.7965414580035131 -0.23822499531260258 -0.5556712672884466
vn 0.7881327508945855 -0.28255232238754074 -0.5468189390289445
vn 0.779170942958412 -0.3149593157631596 -0.5419347479755301
vn 0.8249478663301669 -0.12245463693941164 -0.551784269193443
vn 0.9882366601140721 -0.07792933927882212 -0.13158769580074714
vn 0.8330658562074668 -0.07662918202617326 -0.5478405312527725
vn 0.8334390220197159 0.08777382767518041 -0.5455961434523408
vn 0.8332757746939079 0.04707898750669458 -0.5508493916159044
vn 0.9793224637743362 0.15369597970047527 -0.13154868973454217
vn 0.8342470198507554 -0.0001652695629257436 -0.5513908618721431
vn 0.8374234438212536 -0.041125668582518336 -0.5450051881608035
vn 0.7999725920362077 0.24311243627250587 -0.548580163076025
vn 0.810366845829163 0.21065246021319653 -0.5467459338550416
vn 0.9180530579068478 0.37494368474645773 -0.12882474970530658
vn 0.8167425518647005 0.16783246400789056 -0.5520542255961611
vn 0.826410741934514 0.12365904668011918 -0.5493211499563896
vn 0.7849787703486489 0.28330444123410947 -0.5509509267429831
vn 0.8059261740377824 0.5794208296117276 -0.12146812015043137
vn 0.7739176018097899 0.3277911541242737 -0.5418528443100212
vn 0.6806604035885386 0.722038732650354 -0.12394145206248908
vn 0.7112900009765378 0.451402767689254 -0.538796878084198
vn 0.7239191439431671 0.4277226533059903 -0.541289575810837
vn 0.7417194406486751 0.3879273359718052 -0.5471422606321275
vn 0.7609839887140529 0.355881137910744 -0.5424499835009716
vn 0.6946215721861173 0.48073408479542923 -0.5351594259373443
vn 0.671555379598056 0.520334910157822 -0.527508249607494
vn 0.6530550515271969 0.5470054969386576 -0.5237404758023791
vn 0.613351620889715 0.6122470980842146 -0.49895218211710163
vn 0.6248646863789187 0.5937617700338023 -0.5069428805722611
vn 0.6472321269175979 0.5497282195179579 -0.5280998566098444
vn -0.24768763200025812 0.5993190325751725 -0.7612276493581037
vn -0.46002344846971466 0.34946722875980635 -0.8162420491992392
vn -0.3123642216292606 0.5428899931063724 -0.7795505425762395
vn -0.37474787675261845 0.4767338940410829 -0.7951659091924337
vn -0.4229946303340005 0.4109479743473717 -0.8075873358890628
vn -0.46176304256085 -0.3507374437841146 -0.81471353128123
vn -0.4155589626178556 -0.42369803264996553 -0.804854474868917
vn -0.358391766804994 -0.4934448826413817 -0.7925070909975682
vn -0.21981064818372967 -0.6190519851939168 -0.7539614834807672
vn -0.29676932443704573 -0.5536063781050776 -0.7781053567445463
vn -0.2567241564575546 -0.585553758511796 -0.7689079940954356
vn -0.5179617205619393 0.2433300926755672 -0.8200647060025296
vn 0.4059026237322513 0.00021958995131640338 -0.9139163046075542
vn -0.5428480520010746 0.17508052081871994 -0.8213785994707217
vn -0.5554353235017808 0.08828940907741617 -0.8268594691065906
vn -0.5043685047414991 -0.2695950988879244 -0.8203236520303645
vn -0.5356257482284821 -0.18115525660602416 -0.8247956297402916
vn -0.553157984398353 -0.09521155896864995 -0.827617667365258
vn -0.5587657667860249 -0.00149737162918181 -0.8293241680707427
vn -0.48910127508401396 0.2974739758536143 -0.8199324218501395
vn 0.851259498121823 0.4729691760400541 -0.22728269923901925
vn -0.8696586459032973 0.4931594538214083 -0.022081501584213608
vn -0.8860590067530494 0.46177191795286365 -0.04081828440703183
vn -0.9752490188961129 0.003119792142821176 -0.22108735386528747
vn -0.979523675314464 1.5355404829305452e-05 -0.20132900750427377
vn -0.9904623959511355 -0.0007525596260072626 -0.13778126092014564
vn -0.9997439766407255 -0.00812110931826571 0.02111939284234563
vn -0.7064188785747898 0.6813807842526277 -0.1915531123328738
vn -0.7005468902323249 0.6725342059409777 -0.23860384830332781
vn -0.6877991760263318 0.57041671631506 -0.44895106994620637
vn -0.694541123561324 0.6448638313097301 -0.3190035528810134
vn 0.005281846588732683 0.35735851539363955 -0.9339523508039727
vn 0.13821849877974268 -0.7399879805976253 0.6582654746879277
vn 0.2292047842621247 -0.035673617309193745 0.9727242979896359
vn 0.22165911195840915 -0.13317180171794862 0.9659878411827991
vn 0.347124288843598 -0.40838147916407097 0.8442329628547987
vn 0.38181003898220217 -0.44068897301003707 0.8124126557358446
vn 0.4200328170797322 -0.31817043046618854 0.849905882879407
vn 0.4996639891096543 -0.36047101446889707 0.7876525539314853
vn 0.41260363420364443 -0.5044884389062883 0.7584521448660038
vn 0.326636041673535 -0.5529522288797528 0.7665198815795701
vn 0.2725551364006371 -0.6380214400605418 0.7201682717564711
vn 0.2539795721784918 -0.5047344813781838 0.8250681670164752
vn 0.19033441001822743 -0.7374340516096168 0.6480461649370656
vn 0.3809679990946323 -0.2620426103687029 0.8866775366597421
vn 0.3216185013101982 -0.19940962083778524 0.9256334818557034
vn 0.3108757617536815 -0.28747266915580866 0.9059336207705856
vn 0.28824069311759204 -0.3796323023659228 0.8790885153563539
vn 0.2308830152787778 -0.06612743021944816 0.9707317838766544
vn 0.27030284694687257 -0.09200853408208506 0.9583688228383066
vn 0.27401128028022315 -0.14246466462871663 0.9511159958761183
vn 0.2576329036597707 -0.21924815769628017 0.9410396018758309
vn 0.10041657370700743 -0.7481531297880079 0.6558836833717955
vn 0.15452801746078607 -0.6160156458016924 0.7724285183414469
vn 0.19475857760658238 -0.47256897013118976 0.8595043134957541
vn 0.21127762235365408 -0.621362101924562 0.754500433786805
vn 0.22461916831983278 -0.34217463929397746 0.912393963947232
vn 0.3246263825126677 -0.15729230740187458 0.9326718832520542
vn -0.6848817412573649 -0.7274494133867919 0.04188497887658906
vn -0.7902119121857053 -0.6104861379409727 0.053589264052857334
vn -0.8359072378426845 -0.5454472500875613 0.06120773720806038
vn -0.8399546416500396 -0.5396743745083796 0.05681346204503706
vn -0.8849554948685125 -0.45943085907770714 0.07600695908366585
vn -0.9331987492512152 -0.34896468562561733 0.0858122519351504
vn -0.9342913833115661 -0.34752914875115587 0.07951793406557368
vn -0.6034899328408755 0.731852647004103 0.31653057361462444
vn -0.6020313334425477 -0.7352529532567554 0.31138620438389303
vn -0.8488100436059007 -0.5259591467533505 0.05374463526935845
vn -0.8889611011410478 0.45303574074491554 0.06713254252448479
vn -0.6387170346014903 0.7476154290609446 0.181966260443793
vn -0.9488202498943036 0.3156483646213968 0.01030743917513382
vn -0.7422930027698486 -0.6696208373295023 0.024678578829789577
vn -0.8046546602696456 -0.5933708515127646 0.021021662193033593
vn -0.8566064240117423 -0.5156785140783202 0.017352361792874627
vn -0.9015888067490979 -0.43240995186498105 0.01261970969802853
vn -0.940003590468501 -0.34108975016566906 0.007143685200788852
vn -0.9729434597339396 -0.2310419870568049 -0.0007901758001151941
vn -0.9999608763594635 -0.0008633379295752665 0.008803431037550694
vn -0.9906091648928048 0.13655868891460088 0.006723608577628133
vn -0.989433408793241 0.14237519348484393 0.02740134748403109
vn -0.5549648389678595 0.7935686916372442 0.24952506720273657
vn -0.6351832588423544 0.7615524806463756 0.12876353096959842
vn -0.7546426495338006 0.6531890901373031 0.06211669687135312
vn -0.7431370534992843 0.6645296353025508 0.07840716498548377
vn -0.8063347669237648 0.5888273740888544 0.05573658738765848
vn -0.9347149406831373 0.34669350190124565 0.07817669347810631
vn -0.989292546833061 0.10981226413575214 0.09613284259781203
vn -0.995683687484368 -0.0002850560812102356 0.09281116969719695
vn -0.9895281678716711 -0.10906080264144166 0.09455023170642285
vn -0.9720144387431082 -0.21620354223777768 0.09189101805267876
vn -0.9357848968859238 -0.34216610844831513 0.08502341436061522
vn -0.8915121089135934 -0.4482329969501976 0.06552358434549638
vn -0.8461510757834293 -0.5294799884151912 0.06065722395885284
vn -0.8059363695801296 -0.5892638127314465 0.05687466213701514
vn -0.7536573177547511 -0.6541204904114514 0.06424197551909815
vn -0.6297963711892922 -0.7654095562531634 0.13230548753976445
vn -0.6726562323738466 -0.7342716436668218 0.09153549232645042
vn -0.6799303713808598 -0.729876094330329 0.07053777001713983
vn -0.5207347247727823 -0.7902370392788576 0.32304917298702357
vn -0.5490257445305781 -0.7967178910239948 0.252609053608382
vn -0.6915304161002965 0.5864093470412933 0.4217935055341116
vn -0.6335724883943028 0.6644226082580902 0.39639437380639947
vn -0.7150546209526176 0.6977523873993717 0.04287767405988175
vn -0.7273955229641683 0.6852198903905387 0.03700614793331406
vn -0.7375249161247361 0.6747444934172883 0.027872328540109386
vn -0.7433361843953407 0.6685780007745291 0.021325427285523262
vn -0.805042068818531 0.5928750334317839 0.020160906865533665
vn -0.856916574009378 0.5151794162258791 0.016856876495743932
vn -0.7958223963643308 0.6048851897076449 0.027939590499507203
vn -0.8466012325456709 0.5315701837487735 0.02644792622203087
vn -0.7831635145023432 0.6205282407600536 0.039995149350530744
vn -0.8322862627916398 0.5528826916526396 0.040253025218706086
vn -0.7690404003127138 0.637561274172361 0.04574368112183843
vn -0.8169180783007636 0.5748045329327789 0.04737723361824238
vn -0.7922707006535137 0.6075915078546227 0.05603299446697621
vn -0.8388694709282222 0.5409687227697996 0.06042227841960683
vn -0.7905393995740924 0.6100620183218247 0.05358909891139104
vn -0.8362000040673172 0.5449983540104125 0.06120741232693819
vn -0.7936339414878065 0.6058275819068111 0.0558400207689351
vn -0.8384969785527909 0.5410050330126418 0.06508741209197512
vn -0.8463786324722093 0.5291477711477142 0.060380847823453807
vn -0.9017795904677623 0.4320146229725817 0.012527400115471637
vn -0.8919829614046619 0.45147696820155225 0.02312885097240461
vn -0.8781260977804821 0.4768921966971966 0.038319565839734025
vn -0.8632460785303038 0.5025608218721197 0.0473162574732196
vn -0.8875873940103779 0.4561124132127627 0.06442114953255712
vn -0.8856220976733185 0.45891138703896506 0.07123088486523602
vn -0.8856536930587029 0.4584500169306969 0.07376393392251193
vn -0.9367434133713474 0.34303292615666625 0.0695714674115192
vn -0.9725158850051058 0.21298370830675611 0.09407865543596101
vn -0.9332841011472978 0.35879052210660894 0.015816061208395422
vn -0.9664443102061481 0.2567168857318469 0.009046316946924298
vn -0.9211042763835957 0.387737284848004 0.03502441957478197
vn -0.9592853674341295 0.2806953455771322 0.03133220065845472
vn -0.9087095264460977 0.41483797855371907 0.046437572024953314
vn -0.9511979236253743 0.3051843620432217 0.04566196727089737
vn -0.9737060423830818 0.21590336309084732 0.07267930126754203
vn -0.9810287288032746 0.18833630557818123 0.045957254746048296
vn -0.9918782567509714 0.1036631331672022 0.07369856583823572
vn -0.99726096608274 -0.00037783707912802277 0.07396230639225382
vn -0.9953374498554185 0.0864338846178443 0.04280822940955582
vn -0.9991817059294306 -0.0004318420623395748 0.04044418435802493
vn -0.9918535576519911 -0.10431258473625044 0.0731122755680003
vn -0.8382061746243786 -0.5414555264488898 0.06508703173076388
vn -0.883823607257996 -0.4625935107567825 0.0697357516570809
vn -0.9370850542013877 -0.34300075940462293 0.06497753642786308
vn -0.8883506279581678 -0.4551150871024447 0.06085572526938608
vn -0.9498075278941592 -0.30866970535743166 0.05087900303801542
vn -0.9075666455919635 -0.416860320707116 0.0505000676129418
vn -0.7933088958487591 -0.6062531690272841 0.055839867582201615
vn -0.7463578090772712 -0.6637620998422892 0.04868157395083132
vn -0.6841219398509594 -0.728089457311626 0.04316148243772709
vn -0.7435023572882936 -0.6670773859146119 0.047031966874444484
vn -0.7934435103665917 -0.6063573748174242 0.05270796772464245
vn -0.8619773576348174 -0.5043491895679904 0.051253584333286785
vn -0.7681477198402067 -0.6384274558536361 0.048574315399651256
vn -0.7153739880769262 -0.6973347515850271 0.04432044014630874
vn -0.6917384472723035 -0.7208112686825175 0.04392078671428683
vn -0.8157585229642553 -0.5761533755370319 0.05084604280040209
vn -0.7466549716649851 -0.6634644507514745 0.04817962097198907
vn -0.9909696442774902 -0.13372172293411036 0.009882557162859398
vn -0.7345556473763739 -0.6780681175776928 0.025527021606926447
vn -0.7954976826438771 -0.6053121597350175 0.02793968835098552
vn -0.8463152766344145 -0.5320253368128068 0.02644793989016237
vn -0.8917400246415432 -0.45195661138774534 0.023128983445164546
vn -0.9321613602651808 -0.36156094077937534 0.018678450987723017
vn -0.9657095230746024 -0.25925635940841896 0.013829575167607393
vn -0.9908460250382567 -0.1327168452002378 0.024706146319946252
vn -0.9952334215360735 -0.08726882863282007 0.043526867641214495
vn -0.7278229618401022 -0.6847301355394649 0.03766135555721903
vn -0.7828301239001265 -0.6209487895561204 0.03999497297538496
vn -0.8319891923858127 -0.5533296281475613 0.04025302929326411
vn -0.8778698188921497 -0.47736379104522264 0.038319604345518836
vn -0.9208957013683425 -0.38823241063911224 0.035024313421565804
vn -0.9585044413508468 -0.28335292610630874 0.031310624038720716
vn -0.980664510571038 -0.1893588435172205 0.04939985919299154
vn -0.9739210421284921 -0.21575554599802463 0.07019507155382133
vn -0.48100010422184397 -0.7869077732179501 0.3865424377577998
vn -0.5613363064797743 -0.7328520659851454 0.3844858910401641
vn -0.6352072921582571 -0.662671352555577 0.39670943332763947
vn -0.7051972745903634 -0.588771157984955 0.39502573009283687
vn -0.8011037000234787 -0.5959353775232343 0.05562272579559975
vn -0.7522414846597335 -0.6568144211427512 0.05222609439573947
vn -0.6765829419965812 -0.7344559532156631 0.05300920094966799
vn -0.47961045986626094 0.788902139185613 0.38419685263577763
vn -0.5166945214324541 0.7913199435231859 0.32686314950472634
vn -0.565134452760731 0.7315222732895016 0.3814422813273179
vn -0.6617705020674362 0.7439934310077043 0.09237736308640773
vn -0.6784452337901028 0.7311114996896951 0.07202804848791437
vn -0.6841704023971582 0.7274957837395125 0.051582411003586126
vn -0.8468135220429219 0.5289145560393723 0.05618052416038493
vn -0.8014234947902276 0.595505194793072 0.0556232412996894
vn -0.7525952708504602 0.656409029554958 0.05222589599270497
vn -0.7467144204560605 0.6633609086568393 0.04868140454981183
vn -0.6789986598715133 0.7327666474924396 0.04487605391943362
vn -0.7438611307686075 0.6666772561034622 0.047032481605878404
vn -0.6851891119064476 0.7271992801584574 0.04119572625740813
vn -0.7456471809819157 0.6643805124839084 0.0510765711979697
vn -0.6910672042106321 0.7214063676246439 0.04470986485237672
f 1//1 2//2 3//3
f 3//3 2//2 4//4
f 3//3 4//4 5//5
f 5//5 4//4 6//6
f 5//5 6//6 7//7
f 7//7 6//6 8//8
f 7//7 8//8 9//9
f 9//9 8//8 10//10
f 9//9 10//10 11//11
f 11//11 10//10 12//12
f 11//11 12//12 13//13
f 13//13 12//12 14//14
f 13//13 14//14 15//15
f 15//15 14//14 16//16
f 15//15 16//16 17//17
f 17//17 16//16 18//18
f 17//17 18//18 19//19
f 19//19 18//18 20//20
f 19//19 20//20 21//21
f 21//21 20//20 22//22
f 21//21 22//22 23//23
f 23//23 22//22 24//24
f 23//23 24//24 1//1
f 1//1 24//24 2//2
f 25//25 26//26 27//27
f 25//25 27//27 28//28
f 28//28 27//27 29//29
f 28//28 29//29 30//30
f 30//30 29//29 31//31
f 30//30 31//31 32//32
f 33//33 34//34 35//35
f 36//36 37//37 38//38
f 38//38 37//37 39//39
f 38//38 39//39 40//40
f 40//40 39//39 41//41
f 40//40 41//41 42//42
f 33//33 35//35 42//42
f 42//42 35//35 40//40
f 40//40 35//35 43//43
f 40//40 43//43 44//44
f 44//44 43//43 45//45
f 44//44 45//45 46//46
f 45//45 47//47 46//46
f 46//46 47//47 48//48
f 46//46 48//48 49//49
f 49//49 48//48 50//50
f 49//49 50//50 51//51
f 51//51 50//50 52//52
f 51//51 52//52 53//53
f 54//54 55//55 53//53
f 53//53 55//55 56//56
f 53//53 56//56 51//51
f 54//54 57//57 55//55
f 55//55 57//57 58//58
f 55//55 58//58 59//59
f 59//59 58//58 60//60
f 60//60 58//58 61//61
f 60//60 61//61 62//62
f 62//62 63//63 64//64
f 65//65 60//60 66//66
f 66//66 60//60 62//62
f 66//66 62//62 67//67
f 67//67 62//62 64//64
f 68//68 69//69 70//70
f 70//70 69//69 71//71
f 70//70 71//71 72//72
f 73//73 74//74 75//75
f 75//75 74//74 76//76
f 75//75 76//76 68//68
f 68//68 76//76 77//77
f 68//68 77//77 69//69
f 78//78 79//79 80//80
f 81//81 82//82 83//83
f 83//83 82//82 72//72
f 83//83 72//72 84//84
f 84//84 72//72 71//71
f 84//84 71//71 85//85
f 78//78 80//80 86//86
f 86//86 80//80 87//87
f 86//86 87//87 88//88
f 73//73 75//75 80//80
f 80//80 75//75 89//89
f 80//80 89//89 87//87
f 71//71 90//90 85//85
f 85//85 90//90 91//91
f 90//90 92//92 91//91
f 91//91 92//92 93//93
f 91//91 93//93 94//94
f 93//93 92//92 95//95
f 95//95 92//92 96//96
f 95//95 96//96 97//97
f 97//97 96//96 98//98
f 97//97 98//98 99//99
f 99//99 98//98 100//100
f 99//99 100//100 101//101
f 101//101 100//100 102//102
f 101//101 102//102 103//103
f 103//103 102//102 104//104
f 103//103 104//104 105//105
f 105//105 104//104 106//106
f 107//107 108//108 109//109
f 109//109 108//108 110//110
f 109//109 110//110 111//111
f 105//105 106//106 112//112
f 112//112 106//106 113//113
f 112//112 113//113 114//114
f 115//115 116//116 109//109
f 109//109 116//116 117//117
f 118//118 119//119 120//120
f 120//120 119//119 121//121
f 120//120 121//121 109//109
f 109//109 121//121 122//122
f 109//109 122//122 107//107
f 114//114 113//113 123//123
f 123//123 113//113 109//109
f 123//123 109//109 124//124
f 124//124 109//109 111//111
f 124//124 111//111 125//125
f 126//126 120//120 127//127
f 127//127 120//120 109//109
f 127//127 109//109 128//128
f 128//128 109//109 117//117
f 129//129 130//130 131//131
f 131//131 130//130 132//132
f 131//131 132//132 133//133
f 133//133 132//132 134//134
f 133//133 134//134 135//135
f 135//135 134//134 136//136
f 135//135 136//136 137//137
f 137//137 136//136 138//138
f 137//137 138//138 139//139
f 139//139 138//138 140//140
f 139//139 140//140 141//141
f 141//141 140//140 142//142
f 141//141 142//142 143//143
f 129//129 144//144 130//130
f 130//130 144//144 145//145
f 130//130 145//145 146//146
f 146//146 145//145 147//147
f 146//146 147//147 148//148
f 149//149 150//150 151//151
f 151//151 150//150 152//152
f 151//151 152//152 148//148
f 148//148 152//152 153//153
f 148//148 153//153 146//146
f 154//154 155//155 156//156
f 156//156 155//155 157//157
f 149//149 151//151 158//158
f 158//158 151//151 159//159
f 158//158 159//159 160//160
f 160//160 159//159 161//161
f 160//160 161//161 162//162
f 161//161 163//163 162//162
f 162//162 163//163 164//164
f 162//162 164//164 165//165
f 165//165 164//164 155//155
f 165//165 155//155 166//166
f 166//166 155//155 154//154
f 143//143 142//142 167//167
f 167//167 142//142 168//168
f 167//167 168//168 169//169
f 169//169 168//168 170//170
f 169//169 170//170 171//171
f 171//171 170//170 172//172
f 171//171 172//172 173//173
f 173//173 172//172 174//174
f 173//173 174//174 175//175
f 175//175 174//174 176//176
f 175//175 176//176 177//177
f 177//177 176//176 178//178
f 177//177 178//178 155//155
f 155//155 178//178 179//179
f 155//155 179//179 157//157
f 180//180 178//178 176//176
f 178//178 180//180 179//179
f 174//174 181//181 176//176
f 176//176 181//181 182//182
f 176//176 182//182 180//180
f 183//183 180//180 182//182
f 67//67 183//183 66//66
f 66//66 183//183 65//65
f 65//65 183//183 184//184
f 184//184 183//183 182//182
f 184//184 182//182 185//185
f 185//185 182//182 181//181
f 185//185 181//181 186//186
f 187//187 188//188 78//78
f 40//40 187//187 38//38
f 38//38 187//187 78//78
f 38//38 78//78 36//36
f 36//36 78//78 86//86
f 36//36 86//86 189//189
f 189//189 86//86 88//88
f 188//188 190//190 78//78
f 78//78 190//190 191//191
f 78//78 191//191 79//79
f 79//79 191//191 192//192
f 79//79 192//192 193//193
f 192//192 194//194 193//193
f 193//193 194//194 195//195
f 193//193 195//195 196//196
f 196//196 195//195 197//197
f 196//196 197//197 198//198
f 197//197 199//199 198//198
f 198//198 199//199 200//200
f 198//198 200//200 201//201
f 201//201 200//200 202//202
f 201//201 202//202 203//203
f 203//203 202//202 204//204
f 203//203 204//204 205//205
f 205//205 204//204 206//206
f 204//204 207//207 206//206
f 206//206 207//207 208//208
f 206//206 208//208 209//209
f 209//209 208//208 210//210
f 209//209 210//210 211//211
f 211//211 210//210 212//212
f 211//211 212//212 213//213
f 213//213 212//212 214//214
f 213//213 214//214 215//215
f 215//215 214//214 216//216
f 215//215 216//216 217//217
f 217//217 216//216 218//218
f 218//218 219//219 217//217
f 217//217 219//219 220//220
f 217//217 220//220 221//221
f 220//220 222//222 221//221
f 221//221 222//222 223//223
f 221//221 223//223 224//224
f 225//225 226//226 227//227
f 227//227 226//226 224//224
f 227//227 224//224 228//228
f 228//228 224//224 223//223
f 229//229 60//60 65//65
f 225//225 230//230 226//226
f 226//226 230//230 231//231
f 226//226 231//231 232//232
f 232//232 231//231 233//233
f 232//232 233//233 234//234
f 65//65 184//184 229//229
f 229//229 184//184 185//185
f 229//229 185//185 235//235
f 234//234 233//233 236//236
f 236//236 233//233 237//237
f 236//236 237//237 238//238
f 238//238 237//237 239//239
f 238//238 239//239 240//240
f 240//240 239//239 241//241
f 240//240 241//241 242//242
f 242//242 241//241 243//243
f 242//242 243//243 186//186
f 186//186 243//243 244//244
f 186//186 244//244 185//185
f 185//185 244//244 245//245
f 185//185 245//245 235//235
f 246//246 40//40 247//247
f 247//247 40//40 44//44
f 247//247 44//44 248//248
f 248//248 44//44 46//46
f 248//248 46//46 249//249
f 246//246 250//250 40//40
f 40//40 250//250 251//251
f 40//40 251//251 252//252
f 252//252 253//253 40//40
f 40//40 253//253 254//254
f 40//40 254//254 187//187
f 249//249 46//46 255//255
f 255//255 46//46 49//49
f 255//255 49//49 256//256
f 256//256 49//49 51//51
f 256//256 51//51 257//257
f 257//257 51//51 258//258
f 258//258 51//51 56//56
f 258//258 56//56 259//259
f 259//259 56//56 55//55
f 259//259 55//55 260//260
f 229//229 261//261 60//60
f 60//60 261//261 262//262
f 60//60 262//262 59//59
f 59//59 262//262 263//263
f 59//59 263//263 55//55
f 55//55 263//263 264//264
f 55//55 264//264 260//260
f 242//242 186//186 181//181
f 242//242 181//181 240//240
f 240//240 181//181 265//265
f 240//240 265//265 238//238
f 238//238 265//265 266//266
f 238//238 266//266 236//236
f 236//236 266//266 234//234
f 234//234 266//266 267//267
f 234//234 267//267 232//232
f 232//232 267//267 226//226
f 226//226 267//267 268//268
f 226//226 268//268 224//224
f 224//224 268//268 221//221
f 221//221 268//268 269//269
f 221//221 269//269 217//217
f 217//217 269//269 215//215
f 215//215 269//269 270//270
f 215//215 270//270 213//213
f 213//213 270//270 211//211
f 211//211 270//270 271//271
f 211//211 271//271 209//209
f 209//209 271//271 206//206
f 206//206 271//271 272//272
f 206//206 272//272 205//205
f 273//273 201//201 272//272
f 272//272 201//201 203//203
f 272//272 203//203 205//205
f 80//80 79//79 273//273
f 273//273 79//79 193//193
f 193//193 196//196 273//273
f 273//273 196//196 198//198
f 273//273 198//198 201//201
f 80//80 130//130 73//73
f 73//73 130//130 146//146
f 274//274 74//74 146//146
f 146//146 74//74 73//73
f 275//275 90//90 71//71
f 275//275 71//71 276//276
f 71//71 69//69 276//276
f 276//276 69//69 77//77
f 276//276 77//77 277//277
f 277//277 77//77 76//76
f 277//277 76//76 278//278
f 278//278 76//76 74//74
f 278//278 74//74 274//274
f 146//146 153//153 274//274
f 274//274 153//153 279//279
f 274//274 279//279 278//278
f 278//278 279//279 280//280
f 278//278 280//280 277//277
f 277//277 280//280 281//281
f 277//277 281//281 276//276
f 276//276 281//281 275//275
f 275//275 281//281 92//92
f 275//275 92//92 90//90
f 150//150 149//149 282//282
f 152//152 150//150 283//283
f 153//153 152//152 284//284
f 153//153 284//284 279//279
f 279//279 284//284 285//285
f 279//279 285//285 280//280
f 280//280 285//285 286//286
f 280//280 286//286 281//281
f 281//281 286//286 96//96
f 281//281 96//96 92//92
f 287//287 100//100 98//98
f 152//152 283//283 284//284
f 284//284 283//283 288//288
f 284//284 288//288 285//285
f 285//285 288//288 287//287
f 285//285 287//287 286//286
f 286//286 287//287 98//98
f 286//286 98//98 96//96
f 150//150 282//282 283//283
f 283//283 282//282 289//289
f 283//283 289//289 288//288
f 288//288 289//289 290//290
f 288//288 290//290 287//287
f 287//287 290//290 102//102
f 287//287 102//102 100//100
f 158//158 160//160 291//291
f 149//149 158//158 292//292
f 149//149 292//292 282//282
f 282//282 292//292 293//293
f 282//282 293//293 289//289
f 289//289 293//293 294//294
f 289//289 294//294 290//290
f 290//290 294//294 104//104
f 290//290 104//104 102//102
f 158//158 291//291 292//292
f 292//292 291//291 295//295
f 292//292 295//295 293//293
f 293//293 295//295 296//296
f 293//293 296//296 294//294
f 294//294 296//296 106//106
f 294//294 106//106 104//104
f 296//296 295//295 297//297
f 291//291 160//160 162//162
f 113//113 106//106 298//298
f 298//298 106//106 296//296
f 298//298 296//296 299//299
f 299//299 296//296 297//297
f 300//300 297//297 301//301
f 301//301 297//297 295//295
f 301//301 295//295 302//302
f 302//302 295//295 291//291
f 302//302 291//291 303//303
f 303//303 291//291 162//162
f 304//304 305//305 306//306
f 162//162 307//307 303//303
f 303//303 307//307 308//308
f 303//303 308//308 302//302
f 302//302 308//308 301//301
f 165//165 166//166 304//304
f 300//300 301//301 306//306
f 306//306 301//301 308//308
f 306//306 308//308 304//304
f 304//304 308//308 307//307
f 304//304 307//307 165//165
f 165//165 307//307 162//162
f 130//130 80//80 273//273
f 130//130 273//273 132//132
f 132//132 273//273 272//272
f 132//132 272//272 134//134
f 134//134 272//272 271//271
f 134//134 271//271 136//136
f 136//136 271//271 270//270
f 136//136 270//270 138//138
f 138//138 270//270 269//269
f 138//138 269//269 140//140
f 140//140 269//269 268//268
f 140//140 268//268 142//142
f 142//142 268//268 267//267
f 142//142 267//267 168//168
f 168//168 267//267 266//266
f 168//168 266//266 170//170
f 170//170 266//266 265//265
f 170//170 265//265 172//172
f 172//172 265//265 181//181
f 172//172 181//181 174//174
f 309//309 161//161 310//310
f 310//310 161//161 159//159
f 310//310 159//159 311//311
f 311//311 159//159 151//151
f 311//311 151//151 312//312
f 312//312 151//151 148//148
f 312//312 148//148 313//313
f 313//313 148//148 147//147
f 313//313 147//147 314//314
f 314//314 147//147 145//145
f 314//314 145//145 315//315
f 315//315 145//145 144//144
f 315//315 144//144 316//316
f 316//316 144//144 129//129
f 316//316 129//129 317//317
f 317//317 129//129 131//131
f 317//317 131//131 318//318
f 318//318 131//131 133//133
f 318//318 133//133 319//319
f 319//319 133//133 135//135
f 319//319 135//135 320//320
f 320//320 135//135 137//137
f 320//320 137//137 321//321
f 321//321 137//137 139//139
f 321//321 139//139 322//322
f 322//322 139//139 141//141
f 322//322 141//141 323//323
f 323//323 141//141 143//143
f 323//323 143//143 324//324
f 324//324 143//143 167//167
f 324//324 167//167 325//325
f 325//325 167//167 169//169
f 325//325 169//169 326//326
f 326//326 169//169 171//171
f 326//326 171//171 327//327
f 327//327 171//171 173//173
f 327//327 173//173 328//328
f 328//328 173//173 175//175
f 328//328 175//175 329//329
f 329//329 175//175 177//177
f 329//329 177//177 330//330
f 330//330 177//177 155//155
f 330//330 155//155 331//331
f 331//331 155//155 164//164
f 331//331 164//164 332//332
f 332//332 164//164 163//163
f 332//332 163//163 309//309
f 309//309 163//163 161//161
f 333//333 334//334 223//223
f 261//261 229//229 335//335
f 335//335 229//229 235//235
f 335//335 235//235 336//336
f 336//336 235//235 245//245
f 336//336 245//245 337//337
f 335//335 338//338 261//261
f 261//261 338//338 339//339
f 261//261 339//339 262//262
f 339//339 340//340 262//262
f 262//262 340//340 341//341
f 262//262 341//341 263//263
f 263//263 341//341 342//342
f 263//263 342//342 264//264
f 264//264 342//342 343//343
f 264//264 343//343 260//260
f 260//260 343//343 344//344
f 260//260 344//344 259//259
f 259//259 344//344 345//345
f 259//259 345//345 258//258
f 346//346 255//255 347//347
f 347//347 255//255 256//256
f 347//347 256//256 348//348
f 348//348 256//256 257//257
f 348//348 257//257 349//349
f 349//349 257//257 258//258
f 349//349 258//258 350//350
f 350//350 258//258 345//345
f 346//346 351//351 255//255
f 255//255 351//351 352//352
f 255//255 352//352 249//249
f 249//249 352//352 353//353
f 249//249 353//353 248//248
f 248//248 353//353 354//354
f 248//248 354//354 247//247
f 247//247 354//354 355//355
f 247//247 355//355 246//246
f 246//246 355//355 356//356
f 246//246 356//356 250//250
f 250//250 356//356 251//251
f 356//356 357//357 251//251
f 251//251 357//357 358//358
f 251//251 358//358 252//252
f 252//252 358//358 359//359
f 252//252 359//359 253//253
f 359//359 360//360 253//253
f 253//253 360//360 361//361
f 253//253 361//361 254//254
f 254//254 361//361 362//362
f 254//254 362//362 187//187
f 187//187 362//362 363//363
f 187//187 363//363 188//188
f 188//188 363//363 190//190
f 363//363 364//364 190//190
f 190//190 364//364 365//365
f 190//190 365//365 191//191
f 191//191 365//365 366//366
f 191//191 366//366 192//192
f 192//192 366//366 194//194
f 194//194 366//366 367//367
f 194//194 367//367 195//195
f 367//367 368//368 195//195
f 195//195 368//368 369//369
f 195//195 369//369 197//197
f 369//369 370//370 197//197
f 197//197 370//370 371//371
f 197//197 371//371 199//199
f 199//199 371//371 372//372
f 199//199 372//372 200//200
f 200//200 372//372 373//373
f 200//200 373//373 202//202
f 202//202 373//373 374//374
f 202//202 374//374 204//204
f 374//374 375//375 204//204
f 204//204 375//375 376//376
f 204//204 376//376 207//207
f 207//207 376//376 377//377
f 207//207 377//377 208//208
f 208//208 377//377 378//378
f 208//208 378//378 210//210
f 378//378 379//379 210//210
f 210//210 379//379 380//380
f 210//210 380//380 212//212
f 212//212 380//380 381//381
f 212//212 381//381 214//214
f 214//214 381//381 382//382
f 214//214 382//382 216//216
f 382//382 383//383 216//216
f 216//216 383//383 384//384
f 216//216 384//384 218//218
f 218//218 384//384 385//385
f 223//223 222//222 333//333
f 333//333 222//222 220//220
f 333//333 220//220 385//385
f 385//385 220//220 219//219
f 385//385 219//219 218//218
f 225//225 227//227 334//334
f 334//334 227//227 228//228
f 334//334 228//228 223//223
f 386//386 233//233 387//387
f 387//387 233//233 231//231
f 387//387 231//231 388//388
f 388//388 231//231 230//230
f 388//388 230//230 389//389
f 389//389 230//230 225//225
f 389//389 225//225 390//390
f 390//390 225//225 334//334
f 386//386 391//391 233//233
f 233//233 391//391 392//392
f 233//233 392//392 237//237
f 237//237 392//392 393//393
f 237//237 393//393 239//239
f 239//239 393//393 394//394
f 239//239 394//394 241//241
f 241//241 394//394 395//395
f 241//241 395//395 243//243
f 243//243 395//395 396//396
f 243//243 396//396 244//244
f 244//244 396//396 397//397
f 244//244 397//397 245//245
f 245//245 397//397 398//398
f 245//245 398//398 337//337
f 399//399 330//330 331//331
f 399//399 331//331 400//400
f 330//330 399//399 329//329
f 329//329 399//399 401//401
f 329//329 401//401 328//328
f 328//328 401//401 327//327
f 327//327 401//401 402//402
f 327//327 402//402 326//326
f 326//326 402//402 325//325
f 325//325 402//402 403//403
f 325//325 403//403 324//324
f 324//324 403//403 323//323
f 323//323 403//403 404//404
f 323//323 404//404 322//322
f 405//405 320//320 404//404
f 404//404 320//320 321//321
f 404//404 321//321 322//322
f 406//406 407//407 316//316
f 316//316 317//317 406//406
f 406//406 317//317 318//318
f 406//406 318//318 405//405
f 405//405 318//318 319//319
f 405//405 319//319 320//320
f 408//408 409//409 312//312
f 312//312 313//313 408//408
f 408//408 313//313 314//314
f 408//408 314//314 407//407
f 407//407 314//314 315//315
f 407//407 315//315 316//316
f 331//331 332//332 400//400
f 400//400 332//332 309//309
f 400//400 309//309 410//410
f 410//410 309//309 310//310
f 410//410 310//310 409//409
f 409//409 310//310 311//311
f 409//409 311//311 312//312
f 376//376 375//375 411//411
f 337//337 398//398 412//412
f 412//412 398//398 397//397
f 412//412 397//397 413//413
f 413//413 397//397 396//396
f 339//339 338//338 414//414
f 414//414 338//338 335//335
f 414//414 335//335 412//412
f 412//412 335//335 336//336
f 412//412 336//336 337//337
f 339//339 414//414 340//340
f 340//340 414//414 415//415
f 340//340 415//415 341//341
f 345//345 344//344 416//416
f 416//416 344//344 343//343
f 416//416 343//343 415//415
f 415//415 343//343 342//342
f 415//415 342//342 341//341
f 351//351 346//346 417//417
f 417//417 346//346 347//347
f 347//347 348//348 417//417
f 417//417 348//348 349//349
f 417//417 349//349 416//416
f 416//416 349//349 350//350
f 416//416 350//350 345//345
f 355//355 354//354 418//418
f 418//418 354//354 353//353
f 418//418 353//353 417//417
f 417//417 353//353 352//352
f 417//417 352//352 351//351
f 359//359 419//419 360//360
f 360//360 419//419 420//420
f 360//360 420//420 361//361
f 359//359 358//358 419//419
f 419//419 358//358 357//357
f 419//419 357//357 418//418
f 418//418 357//357 356//356
f 418//418 356//356 355//355
f 365//365 364//364 421//421
f 421//421 364//364 363//363
f 421//421 363//363 420//420
f 420//420 363//363 362//362
f 420//420 362//362 361//361
f 365//365 421//421 366//366
f 366//366 421//421 422//422
f 366//366 422//422 367//367
f 371//371 370//370 423//423
f 423//423 370//370 369//369
f 423//423 369//369 422//422
f 422//422 369//369 368//368
f 422//422 368//368 367//367
f 375//375 374//374 411//411
f 411//411 374//374 373//373
f 411//411 373//373 423//423
f 423//423 373//373 372//372
f 423//423 372//372 371//371
f 424//424 378//378 411//411
f 411//411 378//378 377//377
f 411//411 377//377 376//376
f 381//381 380//380 424//424
f 424//424 380//380 379//379
f 424//424 379//379 378//378
f 381//381 424//424 382//382
f 382//382 424//424 425//425
f 382//382 425//425 383//383
f 334//334 333//333 426//426
f 426//426 333//333 385//385
f 426//426 385//385 425//425
f 425//425 385//385 384//384
f 425//425 384//384 383//383
f 392//392 391//391 427//427
f 427//427 391//391 386//386
f 427//427 386//386 428//428
f 428//428 386//386 387//387
f 387//387 388//388 428//428
f 428//428 388//388 389//389
f 428//428 389//389 426//426
f 426//426 389//389 390//390
f 426//426 390//390 334//334
f 396//396 395//395 413//413
f 413//413 395//395 394//394
f 413//413 394//394 427//427
f 427//427 394//394 393//393
f 427//427 393//393 392//392
f 429//429 404//404 430//430
f 430//430 404//404 403//403
f 430//430 403//403 431//431
f 431//431 403//403 402//402
f 431//431 402//402 432//432
f 432//432 402//402 401//401
f 432//432 401//401 433//433
f 433//433 401//401 399//399
f 433//433 399//399 434//434
f 434//434 399//399 400//400
f 434//434 400//400 435//435
f 435//435 400//400 410//410
f 435//435 410//410 436//436
f 436//436 410//410 409//409
f 436//436 409//409 437//437
f 437//437 409//409 408//408
f 437//437 408//408 438//438
f 438//438 408//408 407//407
f 438//438 407//407 439//439
f 439//439 407//407 406//406
f 439//439 406//406 440//440
f 440//440 406//406 405//405
f 440//440 405//405 429//429
f 429//429 405//405 404//404
f 433//433 414//414 432//432
f 432//432 414//414 412//412
f 432//432 412//412 431//431
f 412//412 413//413 431//431
f 431//431 413//413 427//427
f 431//431 427//427 430//430
f 430//430 427//427 428//428
f 430//430 428//428 429//429
f 435//435 417//417 434//434
f 434//434 417//417 416//416
f 434//434 416//416 433//433
f 433//433 416//416 415//415
f 433//433 415//415 414//414
f 428//428 426//426 429//429
f 429//429 426//426 425//425
f 429//429 425//425 440//440
f 440//440 425//425 424//424
f 440//440 424//424 439//439
f 437//437 420//420 436//436
f 436//436 420//420 419//419
f 436//436 419//419 435//435
f 435//435 419//419 418//418
f 435//435 418//418 417//417
f 424//424 411//411 439//439
f 439//439 411//411 423//423
f 439//439 423//423 438//438
f 438//438 423//423 422//422
f 438//438 422//422 437//437
f 437//437 422//422 421//421
f 437//437 421//421 420//420
f 441//441 442//442 443//443
f 443//443 442//442 444//444
f 443//443 444//444 445//445
f 446//446 447//447 443//443
f 443//443 447//447 448//448
f 443//443 448//448 441//441
f 449//449 450//450 443//443
f 443//443 450//450 451//451
f 443//443 451//451 446//446
f 445//445 452//452 443//443
f 443//443 452//452 453//453
f 443//443 453//453 449//449
f 445//445 454//454 452//452
f 452//452 454//454 455//455
f 452//452 455//455 453//453
f 453//453 455//455 456//456
f 453//453 456//456 449//449
f 449//449 456//456 457//457
f 449//449 457//457 450//450
f 450//450 457//457 458//458
f 450//450 458//458 451//451
f 451//451 458//458 459//459
f 451//451 459//459 446//446
f 446//446 459//459 460//460
f 446//446 460//460 447//447
f 447//447 460//460 461//461
f 447//447 461//461 448//448
f 448//448 461//461 462//462
f 448//448 462//462 441//441
f 441//441 462//462 463//463
f 441//441 463//463 442//442
f 442//442 463//463 464//464
f 442//442 464//464 444//444
f 444//444 464//464 465//465
f 444//444 465//465 445//445
f 445//445 465//465 454//454
f 466//466 467//467 468//468
f 468//468 467//467 469//469
f 468//468 469//469 470//470
f 470//470 469//469 471//471
f 470//470 471//471 472//472
f 472//472 471//471 473//473
f 472//472 473//473 474//474
f 474//474 473//473 475//475
f 474//474 475//475 476//476
f 476//476 475//475 477//477
f 476//476 477//477 478//478
f 478//478 477//477 479//479
f 478//478 479//479 480//480
f 480//480 479//479 481//481
f 480//480 481//481 482//482
f 482//482 481//481 483//483
f 482//482 483//483 484//484
f 484//484 483//483 485//485
f 484//484 485//485 486//486
f 486//486 485//485 487//487
f 486//486 487//487 488//488
f 488//488 487//487 489//489
f 488//488 489//489 490//490
f 490//490 489//489 491//491
f 490//490 491//491 466//466
f 466//466 491//491 467//467
f 492//492 493//493 1//1
f 1//1 493//493 494//494
f 1//1 494//494 23//23
f 23//23 494//494 495//495
f 23//23 495//495 21//21
f 21//21 495//495 496//496
f 21//21 496//496 19//19
f 19//19 496//496 497//497
f 19//19 497//497 17//17
f 17//17 497//497 498//498
f 17//17 498//498 15//15
f 15//15 498//498 499//499
f 15//15 499//499 13//13
f 13//13 499//499 500//500
f 13//13 500//500 11//11
f 11//11 500//500 501//501
f 11//11 501//501 9//9
f 9//9 501//501 502//502
f 9//9 502//502 7//7
f 7//7 502//502 503//503
f 7//7 503//503 5//5
f 5//5 503//503 504//504
f 5//5 504//504 3//3
f 3//3 504//504 492//492
f 3//3 492//492 1//1
f 490//490 505//505 488//488
f 488//488 505//505 506//506
f 488//488 506//506 486//486
f 486//486 506//506 507//507
f 486//486 507//507 484//484
f 484//484 507//507 508//508
f 484//484 508//508 482//482
f 482//482 508//508 509//509
f 482//482 509//509 480//480
f 480//480 509//509 510//510
f 480//480 510//510 478//478
f 478//478 510//510 511//511
f 478//478 511//511 476//476
f 476//476 511//511 512//512
f 476//476 512//512 474//474
f 474//474 512//512 513//513
f 474//474 513//513 472//472
f 472//472 513//513 514//514
f 472//472 514//514 470//470
f 470//470 514//514 515//515
f 470//470 515//515 468//468
f 468//468 515//515 516//516
f 468//468 516//516 466//466
f 466//466 516//516 517//517
f 466//466 517//517 490//490
f 490//490 517//517 505//505
f 501//501 517//517 502//502
f 502//502 517//517 516//516
f 502//502 516//516 503//503
f 503//503 516//516 515//515
f 503//503 515//515 504//504
f 504//504 515//515 514//514
f 504//504 514//514 492//492
f 492//492 514//514 513//513
f 492//492 513//513 493//493
f 493//493 513//513 512//512
f 493//493 512//512 494//494
f 494//494 512//512 511//511
f 494//494 511//511 495//495
f 495//495 511//511 510//510
f 495//495 510//510 496//496
f 496//496 510//510 509//509
f 496//496 509//509 497//497
f 497//497 509//509 508//508
f 497//497 508//508 498//498
f 498//498 508//508 507//507
f 498//498 507//507 499//499
f 499//499 507//507 506//506
f 499//499 506//506 500//500
f 500//500 506//506 505//505
f 500//500 505//505 501//501
f 501//501 505//505 517//517
f 16//16 518//518 18//18
f 18//18 518//518 519//519
f 18//18 519//519 20//20
f 20//20 519//519 520//520
f 20//20 520//520 22//22
f 22//22 520//520 521//521
f 22//22 521//521 24//24
f 24//24 521//521 522//522
f 24//24 522//522 2//2
f 2//2 522//522 523//523
f 2//2 523//523 4//4
f 4//4 523//523 524//524
f 4//4 524//524 6//6
f 6//6 524//524 525//525
f 6//6 525//525 8//8
f 8//8 525//525 526//526
f 8//8 526//526 10//10
f 10//10 526//526 527//527
f 10//10 527//527 12//12
f 12//12 527//527 528//528
f 12//12 528//528 14//14
f 14//14 528//528 529//529
f 14//14 529//529 16//16
f 16//16 529//529 530//530
f 16//16 530//530 518//518
f 531//531 532//532 528//528
f 533//533 534//534 518//518
f 518//518 534//534 535//535
f 518//518 535//535 519//519
f 533//533 518//518 536//536
f 536//536 518//518 530//530
f 536//536 530//530 537//537
f 538//538 539//539 529//529
f 529//529 539//539 540//540
f 529//529 540//540 530//530
f 530//530 540//540 541//541
f 530//530 541//541 537//537
f 532//532 542//542 528//528
f 528//528 542//542 543//543
f 528//528 543//543 529//529
f 529//529 543//543 544//544
f 529//529 544//544 538//538
f 531//531 528//528 545//545
f 545//545 528//528 527//527
f 545//545 527//527 546//546
f 547//547 548//548 526//526
f 526//526 548//548 549//549
f 526//526 549//549 527//527
f 527//527 549//549 550//550
f 527//527 550//550 546//546
f 551//551 552//552 525//525
f 525//525 552//552 553//553
f 525//525 553//553 526//526
f 526//526 553//553 554//554
f 526//526 554//554 547//547
f 551//551 525//525 555//555
f 555//555 525//525 524//524
f 555//555 524//524 556//556
f 557//557 558//558 523//523
f 523//523 558//558 559//559
f 523//523 559//559 524//524
f 524//524 559//559 560//560
f 524//524 560//560 556//556
f 521//521 561//561 522//522
f 522//522 561//561 562//562
f 562//562 563//563 522//522
f 522//522 563//563 564//564
f 522//522 564//564 523//523
f 523//523 564//564 565//565
f 523//523 565//565 557//557
f 520//520 566//566 521//521
f 521//521 566//566 567//567
f 521//521 567//567 568//568
f 568//568 569//569 521//521
f 521//521 569//569 570//570
f 521//521 570//570 561//561
f 535//535 571//571 519//519
f 519//519 571//571 572//572
f 519//519 572//572 520//520
f 520//520 572//572 573//573
f 520//520 573//573 566//566
f 574//574 305//305 575//575
f 575//575 305//305 304//304
f 575//575 304//304 576//576
f 576//576 304//304 577//577
f 577//577 304//304 166//166
f 577//577 166//166 154//154
f 578//578 465//465 579//579
f 579//579 465//465 464//464
f 579//579 464//464 580//580
f 580//580 464//464 463//463
f 580//580 463//463 581//581
f 581//581 463//463 462//462
f 581//581 462//462 582//582
f 582//582 462//462 461//461
f 582//582 461//461 583//583
f 583//583 461//461 460//460
f 583//583 460//460 584//584
f 584//584 460//460 459//459
f 584//584 459//459 585//585
f 585//585 459//459 458//458
f 585//585 458//458 586//586
f 586//586 458//458 457//457
f 586//586 457//457 587//587
f 587//587 457//457 456//456
f 587//587 456//456 588//588
f 588//588 456//456 455//455
f 588//588 455//455 589//589
f 589//589 455//455 454//454
f 589//589 454//454 578//578
f 578//578 454//454 465//465
f 589//589 590//590 588//588
f 588//588 590//590 591//591
f 588//588 591//591 587//587
f 587//587 591//591 592//592
f 587//587 592//592 586//586
f 586//586 592//592 593//593
f 586//586 593//593 585//585
f 585//585 593//593 594//594
f 585//585 594//594 584//584
f 584//584 594//594 595//595
f 584//584 595//595 583//583
f 583//583 595//595 596//596
f 583//583 596//596 582//582
f 582//582 596//596 597//597
f 582//582 597//597 581//581
f 581//581 597//597 598//598
f 581//581 598//598 580//580
f 580//580 598//598 599//599
f 580//580 599//599 579//579
f 579//579 599//599 600//600
f 579//579 600//600 578//578
f 578//578 600//600 601//601
f 578//578 601//601 589//589
f 589//589 601//601 590//590
f 602//602 603//603 604//604
f 605//605 606//606 607//607
f 607//607 606//606 608//608
f 604//604 609//609 602//602
f 602//602 609//609 610//610
f 602//602 610//610 608//608
f 608//608 610//610 611//611
f 608//608 611//611 607//607
f 612//612 613//613 614//614
f 612//612 614//614 615//615
f 614//614 616//616 615//615
f 615//615 616//616 617//617
f 615//615 617//617 618//618
f 619//619 620//620 621//621
f 621//621 620//620 622//622
f 621//621 622//622 623//623
f 623//623 622//622 624//624
f 623//623 624//624 625//625
f 626//626 627//627 624//624
f 624//624 627//627 628//628
f 624//624 628//628 625//625
f 629//629 630//630 631//631
f 631//631 630//630 632//632
f 632//632 633//633 631//631
f 631//631 633//633 634//634
f 631//631 634//634 635//635
f 636//636 637//637 638//638
f 638//638 637//637 639//639
f 638//638 639//639 640//640
f 640//640 639//639 641//641
f 640//640 641//641 629//629
f 629//629 641//641 642//642
f 629//629 642//642 630//630
f 643//643 644//644 645//645
f 643//643 645//645 646//646
f 645//645 647//647 646//646
f 646//646 647//647 648//648
f 646//646 648//648 638//638
f 638//638 648//648 649//649
f 638//638 649//649 636//636
f 650//650 651//651 652//652
f 652//652 653//653 650//650
f 650//650 653//653 654//654
f 650//650 654//654 643//643
f 643//643 654//654 655//655
f 643//643 655//655 644//644
f 634//634 656//656 635//635
f 635//635 656//656 657//657
f 635//635 657//657 658//658
f 658//658 657//657 659//659
f 658//658 659//659 660//660
f 660//660 659//659 661//661
f 660//660 661//661 662//662
f 662//662 661//661 621//621
f 662//662 621//621 663//663
f 663//663 621//621 623//623
f 663//663 623//623 664//664
f 664//664 623//623 625//625
f 664//664 625//625 665//665
f 665//665 625//625 666//666
f 665//665 666//666 667//667
f 667//667 666//666 668//668
f 667//667 668//668 669//669
f 669//669 668//668 670//670
f 670//670 668//668 671//671
f 670//670 671//671 672//672
f 672//672 671//671 673//673
f 672//672 673//673 674//674
f 674//674 673//673 675//675
f 675//675 673//673 676//676
f 675//675 676//676 677//677
f 677//677 676//676 678//678
f 677//677 678//678 679//679
f 679//679 678//678 680//680
f 679//679 680//680 681//681
f 681//681 680//680 682//682
f 681//681 682//682 683//683
f 683//683 682//682 684//684
f 683//683 684//684 685//685
f 684//684 686//686 685//685
f 685//685 686//686 687//687
f 685//685 687//687 688//688
f 688//688 687//687 689//689
f 688//688 689//689 690//690
f 690//690 689//689 691//691
f 691//691 689//689 692//692
f 691//691 692//692 693//693
f 693//693 692//692 694//694
f 694//694 692//692 695//695
f 694//694 695//695 696//696
f 697//697 652//652 651//651
f 698//698 699//699 700//700
f 701//701 702//702 703//703
f 703//703 702//702 704//704
f 705//705 700//700 706//706
f 706//706 700//700 699//699
f 706//706 699//699 707//707
f 707//707 699//699 701//701
f 707//707 701//701 708//708
f 708//708 701//701 703//703
f 702//702 709//709 704//704
f 704//704 709//709 710//710
f 704//704 710//710 711//711
f 711//711 710//710 712//712
f 711//711 712//712 713//713
f 713//713 712//712 714//714
f 713//713 714//714 715//715
f 715//715 714//714 716//716
f 715//715 716//716 717//717
f 717//717 716//716 718//718
f 717//717 718//718 719//719
f 719//719 718//718 720//720
f 719//719 720//720 721//721
f 721//721 720//720 696//696
f 721//721 696//696 695//695
f 698//698 700//700 722//722
f 722//722 700//700 723//723
f 722//722 723//723 724//724
f 724//724 723//723 725//725
f 724//724 725//725 726//726
f 726//726 725//725 727//727
f 726//726 727//727 728//728
f 728//728 727//727 729//729
f 729//729 727//727 730//730
f 729//729 730//730 731//731
f 730//730 732//732 731//731
f 731//731 732//732 733//733
f 731//731 733//733 734//734
f 734//734 733//733 735//735
f 734//734 735//735 736//736
f 737//737 738//738 739//739
f 739//739 738//738 740//740
f 739//739 740//740 741//741
f 736//736 735//735 742//742
f 742//742 735//735 743//743
f 742//742 743//743 744//744
f 744//744 743//743 745//745
f 744//744 745//745 737//737
f 737//737 745//745 746//746
f 737//737 746//746 738//738
f 740//740 747//747 741//741
f 741//741 747//747 748//748
f 741//741 748//748 749//749
f 750//750 751//751 752//752
f 752//752 751//751 749//749
f 752//752 749//749 753//753
f 753//753 749//749 748//748
f 750//750 754//754 751//751
f 751//751 754//754 755//755
f 751//751 755//755 756//756
f 756//756 755//755 757//757
f 756//756 757//757 758//758
f 758//758 757//757 759//759
f 758//758 759//759 760//760
f 760//760 759//759 761//761
f 760//760 761//761 762//762
f 763//763 764//764 765//765
f 762//762 761//761 764//764
f 764//764 761//761 766//766
f 764//764 766//766 765//765
f 763//763 765//765 767//767
f 767//767 765//765 768//768
f 767//767 768//768 769//769
f 770//770 618//618 617//617
f 768//768 771//771 769//769
f 769//769 771//771 772//772
f 769//769 772//772 773//773
f 773//773 772//772 774//774
f 772//772 770//770 774//774
f 774//774 770//770 617//617
f 774//774 617//617 775//775
f 775//775 617//617 697//697
f 775//775 697//697 776//776
f 776//776 697//697 651//651
f 735//735 777//777 743//743
f 743//743 777//777 778//778
f 779//779 778//778 780//780
f 780//780 778//778 777//777
f 780//780 777//777 781//781
f 781//781 777//777 735//735
f 781//781 735//735 733//733
f 782//782 783//783 784//784
f 785//785 786//786 787//787
f 788//788 789//789 790//790
f 791//791 792//792 793//793
f 794//794 795//795 796//796
f 797//797 798//798 799//799
f 799//799 798//798 800//800
f 799//799 800//800 801//801
f 802//802 803//803 804//804
f 804//804 803//803 805//805
f 804//804 805//805 797//797
f 797//797 805//805 806//806
f 797//797 806//806 798//798
f 796//796 807//807 794//794
f 794//794 807//807 808//808
f 794//794 808//808 802//802
f 802//802 808//808 809//809
f 802//802 809//809 803//803
f 793//793 810//810 791//791
f 791//791 810//810 811//811
f 791//791 811//811 812//812
f 812//812 811//811 813//813
f 812//812 813//813 795//795
f 795//795 813//813 814//814
f 795//795 814//814 796//796
f 815//815 816//816 817//817
f 817//817 816//816 818//818
f 817//817 818//818 792//792
f 792//792 818//818 819//819
f 792//792 819//819 793//793
f 790//790 789//789 820//820
f 789//789 821//821 820//820
f 820//820 821//821 822//822
f 820//820 822//822 815//815
f 815//815 822//822 823//823
f 815//815 823//823 816//816
f 824//824 825//825 826//826
f 827//827 828//828 829//829
f 784//784 830//830 782//782
f 782//782 830//830 831//831
f 782//782 831//831 829//829
f 829//829 831//831 832//832
f 829//829 832//832 827//827
f 833//833 834//834 835//835
f 835//835 834//834 836//836
f 835//835 836//836 783//783
f 783//783 836//836 837//837
f 783//783 837//837 784//784
f 800//800 838//838 801//801
f 801//801 838//838 839//839
f 801//801 839//839 840//840
f 840//840 839//839 841//841
f 840//840 841//841 842//842
f 842//842 841//841 843//843
f 842//842 843//843 833//833
f 833//833 843//843 844//844
f 833//833 844//844 834//834
f 828//828 845//845 846//846
f 828//828 846//846 829//829
f 829//829 846//846 847//847
f 829//829 847//847 782//782
f 782//782 847//847 848//848
f 782//782 848//848 783//783
f 783//783 848//848 849//849
f 783//783 849//849 835//835
f 835//835 849//849 850//850
f 835//835 850//850 833//833
f 833//833 850//850 851//851
f 833//833 851//851 842//842
f 842//842 851//851 852//852
f 842//842 852//852 840//840
f 840//840 852//852 853//853
f 840//840 853//853 801//801
f 801//801 853//853 854//854
f 801//801 854//854 799//799
f 799//799 854//854 855//855
f 799//799 855//855 797//797
f 797//797 855//855 856//856
f 797//797 856//856 804//804
f 804//804 856//856 857//857
f 804//804 857//857 802//802
f 802//802 857//857 858//858
f 802//802 858//858 794//794
f 794//794 858//858 859//859
f 794//794 859//859 795//795
f 795//795 859//859 860//860
f 795//795 860//860 812//812
f 812//812 860//860 861//861
f 812//812 861//861 791//791
f 791//791 861//861 862//862
f 791//791 862//862 792//792
f 792//792 862//862 863//863
f 792//792 863//863 817//817
f 817//817 863//863 864//864
f 817//817 864//864 815//815
f 815//815 864//864 865//865
f 815//815 865//865 820//820
f 820//820 865//865 866//866
f 820//820 866//866 790//790
f 845//845 867//867 868//868
f 845//845 868//868 846//846
f 846//846 868//868 869//869
f 846//846 869//869 847//847
f 847//847 869//869 870//870
f 847//847 870//870 848//848
f 848//848 870//870 871//871
f 848//848 871//871 849//849
f 849//849 871//871 872//872
f 849//849 872//872 850//850
f 850//850 872//872 873//873
f 850//850 873//873 851//851
f 851//851 873//873 874//874
f 851//851 874//874 852//852
f 852//852 874//874 875//875
f 852//852 875//875 853//853
f 853//853 875//875 876//876
f 853//853 876//876 854//854
f 854//854 876//876 877//877
f 854//854 877//877 855//855
f 855//855 877//877 878//878
f 855//855 878//878 856//856
f 856//856 878//878 879//879
f 856//856 879//879 857//857
f 857//857 879//879 880//880
f 857//857 880//880 858//858
f 858//858 880//880 881//881
f 858//858 881//881 859//859
f 859//859 881//881 882//882
f 859//859 882//882 860//860
f 860//860 882//882 883//883
f 860//860 883//883 861//861
f 861//861 883//883 884//884
f 861//861 884//884 862//862
f 862//862 884//884 885//885
f 862//862 885//885 863//863
f 863//863 885//885 886//886
f 863//863 886//886 864//864
f 864//864 886//886 887//887
f 864//864 887//887 865//865
f 865//865 887//887 888//888
f 865//865 888//888 866//866
f 867//867 889//889 890//890
f 867//867 890//890 868//868
f 868//868 890//890 891//891
f 868//868 891//891 869//869
f 869//869 891//891 892//892
f 869//869 892//892 870//870
f 870//870 892//892 893//893
f 870//870 893//893 871//871
f 871//871 893//893 894//894
f 871//871 894//894 872//872
f 872//872 894//894 895//895
f 872//872 895//895 873//873
f 873//873 895//895 896//896
f 873//873 896//896 874//874
f 874//874 896//896 897//897
f 874//874 897//897 875//875
f 875//875 897//897 898//898
f 875//875 898//898 876//876
f 876//876 898//898 899//899
f 876//876 899//899 877//877
f 877//877 899//899 900//900
f 877//877 900//900 878//878
f 878//878 900//900 901//901
f 878//878 901//901 879//879
f 879//879 901//901 902//902
f 879//879 902//902 880//880
f 880//880 902//902 903//903
f 880//880 903//903 881//881
f 881//881 903//903 904//904
f 881//881 904//904 882//882
f 882//882 904//904 905//905
f 882//882 905//905 883//883
f 883//883 905//905 906//906
f 883//883 906//906 884//884
f 884//884 906//906 907//907
f 884//884 907//907 885//885
f 885//885 907//907 908//908
f 885//885 908//908 886//886
f 886//886 908//908 909//909
f 886//886 909//909 887//887
f 887//887 909//909 910//910
f 887//887 910//910 888//888
f 786//786 788//788 787//787
f 787//787 788//788 790//790
f 787//787 790//790 911//911
f 911//911 790//790 866//866
f 911//911 866//866 912//912
f 912//912 866//866 888//888
f 912//912 888//888 913//913
f 913//913 888//888 910//910
f 913//913 910//910 914//914
f 914//914 915//915 913//913
f 913//913 915//915 916//916
f 913//913 916//916 912//912
f 912//912 916//916 917//917
f 912//912 917//917 911//911
f 911//911 917//917 918//918
f 911//911 918//918 787//787
f 787//787 918//918 826//826
f 787//787 826//826 785//785
f 785//785 826//826 825//825
f 915//915 919//919 916//916
f 916//916 919//919 889//889
f 916//916 889//889 917//917
f 917//917 889//889 867//867
f 917//917 867//867 918//918
f 918//918 867//867 845//845
f 918//918 845//845 826//826
f 826//826 845//845 828//828
f 826//826 828//828 824//824
f 824//824 828//828 827//827
f 919//919 920//920 889//889
f 889//889 920//920 921//921
f 889//889 921//921 890//890
f 890//890 921//921 922//922
f 890//890 922//922 891//891
f 891//891 922//922 923//923
f 891//891 923//923 892//892
f 892//892 923//923 924//924
f 892//892 924//924 893//893
f 893//893 924//924 925//925
f 893//893 925//925 894//894
f 894//894 925//925 926//926
f 894//894 926//926 895//895
f 895//895 926//926 927//927
f 895//895 927//927 896//896
f 896//896 927//927 928//928
f 896//896 928//928 897//897
f 897//897 928//928 929//929
f 897//897 929//929 898//898
f 898//898 929//929 930//930
f 898//898 930//930 899//899
f 899//899 930//930 931//931
f 899//899 931//931 900//900
f 900//900 931//931 932//932
f 900//900 932//932 901//901
f 901//901 932//932 933//933
f 901//901 933//933 902//902
f 902//902 933//933 934//934
f 902//902 934//934 903//903
f 903//903 934//934 935//935
f 903//903 935//935 904//904
f 904//904 935//935 936//936
f 904//904 936//936 905//905
f 905//905 936//936 937//937
f 905//905 937//937 906//906
f 906//906 937//937 938//938
f 906//906 938//938 907//907
f 907//907 938//938 939//939
f 907//907 939//939 908//908
f 908//908 939//939 940//940
f 908//908 940//940 909//909
f 909//909 940//940 941//941
f 909//909 941//941 910//910
f 910//910 941//941 942//942
f 910//910 942//942 914//914
f 943//943 919//919 944//944
f 944//944 919//919 915//915
f 945//945 946//946 914//914
f 914//914 946//946 947//947
f 914//914 947//947 915//915
f 915//915 947//947 948//948
f 915//915 948//948 944//944
f 945//945 914//914 949//949
f 949//949 914//914 942//942
f 949//949 942//942 950//950
f 950//950 942//942 951//951
f 951//951 942//942 941//941
f 951//951 941//941 952//952
f 952//952 941//941 953//953
f 953//953 941//941 940//940
f 953//953 940//940 954//954
f 954//954 940//940 939//939
f 954//954 939//939 955//955
f 936//936 956//956 937//937
f 937//937 956//956 955//955
f 937//937 955//955 938//938
f 938//938 955//955 939//939
f 936//936 935//935 956//956
f 956//956 935//935 934//934
f 956//956 934//934 957//957
f 957//957 934//934 933//933
f 957//957 933//933 958//958
f 959//959 960//960 961//961
f 961//961 960//960 962//962
f 959//959 963//963 964//964
f 964//964 963//963 965//965
f 964//964 965//965 966//966
f 967//967 968//968 964//964
f 964//964 968//968 969//969
f 964//964 969//969 959//959
f 959//959 969//969 955//955
f 959//959 955//955 960//960
f 960//960 955//955 956//956
f 960//960 956//956 962//962
f 966//966 970//970 964//964
f 964//964 970//970 971//971
f 964//964 971//971 972//972
f 972//972 973//973 964//964
f 964//964 973//973 974//974
f 964//964 974//974 967//967
f 958//958 933//933 975//975
f 975//975 933//933 932//932
f 975//975 932//932 976//976
f 976//976 932//932 931//931
f 976//976 931//931 977//977
f 977//977 931//931 978//978
f 978//978 931//931 930//930
f 978//978 930//930 979//979
f 979//979 930//930 929//929
f 979//979 929//929 980//980
f 980//980 929//929 928//928
f 980//980 928//928 981//981
f 981//981 928//928 927//927
f 981//981 927//927 982//982
f 927//927 926//926 982//982
f 982//982 926//926 925//925
f 982//982 925//925 924//924
f 983//983 921//921 943//943
f 943//943 921//921 920//920
f 943//943 920//920 919//919
f 923//923 922//922 984//984
f 984//984 922//922 921//921
f 984//984 921//921 985//985
f 985//985 921//921 983//983
f 986//986 987//987 988//988
f 987//987 989//989 988//988
f 988//988 989//989 982//982
f 988//988 982//982 984//984
f 984//984 982//982 924//924
f 984//984 924//924 923//923
f 990//990 991//991 992//992
f 992//992 991//991 993//993
f 992//992 993//993 994//994
f 995//995 996//996 992//992
f 992//992 996//996 997//997
f 984//984 998//998 988//988
f 988//988 998//998 990//990
f 988//988 990//990 986//986
f 986//986 990//990 992//992
f 986//986 992//992 999//999
f 999//999 992//992 997//997
f 994//994 1000//1000 992//992
f 992//992 1000//1000 1001//1001
f 992//992 1001//1001 995//995
f 1002//1002 834//834 844//844
f 1002//1002 844//844 1003//1003
f 1004//1004 837//837 1002//1002
f 1002//1002 837//837 836//836
f 1002//1002 836//836 834//834
f 1005//1005 830//830 1004//1004
f 1004//1004 830//830 784//784
f 1004//1004 784//784 837//837
f 824//824 827//827 1006//1006
f 1006//1006 827//827 832//832
f 1006//1006 832//832 1005//1005
f 1005//1005 832//832 831//831
f 1005//1005 831//831 830//830
f 824//824 1006//1006 825//825
f 825//825 1006//1006 1007//1007
f 825//825 1007//1007 785//785
f 785//785 1007//1007 786//786
f 786//786 1007//1007 1008//1008
f 786//786 1008//1008 788//788
f 788//788 1008//1008 789//789
f 789//789 1008//1008 1009//1009
f 789//789 1009//1009 821//821
f 1010//1010 816//816 823//823
f 1010//1010 823//823 1009//1009
f 1009//1009 823//823 822//822
f 1009//1009 822//822 821//821
f 1011//1011 811//811 810//810
f 1011//1011 810//810 1012//1012
f 810//810 793//793 1012//1012
f 1012//1012 793//793 819//819
f 1012//1012 819//819 1010//1010
f 1010//1010 819//819 818//818
f 1010//1010 818//818 816//816
f 811//811 1011//1011 813//813
f 813//813 1011//1011 1013//1013
f 813//813 1013//1013 814//814
f 1014//1014 807//807 1013//1013
f 1013//1013 807//807 796//796
f 1013//1013 796//796 814//814
f 1015//1015 809//809 1014//1014
f 1014//1014 809//809 808//808
f 1014//1014 808//808 807//807
f 798//798 806//806 1016//1016
f 1016//1016 806//806 805//805
f 1016//1016 805//805 1015//1015
f 1015//1015 805//805 803//803
f 1015//1015 803//803 809//809
f 798//798 1016//1016 800//800
f 800//800 1016//1016 1017//1017
f 800//800 1017//1017 838//838
f 844//844 843//843 1003//1003
f 1003//1003 843//843 841//841
f 1003//1003 841//841 1017//1017
f 1017//1017 841//841 839//839
f 1017//1017 839//839 838//838
f 629//629 1018//1018 640//640
f 640//640 1018//1018 1019//1019
f 669//669 670//670 1020//1020
f 1001//1001 1021//1021 1022//1022
f 1023//1023 1024//1024 1025//1025
f 1026//1026 651//651 650//650
f 1027//1027 1028//1028 1029//1029
f 947//947 1028//1028 948//948
f 948//948 1028//1028 1027//1027
f 948//948 1027//1027 944//944
f 944//944 1027//1027 943//943
f 984//984 985//985 1030//1030
f 1030//1030 985//985 983//983
f 1030//1030 1031//1031 984//984
f 984//984 1031//1031 1032//1032
f 984//984 1032//1032 998//998
f 998//998 1032//1032 1033//1033
f 998//998 1033//1033 990//990
f 1033//1033 1034//1034 990//990
f 990//990 1034//1034 1035//1035
f 990//990 1035//1035 991//991
f 991//991 1035//1035 1036//1036
f 991//991 1036//1036 993//993
f 993//993 1036//1036 1037//1037
f 1021//1021 1001//1001 1038//1038
f 1038//1038 1001//1001 1000//1000
f 1038//1038 1000//1000 1037//1037
f 1037//1037 1000//1000 994//994
f 1037//1037 994//994 993//993
f 999//999 997//997 1039//1039
f 1039//1039 997//997 996//996
f 1039//1039 996//996 1022//1022
f 1022//1022 996//996 995//995
f 1022//1022 995//995 1001//1001
f 1039//1039 1040//1040 999//999
f 999//999 1040//1040 1041//1041
f 999//999 1041//1041 986//986
f 986//986 1041//1041 1042//1042
f 986//986 1042//1042 987//987
f 987//987 1042//1042 1043//1043
f 987//987 1043//1043 989//989
f 989//989 1043//1043 982//982
f 982//982 1043//1043 1044//1044
f 982//982 1044//1044 981//981
f 1044//1044 1045//1045 981//981
f 981//981 1045//1045 1046//1046
f 981//981 1046//1046 980//980
f 1047//1047 1048//1048 1049//1049
f 1049//1049 1048//1048 1050//1050
f 980//980 1046//1046 979//979
f 979//979 1046//1046 1049//1049
f 979//979 1049//1049 978//978
f 978//978 1049//1049 1050//1050
f 978//978 1050//1050 977//977
f 674//674 675//675 1051//1051
f 1051//1051 675//675 677//677
f 1051//1051 677//677 1052//1052
f 669//669 1020//1020 667//667
f 696//696 1053//1053 694//694
f 694//694 1053//1053 1054//1054
f 694//694 1054//1054 693//693
f 693//693 1054//1054 1055//1055
f 693//693 1055//1055 691//691
f 691//691 1055//1055 1056//1056
f 677//677 679//679 1052//1052
f 1052//1052 679//679 681//681
f 1052//1052 681//681 1057//1057
f 1057//1057 681//681 683//683
f 1057//1057 683//683 1058//1058
f 1058//1058 683//683 685//685
f 1058//1058 685//685 1059//1059
f 1059//1059 685//685 688//688
f 1059//1059 688//688 1056//1056
f 1056//1056 688//688 690//690
f 1056//1056 690//690 691//691
f 1053//1053 1060//1060 1054//1054
f 1054//1054 1060//1060 1061//1061
f 1054//1054 1061//1061 1055//1055
f 1055//1055 1061//1061 1062//1062
f 1055//1055 1062//1062 1056//1056
f 1056//1056 1062//1062 1063//1063
f 1056//1056 1063//1063 1059//1059
f 1059//1059 1063//1063 1064//1064
f 1059//1059 1064//1064 1058//1058
f 1058//1058 1064//1064 1065//1065
f 1058//1058 1065//1065 1057//1057
f 1057//1057 1065//1065 1066//1066
f 1057//1057 1066//1066 1052//1052
f 1052//1052 1066//1066 1067//1067
f 1052//1052 1067//1067 1051//1051
f 1051//1051 1067//1067 1068//1068
f 1051//1051 1068//1068 674//674
f 674//674 1068//1068 1069//1069
f 1029//1029 1070//1070 1027//1027
f 1027//1027 1070//1070 1030//1030
f 1027//1027 1030//1030 943//943
f 943//943 1030//1030 983//983
f 1060//1060 1047//1047 1061//1061
f 1061//1061 1047//1047 1049//1049
f 1061//1061 1049//1049 1062//1062
f 1062//1062 1049//1049 1046//1046
f 1062//1062 1046//1046 1063//1063
f 1063//1063 1046//1046 1045//1045
f 1063//1063 1045//1045 1064//1064
f 1064//1064 1045//1045 1044//1044
f 1064//1064 1044//1044 1065//1065
f 1065//1065 1044//1044 1043//1043
f 1065//1065 1043//1043 1066//1066
f 1066//1066 1043//1043 1042//1042
f 1066//1066 1042//1042 1067//1067
f 1067//1067 1042//1042 1041//1041
f 1067//1067 1041//1041 1068//1068
f 1068//1068 1041//1041 1040//1040
f 1068//1068 1040//1040 1069//1069
f 1069//1069 1040//1040 1039//1039
f 1069//1069 1039//1039 1071//1071
f 1071//1071 1039//1039 1022//1022
f 1071//1071 1022//1022 1072//1072
f 1072//1072 1022//1022 1021//1021
f 1072//1072 1021//1021 1073//1073
f 1073//1073 1021//1021 1038//1038
f 1073//1073 1038//1038 1074//1074
f 1074//1074 1038//1038 1037//1037
f 1074//1074 1037//1037 1075//1075
f 1075//1075 1037//1037 1036//1036
f 1075//1075 1036//1036 1076//1076
f 1076//1076 1036//1036 1035//1035
f 1076//1076 1035//1035 1077//1077
f 1077//1077 1035//1035 1034//1034
f 1077//1077 1034//1034 1078//1078
f 1078//1078 1034//1034 1033//1033
f 1078//1078 1033//1033 1079//1079
f 1079//1079 1033//1033 1032//1032
f 1079//1079 1032//1032 1080//1080
f 1080//1080 1032//1032 1031//1031
f 1080//1080 1031//1031 1081//1081
f 1081//1081 1031//1031 1030//1030
f 1081//1081 1030//1030 1082//1082
f 1082//1082 1030//1030 1070//1070
f 1024//1024 1026//1026 1025//1025
f 1025//1025 1026//1026 650//650
f 1025//1025 650//650 1083//1083
f 1083//1083 650//650 643//643
f 1083//1083 643//643 1084//1084
f 1084//1084 643//643 646//646
f 1084//1084 646//646 1085//1085
f 1085//1085 646//646 1019//1019
f 1019//1019 646//646 638//638
f 1019//1019 638//638 640//640
f 660//660 1086//1086 658//658
f 658//658 1086//1086 1087//1087
f 658//658 1087//1087 635//635
f 635//635 1087//1087 631//631
f 631//631 1087//1087 1088//1088
f 631//631 1088//1088 629//629
f 629//629 1088//1088 1089//1089
f 629//629 1089//1089 1018//1018
f 660//660 662//662 1086//1086
f 1086//1086 662//662 663//663
f 1086//1086 663//663 1090//1090
f 1090//1090 663//663 664//664
f 1090//1090 664//664 1020//1020
f 1020//1020 664//664 665//665
f 1020//1020 665//665 667//667
f 1029//1029 1023//1023 1070//1070
f 1070//1070 1023//1023 1025//1025
f 1070//1070 1025//1025 1082//1082
f 1082//1082 1025//1025 1083//1083
f 1082//1082 1083//1083 1081//1081
f 1081//1081 1083//1083 1084//1084
f 1081//1081 1084//1084 1080//1080
f 1080//1080 1084//1084 1085//1085
f 1080//1080 1085//1085 1079//1079
f 1079//1079 1085//1085 1019//1019
f 1079//1079 1019//1019 1078//1078
f 1078//1078 1019//1019 1018//1018
f 1078//1078 1018//1018 1077//1077
f 1077//1077 1018//1018 1089//1089
f 1077//1077 1089//1089 1076//1076
f 1076//1076 1089//1089 1088//1088
f 1076//1076 1088//1088 1075//1075
f 1075//1075 1088//1088 1087//1087
f 1075//1075 1087//1087 1074//1074
f 1074//1074 1087//1087 1086//1086
f 1074//1074 1086//1086 1073//1073
f 1073//1073 1086//1086 1090//1090
f 1073//1073 1090//1090 1072//1072
f 1072//1072 1090//1090 1020//1020
f 1072//1072 1020//1020 1071//1071
f 1071//1071 1020//1020 670//670
f 1071//1071 670//670 1069//1069
f 1069//1069 670//670 672//672
f 1069//1069 672//672 674//674
f 1050//1050 1048//1048 1091//1091
f 1047//1047 1060//1060 1092//1092
f 1093//1093 741//741 1094//1094
f 1094//1094 741//741 749//749
f 1023//1023 1029//1029 1095//1095
f 1096//1096 1026//1026 1024//1024
f 651//651 1026//1026 776//776
f 776//776 1026//1026 1096//1096
f 776//776 1096//1096 775//775
f 1024//1024 1097//1097 1096//1096
f 1096//1096 1097//1097 1098//1098
f 1096//1096 1098//1098 775//775
f 775//775 1098//1098 1099//1099
f 775//775 1099//1099 774//774
f 774//774 1099//1099 773//773
f 773//773 1099//1099 1100//1100
f 773//773 1100//1100 769//769
f 769//769 1100//1100 1101//1101
f 769//769 1101//1101 767//767
f 767//767 1101//1101 1102//1102
f 767//767 1102//1102 763//763
f 758//758 760//760 1103//1103
f 1103//1103 760//760 762//762
f 1103//1103 762//762 1102//1102
f 1102//1102 762//762 764//764
f 1102//1102 764//764 763//763
f 758//758 1103//1103 756//756
f 756//756 1103//1103 1104//1104
f 756//756 1104//1104 751//751
f 751//751 1104//1104 1105//1105
f 751//751 1105//1105 749//749
f 749//749 1105//1105 1106//1106
f 749//749 1106//1106 1094//1094
f 1107//1107 737//737 1093//1093
f 1093//1093 737//737 739//739
f 1093//1093 739//739 741//741
f 1108//1108 734//734 1109//1109
f 1109//1109 734//734 736//736
f 1109//1109 736//736 1110//1110
f 1110//1110 736//736 742//742
f 1110//1110 742//742 1107//1107
f 1107//1107 742//742 744//744
f 1107//1107 744//744 737//737
f 1111//1111 729//729 1108//1108
f 1108//1108 729//729 731//731
f 1108//1108 731//731 734//734
f 1112//1112 726//726 1111//1111
f 1111//1111 726//726 728//728
f 1111//1111 728//728 729//729
f 1113//1113 698//698 1114//1114
f 1114//1114 698//698 722//722
f 1114//1114 722//722 1112//1112
f 1112//1112 722//722 724//724
f 1112//1112 724//724 726//726
f 709//709 702//702 1115//1115
f 1115//1115 702//702 701//701
f 1115//1115 701//701 1113//1113
f 1113//1113 701//701 699//699
f 1113//1113 699//699 698//698
f 709//709 1115//1115 710//710
f 710//710 1115//1115 1116//1116
f 710//710 1116//1116 712//712
f 712//712 1116//1116 1117//1117
f 712//712 1117//1117 714//714
f 714//714 1117//1117 716//716
f 716//716 1117//1117 1118//1118
f 716//716 1118//1118 718//718
f 718//718 1118//1118 1119//1119
f 718//718 1119//1119 720//720
f 720//720 1119//1119 1053//1053
f 720//720 1053//1053 696//696
f 1120//1120 1121//1121 967//967
f 967//967 1121//1121 968//968
f 1028//1028 947//947 1122//1122
f 1122//1122 947//947 946//946
f 1122//1122 946//946 1123//1123
f 1123//1123 946//946 945//945
f 1123//1123 945//945 1124//1124
f 1124//1124 945//945 949//949
f 1124//1124 949//949 1125//1125
f 1125//1125 949//949 950//950
f 1125//1125 950//950 1126//1126
f 950//950 951//951 1126//1126
f 1126//1126 951//951 952//952
f 1126//1126 952//952 1127//1127
f 1127//1127 952//952 953//953
f 1127//1127 953//953 1128//1128
f 1128//1128 953//953 954//954
f 1128//1128 954//954 1129//1129
f 1129//1129 954//954 955//955
f 1129//1129 955//955 1130//1130
f 1130//1130 955//955 969//969
f 1130//1130 969//969 1131//1131
f 1131//1131 969//969 968//968
f 1131//1131 968//968 1132//1132
f 1132//1132 968//968 1121//1121
f 962//962 956//956 1133//1133
f 1133//1133 956//956 957//957
f 977//977 1050//1050 976//976
f 976//976 1050//1050 1091//1091
f 976//976 1091//1091 975//975
f 975//975 1091//1091 1134//1134
f 975//975 1134//1134 958//958
f 958//958 1134//1134 1135//1135
f 958//958 1135//1135 957//957
f 957//957 1135//1135 1136//1136
f 957//957 1136//1136 1133//1133
f 962//962 1133//1133 961//961
f 961//961 1133//1133 1137//1137
f 961//961 1137//1137 959//959
f 959//959 1137//1137 1138//1138
f 959//959 1138//1138 1139//1139
f 1048//1048 1047//1047 1091//1091
f 1091//1091 1047//1047 1092//1092
f 1091//1091 1092//1092 1134//1134
f 1134//1134 1092//1092 1140//1140
f 1134//1134 1140//1140 1135//1135
f 1135//1135 1140//1140 1141//1141
f 1135//1135 1141//1141 1136//1136
f 1136//1136 1141//1141 1142//1142
f 1136//1136 1142//1142 1133//1133
f 1133//1133 1142//1142 1143//1143
f 1133//1133 1143//1143 1137//1137
f 1137//1137 1143//1143 1144//1144
f 1137//1137 1144//1144 1138//1138
f 1138//1138 1144//1144 1145//1145
f 1138//1138 1145//1145 1139//1139
f 1139//1139 1145//1145 1146//1146
f 1139//1139 1146//1146 1147//1147
f 1147//1147 1146//1146 1148//1148
f 1147//1147 1148//1148 1149//1149
f 1149//1149 1148//1148 1150//1150
f 1149//1149 1150//1150 1151//1151
f 1151//1151 1150//1150 1152//1152
f 1151//1151 1152//1152 1153//1153
f 1153//1153 1152//1152 1154//1154
f 1153//1153 1154//1154 1155//1155
f 1155//1155 1154//1154 1156//1156
f 1155//1155 1156//1156 1120//1120
f 1120//1120 1156//1156 1157//1157
f 1120//1120 1157//1157 1121//1121
f 1121//1121 1157//1157 1158//1158
f 1121//1121 1158//1158 1132//1132
f 1132//1132 1158//1158 1159//1159
f 1132//1132 1159//1159 1131//1131
f 1131//1131 1159//1159 1160//1160
f 1131//1131 1160//1160 1130//1130
f 1130//1130 1160//1160 1161//1161
f 1130//1130 1161//1161 1129//1129
f 1129//1129 1161//1161 1162//1162
f 1129//1129 1162//1162 1128//1128
f 1128//1128 1162//1162 1163//1163
f 1128//1128 1163//1163 1127//1127
f 1127//1127 1163//1163 1164//1164
f 1127//1127 1164//1164 1126//1126
f 1126//1126 1164//1164 1165//1165
f 1126//1126 1165//1165 1125//1125
f 1125//1125 1165//1165 1166//1166
f 1125//1125 1166//1166 1124//1124
f 1124//1124 1166//1166 1167//1167
f 1124//1124 1167//1167 1123//1123
f 1123//1123 1167//1167 1095//1095
f 1123//1123 1095//1095 1122//1122
f 1122//1122 1095//1095 1029//1029
f 1122//1122 1029//1029 1028//1028
f 967//967 974//974 1120//1120
f 1120//1120 974//974 973//973
f 1120//1120 973//973 1155//1155
f 1155//1155 973//973 972//972
f 1155//1155 972//972 1153//1153
f 1153//1153 972//972 971//971
f 1153//1153 971//971 1151//1151
f 1151//1151 971//971 970//970
f 1151//1151 970//970 1149//1149
f 1149//1149 970//970 966//966
f 1149//1149 966//966 1147//1147
f 1147//1147 966//966 965//965
f 1147//1147 965//965 1139//1139
f 1139//1139 965//965 963//963
f 1139//1139 963//963 959//959
f 1024//1024 1023//1023 1097//1097
f 1097//1097 1023//1023 1095//1095
f 1097//1097 1095//1095 1098//1098
f 1098//1098 1095//1095 1167//1167
f 1098//1098 1167//1167 1099//1099
f 1099//1099 1167//1167 1166//1166
f 1099//1099 1166//1166 1100//1100
f 1100//1100 1166//1166 1165//1165
f 1100//1100 1165//1165 1101//1101
f 1101//1101 1165//1165 1164//1164
f 1101//1101 1164//1164 1102//1102
f 1102//1102 1164//1164 1163//1163
f 1102//1102 1163//1163 1103//1103
f 1103//1103 1163//1163 1162//1162
f 1103//1103 1162//1162 1104//1104
f 1104//1104 1162//1162 1161//1161
f 1104//1104 1161//1161 1105//1105
f 1105//1105 1161//1161 1160//1160
f 1105//1105 1160//1160 1106//1106
f 1106//1106 1160//1160 1159//1159
f 1106//1106 1159//1159 1094//1094
f 1094//1094 1159//1159 1158//1158
f 1094//1094 1158//1158 1093//1093
f 1093//1093 1158//1158 1157//1157
f 1093//1093 1157//1157 1107//1107
f 1107//1107 1157//1157 1156//1156
f 1107//1107 1156//1156 1110//1110
f 1110//1110 1156//1156 1154//1154
f 1110//1110 1154//1154 1109//1109
f 1109//1109 1154//1154 1152//1152
f 1109//1109 1152//1152 1108//1108
f 1108//1108 1152//1152 1150//1150
f 1108//1108 1150//1150 1111//1111
f 1111//1111 1150//1150 1148//1148
f 1111//1111 1148//1148 1112//1112
f 1112//1112 1148//1148 1146//1146
f 1112//1112 1146//1146 1114//1114
f 1114//1114 1146//1146 1145//1145
f 1114//1114 1145//1145 1113//1113
f 1113//1113 1145//1145 1144//1144
f 1113//1113 1144//1144 1115//1115
f 1115//1115 1144//1144 1143//1143
f 1115//1115 1143//1143 1116//1116
f 1116//1116 1143//1143 1142//1142
f 1116//1116 1142//1142 1117//1117
f 1117//1117 1142//1142 1141//1141
f 1117//1117 1141//1141 1118//1118
f 1118//1118 1141//1141 1140//1140
f 1118//1118 1140//1140 1119//1119
f 1119//1119 1140//1140 1092//1092
f 1119//1119 1092//1092 1053//1053
f 1053//1053 1092//1092 1060//1060
f 1168//1168 1169//1169 1170//1170
f 1170//1170 1169//1169 1171//1171
f 1170//1170 1171//1171 1172//1172
f 1172//1172 1171//1171 1173//1173
f 1172//1172 1173//1173 1174//1174
f 1174//1174 1173//1173 1175//1175
f 1174//1174 1175//1175 1176//1176
f 1176//1176 1175//1175 1177//1177
f 1176//1176 1177//1177 1178//1178
f 1178//1178 1177//1177 1179//1179
f 1178//1178 1179//1179 1180//1180
f 1180//1180 1179//1179 1181//1181
f 1180//1180 1181//1181 1182//1182
f 1182//1182 1181//1181 1183//1183
f 1182//1182 1183//1183 1184//1184
f 1184//1184 1183//1183 1185//1185
f 1184//1184 1185//1185 1186//1186
f 1186//1186 1185//1185 1187//1187
f 1186//1186 1187//1187 1188//1188
f 1188//1188 1187//1187 1189//1189
f 1188//1188 1189//1189 1190//1190
f 1190//1190 1189//1189 1191//1191
f 1190//1190 1191//1191 1168//1168
f 1168//1168 1191//1191 1169//1169
f 1189//1189 1187//1187 1192//1192
f 1169//1169 1193//1193 1171//1171
f 1171//1171 1193//1193 1194//1194
f 1171//1171 1194//1194 1173//1173
f 1173//1173 1194//1194 1195//1195
f 1173//1173 1195//1195 1175//1175
f 1175//1175 1195//1195 1196//1196
f 1175//1175 1196//1196 1177//1177
f 1177//1177 1196//1196 1197//1197
f 1177//1177 1197//1197 1179//1179
f 1179//1179 1197//1197 1198//1198
f 1179//1179 1198//1198 1181//1181
f 1183//1183 1199//1199 1185//1185
f 1185//1185 1199//1199 1200//1200
f 1185//1185 1200//1200 1187//1187
f 1187//1187 1200//1200 1201//1201
f 1187//1187 1201//1201 1192//1192
f 1198//1198 1202//1202 1181//1181
f 1181//1181 1202//1202 1203//1203
f 1181//1181 1203//1203 1183//1183
f 1183//1183 1203//1203 1204//1204
f 1183//1183 1204//1204 1199//1199
f 1192//1192 1205//1205 1189//1189
f 1189//1189 1205//1205 1206//1206
f 1189//1189 1206//1206 1191//1191
f 1191//1191 1206//1206 1207//1207
f 1191//1191 1207//1207 1169//1169
f 1169//1169 1207//1207 1208//1208
f 1169//1169 1208//1208 1193//1193
f 1172//1172 1003//1003 1170//1170
f 1170//1170 1003//1003 1017//1017
f 1170//1170 1017//1017 1168//1168
f 1168//1168 1017//1017 1016//1016
f 1168//1168 1016//1016 1190//1190
f 1184//1184 1010//1010 1182//1182
f 1182//1182 1010//1010 1009//1009
f 1182//1182 1009//1009 1180//1180
f 1180//1180 1009//1009 1008//1008
f 1180//1180 1008//1008 1178//1178
f 1008//1008 1007//1007 1178//1178
f 1178//1178 1007//1007 1006//1006
f 1178//1178 1006//1006 1176//1176
f 1176//1176 1006//1006 1005//1005
f 1176//1176 1005//1005 1174//1174
f 1174//1174 1005//1005 1004//1004
f 1174//1174 1004//1004 1172//1172
f 1172//1172 1004//1004 1002//1002
f 1172//1172 1002//1002 1003//1003
f 1016//1016 1015//1015 1190//1190
f 1190//1190 1015//1015 1014//1014
f 1190//1190 1014//1014 1188//1188
f 1188//1188 1014//1014 1013//1013
f 1188//1188 1013//1013 1186//1186
f 1186//1186 1013//1013 1011//1011
f 1186//1186 1011//1011 1184//1184
f 1184//1184 1011//1011 1012//1012
f 1184//1184 1012//1012 1010//1010
f 1209//1209 1210//1210 1211//1211
f 1212//1212 1213//1213 1214//1214
f 1214//1214 1213//1213 1215//1215
f 1214//1214 1215//1215 1216//1216
f 1216//1216 1215//1215 1217//1217
f 1216//1216 1217//1217 1218//1218
f 1218//1218 1217//1217 1209//1209
f 1218//1218 1209//1209 1219//1219
f 1219//1219 1209//1209 1211//1211
f 1220//1220 1221//1221 1222//1222
f 1222//1222 1221//1221 1223//1223
f 1224//1224 1225//1225 1226//1226
f 1227//1227 1228//1228 1229//1229
f 1229//1229 1228//1228 1230//1230
f 1231//1231 1232//1232 1233//1233
f 1234//1234 1235//1235 1236//1236
f 1225//1225 1237//1237 1226//1226
f 1226//1226 1237//1237 1238//1238
f 1226//1226 1238//1238 1239//1239
f 1220//1220 1240//1240 1225//1225
f 1225//1225 1240//1240 1241//1241
f 1225//1225 1241//1241 1237//1237
f 1242//1242 1221//1221 1220//1220
f 1220//1220 1225//1225 1242//1242
f 1242//1242 1225//1225 1224//1224
f 1242//1242 1224//1224 1243//1243
f 1243//1243 1224//1224 1244//1244
f 1243//1243 1244//1244 1245//1245
f 1246//1246 1247//1247 1248//1248
f 1248//1248 1247//1247 1249//1249
f 1250//1250 1244//1244 1251//1251
f 1251//1251 1244//1244 1224//1224
f 1251//1251 1224//1224 1252//1252
f 1252//1252 1224//1224 1226//1226
f 1252//1252 1226//1226 1234//1234
f 1234//1234 1226//1226 1239//1239
f 1234//1234 1239//1239 1235//1235
f 1253//1253 1254//1254 1255//1255
f 1249//1249 1250//1250 1248//1248
f 1248//1248 1250//1250 1251//1251
f 1248//1248 1251//1251 1256//1256
f 1256//1256 1251//1251 1252//1252
f 1256//1256 1252//1252 1257//1257
f 1257//1257 1252//1252 1234//1234
f 1257//1257 1234//1234 1231//1231
f 1231//1231 1234//1234 1236//1236
f 1231//1231 1236//1236 1232//1232
f 1258//1258 1253//1253 1259//1259
f 1259//1259 1253//1253 1255//1255
f 1259//1259 1255//1255 1260//1260
f 1260//1260 1255//1255 1261//1261
f 1260//1260 1261//1261 1262//1262
f 1233//1233 1263//1263 1258//1258
f 1258//1258 1263//1263 1264//1264
f 1258//1258 1264//1264 1253//1253
f 1253//1253 1264//1264 1265//1265
f 1253//1253 1265//1265 1254//1254
f 1254//1254 1265//1265 1228//1228
f 1254//1254 1228//1228 1255//1255
f 1255//1255 1228//1228 1227//1227
f 1255//1255 1227//1227 1261//1261
f 1261//1261 1227//1227 1229//1229
f 1229//1229 1266//1266 1261//1261
f 1261//1261 1266//1266 1267//1267
f 1261//1261 1267//1267 1262//1262
f 1262//1262 1267//1267 1268//1268
f 1262//1262 1268//1268 1269//1269
f 1233//1233 1258//1258 1231//1231
f 1231//1231 1258//1258 1259//1259
f 1231//1231 1259//1259 1257//1257
f 1257//1257 1259//1259 1260//1260
f 1257//1257 1260//1260 1256//1256
f 1256//1256 1260//1260 1262//1262
f 1256//1256 1262//1262 1248//1248
f 1248//1248 1262//1262 1269//1269
f 1248//1248 1269//1269 1246//1246
f 1264//1264 1263//1263 1270//1270
f 1230//1230 1228//1228 1271//1271
f 1271//1271 1228//1228 1265//1265
f 1271//1271 1265//1265 1272//1272
f 1272//1272 1265//1265 1264//1264
f 1272//1272 1264//1264 1273//1273
f 1273//1273 1264//1264 1270//1270
f 1273//1273 1270//1270 1274//1274
f 1275//1275 1276//1276 1277//1277
f 1274//1274 1278//1278 1273//1273
f 1273//1273 1278//1278 1279//1279
f 1273//1273 1279//1279 1272//1272
f 1272//1272 1279//1279 1275//1275
f 1272//1272 1275//1275 1271//1271
f 1271//1271 1275//1275 1277//1277
f 1271//1271 1277//1277 1230//1230
f 1245//1245 1280//1280 1243//1243
f 1221//1221 1242//1242 1281//1281
f 1281//1281 1242//1242 1243//1243
f 1281//1281 1243//1243 1282//1282
f 1282//1282 1243//1243 1280//1280
f 1282//1282 1280//1280 1283//1283
f 1284//1284 1285//1285 1286//1286
f 1283//1283 1287//1287 1282//1282
f 1282//1282 1287//1287 1284//1284
f 1282//1282 1284//1284 1281//1281
f 1281//1281 1284//1284 1286//1286
f 1281//1281 1286//1286 1221//1221
f 1221//1221 1286//1286 1223//1223
f 1288//1288 1201//1201 1289//1289
f 1289//1289 1201//1201 1200//1200
f 1289//1289 1200//1200 1290//1290
f 1290//1290 1200//1200 1199//1199
f 1192//1192 1291//1291 1205//1205
f 1205//1205 1291//1291 1292//1292
f 1205//1205 1292//1292 1206//1206
f 1206//1206 1292//1292 1293//1293
f 1294//1294 1295//1295 1296//1296
f 1297//1297 1294//1294 1298//1298
f 1294//1294 1296//1296 1298//1298
f 1298//1298 1296//1296 1299//1299
f 1298//1298 1299//1299 1300//1300
f 1300//1300 1299//1299 1301//1301
f 1300//1300 1301//1301 1302//1302
f 1302//1302 1301//1301 1303//1303
f 1302//1302 1303//1303 1304//1304
f 1297//1297 1298//1298 1305//1305
f 1305//1305 1298//1298 1300//1300
f 1305//1305 1300//1300 1306//1306
f 1306//1306 1300//1300 1302//1302
f 1306//1306 1302//1302 1307//1307
f 1307//1307 1302//1302 1304//1304
f 1307//1307 1304//1304 1308//1308
f 1309//1309 1303//1303 1301//1301
f 1310//1310 1311//1311 1309//1309
f 1311//1311 1310//1310 1291//1291
f 1309//1309 1301//1301 1310//1310
f 1310//1310 1301//1301 1299//1299
f 1310//1310 1299//1299 1312//1312
f 1312//1312 1299//1299 1296//1296
f 1312//1312 1296//1296 1313//1313
f 1313//1313 1296//1296 1295//1295
f 1313//1313 1295//1295 1314//1314
f 1291//1291 1310//1310 1315//1315
f 1315//1315 1310//1310 1312//1312
f 1315//1315 1312//1312 1316//1316
f 1316//1316 1312//1312 1313//1313
f 1316//1316 1313//1313 1317//1317
f 1317//1317 1313//1313 1314//1314
f 1317//1317 1314//1314 1318//1318
f 1319//1319 1320//1320 1321//1321
f 1318//1318 1319//1319 1322//1322
f 1319//1319 1321//1321 1322//1322
f 1322//1322 1321//1321 1323//1323
f 1322//1322 1323//1323 1324//1324
f 1324//1324 1323//1323 1325//1325
f 1324//1324 1325//1325 1326//1326
f 1326//1326 1325//1325 1293//1293
f 1326//1326 1293//1293 1292//1292
f 1318//1318 1322//1322 1317//1317
f 1317//1317 1322//1322 1324//1324
f 1317//1317 1324//1324 1316//1316
f 1316//1316 1324//1324 1326//1326
f 1316//1316 1326//1326 1315//1315
f 1315//1315 1326//1326 1292//1292
f 1315//1315 1292//1292 1291//1291
f 1327//1327 1328//1328 1329//1329
f 1330//1330 1331//1331 1332//1332
f 1333//1333 1334//1334 1335//1335
f 1335//1335 1334//1334 1336//1336
f 1335//1335 1336//1336 1337//1337
f 1337//1337 1336//1336 1338//1338
f 1337//1337 1338//1338 1339//1339
f 1339//1339 1338//1338 1340//1340
f 1340//1340 1338//1338 1341//1341
f 1340//1340 1341//1341 1342//1342
f 1342//1342 1341//1341 1343//1343
f 1342//1342 1343//1343 1344//1344
f 1344//1344 1343//1343 1345//1345
f 1344//1344 1345//1345 1346//1346
f 1346//1346 1345//1345 1347//1347
f 1347//1347 1345//1345 1348//1348
f 1347//1347 1348//1348 1349//1349
f 1349//1349 1348//1348 1350//1350
f 1350//1350 1348//1348 1351//1351
f 1350//1350 1351//1351 1352//1352
f 1352//1352 1351//1351 1353//1353
f 1352//1352 1353//1353 1354//1354
f 1354//1354 1353//1353 1355//1355
f 1355//1355 1353//1353 1356//1356
f 1355//1355 1356//1356 1357//1357
f 1358//1358 1359//1359 1360//1360
f 1360//1360 1359//1359 1361//1361
f 1360//1360 1361//1361 1356//1356
f 1356//1356 1361//1361 1362//1362
f 1356//1356 1362//1362 1357//1357
f 1363//1363 1364//1364 1365//1365
f 1307//1307 1308//1308 1366//1366
f 1366//1366 1308//1308 1367//1367
f 1366//1366 1367//1367 1368//1368
f 1334//1334 1369//1369 1370//1370
f 1334//1334 1370//1370 1336//1336
f 1336//1336 1370//1370 1371//1371
f 1336//1336 1371//1371 1338//1338
f 1338//1338 1371//1371 1372//1372
f 1338//1338 1372//1372 1341//1341
f 1341//1341 1372//1372 1373//1373
f 1341//1341 1373//1373 1343//1343
f 1343//1343 1373//1373 1374//1374
f 1343//1343 1374//1374 1345//1345
f 1345//1345 1374//1374 1375//1375
f 1345//1345 1375//1375 1348//1348
f 1348//1348 1375//1375 1376//1376
f 1348//1348 1376//1376 1351//1351
f 1351//1351 1376//1376 1377//1377
f 1351//1351 1377//1377 1353//1353
f 1353//1353 1377//1377 1378//1378
f 1353//1353 1378//1378 1356//1356
f 1356//1356 1378//1378 1379//1379
f 1356//1356 1379//1379 1360//1360
f 1380//1380 1381//1381 1382//1382
f 1306//1306 1307//1307 1383//1383
f 1383//1383 1307//1307 1366//1366
f 1383//1383 1366//1366 1363//1363
f 1363//1363 1366//1366 1368//1368
f 1363//1363 1368//1368 1364//1364
f 1328//1328 1384//1384 1329//1329
f 1329//1329 1384//1384 1385//1385
f 1329//1329 1385//1385 1369//1369
f 1369//1369 1385//1385 1370//1370
f 1370//1370 1385//1385 1386//1386
f 1370//1370 1386//1386 1371//1371
f 1371//1371 1386//1386 1387//1387
f 1371//1371 1387//1387 1372//1372
f 1372//1372 1387//1387 1388//1388
f 1372//1372 1388//1388 1373//1373
f 1373//1373 1388//1388 1389//1389
f 1373//1373 1389//1389 1374//1374
f 1374//1374 1389//1389 1390//1390
f 1374//1374 1390//1390 1375//1375
f 1375//1375 1390//1390 1391//1391
f 1375//1375 1391//1391 1376//1376
f 1376//1376 1391//1391 1392//1392
f 1376//1376 1392//1392 1377//1377
f 1377//1377 1392//1392 1393//1393
f 1377//1377 1393//1393 1378//1378
f 1378//1378 1393//1393 1394//1394
f 1378//1378 1394//1394 1379//1379
f 1395//1395 1382//1382 1396//1396
f 1396//1396 1382//1382 1381//1381
f 1396//1396 1381//1381 1397//1397
f 1305//1305 1306//1306 1395//1395
f 1395//1395 1306//1306 1383//1383
f 1395//1395 1383//1383 1382//1382
f 1382//1382 1383//1383 1363//1363
f 1382//1382 1363//1363 1380//1380
f 1380//1380 1363//1363 1365//1365
f 1320//1320 1398//1398 1321//1321
f 1321//1321 1398//1398 1399//1399
f 1321//1321 1399//1399 1323//1323
f 1323//1323 1399//1399 1332//1332
f 1323//1323 1332//1332 1325//1325
f 1325//1325 1332//1332 1331//1331
f 1325//1325 1331//1331 1293//1293
f 1320//1320 1327//1327 1398//1398
f 1398//1398 1327//1327 1329//1329
f 1398//1398 1329//1329 1399//1399
f 1399//1399 1329//1329 1369//1369
f 1399//1399 1369//1369 1332//1332
f 1332//1332 1369//1369 1334//1334
f 1332//1332 1334//1334 1330//1330
f 1330//1330 1334//1334 1333//1333
f 1384//1384 1400//1400 1385//1385
f 1385//1385 1400//1400 1401//1401
f 1385//1385 1401//1401 1386//1386
f 1386//1386 1401//1401 1402//1402
f 1386//1386 1402//1402 1387//1387
f 1387//1387 1402//1402 1403//1403
f 1387//1387 1403//1403 1388//1388
f 1388//1388 1403//1403 1404//1404
f 1388//1388 1404//1404 1389//1389
f 1389//1389 1404//1404 1405//1405
f 1389//1389 1405//1405 1390//1390
f 1390//1390 1405//1405 1406//1406
f 1390//1390 1406//1406 1391//1391
f 1391//1391 1406//1406 1407//1407
f 1391//1391 1407//1407 1392//1392
f 1392//1392 1407//1407 1408//1408
f 1392//1392 1408//1408 1393//1393
f 1393//1393 1408//1408 1409//1409
f 1393//1393 1409//1409 1394//1394
f 1394//1394 1409//1409 1410//1410
f 1410//1410 1411//1411 1394//1394
f 1394//1394 1411//1411 1397//1397
f 1394//1394 1397//1397 1379//1379
f 1379//1379 1397//1397 1381//1381
f 1379//1379 1381//1381 1360//1360
f 1360//1360 1381//1381 1380//1380
f 1360//1360 1380//1380 1358//1358
f 1358//1358 1380//1380 1365//1365
f 1297//1297 1305//1305 1412//1412
f 1412//1412 1305//1305 1395//1395
f 1412//1412 1395//1395 1413//1413
f 1413//1413 1395//1395 1396//1396
f 1413//1413 1396//1396 1414//1414
f 1414//1414 1396//1396 1397//1397
f 1414//1414 1397//1397 1415//1415
f 1415//1415 1397//1397 1411//1411
f 1203//1203 1364//1364 1204//1204
f 1204//1204 1364//1364 1368//1368
f 1361//1361 1359//1359 1202//1202
f 1202//1202 1359//1359 1358//1358
f 1202//1202 1358//1358 1203//1203
f 1203//1203 1358//1358 1365//1365
f 1203//1203 1365//1365 1364//1364
f 1361//1361 1202//1202 1362//1362
f 1362//1362 1202//1202 1198//1198
f 1362//1362 1198//1198 1357//1357
f 1342//1342 1344//1344 1195//1195
f 1195//1195 1344//1344 1346//1346
f 1195//1195 1346//1346 1196//1196
f 1346//1346 1347//1347 1196//1196
f 1196//1196 1347//1347 1416//1416
f 1196//1196 1416//1416 1197//1197
f 1197//1197 1416//1416 1417//1417
f 1197//1197 1417//1417 1198//1198
f 1198//1198 1417//1417 1355//1355
f 1198//1198 1355//1355 1357//1357
f 1342//1342 1195//1195 1340//1340
f 1340//1340 1195//1195 1194//1194
f 1340//1340 1194//1194 1339//1339
f 1339//1339 1194//1194 1193//1193
f 1339//1339 1193//1193 1337//1337
f 1331//1331 1330//1330 1208//1208
f 1208//1208 1330//1330 1333//1333
f 1208//1208 1333//1333 1193//1193
f 1193//1193 1333//1333 1335//1335
f 1193//1193 1335//1335 1337//1337
f 1208//1208 1207//1207 1331//1331
f 1331//1331 1207//1207 1206//1206
f 1331//1331 1206//1206 1293//1293
f 1368//1368 1367//1367 1204//1204
f 1204//1204 1367//1367 1418//1418
f 1204//1204 1418//1418 1199//1199
f 1199//1199 1418//1418 1290//1290
f 1291//1291 1192//1192 1311//1311
f 1311//1311 1192//1192 1201//1201
f 1311//1311 1201//1201 1309//1309
f 1309//1309 1201//1201 1288//1288
f 1419//1419 1420//1420 1421//1421
f 1422//1422 1423//1423 1424//1424
f 1422//1422 1424//1424 1425//1425
f 1419//1419 1421//1421 1426//1426
f 1426//1426 1421//1421 1427//1427
f 1426//1426 1427//1427 1428//1428
f 1428//1428 1427//1427 1429//1429
f 1428//1428 1429//1429 1430//1430
f 1430//1430 1429//1429 1431//1431
f 1430//1430 1431//1431 1432//1432
f 1433//1433 1432//1432 1424//1424
f 1424//1424 1432//1432 1431//1431
f 1424//1424 1431//1431 1425//1425
f 1425//1425 1431//1431 1429//1429
f 1425//1425 1429//1429 1434//1434
f 1434//1434 1429//1429 1427//1427
f 1434//1434 1427//1427 1435//1435
f 1435//1435 1427//1427 1421//1421
f 1435//1435 1421//1421 1436//1436
f 1436//1436 1421//1421 1420//1420
f 1436//1436 1420//1420 1437//1437
f 1438//1438 1439//1439 1440//1440
f 1441//1441 1442//1442 1439//1439
f 1440//1440 1443//1443 1438//1438
f 1438//1438 1443//1443 1444//1444
f 1438//1438 1444//1444 1445//1445
f 1445//1445 1444//1444 1446//1446
f 1445//1445 1446//1446 1447//1447
f 1439//1439 1438//1438 1441//1441
f 1441//1441 1438//1438 1445//1445
f 1441//1441 1445//1445 1448//1448
f 1448//1448 1445//1445 1447//1447
f 1448//1448 1447//1447 1449//1449
f 1450//1450 1451//1451 1452//1452
f 1453//1453 1454//1454 1455//1455
f 1456//1456 1457//1457 1458//1458
f 1458//1458 1457//1457 1459//1459
f 1458//1458 1459//1459 1460//1460
f 1460//1460 1459//1459 1461//1461
f 1460//1460 1461//1461 1462//1462
f 1455//1455 1454//1454 1463//1463
f 1463//1463 1454//1454 1464//1464
f 1463//1463 1464//1464 1465//1465
f 1465//1465 1464//1464 1466//1466
f 1465//1465 1466//1466 1456//1456
f 1456//1456 1466//1466 1467//1467
f 1456//1456 1467//1467 1457//1457
f 1461//1461 1468//1468 1462//1462
f 1462//1462 1468//1468 1469//1469
f 1462//1462 1469//1469 1470//1470
f 1470//1470 1469//1469 1471//1471
f 1470//1470 1471//1471 1472//1472
f 1471//1471 1473//1473 1472//1472
f 1472//1472 1473//1473 1474//1474
f 1472//1472 1474//1474 1475//1475
f 1475//1475 1474//1474 1476//1476
f 1475//1475 1476//1476 1477//1477
f 1477//1477 1476//1476 1478//1478
f 1477//1477 1478//1478 1479//1479
f 1479//1479 1478//1478 1480//1480
f 1479//1479 1480//1480 1481//1481
f 1480//1480 1482//1482 1481//1481
f 1481//1481 1482//1482 1483//1483
f 1481//1481 1483//1483 1484//1484
f 1484//1484 1483//1483 1485//1485
f 1484//1484 1485//1485 1486//1486
f 1486//1486 1485//1485 1450//1450
f 1486//1486 1450//1450 1487//1487
f 1487//1487 1450//1450 1452//1452
f 1451//1451 1488//1488 1452//1452
f 1452//1452 1488//1488 1489//1489
f 1452//1452 1489//1489 1490//1490
f 1490//1490 1489//1489 1491//1491
f 1492//1492 1493//1493 1494//1494
f 1494//1494 1493//1493 1495//1495
f 1494//1494 1495//1495 1496//1496
f 1491//1491 1497//1497 1490//1490
f 1490//1490 1497//1497 1498//1498
f 1490//1490 1498//1498 1446//1446
f 1499//1499 1500//1500 1501//1501
f 1492//1492 1502//1502 1493//1493
f 1493//1493 1502//1502 1503//1503
f 1493//1493 1503//1503 1504//1504
f 1496//1496 1495//1495 1505//1505
f 1505//1505 1495//1495 1453//1453
f 1505//1505 1453//1453 1501//1501
f 1501//1501 1453//1453 1455//1455
f 1501//1501 1455//1455 1499//1499
f 1506//1506 1507//1507 1449//1449
f 1498//1498 1508//1508 1446//1446
f 1446//1446 1508//1508 1506//1506
f 1446//1446 1506//1506 1447//1447
f 1447//1447 1506//1506 1449//1449
f 1509//1509 1479//1479 1510//1510
f 1510//1510 1479//1479 1481//1481
f 1510//1510 1481//1481 1511//1511
f 1511//1511 1481//1481 1484//1484
f 1511//1511 1484//1484 1512//1512
f 1512//1512 1484//1484 1486//1486
f 1493//1493 1513//1513 1514//1514
f 1514//1514 1513//1513 1515//1515
f 1514//1514 1515//1515 1516//1516
f 1516//1516 1515//1515 1517//1517
f 1516//1516 1517//1517 1518//1518
f 1518//1518 1517//1517 1519//1519
f 1518//1518 1519//1519 1520//1520
f 1520//1520 1519//1519 1521//1521
f 1520//1520 1521//1521 1522//1522
f 1523//1523 1524//1524 1525//1525
f 1526//1526 1527//1527 1528//1528
f 1529//1529 1530//1530 1531//1531
f 1522//1522 1532//1532 1533//1533
f 1533//1533 1532//1532 1534//1534
f 1533//1533 1534//1534 1535//1535
f 1527//1527 1529//1529 1528//1528
f 1528//1528 1529//1529 1531//1531
f 1528//1528 1531//1531 1536//1536
f 1536//1536 1531//1531 1537//1537
f 1537//1537 1535//1535 1536//1536
f 1536//1536 1535//1535 1534//1534
f 1536//1536 1534//1534 1538//1538
f 1538//1538 1534//1534 1532//1532
f 1538//1538 1532//1532 1521//1521
f 1521//1521 1532//1532 1522//1522
f 1524//1524 1523//1523 1539//1539
f 1525//1525 1526//1526 1523//1523
f 1523//1523 1526//1526 1528//1528
f 1523//1523 1528//1528 1539//1539
f 1539//1539 1528//1528 1536//1536
f 1539//1539 1536//1536 1540//1540
f 1540//1540 1536//1536 1538//1538
f 1541//1541 1542//1542 1543//1543
f 1543//1543 1542//1542 1544//1544
f 1450//1450 1485//1485 1545//1545
f 1545//1545 1485//1485 1546//1546
f 1545//1545 1546//1546 1547//1547
f 1547//1547 1546//1546 1548//1548
f 1547//1547 1548//1548 1549//1549
f 1549//1549 1548//1548 1550//1550
f 1549//1549 1550//1550 1544//1544
f 1544//1544 1550//1550 1551//1551
f 1544//1544 1551//1551 1543//1543
f 1485//1485 1483//1483 1546//1546
f 1546//1546 1483//1483 1552//1552
f 1546//1546 1552//1552 1548//1548
f 1548//1548 1552//1552 1553//1553
f 1554//1554 1551//1551 1553//1553
f 1553//1553 1551//1551 1550//1550
f 1553//1553 1550//1550 1548//1548
f 1555//1555 1541//1541 1554//1554
f 1554//1554 1541//1541 1543//1543
f 1554//1554 1543//1543 1551//1551
f 1483//1483 1482//1482 1552//1552
f 1552//1552 1482//1482 1556//1556
f 1552//1552 1556//1556 1553//1553
f 1553//1553 1556//1556 1557//1557
f 1553//1553 1557//1557 1554//1554
f 1554//1554 1557//1557 1558//1558
f 1554//1554 1558//1558 1555//1555
f 1555//1555 1558//1558 1559//1559
f 1560//1560 1561//1561 1562//1562
f 1563//1563 1564//1564 1565//1565
f 1566//1566 1567//1567 1568//1568
f 1569//1569 1570//1570 1571//1571
f 1572//1572 1573//1573 1574//1574
f 1575//1575 1576//1576 1577//1577
f 1578//1578 1579//1579 1580//1580
f 1581//1581 1582//1582 1583//1583
f 1584//1584 1585//1585 1586//1586
f 1587//1587 1588//1588 1589//1589
f 1590//1590 1453//1453 1495//1495
f 1495//1495 1591//1591 1590//1590
f 1590//1590 1591//1591 1592//1592
f 1590//1590 1592//1592 1593//1593
f 1469//1469 1468//1468 1594//1594
f 1594//1594 1468//1468 1595//1595
f 1594//1594 1595//1595 1596//1596
f 1596//1596 1595//1595 1597//1597
f 1596//1596 1597//1597 1598//1598
f 1598//1598 1597//1597 1577//1577
f 1482//1482 1480//1480 1556//1556
f 1556//1556 1480//1480 1599//1599
f 1556//1556 1599//1599 1557//1557
f 1557//1557 1599//1599 1600//1600
f 1557//1557 1600//1600 1558//1558
f 1558//1558 1600//1600 1589//1589
f 1558//1558 1589//1589 1559//1559
f 1559//1559 1589//1589 1588//1588
f 1480//1480 1478//1478 1599//1599
f 1599//1599 1478//1478 1601//1601
f 1599//1599 1601//1601 1600//1600
f 1600//1600 1601//1601 1602//1602
f 1600//1600 1602//1602 1589//1589
f 1589//1589 1602//1602 1586//1586
f 1589//1589 1586//1586 1587//1587
f 1587//1587 1586//1586 1585//1585
f 1603//1603 1584//1584 1604//1604
f 1604//1604 1584//1584 1586//1586
f 1604//1604 1586//1586 1605//1605
f 1605//1605 1586//1586 1602//1602
f 1605//1605 1602//1602 1606//1606
f 1606//1606 1602//1602 1601//1601
f 1606//1606 1601//1601 1476//1476
f 1476//1476 1601//1601 1478//1478
f 1476//1476 1474//1474 1606//1606
f 1606//1606 1474//1474 1607//1607
f 1606//1606 1607//1607 1605//1605
f 1605//1605 1607//1607 1608//1608
f 1605//1605 1608//1608 1604//1604
f 1604//1604 1608//1608 1583//1583
f 1604//1604 1583//1583 1603//1603
f 1603//1603 1583//1583 1582//1582
f 1474//1474 1473//1473 1607//1607
f 1607//1607 1473//1473 1609//1609
f 1607//1607 1609//1609 1608//1608
f 1608//1608 1609//1609 1610//1610
f 1608//1608 1610//1610 1583//1583
f 1583//1583 1610//1610 1580//1580
f 1583//1583 1580//1580 1581//1581
f 1581//1581 1580//1580 1579//1579
f 1611//1611 1578//1578 1612//1612
f 1612//1612 1578//1578 1580//1580
f 1612//1612 1580//1580 1613//1613
f 1613//1613 1580//1580 1610//1610
f 1613//1613 1610//1610 1614//1614
f 1614//1614 1610//1610 1609//1609
f 1614//1614 1609//1609 1471//1471
f 1471//1471 1609//1609 1473//1473
f 1471//1471 1469//1469 1614//1614
f 1614//1614 1469//1469 1594//1594
f 1614//1614 1594//1594 1613//1613
f 1613//1613 1594//1594 1596//1596
f 1613//1613 1596//1596 1612//1612
f 1612//1612 1596//1596 1598//1598
f 1612//1612 1598//1598 1611//1611
f 1611//1611 1598//1598 1615//1615
f 1577//1577 1576//1576 1598//1598
f 1598//1598 1576//1576 1616//1616
f 1598//1598 1616//1616 1615//1615
f 1468//1468 1461//1461 1595//1595
f 1595//1595 1461//1461 1617//1617
f 1595//1595 1617//1617 1597//1597
f 1597//1597 1617//1617 1618//1618
f 1597//1597 1618//1618 1577//1577
f 1577//1577 1618//1618 1574//1574
f 1577//1577 1574//1574 1575//1575
f 1575//1575 1574//1574 1573//1573
f 1619//1619 1572//1572 1620//1620
f 1620//1620 1572//1572 1574//1574
f 1620//1620 1574//1574 1621//1621
f 1621//1621 1574//1574 1618//1618
f 1621//1621 1618//1618 1622//1622
f 1622//1622 1618//1618 1617//1617
f 1622//1622 1617//1617 1459//1459
f 1459//1459 1617//1617 1461//1461
f 1459//1459 1457//1457 1622//1622
f 1622//1622 1457//1457 1623//1623
f 1622//1622 1623//1623 1621//1621
f 1621//1621 1623//1623 1624//1624
f 1621//1621 1624//1624 1620//1620
f 1620//1620 1624//1624 1571//1571
f 1620//1620 1571//1571 1619//1619
f 1619//1619 1571//1571 1570//1570
f 1457//1457 1467//1467 1623//1623
f 1623//1623 1467//1467 1625//1625
f 1623//1623 1625//1625 1624//1624
f 1624//1624 1625//1625 1626//1626
f 1624//1624 1626//1626 1571//1571
f 1571//1571 1626//1626 1568//1568
f 1571//1571 1568//1568 1569//1569
f 1569//1569 1568//1568 1567//1567
f 1627//1627 1566//1566 1628//1628
f 1628//1628 1566//1566 1568//1568
f 1628//1628 1568//1568 1629//1629
f 1629//1629 1568//1568 1626//1626
f 1629//1629 1626//1626 1630//1630
f 1630//1630 1626//1626 1625//1625
f 1630//1630 1625//1625 1466//1466
f 1466//1466 1625//1625 1467//1467
f 1466//1466 1464//1464 1630//1630
f 1630//1630 1464//1464 1631//1631
f 1630//1630 1631//1631 1629//1629
f 1629//1629 1631//1631 1632//1632
f 1629//1629 1632//1632 1628//1628
f 1628//1628 1632//1632 1565//1565
f 1628//1628 1565//1565 1627//1627
f 1627//1627 1565//1565 1564//1564
f 1464//1464 1454//1454 1631//1631
f 1631//1631 1454//1454 1633//1633
f 1631//1631 1633//1633 1632//1632
f 1632//1632 1633//1633 1634//1634
f 1632//1632 1634//1634 1565//1565
f 1565//1565 1634//1634 1562//1562
f 1565//1565 1562//1562 1563//1563
f 1563//1563 1562//1562 1561//1561
f 1635//1635 1560//1560 1636//1636
f 1636//1636 1560//1560 1562//1562
f 1636//1636 1562//1562 1593//1593
f 1593//1593 1562//1562 1634//1634
f 1593//1593 1634//1634 1590//1590
f 1590//1590 1634//1634 1633//1633
f 1590//1590 1633//1633 1453//1453
f 1453//1453 1633//1633 1454//1454
f 1592//1592 1637//1637 1593//1593
f 1593//1593 1637//1637 1638//1638
f 1593//1593 1638//1638 1636//1636
f 1636//1636 1638//1638 1639//1639
f 1636//1636 1639//1639 1635//1635
f 1635//1635 1639//1639 1640//1640
f 1522//1522 1640//1640 1520//1520
f 1520//1520 1640//1640 1639//1639
f 1520//1520 1639//1639 1518//1518
f 1518//1518 1639//1639 1638//1638
f 1518//1518 1638//1638 1516//1516
f 1516//1516 1638//1638 1637//1637
f 1516//1516 1637//1637 1514//1514
f 1514//1514 1637//1637 1592//1592
f 1514//1514 1592//1592 1493//1493
f 1493//1493 1592//1592 1591//1591
f 1493//1493 1591//1591 1495//1495
f 1493//1493 1504//1504 1641//1641
f 1642//1642 1521//1521 1519//1519
f 1642//1642 1519//1519 1643//1643
f 1519//1519 1517//1517 1643//1643
f 1643//1643 1517//1517 1515//1515
f 1643//1643 1515//1515 1641//1641
f 1641//1641 1515//1515 1513//1513
f 1641//1641 1513//1513 1493//1493
f 1521//1521 1642//1642 1538//1538
f 1538//1538 1642//1642 1644//1644
f 1645//1645 1525//1525 1646//1646
f 1646//1646 1525//1525 1647//1647
f 1525//1525 1524//1524 1647//1647
f 1647//1647 1524//1524 1539//1539
f 1647//1647 1539//1539 1644//1644
f 1644//1644 1539//1539 1540//1540
f 1644//1644 1540//1540 1538//1538
f 1648//1648 1649//1649 1650//1650
f 1650//1650 1649//1649 1651//1651
f 1650//1650 1651//1651 121//121
f 1652//1652 1649//1649 1648//1648
f 1653//1653 1654//1654 1655//1655
f 1525//1525 1645//1645 1526//1526
f 1526//1526 1645//1645 1656//1656
f 1657//1657 1658//1658 1652//1652
f 1652//1652 1658//1658 1659//1659
f 1652//1652 1659//1659 1649//1649
f 1660//1660 1661//1661 1662//1662
f 1654//1654 1663//1663 1655//1655
f 1655//1655 1663//1663 1657//1657
f 1655//1655 1657//1657 1662//1662
f 1662//1662 1657//1657 1652//1652
f 1662//1662 1652//1652 1660//1660
f 1660//1660 1652//1652 1648//1648
f 1656//1656 1653//1653 1526//1526
f 1526//1526 1653//1653 1655//1655
f 1526//1526 1655//1655 1527//1527
f 1527//1527 1655//1655 1662//1662
f 1527//1527 1662//1662 1529//1529
f 1529//1529 1662//1662 1661//1661
f 1529//1529 1661//1661 1530//1530
f 1640//1640 1522//1522 1664//1664
f 1664//1664 1522//1522 1533//1533
f 1533//1533 1535//1535 1664//1664
f 1664//1664 1535//1535 1537//1537
f 1664//1664 1537//1537 1665//1665
f 1665//1665 1537//1537 1531//1531
f 1665//1665 1531//1531 1530//1530
f 1640//1640 1664//1664 1635//1635
f 1635//1635 1664//1664 1666//1666
f 1635//1635 1666//1666 1560//1560
f 1560//1560 1666//1666 1561//1561
f 1561//1561 1666//1666 1667//1667
f 1561//1561 1667//1667 1563//1563
f 1563//1563 1667//1667 1564//1564
f 1564//1564 1667//1667 1668//1668
f 1564//1564 1668//1668 1627//1627
f 1669//1669 1567//1567 1668//1668
f 1668//1668 1567//1567 1566//1566
f 1668//1668 1566//1566 1627//1627
f 1572//1572 1619//1619 1670//1670
f 1670//1670 1619//1619 1570//1570
f 1670//1670 1570//1570 1669//1669
f 1669//1669 1570//1570 1569//1569
f 1669//1669 1569//1569 1567//1567
f 1572//1572 1670//1670 1573//1573
f 1573//1573 1670//1670 1671//1671
f 1573//1573 1671//1671 1575//1575
f 1575//1575 1671//1671 1576//1576
f 1576//1576 1671//1671 1672//1672
f 1576//1576 1672//1672 1616//1616
f 1616//1616 1672//1672 1615//1615
f 1615//1615 1672//1672 1673//1673
f 1615//1615 1673//1673 1611//1611
f 1674//1674 1579//1579 1673//1673
f 1673//1673 1579//1579 1578//1578
f 1673//1673 1578//1578 1611//1611
f 1584//1584 1603//1603 1675//1675
f 1675//1675 1603//1603 1582//1582
f 1675//1675 1582//1582 1674//1674
f 1674//1674 1582//1582 1581//1581
f 1674//1674 1581//1581 1579//1579
f 1584//1584 1675//1675 1585//1585
f 1585//1585 1675//1675 1676//1676
f 1585//1585 1676//1676 1587//1587
f 1587//1587 1676//1676 1588//1588
f 1588//1588 1676//1676 1677//1677
f 1588//1588 1677//1677 1559//1559
f 1678//1678 1679//1679 1680//1680
f 1680//1680 1681//1681 1678//1678
f 1678//1678 1681//1681 1682//1682
f 1678//1678 1682//1682 1683//1683
f 1683//1683 1684//1684 1678//1678
f 1678//1678 1684//1684 1685//1685
f 1678//1678 1685//1685 1686//1686
f 1687//1687 1688//1688 1689//1689
f 1679//1679 1690//1690 1680//1680
f 1680//1680 1690//1690 1691//1691
f 1680//1680 1691//1691 1692//1692
f 1692//1692 1691//1691 1693//1693
f 1694//1694 1695//1695 1690//1690
f 1690//1690 1695//1695 1696//1696
f 1690//1690 1696//1696 1691//1691
f 1691//1691 1696//1696 1697//1697
f 1691//1691 1697//1697 1693//1693
f 1698//1698 1699//1699 1700//1700
f 1700//1700 1699//1699 1701//1701
f 1702//1702 1703//1703 1701//1701
f 1701//1701 1703//1703 1704//1704
f 1701//1701 1704//1704 1700//1700
f 126//126 1702//1702 1705//1705
f 1705//1705 1702//1702 1701//1701
f 1705//1705 1701//1701 1706//1706
f 1706//1706 1701//1701 1699//1699
f 1706//1706 1699//1699 1707//1707
f 1707//1707 1699//1699 1698//1698
f 1707//1707 1698//1698 1689//1689
f 1688//1688 1708//1708 1689//1689
f 1689//1689 1708//1708 1709//1709
f 1689//1689 1709//1709 1707//1707
f 1679//1679 1687//1687 1690//1690
f 1690//1690 1687//1687 1689//1689
f 1690//1690 1689//1689 1694//1694
f 1694//1694 1689//1689 1698//1698
f 1694//1694 1698//1698 1710//1710
f 1710//1710 1698//1698 1700//1700
f 1692//1692 1693//1693 1711//1711
f 1692//1692 1711//1711 1680//1680
f 1712//1712 1713//1713 1683//1683
f 1714//1714 1715//1715 1712//1712
f 1711//1711 1715//1715 1680//1680
f 1680//1680 1715//1715 1714//1714
f 1680//1680 1714//1714 1681//1681
f 1712//1712 1683//1683 1714//1714
f 1714//1714 1683//1683 1682//1682
f 1714//1714 1682//1682 1681//1681
f 1716//1716 1715//1715 1717//1717
f 1717//1717 1715//1715 1711//1711
f 1716//1716 1717//1717 1718//1718
f 1718//1718 1717//1717 1719//1719
f 1718//1718 1719//1719 1720//1720
f 1507//1507 1506//1506 1719//1719
f 1719//1719 1506//1506 1721//1721
f 1719//1719 1721//1721 1720//1720
f 1479//1479 1509//1509 1722//1722
f 1479//1479 1722//1722 1477//1477
f 1477//1477 1722//1722 1723//1723
f 1477//1477 1723//1723 1475//1475
f 1475//1475 1723//1723 1724//1724
f 1475//1475 1724//1724 1472//1472
f 1472//1472 1724//1724 1725//1725
f 1472//1472 1725//1725 1470//1470
f 1470//1470 1725//1725 1726//1726
f 1470//1470 1726//1726 1462//1462
f 1462//1462 1726//1726 1727//1727
f 1462//1462 1727//1727 1460//1460
f 1460//1460 1727//1727 1728//1728
f 1460//1460 1728//1728 1458//1458
f 1458//1458 1728//1728 1729//1729
f 1458//1458 1729//1729 1456//1456
f 1456//1456 1729//1729 1730//1730
f 1456//1456 1730//1730 1465//1465
f 1465//1465 1730//1730 1731//1731
f 1465//1465 1731//1731 1463//1463
f 1463//1463 1731//1731 1455//1455
f 1455//1455 1731//1731 1732//1732
f 1733//1733 1501//1501 1500//1500
f 1734//1734 94//94 93//93
f 1500//1500 1735//1735 1733//1733
f 1733//1733 1735//1735 1736//1736
f 1733//1733 1736//1736 1737//1737
f 1737//1737 1736//1736 1734//1734
f 1737//1737 1734//1734 1738//1738
f 1738//1738 1734//1734 93//93
f 1737//1737 1738//1738 1739//1739
f 1501//1501 1733//1733 1505//1505
f 1505//1505 1733//1733 1740//1740
f 1505//1505 1740//1740 1496//1496
f 1496//1496 1740//1740 1741//1741
f 1496//1496 1741//1741 1494//1494
f 1494//1494 1741//1741 1742//1742
f 1494//1494 1742//1742 1492//1492
f 1492//1492 1742//1742 1743//1743
f 1733//1733 1737//1737 1740//1740
f 1740//1740 1737//1737 1739//1739
f 1740//1740 1739//1739 1741//1741
f 1741//1741 1739//1739 1744//1744
f 1741//1741 1744//1744 1742//1742
f 1742//1742 1744//1744 1745//1745
f 1742//1742 1745//1745 1743//1743
f 1743//1743 1745//1745 1746//1746
f 1738//1738 93//93 1739//1739
f 1739//1739 93//93 95//95
f 1739//1739 95//95 1744//1744
f 1744//1744 95//95 97//97
f 1744//1744 97//97 1745//1745
f 1745//1745 97//97 99//99
f 1745//1745 99//99 1746//1746
f 1746//1746 99//99 101//101
f 1502//1502 1492//1492 1743//1743
f 1503//1503 1502//1502 1747//1747
f 1503//1503 1747//1747 1748//1748
f 1748//1748 1747//1747 1749//1749
f 1748//1748 1749//1749 1750//1750
f 1750//1750 1749//1749 103//103
f 1750//1750 103//103 105//105
f 1502//1502 1743//1743 1747//1747
f 1747//1747 1743//1743 1746//1746
f 1747//1747 1746//1746 1749//1749
f 1749//1749 1746//1746 101//101
f 1749//1749 101//101 103//103
f 1504//1504 1503//1503 1751//1751
f 1751//1751 1503//1503 1748//1748
f 1751//1751 1748//1748 1752//1752
f 1752//1752 1748//1748 1750//1750
f 1752//1752 1750//1750 112//112
f 112//112 1750//1750 105//105
f 1753//1753 1754//1754 1755//1755
f 123//123 124//124 1756//1756
f 123//123 1754//1754 114//114
f 114//114 1754//1754 1753//1753
f 114//114 1753//1753 112//112
f 112//112 1753//1753 1752//1752
f 1757//1757 1751//1751 1752//1752
f 1504//1504 1751//1751 1641//1641
f 1641//1641 1751//1751 1757//1757
f 1641//1641 1757//1757 1643//1643
f 123//123 1756//1756 1754//1754
f 1754//1754 1756//1756 1758//1758
f 1754//1754 1758//1758 1755//1755
f 1755//1755 1758//1758 1759//1759
f 1755//1755 1759//1759 1760//1760
f 1752//1752 1753//1753 1757//1757
f 1757//1757 1753//1753 1755//1755
f 1757//1757 1755//1755 1643//1643
f 1643//1643 1755//1755 1760//1760
f 1643//1643 1760//1760 1642//1642
f 1647//1647 1644//1644 1761//1761
f 1762//1762 111//111 110//110
f 1756//1756 124//124 125//125
f 125//125 1763//1763 1756//1756
f 1756//1756 1763//1763 1764//1764
f 1756//1756 1764//1764 1758//1758
f 1758//1758 1764//1764 1759//1759
f 1759//1759 1764//1764 1761//1761
f 1759//1759 1761//1761 1760//1760
f 1760//1760 1761//1761 1644//1644
f 1760//1760 1644//1644 1642//1642
f 1765//1765 1645//1645 1646//1646
f 110//110 1766//1766 1762//1762
f 1762//1762 1766//1766 1767//1767
f 1762//1762 1767//1767 1768//1768
f 1768//1768 1767//1767 1765//1765
f 1768//1768 1765//1765 1769//1769
f 1769//1769 1765//1765 1646//1646
f 1769//1769 1646//1646 1647//1647
f 1647//1647 1761//1761 1769//1769
f 1769//1769 1761//1761 1764//1764
f 1769//1769 1764//1764 1768//1768
f 1768//1768 1764//1764 1763//1763
f 1768//1768 1763//1763 1762//1762
f 1762//1762 1763//1763 125//125
f 1762//1762 125//125 111//111
f 1656//1656 1645//1645 1765//1765
f 110//110 108//108 1766//1766
f 1766//1766 108//108 1770//1770
f 1771//1771 1663//1663 1772//1772
f 1772//1772 1663//1663 1654//1654
f 1772//1772 1654//1654 1653//1653
f 1773//1773 1774//1774 1649//1649
f 1772//1772 1775//1775 1771//1771
f 1771//1771 1775//1775 1776//1776
f 1771//1771 1776//1776 1773//1773
f 1773//1773 1776//1776 1777//1777
f 1773//1773 1777//1777 1774//1774
f 1656//1656 1765//1765 1653//1653
f 1649//1649 1659//1659 1773//1773
f 1773//1773 1659//1659 1658//1658
f 1773//1773 1658//1658 1771//1771
f 1771//1771 1658//1658 1657//1657
f 1771//1771 1657//1657 1663//1663
f 108//108 107//107 1770//1770
f 1770//1770 107//107 1778//1778
f 1770//1770 1778//1778 1779//1779
f 1653//1653 1765//1765 1772//1772
f 1772//1772 1765//1765 1767//1767
f 1772//1772 1767//1767 1775//1775
f 1775//1775 1767//1767 1766//1766
f 1775//1775 1766//1766 1776//1776
f 1776//1776 1766//1766 1770//1770
f 1776//1776 1770//1770 1777//1777
f 1777//1777 1770//1770 1779//1779
f 1777//1777 1779//1779 1774//1774
f 1649//1649 1774//1774 1651//1651
f 1651//1651 1774//1774 1780//1780
f 1651//1651 1780//1780 121//121
f 122//122 121//121 1780//1780
f 107//107 122//122 1778//1778
f 1778//1778 122//122 1780//1780
f 1778//1778 1780//1780 1779//1779
f 1779//1779 1780//1780 1774//1774
f 121//121 119//119 1650//1650
f 1650//1650 119//119 1781//1781
f 1650//1650 1781//1781 1648//1648
f 1648//1648 1781//1781 1660//1660
f 1660//1660 1781//1781 1782//1782
f 1660//1660 1782//1782 1661//1661
f 1661//1661 1782//1782 1665//1665
f 1661//1661 1665//1665 1530//1530
f 1783//1783 1784//1784 1785//1785
f 1786//1786 118//118 120//120
f 1786//1786 120//120 126//126
f 1786//1786 126//126 1705//1705
f 1785//1785 1787//1787 1788//1788
f 1788//1788 1789//1789 1785//1785
f 1785//1785 1789//1789 1790//1790
f 1785//1785 1790//1790 1783//1783
f 1707//1707 1709//1709 1791//1791
f 1791//1791 1709//1709 1708//1708
f 1791//1791 1708//1708 1785//1785
f 1785//1785 1708//1708 1688//1688
f 1785//1785 1688//1688 1787//1787
f 1705//1705 1706//1706 1786//1786
f 1786//1786 1706//1706 1707//1707
f 1786//1786 1707//1707 1792//1792
f 1792//1792 1707//1707 1791//1791
f 1793//1793 1703//1703 1702//1702
f 128//128 117//117 1794//1794
f 1696//1696 1695//1695 1795//1795
f 1796//1796 1797//1797 1795//1795
f 1798//1798 1799//1799 1800//1800
f 1800//1800 1799//1799 1801//1801
f 1800//1800 1801//1801 1802//1802
f 1803//1803 1800//1800 1795//1795
f 1795//1795 1800//1800 1802//1802
f 1795//1795 1802//1802 1796//1796
f 1696//1696 1795//1795 1697//1697
f 1697//1697 1795//1795 1797//1797
f 1697//1697 1797//1797 1693//1693
f 127//127 128//128 1804//1804
f 1804//1804 128//128 1794//1794
f 1804//1804 1794//1794 1798//1798
f 1798//1798 1794//1794 1805//1805
f 1798//1798 1805//1805 1799//1799
f 1806//1806 126//126 127//127
f 1793//1793 1702//1702 1806//1806
f 1806//1806 1702//1702 126//126
f 1807//1807 1793//1793 1808//1808
f 1808//1808 1793//1793 1806//1806
f 1808//1808 1806//1806 1809//1809
f 1809//1809 1806//1806 127//127
f 1695//1695 1694//1694 1795//1795
f 1795//1795 1694//1694 1710//1710
f 1795//1795 1710//1710 1803//1803
f 1803//1803 1710//1710 1700//1700
f 1803//1803 1700//1700 1704//1704
f 127//127 1804//1804 1809//1809
f 1809//1809 1804//1804 1798//1798
f 1809//1809 1798//1798 1808//1808
f 1808//1808 1798//1798 1800//1800
f 1808//1808 1800//1800 1807//1807
f 1807//1807 1800//1800 1803//1803
f 1807//1807 1803//1803 1793//1793
f 1793//1793 1803//1803 1704//1704
f 1793//1793 1704//1704 1703//1703
f 1693//1693 1797//1797 1711//1711
f 1711//1711 1797//1797 1810//1810
f 1797//1797 1796//1796 1810//1810
f 1810//1810 1796//1796 1802//1802
f 1810//1810 1802//1802 1811//1811
f 1811//1811 1802//1802 1801//1801
f 1811//1811 1801//1801 1799//1799
f 1799//1799 1805//1805 1811//1811
f 1811//1811 1805//1805 1794//1794
f 1811//1811 1794//1794 1812//1812
f 1812//1812 1794//1794 117//117
f 1812//1812 117//117 116//116
f 115//115 1813//1813 1814//1814
f 1815//1815 1811//1811 1812//1812
f 1816//1816 1507//1507 1817//1817
f 1817//1817 1507//1507 1719//1719
f 1817//1817 1719//1719 1818//1818
f 1818//1818 1719//1719 1717//1717
f 1818//1818 1717//1717 1810//1810
f 1810//1810 1717//1717 1711//1711
f 1819//1819 1820//1820 1821//1821
f 1821//1821 1820//1820 1822//1822
f 1821//1821 1822//1822 1813//1813
f 1813//1813 1822//1822 1815//1815
f 1813//1813 1815//1815 1814//1814
f 1814//1814 1815//1815 1812//1812
f 1814//1814 1812//1812 115//115
f 115//115 1812//1812 116//116
f 1820//1820 1816//1816 1822//1822
f 1822//1822 1816//1816 1817//1817
f 1822//1822 1817//1817 1815//1815
f 1815//1815 1817//1817 1818//1818
f 1815//1815 1818//1818 1811//1811
f 1811//1811 1818//1818 1810//1810
f 1820//1820 1819//1819 1442//1442
f 1442//1442 1441//1441 1820//1820
f 1820//1820 1441//1441 1448//1448
f 1820//1820 1448//1448 1816//1816
f 1816//1816 1448//1448 1449//1449
f 1816//1816 1449//1449 1507//1507
f 1823//1823 1824//1824 1825//1825
f 1825//1825 1824//1824 1826//1826
f 1825//1825 1826//1826 1827//1827
f 1828//1828 1829//1829 1825//1825
f 1825//1825 1829//1829 1830//1830
f 1825//1825 1830//1830 1823//1823
f 1831//1831 1832//1832 1825//1825
f 1825//1825 1832//1832 1833//1833
f 1825//1825 1833//1833 1828//1828
f 1827//1827 1834//1834 1825//1825
f 1825//1825 1834//1834 1835//1835
f 1825//1825 1835//1835 1831//1831
f 1836//1836 1824//1824 1837//1837
f 1837//1837 1824//1824 1823//1823
f 1837//1837 1823//1823 1838//1838
f 1838//1838 1823//1823 1830//1830
f 1838//1838 1830//1830 1839//1839
f 1839//1839 1830//1830 1829//1829
f 1839//1839 1829//1829 1840//1840
f 1840//1840 1829//1829 1828//1828
f 1840//1840 1828//1828 1841//1841
f 1841//1841 1828//1828 1833//1833
f 1841//1841 1833//1833 1842//1842
f 1842//1842 1833//1833 1832//1832
f 1842//1842 1832//1832 1843//1843
f 1843//1843 1832//1832 1831//1831
f 1843//1843 1831//1831 1844//1844
f 1844//1844 1831//1831 1835//1835
f 1844//1844 1835//1835 1845//1845
f 1845//1845 1835//1835 1834//1834
f 1845//1845 1834//1834 1846//1846
f 1846//1846 1834//1834 1827//1827
f 1846//1846 1827//1827 1847//1847
f 1847//1847 1827//1827 1826//1826
f 1847//1847 1826//1826 1836//1836
f 1836//1836 1826//1826 1824//1824
f 1848//1848 1849//1849 1850//1850
f 1850//1850 1849//1849 1851//1851
f 1850//1850 1851//1851 1852//1852
f 1852//1852 1851//1851 1853//1853
f 1852//1852 1853//1853 1854//1854
f 1854//1854 1853//1853 1855//1855
f 1854//1854 1855//1855 1856//1856
f 1856//1856 1855//1855 1857//1857
f 1856//1856 1857//1857 1858//1858
f 1858//1858 1857//1857 1859//1859
f 1858//1858 1859//1859 1860//1860
f 1860//1860 1859//1859 1861//1861
f 1860//1860 1861//1861 1862//1862
f 1862//1862 1861//1861 1863//1863
f 1862//1862 1863//1863 1864//1864
f 1864//1864 1863//1863 1865//1865
f 1864//1864 1865//1865 1866//1866
f 1866//1866 1865//1865 1867//1867
f 1866//1866 1867//1867 1868//1868
f 1868//1868 1867//1867 1869//1869
f 1868//1868 1869//1869 1870//1870
f 1870//1870 1869//1869 1871//1871
f 1870//1870 1871//1871 1872//1872
f 1872//1872 1871//1871 1873//1873
f 1872//1872 1873//1873 1874//1874
f 1874//1874 1873//1873 1875//1875
f 1874//1874 1875//1875 1876//1876
f 1876//1876 1875//1875 1877//1877
f 1876//1876 1877//1877 1878//1878
f 1878//1878 1877//1877 1879//1879
f 1878//1878 1879//1879 1880//1880
f 1880//1880 1879//1879 1881//1881
f 1880//1880 1881//1881 1882//1882
f 1882//1882 1881//1881 1883//1883
f 1882//1882 1883//1883 1884//1884
f 1884//1884 1883//1883 1885//1885
f 1884//1884 1885//1885 1886//1886
f 1886//1886 1885//1885 1887//1887
f 1886//1886 1887//1887 1888//1888
f 1888//1888 1887//1887 1889//1889
f 1888//1888 1889//1889 1890//1890
f 1890//1890 1889//1889 1891//1891
f 1890//1890 1891//1891 1892//1892
f 1892//1892 1891//1891 1893//1893
f 1892//1892 1893//1893 1894//1894
f 1894//1894 1893//1893 1895//1895
f 1894//1894 1895//1895 1848//1848
f 1848//1848 1895//1895 1849//1849
f 1896//1896 1897//1897 1898//1898
f 1898//1898 1897//1897 1899//1899
f 1898//1898 1899//1899 1900//1900
f 1900//1900 1899//1899 1901//1901
f 1900//1900 1901//1901 1902//1902
f 1902//1902 1901//1901 1903//1903
f 1902//1902 1903//1903 1904//1904
f 1904//1904 1903//1903 1905//1905
f 1904//1904 1905//1905 1906//1906
f 1906//1906 1905//1905 1907//1907
f 1906//1906 1907//1907 1908//1908
f 1908//1908 1907//1907 1909//1909
f 1908//1908 1909//1909 1910//1910
f 1910//1910 1909//1909 1911//1911
f 1910//1910 1911//1911 1912//1912
f 1912//1912 1911//1911 1913//1913
f 1912//1912 1913//1913 1914//1914
f 1914//1914 1913//1913 1915//1915
f 1914//1914 1915//1915 1916//1916
f 1916//1916 1915//1915 1917//1917
f 1916//1916 1917//1917 1918//1918
f 1918//1918 1917//1917 1919//1919
f 1918//1918 1919//1919 1896//1896
f 1896//1896 1919//1919 1897//1897
f 1849//1849 1920//1920 1921//1921
f 1922//1922 1853//1853 1921//1921
f 1921//1921 1853//1853 1851//1851
f 1921//1921 1851//1851 1849//1849
f 1923//1923 1857//1857 1922//1922
f 1922//1922 1857//1857 1855//1855
f 1922//1922 1855//1855 1853//1853
f 1924//1924 1861//1861 1923//1923
f 1923//1923 1861//1861 1859//1859
f 1923//1923 1859//1859 1857//1857
f 1925//1925 1865//1865 1924//1924
f 1924//1924 1865//1865 1863//1863
f 1924//1924 1863//1863 1861//1861
f 1926//1926 1869//1869 1925//1925
f 1925//1925 1869//1869 1867//1867
f 1925//1925 1867//1867 1865//1865
f 1927//1927 1873//1873 1926//1926
f 1926//1926 1873//1873 1871//1871
f 1926//1926 1871//1871 1869//1869
f 1928//1928 1877//1877 1927//1927
f 1927//1927 1877//1877 1875//1875
f 1927//1927 1875//1875 1873//1873
f 1929//1929 1881//1881 1928//1928
f 1928//1928 1881//1881 1879//1879
f 1928//1928 1879//1879 1877//1877
f 1930//1930 1885//1885 1929//1929
f 1929//1929 1885//1885 1883//1883
f 1929//1929 1883//1883 1881//1881
f 1931//1931 1889//1889 1930//1930
f 1930//1930 1889//1889 1887//1887
f 1930//1930 1887//1887 1885//1885
f 1849//1849 1895//1895 1920//1920
f 1920//1920 1895//1895 1893//1893
f 1920//1920 1893//1893 1931//1931
f 1931//1931 1893//1893 1891//1891
f 1931//1931 1891//1891 1889//1889
f 1920//1920 1919//1919 1921//1921
f 1921//1921 1919//1919 1917//1917
f 1921//1921 1917//1917 1922//1922
f 1922//1922 1917//1917 1915//1915
f 1922//1922 1915//1915 1923//1923
f 1923//1923 1915//1915 1913//1913
f 1923//1923 1913//1913 1924//1924
f 1924//1924 1913//1913 1911//1911
f 1924//1924 1911//1911 1925//1925
f 1925//1925 1911//1911 1909//1909
f 1925//1925 1909//1909 1926//1926
f 1926//1926 1909//1909 1907//1907
f 1926//1926 1907//1907 1927//1927
f 1927//1927 1907//1907 1905//1905
f 1927//1927 1905//1905 1928//1928
f 1928//1928 1905//1905 1903//1903
f 1928//1928 1903//1903 1929//1929
f 1929//1929 1903//1903 1901//1901
f 1929//1929 1901//1901 1930//1930
f 1930//1930 1901//1901 1899//1899
f 1930//1930 1899//1899 1931//1931
f 1931//1931 1899//1899 1897//1897
f 1931//1931 1897//1897 1920//1920
f 1920//1920 1897//1897 1919//1919
f 1896//1896 1932//1932 1918//1918
f 1918//1918 1932//1932 1933//1933
f 1918//1918 1933//1933 1916//1916
f 1916//1916 1933//1933 1934//1934
f 1916//1916 1934//1934 1914//1914
f 1914//1914 1934//1934 1935//1935
f 1914//1914 1935//1935 1912//1912
f 1912//1912 1935//1935 1936//1936
f 1912//1912 1936//1936 1910//1910
f 1910//1910 1936//1936 1937//1937
f 1910//1910 1937//1937 1908//1908
f 1908//1908 1937//1937 1938//1938
f 1908//1908 1938//1938 1906//1906
f 1906//1906 1938//1938 1939//1939
f 1906//1906 1939//1939 1904//1904
f 1904//1904 1939//1939 1940//1940
f 1904//1904 1940//1940 1902//1902
f 1902//1902 1940//1940 1941//1941
f 1902//1902 1941//1941 1900//1900
f 1900//1900 1941//1941 1942//1942
f 1900//1900 1942//1942 1898//1898
f 1898//1898 1942//1942 1943//1943
f 1898//1898 1943//1943 1896//1896
f 1896//1896 1943//1943 1932//1932
f 1944//1944 1943//1943 1942//1942
f 1932//1932 1943//1943 1944//1944
f 1944//1944 1940//1940 1939//1939
f 1941//1941 1940//1940 1944//1944
f 1942//1942 1941//1941 1944//1944
f 1944//1944 1937//1937 1936//1936
f 1938//1938 1937//1937 1944//1944
f 1939//1939 1938//1938 1944//1944
f 1944//1944 1934//1934 1933//1933
f 1935//1935 1934//1934 1944//1944
f 1936//1936 1935//1935 1944//1944
f 1933//1933 1932//1932 1944//1944
f 1945//1945 1946//1946 1947//1947
f 1947//1947 1946//1946 1948//1948
f 1947//1947 1948//1948 1949//1949
f 1949//1949 1948//1948 1309//1309
f 1949//1949 1309//1309 1950//1950
f 1417//1417 1416//1416 1951//1951
f 1951//1951 1416//1416 1347//1347
f 1951//1951 1347//1347 1952//1952
f 1952//1952 1347//1347 1953//1953
f 1952//1952 1953//1953 1954//1954
f 1954//1954 1953//1953 1955//1955
f 1954//1954 1955//1955 1956//1956
f 1956//1956 1955//1955 1957//1957
f 1956//1956 1957//1957 1958//1958
f 1951//1951 1959//1959 1417//1417
f 1417//1417 1959//1959 1960//1960
f 1417//1417 1960//1960 1355//1355
f 1355//1355 1960//1960 1961//1961
f 1355//1355 1961//1961 1357//1357
f 1357//1357 1961//1961 1962//1962
f 1961//1961 1963//1963 1962//1962
f 1962//1962 1963//1963 1964//1964
f 1962//1962 1964//1964 1965//1965
f 1965//1965 1964//1964 1966//1966
f 1965//1965 1966//1966 1367//1367
f 1367//1367 1966//1966 1967//1967
f 1367//1367 1967//1967 1418//1418
f 1309//1309 1288//1288 1950//1950
f 1950//1950 1288//1288 1289//1289
f 1950//1950 1289//1289 1967//1967
f 1967//1967 1289//1289 1290//1290
f 1967//1967 1290//1290 1418//1418
f 1958//1958 1957//1957 1968//1968
f 1968//1968 1957//1957 1969//1969
f 1968//1968 1969//1969 1970//1970
f 1970//1970 1969//1969 1971//1971
f 1970//1970 1971//1971 1945//1945
f 1945//1945 1971//1971 1972//1972
f 1945//1945 1972//1972 1946//1946
f 1945//1945 1973//1973 1970//1970
f 1970//1970 1973//1973 1974//1974
f 1970//1970 1974//1974 1968//1968
f 1968//1968 1974//1974 1975//1975
f 1949//1949 1976//1976 1947//1947
f 1947//1947 1976//1976 1977//1977
f 1947//1947 1977//1977 1945//1945
f 1945//1945 1977//1977 1978//1978
f 1945//1945 1978//1978 1973//1973
f 1966//1966 1979//1979 1967//1967
f 1967//1967 1979//1979 1980//1980
f 1967//1967 1980//1980 1950//1950
f 1950//1950 1980//1980 1981//1981
f 1950//1950 1981//1981 1949//1949
f 1949//1949 1981//1981 1982//1982
f 1949//1949 1982//1982 1976//1976
f 1963//1963 1983//1983 1964//1964
f 1964//1964 1983//1983 1984//1984
f 1964//1964 1984//1984 1966//1966
f 1966//1966 1984//1984 1985//1985
f 1966//1966 1985//1985 1979//1979
f 1960//1960 1986//1986 1961//1961
f 1961//1961 1986//1986 1987//1987
f 1961//1961 1987//1987 1963//1963
f 1963//1963 1987//1987 1983//1983
f 1951//1951 1988//1988 1959//1959
f 1959//1959 1988//1988 1989//1989
f 1959//1959 1989//1989 1960//1960
f 1960//1960 1989//1989 1990//1990
f 1960//1960 1990//1990 1986//1986
f 1956//1956 1991//1991 1954//1954
f 1954//1954 1991//1991 1992//1992
f 1954//1954 1992//1992 1952//1952
f 1952//1952 1992//1992 1993//1993
f 1952//1952 1993//1993 1951//1951
f 1951//1951 1993//1993 1994//1994
f 1951//1951 1994//1994 1988//1988
f 1968//1968 1975//1975 1958//1958
f 1958//1958 1975//1975 1995//1995
f 1958//1958 1995//1995 1956//1956
f 1956//1956 1995//1995 1996//1996
f 1956//1956 1996//1996 1991//1991
f 1997//1997 1490//1490 1446//1446
f 1443//1443 1440//1440 1998//1998
f 1997//1997 1446//1446 1999//1999
f 1998//1998 2000//2000 1443//1443
f 1443//1443 2000//2000 1999//1999
f 1443//1443 1999//1999 1444//1444
f 1444//1444 1999//1999 1446//1446
f 1432//1432 1433//1433 2001//2001
f 2001//2001 2002//2002 1432//1432
f 1432//1432 2002//2002 2003//2003
f 1432//1432 2003//2003 1430//1430
f 1430//1430 2003//2003 1428//1428
f 1428//1428 2003//2003 2004//2004
f 1428//1428 2004//2004 1426//1426
f 1426//1426 2004//2004 2005//2005
f 1426//1426 2005//2005 1419//1419
f 2006//2006 2007//2007 2008//2008
f 2009//2009 2004//2004 2003//2003
f 2010//2010 2011//2011 2003//2003
f 2003//2003 2011//2011 2012//2012
f 2003//2003 2012//2012 2009//2009
f 2009//2009 2012//2012 2013//2013
f 2009//2009 2013//2013 2014//2014
f 2010//2010 2003//2003 2015//2015
f 2015//2015 2003//2003 2002//2002
f 2015//2015 2002//2002 2001//2001
f 2006//2006 2008//2008 2016//2016
f 2009//2009 2017//2017 2004//2004
f 2004//2004 2017//2017 2018//2018
f 2004//2004 2018//2018 2005//2005
f 2005//2005 2018//2018 2019//2019
f 2005//2005 2019//2019 2008//2008
f 2008//2008 2019//2019 2020//2020
f 2008//2008 2020//2020 2016//2016
f 2021//2021 2022//2022 2023//2023
f 2024//2024 2025//2025 2026//2026
f 2026//2026 2025//2025 2027//2027
f 2026//2026 2027//2027 2021//2021
f 2018//2018 2028//2028 2019//2019
f 2019//2019 2028//2028 2029//2029
f 2019//2019 2029//2029 2020//2020
f 2030//2030 2031//2031 2032//2032
f 2032//2032 2031//2031 2033//2033
f 2032//2032 2033//2033 2029//2029
f 2029//2029 2033//2033 2016//2016
f 2029//2029 2016//2016 2020//2020
f 2021//2021 2023//2023 2026//2026
f 2026//2026 2023//2023 2034//2034
f 2026//2026 2034//2034 2035//2035
f 2035//2035 2034//2034 2036//2036
f 2035//2035 2036//2036 2037//2037
f 2037//2037 2036//2036 2038//2038
f 2037//2037 2038//2038 2039//2039
f 2039//2039 2038//2038 2040//2040
f 2039//2039 2040//2040 2030//2030
f 2030//2030 2040//2040 2041//2041
f 2030//2030 2041//2041 2031//2031
f 2028//2028 2042//2042 2029//2029
f 2029//2029 2042//2042 2043//2043
f 2029//2029 2043//2043 2032//2032
f 2032//2032 2043//2043 2044//2044
f 2032//2032 2044//2044 2030//2030
f 2030//2030 2044//2044 2045//2045
f 2030//2030 2045//2045 2039//2039
f 2039//2039 2045//2045 2046//2046
f 2039//2039 2046//2046 2037//2037
f 2037//2037 2046//2046 2047//2047
f 2037//2037 2047//2047 2035//2035
f 2035//2035 2047//2047 2048//2048
f 2035//2035 2048//2048 2026//2026
f 2026//2026 2048//2048 2049//2049
f 2026//2026 2049//2049 2024//2024
f 2024//2024 2049//2049 2050//2050
f 2051//2051 1437//1437 2052//2052
f 2052//2052 1437//1437 1420//1420
f 2052//2052 1420//1420 2053//2053
f 2053//2053 1420//1420 1419//1419
f 2053//2053 1419//1419 2054//2054
f 2054//2054 1419//1419 2055//2055
f 2005//2005 2008//2008 1419//1419
f 1419//1419 2008//2008 2056//2056
f 1419//1419 2056//2056 2055//2055
f 2057//2057 2051//2051 2052//2052
f 2052//2052 2058//2058 2057//2057
f 2057//2057 2058//2058 2059//2059
f 2057//2057 2059//2059 2060//2060
f 2053//2053 2061//2061 2052//2052
f 2052//2052 2061//2061 2062//2062
f 2052//2052 2062//2062 2058//2058
f 2063//2063 2064//2064 2053//2053
f 2053//2053 2064//2064 2065//2065
f 2053//2053 2065//2065 2061//2061
f 2008//2008 2007//2007 2056//2056
f 2056//2056 2007//2007 2066//2066
f 2056//2056 2066//2066 2055//2055
f 2055//2055 2066//2066 2063//2063
f 2055//2055 2063//2063 2054//2054
f 2054//2054 2063//2063 2053//2053
f 2067//2067 2068//2068 2069//2069
f 2069//2069 2068//2068 2070//2070
f 2071//2071 2072//2072 2073//2073
f 2071//2071 2073//2073 2074//2074
f 2074//2074 2073//2073 2075//2075
f 2074//2074 2075//2075 2076//2076
f 2076//2076 2075//2075 2077//2077
f 2076//2076 2077//2077 2078//2078
f 2078//2078 2077//2077 2069//2069
f 2078//2078 2069//2069 2070//2070
f 1686//1686 1685//1685 2079//2079
f 2079//2079 1685//1685 1716//1716
f 2079//2079 1716//1716 1718//1718
f 1683//1683 1713//1713 1684//1684
f 1684//1684 1713//1713 1685//1685
f 1685//1685 1713//1713 1716//1716
f 1716//1716 1713//1713 1712//1712
f 1716//1716 1712//1712 1715//1715
f 2079//2079 1718//1718 1720//1720
f 1508//1508 1498//1498 2080//2080
f 2080//2080 1498//1498 1497//1497
f 2080//2080 1497//1497 2081//2081
f 2081//2081 1497//1497 1491//1491
f 1506//1506 1508//1508 1721//1721
f 1721//1721 1508//1508 2080//2080
f 1721//1721 2080//2080 1720//1720
f 1720//1720 2080//2080 2082//2082
f 1720//1720 2082//2082 2079//2079
f 2079//2079 2082//2082 1686//1686
f 2083//2083 1686//1686 2082//2082
f 2081//2081 1491//1491 1545//1545
f 1545//1545 1491//1491 1489//1489
f 1489//1489 1488//1488 1545//1545
f 1545//1545 1488//1488 1451//1451
f 1545//1545 1451//1451 1450//1450
f 1549//1549 2083//2083 1547//1547
f 1547//1547 2083//2083 2082//2082
f 1547//1547 2082//2082 1545//1545
f 1545//1545 2082//2082 2080//2080
f 1545//1545 2080//2080 2081//2081
f 2084//2084 2085//2085 1544//1544
f 1549//1549 1544//1544 2083//2083
f 2083//2083 1544//1544 2085//2085
f 2083//2083 2085//2085 1686//1686
f 1542//1542 2086//2086 1544//1544
f 1544//1544 2086//2086 1784//1784
f 1544//1544 1784//1784 2084//2084
f 2084//2084 1784//1784 1783//1783
f 2084//2084 1783//1783 1790//1790
f 2084//2084 1790//1790 1789//1789
f 2087//2087 2085//2085 2084//2084
f 2084//2084 1789//1789 2087//2087
f 2087//2087 1789//1789 1788//1788
f 2087//2087 1788//1788 1687//1687
f 1687//1687 1788//1788 1787//1787
f 1687//1687 1787//1787 1688//1688
f 1687//1687 1679//1679 2087//2087
f 2087//2087 1679//1679 1678//1678
f 2087//2087 1678//1678 2085//2085
f 2085//2085 1678//1678 1686//1686
f 2088//2088 2089//2089 2090//2090
f 2091//2091 2092//2092 2093//2093
f 2094//2094 2095//2095 2096//2096
f 2097//2097 2098//2098 2099//2099
f 2099//2099 2098//2098 2100//2100
f 2099//2099 2100//2100 2101//2101
f 2101//2101 2100//2100 2102//2102
f 2101//2101 2103//2103 2099//2099
f 2099//2099 2103//2103 2104//2104
f 2099//2099 2104//2104 2097//2097
f 2097//2097 2104//2104 2096//2096
f 2097//2097 2096//2096 2105//2105
f 2105//2105 2096//2096 2095//2095
f 2106//2106 2107//2107 2108//2108
f 2106//2106 2108//2108 2109//2109
f 2109//2109 2108//2108 2110//2110
f 2109//2109 2110//2110 2111//2111
f 2111//2111 2110//2110 2112//2112
f 2111//2111 2112//2112 2113//2113
f 2113//2113 2112//2112 2114//2114
f 2113//2113 2114//2114 2096//2096
f 2096//2096 2114//2114 2115//2115
f 2096//2096 2115//2115 2094//2094
f 2116//2116 2117//2117 2118//2118
f 2118//2118 2117//2117 2119//2119
f 2118//2118 2119//2119 2120//2120
f 2121//2121 2108//2108 2122//2122
f 2122//2122 2108//2108 2107//2107
f 2122//2122 2107//2107 2116//2116
f 2116//2116 2107//2107 2123//2123
f 2116//2116 2123//2123 2117//2117
f 2093//2093 2092//2092 2124//2124
f 2120//2120 2119//2119 2093//2093
f 2093//2093 2119//2119 2125//2125
f 2093//2093 2125//2125 2091//2091
f 2090//2090 2126//2126 2088//2088
f 2088//2088 2126//2126 2127//2127
f 2088//2088 2127//2127 2128//2128
f 2128//2128 2127//2127 2129//2129
f 2128//2128 2129//2129 2130//2130
f 2130//2130 2129//2129 2131//2131
f 2130//2130 2131//2131 2132//2132
f 2132//2132 2131//2131 2133//2133
f 2132//2132 2133//2133 2092//2092
f 2092//2092 2133//2133 2134//2134
f 2092//2092 2134//2134 2124//2124
f 2135//2135 2136//2136 2137//2137
f 2137//2137 2136//2136 2138//2138
f 2137//2137 2138//2138 2139//2139
f 2090//2090 2089//2089 2140//2140
f 2140//2140 2089//2089 2141//2141
f 2140//2140 2141//2141 2139//2139
f 2139//2139 2141//2141 2142//2142
f 2139//2139 2142//2142 2137//2137
f 1836//1836 2143//2143 1847//1847
f 1847//1847 2143//2143 2144//2144
f 1847//1847 2144//2144 1846//1846
f 1846//1846 2144//2144 2145//2145
f 1846//1846 2145//2145 1845//1845
f 1845//1845 2145//2145 2146//2146
f 1845//1845 2146//2146 1844//1844
f 1844//1844 2146//2146 2147//2147
f 1844//1844 2147//2147 1843//1843
f 1843//1843 2147//2147 2148//2148
f 1843//1843 2148//2148 1842//1842
f 1842//1842 2148//2148 2149//2149
f 1842//1842 2149//2149 1841//1841
f 1841//1841 2149//2149 2150//2150
f 1841//1841 2150//2150 1840//1840
f 1840//1840 2150//2150 2151//2151
f 1840//1840 2151//2151 1839//1839
f 1839//1839 2151//2151 2152//2152
f 1839//1839 2152//2152 1838//1838
f 1838//1838 2152//2152 2153//2153
f 1838//1838 2153//2153 1837//1837
f 1837//1837 2153//2153 2154//2154
f 1837//1837 2154//2154 1836//1836
f 1836//1836 2154//2154 2143//2143
f 2155//2155 2156//2156 1437//1437
f 2157//2157 2158//2158 2135//2135
f 2135//2135 2158//2158 2159//2159
f 2135//2135 2159//2159 2136//2136
f 2136//2136 2159//2159 2160//2160
f 1437//1437 2051//2051 2161//2161
f 2156//2156 1423//1423 1422//1422
f 2161//2161 2051//2051 2162//2162
f 2161//2161 2163//2163 1437//1437
f 1437//1437 2163//2163 2164//2164
f 1437//1437 2164//2164 2155//2155
f 2155//2155 2164//2164 2165//2165
f 2155//2155 2165//2165 2166//2166
f 2166//2166 2165//2165 2167//2167
f 2166//2166 2167//2167 2135//2135
f 2135//2135 2167//2167 2168//2168
f 2135//2135 2168//2168 2157//2157
f 1436//1436 1437//1437 1435//1435
f 1435//1435 1437//1437 2156//2156
f 1435//1435 2156//2156 1434//1434
f 1434//1434 2156//2156 1422//1422
f 1434//1434 1422//1422 1425//1425
f 2158//2158 2169//2169 2159//2159
f 2159//2159 2169//2169 2170//2170
f 2159//2159 2170//2170 2171//2171
f 2171//2171 2170//2170 2172//2172
f 2171//2171 2172//2172 2060//2060
f 2060//2060 2172//2172 2162//2162
f 2060//2060 2162//2162 2057//2057
f 2057//2057 2162//2162 2051//2051
f 2163//2163 2153//2153 2164//2164
f 2164//2164 2153//2153 2152//2152
f 2164//2164 2152//2152 2165//2165
f 2165//2165 2152//2152 2151//2151
f 2165//2165 2151//2151 2167//2167
f 2167//2167 2151//2151 2150//2150
f 2167//2167 2150//2150 2168//2168
f 2168//2168 2150//2150 2149//2149
f 2168//2168 2149//2149 2157//2157
f 2157//2157 2149//2149 2148//2148
f 2157//2157 2148//2148 2158//2158
f 2158//2158 2148//2148 2147//2147
f 2158//2158 2147//2147 2169//2169
f 2169//2169 2147//2147 2146//2146
f 2169//2169 2146//2146 2170//2170
f 2170//2170 2146//2146 2145//2145
f 2170//2170 2145//2145 2172//2172
f 2172//2172 2145//2145 2144//2144
f 2172//2172 2144//2144 2162//2162
f 2162//2162 2144//2144 2143//2143
f 2162//2162 2143//2143 2161//2161
f 2161//2161 2143//2143 2154//2154
f 2161//2161 2154//2154 2163//2163
f 2163//2163 2154//2154 2153//2153
f 2120//2120 2093//2093 2173//2173
f 2093//2093 2124//2124 2173//2173
f 2173//2173 2124//2124 2134//2134
f 2173//2173 2134//2134 2133//2133
f 2120//2120 2173//2173 2118//2118
f 2118//2118 2173//2173 2174//2174
f 2118//2118 2174//2174 2116//2116
f 2174//2174 2175//2175 2176//2176
f 2176//2176 2121//2121 2174//2174
f 2174//2174 2121//2121 2122//2122
f 2174//2174 2122//2122 2116//2116
f 2177//2177 2178//2178 2179//2179
f 2180//2180 2181//2181 2182//2182
f 2183//2183 2184//2184 2185//2185
f 2185//2185 2184//2184 2186//2186
f 2185//2185 2186//2186 2187//2187
f 2187//2187 2186//2186 2188//2188
f 2189//2189 2190//2190 2191//2191
f 2191//2191 2190//2190 2192//2192
f 2180//2180 2182//2182 2193//2193
f 2193//2193 2182//2182 2194//2194
f 2193//2193 2194//2194 2195//2195
f 2195//2195 2194//2194 2196//2196
f 2196//2196 2194//2194 2197//2197
f 2196//2196 2197//2197 2139//2139
f 2198//2198 2090//2090 2197//2197
f 2197//2197 2090//2090 2140//2140
f 2197//2197 2140//2140 2139//2139
f 2177//2177 2199//2199 2200//2200
f 2200//2200 2199//2199 2175//2175
f 2200//2200 2175//2175 2201//2201
f 2202//2202 2203//2203 2204//2204
f 2204//2204 2203//2203 2205//2205
f 2206//2206 2207//2207 2208//2208
f 2208//2208 2207//2207 2209//2209
f 2208//2208 2209//2209 2210//2210
f 2188//2188 2186//2186 2211//2211
f 2211//2211 2186//2186 2212//2212
f 2211//2211 2212//2212 2206//2206
f 2206//2206 2212//2212 2213//2213
f 2206//2206 2213//2213 2207//2207
f 2178//2178 2177//2177 2214//2214
f 2214//2214 2177//2177 2200//2200
f 2214//2214 2200//2200 2215//2215
f 2215//2215 2200//2200 2201//2201
f 2215//2215 2201//2201 2216//2216
f 2217//2217 2174//2174 2218//2218
f 2218//2218 2174//2174 2173//2173
f 2218//2218 2173//2173 2219//2219
f 2219//2219 2173//2173 2133//2133
f 2219//2219 2133//2133 2220//2220
f 2220//2220 2133//2133 2131//2131
f 2220//2220 2131//2131 2221//2221
f 2221//2221 2131//2131 2129//2129
f 2221//2221 2129//2129 2222//2222
f 2222//2222 2129//2129 2127//2127
f 2222//2222 2127//2127 2198//2198
f 2198//2198 2127//2127 2126//2126
f 2198//2198 2126//2126 2090//2090
f 2180//2180 2191//2191 2181//2181
f 2181//2181 2191//2191 2192//2192
f 2181//2181 2192//2192 2182//2182
f 2182//2182 2192//2192 2223//2223
f 2182//2182 2223//2223 2194//2194
f 2194//2194 2223//2223 2224//2224
f 2194//2194 2224//2224 2197//2197
f 2197//2197 2224//2224 2225//2225
f 2197//2197 2225//2225 2198//2198
f 2198//2198 2225//2225 2226//2226
f 2198//2198 2226//2226 2222//2222
f 2222//2222 2226//2226 2227//2227
f 2222//2222 2227//2227 2221//2221
f 2221//2221 2227//2227 2228//2228
f 2221//2221 2228//2228 2220//2220
f 2220//2220 2228//2228 2229//2229
f 2220//2220 2229//2229 2219//2219
f 2219//2219 2229//2229 2230//2230
f 2219//2219 2230//2230 2218//2218
f 2218//2218 2230//2230 2231//2231
f 2218//2218 2231//2231 2217//2217
f 2232//2232 2233//2233 2234//2234
f 2234//2234 2233//2233 2235//2235
f 2234//2234 2235//2235 2205//2205
f 2205//2205 2235//2235 2236//2236
f 2205//2205 2236//2236 2204//2204
f 2237//2237 2238//2238 2239//2239
f 2239//2239 2238//2238 2240//2240
f 2239//2239 2240//2240 2232//2232
f 2232//2232 2240//2240 2241//2241
f 2232//2232 2241//2241 2233//2233
f 2209//2209 2242//2242 2210//2210
f 2210//2210 2242//2242 2243//2243
f 2210//2210 2243//2243 2244//2244
f 2244//2244 2243//2243 2245//2245
f 2244//2244 2245//2245 2246//2246
f 2246//2246 2245//2245 2247//2247
f 2246//2246 2247//2247 2248//2248
f 2248//2248 2247//2247 2249//2249
f 2248//2248 2249//2249 2250//2250
f 2250//2250 2249//2249 2251//2251
f 2250//2250 2251//2251 2237//2237
f 2237//2237 2251//2251 2252//2252
f 2237//2237 2252//2252 2238//2238
f 2203//2203 2179//2179 2205//2205
f 2205//2205 2179//2179 2178//2178
f 2205//2205 2178//2178 2234//2234
f 2234//2234 2178//2178 2214//2214
f 2234//2234 2214//2214 2232//2232
f 2232//2232 2214//2214 2215//2215
f 2232//2232 2215//2215 2239//2239
f 2239//2239 2215//2215 2216//2216
f 2239//2239 2216//2216 2237//2237
f 2175//2175 2174//2174 2201//2201
f 2201//2201 2174//2174 2217//2217
f 2201//2201 2217//2217 2216//2216
f 2216//2216 2217//2217 2231//2231
f 2216//2216 2231//2231 2237//2237
f 2237//2237 2231//2231 2230//2230
f 2237//2237 2230//2230 2250//2250
f 2250//2250 2230//2230 2229//2229
f 2250//2250 2229//2229 2248//2248
f 2248//2248 2229//2229 2228//2228
f 2248//2248 2228//2228 2246//2246
f 2246//2246 2228//2228 2227//2227
f 2246//2246 2227//2227 2244//2244
f 2244//2244 2227//2227 2226//2226
f 2244//2244 2226//2226 2210//2210
f 2210//2210 2226//2226 2225//2225
f 2210//2210 2225//2225 2208//2208
f 2208//2208 2225//2225 2224//2224
f 2208//2208 2224//2224 2206//2206
f 2206//2206 2224//2224 2223//2223
f 2206//2206 2223//2223 2211//2211
f 2211//2211 2223//2223 2192//2192
f 2211//2211 2192//2192 2188//2188
f 2188//2188 2192//2192 2190//2190
f 2188//2188 2190//2190 2187//2187
f 2187//2187 2190//2190 2189//2189
f 2253//2253 1948//1948 1946//1946
f 2253//2253 1946//1946 2254//2254
f 2254//2254 1946//1946 1972//1972
f 2254//2254 1972//1972 2184//2184
f 2255//2255 2256//2256 2257//2257
f 2258//2258 2259//2259 2260//2260
f 2261//2261 2262//2262 2263//2263
f 2262//2262 2264//2264 2256//2256
f 2256//2256 2264//2264 2265//2265
f 2262//2262 2256//2256 2263//2263
f 2263//2263 2256//2256 2255//2255
f 2263//2263 2255//2255 2266//2266
f 2257//2257 2254//2254 2184//2184
f 2184//2184 2183//2183 2257//2257
f 2257//2257 2183//2183 2185//2185
f 2257//2257 2185//2185 2255//2255
f 2255//2255 2185//2185 2187//2187
f 2255//2255 2187//2187 2266//2266
f 2266//2266 2187//2187 2189//2189
f 2266//2266 2189//2189 2191//2191
f 2253//2253 2254//2254 2267//2267
f 2267//2267 2254//2254 2257//2257
f 2267//2267 2257//2257 2268//2268
f 2268//2268 2257//2257 2256//2256
f 2268//2268 2256//2256 2269//2269
f 2269//2269 2256//2256 2265//2265
f 2180//2180 2260//2260 2191//2191
f 2191//2191 2260//2260 2259//2259
f 2191//2191 2259//2259 2266//2266
f 2266//2266 2259//2259 2258//2258
f 2266//2266 2258//2258 2263//2263
f 2263//2263 2258//2258 2270//2270
f 2263//2263 2270//2270 2261//2261
f 1309//1309 1948//1948 2271//2271
f 2272//2272 2273//2273 2271//2271
f 2267//2267 2268//2268 2274//2274
f 1303//1303 1309//1309 2275//2275
f 2275//2275 1309//1309 2271//2271
f 2275//2275 2271//2271 2276//2276
f 2276//2276 2271//2271 2277//2277
f 2276//2276 2277//2277 2278//2278
f 2274//2274 2272//2272 2267//2267
f 2267//2267 2272//2272 2271//2271
f 2267//2267 2271//2271 2253//2253
f 2253//2253 2271//2271 1948//1948
f 2279//2279 2280//2280 2281//2281
f 2280//2280 2279//2279 2282//2282
f 2283//2283 2275//2275 2281//2281
f 2281//2281 2275//2275 2276//2276
f 2281//2281 2276//2276 2279//2279
f 2279//2279 2276//2276 2278//2278
f 2284//2284 2283//2283 2285//2285
f 2285//2285 2283//2283 2281//2281
f 2285//2285 2281//2281 2286//2286
f 2286//2286 2281//2281 2280//2280
f 2286//2286 2280//2280 2287//2287
f 2287//2287 2280//2280 2282//2282
f 2284//2284 1308//1308 2283//2283
f 2283//2283 1308//1308 1304//1304
f 2283//2283 1304//1304 2275//2275
f 2275//2275 1304//1304 1303//1303
f 2072//2072 2288//2288 2289//2289
f 2289//2289 2067//2067 2069//2069
f 2069//2069 2077//2077 2075//2075
f 2289//2289 2069//2069 2072//2072
f 2072//2072 2069//2069 2075//2075
f 2072//2072 2075//2075 2073//2073
f 2290//2290 2291//2291 2292//2292
f 2293//2293 2290//2290 2294//2294
f 2294//2294 2290//2290 2292//2292
f 2294//2294 2292//2292 2295//2295
f 2295//2295 2292//2292 2296//2296
f 2072//2072 2071//2071 2288//2288
f 2288//2288 2071//2071 2297//2297
f 2288//2288 2297//2297 2294//2294
f 2294//2294 2297//2297 2298//2298
f 2294//2294 2298//2298 2293//2293
f 2068//2068 2299//2299 2070//2070
f 2070//2070 2299//2299 2297//2297
f 2070//2070 2297//2297 2071//2071
f 2071//2071 2074//2074 2070//2070
f 2070//2070 2074//2074 2076//2076
f 2070//2070 2076//2076 2078//2078
f 2292//2292 1541//1541 2296//2296
f 2296//2296 1541//1541 1555//1555
f 2296//2296 1555//1555 2300//2300
f 2300//2300 1555//1555 2301//2301
f 2301//2301 1555//1555 1559//1559
f 2301//2301 1559//1559 1677//1677
f 2302//2302 2303//2303 1675//1675
f 2067//2067 1664//1664 2068//2068
f 2068//2068 1664//1664 1665//1665
f 2068//2068 1665//1665 1782//1782
f 1782//1782 1781//1781 2068//2068
f 2068//2068 1781//1781 119//119
f 2068//2068 119//119 2299//2299
f 2299//2299 119//119 118//118
f 2299//2299 118//118 1785//1785
f 1786//1786 1792//1792 118//118
f 118//118 1792//1792 1791//1791
f 118//118 1791//1791 1785//1785
f 2304//2304 2305//2305 2306//2306
f 2306//2306 2305//2305 2299//2299
f 2306//2306 2299//2299 2307//2307
f 2307//2307 2299//2299 1785//1785
f 2308//2308 1671//1671 2309//2309
f 2309//2309 1671//1671 1670//1670
f 2309//2309 1670//1670 2310//2310
f 1675//1675 2303//2303 1676//1676
f 1676//1676 2303//2303 2311//2311
f 1676//1676 2311//2311 1677//1677
f 2067//2067 2289//2289 2312//2312
f 2312//2312 2289//2289 2313//2313
f 1675//1675 1674//1674 2302//2302
f 2302//2302 1674//1674 1673//1673
f 2302//2302 1673//1673 2308//2308
f 2308//2308 1673//1673 1672//1672
f 2308//2308 1672//1672 1671//1671
f 1677//1677 2311//2311 2301//2301
f 2301//2301 2311//2311 2312//2312
f 2301//2301 2312//2312 2300//2300
f 2300//2300 2312//2312 2313//2313
f 2300//2300 2313//2313 2314//2314
f 1670//1670 1669//1669 2310//2310
f 2310//2310 1669//1669 1668//1668
f 2310//2310 1668//1668 2315//2315
f 2315//2315 1668//1668 1667//1667
f 2315//2315 1667//1667 2316//2316
f 2316//2316 1667//1667 1666//1666
f 2316//2316 1666//1666 2317//2317
f 2317//2317 1666//1666 1664//1664
f 2317//2317 1664//1664 2318//2318
f 2318//2318 1664//1664 2067//2067
f 2318//2318 2067//2067 2319//2319
f 2319//2319 2067//2067 2312//2312
f 2289//2289 2288//2288 2313//2313
f 2313//2313 2288//2288 2294//2294
f 2313//2313 2294//2294 2314//2314
f 2314//2314 2294//2294 2295//2295
f 2314//2314 2295//2295 2300//2300
f 2300//2300 2295//2295 2296//2296
f 1541//1541 2292//2292 1542//1542
f 1542//1542 2292//2292 2291//2291
f 2291//2291 2307//2307 1542//1542
f 1542//1542 2307//2307 1785//1785
f 1542//1542 1785//1785 2086//2086
f 2086//2086 1785//1785 1784//1784
f 2307//2307 2291//2291 2306//2306
f 2306//2306 2291//2291 2290//2290
f 2306//2306 2290//2290 2304//2304
f 2304//2304 2290//2290 2293//2293
f 2304//2304 2293//2293 2305//2305
f 2305//2305 2293//2293 2298//2298
f 2305//2305 2298//2298 2299//2299
f 2299//2299 2298//2298 2297//2297
f 491//491 489//489 1894//1894
f 1854//1854 469//469 467//467
f 483//483 1884//1884 485//485
f 485//485 1884//1884 1886//1886
f 485//485 1886//1886 487//487
f 1886//1886 1888//1888 487//487
f 487//487 1888//1888 1890//1890
f 487//487 1890//1890 489//489
f 489//489 1890//1890 1892//1892
f 489//489 1892//1892 1894//1894
f 1894//1894 1848//1848 491//491
f 491//491 1848//1848 1850//1850
f 491//491 1850//1850 467//467
f 467//467 1850//1850 1852//1852
f 467//467 1852//1852 1854//1854
f 1876//1876 481//481 479//479
f 1854//1854 1856//1856 469//469
f 469//469 1856//1856 1858//1858
f 469//469 1858//1858 471//471
f 471//471 1858//1858 1860//1860
f 471//471 1860//1860 473//473
f 1876//1876 1878//1878 481//481
f 481//481 1878//1878 1880//1880
f 481//481 1880//1880 483//483
f 483//483 1880//1880 1882//1882
f 483//483 1882//1882 1884//1884
f 1860//1860 1862//1862 473//473
f 473//473 1862//1862 1864//1864
f 473//473 1864//1864 475//475
f 1864//1864 1866//1866 475//475
f 475//475 1866//1866 1868//1868
f 475//475 1868//1868 477//477
f 1868//1868 1870//1870 477//477
f 477//477 1870//1870 1872//1872
f 477//477 1872//1872 479//479
f 479//479 1872//1872 1874//1874
f 479//479 1874//1874 1876//1876
f 2320//2320 1352//1352 1354//1354
f 2320//2320 1354//1354 2321//2321
f 1354//1354 1355//1355 2321//2321
f 2321//2321 1355//1355 1357//1357
f 2321//2321 1357//1357 2322//2322
f 2322//2322 1357//1357 1962//1962
f 2322//2322 1962//1962 2323//2323
f 2323//2323 1962//1962 2324//2324
f 2324//2324 1962//1962 2325//2325
f 2325//2325 1962//1962 1965//1965
f 2325//2325 1965//1965 2326//2326
f 2326//2326 1965//1965 1367//1367
f 2326//2326 1367//1367 2327//2327
f 2327//2327 1367//1367 1308//1308
f 2327//2327 1308//1308 2284//2284
f 2233//2233 1349//1349 2235//2235
f 2235//2235 1349//1349 1350//1350
f 2235//2235 1350//1350 2236//2236
f 2236//2236 1350//1350 1352//1352
f 2236//2236 1352//1352 2204//2204
f 2204//2204 1352//1352 2320//2320
f 2204//2204 2320//2320 2202//2202
f 2184//2184 1972//1972 2186//2186
f 2186//2186 1972//1972 1971//1971
f 2186//2186 1971//1971 2212//2212
f 2212//2212 1971//1971 2213//2213
f 2213//2213 1971//1971 1969//1969
f 2213//2213 1969//1969 2207//2207
f 1957//1957 2243//2243 2242//2242
f 1957//1957 2242//2242 1969//1969
f 1969//1969 2242//2242 2209//2209
f 1969//1969 2209//2209 2207//2207
f 1955//1955 2249//2249 2247//2247
f 1955//1955 2247//2247 1957//1957
f 1957//1957 2247//2247 2245//2245
f 1957//1957 2245//2245 2243//2243
f 2233//2233 2241//2241 1349//1349
f 1349//1349 2241//2241 2240//2240
f 1349//1349 2240//2240 1347//1347
f 1347//1347 2240//2240 2238//2238
f 1347//1347 2238//2238 1953//1953
f 1953//1953 2238//2238 2252//2252
f 1953//1953 2252//2252 1955//1955
f 1955//1955 2252//2252 2251//2251
f 1955//1955 2251//2251 2249//2249
f 605//605 2328//2328 2329//2329
f 2330//2330 2331//2331 2329//2329
f 2332//2332 2333//2333 2334//2334
f 2334//2334 2333//2333 2335//2335
f 2336//2336 2337//2337 2338//2338
f 2339//2339 2340//2340 2341//2341
f 2341//2341 2340//2340 2342//2342
f 2341//2341 2342//2342 2343//2343
f 2343//2343 2342//2342 2344//2344
f 2343//2343 2344//2344 2329//2329
f 2329//2329 2344//2344 606//606
f 2329//2329 606//606 605//605
f 2335//2335 2345//2345 2334//2334
f 2334//2334 2345//2345 2346//2346
f 2334//2334 2346//2346 2347//2347
f 2330//2330 2329//2329 2348//2348
f 2348//2348 2329//2329 2328//2328
f 2348//2348 2328//2328 2349//2349
f 2347//2347 2346//2346 2350//2350
f 2350//2350 2346//2346 2348//2348
f 2350//2350 2348//2348 2338//2338
f 2338//2338 2348//2348 2349//2349
f 2338//2338 2349//2349 2336//2336
f 604//604 603//603 2351//2351
f 2351//2351 2352//2352 2353//2353
f 605//605 607//607 2328//2328
f 2328//2328 607//607 2354//2354
f 2355//2355 2337//2337 2336//2336
f 2356//2356 2357//2357 2358//2358
f 2349//2349 2356//2356 2336//2336
f 2336//2336 2356//2356 2358//2358
f 2336//2336 2358//2358 2355//2355
f 2359//2359 2360//2360 2361//2361
f 2361//2361 2360//2360 2362//2362
f 2361//2361 2362//2362 2363//2363
f 2363//2363 2362//2362 2364//2364
f 2363//2363 2364//2364 2356//2356
f 2356//2356 2364//2364 2365//2365
f 2356//2356 2365//2365 2357//2357
f 2351//2351 2353//2353 604//604
f 604//604 2353//2353 2366//2366
f 604//604 2366//2366 609//609
f 609//609 2366//2366 2359//2359
f 609//609 2359//2359 610//610
f 610//610 2359//2359 2361//2361
f 610//610 2361//2361 611//611
f 611//611 2361//2361 2363//2363
f 611//611 2363//2363 607//607
f 607//607 2363//2363 2356//2356
f 607//607 2356//2356 2354//2354
f 2354//2354 2356//2356 2349//2349
f 2354//2354 2349//2349 2328//2328
f 2367//2367 2368//2368 2369//2369
f 2370//2370 2371//2371 2372//2372
f 2373//2373 2374//2374 2375//2375
f 2375//2375 2374//2374 2376//2376
f 2377//2377 2378//2378 2379//2379
f 2380//2380 2381//2381 2382//2382
f 2380//2380 2382//2382 2383//2383
f 2384//2384 2385//2385 2386//2386
f 2386//2386 2385//2385 2387//2387
f 2386//2386 2387//2387 2388//2388
f 2389//2389 2390//2390 2391//2391
f 2392//2392 2393//2393 2389//2389
f 2394//2394 2393//2393 2395//2395
f 2395//2395 2393//2393 2392//2392
f 2395//2395 2392//2392 2396//2396
f 2396//2396 2392//2392 2376//2376
f 2397//2397 2398//2398 2399//2399
f 2399//2399 2398//2398 2400//2400
f 2398//2398 2401//2401 2400//2400
f 2400//2400 2401//2401 2372//2372
f 2400//2400 2372//2372 2402//2402
f 2402//2402 2372//2372 2371//2371
f 563//563 562//562 2403//2403
f 2404//2404 2405//2405 2403//2403
f 2403//2403 2405//2405 2332//2332
f 2403//2403 2332//2332 563//563
f 563//563 2332//2332 2406//2406
f 563//563 2406//2406 564//564
f 562//562 561//561 2403//2403
f 2403//2403 561//561 570//570
f 2403//2403 570//570 569//569
f 2407//2407 557//557 565//565
f 2408//2408 559//559 2407//2407
f 2407//2407 559//559 558//558
f 2407//2407 558//558 557//557
f 552//552 551//551 2409//2409
f 552//552 2409//2409 553//553
f 551//551 555//555 2409//2409
f 2409//2409 555//555 556//556
f 2409//2409 556//556 2408//2408
f 2408//2408 556//556 560//560
f 2408//2408 560//560 559//559
f 2410//2410 2411//2411 2412//2412
f 2412//2412 2411//2411 2413//2413
f 2367//2367 2369//2369 2414//2414
f 2414//2414 2369//2369 2415//2415
f 2414//2414 2415//2415 2416//2416
f 2416//2416 2415//2415 2417//2417
f 2416//2416 2417//2417 2418//2418
f 2418//2418 2417//2417 2419//2419
f 2419//2419 2417//2417 2420//2420
f 2419//2419 2420//2420 2421//2421
f 2422//2422 2423//2423 2424//2424
f 2424//2424 2423//2423 2425//2425
f 2387//2387 2381//2381 2388//2388
f 2388//2388 2381//2381 2380//2380
f 2388//2388 2380//2380 2423//2423
f 2423//2423 2380//2380 2383//2383
f 2423//2423 2383//2383 2425//2425
f 2376//2376 2392//2392 2375//2375
f 2375//2375 2392//2392 2426//2426
f 2375//2375 2426//2426 2373//2373
f 2391//2391 2384//2384 2389//2389
f 2389//2389 2384//2384 2386//2386
f 2389//2389 2386//2386 2392//2392
f 2392//2392 2386//2386 2388//2388
f 2392//2392 2388//2388 2426//2426
f 2426//2426 2388//2388 2423//2423
f 2426//2426 2423//2423 2373//2373
f 2373//2373 2423//2423 2422//2422
f 2427//2427 2410//2410 2428//2428
f 2428//2428 2410//2410 2412//2412
f 2428//2428 2412//2412 2429//2429
f 2369//2369 2427//2427 2415//2415
f 2415//2415 2427//2427 2428//2428
f 2415//2415 2428//2428 2417//2417
f 2417//2417 2428//2428 2429//2429
f 2417//2417 2429//2429 2420//2420
f 554//554 553//553 2413//2413
f 2413//2413 553//553 2409//2409
f 2413//2413 2409//2409 2412//2412
f 2412//2412 2409//2409 2430//2430
f 2412//2412 2430//2430 2429//2429
f 2429//2429 2430//2430 2431//2431
f 2429//2429 2431//2431 2420//2420
f 2420//2420 2431//2431 2379//2379
f 2420//2420 2379//2379 2421//2421
f 2421//2421 2379//2379 2378//2378
f 2383//2383 2432//2432 2425//2425
f 2425//2425 2432//2432 2433//2433
f 2425//2425 2433//2433 2424//2424
f 2424//2424 2433//2433 2434//2434
f 2424//2424 2434//2434 2435//2435
f 2435//2435 2434//2434 2436//2436
f 2435//2435 2436//2436 2437//2437
f 2437//2437 2436//2436 2438//2438
f 2437//2437 2438//2438 2439//2439
f 2439//2439 2438//2438 2440//2440
f 2439//2439 2440//2440 2347//2347
f 2347//2347 2440//2440 2406//2406
f 2347//2347 2406//2406 2334//2334
f 2334//2334 2406//2406 2332//2332
f 2382//2382 2441//2441 2383//2383
f 2383//2383 2441//2441 2377//2377
f 2383//2383 2377//2377 2432//2432
f 2432//2432 2377//2377 2379//2379
f 2432//2432 2379//2379 2433//2433
f 2433//2433 2379//2379 2431//2431
f 2433//2433 2431//2431 2434//2434
f 2434//2434 2431//2431 2430//2430
f 2434//2434 2430//2430 2436//2436
f 2436//2436 2430//2430 2409//2409
f 2436//2436 2409//2409 2438//2438
f 2438//2438 2409//2409 2408//2408
f 2438//2438 2408//2408 2440//2440
f 2440//2440 2408//2408 2407//2407
f 2440//2440 2407//2407 2406//2406
f 2406//2406 2407//2407 565//565
f 2406//2406 565//565 564//564
f 2347//2347 2442//2442 2439//2439
f 2439//2439 2442//2442 2370//2370
f 2439//2439 2370//2370 2437//2437
f 2437//2437 2370//2370 2372//2372
f 2437//2437 2372//2372 2435//2435
f 2435//2435 2372//2372 2401//2401
f 2435//2435 2401//2401 2424//2424
f 2424//2424 2401//2401 2398//2398
f 2424//2424 2398//2398 2422//2422
f 2422//2422 2398//2398 2397//2397
f 2422//2422 2397//2397 2373//2373
f 2373//2373 2397//2397 2443//2443
f 2373//2373 2443//2443 2374//2374
f 2444//2444 2445//2445 2446//2446
f 2446//2446 2445//2445 2447//2447
f 2446//2446 2447//2447 2448//2448
f 2448//2448 2447//2447 2449//2449
f 2448//2448 2449//2449 2450//2450
f 2450//2450 2449//2449 2451//2451
f 2450//2450 2451//2451 2452//2452
f 2452//2452 2451//2451 2453//2453
f 2452//2452 2453//2453 2454//2454
f 2454//2454 2453//2453 2455//2455
f 2454//2454 2455//2455 2456//2456
f 2456//2456 2455//2455 2457//2457
f 2458//2458 2459//2459 2445//2445
f 2445//2445 2459//2459 2460//2460
f 2445//2445 2460//2460 2447//2447
f 2444//2444 2461//2461 2445//2445
f 2445//2445 2461//2461 2462//2462
f 2445//2445 2462//2462 2458//2458
f 2458//2458 2462//2462 2463//2463
f 31//31 29//29 27//27
f 2464//2464 31//31 2465//2465
f 2465//2465 31//31 27//27
f 2465//2465 27//27 2466//2466
f 2466//2466 27//27 26//26
f 2466//2466 26//26 2467//2467
f 2467//2467 26//26 2468//2468
f 2467//2467 2468//2468 2469//2469
f 2469//2469 2468//2468 2470//2470
f 2469//2469 2470//2470 2471//2471
f 2471//2471 2470//2470 2472//2472
f 2471//2471 2472//2472 2473//2473
f 2473//2473 2472//2472 2458//2458
f 2473//2473 2458//2458 2474//2474
f 2474//2474 2458//2458 2463//2463
f 599//599 598//598 2475//2475
f 31//31 2464//2464 2476//2476
f 2475//2475 598//598 2476//2476
f 2476//2476 598//598 597//597
f 2476//2476 597//597 596//596
f 596//596 595//595 2476//2476
f 2476//2476 595//595 32//32
f 2476//2476 32//32 31//31
f 595//595 594//594 32//32
f 32//32 594//594 593//593
f 32//32 593//593 2477//2477
f 2477//2477 593//593 592//592
f 2477//2477 592//592 2478//2478
f 2478//2478 592//592 591//591
f 2479//2479 2480//2480 602//602
f 602//602 2480//2480 2481//2481
f 2475//2475 2352//2352 599//599
f 599//599 2352//2352 2351//2351
f 599//599 2351//2351 600//600
f 600//600 2351//2351 603//603
f 600//600 603//603 601//601
f 601//601 603//603 602//602
f 601//601 602//602 590//590
f 590//590 602//602 2481//2481
f 590//590 2481//2481 591//591
f 591//591 2481//2481 2482//2482
f 591//591 2482//2482 2478//2478
f 2479//2479 2483//2483 2484//2484
f 2485//2485 2480//2480 2486//2486
f 2486//2486 2480//2480 2479//2479
f 2486//2486 2479//2479 2487//2487
f 2487//2487 2479//2479 2484//2484
f 2482//2482 2481//2481 2488//2488
f 2489//2489 2477//2477 2488//2488
f 2488//2488 2477//2477 2478//2478
f 2488//2488 2478//2478 2482//2482
f 2382//2382 2490//2490 2441//2441
f 2441//2441 2490//2490 2377//2377
f 2381//2381 2477//2477 2382//2382
f 2382//2382 2477//2477 2489//2489
f 2382//2382 2489//2489 2490//2490
f 28//28 30//30 25//25
f 25//25 30//30 32//32
f 25//25 32//32 2491//2491
f 2491//2491 32//32 2477//2477
f 2491//2491 2477//2477 2492//2492
f 2492//2492 2477//2477 2381//2381
f 2492//2492 2381//2381 2387//2387
f 2385//2385 2493//2493 2387//2387
f 2387//2387 2493//2493 2494//2494
f 2387//2387 2494//2494 2495//2495
f 2495//2495 2496//2496 2387//2387
f 2387//2387 2496//2496 2497//2497
f 2387//2387 2497//2497 2492//2492
f 2498//2498 2499//2499 2500//2500
f 2500//2500 2501//2501 2498//2498
f 2498//2498 2501//2501 2502//2502
f 2498//2498 2502//2502 2503//2503
f 2503//2503 2502//2502 2504//2504
f 2503//2503 2504//2504 2505//2505
f 2506//2506 2507//2507 2508//2508
f 2508//2508 2507//2507 2509//2509
f 2510//2510 2511//2511 2385//2385
f 2385//2385 2511//2511 2512//2512
f 2385//2385 2512//2512 2493//2493
f 2507//2507 2503//2503 2509//2509
f 2509//2509 2503//2503 2505//2505
f 2509//2509 2505//2505 2391//2391
f 2391//2391 2505//2505 2510//2510
f 2391//2391 2510//2510 2384//2384
f 2384//2384 2510//2510 2385//2385
f 2513//2513 2457//2457 2455//2455
f 2514//2514 2515//2515 2516//2516
f 2516//2516 2515//2515 2517//2517
f 2516//2516 2517//2517 2499//2499
f 2499//2499 2517//2517 2500//2500
f 2518//2518 2519//2519 2520//2520
f 2500//2500 2517//2517 2501//2501
f 2501//2501 2517//2517 2518//2518
f 2518//2518 2520//2520 2501//2501
f 2501//2501 2520//2520 2521//2521
f 2501//2501 2521//2521 2502//2502
f 2502//2502 2521//2521 2522//2522
f 2502//2502 2522//2522 2504//2504
f 2504//2504 2522//2522 2523//2523
f 2504//2504 2523//2523 2505//2505
f 2505//2505 2523//2523 2524//2524
f 2505//2505 2524//2524 2510//2510
f 2510//2510 2524//2524 2525//2525
f 2510//2510 2525//2525 2511//2511
f 2511//2511 2525//2525 2513//2513
f 2511//2511 2513//2513 2512//2512
f 2512//2512 2513//2513 2455//2455
f 2512//2512 2455//2455 2493//2493
f 2493//2493 2455//2455 2453//2453
f 2493//2493 2453//2453 2494//2494
f 2496//2496 2495//2495 2460//2460
f 2453//2453 2451//2451 2494//2494
f 2494//2494 2451//2451 2449//2449
f 2494//2494 2449//2449 2495//2495
f 2495//2495 2449//2449 2447//2447
f 2495//2495 2447//2447 2460//2460
f 2460//2460 2459//2459 2496//2496
f 2496//2496 2459//2459 2458//2458
f 2496//2496 2458//2458 2497//2497
f 2497//2497 2458//2458 2472//2472
f 2497//2497 2472//2472 2492//2492
f 2472//2472 2470//2470 2492//2492
f 2492//2492 2470//2470 2468//2468
f 2492//2492 2468//2468 2491//2491
f 2491//2491 2468//2468 26//26
f 2491//2491 26//26 25//25
f 2526//2526 2527//2527 2528//2528
f 2529//2529 2530//2530 2531//2531
f 2531//2531 2530//2530 2526//2526
f 2527//2527 2526//2526 2532//2532
f 2532//2532 2526//2526 2530//2530
f 2532//2532 2530//2530 2533//2533
f 2534//2534 2535//2535 2528//2528
f 2528//2528 2535//2535 2536//2536
f 2528//2528 2536//2536 2526//2526
f 2534//2534 2537//2537 2535//2535
f 2535//2535 2537//2537 2538//2538
f 2535//2535 2538//2538 2539//2539
f 2539//2539 2538//2538 2540//2540
f 2539//2539 2540//2540 2541//2541
f 2541//2541 2540//2540 2542//2542
f 2541//2541 2542//2542 2543//2543
f 2542//2542 2544//2544 2543//2543
f 2543//2543 2544//2544 2545//2545
f 2543//2543 2545//2545 2546//2546
f 2546//2546 2545//2545 2547//2547
f 2547//2547 2545//2545 2548//2548
f 2547//2547 2548//2548 2549//2549
f 2550//2550 2551//2551 2552//2552
f 2552//2552 2553//2553 2554//2554
f 2554//2554 2555//2555 2552//2552
f 2552//2552 2555//2555 2556//2556
f 2552//2552 2556//2556 2550//2550
f 2552//2552 2529//2529 2531//2531
f 2557//2557 2558//2558 2531//2531
f 2531//2531 2558//2558 2559//2559
f 2531//2531 2559//2559 2552//2552
f 2552//2552 2559//2559 2560//2560
f 2552//2552 2560//2560 2553//2553
f 2526//2526 2561//2561 2531//2531
f 2531//2531 2561//2561 2562//2562
f 2531//2531 2562//2562 2557//2557
f 2526//2526 2536//2536 2561//2561
f 2561//2561 2536//2536 2535//2535
f 2561//2561 2535//2535 2563//2563
f 2563//2563 2535//2535 2539//2539
f 2563//2563 2539//2539 2564//2564
f 2564//2564 2539//2539 2565//2565
f 2565//2565 2539//2539 2541//2541
f 2565//2565 2541//2541 2566//2566
f 2543//2543 2567//2567 2541//2541
f 2541//2541 2567//2567 2568//2568
f 2541//2541 2568//2568 2566//2566
f 2547//2547 2569//2569 2546//2546
f 2546//2546 2569//2569 2570//2570
f 2546//2546 2570//2570 2543//2543
f 2543//2543 2570//2570 2571//2571
f 2543//2543 2571//2571 2567//2567
f 2572//2572 2573//2573 2574//2574
f 2547//2547 2575//2575 2569//2569
f 2569//2569 2575//2575 2572//2572
f 2569//2569 2572//2572 2576//2576
f 2576//2576 2572//2572 2574//2574
f 2577//2577 2578//2578 2319//2319
f 2532//2532 2533//2533 2579//2579
f 2580//2580 2303//2303 2579//2579
f 2579//2579 2303//2303 2302//2302
f 2579//2579 2302//2302 2532//2532
f 2537//2537 2534//2534 2308//2308
f 2308//2308 2534//2534 2528//2528
f 2308//2308 2528//2528 2302//2302
f 2302//2302 2528//2528 2527//2527
f 2302//2302 2527//2527 2532//2532
f 2537//2537 2308//2308 2538//2538
f 2538//2538 2308//2308 2309//2309
f 2538//2538 2309//2309 2540//2540
f 2548//2548 2545//2545 2310//2310
f 2310//2310 2545//2545 2544//2544
f 2310//2310 2544//2544 2309//2309
f 2309//2309 2544//2544 2542//2542
f 2309//2309 2542//2542 2540//2540
f 2549//2549 2548//2548 2581//2581
f 2581//2581 2548//2548 2310//2310
f 2581//2581 2310//2310 2582//2582
f 2582//2582 2310//2310 2315//2315
f 2582//2582 2315//2315 2583//2583
f 2583//2583 2315//2315 2584//2584
f 2316//2316 2585//2585 2586//2586
f 2316//2316 2586//2586 2315//2315
f 2315//2315 2586//2586 2587//2587
f 2315//2315 2587//2587 2584//2584
f 2588//2588 2589//2589 2317//2317
f 2317//2317 2589//2589 2590//2590
f 2317//2317 2590//2590 2316//2316
f 2316//2316 2590//2590 2591//2591
f 2316//2316 2591//2591 2585//2585
f 2588//2588 2317//2317 2592//2592
f 2592//2592 2317//2317 2318//2318
f 2592//2592 2318//2318 2593//2593
f 2578//2578 2594//2594 2319//2319
f 2319//2319 2594//2594 2595//2595
f 2319//2319 2595//2595 2318//2318
f 2318//2318 2595//2595 2596//2596
f 2318//2318 2596//2596 2593//2593
f 2311//2311 2597//2597 2312//2312
f 2312//2312 2597//2597 2598//2598
f 2598//2598 2599//2599 2312//2312
f 2312//2312 2599//2599 2600//2600
f 2312//2312 2600//2600 2319//2319
f 2319//2319 2600//2600 2601//2601
f 2319//2319 2601//2601 2577//2577
f 2580//2580 2602//2602 2303//2303
f 2303//2303 2602//2602 2603//2603
f 2303//2303 2603//2603 2311//2311
f 2311//2311 2603//2603 2604//2604
f 2311//2311 2604//2604 2597//2597
f 2559//2559 2558//2558 1725//1725
f 2605//2605 1731//1731 2606//2606
f 2606//2606 1731//1731 1730//1730
f 1729//1729 2607//2607 1730//1730
f 1730//1730 2607//2607 2608//2608
f 1730//1730 2608//2608 2606//2606
f 2573//2573 2607//2607 2574//2574
f 2574//2574 2607//2607 1729//1729
f 2574//2574 1729//1729 2576//2576
f 2576//2576 1729//1729 1728//1728
f 2576//2576 1728//1728 2569//2569
f 2569//2569 1728//1728 2570//2570
f 1727//1727 2567//2567 1728//1728
f 1728//1728 2567//2567 2571//2571
f 1728//1728 2571//2571 2570//2570
f 2565//2565 2566//2566 1727//1727
f 1727//1727 2566//2566 2568//2568
f 1727//1727 2568//2568 2567//2567
f 2562//2562 2561//2561 1726//1726
f 1726//1726 2561//2561 2563//2563
f 1726//1726 2563//2563 1727//1727
f 1727//1727 2563//2563 2564//2564
f 1727//1727 2564//2564 2565//2565
f 1725//1725 2558//2558 1726//1726
f 1726//1726 2558//2558 2557//2557
f 1726//1726 2557//2557 2562//2562
f 2555//2555 1724//1724 2556//2556
f 2556//2556 1724//1724 1723//1723
f 2556//2556 1723//1723 2550//2550
f 2555//2555 2554//2554 1724//1724
f 1724//1724 2554//2554 2553//2553
f 1724//1724 2553//2553 1725//1725
f 1725//1725 2553//2553 2560//2560
f 1725//1725 2560//2560 2559//2559
f 2551//2551 2550//2550 2609//2609
f 2609//2609 2550//2550 1723//1723
f 2609//2609 1723//1723 2610//2610
f 2610//2610 1723//1723 1722//1722
f 2610//2610 1722//1722 2611//2611
f 2611//2611 1722//1722 1509//1509
f 2611//2611 1509//1509 2612//2612
f 2613//2613 1732//1732 1731//1731
f 2613//2613 1731//1731 2614//2614
f 2605//2605 2615//2615 1731//1731
f 1731//1731 2615//2615 2616//2616
f 2616//2616 2617//2617 1731//1731
f 1731//1731 2617//2617 2618//2618
f 1731//1731 2618//2618 2614//2614
f 1511//1511 1512//1512 2619//2619
f 2612//2612 1509//1509 2620//2620
f 2620//2620 1509//1509 1510//1510
f 2620//2620 1510//1510 2621//2621
f 2619//2619 2622//2622 1511//1511
f 1511//1511 2622//2622 2623//2623
f 1511//1511 2623//2623 1510//1510
f 1510//1510 2623//2623 2624//2624
f 1510//1510 2624//2624 2621//2621
f 2625//2625 2626//2626 2627//2627
f 1490//1490 1997//1997 2628//2628
f 1490//1490 2628//2628 1452//1452
f 1998//1998 2629//2629 2000//2000
f 2000//2000 2629//2629 2628//2628
f 2000//2000 2628//2628 1999//1999
f 1999//1999 2628//2628 1997//1997
f 2628//2628 2625//2625 1452//1452
f 1452//1452 2625//2625 2627//2627
f 1452//1452 2627//2627 1487//1487
f 2627//2627 2630//2630 1487//1487
f 1487//1487 2630//2630 2631//2631
f 1487//1487 2631//2631 1486//1486
f 1486//1486 2631//2631 2619//2619
f 1486//1486 2619//2619 1512//1512
f 57//57 54//54 2632//2632
f 34//34 2633//2633 35//35
f 35//35 2633//2633 43//43
f 542//542 532//532 2633//2633
f 2633//2633 532//532 45//45
f 2633//2633 45//45 43//43
f 550//550 549//549 2413//2413
f 532//532 531//531 45//45
f 45//45 531//531 545//545
f 45//45 545//545 546//546
f 549//549 548//548 2413//2413
f 2413//2413 548//548 547//547
f 2413//2413 547//547 554//554
f 61//61 2634//2634 2635//2635
f 2636//2636 63//63 62//62
f 2636//2636 62//62 2637//2637
f 2635//2635 2638//2638 61//61
f 61//61 2638//2638 2639//2639
f 61//61 2639//2639 62//62
f 62//62 2639//2639 2640//2640
f 62//62 2640//2640 2637//2637
f 57//57 2632//2632 58//58
f 58//58 2632//2632 2641//2641
f 58//58 2641//2641 61//61
f 61//61 2641//2641 2642//2642
f 61//61 2642//2642 2634//2634
f 2410//2410 2427//2427 52//52
f 52//52 2427//2427 53//53
f 53//53 2427//2427 2369//2369
f 53//53 2369//2369 54//54
f 54//54 2369//2369 2368//2368
f 54//54 2368//2368 2632//2632
f 546//546 550//550 45//45
f 45//45 550//550 2413//2413
f 45//45 2413//2413 47//47
f 47//47 2413//2413 2411//2411
f 47//47 2411//2411 48//48
f 48//48 2411//2411 2410//2410
f 48//48 2410//2410 50//50
f 50//50 2410//2410 52//52
f 109//109 2643//2643 115//115
f 115//115 2643//2643 2644//2644
f 115//115 2644//2644 2645//2645
f 2646//2646 2647//2647 2648//2648
f 2648//2648 2647//2647 2649//2649
f 2649//2649 2650//2650 2648//2648
f 2648//2648 2650//2650 2651//2651
f 2648//2648 2651//2651 2652//2652
f 2653//2653 2654//2654 1819//1819
f 1819//1819 2654//2654 2655//2655
f 1819//1819 2655//2655 1442//1442
f 1442//1442 2655//2655 2656//2656
f 1442//1442 2656//2656 1439//1439
f 1439//1439 2656//2656 2657//2657
f 1439//1439 2657//2657 1440//1440
f 1440//1440 2657//2657 2629//2629
f 1440//1440 2629//2629 1998//1998
f 2645//2645 2646//2646 115//115
f 115//115 2646//2646 2648//2648
f 115//115 2648//2648 1813//1813
f 1813//1813 2648//2648 2653//2653
f 1813//1813 2653//2653 1821//1821
f 1821//1821 2653//2653 1819//1819
f 2658//2658 2648//2648 2652//2652
f 2659//2659 2660//2660 2661//2661
f 2659//2659 2661//2661 2662//2662
f 2662//2662 2661//2661 2663//2663
f 2663//2663 2661//2661 2664//2664
f 2663//2663 2664//2664 2652//2652
f 2652//2652 2664//2664 2665//2665
f 2652//2652 2665//2665 2658//2658
f 2666//2666 2667//2667 2668//2668
f 2668//2668 2669//2669 2666//2666
f 2666//2666 2669//2669 2670//2670
f 2666//2666 2670//2670 2671//2671
f 2672//2672 2661//2661 2660//2660
f 2672//2672 2660//2660 2673//2673
f 2673//2673 2660//2660 2674//2674
f 2673//2673 2674//2674 2675//2675
f 2676//2676 2677//2677 2678//2678
f 2679//2679 2331//2331 2330//2330
f 2680//2680 2681//2681 2682//2682
f 2027//2027 2025//2025 2683//2683
f 2683//2683 2025//2025 2024//2024
f 2684//2684 2685//2685 2021//2021
f 2021//2021 2685//2685 2686//2686
f 2021//2021 2686//2686 2022//2022
f 2687//2687 2688//2688 2689//2689
f 2689//2689 2688//2688 2684//2684
f 2689//2689 2684//2684 2690//2690
f 2690//2690 2684//2684 2021//2021
f 2405//2405 2404//2404 2691//2691
f 2333//2333 2332//2332 2405//2405
f 2405//2405 2691//2691 2333//2333
f 2333//2333 2691//2691 2692//2692
f 2333//2333 2692//2692 2678//2678
f 2348//2348 2346//2346 2677//2677
f 2677//2677 2346//2346 2345//2345
f 2677//2677 2345//2345 2678//2678
f 2678//2678 2345//2345 2335//2335
f 2678//2678 2335//2335 2333//2333
f 2692//2692 2682//2682 2678//2678
f 2678//2678 2682//2682 2681//2681
f 2678//2678 2681//2681 2676//2676
f 2676//2676 2681//2681 2680//2680
f 2676//2676 2680//2680 2687//2687
f 2687//2687 2680//2680 2693//2693
f 2687//2687 2693//2693 2688//2688
f 2694//2694 2695//2695 2696//2696
f 2696//2696 2695//2695 2697//2697
f 2696//2696 2697//2697 2698//2698
f 2698//2698 2697//2697 2699//2699
f 2698//2698 2699//2699 2700//2700
f 2700//2700 2699//2699 2701//2701
f 2700//2700 2701//2701 2702//2702
f 2702//2702 2701//2701 2703//2703
f 2701//2701 2704//2704 2703//2703
f 2703//2703 2704//2704 2683//2683
f 2703//2703 2683//2683 2705//2705
f 2705//2705 2683//2683 2024//2024
f 2705//2705 2024//2024 2050//2050
f 2021//2021 2027//2027 2690//2690
f 2690//2690 2027//2027 2683//2683
f 2690//2690 2683//2683 2689//2689
f 2689//2689 2683//2683 2704//2704
f 2689//2689 2704//2704 2687//2687
f 2687//2687 2704//2704 2701//2701
f 2687//2687 2701//2701 2676//2676
f 2676//2676 2701//2701 2699//2699
f 2676//2676 2699//2699 2677//2677
f 2677//2677 2699//2699 2697//2697
f 2677//2677 2697//2697 2348//2348
f 2348//2348 2697//2697 2695//2695
f 2348//2348 2695//2695 2330//2330
f 2330//2330 2695//2695 2694//2694
f 2330//2330 2694//2694 2679//2679
f 2667//2667 2706//2706 2668//2668
f 2668//2668 2706//2706 2707//2707
f 2707//2707 2706//2706 2708//2708
f 2707//2707 2708//2708 2709//2709
f 2675//2675 2674//2674 2710//2710
f 2710//2710 2674//2674 2660//2660
f 2710//2710 2660//2660 2711//2711
f 2711//2711 2660//2660 2659//2659
f 2712//2712 2713//2713 2650//2650
f 2650//2650 2713//2713 2714//2714
f 2650//2650 2714//2714 2651//2651
f 2651//2651 2714//2714 2715//2715
f 2651//2651 2715//2715 2652//2652
f 2652//2652 2715//2715 2716//2716
f 2652//2652 2716//2716 2663//2663
f 2663//2663 2716//2716 2711//2711
f 2663//2663 2711//2711 2662//2662
f 2662//2662 2711//2711 2659//2659
f 2712//2712 2650//2650 2649//2649
f 2712//2712 2649//2649 2717//2717
f 2717//2717 2649//2649 2647//2647
f 2717//2717 2647//2647 2718//2718
f 2645//2645 2719//2719 2646//2646
f 2646//2646 2719//2719 2718//2718
f 2646//2646 2718//2718 2647//2647
f 2644//2644 2720//2720 2645//2645
f 2645//2645 2720//2720 2721//2721
f 2645//2645 2721//2721 2719//2719
f 2722//2722 2720//2720 2723//2723
f 2723//2723 2720//2720 2644//2644
f 2723//2723 2644//2644 2724//2724
f 2724//2724 2644//2644 2643//2643
f 2724//2724 2643//2643 2725//2725
f 2725//2725 2643//2643 109//109
f 2725//2725 109//109 113//113
f 2726//2726 2727//2727 2728//2728
f 2723//2723 2724//2724 2729//2729
f 2730//2730 2731//2731 2732//2732
f 299//299 297//297 2730//2730
f 2731//2731 2733//2733 2732//2732
f 2732//2732 2733//2733 2734//2734
f 2732//2732 2734//2734 2729//2729
f 2729//2729 2734//2734 2735//2735
f 2729//2729 2735//2735 2723//2723
f 2723//2723 2735//2735 2736//2736
f 2723//2723 2736//2736 2722//2722
f 2726//2726 2728//2728 299//299
f 2725//2725 113//113 2728//2728
f 2728//2728 113//113 298//298
f 2728//2728 298//298 299//299
f 299//299 2730//2730 2726//2726
f 2726//2726 2730//2730 2732//2732
f 2726//2726 2732//2732 2727//2727
f 2727//2727 2732//2732 2729//2729
f 2727//2727 2729//2729 2728//2728
f 2728//2728 2729//2729 2724//2724
f 2728//2728 2724//2724 2725//2725
f 2193//2193 2195//2195 2138//2138
f 2138//2138 2195//2195 2196//2196
f 2138//2138 2196//2196 2139//2139
f 2136//2136 2160//2160 2737//2737
f 2737//2737 2738//2738 2136//2136
f 2136//2136 2738//2738 2739//2739
f 2136//2136 2739//2739 2138//2138
f 2138//2138 2739//2739 2180//2180
f 2138//2138 2180//2180 2193//2193
f 2740//2740 2273//2273 2272//2272
f 2268//2268 2741//2741 2274//2274
f 2274//2274 2741//2741 2742//2742
f 2274//2274 2742//2742 2272//2272
f 2272//2272 2742//2742 2743//2743
f 2272//2272 2743//2743 2740//2740
f 2268//2268 2269//2269 2741//2741
f 2741//2741 2269//2269 2265//2265
f 2741//2741 2265//2265 2744//2744
f 2744//2744 2265//2265 2264//2264
f 2264//2264 2262//2262 2744//2744
f 2744//2744 2262//2262 2261//2261
f 2744//2744 2261//2261 2745//2745
f 2261//2261 2270//2270 2745//2745
f 2745//2745 2270//2270 2258//2258
f 2745//2745 2258//2258 2746//2746
f 2746//2746 2258//2258 2260//2260
f 2746//2746 2260//2260 2747//2747
f 2747//2747 2260//2260 2180//2180
f 2747//2747 2180//2180 2748//2748
f 2748//2748 2180//2180 2739//2739
f 300//300 306//306 2749//2749
f 2749//2749 306//306 305//305
f 2749//2749 305//305 574//574
f 297//297 300//300 2730//2730
f 2730//2730 300//300 2749//2749
f 2730//2730 2749//2749 2731//2731
f 2731//2731 2749//2749 2750//2750
f 2731//2731 2750//2750 2733//2733
f 2733//2733 2750//2750 2734//2734
f 2751//2751 2749//2749 574//574
f 574//574 575//575 2751//2751
f 2751//2751 575//575 576//576
f 2751//2751 576//576 2752//2752
f 2752//2752 576//576 577//577
f 2752//2752 577//577 2640//2640
f 2640//2640 577//577 154//154
f 67//67 64//64 183//183
f 183//183 64//64 63//63
f 183//183 63//63 180//180
f 180//180 63//63 2636//2636
f 180//180 2636//2636 179//179
f 179//179 2636//2636 2637//2637
f 179//179 2637//2637 157//157
f 157//157 2637//2637 2640//2640
f 157//157 2640//2640 156//156
f 156//156 2640//2640 154//154
f 2753//2753 2754//2754 2322//2322
f 2322//2322 2323//2323 2753//2753
f 2753//2753 2323//2323 2324//2324
f 2753//2753 2324//2324 2755//2755
f 2755//2755 2324//2324 2325//2325
f 2756//2756 2757//2757 2325//2325
f 2325//2325 2757//2757 2758//2758
f 2325//2325 2758//2758 2755//2755
f 2325//2325 2326//2326 2756//2756
f 2756//2756 2326//2326 2327//2327
f 2756//2756 2327//2327 2759//2759
f 2759//2759 2327//2327 2760//2760
f 2759//2759 2760//2760 2761//2761
f 2287//2287 2761//2761 2286//2286
f 2286//2286 2761//2761 2760//2760
f 2286//2286 2760//2760 2285//2285
f 2285//2285 2760//2760 2327//2327
f 2285//2285 2327//2327 2284//2284
f 2762//2762 2763//2763 2764//2764
f 2479//2479 602//602 2765//2765
f 2765//2765 602//602 608//608
f 2765//2765 608//608 2766//2766
f 2766//2766 2763//2763 2765//2765
f 2765//2765 2763//2763 2762//2762
f 2765//2765 2762//2762 2479//2479
f 2479//2479 2762//2762 2483//2483
f 2767//2767 2484//2484 2483//2483
f 2767//2767 2768//2768 2484//2484
f 2484//2484 2768//2768 2769//2769
f 2484//2484 2769//2769 2487//2487
f 2487//2487 2769//2769 2770//2770
f 2487//2487 2770//2770 2486//2486
f 2486//2486 2770//2770 2771//2771
f 2486//2486 2771//2771 2485//2485
f 2483//2483 2762//2762 2767//2767
f 2767//2767 2762//2762 2764//2764
f 2767//2767 2764//2764 2768//2768
f 2768//2768 2764//2764 2772//2772
f 2768//2768 2772//2772 2769//2769
f 2769//2769 2772//2772 2773//2773
f 2769//2769 2773//2773 2770//2770
f 2770//2770 2773//2773 2774//2774
f 2770//2770 2774//2774 2771//2771
f 2775//2775 2773//2773 2772//2772
f 608//608 606//606 2766//2766
f 2766//2766 606//606 2344//2344
f 2766//2766 2344//2344 2763//2763
f 2763//2763 2344//2344 2342//2342
f 2763//2763 2342//2342 2764//2764
f 2764//2764 2342//2342 2340//2340
f 2764//2764 2340//2340 2772//2772
f 2772//2772 2340//2340 2339//2339
f 2772//2772 2339//2339 2775//2775
f 2776//2776 2698//2698 2700//2700
f 2048//2048 2047//2047 2777//2777
f 2777//2777 2047//2047 2046//2046
f 2777//2777 2046//2046 2778//2778
f 2778//2778 2046//2046 2045//2045
f 2778//2778 2045//2045 2779//2779
f 2779//2779 2045//2045 2044//2044
f 2779//2779 2044//2044 2780//2780
f 2780//2780 2044//2044 2043//2043
f 2780//2780 2043//2043 2042//2042
f 2777//2777 2703//2703 2705//2705
f 2776//2776 2700//2700 2777//2777
f 2777//2777 2700//2700 2702//2702
f 2777//2777 2702//2702 2703//2703
f 2705//2705 2050//2050 2777//2777
f 2777//2777 2050//2050 2049//2049
f 2777//2777 2049//2049 2048//2048
f 2781//2781 2782//2782 2017//2017
f 2709//2709 2708//2708 2783//2783
f 2783//2783 2708//2708 2781//2781
f 2783//2783 2781//2781 2009//2009
f 2009//2009 2781//2781 2017//2017
f 2018//2018 2017//2017 2028//2028
f 2028//2028 2017//2017 2782//2782
f 2028//2028 2782//2782 2042//2042
f 2042//2042 2782//2782 2784//2784
f 2042//2042 2784//2784 2780//2780
f 2785//2785 2155//2155 2166//2166
f 2786//2786 2785//2785 2787//2787
f 2787//2787 2785//2785 2788//2788
f 2788//2788 2785//2785 2789//2789
f 2789//2789 2785//2785 2166//2166
f 2789//2789 2166//2166 2790//2790
f 2790//2790 2166//2166 2135//2135
f 2790//2790 2135//2135 2791//2791
f 2135//2135 2137//2137 2791//2791
f 2791//2791 2137//2137 2142//2142
f 2791//2791 2142//2142 2141//2141
f 2141//2141 2089//2089 2791//2791
f 2791//2791 2089//2089 2088//2088
f 2791//2791 2088//2088 2128//2128
f 2792//2792 2793//2793 2128//2128
f 2119//2119 2794//2794 2125//2125
f 2125//2125 2794//2794 2795//2795
f 2128//2128 2130//2130 2792//2792
f 2792//2792 2130//2130 2132//2132
f 2792//2792 2132//2132 2796//2796
f 2796//2796 2132//2132 2092//2092
f 2796//2796 2092//2092 2795//2795
f 2795//2795 2092//2092 2091//2091
f 2795//2795 2091//2091 2125//2125
f 2793//2793 2797//2797 2128//2128
f 2128//2128 2797//2797 2798//2798
f 2128//2128 2798//2798 2791//2791
f 2791//2791 2798//2798 2799//2799
f 2791//2791 2799//2799 2800//2800
f 2801//2801 2802//2802 2803//2803
f 2803//2803 2802//2802 2791//2791
f 2803//2803 2791//2791 2804//2804
f 2804//2804 2791//2791 2800//2800
f 2805//2805 2806//2806 2807//2807
f 2807//2807 2806//2806 2808//2808
f 2801//2801 2809//2809 2802//2802
f 2802//2802 2809//2809 2806//2806
f 2802//2802 2806//2806 2810//2810
f 2810//2810 2806//2806 2805//2805
f 2811//2811 2812//2812 2813//2813
f 2813//2813 2812//2812 2814//2814
f 2813//2813 2814//2814 2815//2815
f 2816//2816 2817//2817 2818//2818
f 2818//2818 2817//2817 2815//2815
f 2818//2818 2815//2815 2808//2808
f 2808//2808 2815//2815 2814//2814
f 2808//2808 2814//2814 2807//2807
f 2816//2816 2819//2819 2817//2817
f 2817//2817 2819//2819 2820//2820
f 2817//2817 2820//2820 2103//2103
f 2103//2103 2820//2820 2821//2821
f 2821//2821 2822//2822 2103//2103
f 2103//2103 2822//2822 2823//2823
f 2103//2103 2823//2823 2104//2104
f 2104//2104 2823//2823 2824//2824
f 2104//2104 2824//2824 2096//2096
f 2096//2096 2824//2824 2825//2825
f 2826//2826 2111//2111 2825//2825
f 2825//2825 2111//2111 2113//2113
f 2825//2825 2113//2113 2096//2096
f 2119//2119 2117//2117 2794//2794
f 2794//2794 2117//2117 2123//2123
f 2794//2794 2123//2123 2827//2827
f 2827//2827 2123//2123 2107//2107
f 2827//2827 2107//2107 2828//2828
f 2828//2828 2107//2107 2106//2106
f 2828//2828 2106//2106 2826//2826
f 2826//2826 2106//2106 2109//2109
f 2826//2826 2109//2109 2111//2111
f 2009//2009 2014//2014 2783//2783
f 2783//2783 2014//2014 2829//2829
f 2783//2783 2829//2829 2709//2709
f 2669//2669 2668//2668 2829//2829
f 2829//2829 2668//2668 2707//2707
f 2829//2829 2707//2707 2709//2709
f 2830//2830 2831//2831 2832//2832
f 1277//1277 1276//1276 2833//2833
f 2831//2831 2830//2830 2834//2834
f 2834//2834 2830//2830 2835//2835
f 2834//2834 2835//2835 2836//2836
f 2833//2833 2837//2837 2838//2838
f 2838//2838 2837//2837 2839//2839
f 2838//2838 2839//2839 2835//2835
f 2835//2835 2839//2839 2840//2840
f 2835//2835 2840//2840 2836//2836
f 1276//1276 2841//2841 2833//2833
f 2833//2833 2841//2841 2842//2842
f 2833//2833 2842//2842 2837//2837
f 1230//1230 1277//1277 1229//1229
f 1229//1229 1277//1277 2833//2833
f 1229//1229 2833//2833 1266//1266
f 1266//1266 2833//2833 2838//2838
f 1266//1266 2838//2838 1267//1267
f 1267//1267 2838//2838 2835//2835
f 1267//1267 2835//2835 1268//1268
f 1268//1268 2835//2835 1269//1269
f 1269//1269 2835//2835 2830//2830
f 1269//1269 2830//2830 1246//1246
f 1246//1246 2830//2830 2832//2832
f 1246//1246 2832//2832 1247//1247
f 2842//2842 2841//2841 2843//2843
f 2844//2844 2831//2831 2834//2834
f 1215//1215 1213//1213 2845//2845
f 2846//2846 1285//1285 1284//1284
f 1287//1287 2847//2847 2848//2848
f 2848//2848 2847//2847 2849//2849
f 1213//1213 1212//1212 2845//2845
f 2845//2845 1212//1212 2850//2850
f 2845//2845 2850//2850 2846//2846
f 2851//2851 1209//1209 1217//1217
f 2852//2852 2853//2853 1210//1210
f 2854//2854 2855//2855 2856//2856
f 1274//1274 2857//2857 2854//2854
f 2854//2854 2857//2857 2858//2858
f 2854//2854 2858//2858 2855//2855
f 1278//1278 1274//1274 2859//2859
f 2859//2859 1274//1274 2854//2854
f 2859//2859 2854//2854 2852//2852
f 2852//2852 2854//2854 2856//2856
f 2852//2852 2856//2856 2853//2853
f 2860//2860 1275//1275 2859//2859
f 2859//2859 1275//1275 1279//1279
f 2859//2859 1279//1279 1278//1278
f 2841//2841 1276//1276 1275//1275
f 2861//2861 2862//2862 2863//2863
f 2863//2863 2862//2862 2864//2864
f 2863//2863 2864//2864 2844//2844
f 2860//2860 2859//2859 2865//2865
f 2865//2865 2859//2859 2852//2852
f 2865//2865 2852//2852 2851//2851
f 2851//2851 2852//2852 1210//1210
f 2851//2851 1210//1210 1209//1209
f 2841//2841 1275//1275 2843//2843
f 2843//2843 1275//1275 2860//2860
f 2843//2843 2860//2860 2866//2866
f 2866//2866 2860//2860 2865//2865
f 2866//2866 2865//2865 2867//2867
f 2867//2867 2865//2865 2851//2851
f 2867//2867 2851//2851 2845//2845
f 2845//2845 2851//2851 1217//1217
f 2845//2845 1217//1217 1215//1215
f 2868//2868 2848//2848 2863//2863
f 2863//2863 2848//2848 2849//2849
f 2863//2863 2849//2849 2861//2861
f 1284//1284 1287//1287 2869//2869
f 2869//2869 1287//1287 2848//2848
f 2869//2869 2848//2848 2870//2870
f 2870//2870 2848//2848 2868//2868
f 2870//2870 2868//2868 2871//2871
f 2871//2871 2868//2868 2839//2839
f 2871//2871 2839//2839 2837//2837
f 2844//2844 2834//2834 2863//2863
f 2863//2863 2834//2834 2836//2836
f 2863//2863 2836//2836 2868//2868
f 2868//2868 2836//2836 2840//2840
f 2868//2868 2840//2840 2839//2839
f 2846//2846 1284//1284 2845//2845
f 2845//2845 1284//1284 2869//2869
f 2845//2845 2869//2869 2867//2867
f 2867//2867 2869//2869 2870//2870
f 2867//2867 2870//2870 2866//2866
f 2866//2866 2870//2870 2871//2871
f 2866//2866 2871//2871 2843//2843
f 2843//2843 2871//2871 2837//2837
f 2843//2843 2837//2837 2842//2842
f 2872//2872 2873//2873 1984//1984
f 1984//1984 2873//2873 2874//2874
f 1984//1984 2874//2874 1985//1985
f 1985//1985 2874//2874 2875//2875
f 1985//1985 2875//2875 1979//1979
f 1979//1979 2875//2875 2876//2876
f 1979//1979 2876//2876 1980//1980
f 1980//1980 2876//2876 2877//2877
f 1980//1980 2877//2877 1981//1981
f 1981//1981 2877//2877 2878//2878
f 1981//1981 2878//2878 2879//2879
f 1994//1994 2827//2827 1988//1988
f 1988//1988 2827//2827 2828//2828
f 1988//1988 2828//2828 1989//1989
f 1989//1989 2828//2828 2826//2826
f 1989//1989 2826//2826 1990//1990
f 1990//1990 2826//2826 2825//2825
f 1990//1990 2825//2825 1986//1986
f 1986//1986 2825//2825 2824//2824
f 1986//1986 2824//2824 1987//1987
f 1987//1987 2824//2824 2823//2823
f 1987//1987 2823//2823 1983//1983
f 1983//1983 2823//2823 2822//2822
f 1983//1983 2822//2822 1984//1984
f 1984//1984 2822//2822 2821//2821
f 1984//1984 2821//2821 2872//2872
f 2872//2872 2821//2821 2820//2820
f 2872//2872 2820//2820 2880//2880
f 2880//2880 2820//2820 2819//2819
f 2880//2880 2819//2819 2881//2881
f 2881//2881 2819//2819 2816//2816
f 2881//2881 2816//2816 2879//2879
f 2879//2879 2816//2816 2818//2818
f 2879//2879 2818//2818 1981//1981
f 1981//1981 2818//2818 2808//2808
f 1981//1981 2808//2808 1982//1982
f 1982//1982 2808//2808 2806//2806
f 1982//1982 2806//2806 1976//1976
f 1976//1976 2806//2806 2809//2809
f 1976//1976 2809//2809 1977//1977
f 1977//1977 2809//2809 2801//2801
f 1977//1977 2801//2801 1978//1978
f 1978//1978 2801//2801 2803//2803
f 1978//1978 2803//2803 1973//1973
f 1973//1973 2803//2803 2804//2804
f 1973//1973 2804//2804 1974//1974
f 1974//1974 2804//2804 2800//2800
f 1974//1974 2800//2800 1975//1975
f 2800//2800 2799//2799 1975//1975
f 1975//1975 2799//2799 2798//2798
f 1975//1975 2798//2798 1995//1995
f 1995//1995 2798//2798 2797//2797
f 1995//1995 2797//2797 1996//1996
f 1996//1996 2797//2797 2793//2793
f 1996//1996 2793//2793 1991//1991
f 1991//1991 2793//2793 2792//2792
f 1991//1991 2792//2792 1992//1992
f 1992//1992 2792//2792 2796//2796
f 1992//1992 2796//2796 1993//1993
f 1993//1993 2796//2796 2795//2795
f 1993//1993 2795//2795 1994//1994
f 1994//1994 2795//2795 2794//2794
f 1994//1994 2794//2794 2827//2827
f 2882//2882 2883//2883 2884//2884
f 2885//2885 2886//2886 2887//2887
f 2888//2888 2889//2889 2890//2890
f 2888//2888 2890//2890 2891//2891
f 2891//2891 2890//2890 2892//2892
f 2891//2891 2892//2892 2893//2893
f 2893//2893 2892//2892 2894//2894
f 2894//2894 2892//2892 2895//2895
f 2894//2894 2895//2895 2896//2896
f 2897//2897 2898//2898 2896//2896
f 2899//2899 2900//2900 2901//2901
f 2901//2901 2900//2900 2884//2884
f 2901//2901 2884//2884 2902//2902
f 2902//2902 2884//2884 2883//2883
f 2890//2890 2903//2903 2892//2892
f 2892//2892 2903//2903 2904//2904
f 2892//2892 2904//2904 2895//2895
f 2895//2895 2904//2904 2905//2905
f 2895//2895 2905//2905 2906//2906
f 2896//2896 2895//2895 2897//2897
f 2897//2897 2895//2895 2906//2906
f 2897//2897 2906//2906 2898//2898
f 2898//2898 2906//2906 2907//2907
f 2898//2898 2907//2907 2908//2908
f 2908//2908 2907//2907 2909//2909
f 2908//2908 2909//2909 2910//2910
f 2910//2910 2909//2909 2911//2911
f 2910//2910 2911//2911 2912//2912
f 2913//2913 703//703 2914//2914
f 2914//2914 703//703 704//704
f 2914//2914 704//704 711//711
f 705//705 706//706 2915//2915
f 2915//2915 706//706 707//707
f 2915//2915 707//707 2913//2913
f 2913//2913 707//707 708//708
f 2913//2913 708//708 703//703
f 695//695 2916//2916 721//721
f 721//721 2916//2916 2917//2917
f 721//721 2917//2917 719//719
f 719//719 2917//2917 2918//2918
f 719//719 2918//2918 717//717
f 717//717 2918//2918 2919//2919
f 717//717 2919//2919 715//715
f 715//715 2919//2919 713//713
f 2916//2916 2885//2885 2917//2917
f 2917//2917 2885//2885 2887//2887
f 2917//2917 2887//2887 2918//2918
f 2918//2918 2887//2887 2920//2920
f 2918//2918 2920//2920 2919//2919
f 2919//2919 2920//2920 2921//2921
f 2919//2919 2921//2921 2922//2922
f 2922//2922 2921//2921 2923//2923
f 2922//2922 2923//2923 2924//2924
f 2924//2924 2923//2923 2925//2925
f 2924//2924 2925//2925 2900//2900
f 2900//2900 2925//2925 2926//2926
f 2900//2900 2926//2926 2884//2884
f 2927//2927 2928//2928 2929//2929
f 2929//2929 2928//2928 2930//2930
f 2929//2929 2930//2930 2911//2911
f 2911//2911 2930//2930 2931//2931
f 2911//2911 2931//2931 2912//2912
f 713//713 2919//2919 711//711
f 711//711 2919//2919 2922//2922
f 711//711 2922//2922 2914//2914
f 2914//2914 2922//2922 2924//2924
f 2914//2914 2924//2924 2913//2913
f 2913//2913 2924//2924 2900//2900
f 2913//2913 2900//2900 2915//2915
f 2915//2915 2900//2900 2899//2899
f 2915//2915 2899//2899 705//705
f 2903//2903 2882//2882 2904//2904
f 2904//2904 2882//2882 2884//2884
f 2904//2904 2884//2884 2905//2905
f 2905//2905 2884//2884 2926//2926
f 2905//2905 2926//2926 2906//2906
f 2906//2906 2926//2926 2925//2925
f 2906//2906 2925//2925 2907//2907
f 2907//2907 2925//2925 2923//2923
f 2907//2907 2923//2923 2909//2909
f 2909//2909 2923//2923 2921//2921
f 2909//2909 2921//2921 2911//2911
f 2911//2911 2921//2921 2920//2920
f 2911//2911 2920//2920 2929//2929
f 2929//2929 2920//2920 2887//2887
f 2929//2929 2887//2887 2927//2927
f 2927//2927 2887//2887 2886//2886
f 2932//2932 2933//2933 2934//2934
f 1233//1233 1232//1232 2935//2935
f 2935//2935 1232//1232 2936//2936
f 1318//1318 1314//1314 2937//2937
f 2933//2933 2932//2932 2938//2938
f 2846//2846 2850//2850 2939//2939
f 2940//2940 2941//2941 2942//2942
f 2942//2942 2941//2941 2943//2943
f 2939//2939 2850//2850 2944//2944
f 2944//2944 2850//2850 1212//1212
f 2944//2944 1212//1212 2945//2945
f 1212//1212 1214//1214 2945//2945
f 2945//2945 1214//1214 1216//1216
f 2945//2945 1216//1216 2946//2946
f 2946//2946 1216//1216 1218//1218
f 2946//2946 1218//1218 2947//2947
f 2947//2947 1218//1218 1219//1219
f 2947//2947 1219//1219 2928//2928
f 2928//2928 1219//1219 1211//1211
f 2928//2928 1211//1211 2930//2930
f 1274//1274 1270//1270 2948//2948
f 2948//2948 1270//1270 1263//1263
f 2948//2948 1263//1263 2949//2949
f 1211//1211 1210//1210 2930//2930
f 2930//2930 1210//1210 2853//2853
f 2930//2930 2853//2853 2931//2931
f 2931//2931 2853//2853 2856//2856
f 2931//2931 2856//2856 2912//2912
f 2912//2912 2856//2856 2855//2855
f 2912//2912 2855//2855 2910//2910
f 2910//2910 2855//2855 2858//2858
f 2910//2910 2858//2858 2908//2908
f 2908//2908 2858//2858 2857//2857
f 2908//2908 2857//2857 2898//2898
f 2898//2898 2857//2857 1274//1274
f 2898//2898 1274//1274 2896//2896
f 2896//2896 1274//1274 2948//2948
f 2896//2896 2948//2948 2950//2950
f 2950//2950 2948//2948 2949//2949
f 2891//2891 2893//2893 2950//2950
f 2950//2950 2893//2893 2894//2894
f 2950//2950 2894//2894 2896//2896
f 2938//2938 2951//2951 2933//2933
f 2933//2933 2951//2951 2952//2952
f 2933//2933 2952//2952 2934//2934
f 2953//2953 2954//2954 2955//2955
f 2955//2955 2954//2954 2956//2956
f 2957//2957 2958//2958 2959//2959
f 2959//2959 2958//2958 2960//2960
f 2961//2961 2962//2962 2963//2963
f 2963//2963 2962//2962 2964//2964
f 2963//2963 2964//2964 2965//2965
f 2966//2966 2967//2967 1294//1294
f 1294//1294 2967//2967 2965//2965
f 1294//1294 2965//2965 1295//1295
f 1294//1294 1297//1297 2966//2966
f 2966//2966 1297//1297 1412//1412
f 2966//2966 1412//1412 2968//2968
f 2968//2968 1412//1412 1413//1413
f 2968//2968 1413//1413 2969//2969
f 1408//1408 2970//2970 1409//1409
f 1409//1409 2970//2970 2971//2971
f 1409//1409 2971//2971 1410//1410
f 1410//1410 2971//2971 2972//2972
f 1410//1410 2972//2972 1411//1411
f 1411//1411 2972//2972 2973//2973
f 1411//1411 2973//2973 1415//1415
f 1415//1415 2973//2973 2969//2969
f 1415//1415 2969//2969 1414//1414
f 1414//1414 2969//2969 1413//1413
f 1408//1408 1407//1407 2970//2970
f 2970//2970 1407//1407 2974//2974
f 2970//2970 2974//2974 2975//2975
f 2975//2975 2974//2974 2976//2976
f 2975//2975 2976//2976 2977//2977
f 2977//2977 2976//2976 2978//2978
f 2978//2978 2976//2976 2979//2979
f 2978//2978 2979//2979 2980//2980
f 2980//2980 2979//2979 2981//2981
f 2981//2981 2979//2979 2982//2982
f 2981//2981 2982//2982 2983//2983
f 2984//2984 2985//2985 2982//2982
f 2982//2982 2985//2985 2986//2986
f 2982//2982 2986//2986 2983//2983
f 2987//2987 2988//2988 2989//2989
f 2989//2989 2988//2988 2990//2990
f 2989//2989 2990//2990 2991//2991
f 2991//2991 2990//2990 2992//2992
f 2988//2988 2993//2993 2990//2990
f 2990//2990 2993//2993 2941//2941
f 2990//2990 2941//2941 2992//2992
f 2992//2992 2941//2941 2940//2940
f 1318//1318 2937//2937 1319//1319
f 1327//1327 2994//2994 1328//1328
f 1328//1328 2994//2994 2995//2995
f 1328//1328 2995//2995 1384//1384
f 1384//1384 2995//2995 2996//2996
f 2997//2997 1403//1403 1402//1402
f 2997//2997 1402//1402 2998//2998
f 2998//2998 1402//1402 1401//1401
f 2998//2998 1401//1401 2996//2996
f 2996//2996 1401//1401 1400//1400
f 2996//2996 1400//1400 1384//1384
f 1406//1406 1405//1405 2999//2999
f 2999//2999 1405//1405 1404//1404
f 1403//1403 2997//2997 1404//1404
f 1404//1404 2997//2997 3000//3000
f 1404//1404 3000//3000 2999//2999
f 2999//2999 3000//3000 1222//1222
f 2999//2999 1222//1222 2993//2993
f 2993//2993 1222//1222 1223//1223
f 2993//2993 1223//1223 2941//2941
f 2941//2941 1223//1223 1286//1286
f 2941//2941 1286//1286 2943//2943
f 2943//2943 1286//1286 1285//1285
f 2943//2943 1285//1285 3001//3001
f 3001//3001 1285//1285 3002//3002
f 3001//3001 3002//3002 2939//2939
f 2939//2939 3002//3002 1285//1285
f 2939//2939 1285//1285 2846//2846
f 1237//1237 1241//1241 3003//3003
f 3003//3003 1241//1241 1240//1240
f 3003//3003 1240//1240 1220//1220
f 1235//1235 1239//1239 3004//3004
f 3004//3004 1239//1239 1238//1238
f 3004//3004 1238//1238 3005//3005
f 3005//3005 1238//1238 1237//1237
f 3005//3005 1237//1237 3006//3006
f 3006//3006 1237//1237 3003//3003
f 2936//2936 1232//1232 3004//3004
f 3004//3004 1232//1232 1236//1236
f 3004//3004 1236//1236 1235//1235
f 2961//2961 2957//2957 2962//2962
f 2962//2962 2957//2957 2959//2959
f 2962//2962 2959//2959 2956//2956
f 2956//2956 2959//2959 2960//2960
f 2956//2956 2960//2960 2955//2955
f 2954//2954 2938//2938 2956//2956
f 2956//2956 2938//2938 2932//2932
f 2956//2956 2932//2932 2962//2962
f 2962//2962 2932//2932 2934//2934
f 2962//2962 2934//2934 2964//2964
f 2964//2964 2934//2934 2937//2937
f 2964//2964 2937//2937 2965//2965
f 2965//2965 2937//2937 1314//1314
f 2965//2965 1314//1314 1295//1295
f 2989//2989 2984//2984 2987//2987
f 2987//2987 2984//2984 2982//2982
f 2987//2987 2982//2982 2988//2988
f 2988//2988 2982//2982 2979//2979
f 2988//2988 2979//2979 2993//2993
f 2993//2993 2979//2979 2976//2976
f 2993//2993 2976//2976 2999//2999
f 2999//2999 2976//2976 2974//2974
f 2999//2999 2974//2974 1406//1406
f 1406//1406 2974//2974 1407//1407
f 1327//1327 1320//1320 2994//2994
f 2994//2994 1320//1320 1319//1319
f 2994//2994 1319//1319 3007//3007
f 3007//3007 1319//1319 2937//2937
f 3007//3007 2937//2937 3008//3008
f 3008//3008 2937//2937 2934//2934
f 3008//3008 2934//2934 3009//3009
f 3009//3009 2934//2934 2952//2952
f 3009//3009 2952//2952 2888//2888
f 2888//2888 2952//2952 2951//2951
f 2888//2888 2951//2951 2889//2889
f 1220//1220 1222//1222 3003//3003
f 3003//3003 1222//1222 3000//3000
f 3003//3003 3000//3000 3006//3006
f 3006//3006 3000//3000 2997//2997
f 3006//3006 2997//2997 3005//3005
f 3005//3005 2997//2997 2998//2998
f 3005//3005 2998//2998 3004//3004
f 3004//3004 2998//2998 2996//2996
f 3004//3004 2996//2996 2936//2936
f 2936//2936 2996//2996 2995//2995
f 2936//2936 2995//2995 2935//2935
f 2935//2935 2995//2995 2994//2994
f 2935//2935 2994//2994 1233//1233
f 1233//1233 2994//2994 3007//3007
f 1233//1233 3007//3007 1263//1263
f 1263//1263 3007//3007 3008//3008
f 1263//1263 3008//3008 2949//2949
f 2949//2949 3008//3008 3009//3009
f 2949//2949 3009//3009 2950//2950
f 2950//2950 3009//3009 2888//2888
f 2950//2950 2888//2888 2891//2891
f 2953//2953 2955//2955 3010//3010
f 3010//3010 2955//2955 2960//2960
f 3010//3010 2960//2960 3011//3011
f 779//779 3012//3012 778//778
f 778//778 3012//3012 743//743
f 3013//3013 740//740 3014//3014
f 3014//3014 740//740 738//738
f 3014//3014 738//738 3015//3015
f 3015//3015 738//738 746//746
f 3015//3015 746//746 3012//3012
f 3012//3012 746//746 745//745
f 3012//3012 745//745 743//743
f 753//753 748//748 3013//3013
f 3013//3013 748//748 747//747
f 3013//3013 747//747 740//740
f 3013//3013 3016//3016 753//753
f 753//753 3016//3016 3017//3017
f 753//753 3017//3017 752//752
f 752//752 3017//3017 750//750
f 750//750 3017//3017 3018//3018
f 750//750 3018//3018 754//754
f 3018//3018 3019//3019 754//754
f 754//754 3019//3019 3020//3020
f 754//754 3020//3020 755//755
f 761//761 759//759 3020//3020
f 3020//3020 759//759 757//757
f 3020//3020 757//757 755//755
f 615//615 768//768 3021//3021
f 3021//3021 768//768 765//765
f 3021//3021 765//765 3020//3020
f 3020//3020 765//765 766//766
f 3020//3020 766//766 761//761
f 3021//3021 3022//3022 615//615
f 615//615 3022//3022 3023//3023
f 615//615 3023//3023 612//612
f 612//612 3023//3023 613//613
f 615//615 618//618 770//770
f 770//770 772//772 615//615
f 615//615 772//772 771//771
f 615//615 771//771 768//768
f 654//654 653//653 616//616
f 653//653 652//652 616//616
f 616//616 652//652 697//697
f 616//616 697//697 617//617
f 614//614 613//613 3024//3024
f 3024//3024 645//645 614//614
f 614//614 645//645 644//644
f 614//614 644//644 616//616
f 616//616 644//644 655//655
f 616//616 655//655 654//654
f 3025//3025 637//637 636//636
f 3024//3024 3026//3026 645//645
f 645//645 3026//3026 3027//3027
f 645//645 3027//3027 647//647
f 647//647 3027//3027 3028//3028
f 647//647 3028//3028 648//648
f 648//648 3028//3028 3025//3025
f 648//648 3025//3025 649//649
f 649//649 3025//3025 636//636
f 3025//3025 3029//3029 637//637
f 637//637 3029//3029 3030//3030
f 637//637 3030//3030 639//639
f 639//639 3030//3030 3031//3031
f 3032//3032 642//642 3031//3031
f 3031//3031 642//642 641//641
f 3031//3031 641//641 639//639
f 656//656 634//634 3033//3033
f 3033//3033 634//634 633//633
f 3033//3033 633//633 3034//3034
f 3034//3034 633//633 632//632
f 3034//3034 632//632 3032//3032
f 3032//3032 632//632 630//630
f 3032//3032 630//630 642//642
f 2916//2916 695//695 692//692
f 3035//3035 626//626 3036//3036
f 625//625 628//628 666//666
f 666//666 628//628 3037//3037
f 666//666 3037//3037 668//668
f 668//668 3037//3037 3038//3038
f 668//668 3038//3038 671//671
f 671//671 3038//3038 3039//3039
f 671//671 3039//3039 673//673
f 673//673 3039//3039 676//676
f 676//676 3039//3039 3040//3040
f 676//676 3040//3040 678//678
f 678//678 3040//3040 3041//3041
f 678//678 3041//3041 680//680
f 680//680 3041//3041 3042//3042
f 680//680 3042//3042 682//682
f 686//686 3043//3043 687//687
f 687//687 3043//3043 3044//3044
f 687//687 3044//3044 689//689
f 2885//2885 2916//2916 3045//3045
f 3045//3045 2916//2916 692//692
f 3045//3045 692//692 3046//3046
f 3046//3046 692//692 689//689
f 3046//3046 689//689 3047//3047
f 3047//3047 689//689 3044//3044
f 2886//2886 3048//3048 2927//2927
f 2927//2927 3048//3048 2947//2947
f 2927//2927 2947//2947 2928//2928
f 3049//3049 3050//3050 3051//3051
f 3051//3051 3050//3050 3052//3052
f 3051//3051 3052//3052 2943//2943
f 2943//2943 3052//3052 3053//3053
f 2943//2943 3053//3053 2942//2942
f 3049//3049 3051//3051 3054//3054
f 3054//3054 3051//3051 3055//3055
f 3054//3054 3055//3055 3056//3056
f 3057//3057 3058//3058 3059//3059
f 3059//3059 3058//3058 3060//3060
f 3059//3059 3060//3060 3061//3061
f 3061//3061 3060//3060 3062//3062
f 3061//3061 3062//3062 3063//3063
f 3063//3063 3062//3062 3064//3064
f 3063//3063 3064//3064 3056//3056
f 3056//3056 3064//3064 3065//3065
f 3056//3056 3065//3065 3054//3054
f 3066//3066 2945//2945 3048//3048
f 3048//3048 2945//2945 2946//2946
f 3048//3048 2946//2946 2947//2947
f 3067//3067 3001//3001 3068//3068
f 3068//3068 3001//3001 2939//2939
f 3068//3068 2939//2939 3066//3066
f 3066//3066 2939//2939 2944//2944
f 3066//3066 2944//2944 2945//2945
f 2886//2886 3069//3069 3048//3048
f 3048//3048 3069//3069 3070//3070
f 3048//3048 3070//3070 3066//3066
f 3066//3066 3070//3070 3071//3071
f 3066//3066 3071//3071 3068//3068
f 3068//3068 3071//3071 3072//3072
f 3068//3068 3072//3072 3067//3067
f 3067//3067 3072//3072 3073//3073
f 3036//3036 3074//3074 3035//3035
f 3035//3035 3074//3074 3057//3057
f 3035//3035 3057//3057 3075//3075
f 3075//3075 3057//3057 3059//3059
f 3075//3075 3059//3059 3076//3076
f 3076//3076 3059//3059 3061//3061
f 3076//3076 3061//3061 3077//3077
f 3077//3077 3061//3061 3063//3063
f 3077//3077 3063//3063 3078//3078
f 3078//3078 3063//3063 3056//3056
f 3078//3078 3056//3056 3079//3079
f 3079//3079 3056//3056 3055//3055
f 3079//3079 3055//3055 3073//3073
f 3073//3073 3055//3055 3051//3051
f 3073//3073 3051//3051 3067//3067
f 3067//3067 3051//3051 2943//2943
f 3067//3067 2943//2943 3001//3001
f 686//686 684//684 3043//3043
f 3043//3043 684//684 682//682
f 3043//3043 682//682 3080//3080
f 3080//3080 682//682 3042//3042
f 3080//3080 3042//3042 3081//3081
f 3081//3081 3042//3042 3041//3041
f 3081//3081 3041//3041 3082//3082
f 3082//3082 3041//3041 3040//3040
f 3082//3082 3040//3040 3083//3083
f 3083//3083 3040//3040 3039//3039
f 3083//3083 3039//3039 3084//3084
f 3084//3084 3039//3039 3038//3038
f 3084//3084 3038//3038 3085//3085
f 3085//3085 3038//3038 3037//3037
f 3085//3085 3037//3037 627//627
f 627//627 3037//3037 628//628
f 2886//2886 2885//2885 3069//3069
f 3069//3069 2885//2885 3045//3045
f 3069//3069 3045//3045 3070//3070
f 3070//3070 3045//3045 3046//3046
f 3070//3070 3046//3046 3071//3071
f 3071//3071 3046//3046 3047//3047
f 3071//3071 3047//3047 3072//3072
f 3072//3072 3047//3047 3044//3044
f 3072//3072 3044//3044 3073//3073
f 3073//3073 3044//3044 3043//3043
f 3073//3073 3043//3043 3079//3079
f 3079//3079 3043//3043 3080//3080
f 3079//3079 3080//3080 3078//3078
f 3078//3078 3080//3080 3081//3081
f 3078//3078 3081//3081 3077//3077
f 3077//3077 3081//3081 3082//3082
f 3077//3077 3082//3082 3076//3076
f 3076//3076 3082//3082 3083//3083
f 3076//3076 3083//3083 3075//3075
f 3075//3075 3083//3083 3084//3084
f 3075//3075 3084//3084 3035//3035
f 3035//3035 3084//3084 3085//3085
f 3035//3035 3085//3085 626//626
f 626//626 3085//3085 627//627
f 3086//3086 3087//3087 3088//3088
f 3088//3088 2609//2609 2610//2610
f 2610//2610 2611//2611 3089//3089
f 3089//3089 2611//2611 2612//2612
f 3089//3089 2612//2612 2620//2620
f 2620//2620 2621//2621 3089//3089
f 3089//3089 2621//2621 2624//2624
f 3089//3089 2624//2624 2623//2623
f 2610//2610 3089//3089 3088//3088
f 3088//3088 3089//3089 3090//3090
f 3088//3088 3090//3090 3086//3086
f 3091//3091 3092//3092 3093//3093
f 3093//3093 3092//3092 3094//3094
f 3093//3093 3094//3094 3095//3095
f 3095//3095 3094//3094 3096//3096
f 3095//3095 3096//3096 3097//3097
f 3098//3098 3099//3099 3100//3100
f 3101//3101 3097//3097 3096//3096
f 3102//3102 3103//3103 3104//3104
f 3104//3104 3103//3103 3105//3105
f 3105//3105 3106//3106 3104//3104
f 3104//3104 3106//3106 3107//3107
f 3104//3104 3107//3107 3108//3108
f 3099//3099 3101//3101 3100//3100
f 3100//3100 3101//3101 3096//3096
f 3100//3100 3096//3096 3109//3109
f 3109//3109 3096//3096 3094//3094
f 3109//3109 3110//3110 3100//3100
f 3100//3100 3110//3110 3108//3108
f 3100//3100 3108//3108 3098//3098
f 3098//3098 3108//3108 3107//3107
f 3110//3110 3111//3111 3108//3108
f 3108//3108 3111//3111 3112//3112
f 3108//3108 3112//3112 3104//3104
f 3104//3104 3112//3112 3113//3113
f 3104//3104 3113//3113 3102//3102
f 2628//2628 2629//2629 3114//3114
f 3115//3115 3116//3116 3117//3117
f 3118//3118 3119//3119 3105//3105
f 3120//3120 2751//2751 2752//2752
f 3121//3121 3122//3122 3117//3117
f 3117//3117 3122//3122 3123//3123
f 2656//2656 3115//3115 2657//2657
f 2657//2657 3115//3115 3117//3117
f 2657//2657 3117//3117 2629//2629
f 2629//2629 3117//3117 3123//3123
f 2629//2629 3123//3123 3114//3114
f 3124//3124 3125//3125 3126//3126
f 3124//3124 3126//3126 3114//3114
f 3114//3114 3126//3126 2625//2625
f 3114//3114 2625//2625 2628//2628
f 2639//2639 3118//3118 2640//2640
f 2640//2640 3118//3118 3105//3105
f 2640//2640 3105//3105 2752//2752
f 2752//2752 3105//3105 3103//3103
f 2752//2752 3103//3103 3120//3120
f 3120//3120 3103//3103 3102//3102
f 3120//3120 3102//3102 3127//3127
f 3128//3128 3122//3122 3129//3129
f 3129//3129 3122//3122 3121//3121
f 3129//3129 3121//3121 3130//3130
f 3130//3130 3121//3121 3131//3131
f 3130//3130 3131//3131 3132//3132
f 3133//3133 3134//3134 3135//3135
f 3135//3135 3134//3134 3136//3136
f 3135//3135 3136//3136 3131//3131
f 3131//3131 3136//3136 3137//3137
f 3131//3131 3137//3137 3132//3132
f 3133//3133 3135//3135 3138//3138
f 3138//3138 3135//3135 3127//3127
f 3138//3138 3127//3127 3139//3139
f 3139//3139 3127//3127 3102//3102
f 3139//3139 3102//3102 3113//3113
f 2635//2635 3140//3140 2638//2638
f 2638//2638 3140//3140 3141//3141
f 3119//3119 3118//3118 3141//3141
f 3141//3141 3118//3118 2639//2639
f 3141//3141 2639//2639 2638//2638
f 2641//2641 3142//3142 2642//2642
f 2642//2642 3142//3142 3143//3143
f 2642//2642 3143//3143 2634//2634
f 2634//2634 3143//3143 3144//3144
f 2634//2634 3144//3144 2635//2635
f 2635//2635 3144//3144 3145//3145
f 2635//2635 3145//3145 3140//3140
f 3125//3125 3146//3146 3126//3126
f 3126//3126 3146//3146 2626//2626
f 3126//3126 2626//2626 2625//2625
f 3147//3147 3114//3114 3123//3123
f 3148//3148 3149//3149 3150//3150
f 3150//3150 3149//3149 3151//3151
f 3150//3150 3151//3151 3152//3152
f 3153//3153 3154//3154 3150//3150
f 3150//3150 3154//3154 3155//3155
f 3150//3150 3155//3155 3148//3148
f 3151//3151 3156//3156 3152//3152
f 3152//3152 3156//3156 3147//3147
f 3152//3152 3147//3147 3157//3157
f 3157//3157 3147//3147 3123//3123
f 3157//3157 3123//3123 3122//3122
f 3153//3153 3150//3150 3158//3158
f 3158//3158 3150//3150 3152//3152
f 3158//3158 3152//3152 3159//3159
f 3159//3159 3152//3152 3157//3157
f 3159//3159 3157//3157 3160//3160
f 3160//3160 3157//3157 3122//3122
f 3160//3160 3122//3122 3128//3128
f 3086//3086 3090//3090 3161//3161
f 3161//3161 3090//3090 3153//3153
f 3153//3153 3090//3090 3154//3154
f 3154//3154 3090//3090 3162//3162
f 3154//3154 3162//3162 3155//3155
f 3163//3163 3164//3164 3165//3165
f 3165//3165 3164//3164 3166//3166
f 3167//3167 3168//3168 3166//3166
f 3166//3166 3168//3168 3169//3169
f 3166//3166 3169//3169 3165//3165
f 3164//3164 3163//3163 3170//3170
f 3170//3170 3171//3171 3164//3164
f 3164//3164 3171//3171 3172//3172
f 3164//3164 3172//3172 3173//3173
f 3173//3173 3172//3172 3174//3174
f 3174//3174 3172//3172 3175//3175
f 3174//3174 3175//3175 3176//3176
f 3176//3176 3175//3175 3177//3177
f 3176//3176 3177//3177 3178//3178
f 3086//3086 3161//3161 3179//3179
f 3087//3087 3086//3086 3180//3180
f 3180//3180 3086//3086 3179//3179
f 3180//3180 3179//3179 3181//3181
f 3181//3181 3179//3179 3182//3182
f 3161//3161 3153//3153 3183//3183
f 3161//3161 3183//3183 3179//3179
f 3179//3179 3183//3183 3184//3184
f 3179//3179 3184//3184 3182//3182
f 3185//3185 3186//3186 3187//3187
f 2579//2579 2533//2533 3187//3187
f 3187//3187 2533//2533 3188//3188
f 3187//3187 3188//3188 3185//3185
f 2533//2533 2530//2530 3188//3188
f 3188//3188 2530//2530 2529//2529
f 3188//3188 2529//2529 3189//3189
f 3189//3189 2529//2529 2552//2552
f 2609//2609 3190//3190 2551//2551
f 2551//2551 3190//3190 3191//3191
f 2551//2551 3192//3192 2552//2552
f 2552//2552 3192//3192 3193//3193
f 2552//2552 3193//3193 3189//3189
f 3194//3194 3195//3195 3196//3196
f 3196//3196 3195//3195 3197//3197
f 3196//3196 3197//3197 3198//3198
f 3197//3197 3199//3199 3198//3198
f 3198//3198 3199//3199 3200//3200
f 3198//3198 3200//3200 3201//3201
f 3201//3201 3200//3200 3202//3202
f 3201//3201 3202//3202 3203//3203
f 3191//3191 3204//3204 2551//2551
f 2551//2551 3204//3204 3205//3205
f 2551//2551 3205//3205 3192//3192
f 3206//3206 3207//3207 3208//3208
f 3208//3208 3207//3207 3209//3209
f 3208//3208 3209//3209 3210//3210
f 3210//3210 3209//3209 3201//3201
f 3210//3210 3201//3201 3211//3211
f 3211//3211 3201//3201 3203//3203
f 3212//3212 3213//3213 3214//3214
f 3214//3214 3213//3213 3215//3215
f 3214//3214 3215//3215 3216//3216
f 3216//3216 3215//3215 3217//3217
f 3216//3216 3217//3217 3181//3181
f 3181//3181 3217//3217 3218//3218
f 3181//3181 3218//3218 3180//3180
f 3180//3180 3218//3218 3219//3219
f 3180//3180 3219//3219 3087//3087
f 3087//3087 3219//3219 3190//3190
f 3087//3087 3190//3190 3088//3088
f 3088//3088 3190//3190 2609//2609
f 3206//3206 3208//3208 3220//3220
f 3220//3220 3208//3208 3221//3221
f 3220//3220 3221//3221 3222//3222
f 3222//3222 3221//3221 3223//3223
f 3222//3222 3223//3223 3224//3224
f 3224//3224 3223//3223 3225//3225
f 3224//3224 3225//3225 3226//3226
f 3226//3226 3225//3225 3227//3227
f 3226//3226 3227//3227 3212//3212
f 3212//3212 3227//3227 3228//3228
f 3212//3212 3228//3228 3213//3213
f 3206//3206 3220//3220 3229//3229
f 3230//3230 3094//3094 3231//3231
f 3231//3231 3094//3094 3092//3092
f 3231//3231 3092//3092 3091//3091
f 3232//3232 3230//3230 3229//3229
f 3229//3229 3230//3230 3231//3231
f 3229//3229 3231//3231 3206//3206
f 3206//3206 3231//3231 3091//3091
f 3206//3206 3091//3091 3207//3207
f 3111//3111 3110//3110 3233//3233
f 3110//3110 3109//3109 3233//3233
f 3233//3233 3109//3109 3094//3094
f 3233//3233 3094//3094 3234//3234
f 3230//3230 3232//3232 3235//3235
f 3235//3235 3232//3232 3236//3236
f 3235//3235 3236//3236 3237//3237
f 3237//3237 3236//3236 3238//3238
f 3237//3237 3238//3238 3239//3239
f 3094//3094 3230//3230 3234//3234
f 3234//3234 3230//3230 3235//3235
f 3234//3234 3235//3235 3233//3233
f 3233//3233 3235//3235 3237//3237
f 3233//3233 3237//3237 3111//3111
f 3111//3111 3237//3237 3239//3239
f 3111//3111 3239//3239 3112//3112
f 3112//3112 3239//3239 3238//3238
f 3112//3112 3238//3238 3113//3113
f 3240//3240 3241//3241 3242//3242
f 3139//3139 3113//3113 3238//3238
f 3129//3129 3130//3130 3243//3243
f 3129//3129 3243//3243 3128//3128
f 3130//3130 3132//3132 3244//3244
f 3244//3244 3132//3132 3137//3137
f 3244//3244 3137//3137 3245//3245
f 3245//3245 3137//3137 3136//3136
f 3245//3245 3136//3136 3246//3246
f 3136//3136 3134//3134 3246//3246
f 3246//3246 3134//3134 3133//3133
f 3246//3246 3133//3133 3247//3247
f 3247//3247 3133//3133 3138//3138
f 3247//3247 3138//3138 3139//3139
f 3247//3247 3241//3241 3246//3246
f 3246//3246 3241//3241 3240//3240
f 3246//3246 3240//3240 3245//3245
f 3245//3245 3240//3240 3248//3248
f 3245//3245 3248//3248 3244//3244
f 3244//3244 3248//3248 3249//3249
f 3128//3128 3243//3243 3250//3250
f 3250//3250 3243//3243 3251//3251
f 3250//3250 3251//3251 3252//3252
f 3252//3252 3251//3251 3253//3253
f 3252//3252 3253//3253 3184//3184
f 3130//3130 3244//3244 3243//3243
f 3243//3243 3244//3244 3249//3249
f 3243//3243 3249//3249 3251//3251
f 3251//3251 3249//3249 3254//3254
f 3251//3251 3254//3254 3253//3253
f 3242//3242 3255//3255 3240//3240
f 3240//3240 3255//3255 3256//3256
f 3240//3240 3256//3256 3248//3248
f 3248//3248 3256//3256 3257//3257
f 3248//3248 3257//3257 3249//3249
f 3249//3249 3257//3257 3258//3258
f 3249//3249 3258//3258 3254//3254
f 3139//3139 3238//3238 3247//3247
f 3247//3247 3238//3238 3236//3236
f 3247//3247 3236//3236 3241//3241
f 3241//3241 3236//3236 3232//3232
f 3241//3241 3232//3232 3242//3242
f 2656//2656 2655//2655 3115//3115
f 3115//3115 2655//2655 2654//2654
f 3115//3115 2654//2654 3116//3116
f 3259//3259 2750//2750 3260//3260
f 3260//3260 2750//2750 2749//2749
f 2751//2751 3120//3120 2749//2749
f 2749//2749 3120//3120 3127//3127
f 2749//2749 3127//3127 3260//3260
f 3260//3260 3127//3127 3135//3135
f 3135//3135 3131//3131 3260//3260
f 3260//3260 3131//3131 3121//3121
f 3260//3260 3121//3121 3261//3261
f 3261//3261 3121//3121 3117//3117
f 3261//3261 3117//3117 3116//3116
f 2775//2775 2339//2339 2341//2341
f 3262//3262 2341//2341 3263//3263
f 3263//3263 2341//2341 3264//3264
f 3263//3263 3264//3264 3265//3265
f 3262//3262 2771//2771 2774//2774
f 3262//3262 2774//2774 2341//2341
f 2341//2341 2774//2774 2773//2773
f 2341//2341 2773//2773 2775//2775
f 3266//3266 3267//3267 3268//3268
f 2341//2341 2343//2343 3264//3264
f 3264//3264 2343//2343 3266//3266
f 3264//3264 3266//3266 3269//3269
f 3269//3269 3266//3266 3268//3268
f 3159//3159 3270//3270 3158//3158
f 3158//3158 3270//3270 3153//3153
f 3252//3252 3184//3184 3271//3271
f 3271//3271 3184//3184 3183//3183
f 3183//3183 3272//3272 3271//3271
f 3271//3271 3272//3272 3273//3273
f 3271//3271 3273//3273 3252//3252
f 3252//3252 3273//3273 3274//3274
f 3252//3252 3274//3274 3250//3250
f 3128//3128 3250//3250 3160//3160
f 3160//3160 3250//3250 3274//3274
f 3160//3160 3274//3274 3159//3159
f 3159//3159 3274//3274 3273//3273
f 3159//3159 3273//3273 3270//3270
f 3270//3270 3273//3273 3272//3272
f 3270//3270 3272//3272 3153//3153
f 3153//3153 3272//3272 3183//3183
f 3224//3224 3232//3232 3222//3222
f 3222//3222 3232//3232 3229//3229
f 3222//3222 3229//3229 3220//3220
f 3181//3181 3182//3182 3216//3216
f 3216//3216 3182//3182 3184//3184
f 3216//3216 3184//3184 3214//3214
f 3184//3184 3253//3253 3214//3214
f 3214//3214 3253//3253 3254//3254
f 3214//3214 3254//3254 3212//3212
f 3254//3254 3258//3258 3212//3212
f 3212//3212 3258//3258 3257//3257
f 3212//3212 3257//3257 3226//3226
f 3257//3257 3256//3256 3226//3226
f 3226//3226 3256//3256 3255//3255
f 3226//3226 3255//3255 3224//3224
f 3224//3224 3255//3255 3242//3242
f 3224//3224 3242//3242 3232//3232
f 3275//3275 3276//3276 3277//3277
f 3278//3278 3279//3279 3280//3280
f 3281//3281 3282//3282 3283//3283
f 3284//3284 3285//3285 3286//3286
f 3286//3286 3285//3285 3197//3197
f 3286//3286 3197//3197 3195//3195
f 3287//3287 3200//3200 3288//3288
f 3288//3288 3200//3200 3199//3199
f 3276//3276 3287//3287 3277//3277
f 3277//3277 3287//3287 3288//3288
f 3277//3277 3288//3288 3285//3285
f 3285//3285 3288//3288 3199//3199
f 3285//3285 3199//3199 3197//3197
f 3289//3289 3281//3281 3290//3290
f 3290//3290 3281//3281 3283//3283
f 3290//3290 3283//3283 3279//3279
f 3291//3291 3275//3275 3289//3289
f 3289//3289 3275//3275 3277//3277
f 3289//3289 3277//3277 3281//3281
f 3281//3281 3277//3277 3285//3285
f 3281//3281 3285//3285 3282//3282
f 3282//3282 3285//3285 3284//3284
f 3292//3292 3293//3293 3294//3294
f 3279//3279 3278//3278 3290//3290
f 3290//3290 3278//3278 3292//3292
f 3290//3290 3292//3292 3289//3289
f 3289//3289 3292//3292 3294//3294
f 3289//3289 3294//3294 3291//3291
f 3280//3280 3295//3295 3278//3278
f 3278//3278 3295//3295 3296//3296
f 3278//3278 3296//3296 3292//3292
f 3292//3292 3296//3296 3297//3297
f 3292//3292 3297//3297 3293//3293
f 3293//3293 3297//3297 3298//3298
f 3293//3293 3298//3298 3299//3299
f 3293//3293 3299//3299 3300//3300
f 3301//3301 3203//3203 3202//3202
f 3294//3294 3293//3293 3302//3302
f 3302//3302 3293//3293 3300//3300
f 3302//3302 3300//3300 3303//3303
f 3303//3303 3300//3300 3304//3304
f 3294//3294 3302//3302 3291//3291
f 3291//3291 3302//3302 3303//3303
f 3291//3291 3303//3303 3275//3275
f 3275//3275 3303//3303 3305//3305
f 3275//3275 3305//3305 3276//3276
f 3276//3276 3305//3305 3301//3301
f 3276//3276 3301//3301 3287//3287
f 3287//3287 3301//3301 3202//3202
f 3287//3287 3202//3202 3200//3200
f 3211//3211 3203//3203 3301//3301
f 3211//3211 3301//3301 3306//3306
f 3306//3306 3301//3301 3305//3305
f 3306//3306 3305//3305 3307//3307
f 3307//3307 3305//3305 3303//3303
f 3307//3307 3303//3303 3308//3308
f 3308//3308 3303//3303 3304//3304
f 3308//3308 3304//3304 3309//3309
f 3211//3211 3306//3306 3310//3310
f 3211//3211 3310//3310 3210//3210
f 3210//3210 3310//3310 3311//3311
f 3210//3210 3311//3311 3208//3208
f 3208//3208 3311//3311 3312//3312
f 3208//3208 3312//3312 3221//3221
f 3221//3221 3312//3312 3313//3313
f 3221//3221 3313//3313 3223//3223
f 3223//3223 3313//3313 3314//3314
f 3223//3223 3314//3314 3225//3225
f 3225//3225 3314//3314 3315//3315
f 3225//3225 3315//3315 3227//3227
f 3227//3227 3315//3315 3316//3316
f 3227//3227 3316//3316 3228//3228
f 3228//3228 3316//3316 3317//3317
f 3228//3228 3317//3317 3213//3213
f 3213//3213 3317//3317 3318//3318
f 3213//3213 3318//3318 3215//3215
f 3215//3215 3318//3318 3319//3319
f 3215//3215 3319//3319 3217//3217
f 3217//3217 3319//3319 3320//3320
f 3217//3217 3320//3320 3218//3218
f 3218//3218 3320//3320 3321//3321
f 3218//3218 3321//3321 3219//3219
f 3219//3219 3321//3321 3322//3322
f 3219//3219 3322//3322 3190//3190
f 3191//3191 3190//3190 3323//3323
f 3323//3323 3190//3190 3322//3322
f 3323//3323 3322//3322 3324//3324
f 3325//3325 3324//3324 3326//3326
f 3327//3327 3328//3328 3329//3329
f 3329//3329 3328//3328 3330//3330
f 3329//3329 3330//3330 3331//3331
f 3331//3331 3330//3330 3332//3332
f 3331//3331 3332//3332 3325//3325
f 3327//3327 3329//3329 3333//3333
f 3333//3333 3329//3329 3334//3334
f 3333//3333 3334//3334 3335//3335
f 3335//3335 3334//3334 3336//3336
f 3335//3335 3336//3336 3337//3337
f 3337//3337 3336//3336 3338//3338
f 3337//3337 3338//3338 3339//3339
f 3339//3339 3338//3338 3340//3340
f 3339//3339 3340//3340 3341//3341
f 3342//3342 3343//3343 3344//3344
f 3344//3344 3343//3343 3345//3345
f 3344//3344 3345//3345 3346//3346
f 3346//3346 3345//3345 3347//3347
f 3346//3346 3347//3347 3348//3348
f 3348//3348 3347//3347 3349//3349
f 3348//3348 3349//3349 3350//3350
f 3350//3350 3349//3349 3351//3351
f 3350//3350 3351//3351 3340//3340
f 3340//3340 3351//3351 3352//3352
f 3340//3340 3352//3352 3341//3341
f 3342//3342 3344//3344 3353//3353
f 3353//3353 3344//3344 3354//3354
f 3353//3353 3354//3354 3355//3355
f 3355//3355 3354//3354 3356//3356
f 3355//3355 3356//3356 3357//3357
f 3357//3357 3356//3356 3358//3358
f 3357//3357 3358//3358 3359//3359
f 3359//3359 3358//3358 3308//3308
f 3359//3359 3308//3308 3309//3309
f 3325//3325 3326//3326 3331//3331
f 3331//3331 3326//3326 3360//3360
f 3331//3331 3360//3360 3329//3329
f 3329//3329 3360//3360 3361//3361
f 3329//3329 3361//3361 3334//3334
f 3334//3334 3361//3361 3362//3362
f 3334//3334 3362//3362 3336//3336
f 3336//3336 3362//3362 3363//3363
f 3336//3336 3363//3363 3338//3338
f 3338//3338 3363//3363 3364//3364
f 3338//3338 3364//3364 3340//3340
f 3340//3340 3364//3364 3365//3365
f 3340//3340 3365//3365 3350//3350
f 3350//3350 3365//3365 3366//3366
f 3350//3350 3366//3366 3348//3348
f 3348//3348 3366//3366 3367//3367
f 3348//3348 3367//3367 3346//3346
f 3346//3346 3367//3367 3368//3368
f 3346//3346 3368//3368 3344//3344
f 3344//3344 3368//3368 3369//3369
f 3344//3344 3369//3369 3354//3354
f 3354//3354 3369//3369 3370//3370
f 3354//3354 3370//3370 3356//3356
f 3356//3356 3370//3370 3371//3371
f 3356//3356 3371//3371 3358//3358
f 3358//3358 3371//3371 3307//3307
f 3358//3358 3307//3307 3308//3308
f 3324//3324 3322//3322 3326//3326
f 3326//3326 3322//3322 3321//3321
f 3326//3326 3321//3321 3360//3360
f 3360//3360 3321//3321 3320//3320
f 3360//3360 3320//3320 3361//3361
f 3361//3361 3320//3320 3319//3319
f 3361//3361 3319//3319 3362//3362
f 3362//3362 3319//3319 3318//3318
f 3362//3362 3318//3318 3363//3363
f 3363//3363 3318//3318 3317//3317
f 3363//3363 3317//3317 3364//3364
f 3364//3364 3317//3317 3316//3316
f 3364//3364 3316//3316 3365//3365
f 3365//3365 3316//3316 3315//3315
f 3365//3365 3315//3315 3366//3366
f 3366//3366 3315//3315 3314//3314
f 3366//3366 3314//3314 3367//3367
f 3367//3367 3314//3314 3313//3313
f 3367//3367 3313//3313 3368//3368
f 3368//3368 3313//3313 3312//3312
f 3368//3368 3312//3312 3369//3369
f 3369//3369 3312//3312 3311//3311
f 3369//3369 3311//3311 3370//3370
f 3370//3370 3311//3311 3310//3310
f 3370//3370 3310//3310 3371//3371
f 3371//3371 3310//3310 3306//3306
f 3371//3371 3306//3306 3307//3307
f 3204//3204 3191//3191 3323//3323
f 3204//3204 3323//3323 3372//3372
f 3372//3372 3323//3323 3324//3324
f 3372//3372 3324//3324 3373//3373
f 3373//3373 3324//3324 3325//3325
f 3373//3373 3325//3325 3374//3374
f 3374//3374 3325//3325 3332//3332
f 3374//3374 3332//3332 3375//3375
f 3205//3205 3204//3204 3372//3372
f 3376//3376 3377//3377 3378//3378
f 3378//3378 3377//3377 3379//3379
f 3378//3378 3379//3379 3374//3374
f 3374//3374 3379//3379 3373//3373
f 3205//3205 3372//3372 3192//3192
f 3374//3374 3375//3375 3378//3378
f 3378//3378 3375//3375 3380//3380
f 3378//3378 3380//3380 3376//3376
f 3376//3376 3380//3380 3381//3381
f 3379//3379 3382//3382 3373//3373
f 3373//3373 3382//3382 3383//3383
f 3373//3373 3383//3383 3372//3372
f 3372//3372 3383//3383 3384//3384
f 3372//3372 3384//3384 3192//3192
f 3189//3189 3193//3193 3385//3385
f 3386//3386 3387//3387 3388//3388
f 3388//3388 3387//3387 3389//3389
f 3388//3388 3389//3389 3390//3390
f 3390//3390 3389//3389 3391//3391
f 3390//3390 3391//3391 3392//3392
f 3392//3392 3391//3391 3393//3393
f 3392//3392 3393//3393 3394//3394
f 3394//3394 3393//3393 3395//3395
f 3394//3394 3395//3395 3396//3396
f 3193//3193 3192//3192 3384//3384
f 3189//3189 3385//3385 3188//3188
f 3193//3193 3384//3384 3385//3385
f 3385//3385 3384//3384 3383//3383
f 3385//3385 3383//3383 3397//3397
f 3397//3397 3383//3383 3382//3382
f 3397//3397 3382//3382 3398//3398
f 3376//3376 3399//3399 3377//3377
f 3377//3377 3399//3399 3398//3398
f 3377//3377 3398//3398 3379//3379
f 3379//3379 3398//3398 3382//3382
f 3399//3399 3393//3393 3398//3398
f 3398//3398 3393//3393 3391//3391
f 3398//3398 3391//3391 3397//3397
f 3397//3397 3391//3391 3389//3389
f 3397//3397 3389//3389 3385//3385
f 3385//3385 3389//3389 3387//3387
f 3385//3385 3387//3387 3188//3188
f 3188//3188 3387//3387 3386//3386
f 3188//3188 3386//3386 3185//3185
f 3376//3376 3381//3381 3399//3399
f 3399//3399 3381//3381 3400//3400
f 3399//3399 3400//3400 3393//3393
f 3393//3393 3400//3400 3401//3401
f 3393//3393 3401//3401 3395//3395
f 3402//3402 3403//3403 3404//3404
f 3405//3405 3406//3406 3407//3407
f 3395//3395 3401//3401 3408//3408
f 3409//3409 3410//3410 3411//3411
f 3412//3412 3410//3410 3413//3413
f 3413//3413 3410//3410 3409//3409
f 3413//3413 3409//3409 3414//3414
f 3415//3415 3416//3416 3417//3417
f 3418//3418 3419//3419 3420//3420
f 3421//3421 3400//3400 3381//3381
f 3396//3396 3422//3422 3423//3423
f 3423//3423 3422//3422 3424//3424
f 3396//3396 3395//3395 3422//3422
f 3422//3422 3395//3395 3408//3408
f 3422//3422 3408//3408 3425//3425
f 3425//3425 3408//3408 3426//3426
f 3425//3425 3426//3426 3427//3427
f 3428//3428 3429//3429 3430//3430
f 3430//3430 3429//3429 3431//3431
f 3430//3430 3431//3431 3432//3432
f 3432//3432 3431//3431 3433//3433
f 3432//3432 3433//3433 3427//3427
f 3427//3427 3433//3433 3434//3434
f 3427//3427 3434//3434 3425//3425
f 3435//3435 3436//3436 3437//3437
f 3438//3438 3439//3439 3440//3440
f 3441//3441 3442//3442 3443//3443
f 3444//3444 3445//3445 3446//3446
f 3446//3446 3445//3445 3447//3447
f 3446//3446 3447//3447 3441//3441
f 3441//3441 3447//3447 3448//3448
f 3441//3441 3448//3448 3442//3442
f 3449//3449 3450//3450 3451//3451
f 3451//3451 3450//3450 3452//3452
f 3451//3451 3452//3452 3453//3453
f 3453//3453 3452//3452 3454//3454
f 3453//3453 3454//3454 3455//3455
f 3455//3455 3454//3454 3456//3456
f 3455//3455 3456//3456 3457//3457
f 3411//3411 3458//3458 3409//3409
f 3409//3409 3458//3458 3459//3459
f 3409//3409 3459//3459 3414//3414
f 3414//3414 3459//3459 3402//3402
f 3411//3411 3460//3460 3458//3458
f 3458//3458 3460//3460 3461//3461
f 3458//3458 3461//3461 3459//3459
f 3459//3459 3461//3461 3462//3462
f 3459//3459 3462//3462 3402//3402
f 3402//3402 3462//3462 3463//3463
f 3402//3402 3463//3463 3403//3403
f 3464//3464 3465//3465 3466//3466
f 3466//3466 3465//3465 3467//3467
f 3464//3464 3466//3466 3468//3468
f 3468//3468 3466//3466 3469//3469
f 3468//3468 3469//3469 3470//3470
f 3449//3449 3451//3451 3471//3471
f 3471//3471 3451//3451 3472//3472
f 3471//3471 3472//3472 3473//3473
f 3474//3474 3475//3475 3476//3476
f 3476//3476 3475//3475 3477//3477
f 3476//3476 3477//3477 3478//3478
f 3478//3478 3477//3477 3479//3479
f 3478//3478 3479//3479 3480//3480
f 3480//3480 3479//3479 3481//3481
f 3480//3480 3481//3481 3482//3482
f 3483//3483 3484//3484 3474//3474
f 3474//3474 3484//3484 3485//3485
f 3474//3474 3485//3485 3475//3475
f 3486//3486 3473//3473 3484//3484
f 3484//3484 3473//3473 3472//3472
f 3484//3484 3472//3472 3485//3485
f 3485//3485 3472//3472 3451//3451
f 3485//3485 3451//3451 3475//3475
f 3475//3475 3451//3451 3453//3453
f 3475//3475 3453//3453 3477//3477
f 3477//3477 3453//3453 3455//3455
f 3477//3477 3455//3455 3479//3479
f 3479//3479 3455//3455 3457//3457
f 3479//3479 3457//3457 3481//3481
f 3487//3487 3488//3488 3489//3489
f 3489//3489 3488//3488 3490//3490
f 3489//3489 3490//3490 3491//3491
f 3491//3491 3490//3490 3492//3492
f 3491//3491 3492//3492 3493//3493
f 3493//3493 3492//3492 3494//3494
f 3493//3493 3494//3494 3495//3495
f 3496//3496 3470//3470 3497//3497
f 3497//3497 3470//3470 3469//3469
f 3497//3497 3469//3469 3495//3495
f 3498//3498 3499//3499 3500//3500
f 3500//3500 3499//3499 3501//3501
f 3500//3500 3501//3501 3502//3502
f 3502//3502 3501//3501 3503//3503
f 3502//3502 3503//3503 3504//3504
f 3505//3505 3494//3494 3506//3506
f 3506//3506 3494//3494 3492//3492
f 3506//3506 3492//3492 3507//3507
f 3507//3507 3492//3492 3490//3490
f 3507//3507 3490//3490 3508//3508
f 3508//3508 3490//3490 3488//3488
f 3508//3508 3488//3488 3486//3486
f 3486//3486 3484//3484 3508//3508
f 3508//3508 3484//3484 3483//3483
f 3508//3508 3483//3483 3507//3507
f 3507//3507 3483//3483 3509//3509
f 3507//3507 3509//3509 3506//3506
f 3506//3506 3509//3509 3510//3510
f 3506//3506 3510//3510 3505//3505
f 3511//3511 3512//3512 3513//3513
f 3513//3513 3512//3512 3514//3514
f 3513//3513 3514//3514 3515//3515
f 3515//3515 3514//3514 3516//3516
f 3515//3515 3516//3516 3517//3517
f 3503//3503 3518//3518 3504//3504
f 3504//3504 3518//3518 3519//3519
f 3504//3504 3519//3519 3520//3520
f 3520//3520 3519//3519 3521//3521
f 3520//3520 3521//3521 3522//3522
f 3523//3523 3511//3511 3524//3524
f 3524//3524 3511//3511 3513//3513
f 3524//3524 3513//3513 3525//3525
f 3525//3525 3513//3513 3515//3515
f 3525//3525 3515//3515 3526//3526
f 3526//3526 3515//3515 3517//3517
f 3526//3526 3517//3517 3527//3527
f 3482//3482 3527//3527 3480//3480
f 3480//3480 3527//3527 3517//3517
f 3480//3480 3517//3517 3478//3478
f 3478//3478 3517//3517 3516//3516
f 3478//3478 3516//3516 3476//3476
f 3476//3476 3516//3516 3514//3514
f 3476//3476 3514//3514 3474//3474
f 3474//3474 3514//3514 3512//3512
f 3474//3474 3512//3512 3483//3483
f 3483//3483 3512//3512 3511//3511
f 3483//3483 3511//3511 3509//3509
f 3509//3509 3511//3511 3523//3523
f 3509//3509 3523//3523 3510//3510
f 3528//3528 3529//3529 3530//3530
f 3530//3530 3529//3529 3531//3531
f 3530//3530 3531//3531 3532//3532
f 3532//3532 3531//3531 3533//3533
f 3534//3534 3446//3446 3535//3535
f 3535//3535 3446//3446 3441//3441
f 3535//3535 3441//3441 3438//3438
f 3438//3438 3441//3441 3443//3443
f 3438//3438 3443//3443 3439//3439
f 3465//3465 3536//3536 3467//3467
f 3467//3467 3536//3536 3537//3537
f 3467//3467 3537//3537 3538//3538
f 3538//3538 3537//3537 3539//3539
f 3538//3538 3539//3539 3533//3533
f 3533//3533 3539//3539 3540//3540
f 3533//3533 3540//3540 3532//3532
f 3495//3495 3469//3469 3493//3493
f 3493//3493 3469//3469 3466//3466
f 3493//3493 3466//3466 3491//3491
f 3491//3491 3466//3466 3467//3467
f 3491//3491 3467//3467 3489//3489
f 3489//3489 3467//3467 3538//3538
f 3489//3489 3538//3538 3487//3487
f 3487//3487 3538//3538 3533//3533
f 3487//3487 3533//3533 3534//3534
f 3534//3534 3533//3533 3531//3531
f 3534//3534 3531//3531 3446//3446
f 3446//3446 3531//3531 3529//3529
f 3446//3446 3529//3529 3444//3444
f 3541//3541 3542//3542 3543//3543
f 3543//3543 3542//3542 3435//3435
f 3543//3543 3435//3435 3407//3407
f 3407//3407 3435//3435 3437//3437
f 3407//3407 3437//3437 3405//3405
f 3544//3544 3541//3541 3545//3545
f 3545//3545 3541//3541 3543//3543
f 3545//3545 3543//3543 3546//3546
f 3546//3546 3543//3543 3407//3407
f 3546//3546 3407//3407 3430//3430
f 3430//3430 3407//3407 3406//3406
f 3430//3430 3406//3406 3428//3428
f 3547//3547 3548//3548 3549//3549
f 3549//3549 3548//3548 3550//3550
f 3549//3549 3550//3550 3551//3551
f 3551//3551 3550//3550 3552//3552
f 3551//3551 3552//3552 3553//3553
f 3553//3553 3552//3552 3554//3554
f 3553//3553 3554//3554 3555//3555
f 3555//3555 3554//3554 3556//3556
f 3555//3555 3556//3556 3557//3557
f 3557//3557 3556//3556 3421//3421
f 3557//3557 3421//3421 3418//3418
f 3418//3418 3421//3421 3381//3381
f 3418//3418 3381//3381 3419//3419
f 3558//3558 3547//3547 3559//3559
f 3559//3559 3547//3547 3549//3549
f 3559//3559 3549//3549 3560//3560
f 3560//3560 3549//3549 3551//3551
f 3560//3560 3551//3551 3561//3561
f 3561//3561 3551//3551 3553//3553
f 3561//3561 3553//3553 3562//3562
f 3562//3562 3553//3553 3555//3555
f 3562//3562 3555//3555 3563//3563
f 3563//3563 3555//3555 3557//3557
f 3563//3563 3557//3557 3564//3564
f 3564//3564 3557//3557 3418//3418
f 3564//3564 3418//3418 3565//3565
f 3565//3565 3418//3418 3420//3420
f 3565//3565 3420//3420 3416//3416
f 3401//3401 3400//3400 3408//3408
f 3408//3408 3400//3400 3421//3421
f 3408//3408 3421//3421 3426//3426
f 3426//3426 3421//3421 3556//3556
f 3426//3426 3556//3556 3427//3427
f 3427//3427 3556//3556 3554//3554
f 3427//3427 3554//3554 3432//3432
f 3432//3432 3554//3554 3552//3552
f 3432//3432 3552//3552 3430//3430
f 3430//3430 3552//3552 3550//3550
f 3430//3430 3550//3550 3546//3546
f 3546//3546 3550//3550 3548//3548
f 3546//3546 3548//3548 3545//3545
f 3545//3545 3548//3548 3547//3547
f 3545//3545 3547//3547 3544//3544
f 3544//3544 3547//3547 3558//3558
f 3416//3416 3415//3415 3565//3565
f 3565//3565 3415//3415 3566//3566
f 3565//3565 3566//3566 3564//3564
f 3564//3564 3566//3566 3567//3567
f 3564//3564 3567//3567 3563//3563
f 3563//3563 3567//3567 3568//3568
f 3563//3563 3568//3568 3562//3562
f 3562//3562 3568//3568 3569//3569
f 3562//3562 3569//3569 3561//3561
f 3561//3561 3569//3569 3570//3570
f 3561//3561 3570//3570 3560//3560
f 3560//3560 3570//3570 3571//3571
f 3560//3560 3571//3571 3559//3559
f 3559//3559 3571//3571 3572//3572
f 3559//3559 3572//3572 3558//3558
f 3558//3558 3572//3572 3573//3573
f 3558//3558 3573//3573 3544//3544
f 3544//3544 3573//3573 3574//3574
f 3544//3544 3574//3574 3541//3541
f 3541//3541 3574//3574 3575//3575
f 3541//3541 3575//3575 3542//3542
f 3576//3576 3412//3412 3577//3577
f 3577//3577 3412//3412 3413//3413
f 3577//3577 3413//3413 3578//3578
f 3578//3578 3413//3413 3414//3414
f 3578//3578 3414//3414 3579//3579
f 3579//3579 3414//3414 3402//3402
f 3579//3579 3402//3402 3580//3580
f 3580//3580 3402//3402 3404//3404
f 3580//3580 3404//3404 3581//3581
f 3581//3581 3404//3404 3522//3522
f 3581//3581 3522//3522 3582//3582
f 3582//3582 3522//3522 3521//3521
f 3499//3499 3496//3496 3501//3501
f 3501//3501 3496//3496 3497//3497
f 3501//3501 3497//3497 3503//3503
f 3503//3503 3497//3497 3495//3495
f 3503//3503 3495//3495 3518//3518
f 3518//3518 3495//3495 3494//3494
f 3518//3518 3494//3494 3519//3519
f 3519//3519 3494//3494 3505//3505
f 3519//3519 3505//3505 3521//3521
f 3521//3521 3505//3505 3510//3510
f 3521//3521 3510//3510 3582//3582
f 3582//3582 3510//3510 3523//3523
f 3582//3582 3523//3523 3581//3581
f 3581//3581 3523//3523 3524//3524
f 3581//3581 3524//3524 3580//3580
f 3580//3580 3524//3524 3525//3525
f 3580//3580 3525//3525 3579//3579
f 3579//3579 3525//3525 3526//3526
f 3579//3579 3526//3526 3578//3578
f 3578//3578 3526//3526 3527//3527
f 3578//3578 3527//3527 3577//3577
f 3577//3577 3527//3527 3482//3482
f 3577//3577 3482//3482 3576//3576
f 3576//3576 3482//3482 3481//3481
f 3576//3576 3481//3481 3583//3583
f 3583//3583 3481//3481 3457//3457
f 3583//3583 3457//3457 3417//3417
f 3417//3417 3457//3457 3456//3456
f 3417//3417 3456//3456 3415//3415
f 3415//3415 3456//3456 3454//3454
f 3415//3415 3454//3454 3566//3566
f 3566//3566 3454//3454 3452//3452
f 3566//3566 3452//3452 3567//3567
f 3567//3567 3452//3452 3450//3450
f 3567//3567 3450//3450 3568//3568
f 3568//3568 3450//3450 3449//3449
f 3568//3568 3449//3449 3569//3569
f 3569//3569 3449//3449 3471//3471
f 3569//3569 3471//3471 3570//3570
f 3570//3570 3471//3471 3473//3473
f 3570//3570 3473//3473 3571//3571
f 3571//3571 3473//3473 3486//3486
f 3571//3571 3486//3486 3572//3572
f 3572//3572 3486//3486 3488//3488
f 3572//3572 3488//3488 3573//3573
f 3573//3573 3488//3488 3487//3487
f 3573//3573 3487//3487 3574//3574
f 3574//3574 3487//3487 3534//3534
f 3574//3574 3534//3534 3575//3575
f 3575//3575 3534//3534 3535//3535
f 3575//3575 3535//3535 3542//3542
f 3542//3542 3535//3535 3438//3438
f 3542//3542 3438//3438 3435//3435
f 3435//3435 3438//3438 3440//3440
f 3435//3435 3440//3440 3436//3436
f 3584//3584 3585//3585 3586//3586
f 3587//3587 3588//3588 3589//3589
f 3590//3590 3591//3591 3592//3592
f 3593//3593 3594//3594 3595//3595
f 3596//3596 3597//3597 3598//3598
f 3599//3599 3424//3424 3422//3422
f 3600//3600 3601//3601 3594//3594
f 3594//3594 3601//3601 3602//3602
f 3594//3594 3602//3602 3603//3603
f 3600//3600 3594//3594 3604//3604
f 3604//3604 3594//3594 3593//3593
f 3604//3604 3593//3593 3605//3605
f 3606//3606 3607//3607 3608//3608
f 3597//3597 3606//3606 3598//3598
f 3598//3598 3606//3606 3608//3608
f 3598//3598 3608//3608 3609//3609
f 3609//3609 3608//3608 3610//3610
f 3609//3609 3610//3610 3611//3611
f 3612//3612 3613//3613 3614//3614
f 3614//3614 3613//3613 3615//3615
f 3614//3614 3615//3615 3616//3616
f 3615//3615 3617//3617 3616//3616
f 3616//3616 3617//3617 3618//3618
f 3616//3616 3618//3618 3619//3619
f 3620//3620 3621//3621 3622//3622
f 3622//3622 3621//3621 3623//3623
f 3622//3622 3623//3623 3624//3624
f 3624//3624 3623//3623 3619//3619
f 3624//3624 3619//3619 3625//3625
f 3625//3625 3619//3619 3618//3618
f 3603//3603 3599//3599 3594//3594
f 3594//3594 3599//3599 3422//3422
f 3594//3594 3422//3422 3595//3595
f 3595//3595 3422//3422 3425//3425
f 3595//3595 3425//3425 3626//3626
f 3626//3626 3425//3425 3434//3434
f 3626//3626 3434//3434 3627//3627
f 3529//3529 3528//3528 3589//3589
f 3589//3589 3528//3528 3628//3628
f 3589//3589 3628//3628 3587//3587
f 3629//3629 3630//3630 3448//3448
f 3448//3448 3447//3447 3629//3629
f 3629//3629 3447//3447 3445//3445
f 3629//3629 3445//3445 3589//3589
f 3589//3589 3445//3445 3444//3444
f 3589//3589 3444//3444 3529//3529
f 3440//3440 3631//3631 3436//3436
f 3436//3436 3631//3631 3632//3632
f 3436//3436 3632//3632 3437//3437
f 3437//3437 3632//3632 3405//3405
f 3633//3633 3428//3428 3632//3632
f 3632//3632 3428//3428 3406//3406
f 3632//3632 3406//3406 3405//3405
f 3440//3440 3439//3439 3631//3631
f 3631//3631 3439//3439 3443//3443
f 3631//3631 3443//3443 3630//3630
f 3630//3630 3443//3443 3442//3442
f 3630//3630 3442//3442 3448//3448
f 3607//3607 3605//3605 3608//3608
f 3608//3608 3605//3605 3593//3593
f 3608//3608 3593//3593 3610//3610
f 3610//3610 3593//3593 3595//3595
f 3610//3610 3595//3595 3611//3611
f 3611//3611 3595//3595 3626//3626
f 3611//3611 3626//3626 3634//3634
f 3634//3634 3626//3626 3627//3627
f 3634//3634 3627//3627 3635//3635
f 3635//3635 3627//3627 3633//3633
f 3635//3635 3633//3633 3636//3636
f 3636//3636 3633//3633 3632//3632
f 3636//3636 3632//3632 3637//3637
f 3637//3637 3632//3632 3631//3631
f 3637//3637 3631//3631 3638//3638
f 3638//3638 3631//3631 3630//3630
f 3638//3638 3630//3630 3639//3639
f 3639//3639 3630//3630 3629//3629
f 3639//3639 3629//3629 3592//3592
f 3592//3592 3629//3629 3589//3589
f 3592//3592 3589//3589 3590//3590
f 3590//3590 3589//3589 3588//3588
f 3584//3584 3640//3640 3641//3641
f 3585//3585 3584//3584 3642//3642
f 3642//3642 3584//3584 3641//3641
f 3642//3642 3641//3641 3643//3643
f 3644//3644 3645//3645 3646//3646
f 3646//3646 3645//3645 3647//3647
f 3646//3646 3647//3647 3648//3648
f 3648//3648 3647//3647 3649//3649
f 3650//3650 3651//3651 3652//3652
f 3650//3650 3652//3652 3653//3653
f 3653//3653 3652//3652 3654//3654
f 3653//3653 3654//3654 3655//3655
f 3656//3656 3657//3657 3655//3655
f 3655//3655 3657//3657 3658//3658
f 3655//3655 3658//3658 3653//3653
f 3653//3653 3658//3658 3659//3659
f 3653//3653 3659//3659 3650//3650
f 3660//3660 3661//3661 3662//3662
f 3662//3662 3661//3661 3663//3663
f 3662//3662 3663//3663 3664//3664
f 3664//3664 3663//3663 3665//3665
f 3664//3664 3665//3665 3666//3666
f 3666//3666 3665//3665 3647//3647
f 3666//3666 3647//3647 3586//3586
f 3586//3586 3647//3647 3645//3645
f 3586//3586 3645//3645 3584//3584
f 3584//3584 3645//3645 3644//3644
f 3584//3584 3644//3644 3640//3640
f 3667//3667 3668//3668 3669//3669
f 3669//3669 3668//3668 3670//3670
f 3669//3669 3670//3670 3612//3612
f 3612//3612 3670//3670 3671//3671
f 3612//3612 3671//3671 3613//3613
f 3642//3642 3651//3651 3585//3585
f 3585//3585 3651//3651 3650//3650
f 3585//3585 3650//3650 3586//3586
f 3586//3586 3650//3650 3659//3659
f 3586//3586 3659//3659 3666//3666
f 3666//3666 3659//3659 3658//3658
f 3666//3666 3658//3658 3664//3664
f 3664//3664 3658//3658 3657//3657
f 3664//3664 3657//3657 3662//3662
f 3662//3662 3657//3657 3656//3656
f 3662//3662 3656//3656 3660//3660
f 3660//3660 3656//3656 3672//3672
f 3654//3654 3673//3673 3655//3655
f 3655//3655 3673//3673 3667//3667
f 3655//3655 3667//3667 3656//3656
f 3656//3656 3667//3667 3669//3669
f 3656//3656 3669//3669 3672//3672
f 3672//3672 3669//3669 3612//3612
f 3672//3672 3612//3612 3674//3674
f 3674//3674 3612//3612 3614//3614
f 3674//3674 3614//3614 3675//3675
f 3675//3675 3614//3614 3616//3616
f 3675//3675 3616//3616 3676//3676
f 3676//3676 3616//3616 3619//3619
f 3676//3676 3619//3619 3677//3677
f 3677//3677 3619//3619 3623//3623
f 3677//3677 3623//3623 3678//3678
f 3678//3678 3623//3623 3621//3621
f 3678//3678 3621//3621 3679//3679
f 3679//3679 3621//3621 3620//3620
f 3679//3679 3620//3620 3680//3680
f 3434//3434 3433//3433 3627//3627
f 3627//3627 3433//3433 3431//3431
f 3627//3627 3431//3431 3633//3633
f 3633//3633 3431//3431 3429//3429
f 3633//3633 3429//3429 3428//3428
f 3678//3678 3596//3596 3677//3677
f 3677//3677 3596//3596 3598//3598
f 3677//3677 3598//3598 3676//3676
f 3676//3676 3598//3598 3609//3609
f 3676//3676 3609//3609 3675//3675
f 3675//3675 3609//3609 3611//3611
f 3675//3675 3611//3611 3674//3674
f 3674//3674 3611//3611 3634//3634
f 3674//3674 3634//3634 3672//3672
f 3672//3672 3634//3634 3635//3635
f 3672//3672 3635//3635 3660//3660
f 3660//3660 3635//3635 3636//3636
f 3660//3660 3636//3636 3661//3661
f 3661//3661 3636//3636 3637//3637
f 3661//3661 3637//3637 3663//3663
f 3663//3663 3637//3637 3638//3638
f 3663//3663 3638//3638 3665//3665
f 3665//3665 3638//3638 3639//3639
f 3665//3665 3639//3639 3647//3647
f 3647//3647 3639//3639 3592//3592
f 3647//3647 3592//3592 3649//3649
f 3649//3649 3592//3592 3591//3591
f 3681//3681 3682//3682 3683//3683
f 3684//3684 3685//3685 3686//3686
f 3687//3687 3688//3688 3689//3689
f 3690//3690 3691//3691 3692//3692
f 3693//3693 3694//3694 3695//3695
f 3696//3696 3697//3697 3698//3698
f 3699//3699 3700//3700 3701//3701
f 3702//3702 3703//3703 3699//3699
f 3703//3703 3702//3702 3704//3704
f 3704//3704 3702//3702 3705//3705
f 3704//3704 3705//3705 3706//3706
f 3696//3696 3698//3698 3707//3707
f 3708//3708 3709//3709 3710//3710
f 3710//3710 3709//3709 3711//3711
f 3710//3710 3711//3711 3712//3712
f 3713//3713 3714//3714 3710//3710
f 3710//3710 3714//3714 3715//3715
f 3710//3710 3715//3715 3708//3708
f 3697//3697 3716//3716 3698//3698
f 3698//3698 3716//3716 3717//3717
f 3698//3698 3717//3717 3693//3693
f 3716//3716 3718//3718 3717//3717
f 3717//3717 3718//3718 3719//3719
f 3717//3717 3719//3719 3720//3720
f 3721//3721 3720//3720 3722//3722
f 3722//3722 3720//3720 3719//3719
f 3722//3722 3719//3719 3705//3705
f 3705//3705 3719//3719 3718//3718
f 3705//3705 3718//3718 3706//3706
f 3701//3701 3723//3723 3724//3724
f 3724//3724 3723//3723 3725//3725
f 3724//3724 3725//3725 3726//3726
f 3726//3726 3725//3725 3727//3727
f 3728//3728 3729//3729 3730//3730
f 3730//3730 3729//3729 3731//3731
f 3730//3730 3731//3731 3732//3732
f 3732//3732 3687//3687 3730//3730
f 3730//3730 3687//3687 3689//3689
f 3730//3730 3689//3689 3728//3728
f 3728//3728 3689//3689 3686//3686
f 3728//3728 3686//3686 3733//3733
f 3733//3733 3686//3686 3685//3685
f 3682//3682 3684//3684 3683//3683
f 3683//3683 3684//3684 3686//3686
f 3683//3683 3686//3686 3734//3734
f 3734//3734 3686//3686 3689//3689
f 3734//3734 3689//3689 3735//3735
f 3735//3735 3689//3689 3688//3688
f 3735//3735 3688//3688 3736//3736
f 3735//3735 3737//3737 3734//3734
f 3734//3734 3737//3737 3738//3738
f 3734//3734 3738//3738 3683//3683
f 3683//3683 3738//3738 3739//3739
f 3683//3683 3739//3739 3681//3681
f 3681//3681 3739//3739 3740//3740
f 3690//3690 3741//3741 3742//3742
f 3742//3742 3741//3741 3743//3743
f 3742//3742 3743//3743 3744//3744
f 3690//3690 3692//3692 3741//3741
f 3741//3741 3692//3692 3745//3745
f 3741//3741 3745//3745 3743//3743
f 3699//3699 3701//3701 3702//3702
f 3702//3702 3701//3701 3724//3724
f 3702//3702 3724//3724 3705//3705
f 3705//3705 3724//3724 3726//3726
f 3705//3705 3726//3726 3722//3722
f 3722//3722 3726//3726 3746//3746
f 3722//3722 3746//3746 3721//3721
f 3721//3721 3746//3746 3747//3747
f 3721//3721 3747//3747 3748//3748
f 3748//3748 3747//3747 3749//3749
f 3748//3748 3749//3749 3750//3750
f 3750//3750 3749//3749 3751//3751
f 3750//3750 3751//3751 3745//3745
f 3745//3745 3751//3751 3752//3752
f 3745//3745 3752//3752 3743//3743
f 3753//3753 3754//3754 3736//3736
f 3736//3736 3754//3754 3755//3755
f 3736//3736 3755//3755 3735//3735
f 3735//3735 3755//3755 3756//3756
f 3735//3735 3756//3756 3737//3737
f 3693//3693 3717//3717 3694//3694
f 3694//3694 3717//3717 3720//3720
f 3694//3694 3720//3720 3695//3695
f 3695//3695 3720//3720 3721//3721
f 3695//3695 3721//3721 3757//3757
f 3757//3757 3721//3721 3748//3748
f 3757//3757 3748//3748 3758//3758
f 3758//3758 3748//3748 3750//3750
f 3758//3758 3750//3750 3759//3759
f 3759//3759 3750//3750 3745//3745
f 3759//3759 3745//3745 3760//3760
f 3760//3760 3745//3745 3692//3692
f 3760//3760 3692//3692 3761//3761
f 3761//3761 3692//3692 3691//3691
f 3761//3761 3691//3691 3762//3762
f 3763//3763 3764//3764 3765//3765
f 3766//3766 3767//3767 3768//3768
f 3768//3768 3767//3767 3769//3769
f 3768//3768 3769//3769 3770//3770
f 3766//3766 3768//3768 3771//3771
f 3771//3771 3768//3768 3763//3763
f 3771//3771 3763//3763 3772//3772
f 3772//3772 3763//3763 3765//3765
f 3772//3772 3765//3765 3773//3773
f 3769//3769 3774//3774 3770//3770
f 3770//3770 3774//3774 3775//3775
f 3770//3770 3775//3775 3776//3776
f 3776//3776 3775//3775 3777//3777
f 3776//3776 3777//3777 3778//3778
f 3777//3777 3779//3779 3778//3778
f 3778//3778 3779//3779 3780//3780
f 3778//3778 3780//3780 3781//3781
f 3781//3781 3780//3780 3782//3782
f 3781//3781 3782//3782 3783//3783
f 3783//3783 3782//3782 3784//3784
f 3783//3783 3784//3784 3785//3785
f 3785//3785 3784//3784 3786//3786
f 3785//3785 3786//3786 3713//3713
f 3713//3713 3786//3786 3787//3787
f 3713//3713 3787//3787 3714//3714
f 3731//3731 3762//3762 3732//3732
f 3732//3732 3762//3762 3691//3691
f 3732//3732 3691//3691 3687//3687
f 3687//3687 3691//3691 3690//3690
f 3687//3687 3690//3690 3688//3688
f 3688//3688 3690//3690 3742//3742
f 3688//3688 3742//3742 3736//3736
f 3736//3736 3742//3742 3744//3744
f 3736//3736 3744//3744 3753//3753
f 3753//3753 3744//3744 3743//3743
f 3753//3753 3743//3743 3788//3788
f 3788//3788 3743//3743 3752//3752
f 3788//3788 3752//3752 3789//3789
f 3789//3789 3752//3752 3751//3751
f 3789//3789 3751//3751 3790//3790
f 3790//3790 3751//3751 3749//3749
f 3790//3790 3749//3749 3791//3791
f 3791//3791 3749//3749 3747//3747
f 3791//3791 3747//3747 3792//3792
f 3792//3792 3747//3747 3746//3746
f 3792//3792 3746//3746 3793//3793
f 3793//3793 3746//3746 3726//3726
f 3793//3793 3726//3726 3794//3794
f 3794//3794 3726//3726 3727//3727
f 3712//3712 3707//3707 3710//3710
f 3710//3710 3707//3707 3698//3698
f 3710//3710 3698//3698 3713//3713
f 3713//3713 3698//3698 3693//3693
f 3713//3713 3693//3693 3785//3785
f 3785//3785 3693//3693 3695//3695
f 3785//3785 3695//3695 3783//3783
f 3783//3783 3695//3695 3757//3757
f 3783//3783 3757//3757 3781//3781
f 3781//3781 3757//3757 3758//3758
f 3781//3781 3758//3758 3778//3778
f 3778//3778 3758//3758 3759//3759
f 3778//3778 3759//3759 3776//3776
f 3776//3776 3759//3759 3760//3760
f 3776//3776 3760//3760 3770//3770
f 3770//3770 3760//3760 3761//3761
f 3770//3770 3761//3761 3768//3768
f 3768//3768 3761//3761 3762//3762
f 3768//3768 3762//3762 3763//3763
f 3763//3763 3762//3762 3731//3731
f 3763//3763 3731//3731 3764//3764
f 3764//3764 3731//3731 3729//3729
f 3795//3795 3299//3299 3796//3796
f 3796//3796 3797//3797 3795//3795
f 3795//3795 3797//3797 3798//3798
f 3795//3795 3798//3798 3799//3799
f 3799//3799 3798//3798 3800//3800
f 3799//3799 3800//3800 3801//3801
f 3801//3801 3800//3800 3802//3802
f 3801//3801 3802//3802 3803//3803
f 3804//3804 3805//3805 3806//3806
f 3460//3460 3807//3807 3808//3808
f 3808//3808 3807//3807 3809//3809
f 3771//3771 3772//3772 3810//3810
f 3810//3810 3772//3772 3773//3773
f 3769//3769 3767//3767 3811//3811
f 3811//3811 3767//3767 3766//3766
f 3811//3811 3766//3766 3771//3771
f 3775//3775 3774//3774 3812//3812
f 3813//3813 3779//3779 3814//3814
f 3784//3784 3782//3782 3813//3813
f 3813//3813 3782//3782 3780//3780
f 3813//3813 3780//3780 3779//3779
f 3815//3815 3295//3295 3280//3280
f 3815//3815 3280//3280 3715//3715
f 3715//3715 3280//3280 3816//3816
f 3715//3715 3816//3816 3708//3708
f 3299//3299 3298//3298 3796//3796
f 3796//3796 3298//3298 3297//3297
f 3796//3796 3297//3297 3815//3815
f 3815//3815 3297//3297 3296//3296
f 3815//3815 3296//3296 3295//3295
f 3817//3817 3818//3818 3819//3819
f 3820//3820 3821//3821 3822//3822
f 3822//3822 3821//3821 3823//3823
f 3822//3822 3823//3823 3824//3824
f 3824//3824 3823//3823 3825//3825
f 3824//3824 3825//3825 3826//3826
f 3826//3826 3825//3825 3827//3827
f 3826//3826 3827//3827 3828//3828
f 3817//3817 3820//3820 3818//3818
f 3818//3818 3820//3820 3822//3822
f 3818//3818 3822//3822 3829//3829
f 3829//3829 3822//3822 3824//3824
f 3829//3829 3824//3824 3830//3830
f 3830//3830 3824//3824 3826//3826
f 3830//3830 3826//3826 3831//3831
f 3831//3831 3826//3826 3828//3828
f 3831//3831 3828//3828 3832//3832
f 3819//3819 3818//3818 3833//3833
f 3833//3833 3818//3818 3829//3829
f 3833//3833 3829//3829 3834//3834
f 3834//3834 3829//3829 3830//3830
f 3834//3834 3830//3830 3835//3835
f 3835//3835 3830//3830 3831//3831
f 3835//3835 3831//3831 3836//3836
f 3836//3836 3831//3831 3832//3832
f 3836//3836 3832//3832 3837//3837
f 3838//3838 3839//3839 3840//3840
f 3840//3840 3839//3839 3841//3841
f 3840//3840 3841//3841 3842//3842
f 3842//3842 3841//3841 3843//3843
f 3842//3842 3843//3843 3844//3844
f 3844//3844 3843//3843 3845//3845
f 3844//3844 3845//3845 3846//3846
f 3847//3847 3840//3840 3848//3848
f 3848//3848 3840//3840 3842//3842
f 3848//3848 3842//3842 3849//3849
f 3849//3849 3842//3842 3844//3844
f 3849//3849 3844//3844 3850//3850
f 3850//3850 3844//3844 3846//3846
f 3850//3850 3846//3846 3851//3851
f 3815//3815 3847//3847 3796//3796
f 3796//3796 3847//3847 3848//3848
f 3796//3796 3848//3848 3797//3797
f 3797//3797 3848//3848 3849//3849
f 3797//3797 3849//3849 3798//3798
f 3798//3798 3849//3849 3850//3850
f 3798//3798 3850//3850 3800//3800
f 3800//3800 3850//3850 3851//3851
f 3800//3800 3851//3851 3802//3802
f 3852//3852 3853//3853 3854//3854
f 3855//3855 3856//3856 3853//3853
f 3856//3856 3857//3857 3853//3853
f 3853//3853 3857//3857 3858//3858
f 3853//3853 3858//3858 3854//3854
f 3853//3853 3859//3859 3855//3855
f 3855//3855 3859//3859 3810//3810
f 3855//3855 3810//3810 3860//3860
f 3860//3860 3810//3810 3773//3773
f 3861//3861 3862//3862 3863//3863
f 3863//3863 3862//3862 3864//3864
f 3864//3864 3498//3498 3865//3865
f 3498//3498 3500//3500 3865//3865
f 3865//3865 3500//3500 3502//3502
f 3865//3865 3502//3502 3866//3866
f 3866//3866 3502//3502 3504//3504
f 3866//3866 3504//3504 3867//3867
f 3868//3868 3869//3869 3870//3870
f 3870//3870 3869//3869 3871//3871
f 3870//3870 3871//3871 3872//3872
f 3872//3872 3871//3871 3852//3852
f 3872//3872 3852//3852 3873//3873
f 3873//3873 3852//3852 3854//3854
f 3774//3774 3769//3769 3812//3812
f 3812//3812 3769//3769 3811//3811
f 3812//3812 3811//3811 3874//3874
f 3874//3874 3811//3811 3875//3875
f 3874//3874 3875//3875 3876//3876
f 3876//3876 3875//3875 3877//3877
f 3876//3876 3877//3877 3878//3878
f 3878//3878 3877//3877 3879//3879
f 3878//3878 3879//3879 3880//3880
f 3880//3880 3879//3879 3881//3881
f 3880//3880 3881//3881 3882//3882
f 3882//3882 3881//3881 3883//3883
f 3882//3882 3883//3883 3884//3884
f 3771//3771 3810//3810 3811//3811
f 3811//3811 3810//3810 3859//3859
f 3811//3811 3859//3859 3875//3875
f 3875//3875 3859//3859 3853//3853
f 3875//3875 3853//3853 3877//3877
f 3877//3877 3853//3853 3852//3852
f 3877//3877 3852//3852 3879//3879
f 3879//3879 3852//3852 3871//3871
f 3879//3879 3871//3871 3881//3881
f 3881//3881 3871//3871 3869//3869
f 3881//3881 3869//3869 3883//3883
f 3868//3868 3861//3861 3869//3869
f 3869//3869 3861//3861 3863//3863
f 3869//3869 3863//3863 3883//3883
f 3883//3883 3863//3863 3885//3885
f 3883//3883 3885//3885 3884//3884
f 3884//3884 3885//3885 3886//3886
f 3884//3884 3886//3886 3887//3887
f 3887//3887 3886//3886 3888//3888
f 3887//3887 3888//3888 3889//3889
f 3867//3867 3504//3504 3890//3890
f 3890//3890 3504//3504 3520//3520
f 3890//3890 3520//3520 3891//3891
f 3864//3864 3865//3865 3863//3863
f 3863//3863 3865//3865 3866//3866
f 3863//3863 3866//3866 3885//3885
f 3885//3885 3866//3866 3867//3867
f 3885//3885 3867//3867 3886//3886
f 3886//3886 3867//3867 3890//3890
f 3886//3886 3890//3890 3888//3888
f 3888//3888 3890//3890 3891//3891
f 3888//3888 3891//3891 3889//3889
f 3892//3892 3404//3404 3893//3893
f 3893//3893 3404//3404 3403//3403
f 3893//3893 3403//3403 3894//3894
f 3894//3894 3403//3403 3463//3463
f 3894//3894 3463//3463 3895//3895
f 3895//3895 3463//3463 3462//3462
f 3895//3895 3462//3462 3808//3808
f 3808//3808 3462//3462 3461//3461
f 3808//3808 3461//3461 3460//3460
f 3896//3896 3897//3897 3892//3892
f 3892//3892 3897//3897 3522//3522
f 3892//3892 3522//3522 3404//3404
f 3805//3805 3804//3804 3898//3898
f 3898//3898 3804//3804 3899//3899
f 3898//3898 3899//3899 3900//3900
f 3900//3900 3899//3899 3901//3901
f 3900//3900 3901//3901 3902//3902
f 3902//3902 3901//3901 3903//3903
f 3902//3902 3903//3903 3904//3904
f 3904//3904 3903//3903 3905//3905
f 3904//3904 3905//3905 3906//3906
f 3906//3906 3905//3905 3907//3907
f 3906//3906 3907//3907 3896//3896
f 3896//3896 3892//3892 3906//3906
f 3906//3906 3892//3892 3893//3893
f 3906//3906 3893//3893 3904//3904
f 3904//3904 3893//3893 3894//3894
f 3904//3904 3894//3894 3902//3902
f 3902//3902 3894//3894 3895//3895
f 3902//3902 3895//3895 3900//3900
f 3900//3900 3895//3895 3808//3808
f 3900//3900 3808//3808 3898//3898
f 3898//3898 3808//3808 3809//3809
f 3898//3898 3809//3809 3805//3805
f 3908//3908 3909//3909 3910//3910
f 3910//3910 3909//3909 3911//3911
f 3910//3910 3911//3911 3912//3912
f 3912//3912 3911//3911 3913//3913
f 3912//3912 3913//3913 3914//3914
f 3914//3914 3913//3913 3915//3915
f 3914//3914 3915//3915 3916//3916
f 3916//3916 3915//3915 3917//3917
f 3916//3916 3917//3917 3918//3918
f 3918//3918 3917//3917 3919//3919
f 3918//3918 3919//3919 3920//3920
f 3920//3920 3919//3919 3921//3921
f 3920//3920 3921//3921 3922//3922
f 3922//3922 3921//3921 3814//3814
f 3922//3922 3814//3814 3777//3777
f 3777//3777 3814//3814 3779//3779
f 3923//3923 3909//3909 3924//3924
f 3924//3924 3909//3909 3908//3908
f 3924//3924 3908//3908 3925//3925
f 3926//3926 3927//3927 3819//3819
f 3819//3819 3927//3927 3928//3928
f 3819//3819 3928//3928 3817//3817
f 3923//3923 3929//3929 3909//3909
f 3909//3909 3929//3929 3930//3930
f 3909//3909 3930//3930 3911//3911
f 3911//3911 3930//3930 3931//3931
f 3911//3911 3931//3931 3913//3913
f 3913//3913 3931//3931 3932//3932
f 3913//3913 3932//3932 3915//3915
f 3915//3915 3932//3932 3933//3933
f 3915//3915 3933//3933 3917//3917
f 3917//3917 3933//3933 3934//3934
f 3917//3917 3934//3934 3919//3919
f 3919//3919 3934//3934 3935//3935
f 3919//3919 3935//3935 3921//3921
f 3921//3921 3935//3935 3936//3936
f 3921//3921 3936//3936 3814//3814
f 3814//3814 3936//3936 3937//3937
f 3814//3814 3937//3937 3813//3813
f 3845//3845 3837//3837 3846//3846
f 3846//3846 3837//3837 3832//3832
f 3846//3846 3832//3832 3851//3851
f 3851//3851 3832//3832 3828//3828
f 3851//3851 3828//3828 3802//3802
f 3802//3802 3828//3828 3827//3827
f 3802//3802 3827//3827 3803//3803
f 3803//3803 3827//3827 3825//3825
f 3803//3803 3825//3825 3938//3938
f 3938//3938 3825//3825 3823//3823
f 3938//3938 3823//3823 3806//3806
f 3806//3806 3823//3823 3821//3821
f 3806//3806 3821//3821 3804//3804
f 3804//3804 3821//3821 3820//3820
f 3804//3804 3820//3820 3899//3899
f 3899//3899 3820//3820 3817//3817
f 3899//3899 3817//3817 3901//3901
f 3901//3901 3817//3817 3928//3928
f 3901//3901 3928//3928 3903//3903
f 3903//3903 3928//3928 3927//3927
f 3903//3903 3927//3927 3905//3905
f 3905//3905 3927//3927 3926//3926
f 3905//3905 3926//3926 3907//3907
f 3777//3777 3775//3775 3922//3922
f 3922//3922 3775//3775 3812//3812
f 3922//3922 3812//3812 3920//3920
f 3920//3920 3812//3812 3874//3874
f 3920//3920 3874//3874 3918//3918
f 3918//3918 3874//3874 3876//3876
f 3918//3918 3876//3876 3916//3916
f 3916//3916 3876//3876 3878//3878
f 3916//3916 3878//3878 3914//3914
f 3914//3914 3878//3878 3880//3880
f 3914//3914 3880//3880 3912//3912
f 3912//3912 3880//3880 3882//3882
f 3912//3912 3882//3882 3910//3910
f 3910//3910 3882//3882 3884//3884
f 3910//3910 3884//3884 3908//3908
f 3908//3908 3884//3884 3887//3887
f 3908//3908 3887//3887 3925//3925
f 3925//3925 3887//3887 3889//3889
f 3715//3715 3714//3714 3815//3815
f 3815//3815 3714//3714 3787//3787
f 3815//3815 3787//3787 3847//3847
f 3847//3847 3787//3787 3786//3786
f 3847//3847 3786//3786 3840//3840
f 3840//3840 3786//3786 3784//3784
f 3840//3840 3784//3784 3838//3838
f 3838//3838 3784//3784 3813//3813
f 3838//3838 3813//3813 3839//3839
f 3839//3839 3813//3813 3937//3937
f 3839//3839 3937//3937 3841//3841
f 3841//3841 3937//3937 3936//3936
f 3841//3841 3936//3936 3843//3843
f 3843//3843 3936//3936 3935//3935
f 3843//3843 3935//3935 3845//3845
f 3845//3845 3935//3935 3934//3934
f 3845//3845 3934//3934 3837//3837
f 3837//3837 3934//3934 3933//3933
f 3837//3837 3933//3933 3836//3836
f 3836//3836 3933//3933 3932//3932
f 3836//3836 3932//3932 3835//3835
f 3835//3835 3932//3932 3931//3931
f 3835//3835 3931//3931 3834//3834
f 3834//3834 3931//3931 3930//3930
f 3834//3834 3930//3930 3833//3833
f 3833//3833 3930//3930 3929//3929
f 3833//3833 3929//3929 3819//3819
f 3819//3819 3929//3929 3923//3923
f 3819//3819 3923//3923 3926//3926
f 3926//3926 3923//3923 3924//3924
f 3926//3926 3924//3924 3907//3907
f 3907//3907 3924//3924 3925//3925
f 3907//3907 3925//3925 3896//3896
f 3896//3896 3925//3925 3889//3889
f 3896//3896 3889//3889 3897//3897
f 3897//3897 3889//3889 3891//3891
f 3897//3897 3891//3891 3522//3522
f 3522//3522 3891//3891 3520//3520
f 3939//3939 3265//3265 3264//3264
f 3939//3939 3264//3264 3940//3940
f 3940//3940 3264//3264 3269//3269
f 3940//3940 3269//3269 3941//3941
f 2671//2671 3942//3942 2666//2666
f 2666//2666 3942//3942 3943//3943
f 2666//2666 3943//3943 3944//3944
f 3941//3941 3269//3269 3945//3945
f 3945//3945 3269//3269 3268//3268
f 3945//3945 3268//3268 3946//3946
f 3946//3946 3268//3268 3267//3267
f 3946//3946 3267//3267 3944//3944
f 3944//3944 3267//3267 3947//3947
f 3944//3944 3947//3947 2666//2666
f 2648//2648 2658//2658 3948//3948
f 3948//3948 2658//2658 2665//2665
f 3948//3948 2665//2665 2664//2664
f 2664//2664 2661//2661 3948//3948
f 3948//3948 2661//2661 2672//2672
f 3948//3948 2672//2672 2673//2673
f 3948//3948 3261//3261 3116//3116
f 2648//2648 3948//3948 2653//2653
f 2653//2653 3948//3948 3116//3116
f 2653//2653 3116//3116 2654//2654
f 2673//2673 2675//2675 2710//2710
f 2673//2673 2710//2710 3948//3948
f 2710//2710 2711//2711 3948//3948
f 3948//3948 2711//2711 2716//2716
f 3948//3948 2716//2716 3261//3261
f 2716//2716 2715//2715 3261//3261
f 3261//3261 2715//2715 2714//2714
f 3261//3261 2714//2714 3260//3260
f 2719//2719 2721//2721 3260//3260
f 3259//3259 3260//3260 3949//3949
f 3949//3949 3260//3260 2721//2721
f 3949//3949 2721//2721 2720//2720
f 2712//2712 3260//3260 2713//2713
f 2713//2713 3260//3260 2714//2714
f 2712//2712 2717//2717 3260//3260
f 3260//3260 2717//2717 2718//2718
f 3260//3260 2718//2718 2719//2719
f 2722//2722 2736//2736 2735//2735
f 2750//2750 3259//3259 3949//3949
f 2734//2734 2750//2750 2735//2735
f 2735//2735 2750//2750 3949//3949
f 2735//2735 3949//3949 2722//2722
f 2722//2722 3949//3949 2720//2720
f 2776//2776 3950//3950 2698//2698
f 2698//2698 3950//3950 3951//3951
f 2698//2698 3951//3951 2696//2696
f 2696//2696 3951//3951 3952//3952
f 2696//2696 3952//3952 2694//2694
f 2694//2694 3952//3952 2679//2679
f 2679//2679 3952//3952 2329//2329
f 2679//2679 2329//2329 2331//2331
f 3947//3947 3267//3267 3266//3266
f 3947//3947 3266//3266 3953//3953
f 3266//3266 2343//2343 3950//3950
f 3951//3951 3950//3950 3952//3952
f 3952//3952 3950//3950 2343//2343
f 3952//3952 2343//2343 2329//2329
f 3954//3954 3953//3953 3955//3955
f 3955//3955 3953//3953 3266//3266
f 3955//3955 3266//3266 3956//3956
f 3956//3956 3266//3266 3950//3950
f 3265//3265 3939//3939 3263//3263
f 3957//3957 3958//3958 3959//3959
f 3960//3960 3961//3961 3962//3962
f 3962//3962 3961//3961 3963//3963
f 3962//3962 3963//3963 3964//3964
f 3964//3964 3963//3963 3965//3965
f 3964//3964 3965//3965 3966//3966
f 3966//3966 3965//3965 3967//3967
f 3966//3966 3967//3967 3968//3968
f 3968//3968 3967//3967 3969//3969
f 3969//3969 3970//3970 3971//3971
f 3971//3971 3970//3970 3972//3972
f 3971//3971 3972//3972 3973//3973
f 3973//3973 3972//3972 3974//3974
f 3974//3974 3975//3975 3976//3976
f 3976//3976 3975//3975 3977//3977
f 3976//3976 3977//3977 3978//3978
f 3978//3978 3977//3977 3979//3979
f 3979//3979 3980//3980 3981//3981
f 3981//3981 3980//3980 3982//3982
f 3981//3981 3982//3982 3983//3983
f 3957//3957 3959//3959 3984//3984
f 3982//3982 3985//3985 3983//3983
f 3983//3983 3985//3985 3986//3986
f 3983//3983 3986//3986 3987//3987
f 3987//3987 3986//3986 3984//3984
f 3987//3987 3984//3984 3988//3988
f 3988//3988 3984//3984 3959//3959
f 3989//3989 3990//3990 3991//3991
f 3958//3958 3992//3992 3993//3993
f 3993//3993 3992//3992 3994//3994
f 3993//3993 3994//3994 3995//3995
f 3960//3960 3996//3996 3992//3992
f 3992//3992 3996//3996 3997//3997
f 3992//3992 3997//3997 3994//3994
f 3995//3995 3994//3994 3990//3990
f 3990//3990 3994//3994 3998//3998
f 3990//3990 3998//3998 3991//3991
f 3999//3999 4000//4000 3991//3991
f 3991//3991 4000//4000 4001//4001
f 3991//3991 4001//4001 3989//3989
f 4000//4000 3999//3999 4002//4002
f 4000//4000 4002//4002 4003//4003
f 4003//4003 4002//4002 4004//4004
f 4003//4003 4004//4004 4005//4005
f 4005//4005 4006//4006 4003//4003
f 4003//4003 4006//4006 4007//4007
f 4003//4003 4007//4007 4008//4008
f 4008//4008 4007//4007 4009//4009
f 3299//3299 3795//3795 3300//3300
f 3300//3300 3795//3795 3304//3304
f 4010//4010 4011//4011 4012//4012
f 4013//4013 4014//4014 4015//4015
f 4016//4016 4017//4017 4018//4018
f 4018//4018 4017//4017 4019//4019
f 4018//4018 4019//4019 3304//3304
f 3304//3304 4019//4019 3309//3309
f 4015//4015 4020//4020 4013//4013
f 4013//4013 4020//4020 4021//4021
f 4013//4013 4021//4021 4016//4016
f 4016//4016 4021//4021 4022//4022
f 4016//4016 4022//4022 4017//4017
f 4023//4023 4024//4024 4025//4025
f 4025//4025 4024//4024 4026//4026
f 4025//4025 4026//4026 4014//4014
f 4014//4014 4026//4026 4027//4027
f 4014//4014 4027//4027 4015//4015
f 4012//4012 4028//4028 4010//4010
f 4010//4010 4028//4028 4029//4029
f 4010//4010 4029//4029 4030//4030
f 4030//4030 4029//4029 4031//4031
f 4030//4030 4031//4031 4023//4023
f 4023//4023 4031//4031 4032//4032
f 4023//4023 4032//4032 4024//4024
f 3460//3460 4011//4011 3807//3807
f 3807//3807 4011//4011 4010//4010
f 3807//3807 4010//4010 3809//3809
f 3809//3809 4010//4010 4030//4030
f 3809//3809 4030//4030 3805//3805
f 3805//3805 4030//4030 4023//4023
f 3805//3805 4023//4023 3806//3806
f 3806//3806 4023//4023 4025//4025
f 3806//3806 4025//4025 3938//3938
f 3938//3938 4025//4025 4014//4014
f 3938//3938 4014//4014 3803//3803
f 3803//3803 4014//4014 4013//4013
f 3803//3803 4013//4013 3801//3801
f 3801//3801 4013//4013 4016//4016
f 3801//3801 4016//4016 3799//3799
f 3799//3799 4016//4016 4018//4018
f 3799//3799 4018//4018 3795//3795
f 3795//3795 4018//4018 3304//3304
f 3359//3359 3309//3309 4019//4019
f 3332//3332 3330//3330 4033//4033
f 4033//4033 3330//3330 3328//3328
f 4033//4033 3328//3328 4034//4034
f 4034//4034 3328//3328 3327//3327
f 4034//4034 3327//3327 4035//4035
f 3339//3339 4036//4036 3337//3337
f 3337//3337 4036//4036 4037//4037
f 3337//3337 4037//4037 3335//3335
f 3335//3335 4037//4037 4038//4038
f 3335//3335 4038//4038 3333//3333
f 3333//3333 4038//4038 4039//4039
f 3333//3333 4039//4039 3327//3327
f 3327//3327 4039//4039 4040//4040
f 3327//3327 4040//4040 4035//4035
f 3341//3341 4041//4041 3339//3339
f 3339//3339 4041//4041 4042//4042
f 3339//3339 4042//4042 4036//4036
f 3351//3351 4043//4043 3352//3352
f 3352//3352 4043//4043 4044//4044
f 3352//3352 4044//4044 3341//3341
f 3341//3341 4044//4044 4045//4045
f 3341//3341 4045//4045 4041//4041
f 3349//3349 4028//4028 3351//3351
f 3351//3351 4028//4028 4012//4012
f 3351//3351 4012//4012 4043//4043
f 3345//3345 4032//4032 3347//3347
f 3347//3347 4032//4032 4031//4031
f 3347//3347 4031//4031 3349//3349
f 3349//3349 4031//4031 4029//4029
f 3349//3349 4029//4029 4028//4028
f 3353//3353 4015//4015 3342//3342
f 3342//3342 4015//4015 4027//4027
f 3342//3342 4027//4027 3343//3343
f 3343//3343 4027//4027 4026//4026
f 3343//3343 4026//4026 3345//3345
f 3345//3345 4026//4026 4024//4024
f 3345//3345 4024//4024 4032//4032
f 4017//4017 4022//4022 3355//3355
f 3355//3355 4022//4022 4021//4021
f 3355//3355 4021//4021 3353//3353
f 3353//3353 4021//4021 4020//4020
f 3353//3353 4020//4020 4015//4015
f 4017//4017 3355//3355 4019//4019
f 4019//4019 3355//3355 3357//3357
f 4019//4019 3357//3357 3359//3359
f 4046//4046 4047//4047 4039//4039
f 3375//3375 3332//3332 4048//4048
f 4048//4048 3332//3332 4033//4033
f 4048//4048 4033//4033 4049//4049
f 4050//4050 4043//4043 4011//4011
f 4011//4011 4043//4043 4012//4012
f 4051//4051 4041//4041 4052//4052
f 4052//4052 4041//4041 4045//4045
f 4052//4052 4045//4045 4050//4050
f 4050//4050 4045//4045 4044//4044
f 4050//4050 4044//4044 4043//4043
f 4039//4039 4038//4038 4046//4046
f 4046//4046 4038//4038 4037//4037
f 4046//4046 4037//4037 4053//4053
f 4053//4053 4037//4037 4036//4036
f 4053//4053 4036//4036 4051//4051
f 4051//4051 4036//4036 4042//4042
f 4051//4051 4042//4042 4041//4041
f 4033//4033 4034//4034 4049//4049
f 4049//4049 4034//4034 4035//4035
f 4049//4049 4035//4035 4047//4047
f 4047//4047 4035//4035 4040//4040
f 4047//4047 4040//4040 4039//4039
f 3419//3419 3375//3375 3420//3420
f 3420//3420 3375//3375 4048//4048
f 3420//3420 4048//4048 3416//3416
f 3416//3416 4048//4048 4049//4049
f 3416//3416 4049//4049 3417//3417
f 3417//3417 4049//4049 4047//4047
f 3417//3417 4047//4047 3583//3583
f 3583//3583 4047//4047 4046//4046
f 3583//3583 4046//4046 3576//3576
f 3576//3576 4046//4046 4053//4053
f 3576//3576 4053//4053 3412//3412
f 3412//3412 4053//4053 4051//4051
f 3412//3412 4051//4051 3410//3410
f 3410//3410 4051//4051 4052//4052
f 3410//3410 4052//4052 3411//3411
f 3411//3411 4052//4052 4050//4050
f 3411//3411 4050//4050 3460//3460
f 3460//3460 4050//4050 4011//4011
f 3375//3375 3419//3419 3380//3380
f 3380//3380 3419//3419 3381//3381
f 4054//4054 3468//3468 3470//3470
f 4055//4055 4056//4056 4057//4057
f 4058//4058 4059//4059 4060//4060
f 3468//3468 4054//4054 3464//3464
f 3465//3465 3464//3464 4061//4061
f 4061//4061 3464//3464 4054//4054
f 4061//4061 4054//4054 4062//4062
f 4062//4062 4054//4054 4063//4063
f 3862//3862 3861//3861 4064//4064
f 4065//4065 4064//4064 4066//4066
f 4066//4066 4064//4064 4060//4060
f 4066//4066 4060//4060 4067//4067
f 4067//4067 4060//4060 4059//4059
f 4068//4068 4069//4069 4070//4070
f 4070//4070 4069//4069 4071//4071
f 4070//4070 4071//4071 4057//4057
f 4067//4067 4072//4072 4066//4066
f 4066//4066 4072//4072 4073//4073
f 4066//4066 4073//4073 4074//4074
f 4074//4074 4073//4073 4075//4075
f 4074//4074 4075//4075 4076//4076
f 3498//3498 3864//3864 3499//3499
f 3499//3499 3864//3864 4077//4077
f 4068//4068 4063//4063 4069//4069
f 4069//4069 4063//4063 4054//4054
f 4069//4069 4054//4054 4078//4078
f 4078//4078 4054//4054 3470//3470
f 4078//4078 3470//3470 4077//4077
f 4077//4077 3470//3470 3496//3496
f 4077//4077 3496//3496 3499//3499
f 3873//3873 4058//4058 3872//3872
f 3872//3872 4058//4058 4060//4060
f 3872//3872 4060//4060 3870//3870
f 3870//3870 4060//4060 4064//4064
f 3870//3870 4064//4064 3868//3868
f 3868//3868 4064//4064 3861//3861
f 4075//4075 4055//4055 4076//4076
f 4076//4076 4055//4055 4057//4057
f 4076//4076 4057//4057 4074//4074
f 4074//4074 4057//4057 4071//4071
f 4074//4074 4071//4071 4066//4066
f 4066//4066 4071//4071 4069//4069
f 4066//4066 4069//4069 4065//4065
f 4065//4065 4069//4069 4078//4078
f 4065//4065 4078//4078 4064//4064
f 4064//4064 4078//4078 4077//4077
f 4064//4064 4077//4077 3862//3862
f 3862//3862 4077//4077 3864//3864
f 4079//4079 4080//4080 4081//4081
f 4082//4082 4081//4081 4083//4083
f 4084//4084 4085//4085 4086//4086
f 3648//3648 4087//4087 3646//3646
f 3646//3646 4087//4087 4088//4088
f 3646//3646 4088//4088 3644//3644
f 4089//4089 4090//4090 4091//4091
f 4091//4091 4090//4090 4092//4092
f 4091//4091 4092//4092 4093//4093
f 4093//4093 4092//4092 4094//4094
f 4093//4093 4094//4094 4095//4095
f 4095//4095 4094//4094 4096//4096
f 4097//4097 4098//4098 4099//4099
f 4099//4099 4098//4098 4100//4100
f 4101//4101 4102//4102 4084//4084
f 4098//4098 4103//4103 4100//4100
f 4100//4100 4103//4103 4104//4104
f 4100//4100 4104//4104 4105//4105
f 4105//4105 4104//4104 4106//4106
f 4105//4105 4106//4106 4107//4107
f 4108//4108 4109//4109 4110//4110
f 4110//4110 4109//4109 4111//4111
f 4110//4110 4111//4111 4112//4112
f 4113//4113 4111//4111 4114//4114
f 4114//4114 4111//4111 4109//4109
f 4114//4114 4109//4109 4079//4079
f 4079//4079 4109//4109 4108//4108
f 4079//4079 4108//4108 4080//4080
f 4081//4081 4082//4082 4079//4079
f 4079//4079 4082//4082 4115//4115
f 4079//4079 4115//4115 4114//4114
f 4114//4114 4115//4115 4116//4116
f 4114//4114 4116//4116 4113//4113
f 4084//4084 4086//4086 4101//4101
f 4101//4101 4086//4086 4113//4113
f 4101//4101 4113//4113 4117//4117
f 4117//4117 4113//4113 4116//4116
f 4117//4117 4116//4116 4118//4118
f 4118//4118 4116//4116 4115//4115
f 4118//4118 4115//4115 4119//4119
f 4119//4119 4115//4115 4082//4082
f 4119//4119 4082//4082 4120//4120
f 4120//4120 4082//4082 4083//4083
f 4120//4120 4083//4083 4121//4121
f 4121//4121 4083//4083 4122//4122
f 4121//4121 4122//4122 4123//4123
f 3643//3643 3641//3641 4124//4124
f 4124//4124 3641//3641 4125//4125
f 4124//4124 4125//4125 4126//4126
f 4126//4126 4125//4125 4127//4127
f 4122//4122 4126//4126 4123//4123
f 4123//4123 4126//4126 4127//4127
f 4123//4123 4127//4127 4121//4121
f 4121//4121 4127//4127 4107//4107
f 4121//4121 4107//4107 4120//4120
f 4120//4120 4107//4107 4106//4106
f 4120//4120 4106//4106 4119//4119
f 4119//4119 4106//4106 4104//4104
f 4119//4119 4104//4104 4118//4118
f 4118//4118 4104//4104 4103//4103
f 4118//4118 4103//4103 4117//4117
f 4117//4117 4103//4103 4098//4098
f 4117//4117 4098//4098 4101//4101
f 4101//4101 4098//4098 4097//4097
f 4101//4101 4097//4097 4102//4102
f 4128//4128 4056//4056 4129//4129
f 4130//4130 4089//4089 4131//4131
f 4131//4131 4089//4089 4091//4091
f 4131//4131 4091//4091 4132//4132
f 4132//4132 4091//4091 4093//4093
f 4132//4132 4093//4093 4088//4088
f 4088//4088 4093//4093 4095//4095
f 4088//4088 4095//4095 3644//3644
f 3644//3644 4095//4095 4096//4096
f 3644//3644 4096//4096 3640//3640
f 3641//3641 3640//3640 4125//4125
f 4125//4125 3640//3640 4096//4096
f 4125//4125 4096//4096 4127//4127
f 4127//4127 4096//4096 4094//4094
f 4127//4127 4094//4094 4107//4107
f 4107//4107 4094//4094 4092//4092
f 4107//4107 4092//4092 4105//4105
f 4105//4105 4092//4092 4090//4090
f 4105//4105 4090//4090 4100//4100
f 4100//4100 4090//4090 4089//4089
f 4100//4100 4089//4089 4099//4099
f 4099//4099 4089//4089 4130//4130
f 4099//4099 4130//4130 4097//4097
f 4097//4097 4130//4130 4133//4133
f 4097//4097 4133//4133 4102//4102
f 4102//4102 4133//4133 4128//4128
f 4102//4102 4128//4128 4084//4084
f 4084//4084 4128//4128 4129//4129
f 4084//4084 4129//4129 4085//4085
f 4134//4134 4135//4135 4136//4136
f 4137//4137 4112//4112 4111//4111
f 3681//3681 3740//3740 4138//4138
f 4139//4139 4140//4140 4141//4141
f 3685//3685 3684//3684 4142//4142
f 4143//4143 4144//4144 4145//4145
f 4129//4129 4056//4056 4146//4146
f 4147//4147 4113//4113 4143//4143
f 4143//4143 4113//4113 4086//4086
f 4086//4086 4085//4085 4143//4143
f 4143//4143 4085//4085 4148//4148
f 4143//4143 4148//4148 4144//4144
f 4147//4147 4143//4143 4149//4149
f 4149//4149 4143//4143 4145//4145
f 4149//4149 4145//4145 4150//4150
f 4150//4150 4145//4145 4151//4151
f 4150//4150 4151//4151 4152//4152
f 4153//4153 4154//4154 4155//4155
f 4155//4155 4154//4154 4156//4156
f 4155//4155 4156//4156 4157//4157
f 4157//4157 4156//4156 4158//4158
f 4157//4157 4158//4158 3733//3733
f 3733//3733 3685//3685 4157//4157
f 4157//4157 3685//3685 4142//4142
f 4157//4157 4142//4142 4155//4155
f 4155//4155 4142//4142 4159//4159
f 4155//4155 4159//4159 4153//4153
f 4153//4153 4159//4159 4160//4160
f 3682//3682 3681//3681 4161//4161
f 4161//4161 3681//3681 4138//4138
f 4161//4161 4138//4138 4141//4141
f 4141//4141 4138//4138 4162//4162
f 4141//4141 4162//4162 4139//4139
f 4139//4139 4162//4162 4163//4163
f 4139//4139 4163//4163 4164//4164
f 4140//4140 4139//4139 4165//4165
f 4165//4165 4139//4139 4164//4164
f 4165//4165 4164//4164 4166//4166
f 4166//4166 4164//4164 4167//4167
f 4166//4166 4167//4167 4168//4168
f 4168//4168 4167//4167 4169//4169
f 4168//4168 4169//4169 4170//4170
f 4170//4170 4171//4171 4168//4168
f 4168//4168 4171//4171 4172//4172
f 4168//4168 4172//4172 4166//4166
f 4166//4166 4172//4172 4173//4173
f 4166//4166 4173//4173 4165//4165
f 4165//4165 4173//4173 4174//4174
f 4165//4165 4174//4174 4140//4140
f 4085//4085 4129//4129 4148//4148
f 4148//4148 4129//4129 4146//4146
f 4148//4148 4146//4146 4144//4144
f 4144//4144 4146//4146 4175//4175
f 4144//4144 4175//4175 4145//4145
f 4145//4145 4175//4175 4134//4134
f 4145//4145 4134//4134 4151//4151
f 4151//4151 4134//4134 4136//4136
f 4151//4151 4136//4136 4152//4152
f 3684//3684 3682//3682 4142//4142
f 4142//4142 3682//3682 4161//4161
f 4142//4142 4161//4161 4159//4159
f 4159//4159 4161//4161 4141//4141
f 4159//4159 4141//4141 4160//4160
f 4160//4160 4141//4141 4140//4140
f 4160//4160 4140//4140 4176//4176
f 4176//4176 4140//4140 4174//4174
f 4176//4176 4174//4174 4177//4177
f 4177//4177 4174//4174 4173//4173
f 4177//4177 4173//4173 4178//4178
f 4178//4178 4173//4173 4172//4172
f 4178//4178 4172//4172 4179//4179
f 4179//4179 4172//4172 4171//4171
f 4169//4169 4137//4137 4170//4170
f 4170//4170 4137//4137 4111//4111
f 4170//4170 4111//4111 4171//4171
f 4171//4171 4111//4111 4113//4113
f 4171//4171 4113//4113 4179//4179
f 4179//4179 4113//4113 4147//4147
f 4179//4179 4147//4147 4178//4178
f 4178//4178 4147//4147 4149//4149
f 4178//4178 4149//4149 4177//4177
f 4177//4177 4149//4149 4150//4150
f 4177//4177 4150//4150 4176//4176
f 4176//4176 4150//4150 4152//4152
f 4176//4176 4152//4152 4160//4160
f 4160//4160 4152//4152 4136//4136
f 4160//4160 4136//4136 4153//4153
f 4153//4153 4136//4136 4135//4135
f 4153//4153 4135//4135 4154//4154
f 4180//4180 4181//4181 4182//4182
f 4183//4183 4184//4184 4185//4185
f 4181//4181 4180//4180 4185//4185
f 4185//4185 4180//4180 4186//4186
f 4185//4185 4186//4186 4183//4183
f 4185//4185 4187//4187 4181//4181
f 4181//4181 4187//4187 4188//4188
f 4181//4181 4188//4188 4182//4182
f 4182//4182 4188//4188 4189//4189
f 4182//4182 4189//4189 4190//4190
f 4190//4190 4189//4189 4191//4191
f 4192//4192 4193//4193 4194//4194
f 4194//4194 4193//4193 4195//4195
f 4194//4194 4195//4195 4196//4196
f 4196//4196 4195//4195 4197//4197
f 4196//4196 4197//4197 4198//4198
f 4198//4198 4197//4197 4199//4199
f 4198//4198 4199//4199 4200//4200
f 4200//4200 4199//4199 4201//4201
f 4200//4200 4201//4201 4202//4202
f 4202//4202 4201//4201 4203//4203
f 4202//4202 4203//4203 4204//4204
f 4204//4204 4203//4203 4205//4205
f 4204//4204 4205//4205 4206//4206
f 4206//4206 4205//4205 4207//4207
f 4206//4206 4207//4207 4208//4208
f 4208//4208 4207//4207 4209//4209
f 4208//4208 4209//4209 4210//4210
f 4210//4210 4209//4209 4211//4211
f 4210//4210 4211//4211 4212//4212
f 4212//4212 4211//4211 4213//4213
f 4214//4214 4215//4215 4216//4216
f 4216//4216 4215//4215 4217//4217
f 4216//4216 4217//4217 4213//4213
f 4213//4213 4217//4217 4218//4218
f 4213//4213 4218//4218 4212//4212
f 4219//4219 4220//4220 4214//4214
f 4214//4214 4220//4220 4221//4221
f 4214//4214 4221//4221 4215//4215
f 4219//4219 4222//4222 4220//4220
f 4220//4220 4222//4222 4223//4223
f 4220//4220 4223//4223 4224//4224
f 4224//4224 4223//4223 4225//4225
f 4224//4224 4225//4225 4191//4191
f 4187//4187 4226//4226 4188//4188
f 4188//4188 4226//4226 4224//4224
f 4188//4188 4224//4224 4189//4189
f 4189//4189 4224//4224 4191//4191
f 2753//2753 4227//4227 4228//4228
f 4228//4228 4227//4227 2973//2973
f 4229//4229 3011//3011 2960//2960
f 2961//2961 4230//4230 4231//4231
f 2961//2961 4231//4231 2957//2957
f 2957//2957 4231//4231 4232//4232
f 2957//2957 4232//4232 2958//2958
f 2958//2958 4232//4232 4233//4233
f 2958//2958 4233//4233 2960//2960
f 2960//2960 4233//4233 4229//4229
f 4229//4229 4233//4233 4234//4234
f 4229//4229 4234//4234 4235//4235
f 4235//4235 4234//4234 4236//4236
f 4235//4235 4236//4236 4237//4237
f 4237//4237 4236//4236 4238//4238
f 4237//4237 4238//4238 4239//4239
f 4240//4240 4241//4241 4239//4239
f 4242//4242 4243//4243 4240//4240
f 4240//4240 4243//4243 4244//4244
f 4240//4240 4244//4244 4241//4241
f 4239//4239 4238//4238 4240//4240
f 4240//4240 4238//4238 4245//4245
f 4240//4240 4245//4245 4246//4246
f 4246//4246 4247//4247 4240//4240
f 4240//4240 4247//4247 4248//4248
f 4240//4240 4248//4248 4242//4242
f 2759//2759 2761//2761 2967//2967
f 2967//2967 2761//2761 4249//4249
f 2967//2967 4249//4249 2965//2965
f 2965//2965 4249//4249 4230//4230
f 2965//2965 4230//4230 2963//2963
f 2963//2963 4230//4230 2961//2961
f 2969//2969 2973//2973 2755//2755
f 2755//2755 2973//2973 4227//4227
f 2755//2755 4227//4227 2753//2753
f 2966//2966 2757//2757 2967//2967
f 2967//2967 2757//2757 2756//2756
f 2967//2967 2756//2756 2759//2759
f 2755//2755 2758//2758 2969//2969
f 2969//2969 2758//2758 2757//2757
f 2969//2969 2757//2757 2968//2968
f 2968//2968 2757//2757 2966//2966
f 3011//3011 4229//4229 3010//3010
f 3010//3010 4229//4229 4235//4235
f 3010//3010 4235//4235 2953//2953
f 2953//2953 4235//4235 2954//2954
f 2954//2954 4235//4235 4237//4237
f 2954//2954 4237//4237 2938//2938
f 2938//2938 4237//4237 4239//4239
f 2938//2938 4239//4239 2951//2951
f 2903//2903 2890//2890 4250//4250
f 4250//4250 2890//2890 2889//2889
f 4250//4250 2889//2889 4251//4251
f 4251//4251 2889//2889 2951//2951
f 4251//4251 2951//2951 4252//4252
f 4252//4252 2951//2951 4239//4239
f 700//700 705//705 4253//4253
f 705//705 2899//2899 4253//4253
f 4253//4253 2899//2899 2901//2901
f 4253//4253 2901//2901 4254//4254
f 2901//2901 2902//2902 4254//4254
f 4254//4254 2902//2902 2883//2883
f 4254//4254 2883//2883 4250//4250
f 4250//4250 2883//2883 2882//2882
f 4250//4250 2882//2882 2903//2903
f 700//700 4253//4253 4255//4255
f 4255//4255 4253//4253 4256//4256
f 4255//4255 4256//4256 4257//4257
f 4256//4256 4258//4258 4257//4257
f 4257//4257 4258//4258 4259//4259
f 4257//4257 4259//4259 4260//4260
f 4260//4260 4259//4259 4261//4261
f 4260//4260 4261//4261 4262//4262
f 4262//4262 4261//4261 4263//4263
f 4262//4262 4263//4263 4264//4264
f 4264//4264 4263//4263 4265//4265
f 4264//4264 4265//4265 4266//4266
f 4266//4266 4265//4265 4267//4267
f 4266//4266 4267//4267 4268//4268
f 4267//4267 4269//4269 4268//4268
f 4268//4268 4269//4269 4270//4270
f 4268//4268 4270//4270 4271//4271
f 4271//4271 4270//4270 4272//4272
f 4271//4271 4272//4272 4273//4273
f 4273//4273 4272//4272 4274//4274
f 4274//4274 4272//4272 4275//4275
f 4275//4275 4272//4272 4276//4276
f 4275//4275 4276//4276 4277//4277
f 4277//4277 4276//4276 4278//4278
f 4277//4277 4278//4278 4279//4279
f 4226//4226 4187//4187 4280//4280
f 4280//4280 4187//4187 4279//4279
f 4280//4280 4279//4279 4281//4281
f 4281//4281 4279//4279 4278//4278
f 4282//4282 4283//4283 4284//4284
f 4284//4284 4283//4283 4185//4185
f 4284//4284 4185//4185 4285//4285
f 4285//4285 4185//4185 4184//4184
f 4187//4187 4185//4185 4279//4279
f 4279//4279 4185//4185 4283//4283
f 4279//4279 4283//4283 4277//4277
f 4277//4277 4283//4283 4286//4286
f 4271//4271 4273//4273 4287//4287
f 4287//4287 4273//4273 4274//4274
f 4287//4287 4274//4274 4286//4286
f 4286//4286 4274//4274 4275//4275
f 4286//4286 4275//4275 4277//4277
f 4288//4288 4266//4266 4268//4268
f 4282//4282 4289//4289 4283//4283
f 4283//4283 4289//4289 4290//4290
f 4283//4283 4290//4290 4286//4286
f 4286//4286 4290//4290 4291//4291
f 4286//4286 4291//4291 4287//4287
f 4287//4287 4291//4291 4292//4292
f 4287//4287 4292//4292 4271//4271
f 4271//4271 4292//4292 4293//4293
f 4271//4271 4293//4293 4268//4268
f 4268//4268 4293//4293 4294//4294
f 4268//4268 4294//4294 4288//4288
f 2667//2667 2666//2666 2706//2706
f 2706//2706 2666//2666 3947//3947
f 2780//2780 2784//2784 3953//3953
f 2780//2780 3953//3953 2779//2779
f 2784//2784 2782//2782 3953//3953
f 3953//3953 2782//2782 2781//2781
f 3953//3953 2781//2781 3947//3947
f 3947//3947 2781//2781 2708//2708
f 3947//3947 2708//2708 2706//2706
f 3953//3953 3954//3954 2779//2779
f 2779//2779 3954//3954 3955//3955
f 2779//2779 3955//3955 2778//2778
f 2778//2778 3955//3955 3956//3956
f 2778//2778 3956//3956 2777//2777
f 3956//3956 3950//3950 2777//2777
f 2777//2777 3950//3950 2776//2776
f 3965//3965 3963//3963 3992//3992
f 3992//3992 3963//3963 3961//3961
f 3992//3992 3961//3961 3960//3960
f 3985//3985 4295//4295 3986//3986
f 3986//3986 4295//4295 3984//3984
f 3974//3974 3972//3972 4295//4295
f 4295//4295 3972//3972 3970//3970
f 4295//4295 3970//3970 3969//3969
f 3958//3958 3957//3957 3992//3992
f 3992//3992 3957//3957 3984//3984
f 3992//3992 3984//3984 3965//3965
f 3965//3965 3984//3984 4295//4295
f 3965//3965 4295//4295 3967//3967
f 3967//3967 4295//4295 3969//3969
f 3985//3985 3982//3982 4295//4295
f 4295//4295 3982//3982 3980//3980
f 4295//4295 3980//3980 3979//3979
f 3979//3979 3977//3977 4295//4295
f 4295//4295 3977//3977 3975//3975
f 4295//4295 3975//3975 3974//3974
f 4296//4296 4297//4297 4298//4298
f 4299//4299 4300//4300 4301//4301
f 4301//4301 4300//4300 4302//4302
f 4301//4301 4302//4302 4303//4303
f 4304//4304 4305//4305 4302//4302
f 4302//4302 4305//4305 4306//4306
f 4302//4302 4306//4306 4303//4303
f 4307//4307 4308//4308 4304//4304
f 4304//4304 4308//4308 4309//4309
f 4304//4304 4309//4309 4305//4305
f 4310//4310 4311//4311 4307//4307
f 4307//4307 4311//4311 4312//4312
f 4307//4307 4312//4312 4308//4308
f 4297//4297 4313//4313 4298//4298
f 4298//4298 4313//4313 4314//4314
f 4298//4298 4314//4314 4310//4310
f 4310//4310 4314//4314 4315//4315
f 4310//4310 4315//4315 4311//4311
f 4316//4316 4317//4317 4318//4318
f 4318//4318 4317//4317 4319//4319
f 4318//4318 4319//4319 4320//4320
f 4321//4321 4322//4322 4323//4323
f 4324//4324 4325//4325 4326//4326
f 4327//4327 4328//4328 4329//4329
f 4329//4329 4328//4328 4330//4330
f 4329//4329 4330//4330 4323//4323
f 4323//4323 4330//4330 4331//4331
f 4323//4323 4331//4331 4321//4321
f 4326//4326 4332//4332 4324//4324
f 4324//4324 4332//4332 4333//4333
f 4324//4324 4333//4333 4327//4327
f 4327//4327 4333//4333 4334//4334
f 4327//4327 4334//4334 4328//4328
f 4322//4322 4317//4317 4323//4323
f 4323//4323 4317//4317 4316//4316
f 4323//4323 4316//4316 4329//4329
f 4329//4329 4316//4316 4335//4335
f 4329//4329 4335//4335 4327//4327
f 4327//4327 4335//4335 4336//4336
f 4327//4327 4336//4336 4324//4324
f 4324//4324 4336//4336 4337//4337
f 4324//4324 4337//4337 4325//4325
f 4325//4325 4337//4337 4338//4338
f 4320//4320 4339//4339 4318//4318
f 4318//4318 4339//4339 4340//4340
f 4318//4318 4340//4340 4316//4316
f 4316//4316 4340//4340 4341//4341
f 4316//4316 4341//4341 4335//4335
f 4335//4335 4341//4341 4342//4342
f 4335//4335 4342//4342 4336//4336
f 4336//4336 4342//4342 4343//4343
f 4336//4336 4343//4343 4337//4337
f 4337//4337 4343//4343 4344//4344
f 4337//4337 4344//4344 4338//4338
f 4338//4338 4344//4344 4345//4345
f 4339//4339 4296//4296 4340//4340
f 4340//4340 4296//4296 4298//4298
f 4340//4340 4298//4298 4341//4341
f 4341//4341 4298//4298 4310//4310
f 4341//4341 4310//4310 4342//4342
f 4342//4342 4310//4310 4307//4307
f 4342//4342 4307//4307 4343//4343
f 4343//4343 4307//4307 4304//4304
f 4343//4343 4304//4304 4344//4344
f 4344//4344 4304//4304 4302//4302
f 4344//4344 4302//4302 4345//4345
f 4345//4345 4302//4302 4300//4300
f 4346//4346 4347//4347 4348//4348
f 4346//4346 4348//4348 4349//4349
f 4349//4349 4348//4348 4322//4322
f 4349//4349 4322//4322 4321//4321
f 4350//4350 4319//4319 4348//4348
f 4348//4348 4319//4319 4317//4317
f 4348//4348 4317//4317 4322//4322
f 4297//4297 4296//4296 4351//4351
f 4351//4351 4296//4296 4339//4339
f 4351//4351 4339//4339 4350//4350
f 4350//4350 4339//4339 4320//4320
f 4350//4350 4320//4320 4319//4319
f 4352//4352 4353//4353 4354//4354
f 4347//4347 4355//4355 4348//4348
f 4348//4348 4355//4355 4356//4356
f 4348//4348 4356//4356 4350//4350
f 4350//4350 4356//4356 4352//4352
f 4350//4350 4352//4352 4351//4351
f 4351//4351 4352//4352 4354//4354
f 4351//4351 4354//4354 4297//4297
f 4297//4297 4354//4354 4313//4313
f 4357//4357 4353//4353 4358//4358
f 4347//4347 4346//4346 4359//4359
f 4360//4360 4361//4361 4362//4362
f 4362//4362 4361//4361 4363//4363
f 4362//4362 4363//4363 4364//4364
f 4365//4365 4366//4366 4367//4367
f 4367//4367 4366//4366 4368//4368
f 4367//4367 4368//4368 4358//4358
f 4358//4358 4368//4368 4369//4369
f 4358//4358 4369//4369 4357//4357
f 4365//4365 4367//4367 4370//4370
f 4370//4370 4367//4367 4371//4371
f 4370//4370 4371//4371 4372//4372
f 4372//4372 4371//4371 4373//4373
f 4372//4372 4373//4373 4374//4374
f 4375//4375 4376//4376 4373//4373
f 4373//4373 4376//4376 4377//4377
f 4373//4373 4377//4377 4374//4374
f 4375//4375 4373//4373 4378//4378
f 4378//4378 4373//4373 4379//4379
f 4378//4378 4379//4379 4380//4380
f 4360//4360 4362//4362 4381//4381
f 4381//4381 4362//4362 4382//4382
f 4381//4381 4382//4382 4383//4383
f 4383//4383 4382//4382 4384//4384
f 4384//4384 4382//4382 4385//4385
f 4384//4384 4385//4385 4386//4386
f 4355//4355 4347//4347 4387//4387
f 4387//4387 4347//4347 4359//4359
f 4387//4387 4359//4359 4385//4385
f 4385//4385 4359//4359 4388//4388
f 4385//4385 4388//4388 4386//4386
f 4364//4364 4389//4389 4362//4362
f 4362//4362 4389//4389 4390//4390
f 4362//4362 4390//4390 4382//4382
f 4382//4382 4390//4390 4391//4391
f 4382//4382 4391//4391 4385//4385
f 4385//4385 4391//4391 4392//4392
f 4385//4385 4392//4392 4387//4387
f 4387//4387 4392//4392 4393//4393
f 4387//4387 4393//4393 4355//4355
f 4355//4355 4393//4393 4356//4356
f 4389//4389 4394//4394 4390//4390
f 4390//4390 4394//4394 4395//4395
f 4390//4390 4395//4395 4391//4391
f 4391//4391 4395//4395 4396//4396
f 4391//4391 4396//4396 4392//4392
f 4392//4392 4396//4396 4397//4397
f 4392//4392 4397//4397 4393//4393
f 4393//4393 4397//4397 4398//4398
f 4393//4393 4398//4398 4356//4356
f 4356//4356 4398//4398 4352//4352
f 4394//4394 4379//4379 4395//4395
f 4395//4395 4379//4379 4373//4373
f 4395//4395 4373//4373 4396//4396
f 4396//4396 4373//4373 4371//4371
f 4396//4396 4371//4371 4397//4397
f 4397//4397 4371//4371 4367//4367
f 4397//4397 4367//4367 4398//4398
f 4398//4398 4367//4367 4358//4358
f 4398//4398 4358//4358 4352//4352
f 4352//4352 4358//4358 4353//4353
f 4377//4377 4376//4376 4399//4399
f 4400//4400 4365//4365 4370//4370
f 4377//4377 4399//4399 4374//4374
f 4374//4374 4399//4399 4401//4401
f 4374//4374 4401//4401 4372//4372
f 4372//4372 4401//4401 4402//4402
f 4372//4372 4402//4402 4370//4370
f 4370//4370 4402//4402 4403//4403
f 4370//4370 4403//4403 4400//4400
f 4394//4394 4404//4404 4405//4405
f 4363//4363 4361//4361 4406//4406
f 4363//4363 4407//4407 4364//4364
f 4364//4364 4407//4407 4408//4408
f 4364//4364 4408//4408 4389//4389
f 4394//4394 4405//4405 4379//4379
f 4379//4379 4405//4405 4409//4409
f 4379//4379 4409//4409 4380//4380
f 4410//4410 4409//4409 4299//4299
f 4299//4299 4409//4409 4405//4405
f 4299//4299 4405//4405 4300//4300
f 4300//4300 4405//4405 4404//4404
f 4300//4300 4404//4404 4345//4345
f 4325//4325 4338//4338 4407//4407
f 4407//4407 4338//4338 4345//4345
f 4407//4407 4345//4345 4408//4408
f 4408//4408 4345//4345 4404//4404
f 4408//4408 4404//4404 4389//4389
f 4389//4389 4404//4404 4394//4394
f 4363//4363 4406//4406 4407//4407
f 4407//4407 4406//4406 4326//4326
f 4407//4407 4326//4326 4325//4325
f 4410//4410 4299//4299 4411//4411
f 4411//4411 4299//4299 4301//4301
f 4412//4412 4413//4413 4414//4414
f 4218//4218 4217//4217 4414//4414
f 4415//4415 4416//4416 4417//4417
f 4418//4418 4416//4416 4419//4419
f 4419//4419 4416//4416 4415//4415
f 4419//4419 4415//4415 4420//4420
f 4421//4421 4422//4422 4423//4423
f 4423//4423 4422//4422 4424//4424
f 4423//4423 4424//4424 4417//4417
f 4417//4417 4424//4424 4425//4425
f 4417//4417 4425//4425 4415//4415
f 4217//4217 4215//4215 4414//4414
f 4414//4414 4215//4215 4221//4221
f 4414//4414 4221//4221 4426//4426
f 4426//4426 4221//4221 4220//4220
f 4426//4426 4220//4220 4427//4427
f 4414//4414 4413//4413 4218//4218
f 4218//4218 4413//4413 4428//4428
f 4218//4218 4428//4428 4212//4212
f 4208//4208 4429//4429 4206//4206
f 4206//4206 4429//4429 4430//4430
f 4206//4206 4430//4430 4204//4204
f 4204//4204 4430//4430 4202//4202
f 4202//4202 4430//4430 4431//4431
f 4202//4202 4431//4431 4200//4200
f 4200//4200 4431//4431 4432//4432
f 4200//4200 4432//4432 4198//4198
f 4198//4198 4432//4432 4433//4433
f 4198//4198 4433//4433 4196//4196
f 4434//4434 4435//4435 4436//4436
f 4436//4436 4435//4435 4437//4437
f 4436//4436 4437//4437 4438//4438
f 4439//4439 4440//4440 4441//4441
f 4442//4442 4443//4443 4444//4444
f 4444//4444 4443//4443 4445//4445
f 4444//4444 4445//4445 4446//4446
f 4442//4442 4444//4444 4447//4447
f 4447//4447 4444//4444 4448//4448
f 4447//4447 4448//4448 4449//4449
f 4449//4449 4448//4448 4450//4450
f 4449//4449 4450//4450 4451//4451
f 4427//4427 4452//4452 4426//4426
f 4426//4426 4452//4452 4453//4453
f 4426//4426 4453//4453 4414//4414
f 4414//4414 4453//4453 4454//4454
f 4414//4414 4454//4454 4412//4412
f 4412//4412 4454//4454 4455//4455
f 4226//4226 4421//4421 4224//4224
f 4224//4224 4421//4421 4423//4423
f 4224//4224 4423//4423 4456//4456
f 4456//4456 4423//4423 4417//4417
f 4456//4456 4417//4417 4457//4457
f 4457//4457 4417//4417 4416//4416
f 4457//4457 4416//4416 4450//4450
f 4450//4450 4416//4416 4418//4418
f 4450//4450 4418//4418 4451//4451
f 4458//4458 4459//4459 4460//4460
f 4460//4460 4459//4459 4461//4461
f 4460//4460 4461//4461 4462//4462
f 4462//4462 4461//4461 4434//4434
f 4462//4462 4434//4434 4463//4463
f 4463//4463 4434//4434 4436//4436
f 4463//4463 4436//4436 4464//4464
f 4464//4464 4436//4436 4438//4438
f 4455//4455 4465//4465 4466//4466
f 4467//4467 4458//4458 4468//4468
f 4468//4468 4458//4458 4460//4460
f 4468//4468 4460//4460 4469//4469
f 4469//4469 4460//4460 4462//4462
f 4469//4469 4462//4462 4470//4470
f 4470//4470 4462//4462 4463//4463
f 4470//4470 4463//4463 4471//4471
f 4471//4471 4463//4463 4464//4464
f 4429//4429 4467//4467 4430//4430
f 4430//4430 4467//4467 4468//4468
f 4430//4430 4468//4468 4431//4431
f 4431//4431 4468//4468 4469//4469
f 4431//4431 4469//4469 4432//4432
f 4432//4432 4469//4469 4470//4470
f 4432//4432 4470//4470 4433//4433
f 4433//4433 4470//4470 4471//4471
f 4455//4455 4466//4466 4412//4412
f 4412//4412 4466//4466 4472//4472
f 4412//4412 4472//4472 4413//4413
f 4413//4413 4472//4472 4473//4473
f 4413//4413 4473//4473 4428//4428
f 4428//4428 4473//4473 4210//4210
f 4428//4428 4210//4210 4212//4212
f 4474//4474 4475//4475 4476//4476
f 4475//4475 4474//4474 4477//4477
f 4477//4477 4474//4474 4478//4478
f 4477//4477 4478//4478 4479//4479
f 4479//4479 4478//4478 4480//4480
f 4479//4479 4480//4480 4481//4481
f 4445//4445 4482//4482 4446//4446
f 4446//4446 4482//4482 4483//4483
f 4446//4446 4483//4483 4484//4484
f 4484//4484 4483//4483 4481//4481
f 4484//4484 4481//4481 4485//4485
f 4485//4485 4481//4481 4480//4480
f 4485//4485 4480//4480 4486//4486
f 4486//4486 4480//4480 4478//4478
f 4486//4486 4478//4478 4487//4487
f 4487//4487 4478//4478 4474//4474
f 4487//4487 4474//4474 4441//4441
f 4441//4441 4474//4474 4476//4476
f 4441//4441 4476//4476 4439//4439
f 4488//4488 4437//4437 4489//4489
f 4489//4489 4437//4437 4435//4435
f 4489//4489 4435//4435 4490//4490
f 4490//4490 4435//4435 4434//4434
f 4490//4490 4434//4434 4491//4491
f 4491//4491 4434//4434 4461//4461
f 4491//4491 4461//4461 4492//4492
f 4492//4492 4461//4461 4459//4459
f 4492//4492 4459//4459 4465//4465
f 4465//4465 4459//4459 4458//4458
f 4465//4465 4458//4458 4466//4466
f 4466//4466 4458//4458 4467//4467
f 4466//4466 4467//4467 4472//4472
f 4472//4472 4467//4467 4429//4429
f 4472//4472 4429//4429 4473//4473
f 4473//4473 4429//4429 4208//4208
f 4473//4473 4208//4208 4210//4210
f 4440//4440 4488//4488 4441//4441
f 4441//4441 4488//4488 4489//4489
f 4441//4441 4489//4489 4487//4487
f 4487//4487 4489//4489 4490//4490
f 4487//4487 4490//4490 4486//4486
f 4486//4486 4490//4490 4491//4491
f 4486//4486 4491//4491 4485//4485
f 4485//4485 4491//4491 4492//4492
f 4485//4485 4492//4492 4484//4484
f 4484//4484 4492//4492 4465//4465
f 4484//4484 4465//4465 4446//4446
f 4446//4446 4465//4465 4455//4455
f 4446//4446 4455//4455 4444//4444
f 4444//4444 4455//4455 4454//4454
f 4444//4444 4454//4454 4448//4448
f 4448//4448 4454//4454 4453//4453
f 4448//4448 4453//4453 4450//4450
f 4450//4450 4453//4453 4452//4452
f 4450//4450 4452//4452 4457//4457
f 4457//4457 4452//4452 4427//4427
f 4457//4457 4427//4427 4456//4456
f 4456//4456 4427//4427 4220//4220
f 4456//4456 4220//4220 4224//4224
f 4493//4493 4494//4494 4495//4495
f 4496//4496 4497//4497 4498//4498
f 4226//4226 4280//4280 4421//4421
f 4421//4421 4280//4280 4281//4281
f 4421//4421 4281//4281 4422//4422
f 4499//4499 4425//4425 4500//4500
f 4500//4500 4425//4425 4424//4424
f 4500//4500 4424//4424 4422//4422
f 4420//4420 4415//4415 4501//4501
f 4501//4501 4415//4415 4502//4502
f 4503//4503 4504//4504 4505//4505
f 4504//4504 4503//4503 4506//4506
f 4506//4506 4503//4503 4507//4507
f 4506//4506 4507//4507 4508//4508
f 4246//4246 4245//4245 4509//4509
f 4509//4509 4245//4245 4510//4510
f 4509//4509 4510//4510 4511//4511
f 4511//4511 4510//4510 4512//4512
f 4511//4511 4512//4512 4513//4513
f 4243//4243 4494//4494 4244//4244
f 4244//4244 4494//4494 4493//4493
f 4244//4244 4493//4493 4241//4241
f 4241//4241 4493//4493 4239//4239
f 4514//4514 4515//4515 4516//4516
f 4516//4516 4515//4515 4498//4498
f 4516//4516 4498//4498 4517//4517
f 4517//4517 4498//4498 4497//4497
f 4517//4517 4497//4497 4518//4518
f 4511//4511 4519//4519 4509//4509
f 4509//4509 4519//4519 4520//4520
f 4509//4509 4520//4520 4246//4246
f 4246//4246 4520//4520 4247//4247
f 4248//4248 4247//4247 4521//4521
f 4521//4521 4247//4247 4520//4520
f 4521//4521 4520//4520 4522//4522
f 4522//4522 4520//4520 4519//4519
f 4522//4522 4519//4519 4514//4514
f 4514//4514 4519//4519 4511//4511
f 4514//4514 4511//4511 4515//4515
f 4515//4515 4511//4511 4513//4513
f 4515//4515 4513//4513 4498//4498
f 4498//4498 4513//4513 4523//4523
f 4498//4498 4523//4523 4496//4496
f 4261//4261 4259//4259 4524//4524
f 4524//4524 4259//4259 4258//4258
f 4524//4524 4258//4258 4525//4525
f 4525//4525 4258//4258 4256//4256
f 4525//4525 4256//4256 4526//4526
f 4527//4527 4528//4528 4529//4529
f 4529//4529 4528//4528 4530//4530
f 4529//4529 4530//4530 4531//4531
f 4531//4531 4530//4530 4532//4532
f 4531//4531 4532//4532 4533//4533
f 4533//4533 4532//4532 4495//4495
f 4533//4533 4495//4495 4534//4534
f 4534//4534 4495//4495 4494//4494
f 4534//4534 4494//4494 4535//4535
f 4535//4535 4494//4494 4243//4243
f 4535//4535 4243//4243 4242//4242
f 4527//4527 4524//4524 4528//4528
f 4528//4528 4524//4524 4525//4525
f 4528//4528 4525//4525 4530//4530
f 4530//4530 4525//4525 4526//4526
f 4530//4530 4526//4526 4532//4532
f 4532//4532 4526//4526 4536//4536
f 4532//4532 4536//4536 4495//4495
f 4495//4495 4536//4536 4537//4537
f 4495//4495 4537//4537 4493//4493
f 4256//4256 4253//4253 4526//4526
f 4526//4526 4253//4253 4254//4254
f 4526//4526 4254//4254 4536//4536
f 4536//4536 4254//4254 4250//4250
f 4536//4536 4250//4250 4537//4537
f 4537//4537 4250//4250 4251//4251
f 4537//4537 4251//4251 4493//4493
f 4493//4493 4251//4251 4252//4252
f 4493//4493 4252//4252 4239//4239
f 4538//4538 4539//4539 4270//4270
f 4270//4270 4269//4269 4538//4538
f 4538//4538 4269//4269 4540//4540
f 4538//4538 4540//4540 4541//4541
f 4422//4422 4281//4281 4500//4500
f 4500//4500 4281//4281 4278//4278
f 4500//4500 4278//4278 4542//4542
f 4542//4542 4278//4278 4276//4276
f 4542//4542 4276//4276 4539//4539
f 4539//4539 4276//4276 4272//4272
f 4539//4539 4272//4272 4270//4270
f 4499//4499 4500//4500 4543//4543
f 4543//4543 4500//4500 4542//4542
f 4543//4543 4542//4542 4544//4544
f 4544//4544 4542//4542 4539//4539
f 4544//4544 4539//4539 4545//4545
f 4545//4545 4539//4539 4538//4538
f 4545//4545 4538//4538 4546//4546
f 4546//4546 4538//4538 4541//4541
f 4546//4546 4541//4541 4547//4547
f 4496//4496 4508//4508 4497//4497
f 4497//4497 4508//4508 4507//4507
f 4497//4497 4507//4507 4518//4518
f 4518//4518 4507//4507 4503//4503
f 4518//4518 4503//4503 4548//4548
f 4548//4548 4503//4503 4505//4505
f 4548//4548 4505//4505 4549//4549
f 4549//4549 4505//4505 4550//4550
f 4549//4549 4550//4550 4551//4551
f 4551//4551 4550//4550 4552//4552
f 4551//4551 4552//4552 4553//4553
f 4553//4553 4552//4552 4554//4554
f 4553//4553 4554//4554 4502//4502
f 4502//4502 4554//4554 4555//4555
f 4502//4502 4555//4555 4501//4501
f 4269//4269 4267//4267 4540//4540
f 4540//4540 4267//4267 4265//4265
f 4540//4540 4265//4265 4263//4263
f 4263//4263 4261//4261 4540//4540
f 4540//4540 4261//4261 4524//4524
f 4540//4540 4524//4524 4541//4541
f 4541//4541 4524//4524 4527//4527
f 4541//4541 4527//4527 4547//4547
f 4547//4547 4527//4527 4529//4529
f 4547//4547 4529//4529 4556//4556
f 4556//4556 4529//4529 4531//4531
f 4556//4556 4531//4531 4557//4557
f 4557//4557 4531//4531 4533//4533
f 4557//4557 4533//4533 4558//4558
f 4558//4558 4533//4533 4534//4534
f 4558//4558 4534//4534 4559//4559
f 4559//4559 4534//4534 4535//4535
f 4559//4559 4535//4535 4560//4560
f 4560//4560 4535//4535 4242//4242
f 4242//4242 4248//4248 4560//4560
f 4560//4560 4248//4248 4521//4521
f 4560//4560 4521//4521 4559//4559
f 4559//4559 4521//4521 4522//4522
f 4559//4559 4522//4522 4558//4558
f 4558//4558 4522//4522 4514//4514
f 4558//4558 4514//4514 4557//4557
f 4557//4557 4514//4514 4516//4516
f 4557//4557 4516//4516 4556//4556
f 4556//4556 4516//4516 4517//4517
f 4556//4556 4517//4517 4547//4547
f 4547//4547 4517//4517 4518//4518
f 4547//4547 4518//4518 4546//4546
f 4546//4546 4518//4518 4548//4548
f 4546//4546 4548//4548 4545//4545
f 4545//4545 4548//4548 4549//4549
f 4545//4545 4549//4549 4544//4544
f 4544//4544 4549//4549 4551//4551
f 4544//4544 4551//4551 4543//4543
f 4543//4543 4551//4551 4553//4553
f 4543//4543 4553//4553 4499//4499
f 4499//4499 4553//4553 4502//4502
f 4499//4499 4502//4502 4425//4425
f 4425//4425 4502//4502 4415//4415
f 4332//4332 4561//4561 4562//4562
f 4361//4361 4561//4561 4406//4406
f 4406//4406 4561//4561 4332//4332
f 4406//4406 4332//4332 4326//4326
f 4328//4328 4334//4334 4562//4562
f 4562//4562 4334//4334 4333//4333
f 4562//4562 4333//4333 4332//4332
f 4331//4331 4330//4330 4563//4563
f 4563//4563 4330//4330 4388//4388
f 4388//4388 4359//4359 4563//4563
f 4563//4563 4359//4359 4346//4346
f 4563//4563 4346//4346 4331//4331
f 4331//4331 4346//4346 4349//4349
f 4331//4331 4349//4349 4321//4321
f 4361//4361 4360//4360 4561//4561
f 4561//4561 4360//4360 4381//4381
f 4561//4561 4381//4381 4562//4562
f 4562//4562 4381//4381 4383//4383
f 4562//4562 4383//4383 4328//4328
f 4328//4328 4383//4383 4384//4384
f 4328//4328 4384//4384 4330//4330
f 4330//4330 4384//4384 4386//4386
f 4330//4330 4386//4386 4388//4388
f 2872//2872 2880//2880 4564//4564
f 4564//4564 2880//2880 2881//2881
f 4564//4564 2881//2881 2879//2879
f 2877//2877 2876//2876 4565//4565
f 4565//4565 2876//2876 2875//2875
f 4565//4565 2875//2875 2874//2874
f 4566//4566 620//620 619//619
f 4475//4475 4567//4567 4476//4476
f 4409//4409 4410//4410 4568//4568
f 4504//4504 4506//4506 4569//4569
f 4523//4523 4570//4570 4571//4571
f 4570//4570 4523//4523 4513//4513
f 4512//4512 4572//4572 4573//4573
f 4572//4572 4512//4512 4510//4510
f 4574//4574 4575//4575 4576//4576
f 4577//4577 4578//4578 4579//4579
f 4580//4580 4581//4581 4582//4582
f 2984//2984 4583//4583 4584//4584
f 3065//3065 3064//3064 4585//4585
f 3060//3060 4586//4586 3062//3062
f 4476//4476 4567//4567 4439//4439
f 4567//4567 3036//3036 4439//4439
f 4439//4439 3036//3036 626//626
f 4439//4439 626//626 4587//4587
f 4587//4587 626//626 624//624
f 4587//4587 624//624 4566//4566
f 4566//4566 624//624 622//622
f 4566//4566 622//622 620//620
f 3058//3058 3057//3057 4567//4567
f 4567//4567 3057//3057 3074//3074
f 4567//4567 3074//3074 3036//3036
f 3058//3058 4567//4567 3060//3060
f 3060//3060 4567//4567 4475//4475
f 3060//3060 4475//4475 4586//4586
f 4586//4586 4475//4475 4477//4477
f 4586//4586 4477//4477 4479//4479
f 2940//2940 2942//2942 4588//4588
f 3065//3065 4585//4585 3054//3054
f 3053//3053 3052//3052 4568//4568
f 4568//4568 3052//3052 3050//3050
f 4568//4568 3050//3050 4585//4585
f 4585//4585 3050//3050 3049//3049
f 4585//4585 3049//3049 3054//3054
f 2984//2984 2989//2989 4583//4583
f 4583//4583 2989//2989 2991//2991
f 4583//4583 2991//2991 4588//4588
f 4588//4588 2991//2991 2992//2992
f 4588//4588 2992//2992 2940//2940
f 4589//4589 2983//2983 4590//4590
f 4590//4590 2983//2983 2986//2986
f 4590//4590 2986//2986 4584//4584
f 4584//4584 2986//2986 2985//2985
f 4584//4584 2985//2985 2984//2984
f 4591//4591 4592//4592 4593//4593
f 4593//4593 4592//4592 4594//4594
f 4593//4593 4594//4594 4595//4595
f 4595//4595 4596//4596 4593//4593
f 4593//4593 4596//4596 4597//4597
f 4593//4593 4597//4597 4598//4598
f 4598//4598 4597//4597 4599//4599
f 4597//4597 4600//4600 4599//4599
f 4599//4599 4600//4600 2320//2320
f 4599//4599 2320//2320 4601//4601
f 4601//4601 2320//2320 2321//2321
f 4601//4601 2321//2321 4602//4602
f 4602//4602 2321//2321 2322//2322
f 4602//4602 2322//2322 2754//2754
f 4603//4603 4604//4604 4605//4605
f 4606//4606 4607//4607 4592//4592
f 4592//4592 4607//4607 4608//4608
f 4592//4592 4608//4608 4594//4594
f 4581//4581 4609//4609 4605//4605
f 4605//4605 4609//4609 4610//4610
f 4605//4605 4610//4610 4611//4611
f 4592//4592 4603//4603 4606//4606
f 4606//4606 4603//4603 4605//4605
f 4606//4606 4605//4605 4612//4612
f 4612//4612 4605//4605 4611//4611
f 4579//4579 4578//4578 4613//4613
f 4578//4578 4614//4614 4613//4613
f 4613//4613 4614//4614 4615//4615
f 4613//4613 4615//4615 4582//4582
f 4582//4582 4615//4615 4616//4616
f 4582//4582 4616//4616 4580//4580
f 4617//4617 4618//4618 4619//4619
f 4617//4617 4619//4619 4620//4620
f 4620//4620 4619//4619 4621//4621
f 4620//4620 4621//4621 4579//4579
f 4579//4579 4621//4621 4622//4622
f 4579//4579 4622//4622 4577//4577
f 4623//4623 4624//4624 4625//4625
f 4625//4625 4626//4626 4623//4623
f 4623//4623 4626//4626 4627//4627
f 4623//4623 4627//4627 4617//4617
f 4617//4617 4627//4627 4628//4628
f 4617//4617 4628//4628 4618//4618
f 4629//4629 4630//4630 4631//4631
f 4631//4631 4630//4630 4632//4632
f 2761//2761 2287//2287 4249//4249
f 4249//4249 2287//2287 2282//2282
f 4249//4249 2282//2282 4230//4230
f 2282//2282 2279//2279 4230//4230
f 4230//4230 2279//2279 2278//2278
f 4230//4230 2278//2278 4633//4633
f 4633//4633 2278//2278 2277//2277
f 4633//4633 2277//2277 2271//2271
f 4574//4574 4576//4576 4634//4634
f 4234//4234 4233//4233 4635//4635
f 4635//4635 4233//4233 4232//4232
f 4635//4635 4232//4232 4231//4231
f 4636//4636 4245//4245 4238//4238
f 4633//4633 4634//4634 4230//4230
f 4230//4230 4634//4634 4576//4576
f 4230//4230 4576//4576 4231//4231
f 4231//4231 4576//4576 4637//4637
f 4231//4231 4637//4637 4635//4635
f 4635//4635 4637//4637 4638//4638
f 4635//4635 4638//4638 4234//4234
f 4234//4234 4638//4638 4636//4636
f 4234//4234 4636//4636 4236//4236
f 4236//4236 4636//4636 4238//4238
f 4496//4496 4639//4639 4508//4508
f 4508//4508 4639//4639 4640//4640
f 4508//4508 4640//4640 4506//4506
f 4504//4504 4569//4569 4505//4505
f 4501//4501 4555//4555 4368//4368
f 4368//4368 4555//4555 4554//4554
f 4368//4368 4554//4554 4369//4369
f 4369//4369 4554//4554 4552//4552
f 4369//4369 4552//4552 4569//4569
f 4569//4569 4552//4552 4550//4550
f 4569//4569 4550//4550 4505//4505
f 4368//4368 4366//4366 4501//4501
f 4501//4501 4366//4366 4365//4365
f 4501//4501 4365//4365 4420//4420
f 4420//4420 4365//4365 4400//4400
f 4420//4420 4400//4400 4419//4419
f 4419//4419 4400//4400 4403//4403
f 4419//4419 4403//4403 4418//4418
f 4376//4376 4449//4449 4399//4399
f 4399//4399 4449//4449 4451//4451
f 4399//4399 4451//4451 4401//4401
f 4401//4401 4451//4451 4418//4418
f 4401//4401 4418//4418 4402//4402
f 4402//4402 4418//4418 4403//4403
f 4375//4375 4378//4378 4641//4641
f 4641//4641 4378//4378 4380//4380
f 4376//4376 4375//4375 4449//4449
f 4449//4449 4375//4375 4641//4641
f 4449//4449 4641//4641 4447//4447
f 4447//4447 4641//4641 4442//4442
f 4442//4442 4641//4641 4443//4443
f 4443//4443 4641//4641 4380//4380
f 4443//4443 4380//4380 4445//4445
f 4483//4483 4482//4482 4585//4585
f 4585//4585 4482//4482 4445//4445
f 4585//4585 4445//4445 4568//4568
f 4568//4568 4445//4445 4380//4380
f 4568//4568 4380//4380 4409//4409
f 3062//3062 4586//4586 3064//3064
f 3064//3064 4586//4586 4479//4479
f 3064//3064 4479//4479 4585//4585
f 4585//4585 4479//4479 4481//4481
f 4585//4585 4481//4481 4483//4483
f 4306//4306 4305//4305 2862//2862
f 2862//2862 2861//2861 4306//4306
f 4306//4306 2861//2861 2849//2849
f 4306//4306 2849//2849 2847//2847
f 4411//4411 4301//4301 1287//1287
f 1287//1287 4301//4301 2847//2847
f 2847//2847 4301//4301 4303//4303
f 2847//2847 4303//4303 4306//4306
f 4411//4411 4642//4642 4410//4410
f 4410//4410 4642//4642 4588//4588
f 4410//4410 4588//4588 4568//4568
f 4568//4568 4588//4588 2942//2942
f 4568//4568 2942//2942 3053//3053
f 4643//4643 4315//4315 4644//4644
f 4644//4644 4315//4315 4314//4314
f 4644//4644 4314//4314 4645//4645
f 4645//4645 4314//4314 4313//4313
f 4645//4645 4313//4313 4640//4640
f 4640//4640 4313//4313 4354//4354
f 4640//4640 4354//4354 4506//4506
f 4506//4506 4354//4354 4353//4353
f 4506//4506 4353//4353 4569//4569
f 4569//4569 4353//4353 4357//4357
f 4569//4569 4357//4357 4369//4369
f 4646//4646 4309//4309 4647//4647
f 4647//4647 4309//4309 4308//4308
f 4647//4647 4308//4308 4648//4648
f 4648//4648 4308//4308 4312//4312
f 4648//4648 4312//4312 4643//4643
f 4643//4643 4312//4312 4311//4311
f 4643//4643 4311//4311 4315//4315
f 4411//4411 1287//1287 4642//4642
f 4642//4642 1287//1287 1283//1283
f 4642//4642 1283//1283 1280//1280
f 1250//1250 1249//1249 4582//4582
f 1250//1250 4582//4582 1244//1244
f 4581//4581 4605//4605 4582//4582
f 4582//4582 4605//4605 1245//1245
f 4582//4582 1245//1245 1244//1244
f 1247//1247 2832//2832 4646//4646
f 4646//4646 2832//2832 2831//2831
f 4646//4646 2831//2831 4309//4309
f 4309//4309 2831//2831 2844//2844
f 4309//4309 2844//2844 4305//4305
f 4305//4305 2844//2844 2864//2864
f 4305//4305 2864//2864 2862//2862
f 4575//4575 4629//4629 4576//4576
f 4576//4576 4629//4629 4631//4631
f 4576//4576 4631//4631 4637//4637
f 4637//4637 4631//4631 4649//4649
f 4637//4637 4649//4649 4638//4638
f 4638//4638 4649//4649 4573//4573
f 4638//4638 4573//4573 4636//4636
f 4636//4636 4573//4573 4572//4572
f 4636//4636 4572//4572 4245//4245
f 4245//4245 4572//4572 4510//4510
f 1280//1280 1245//1245 4642//4642
f 4642//4642 1245//1245 4605//4605
f 4642//4642 4605//4605 4588//4588
f 4588//4588 4605//4605 4604//4604
f 4588//4588 4604//4604 4583//4583
f 4583//4583 4604//4604 4603//4603
f 4583//4583 4603//4603 4584//4584
f 4584//4584 4603//4603 4592//4592
f 4584//4584 4592//4592 4590//4590
f 4590//4590 4592//4592 4591//4591
f 4590//4590 4591//4591 4589//4589
f 4513//4513 4512//4512 4570//4570
f 4570//4570 4512//4512 4573//4573
f 4570//4570 4573//4573 4571//4571
f 4571//4571 4573//4573 4649//4649
f 4571//4571 4649//4649 4650//4650
f 4650//4650 4649//4649 4631//4631
f 4650//4650 4631//4631 4623//4623
f 4623//4623 4631//4631 4632//4632
f 4623//4623 4632//4632 4624//4624
f 1249//1249 1247//1247 4582//4582
f 4582//4582 1247//1247 4646//4646
f 4582//4582 4646//4646 4613//4613
f 4613//4613 4646//4646 4647//4647
f 4613//4613 4647//4647 4579//4579
f 4579//4579 4647//4647 4648//4648
f 4579//4579 4648//4648 4620//4620
f 4620//4620 4648//4648 4643//4643
f 4620//4620 4643//4643 4617//4617
f 4617//4617 4643//4643 4644//4644
f 4617//4617 4644//4644 4623//4623
f 4623//4623 4644//4644 4645//4645
f 4623//4623 4645//4645 4650//4650
f 4650//4650 4645//4645 4640//4640
f 4650//4650 4640//4640 4571//4571
f 4571//4571 4640//4640 4639//4639
f 4571//4571 4639//4639 4523//4523
f 4523//4523 4639//4639 4496//4496
f 3728//3728 3733//3733 4158//4158
f 4651//4651 4652//4652 4653//4653
f 4654//4654 4655//4655 4656//4656
f 3873//3873 3854//3854 4058//4058
f 4058//4058 3854//3854 4657//4657
f 4058//4058 4657//4657 4059//4059
f 4059//4059 4657//4657 4658//4658
f 4059//4059 4658//4658 4067//4067
f 4067//4067 4658//4658 4656//4656
f 4067//4067 4656//4656 4659//4659
f 4659//4659 4656//4656 4655//4655
f 3765//3765 3764//3764 4660//4660
f 4660//4660 3764//3764 4661//4661
f 4660//4660 4661//4661 4662//4662
f 4662//4662 4661//4661 4663//4663
f 4662//4662 4663//4663 4653//4653
f 4653//4653 4663//4663 4664//4664
f 4653//4653 4664//4664 4651//4651
f 4651//4651 4664//4664 4665//4665
f 4666//4666 4134//4134 4667//4667
f 4667//4667 4134//4134 4175//4175
f 4075//4075 4073//4073 4659//4659
f 4659//4659 4073//4073 4072//4072
f 4659//4659 4072//4072 4067//4067
f 3729//3729 3728//3728 4668//4668
f 4668//4668 3728//3728 4158//4158
f 4668//4668 4158//4158 4669//4669
f 4669//4669 4158//4158 4156//4156
f 4669//4669 4156//4156 4670//4670
f 4670//4670 4156//4156 4154//4154
f 4670//4670 4154//4154 4671//4671
f 4671//4671 4154//4154 4135//4135
f 4671//4671 4135//4135 4672//4672
f 4672//4672 4135//4135 4134//4134
f 4672//4672 4134//4134 4673//4673
f 4673//4673 4134//4134 4666//4666
f 4673//4673 4666//4666 4674//4674
f 4674//4674 4666//4666 4667//4667
f 4674//4674 4667//4667 4675//4675
f 4675//4675 4667//4667 4175//4175
f 4675//4675 4175//4175 4146//4146
f 4652//4652 4676//4676 4653//4653
f 4653//4653 4676//4676 3855//3855
f 4653//4653 3855//3855 4662//4662
f 4662//4662 3855//3855 3860//3860
f 4662//4662 3860//3860 4660//4660
f 4660//4660 3860//3860 3773//3773
f 4660//4660 3773//3773 3765//3765
f 3858//3858 3857//3857 4676//4676
f 4676//4676 3857//3857 3856//3856
f 4676//4676 3856//3856 3855//3855
f 3854//3854 3858//3858 4657//4657
f 4657//4657 3858//3858 4676//4676
f 4657//4657 4676//4676 4658//4658
f 4658//4658 4676//4676 4652//4652
f 4658//4658 4652//4652 4656//4656
f 4656//4656 4652//4652 4651//4651
f 4656//4656 4651//4651 4654//4654
f 4654//4654 4651//4651 4665//4665
f 3764//3764 3729//3729 4661//4661
f 4661//4661 3729//3729 4668//4668
f 4661//4661 4668//4668 4663//4663
f 4663//4663 4668//4668 4669//4669
f 4663//4663 4669//4669 4664//4664
f 4664//4664 4669//4669 4670//4670
f 4664//4664 4670//4670 4665//4665
f 4665//4665 4670//4670 4671//4671
f 4665//4665 4671//4671 4654//4654
f 4654//4654 4671//4671 4672//4672
f 4654//4654 4672//4672 4655//4655
f 4655//4655 4672//4672 4673//4673
f 4655//4655 4673//4673 4659//4659
f 4659//4659 4673//4673 4674//4674
f 4659//4659 4674//4674 4075//4075
f 4075//4075 4674//4674 4675//4675
f 4075//4075 4675//4675 4055//4055
f 4055//4055 4675//4675 4146//4146
f 4055//4055 4146//4146 4056//4056
f 4677//4677 2513//2513 2525//2525
f 2521//2521 2115//2115 2522//2522
f 2522//2522 2115//2115 2114//2114
f 2522//2522 2114//2114 2523//2523
f 2523//2523 2114//2114 2112//2112
f 2523//2523 2112//2112 2524//2524
f 2524//2524 2112//2112 2110//2110
f 2524//2524 2110//2110 2525//2525
f 2525//2525 2110//2110 2108//2108
f 2525//2525 2108//2108 4677//4677
f 4678//4678 4679//4679 4680//4680
f 4681//4681 4682//4682 4683//4683
f 4684//4684 3142//3142 4685//4685
f 4686//4686 4687//4687 4688//4688
f 4679//4679 4678//4678 4689//4689
f 4690//4690 4691//4691 2365//2365
f 2360//2360 2359//2359 4692//4692
f 4692//4692 2359//2359 2366//2366
f 4692//4692 2366//2366 4693//4693
f 4690//4690 2365//2365 4694//4694
f 4694//4694 2365//2365 2364//2364
f 4694//4694 2364//2364 2362//2362
f 4695//4695 2338//2338 2337//2337
f 2337//2337 2355//2355 4695//4695
f 4695//4695 2355//2355 2358//2358
f 4695//4695 2358//2358 4691//4691
f 4691//4691 2358//2358 2357//2357
f 4691//4691 2357//2357 2365//2365
f 2338//2338 4695//4695 2350//2350
f 2350//2350 4695//4695 4691//4691
f 2350//2350 4691//4691 2347//2347
f 2442//2442 2347//2347 4696//4696
f 4697//4697 2402//2402 4698//4698
f 4698//4698 2402//2402 2371//2371
f 4698//4698 2371//2371 2370//2370
f 2399//2399 2400//2400 4699//4699
f 4699//4699 2400//2400 2402//2402
f 4699//4699 2402//2402 4700//4700
f 4700//4700 2402//2402 4697//4697
f 4689//4689 2396//2396 2376//2376
f 4689//4689 2376//2376 4679//4679
f 4679//4679 2376//2376 2374//2374
f 4679//4679 2374//2374 4680//4680
f 4680//4680 2374//2374 2443//2443
f 4680//4680 2443//2443 4701//4701
f 4702//4702 4703//4703 4704//4704
f 4702//4702 4704//4704 4678//4678
f 4678//4678 4704//4704 4705//4705
f 4678//4678 4705//4705 4706//4706
f 4706//4706 4707//4707 4678//4678
f 4678//4678 4707//4707 4708//4708
f 4678//4678 4708//4708 4689//4689
f 4709//4709 4710//4710 4711//4711
f 4711//4711 4710//4710 4712//4712
f 4678//4678 4713//4713 4714//4714
f 4714//4714 4715//4715 4678//4678
f 4678//4678 4715//4715 4716//4716
f 4678//4678 4716//4716 4702//4702
f 4709//4709 4711//4711 4717//4717
f 4717//4717 4711//4711 4718//4718
f 4717//4717 4718//4718 4719//4719
f 4719//4719 4718//4718 4683//4683
f 4719//4719 4683//4683 4720//4720
f 4720//4720 4683//4683 4682//4682
f 4720//4720 4682//4682 4721//4721
f 4686//4686 4688//4688 4722//4722
f 4684//4684 4685//4685 4723//4723
f 4724//4724 4725//4725 4726//4726
f 4726//4726 4725//4725 4727//4727
f 4726//4726 4727//4727 4728//4728
f 4728//4728 4727//4727 4729//4729
f 4728//4728 4729//4729 4730//4730
f 4730//4730 4729//4729 4723//4723
f 4730//4730 4723//4723 4731//4731
f 4731//4731 4723//4723 4685//4685
f 4731//4731 4685//4685 4732//4732
f 4733//4733 4734//4734 4724//4724
f 4724//4724 4734//4734 4735//4735
f 4724//4724 4735//4735 4725//4725
f 4736//4736 4737//4737 4738//4738
f 4738//4738 4737//4737 4739//4739
f 4738//4738 4739//4739 4733//4733
f 4733//4733 4739//4739 4740//4740
f 4733//4733 4740//4740 4734//4734
f 4741//4741 4742//4742 4743//4743
f 4743//4743 4742//4742 4744//4744
f 4743//4743 4744//4744 4745//4745
f 2692//2692 2691//2691 4744//4744
f 4744//4744 2691//2691 2404//2404
f 567//567 566//566 4745//4745
f 2404//2404 2403//2403 4744//4744
f 4744//4744 2403//2403 569//569
f 4744//4744 569//569 4745//4745
f 4745//4745 569//569 568//568
f 4745//4745 568//568 567//567
f 566//566 573//573 4745//4745
f 4745//4745 573//573 572//572
f 4745//4745 572//572 571//571
f 4746//4746 2680//2680 4747//4747
f 4747//4747 2680//2680 2682//2682
f 4747//4747 2682//2682 4748//4748
f 4748//4748 2682//2682 4749//4749
f 2684//2684 2688//2688 4746//4746
f 4746//4746 2688//2688 2693//2693
f 4746//4746 2693//2693 2680//2680
f 4750//4750 4751//4751 4752//4752
f 4752//4752 4751//4751 4753//4753
f 4752//4752 4753//4753 4754//4754
f 4697//4697 4750//4750 4700//4700
f 4700//4700 4750//4750 4752//4752
f 4700//4700 4752//4752 4699//4699
f 4699//4699 4752//4752 4754//4754
f 4699//4699 4754//4754 2399//2399
f 2399//2399 4754//4754 4701//4701
f 2399//2399 4701//4701 2397//2397
f 2397//2397 4701//4701 2443//2443
f 4755//4755 4756//4756 4757//4757
f 4757//4757 4756//4756 4721//4721
f 4757//4757 4721//4721 4758//4758
f 4758//4758 4721//4721 4682//4682
f 4758//4758 4682//4682 4759//4759
f 4759//4759 4682//4682 4681//4681
f 4759//4759 4681//4681 4760//4760
f 4751//4751 4760//4760 4753//4753
f 4753//4753 4760//4760 4681//4681
f 4753//4753 4681//4681 4754//4754
f 4754//4754 4681//4681 4683//4683
f 4754//4754 4683//4683 4701//4701
f 4701//4701 4683//4683 4718//4718
f 4701//4701 4718//4718 4680//4680
f 4680//4680 4718//4718 4711//4711
f 4680//4680 4711//4711 4678//4678
f 4678//4678 4711//4711 4712//4712
f 4678//4678 4712//4712 4713//4713
f 4732//4732 4761//4761 4731//4731
f 4731//4731 4761//4761 4762//4762
f 4731//4731 4762//4762 4730//4730
f 4730//4730 4762//4762 4763//4763
f 4730//4730 4763//4763 4728//4728
f 4728//4728 4763//4763 4764//4764
f 4728//4728 4764//4764 4726//4726
f 4726//4726 4764//4764 4765//4765
f 4726//4726 4765//4765 4724//4724
f 4724//4724 4765//4765 4766//4766
f 4724//4724 4766//4766 4733//4733
f 4733//4733 4766//4766 4767//4767
f 4733//4733 4767//4767 4738//4738
f 4696//4696 4736//4736 4768//4768
f 4768//4768 4736//4736 4738//4738
f 4768//4768 4738//4738 4769//4769
f 4769//4769 4738//4738 4767//4767
f 4769//4769 4767//4767 4770//4770
f 4770//4770 4767//4767 4766//4766
f 4770//4770 4766//4766 4771//4771
f 4771//4771 4766//4766 4765//4765
f 4771//4771 4765//4765 4772//4772
f 4772//4772 4765//4765 4764//4764
f 4772//4772 4764//4764 4773//4773
f 4773//4773 4764//4764 4763//4763
f 4773//4773 4763//4763 4688//4688
f 4688//4688 4763//4763 4762//4762
f 4688//4688 4762//4762 4722//4722
f 4722//4722 4762//4762 4761//4761
f 4687//4687 4755//4755 4688//4688
f 4688//4688 4755//4755 4757//4757
f 4688//4688 4757//4757 4773//4773
f 4773//4773 4757//4757 4758//4758
f 4773//4773 4758//4758 4772//4772
f 4772//4772 4758//4758 4759//4759
f 4772//4772 4759//4759 4771//4771
f 4771//4771 4759//4759 4760//4760
f 4771//4771 4760//4760 4770//4770
f 4770//4770 4760//4760 4751//4751
f 4770//4770 4751//4751 4769//4769
f 4769//4769 4751//4751 4750//4750
f 4769//4769 4750//4750 4768//4768
f 4768//4768 4750//4750 4697//4697
f 4768//4768 4697//4697 4696//4696
f 4696//4696 4697//4697 4698//4698
f 4696//4696 4698//4698 2442//2442
f 2442//2442 4698//4698 2370//2370
f 2682//2682 2692//2692 4749//4749
f 4749//4749 2692//2692 4744//4744
f 4749//4749 4744//4744 4774//4774
f 4774//4774 4744//4744 4742//4742
f 2362//2362 2360//2360 4694//4694
f 4694//4694 2360//2360 4692//4692
f 4694//4694 4692//4692 4775//4775
f 4775//4775 4692//4692 4693//4693
f 4775//4775 4693//4693 2685//2685
f 2685//2685 2684//2684 4775//4775
f 4775//4775 2684//2684 4746//4746
f 4775//4775 4746//4746 4694//4694
f 4694//4694 4746//4746 4747//4747
f 4694//4694 4747//4747 4690//4690
f 4690//4690 4747//4747 4748//4748
f 4690//4690 4748//4748 4691//4691
f 4691//4691 4748//4748 4749//4749
f 4691//4691 4749//4749 2347//2347
f 2347//2347 4749//4749 4774//4774
f 2347//2347 4774//4774 4696//4696
f 4696//4696 4774//4774 4742//4742
f 4696//4696 4742//4742 4736//4736
f 4736//4736 4742//4742 4741//4741
f 4736//4736 4741//4741 4737//4737
f 2516//2516 2101//2101 2102//2102
f 2516//2516 2102//2102 2514//2514
f 2514//2514 2102//2102 2100//2100
f 2514//2514 2100//2100 2515//2515
f 2515//2515 2100//2100 2098//2098
f 2515//2515 2098//2098 2517//2517
f 2098//2098 2097//2097 2517//2517
f 2517//2517 2097//2097 2105//2105
f 2517//2517 2105//2105 2518//2518
f 2518//2518 4776//4776 2519//2519
f 2518//2518 2105//2105 4776//4776
f 4776//4776 2105//2105 2095//2095
f 4776//4776 2095//2095 2519//2519
f 2519//2519 2095//2095 2094//2094
f 2519//2519 2094//2094 2520//2520
f 2520//2520 2094//2094 2115//2115
f 2520//2520 2115//2115 2521//2521
f 2395//2395 2396//2396 4689//4689
f 2390//2390 2389//2389 4777//4777
f 4777//4777 4778//4778 4779//4779
f 4779//4779 4778//4778 4689//4689
f 4779//4779 4689//4689 4708//4708
f 4777//4777 2389//2389 4778//4778
f 4778//4778 2389//2389 2393//2393
f 4778//4778 2393//2393 4689//4689
f 4689//4689 2393//2393 2394//2394
f 4689//4689 2394//2394 2395//2395
f 4780//4780 2503//2503 4781//4781
f 4781//4781 2503//2503 2507//2507
f 4781//4781 2507//2507 2506//2506
f 2810//2810 4782//4782 2802//2802
f 2802//2802 4782//4782 4783//4783
f 4783//4783 4784//4784 2802//2802
f 2802//2802 4784//4784 4785//4785
f 2802//2802 4785//4785 2791//2791
f 2791//2791 4785//4785 4786//4786
f 2791//2791 4786//4786 2790//2790
f 2790//2790 4786//4786 4787//4787
f 2790//2790 4787//4787 2789//2789
f 2789//2789 4787//4787 4788//4788
f 2789//2789 4788//4788 2788//2788
f 2788//2788 4788//4788 4789//4789
f 2788//2788 4789//4789 2787//2787
f 2787//2787 4789//4789 4790//4790
f 2787//2787 4790//4790 2786//2786
f 2353//2353 2352//2352 4791//4791
f 4791//4791 2352//2352 4792//4792
f 4793//4793 2159//2159 2171//2171
f 2476//2476 4793//4793 2475//2475
f 2475//2475 4793//4793 2171//2171
f 2475//2475 2171//2171 2352//2352
f 2352//2352 2171//2171 2060//2060
f 2352//2352 2060//2060 4792//4792
f 4792//4792 2060//2060 2059//2059
f 2023//2023 2022//2022 4693//4693
f 4693//4693 2022//2022 2686//2686
f 4693//4693 2686//2686 2685//2685
f 2366//2366 2353//2353 4693//4693
f 4693//4693 2353//2353 4791//4791
f 4693//4693 4791//4791 2023//2023
f 2023//2023 4791//4791 4792//4792
f 2023//2023 4792//4792 2034//2034
f 2034//2034 4792//4792 4794//4794
f 2034//2034 4794//4794 2036//2036
f 2036//2036 4794//4794 4795//4795
f 2036//2036 4795//4795 2038//2038
f 2038//2038 4795//4795 4796//4796
f 2038//2038 4796//4796 2040//2040
f 2040//2040 4796//4796 2041//2041
f 2041//2041 4796//4796 4797//4797
f 2041//2041 4797//4797 2031//2031
f 2031//2031 4797//4797 2033//2033
f 2033//2033 4797//4797 4798//4798
f 2033//2033 4798//4798 2016//2016
f 2065//2065 2064//2064 4799//4799
f 4799//4799 2064//2064 2063//2063
f 4799//4799 2063//2063 4800//4800
f 4800//4800 2063//2063 2066//2066
f 4800//4800 2066//2066 4801//4801
f 4801//4801 2066//2066 2007//2007
f 4801//4801 2007//2007 2006//2006
f 2059//2059 2058//2058 4792//4792
f 4792//4792 2058//2058 2062//2062
f 4792//4792 2062//2062 4794//4794
f 4794//4794 2062//2062 2061//2061
f 4794//4794 2061//2061 4795//4795
f 2061//2061 2065//2065 4795//4795
f 4795//4795 2065//2065 4799//4799
f 4795//4795 4799//4799 4796//4796
f 4796//4796 4799//4799 4800//4800
f 4796//4796 4800//4800 4797//4797
f 4797//4797 4800//4800 4801//4801
f 4797//4797 4801//4801 4798//4798
f 4798//4798 4801//4801 2006//2006
f 4798//4798 2006//2006 2016//2016
f 4777//4777 2391//2391 2390//2390
f 4802//4802 4780//4780 2508//2508
f 2508//2508 4780//4780 4781//4781
f 2508//2508 4781//4781 2506//2506
f 4802//4802 2508//2508 4803//4803
f 4803//4803 2508//2508 2509//2509
f 4803//4803 2509//2509 4804//4804
f 4777//4777 4779//4779 2391//2391
f 2391//2391 4779//4779 4708//4708
f 2391//2391 4708//4708 4707//4707
f 2509//2509 2391//2391 4804//4804
f 4804//4804 2391//2391 4707//4707
f 4804//4804 4707//4707 4805//4805
f 4805//4805 4707//4707 4706//4706
f 4706//4706 4705//4705 4805//4805
f 4805//4805 4705//4705 4704//4704
f 4805//4805 4704//4704 4703//4703
f 2873//2873 2872//2872 4564//4564
f 2879//2879 2878//2878 4564//4564
f 4564//4564 2878//2878 2877//2877
f 4564//4564 2877//2877 2873//2873
f 2873//2873 2877//2877 4565//4565
f 2873//2873 4565//4565 2874//2874
f 2202//2202 2320//2320 4600//4600
f 2108//2108 2121//2121 4677//4677
f 4677//4677 2121//2121 2457//2457
f 4677//4677 2457//2457 2513//2513
f 2176//2176 2175//2175 4600//4600
f 4600//4600 2175//2175 2199//2199
f 2444//2444 2446//2446 4607//4607
f 4607//4607 2446//2446 2448//2448
f 4607//4607 2448//2448 4608//4608
f 4608//4608 2448//2448 2450//2450
f 4608//4608 2450//2450 4594//4594
f 4594//4594 2450//2450 2452//2452
f 4594//4594 2452//2452 4595//4595
f 4595//4595 2452//2452 2454//2454
f 4595//4595 2454//2454 4596//4596
f 4596//4596 2454//2454 2456//2456
f 4596//4596 2456//2456 4597//4597
f 4597//4597 2456//2456 2457//2457
f 4597//4597 2457//2457 4600//4600
f 4600//4600 2457//2457 2121//2121
f 4600//4600 2121//2121 2176//2176
f 4607//4607 4606//4606 2444//2444
f 2444//2444 4606//4606 4612//4612
f 2444//2444 4612//4612 2461//2461
f 2461//2461 4612//4612 4611//4611
f 2461//2461 4611//4611 2462//2462
f 2462//2462 4611//4611 4610//4610
f 2462//2462 4610//4610 2463//2463
f 2463//2463 4610//4610 4609//4609
f 2463//2463 4609//4609 2474//2474
f 2474//2474 4609//4609 2473//2473
f 4609//4609 4581//4581 2473//2473
f 2473//2473 4581//4581 4580//4580
f 2473//2473 4580//4580 2471//2471
f 2471//2471 4580//4580 4616//4616
f 2471//2471 4616//4616 2469//2469
f 2469//2469 4616//4616 4615//4615
f 2469//2469 4615//4615 2467//2467
f 2160//2160 4622//4622 4621//4621
f 2160//2160 4621//4621 2737//2737
f 4793//4793 2476//2476 2464//2464
f 4615//4615 4614//4614 2467//2467
f 2467//2467 4614//4614 4578//4578
f 2467//2467 4578//4578 2466//2466
f 2466//2466 4578//4578 4577//4577
f 2466//2466 4577//4577 2465//2465
f 2465//2465 4577//4577 4622//4622
f 2465//2465 4622//4622 2464//2464
f 2464//2464 4622//4622 2160//2160
f 2464//2464 2160//2160 4793//4793
f 4793//4793 2160//2160 2159//2159
f 4621//4621 4619//4619 2737//2737
f 2737//2737 4619//4619 4618//4618
f 2737//2737 4618//4618 2738//2738
f 2738//2738 4618//4618 4628//4628
f 2738//2738 4628//4628 2739//2739
f 2739//2739 4628//4628 4627//4627
f 2739//2739 4627//4627 2748//2748
f 2748//2748 4627//4627 4626//4626
f 2748//2748 4626//4626 2747//2747
f 2747//2747 4626//4626 4625//4625
f 2747//2747 4625//4625 2746//2746
f 2746//2746 4625//4625 4624//4624
f 2746//2746 4624//4624 2745//2745
f 2271//2271 2273//2273 4633//4633
f 4633//4633 2273//2273 2740//2740
f 4633//4633 2740//2740 4634//4634
f 4634//4634 2740//2740 2743//2743
f 4634//4634 2743//2743 4574//4574
f 4574//4574 2743//2743 2742//2742
f 4574//4574 2742//2742 4575//4575
f 4575//4575 2742//2742 2741//2741
f 4575//4575 2741//2741 4629//4629
f 4629//4629 2741//2741 2744//2744
f 4629//4629 2744//2744 4630//4630
f 4630//4630 2744//2744 2745//2745
f 4630//4630 2745//2745 4632//4632
f 4632//4632 2745//2745 4624//4624
f 2203//2203 2202//2202 2179//2179
f 2179//2179 2202//2202 4600//4600
f 2179//2179 4600//4600 2177//2177
f 2177//2177 4600//4600 2199//2199
f 4806//4806 2815//2815 4807//4807
f 4807//4807 2815//2815 2817//2817
f 4807//4807 2817//2817 4808//4808
f 4808//4808 2817//2817 2103//2103
f 4808//4808 2103//2103 4802//4802
f 2503//2503 4780//4780 2498//2498
f 2498//2498 4780//4780 4802//4802
f 2498//2498 4802//4802 2499//2499
f 2499//2499 4802//4802 2103//2103
f 2499//2499 2103//2103 2516//2516
f 2516//2516 2103//2103 2101//2101
f 3186//3186 2588//2588 3187//3187
f 3187//3187 2588//2588 2592//2592
f 3187//3187 2592//2592 2593//2593
f 2593//2593 2596//2596 3187//3187
f 3187//3187 2596//2596 2595//2595
f 3187//3187 2595//2595 2594//2594
f 2591//2591 2590//2590 3186//3186
f 3186//3186 2590//2590 2589//2589
f 3186//3186 2589//2589 2588//2588
f 2581//2581 2582//2582 4809//4809
f 4809//4809 2582//2582 2583//2583
f 4809//4809 2583//2583 2584//2584
f 2584//2584 2587//2587 4809//4809
f 4809//4809 2587//2587 2586//2586
f 4809//4809 2586//2586 3186//3186
f 3186//3186 2586//2586 2585//2585
f 3186//3186 2585//2585 2591//2591
f 2594//2594 2578//2578 3187//3187
f 3187//3187 2578//2578 2577//2577
f 3187//3187 2577//2577 2601//2601
f 2601//2601 2600//2600 3187//3187
f 3187//3187 2600//2600 2599//2599
f 3187//3187 2599//2599 2598//2598
f 2598//2598 2597//2597 3187//3187
f 3187//3187 2597//2597 2604//2604
f 3187//3187 2604//2604 2603//2603
f 2603//2603 2602//2602 3187//3187
f 3187//3187 2602//2602 2580//2580
f 3187//3187 2580//2580 2579//2579
f 3091//3091 3093//3093 4810//4810
f 3207//3207 3091//3091 3209//3209
f 3209//3209 3091//3091 4810//4810
f 3209//3209 4810//4810 3201//3201
f 3201//3201 4810//4810 4811//4811
f 3201//3201 4811//4811 3198//3198
f 3198//3198 4811//4811 4812//4812
f 3198//3198 4812//4812 3196//3196
f 3196//3196 4812//4812 4813//4813
f 3196//3196 4813//4813 3194//3194
f 3194//3194 4813//4813 4814//4814
f 3194//3194 4814//4814 4815//4815
f 4815//4815 4814//4814 4816//4816
f 4817//4817 4818//4818 4819//4819
f 4819//4819 4820//4820 4817//4817
f 4817//4817 4820//4820 4821//4821
f 4817//4817 4821//4821 4814//4814
f 4814//4814 4821//4821 4822//4822
f 4814//4814 4822//4822 4816//4816
f 4823//4823 4824//4824 4825//4825
f 4825//4825 4824//4824 4826//4826
f 4825//4825 4826//4826 4817//4817
f 4817//4817 4826//4826 4827//4827
f 4817//4817 4827//4827 4818//4818
f 4828//4828 4829//4829 4830//4830
f 4830//4830 4829//4829 4831//4831
f 4830//4830 4831//4831 4825//4825
f 4825//4825 4831//4831 4832//4832
f 4825//4825 4832//4832 4823//4823
f 4828//4828 4830//4830 4833//4833
f 4833//4833 4830//4830 4834//4834
f 4833//4833 4834//4834 4835//4835
f 4836//4836 4837//4837 4838//4838
f 4838//4838 4839//4839 4836//4836
f 4836//4836 4839//4839 4840//4840
f 4836//4836 4840//4840 4834//4834
f 4834//4834 4840//4840 4841//4841
f 4834//4834 4841//4841 4835//4835
f 4837//4837 4836//4836 4842//4842
f 4842//4842 4836//4836 4843//4843
f 4842//4842 4843//4843 4844//4844
f 4845//4845 4846//4846 4847//4847
f 4847//4847 4846//4846 4848//4848
f 4847//4847 4848//4848 4843//4843
f 4843//4843 4848//4848 4849//4849
f 4843//4843 4849//4849 4844//4844
f 4850//4850 4851//4851 4852//4852
f 4852//4852 4851//4851 4853//4853
f 4852//4852 4853//4853 4847//4847
f 4847//4847 4853//4853 4854//4854
f 4847//4847 4854//4854 4845//4845
f 4850//4850 4852//4852 4855//4855
f 4855//4855 4852//4852 4856//4856
f 4855//4855 4856//4856 4857//4857
f 4858//4858 4859//4859 4856//4856
f 4856//4856 4859//4859 4860//4860
f 4860//4860 4861//4861 4856//4856
f 4856//4856 4861//4861 4862//4862
f 4856//4856 4862//4862 4857//4857
f 4858//4858 2617//2617 4859//4859
f 4859//4859 2617//2617 2616//2616
f 4859//4859 2616//2616 4863//4863
f 4863//4863 2616//2616 4864//4864
f 2605//2605 2606//2606 4865//4865
f 4864//4864 2616//2616 4865//4865
f 4865//4865 2616//2616 2615//2615
f 4865//4865 2615//2615 2605//2605
f 2607//2607 4866//4866 2608//2608
f 2608//2608 4866//4866 4867//4867
f 2608//2608 4867//4867 2606//2606
f 2606//2606 4867//4867 4868//4868
f 2606//2606 4868//4868 4865//4865
f 2549//2549 2581//2581 4809//4809
f 3195//3195 3194//3194 4815//4815
f 4833//4833 4835//4835 3700//3700
f 4866//4866 2607//2607 3605//3605
f 3605//3605 2607//2607 2573//2573
f 3605//3605 2573//2573 3604//3604
f 3604//3604 2573//2573 2572//2572
f 3604//3604 2572//2572 3600//3600
f 3600//3600 2572//2572 2575//2575
f 3600//3600 2575//2575 3601//3601
f 4866//4866 3605//3605 4867//4867
f 4867//4867 3605//3605 3607//3607
f 4867//4867 3607//3607 4868//4868
f 3680//3680 4859//4859 3679//3679
f 3679//3679 4859//4859 4863//4863
f 3679//3679 4863//4863 3678//3678
f 3678//3678 4863//4863 4864//4864
f 3678//3678 4864//4864 3596//3596
f 3596//3596 4864//4864 4865//4865
f 3596//3596 4865//4865 3597//3597
f 3597//3597 4865//4865 4868//4868
f 3597//3597 4868//4868 3606//3606
f 3606//3606 4868//4868 3607//3607
f 3700//3700 4835//4835 4869//4869
f 4837//4837 4842//4842 4870//4870
f 4869//4869 4835//4835 4871//4871
f 4871//4871 4835//4835 4841//4841
f 4871//4871 4841//4841 4872//4872
f 4872//4872 4841//4841 4840//4840
f 4872//4872 4840//4840 4873//4873
f 4873//4873 4840//4840 4839//4839
f 4873//4873 4839//4839 4870//4870
f 4870//4870 4839//4839 4838//4838
f 4870//4870 4838//4838 4837//4837
f 4842//4842 4844//4844 4870//4870
f 4870//4870 4844//4844 4849//4849
f 4870//4870 4849//4849 4848//4848
f 4846//4846 4845//4845 4874//4874
f 4874//4874 4845//4845 4854//4854
f 4874//4874 4854//4854 4853//4853
f 4853//4853 4851//4851 4874//4874
f 4874//4874 4851//4851 4850//4850
f 4874//4874 4850//4850 4875//4875
f 4875//4875 4850//4850 4855//4855
f 4875//4875 4855//4855 4876//4876
f 4877//4877 4861//4861 3680//3680
f 3680//3680 4861//4861 4860//4860
f 3680//3680 4860//4860 4859//4859
f 4855//4855 4857//4857 4876//4876
f 4876//4876 4857//4857 4862//4862
f 4876//4876 4862//4862 4878//4878
f 4878//4878 4862//4862 4861//4861
f 4878//4878 4861//4861 4879//4879
f 4879//4879 4861//4861 4877//4877
f 3716//3716 3697//3697 4818//4818
f 4818//4818 4827//4827 3716//3716
f 3716//3716 4827//4827 4826//4826
f 3716//3716 4826//4826 3718//3718
f 3718//3718 4826//4826 4824//4824
f 3718//3718 4824//4824 3706//3706
f 3706//3706 4824//4824 4823//4823
f 3706//3706 4823//4823 3704//3704
f 3704//3704 4823//4823 4832//4832
f 3704//3704 4832//4832 3703//3703
f 3703//3703 4832//4832 4831//4831
f 3703//3703 4831//4831 3699//3699
f 3699//3699 4831//4831 4829//4829
f 3699//3699 4829//4829 3700//3700
f 3700//3700 4829//4829 4828//4828
f 3700//3700 4828//4828 4833//4833
f 3711//3711 4815//4815 3712//3712
f 3712//3712 4815//4815 4816//4816
f 3712//3712 4816//4816 3707//3707
f 4816//4816 4822//4822 3707//3707
f 3707//3707 4822//4822 4821//4821
f 3707//3707 4821//4821 3696//3696
f 3696//3696 4821//4821 4820//4820
f 3696//3696 4820//4820 3697//3697
f 3697//3697 4820//4820 4819//4819
f 3697//3697 4819//4819 4818//4818
f 3709//3709 3708//3708 3279//3279
f 3279//3279 3708//3708 3816//3816
f 3279//3279 3816//3816 3280//3280
f 3279//3279 3283//3283 3709//3709
f 3709//3709 3283//3283 3282//3282
f 3709//3709 3282//3282 3711//3711
f 3711//3711 3282//3282 3284//3284
f 3711//3711 3284//3284 4815//4815
f 4815//4815 3284//3284 3286//3286
f 4815//4815 3286//3286 3195//3195
f 4880//4880 4881//4881 4882//4882
f 4882//4882 4881//4881 4883//4883
f 4874//4874 4884//4884 4881//4881
f 4881//4881 4884//4884 4885//4885
f 4885//4885 4886//4886 4881//4881
f 4881//4881 4886//4886 4887//4887
f 4881//4881 4887//4887 4883//4883
f 4880//4880 4888//4888 4881//4881
f 4881//4881 4888//4888 4870//4870
f 4881//4881 4870//4870 4874//4874
f 4874//4874 4870//4870 4848//4848
f 4874//4874 4848//4848 4846//4846
f 3601//3601 2575//2575 3602//3602
f 3602//3602 2575//2575 2547//2547
f 3602//3602 2547//2547 3603//3603
f 4809//4809 3186//3186 3185//3185
f 3185//3185 3386//3386 4809//4809
f 4809//4809 3386//3386 3603//3603
f 4809//4809 3603//3603 2549//2549
f 2549//2549 3603//3603 2547//2547
f 3386//3386 3388//3388 3603//3603
f 3603//3603 3388//3388 3390//3390
f 3603//3603 3390//3390 3599//3599
f 3599//3599 3390//3390 3392//3392
f 3599//3599 3392//3392 3424//3424
f 3424//3424 3392//3392 3394//3394
f 3424//3424 3394//3394 3423//3423
f 3423//3423 3394//3394 3396//3396
f 1732//1732 2613//2613 3164//3164
f 3095//3095 4810//4810 3093//3093
f 4735//4735 4734//4734 4817//4817
f 541//541 540//540 4741//4741
f 4741//4741 540//540 4737//4737
f 541//541 4741//4741 537//537
f 537//537 4741//4741 4743//4743
f 537//537 4743//4743 536//536
f 571//571 535//535 4745//4745
f 4745//4745 535//535 534//534
f 4745//4745 534//534 4743//4743
f 4743//4743 534//534 533//533
f 4743//4743 533//533 536//536
f 540//540 539//539 4737//4737
f 4737//4737 539//539 538//538
f 4737//4737 538//538 4739//4739
f 33//33 42//42 4817//4817
f 538//538 544//544 4739//4739
f 4739//4739 544//544 543//543
f 4739//4739 543//543 4740//4740
f 4740//4740 543//543 542//542
f 4740//4740 542//542 4734//4734
f 4734//4734 542//542 2633//2633
f 4734//4734 2633//2633 4817//4817
f 4817//4817 2633//2633 34//34
f 4817//4817 34//34 33//33
f 37//37 4825//4825 39//39
f 39//39 4825//4825 4817//4817
f 39//39 4817//4817 41//41
f 41//41 4817//4817 42//42
f 4735//4735 4817//4817 4725//4725
f 4725//4725 4817//4817 4814//4814
f 4725//4725 4814//4814 4727//4727
f 4727//4727 4814//4814 4813//4813
f 4727//4727 4813//4813 4729//4729
f 3144//3144 3143//3143 4812//4812
f 4729//4729 4813//4813 4723//4723
f 4723//4723 4813//4813 4812//4812
f 4723//4723 4812//4812 4684//4684
f 4684//4684 4812//4812 3143//3143
f 4684//4684 3143//3143 3142//3142
f 4810//4810 3095//3095 4811//4811
f 3095//3095 3097//3097 4811//4811
f 4811//4811 3097//3097 3101//3101
f 4811//4811 3101//3101 3119//3119
f 3119//3119 3101//3101 3099//3099
f 3119//3119 3099//3099 3098//3098
f 3098//3098 3107//3107 3119//3119
f 3119//3119 3107//3107 3106//3106
f 3119//3119 3106//3106 3105//3105
f 3119//3119 3141//3141 4811//4811
f 4811//4811 3141//3141 3140//3140
f 4811//4811 3140//3140 4812//4812
f 4812//4812 3140//3140 3145//3145
f 4812//4812 3145//3145 3144//3144
f 4856//4856 2614//2614 4858//4858
f 4858//4858 2614//2614 2618//2618
f 4858//4858 2618//2618 2617//2617
f 4852//4852 3164//3164 4856//4856
f 4856//4856 3164//3164 2613//2613
f 4856//4856 2613//2613 2614//2614
f 3173//3173 85//85 91//91
f 1736//1736 1735//1735 1500//1500
f 94//94 1734//1734 4889//4889
f 4889//4889 1734//1734 1736//1736
f 1736//1736 1500//1500 4889//4889
f 4889//4889 1500//1500 1499//1499
f 4889//4889 1499//1499 94//94
f 1732//1732 3164//3164 1455//1455
f 1455//1455 3164//3164 3173//3173
f 1455//1455 3173//3173 1499//1499
f 1499//1499 3173//3173 91//91
f 1499//1499 91//91 94//94
f 3165//3165 89//89 3163//3163
f 3163//3163 89//89 75//75
f 85//85 3173//3173 84//84
f 84//84 3173//3173 3174//3174
f 84//84 3174//3174 83//83
f 83//83 3174//3174 3176//3176
f 83//83 3176//3176 81//81
f 81//81 3176//3176 3178//3178
f 81//81 3178//3178 82//82
f 82//82 3178//3178 3177//3177
f 82//82 3177//3177 72//72
f 72//72 3177//3177 3175//3175
f 72//72 3175//3175 70//70
f 70//70 3175//3175 3172//3172
f 70//70 3172//3172 68//68
f 68//68 3172//3172 3171//3171
f 68//68 3171//3171 75//75
f 75//75 3171//3171 3170//3170
f 75//75 3170//3170 3163//3163
f 4834//4834 4830//4830 87//87
f 37//37 36//36 4825//4825
f 4825//4825 36//36 189//189
f 4825//4825 189//189 4830//4830
f 4830//4830 189//189 88//88
f 4830//4830 88//88 87//87
f 87//87 89//89 4834//4834
f 4834//4834 89//89 3165//3165
f 4834//4834 3165//3165 4836//4836
f 4836//4836 3165//3165 3169//3169
f 4836//4836 3169//3169 4843//4843
f 4843//4843 3169//3169 3168//3168
f 4843//4843 3168//3168 4847//4847
f 4847//4847 3168//3168 3167//3167
f 4847//4847 3167//3167 4852//4852
f 4852//4852 3167//3167 3166//3166
f 4852//4852 3166//3166 3164//3164
f 3125//3125 2627//2627 3146//3146
f 3146//3146 2627//2627 2626//2626
f 3151//3151 3149//3149 2630//2630
f 2630//2630 3149//3149 2631//2631
f 2623//2623 2622//2622 3089//3089
f 3089//3089 2622//2622 2619//2619
f 3089//3089 2619//2619 2631//2631
f 3149//3149 3148//3148 2631//2631
f 2631//2631 3148//3148 3155//3155
f 2631//2631 3155//3155 3089//3089
f 3089//3089 3155//3155 3162//3162
f 3089//3089 3162//3162 3090//3090
f 2630//2630 2627//2627 3151//3151
f 3151//3151 2627//2627 3125//3125
f 3151//3151 3125//3125 3156//3156
f 3156//3156 3125//3125 3124//3124
f 3156//3156 3124//3124 3147//3147
f 3147//3147 3124//3124 3114//3114
f 4566//4566 619//619 4192//4192
f 4192//4192 619//619 621//621
f 4192//4192 621//621 4890//4890
f 4890//4890 621//621 661//661
f 4890//4890 661//661 4891//4891
f 4891//4891 661//661 659//659
f 4892//4892 4439//4439 4587//4587
f 4439//4439 4892//4892 4440//4440
f 4438//4438 4437//4437 4892//4892
f 4892//4892 4437//4437 4488//4488
f 4892//4892 4488//4488 4440//4440
f 4433//4433 4471//4471 4892//4892
f 4892//4892 4471//4471 4464//4464
f 4892//4892 4464//4464 4438//4438
f 4566//4566 4192//4192 4587//4587
f 4587//4587 4192//4192 4194//4194
f 4587//4587 4194//4194 4892//4892
f 4892//4892 4194//4194 4196//4196
f 4892//4892 4196//4196 4433//4433
f 4228//4228 2973//2973 2972//2972
f 4598//4598 4599//4599 2970//2970
f 2970//2970 4599//4599 2971//2971
f 2971//2971 4599//4599 4601//4601
f 2971//2971 4601//4601 2972//2972
f 2753//2753 4228//4228 2754//2754
f 2754//2754 4228//4228 2972//2972
f 2754//2754 2972//2972 4602//4602
f 4602//4602 2972//2972 4601//4601
f 2970//2970 2975//2975 4598//4598
f 4598//4598 2975//2975 2977//2977
f 4598//4598 2977//2977 4593//4593
f 4593//4593 2977//2977 2978//2978
f 4593//4593 2978//2978 4591//4591
f 4591//4591 2978//2978 2980//2980
f 4591//4591 2980//2980 4589//4589
f 4589//4589 2980//2980 2981//2981
f 4589//4589 2981//2981 2983//2983
f 2490//2490 2489//2489 4893//4893
f 4720//4720 4721//4721 2377//2377
f 2377//2377 4721//4721 4756//4756
f 2377//2377 4756//4756 2378//2378
f 2378//2378 4756//4756 4755//4755
f 2378//2378 4755//4755 2421//2421
f 2421//2421 4755//4755 4687//4687
f 2421//2421 4687//4687 2419//2419
f 2419//2419 4687//4687 2418//2418
f 2418//2418 4687//4687 4686//4686
f 2418//2418 4686//4686 2416//2416
f 2416//2416 4686//4686 2414//2414
f 2414//2414 4686//4686 4722//4722
f 2414//2414 4722//4722 2367//2367
f 2367//2367 4722//4722 4761//4761
f 2367//2367 4761//4761 2368//2368
f 4761//4761 4732//4732 2368//2368
f 2368//2368 4732//4732 4685//4685
f 2368//2368 4685//4685 2632//2632
f 2632//2632 4685//4685 3142//3142
f 2632//2632 3142//3142 2641//2641
f 3976//3976 4717//4717 4894//4894
f 4894//4894 4717//4717 4719//4719
f 4894//4894 4719//4719 4893//4893
f 4893//4893 4719//4719 4720//4720
f 4893//4893 4720//4720 2490//2490
f 2490//2490 4720//4720 2377//2377
f 3976//3976 3978//3978 4717//4717
f 4717//4717 3978//3978 3979//3979
f 4717//4717 3979//3979 3981//3981
f 3987//3987 3988//3988 4710//4710
f 3981//3981 3983//3983 4717//4717
f 4717//4717 3983//3983 3987//3987
f 4717//4717 3987//3987 4709//4709
f 4709//4709 3987//3987 4710//4710
f 3988//3988 3959//3959 4710//4710
f 4710//4710 3959//3959 3958//3958
f 4710//4710 3958//3958 3993//3993
f 4714//4714 4713//4713 3993//3993
f 3993//3993 4713//4713 4712//4712
f 3993//3993 4712//4712 4710//4710
f 3990//3990 4702//4702 3995//3995
f 3995//3995 4702//4702 4716//4716
f 3995//3995 4716//4716 3993//3993
f 3993//3993 4716//4716 4715//4715
f 3993//3993 4715//4715 4714//4714
f 4001//4001 4000//4000 4802//4802
f 4802//4802 4803//4803 4001//4001
f 4001//4001 4803//4803 4804//4804
f 4001//4001 4804//4804 4805//4805
f 3990//3990 3989//3989 4702//4702
f 4702//4702 3989//3989 4001//4001
f 4702//4702 4001//4001 4703//4703
f 4703//4703 4001//4001 4805//4805
f 4000//4000 4003//4003 4802//4802
f 4802//4802 4003//4003 4008//4008
f 4802//4802 4008//4008 4808//4808
f 4008//4008 4009//4009 4808//4808
f 4808//4808 4009//4009 4007//4007
f 4808//4808 4007//4007 4895//4895
f 4895//4895 4007//4007 4006//4006
f 3974//3974 3976//3976 4894//4894
f 4788//4788 4787//4787 4894//4894
f 3942//3942 2013//2013 2012//2012
f 2671//2671 2670//2670 3942//3942
f 3942//3942 2670//2670 2669//2669
f 2669//2669 2829//2829 3942//3942
f 3942//3942 2829//2829 2014//2014
f 3942//3942 2014//2014 2013//2013
f 2011//2011 3944//3944 2012//2012
f 2012//2012 3944//3944 3943//3943
f 2012//2012 3943//3943 3942//3942
f 2010//2010 3945//3945 2011//2011
f 2011//2011 3945//3945 3946//3946
f 2011//2011 3946//3946 3944//3944
f 3262//3262 3263//3263 3939//3939
f 1423//1423 3262//3262 1424//1424
f 1424//1424 3262//3262 3939//3939
f 1424//1424 3939//3939 1433//1433
f 1433//1433 3939//3939 2001//2001
f 2001//2001 3939//3939 2015//2015
f 2015//2015 3939//3939 3940//3940
f 2015//2015 3940//3940 2010//2010
f 2010//2010 3940//3940 3941//3941
f 2010//2010 3941//3941 3945//3945
f 2489//2489 2488//2488 4893//4893
f 4893//4893 2488//2488 2481//2481
f 2771//2771 3262//3262 2485//2485
f 2485//2485 3262//3262 1423//1423
f 2485//2485 1423//1423 2480//2480
f 2480//2480 1423//1423 2156//2156
f 2480//2480 2156//2156 2481//2481
f 2481//2481 2156//2156 2155//2155
f 2481//2481 2155//2155 4893//4893
f 4893//4893 2155//2155 2785//2785
f 4788//4788 4894//4894 4789//4789
f 4789//4789 4894//4894 4893//4893
f 4789//4789 4893//4893 4790//4790
f 4790//4790 4893//4893 2785//2785
f 4790//4790 2785//2785 2786//2786
f 4787//4787 4786//4786 3962//3962
f 3962//3962 3964//3964 4787//4787
f 4787//4787 3964//3964 3966//3966
f 4787//4787 3966//3966 3968//3968
f 3968//3968 3969//3969 4787//4787
f 4787//4787 3969//3969 3971//3971
f 4787//4787 3971//3971 4894//4894
f 4894//4894 3971//3971 3973//3973
f 4894//4894 3973//3973 3974//3974
f 4784//4784 3991//3991 3998//3998
f 3998//3998 3994//3994 4784//4784
f 4784//4784 3994//3994 3997//3997
f 4784//4784 3997//3997 4785//4785
f 4785//4785 3997//3997 3996//3996
f 4785//4785 3996//3996 4786//4786
f 4786//4786 3996//3996 3960//3960
f 4786//4786 3960//3960 3962//3962
f 4895//4895 4006//4006 4005//4005
f 4004//4004 4807//4807 4005//4005
f 4005//4005 4807//4807 4808//4808
f 4005//4005 4808//4808 4895//4895
f 4784//4784 4783//4783 3991//3991
f 3991//3991 4783//4783 4896//4896
f 3991//3991 4896//4896 4897//4897
f 4004//4004 4002//4002 4807//4807
f 4807//4807 4002//4002 3999//3999
f 4807//4807 3999//3999 4898//4898
f 4898//4898 3999//3999 3991//3991
f 4898//4898 3991//3991 4899//4899
f 4899//4899 3991//3991 4897//4897
f 2811//2811 2813//2813 4900//4900
f 4900//4900 2813//2813 2815//2815
f 4900//4900 2815//2815 4806//4806
f 4783//4783 4782//4782 4896//4896
f 4896//4896 4782//4782 2810//2810
f 4896//4896 2810//2810 4897//4897
f 4897//4897 2810//2810 2805//2805
f 4897//4897 2805//2805 4899//4899
f 4899//4899 2805//2805 2807//2807
f 4899//4899 2807//2807 4898//4898
f 4898//4898 2807//2807 2814//2814
f 4898//4898 2814//2814 2812//2812
f 4807//4807 4898//4898 4806//4806
f 4806//4806 4898//4898 2812//2812
f 4806//4806 2812//2812 4900//4900
f 4900//4900 2812//2812 2811//2811
f 3591//3591 3590//3590 4901//4901
f 4902//4902 4057//4057 4056//4056
f 4903//4903 4133//4133 4130//4130
f 4904//4904 4905//4905 4906//4906
f 4906//4906 4905//4905 4907//4907
f 4906//4906 4907//4907 4061//4061
f 4908//4908 4909//4909 4910//4910
f 4910//4910 4909//4909 4911//4911
f 3588//3588 3587//3587 4912//4912
f 4912//4912 3587//3587 3628//3628
f 4913//4913 4914//4914 4915//4915
f 4061//4061 4062//4062 4906//4906
f 4906//4906 4062//4062 4913//4913
f 4906//4906 4913//4913 4904//4904
f 4904//4904 4913//4913 4915//4915
f 4904//4904 4915//4915 4916//4916
f 4128//4128 4133//4133 4917//4917
f 4917//4917 4133//4133 4903//4903
f 4917//4917 4903//4903 4918//4918
f 4914//4914 4919//4919 4915//4915
f 4915//4915 4919//4919 4920//4920
f 4915//4915 4920//4920 4916//4916
f 3648//3648 3649//3649 4087//4087
f 4087//4087 3649//3649 4921//4921
f 4087//4087 4921//4921 4088//4088
f 4088//4088 4921//4921 4132//4132
f 4131//4131 4132//4132 4922//4922
f 4922//4922 4132//4132 4921//4921
f 4922//4922 4921//4921 4901//4901
f 4901//4901 4921//4921 3649//3649
f 4901//4901 3649//3649 3591//3591
f 4130//4130 4131//4131 4923//4923
f 4923//4923 4131//4131 4922//4922
f 4923//4923 4922//4922 4924//4924
f 4924//4924 4922//4922 4901//4901
f 4924//4924 4901//4901 4912//4912
f 4912//4912 4901//4901 3590//3590
f 4912//4912 3590//3590 3588//3588
f 3537//3537 4908//4908 3539//3539
f 3539//3539 4908//4908 4910//4910
f 3539//3539 4910//4910 3540//3540
f 3540//3540 4910//4910 3532//3532
f 4920//4920 4925//4925 4916//4916
f 4916//4916 4925//4925 4911//4911
f 4916//4916 4911//4911 4904//4904
f 4904//4904 4911//4911 4909//4909
f 4904//4904 4909//4909 4905//4905
f 4905//4905 4909//4909 4908//4908
f 4905//4905 4908//4908 4907//4907
f 4907//4907 4908//4908 3537//3537
f 4907//4907 3537//3537 4061//4061
f 4061//4061 3537//3537 3536//3536
f 4061//4061 3536//3536 3465//3465
f 4056//4056 4128//4128 4902//4902
f 4902//4902 4128//4128 4917//4917
f 4902//4902 4917//4917 4057//4057
f 4057//4057 4917//4917 4918//4918
f 4057//4057 4918//4918 4070//4070
f 4070//4070 4918//4918 4926//4926
f 4070//4070 4926//4926 4068//4068
f 4068//4068 4926//4926 4063//4063
f 3528//3528 3530//3530 3628//3628
f 3628//3628 3530//3530 3532//3532
f 3628//3628 3532//3532 4912//4912
f 4912//4912 3532//3532 4910//4910
f 4912//4912 4910//4910 4924//4924
f 4924//4924 4910//4910 4911//4911
f 4924//4924 4911//4911 4923//4923
f 4923//4923 4911//4911 4925//4925
f 4923//4923 4925//4925 4130//4130
f 4130//4130 4925//4925 4920//4920
f 4130//4130 4920//4920 4903//4903
f 4903//4903 4920//4920 4919//4919
f 4903//4903 4919//4919 4918//4918
f 4918//4918 4919//4919 4914//4914
f 4918//4918 4914//4914 4926//4926
f 4926//4926 4914//4914 4913//4913
f 4926//4926 4913//4913 4063//4063
f 4063//4063 4913//4913 4062//4062
f 4927//4927 3615//3615 3613//3613
f 4928//4928 4929//4929 4930//4930
f 4931//4931 4932//4932 4933//4933
f 3034//3034 4934//4934 3033//3033
f 3019//3019 4081//4081 4080//4080
f 3013//3013 4935//4935 3016//3016
f 4262//4262 4936//4936 4260//4260
f 4219//4219 4214//4214 4937//4937
f 4193//4193 4938//4938 4195//4195
f 4870//4870 4888//4888 4939//4939
f 4940//4940 4879//4879 4877//4877
f 4879//4879 4940//4940 4878//4878
f 4878//4878 4940//4940 4941//4941
f 4878//4878 4941//4941 4876//4876
f 4876//4876 4941//4941 4942//4942
f 4876//4876 4942//4942 4875//4875
f 4875//4875 4942//4942 4943//4943
f 4875//4875 4943//4943 4874//4874
f 4874//4874 4943//4943 4944//4944
f 4874//4874 4944//4944 4884//4884
f 4884//4884 4944//4944 4945//4945
f 4884//4884 4945//4945 4885//4885
f 4946//4946 4887//4887 4886//4886
f 4883//4883 4887//4887 4947//4947
f 4947//4947 4887//4887 4946//4946
f 4947//4947 4946//4946 4948//4948
f 659//659 657//657 4949//4949
f 4949//4949 657//657 656//656
f 3753//3753 4938//4938 3754//3754
f 3754//3754 4938//4938 4193//4193
f 3754//3754 4193//4193 3755//3755
f 3755//3755 4193//4193 4192//4192
f 3755//3755 4192//4192 3756//3756
f 3756//3756 4192//4192 4890//4890
f 3756//3756 4890//4890 4949//4949
f 4949//4949 4890//4890 4891//4891
f 4949//4949 4891//4891 659//659
f 4950//4950 4197//4197 4195//4195
f 4207//4207 4205//4205 4951//4951
f 4951//4951 4205//4205 4952//4952
f 4952//4952 4205//4205 4203//4203
f 4952//4952 4203//4203 4201//4201
f 4211//4211 4209//4209 4953//4953
f 4219//4219 4937//4937 4222//4222
f 4191//4191 4225//4225 4954//4954
f 4954//4954 4225//4225 4223//4223
f 4186//4186 4180//4180 4955//4955
f 4955//4955 4180//4180 4182//4182
f 4285//4285 4184//4184 4956//4956
f 4956//4956 4184//4184 4183//4183
f 4956//4956 4183//4183 4186//4186
f 4289//4289 4282//4282 4957//4957
f 4957//4957 4282//4282 4284//4284
f 4290//4290 4958//4958 4291//4291
f 4291//4291 4958//4958 4959//4959
f 4960//4960 4293//4293 4959//4959
f 4959//4959 4293//4293 4292//4292
f 4959//4959 4292//4292 4291//4291
f 4262//4262 4264//4264 4961//4961
f 4264//4264 4266//4266 4961//4961
f 4961//4961 4266//4266 4288//4288
f 4961//4961 4288//4288 4960//4960
f 4960//4960 4288//4288 4294//4294
f 4960//4960 4294//4294 4293//4293
f 4260//4260 4936//4936 4257//4257
f 4257//4257 4936//4936 4962//4962
f 4257//4257 4962//4962 4255//4255
f 4963//4963 730//730 727//727
f 727//727 725//725 4963//4963
f 4963//4963 725//725 723//723
f 4963//4963 723//723 4962//4962
f 4962//4962 723//723 700//700
f 4962//4962 700//700 4255//4255
f 781//781 733//733 4964//4964
f 4964//4964 733//733 732//732
f 4964//4964 732//732 4965//4965
f 4965//4965 732//732 730//730
f 4965//4965 730//730 4966//4966
f 4966//4966 730//730 4963//4963
f 779//779 3654//3654 3652//3652
f 4935//4935 3013//3013 4967//4967
f 3013//3013 3014//3014 4967//4967
f 4967//4967 3014//3014 3015//3015
f 4967//4967 3015//3015 4968//4968
f 4968//4968 3015//3015 3012//3012
f 4081//4081 3019//3019 4083//4083
f 4110//4110 3022//3022 4108//4108
f 4108//4108 3022//3022 3021//3021
f 4108//4108 3021//3021 4080//4080
f 4080//4080 3021//3021 3020//3020
f 4080//4080 3020//3020 3019//3019
f 3024//3024 613//613 4110//4110
f 4110//4110 613//613 3023//3023
f 4110//4110 3023//3023 3022//3022
f 4169//4169 3026//3026 4137//4137
f 4137//4137 3026//3026 3024//3024
f 4137//4137 3024//3024 4112//4112
f 4112//4112 3024//3024 4110//4110
f 4167//4167 3028//3028 4169//4169
f 4169//4169 3028//3028 3027//3027
f 4169//4169 3027//3027 3026//3026
f 4164//4164 3029//3029 4167//4167
f 4167//4167 3029//3029 3025//3025
f 4167//4167 3025//3025 3028//3028
f 3030//3030 4969//4969 3031//3031
f 3031//3031 4969//4969 4970//4970
f 3031//3031 4970//4970 3032//3032
f 4971//4971 3727//3727 4972//4972
f 4972//4972 3727//3727 3725//3725
f 4972//4972 3725//3725 4973//4973
f 3725//3725 3723//3723 4973//4973
f 4973//4973 3723//3723 3701//3701
f 4973//4973 3701//3701 4974//4974
f 4974//4974 3701//3701 3700//3700
f 4974//4974 3700//3700 4869//4869
f 4871//4871 4872//4872 4975//4975
f 4975//4975 4872//4872 4976//4976
f 4975//4975 4976//4976 4977//4977
f 4977//4977 4976//4976 4978//4978
f 4977//4977 4978//4978 4979//4979
f 4979//4979 4978//4978 4980//4980
f 4979//4979 4980//4980 4981//4981
f 4981//4981 4980//4980 4982//4982
f 4981//4981 4982//4982 4983//4983
f 4983//4983 4982//4982 4984//4984
f 4983//4983 4984//4984 4985//4985
f 4985//4985 4984//4984 4986//4986
f 4985//4985 4986//4986 4987//4987
f 4987//4987 4986//4986 4988//4988
f 4987//4987 4988//4988 4989//4989
f 4872//4872 4873//4873 4976//4976
f 4976//4976 4873//4873 4990//4990
f 4976//4976 4990//4990 4978//4978
f 4978//4978 4990//4990 4991//4991
f 4978//4978 4991//4991 4980//4980
f 4980//4980 4991//4991 4992//4992
f 4980//4980 4992//4992 4982//4982
f 4982//4982 4992//4992 4993//4993
f 4982//4982 4993//4993 4984//4984
f 4984//4984 4993//4993 4994//4994
f 4984//4984 4994//4994 4986//4986
f 4986//4986 4994//4994 4995//4995
f 4986//4986 4995//4995 4988//4988
f 4222//4222 4937//4937 4223//4223
f 4223//4223 4937//4937 4996//4996
f 4223//4223 4996//4996 4954//4954
f 4954//4954 4996//4996 4997//4997
f 4954//4954 4997//4997 4998//4998
f 4888//4888 4880//4880 4939//4939
f 4939//4939 4880//4880 4882//4882
f 4939//4939 4882//4882 4999//4999
f 4999//4999 4882//4882 5000//5000
f 4999//4999 5000//5000 5001//5001
f 5001//5001 5000//5000 5002//5002
f 5001//5001 5002//5002 5003//5003
f 5003//5003 5002//5002 5004//5004
f 5003//5003 5004//5004 4997//4997
f 4997//4997 5004//5004 5005//5005
f 4997//4997 5005//5005 4998//4998
f 4882//4882 4883//4883 5000//5000
f 5000//5000 4883//4883 4947//4947
f 5000//5000 4947//4947 5002//5002
f 5002//5002 4947//4947 4948//4948
f 5002//5002 4948//4948 5004//5004
f 5004//5004 4948//4948 5006//5006
f 5004//5004 5006//5006 5005//5005
f 4186//4186 4955//4955 4956//4956
f 4956//4956 4955//4955 5007//5007
f 4956//4956 5007//5007 5008//5008
f 5008//5008 5007//5007 5009//5009
f 5008//5008 5009//5009 5010//5010
f 5010//5010 5011//5011 5008//5008
f 5008//5008 5011//5011 4957//4957
f 5008//5008 4957//4957 4956//4956
f 4956//4956 4957//4957 4284//4284
f 4956//4956 4284//4284 4285//4285
f 5012//5012 4931//4931 5013//5013
f 4931//4931 4933//4933 5013//5013
f 5013//5013 4933//4933 5014//5014
f 5013//5013 5014//5014 5015//5015
f 5015//5015 5014//5014 5016//5016
f 5015//5015 5016//5016 5017//5017
f 5012//5012 4929//4929 5018//5018
f 5018//5018 4929//4929 4928//4928
f 5018//5018 4928//4928 5019//5019
f 5020//5020 5019//5019 5021//5021
f 5021//5021 5019//5019 4928//4928
f 5021//5021 4928//4928 5022//5022
f 5022//5022 4928//4928 4930//4930
f 5022//5022 4930//4930 5023//5023
f 5024//5024 5025//5025 5026//5026
f 5027//5027 5024//5024 5028//5028
f 5028//5028 5024//5024 5026//5026
f 5028//5028 5026//5026 4927//4927
f 4927//4927 5026//5026 3617//3617
f 4927//4927 3617//3617 3615//3615
f 5012//5012 5013//5013 4929//4929
f 4929//4929 5013//5013 5015//5015
f 4929//4929 5015//5015 4930//4930
f 4930//4930 5015//5015 5017//5017
f 4930//4930 5017//5017 5023//5023
f 4885//4885 4945//4945 4886//4886
f 4886//4886 4945//4945 5029//5029
f 4886//4886 5029//5029 4946//4946
f 4946//4946 5029//5029 5010//5010
f 4946//4946 5010//5010 4948//4948
f 4948//4948 5010//5010 5009//5009
f 4948//4948 5009//5009 5006//5006
f 5006//5006 5009//5009 5007//5007
f 5006//5006 5007//5007 5005//5005
f 5005//5005 5007//5007 4955//4955
f 5005//5005 4955//4955 4998//4998
f 4998//4998 4955//4955 4182//4182
f 4998//4998 4182//4182 4954//4954
f 4954//4954 4182//4182 4190//4190
f 4954//4954 4190//4190 4191//4191
f 4940//4940 5030//5030 4941//4941
f 4941//4941 5030//5030 5031//5031
f 4941//4941 5031//5031 4942//4942
f 4942//4942 5031//5031 5032//5032
f 4942//4942 5032//5032 4943//4943
f 4943//4943 5032//5032 5033//5033
f 4943//4943 5033//5033 4944//4944
f 4944//4944 5033//5033 5034//5034
f 4944//4944 5034//5034 4945//4945
f 4945//4945 5034//5034 5035//5035
f 4945//4945 5035//5035 5029//5029
f 5029//5029 5035//5035 5036//5036
f 5029//5029 5036//5036 5010//5010
f 5010//5010 5036//5036 5037//5037
f 5010//5010 5037//5037 5011//5011
f 4877//4877 3680//3680 4940//4940
f 4940//4940 3680//3680 3620//3620
f 4940//4940 3620//3620 5030//5030
f 5030//5030 3620//3620 5038//5038
f 5030//5030 5038//5038 5031//5031
f 5031//5031 5038//5038 5039//5039
f 5031//5031 5039//5039 5032//5032
f 5032//5032 5039//5039 5040//5040
f 5032//5032 5040//5040 5033//5033
f 5033//5033 5040//5040 5041//5041
f 5033//5033 5041//5041 5034//5034
f 5034//5034 5041//5041 5042//5042
f 5034//5034 5042//5042 5035//5035
f 5035//5035 5042//5042 5043//5043
f 5035//5035 5043//5043 5036//5036
f 5036//5036 5043//5043 5044//5044
f 5036//5036 5044//5044 5037//5037
f 5037//5037 5044//5044 5045//5045
f 5037//5037 5045//5045 5011//5011
f 5011//5011 5045//5045 4958//4958
f 5011//5011 4958//4958 4957//4957
f 4957//4957 4958//4958 4290//4290
f 4957//4957 4290//4290 4289//4289
f 3622//3622 3624//3624 5025//5025
f 5025//5025 3624//3624 3625//3625
f 5025//5025 3625//3625 5026//5026
f 5026//5026 3625//3625 3618//3618
f 5026//5026 3618//3618 3617//3617
f 4967//4967 5046//5046 4935//4935
f 4935//4935 5046//5046 5047//5047
f 4935//4935 5047//5047 3016//3016
f 3016//3016 5047//5047 5048//5048
f 3016//3016 5048//5048 3017//3017
f 3017//3017 5048//5048 5049//5049
f 3017//3017 5049//5049 3018//3018
f 3643//3643 4124//4124 5046//5046
f 5046//5046 4124//4124 4126//4126
f 5046//5046 4126//4126 5047//5047
f 5047//5047 4126//4126 4122//4122
f 5047//5047 4122//4122 5048//5048
f 5048//5048 4122//4122 4083//4083
f 5048//5048 4083//4083 5049//5049
f 5049//5049 4083//4083 3019//3019
f 5049//5049 3019//3019 3018//3018
f 3643//3643 5046//5046 3642//3642
f 3642//3642 5046//5046 4967//4967
f 3642//3642 4967//4967 3651//3651
f 3651//3651 4967//4967 4968//4968
f 3651//3651 4968//4968 3652//3652
f 3652//3652 4968//4968 3012//3012
f 3652//3652 3012//3012 779//779
f 779//779 780//780 3654//3654
f 3654//3654 780//780 781//781
f 3654//3654 781//781 3673//3673
f 3673//3673 781//781 4964//4964
f 3673//3673 4964//4964 3667//3667
f 3667//3667 4964//4964 4965//4965
f 4262//4262 4961//4961 4936//4936
f 4936//4936 4961//4961 5050//5050
f 4936//4936 5050//5050 4962//4962
f 4962//4962 5050//5050 5051//5051
f 4962//4962 5051//5051 4963//4963
f 4963//4963 5051//5051 5052//5052
f 4963//4963 5052//5052 4966//4966
f 4966//4966 5052//5052 3670//3670
f 4966//4966 3670//3670 4965//4965
f 4965//4965 3670//3670 3668//3668
f 4965//4965 3668//3668 3667//3667
f 3740//3740 3739//3739 5053//5053
f 5054//5054 3738//3738 3737//3737
f 3033//3033 4934//4934 656//656
f 656//656 4934//4934 5054//5054
f 656//656 5054//5054 4949//4949
f 4949//4949 5054//5054 3737//3737
f 4949//4949 3737//3737 3756//3756
f 3032//3032 4970//4970 3034//3034
f 3034//3034 4970//4970 5055//5055
f 3034//3034 5055//5055 4934//4934
f 4934//4934 5055//5055 5053//5053
f 4934//4934 5053//5053 5054//5054
f 5054//5054 5053//5053 3739//3739
f 5054//5054 3739//3739 3738//3738
f 3740//3740 5053//5053 4138//4138
f 4138//4138 5053//5053 5055//5055
f 4138//4138 5055//5055 4162//4162
f 4162//4162 5055//5055 4970//4970
f 4162//4162 4970//4970 4163//4163
f 4163//4163 4970//4970 4969//4969
f 4163//4163 4969//4969 4164//4164
f 4164//4164 4969//4969 3030//3030
f 4164//4164 3030//3030 3029//3029
f 4195//4195 4938//4938 4950//4950
f 4950//4950 4938//4938 3753//3753
f 4950//4950 3753//3753 5056//5056
f 5056//5056 3753//3753 3788//3788
f 5056//5056 3788//3788 5057//5057
f 3791//3791 5058//5058 3790//3790
f 3790//3790 5058//5058 5057//5057
f 3790//3790 5057//5057 3789//3789
f 3789//3789 5057//5057 3788//3788
f 5058//5058 4951//4951 5057//5057
f 5057//5057 4951//4951 4952//4952
f 5057//5057 4952//4952 5056//5056
f 5056//5056 4952//4952 4201//4201
f 5056//5056 4201//4201 4950//4950
f 4950//4950 4201//4201 4199//4199
f 4950//4950 4199//4199 4197//4197
f 4213//4213 4211//4211 5059//5059
f 5059//5059 4211//4211 4953//4953
f 5059//5059 4953//4953 5060//5060
f 5060//5060 4953//4953 5061//5061
f 5060//5060 5061//5061 5062//5062
f 5062//5062 5061//5061 5063//5063
f 5062//5062 5063//5063 5064//5064
f 5064//5064 5063//5063 5065//5065
f 5064//5064 5065//5065 5066//5066
f 5066//5066 5065//5065 5067//5067
f 5066//5066 5067//5067 4971//4971
f 4209//4209 4207//4207 4953//4953
f 4953//4953 4207//4207 4951//4951
f 4953//4953 4951//4951 5061//5061
f 5061//5061 4951//4951 5058//5058
f 5061//5061 5058//5058 5063//5063
f 5063//5063 5058//5058 3791//3791
f 5063//5063 3791//3791 5065//5065
f 5065//5065 3791//3791 3792//3792
f 5065//5065 3792//3792 5067//5067
f 5067//5067 3792//3792 3793//3793
f 5067//5067 3793//3793 4971//4971
f 4971//4971 3793//3793 3794//3794
f 4971//4971 3794//3794 3727//3727
f 4873//4873 4870//4870 4990//4990
f 4990//4990 4870//4870 4939//4939
f 4990//4990 4939//4939 4991//4991
f 4991//4991 4939//4939 4999//4999
f 4991//4991 4999//4999 4992//4992
f 4992//4992 4999//4999 5001//5001
f 4992//4992 5001//5001 4993//4993
f 4993//4993 5001//5001 5003//5003
f 4993//4993 5003//5003 4994//4994
f 4994//4994 5003//5003 4997//4997
f 4994//4994 4997//4997 4995//4995
f 4995//4995 4997//4997 4996//4996
f 4995//4995 4996//4996 4988//4988
f 4988//4988 4996//4996 4937//4937
f 4988//4988 4937//4937 4989//4989
f 4989//4989 4937//4937 4214//4214
f 4989//4989 4214//4214 4216//4216
f 4869//4869 4871//4871 4974//4974
f 4974//4974 4871//4871 4975//4975
f 4974//4974 4975//4975 4973//4973
f 4973//4973 4975//4975 4977//4977
f 4973//4973 4977//4977 4972//4972
f 4972//4972 4977//4977 4979//4979
f 4972//4972 4979//4979 4971//4971
f 4971//4971 4979//4979 4981//4981
f 4971//4971 4981//4981 5066//5066
f 5066//5066 4981//4981 4983//4983
f 5066//5066 4983//4983 5064//5064
f 5064//5064 4983//4983 4985//4985
f 5064//5064 4985//4985 5062//5062
f 5062//5062 4985//4985 4987//4987
f 5062//5062 4987//4987 5060//5060
f 5060//5060 4987//4987 4989//4989
f 5060//5060 4989//4989 5059//5059
f 5059//5059 4989//4989 4216//4216
f 5059//5059 4216//4216 4213//4213
f 5023//5023 5027//5027 5022//5022
f 5022//5022 5027//5027 5028//5028
f 5022//5022 5028//5028 5021//5021
f 5021//5021 5028//5028 4927//4927
f 5021//5021 4927//4927 5020//5020
f 5020//5020 4927//4927 3613//3613
f 5020//5020 3613//3613 3671//3671
f 3620//3620 3622//3622 5038//5038
f 5038//5038 3622//3622 5025//5025
f 5038//5038 5025//5025 5039//5039
f 5039//5039 5025//5025 5024//5024
f 5039//5039 5024//5024 5040//5040
f 5040//5040 5024//5024 5027//5027
f 5040//5040 5027//5027 5041//5041
f 5041//5041 5027//5027 5023//5023
f 5041//5041 5023//5023 5042//5042
f 5042//5042 5023//5023 5017//5017
f 5042//5042 5017//5017 5043//5043
f 5043//5043 5017//5017 5016//5016
f 5043//5043 5016//5016 5044//5044
f 5044//5044 5016//5016 5014//5014
f 5044//5044 5014//5014 5045//5045
f 5045//5045 5014//5014 4933//4933
f 5045//5045 4933//4933 4958//4958
f 4958//4958 4933//4933 4932//4932
f 4958//4958 4932//4932 4959//4959
f 4959//4959 4932//4932 4931//4931
f 4959//4959 4931//4931 4960//4960
f 4960//4960 4931//4931 5012//5012
f 4960//4960 5012//5012 4961//4961
f 4961//4961 5012//5012 5018//5018
f 4961//4961 5018//5018 5050//5050
f 5050//5050 5018//5018 5019//5019
f 5050//5050 5019//5019 5051//5051
f 5051//5051 5019//5019 5020//5020
f 5051//5051 5020//5020 5052//5052
f 5052//5052 5020//5020 3671//3671
f 5052//5052 3671//3671 3670//3670
