# https://github.com/mikedh/trimesh

o left_finger1_link2.STL
v 0.00009874 -0.00710000 -0.00189743
v -0.00024143 -0.00720000 -0.00185758
v -0.00024488 -0.00710000 -0.00188415
v -0.00057229 -0.00720000 -0.00178364
v -0.00058048 -0.00710000 -0.00180915
v -0.00098251 -0.00720000 -0.00159485
v -0.00099657 -0.00710000 -0.00161766
v -0.00133564 -0.00720000 -0.00131338
v -0.00135474 -0.00710000 -0.00133217
v -0.00161114 -0.00720000 -0.00095558
v -0.00163418 -0.00710000 -0.00096924
v -0.00179301 -0.00720000 -0.00054224
v -0.00181865 -0.00710000 -0.00054999
v -0.00187067 -0.00720000 -0.00009739
v -0.00189743 -0.00710000 -0.00009878
v -0.00183962 -0.00720000 0.00035313
v -0.00186593 -0.00710000 0.00035818
v -0.00170165 -0.00720000 0.00078311
v -0.00172599 -0.00710000 0.00079432
v -0.00146479 -0.00720000 0.00116759
v -0.00148575 -0.00710000 0.00118429
v -0.00114281 -0.00720000 0.00148421
v -0.00115915 -0.00710000 0.00150544
v -0.00075440 -0.00720000 0.00171458
v -0.00076520 -0.00710000 0.00173910
v -0.00032216 -0.00720000 0.00184530
v -0.00032677 -0.00710000 0.00187169
v -0.00009734 -0.00720000 0.00187068
v -0.00009873 -0.00710000 0.00189743
v 0.00012881 -0.00720000 0.00186877
v 0.00013065 -0.00710000 0.00189551
v 0.00057229 -0.00720000 0.00178364
v 0.00058048 -0.00710000 0.00180916
v 0.00098252 -0.00720000 0.00159486
v 0.00099657 -0.00710000 0.00161767
v 0.00133564 -0.00720000 0.00131338
v 0.00135475 -0.00710000 0.00133217
v 0.00161114 -0.00720000 0.00095558
v 0.00163419 -0.00710000 0.00096924
v 0.00179301 -0.00720000 0.00054224
v 0.00181866 -0.00710000 0.00054999
v 0.00187067 -0.00720000 0.00009739
v 0.00189743 -0.00710000 0.00009878
v 0.00183962 -0.00720000 -0.00035312
v 0.00186594 -0.00710000 -0.00035818
v 0.00170166 -0.00720000 -0.00078311
v 0.00172600 -0.00710000 -0.00079432
v 0.00146480 -0.00720000 -0.00116759
v 0.00148575 -0.00710000 -0.00118429
v 0.00114281 -0.00720000 -0.00148421
v 0.00115916 -0.00710000 -0.00150544
v 0.00075441 -0.00720000 -0.00171457
v 0.00076520 -0.00710000 -0.00173910
v 0.00032216 -0.00720000 -0.00184529
v 0.00032677 -0.00710000 -0.00187169
v 0.00009734 -0.00720000 -0.00187067
v -0.00023199 -0.00727321 -0.00178498
v -0.00054992 -0.00727321 -0.00171394
v -0.00094412 -0.00727321 -0.00153253
v -0.00128344 -0.00727321 -0.00126205
v -0.00154817 -0.00727321 -0.00091823
v -0.00172293 -0.00727321 -0.00052105
v -0.00179756 -0.00727321 -0.00009358
v -0.00176772 -0.00727321 0.00033933
v -0.00163515 -0.00727321 0.00075251
v -0.00140755 -0.00727321 0.00112196
v -0.00109815 -0.00727321 0.00142621
v -0.00072492 -0.00727321 0.00164757
v -0.00030957 -0.00727321 0.00177318
v -0.00009354 -0.00727321 0.00179757
v 0.00012378 -0.00727321 0.00179574
v 0.00054993 -0.00727321 0.00171394
v 0.00094412 -0.00727321 0.00153253
v 0.00128344 -0.00727321 0.00126205
v 0.00154818 -0.00727321 0.00091823
v 0.00172294 -0.00727321 0.00052105
v 0.00179757 -0.00727321 0.00009358
v 0.00176773 -0.00727321 -0.00033933
v 0.00163516 -0.00727321 -0.00075251
v 0.00140755 -0.00727321 -0.00112196
v 0.00109815 -0.00727321 -0.00142621
v 0.00072493 -0.00727321 -0.00164757
v 0.00030957 -0.00727321 -0.00177318
v 0.00009354 -0.00727321 -0.00179757
v -0.00021910 -0.00730000 -0.00168582
v -0.00051937 -0.00730000 -0.00161872
v -0.00089167 -0.00730000 -0.00144738
v -0.00121214 -0.00730000 -0.00119194
v -0.00146216 -0.00730000 -0.00086722
v -0.00162722 -0.00730000 -0.00049210
v -0.00169770 -0.00730000 -0.00008838
v -0.00166952 -0.00730000 0.00032048
v -0.00154431 -0.00730000 0.00071070
v -0.00132935 -0.00730000 0.00105963
v -0.00103714 -0.00730000 0.00134698
v -0.00068465 -0.00730000 0.00155604
v -0.00029237 -0.00730000 0.00167467
v -0.00008834 -0.00730000 0.00169771
v 0.00011690 -0.00730000 0.00169598
v 0.00051938 -0.00730000 0.00161872
v 0.00089167 -0.00730000 0.00144739
v 0.00121214 -0.00730000 0.00119194
v 0.00146217 -0.00730000 0.00086722
v 0.00162722 -0.00730000 0.00049210
v 0.00169770 -0.00730000 0.00008838
v 0.00166952 -0.00730000 -0.00032047
v 0.00154431 -0.00730000 -0.00071070
v 0.00132936 -0.00730000 -0.00105963
v 0.00103714 -0.00730000 -0.00134697
v 0.00068465 -0.00730000 -0.00155604
v 0.00029237 -0.00730000 -0.00167467
v 0.00008834 -0.00730000 -0.00169770
v 0.00845008 0.00122018 0.00226886
v 0.00838196 0.00157870 0.00226886
v 0.00838250 0.00157614 0.03813041
v -0.00602682 -0.00248747 0.03592620
v -0.00565353 -0.00336187 0.03740390
v -0.00571441 -0.00323763 0.03749428
v -0.00590951 -0.00279551 0.03774999
v -0.00602461 -0.00248906 0.03787700
v -0.00612487 -0.00218710 0.03611846
v -0.00549552 -0.00366110 0.03714413
v -0.00601686 -0.00251540 0.03590377
v -0.00530655 -0.00397987 0.03678082
v -0.00592599 -0.00275182 0.03567152
v -0.00590560 -0.00280244 0.03560962
v -0.00518077 -0.00417458 0.03649481
v -0.00581029 -0.00303053 0.03524119
v -0.00574436 -0.00317626 0.03482771
v -0.00571621 -0.00323549 0.03435443
v -0.00571925 -0.00322948 0.03415253
v -0.00575743 -0.00314803 0.03370481
v -0.00555000 -0.00356230 0.00679968
v -0.00583019 -0.00298412 0.03330478
v -0.00642133 -0.00064644 0.03802220
v -0.00637520 -0.00105505 0.03630804
v -0.00636511 -0.00112209 0.03807281
v -0.00632828 -0.00134569 0.03632456
v -0.00624848 -0.00172476 0.03805303
v -0.00623553 -0.00178026 0.03626941
v -0.00610769 -0.00223792 0.03795541
v -0.00617980 -0.00199589 0.03620286
v -0.00644941 -0.00004636 0.03277617
v -0.00644496 0.00028380 0.03309260
v -0.00634825 0.00123123 0.00679967
v -0.00643417 0.00049167 0.03338571
v -0.00643079 0.00053807 0.03346908
v -0.00641784 0.00069582 0.03387041
v -0.00641141 0.00075984 0.03431798
v -0.00634913 0.00122479 0.03723327
v -0.00641219 0.00075337 0.03450935
v -0.00641950 0.00067758 0.03489487
v -0.00643161 0.00052689 0.03524777
v -0.00643278 0.00051065 0.03527658
v -0.00644604 0.00024661 0.03563575
v -0.00644983 -0.00005534 0.03590588
v -0.00642325 0.00062719 0.03759944
v -0.00644871 -0.00013880 0.03596430
v -0.00644910 0.00004494 0.03784671
v -0.00643636 -0.00045112 0.03613685
v -0.00643015 -0.00053536 0.03800219
v -0.00642228 -0.00064330 0.03621248
v -0.00639448 -0.00090854 0.03628393
v -0.00602712 -0.00248226 0.03270525
v -0.00615051 -0.00209823 0.03247549
v -0.00602628 -0.00248520 0.00679968
v -0.00590939 -0.00279473 0.03301632
v -0.00592543 -0.00275509 0.03296784
v -0.00602591 -0.00248573 0.03270797
v -0.00616198 -0.00205846 0.03245855
v -0.00625502 -0.00169850 0.03235219
v -0.00621603 -0.00185870 0.00679967
v -0.00636511 -0.00112427 0.03233247
v -0.00640603 -0.00080927 0.03239324
v -0.00642201 -0.00064732 0.00679967
v -0.00642226 -0.00064389 0.03244592
v -0.00645000 -0.00000000 0.00679967
v -0.00643754 -0.00042009 0.03254174
v -0.00644637 -0.00019835 0.03266809
v -0.00634580 -0.00124562 0.03232248
v -0.00495670 -0.00449162 0.00504597
v -0.00442160 -0.00512986 0.00467468
v -0.00395374 -0.00558682 0.03306741
v -0.00395465 -0.00558628 0.00442020
v -0.00321407 -0.00616990 0.03145833
v -0.00518703 -0.00416585 0.00523726
v -0.00450552 -0.00503847 0.03448922
v -0.00499754 -0.00443591 0.03597889
v -0.00509955 -0.00429349 0.03628446
v -0.00542174 -0.00379050 0.00545567
v -0.00555000 -0.00356230 0.00558648
v -0.00240715 -0.00665568 0.02999653
v -0.00388249 -0.00565004 0.00438593
v -0.00330364 -0.00610658 0.00415512
v -0.00090272 -0.00724133 0.02789621
v -0.00240786 -0.00665406 0.00393703
v -0.00064334 -0.00730634 0.02790972
v -0.00199863 -0.00685121 0.00388874
v -0.00132950 -0.00711193 0.00387597
v -0.00265958 -0.00651724 0.00398236
v -0.00167074 -0.00698910 0.02887713
v -0.00065653 -0.00730327 0.00394575
v -0.00002736 -0.00742148 0.00399991
v 0.00122687 -0.00749792 0.02800710
v 0.00058920 -0.00748482 0.00395637
v 0.00118018 -0.00749785 0.00382193
v 0.00122814 -0.00749685 0.00380679
v 0.00308597 -0.00721837 0.02810386
v 0.00169929 -0.00747102 0.00362111
v 0.00224713 -0.00740384 0.00330914
v 0.00308597 -0.00721837 0.00273951
v 0.00481714 -0.00648527 0.02819394
v 0.00397462 -0.00690628 0.00213606
v 0.00481714 -0.00648527 0.00156393
v 0.00631161 -0.00534467 0.02827166
v 0.00490408 -0.00643398 0.00150490
v 0.00516503 -0.00626999 0.00135506
v 0.00556399 -0.00598898 0.00121395
v 0.00597577 -0.00565568 0.00116014
v 0.00631179 -0.00534405 0.00117975
v 0.00642344 -0.00523165 0.00119902
v 0.00651614 -0.00513473 0.00122004
v 0.00683301 -0.00477674 0.00132879
v 0.00721088 -0.00427546 0.00154703
v 0.00735847 -0.00405567 0.00166652
v 0.00710927 -0.00441987 0.02831313
v 0.00747741 -0.00386494 0.00178172
v 0.00747547 -0.00386825 0.02915769
v 0.00802764 -0.00275000 0.00315947
v 0.00790962 -0.00303242 0.03051414
v 0.00755204 -0.00373828 0.00186478
v 0.00779408 -0.00328116 0.00222155
v 0.00793825 -0.00296674 0.00256821
v 0.00800739 -0.00280159 0.00287554
v 0.00802764 -0.00275000 0.00226880
v 0.00812591 -0.00248627 0.00226790
v 0.00823560 -0.00214877 0.03203277
v 0.00823559 -0.00214877 0.00226516
v 0.00826230 -0.00205738 0.00226432
v 0.00844825 -0.00123123 0.03368963
v 0.00841810 -0.00140039 0.00225970
v 0.00854422 -0.00029427 0.00226510
v 0.00854423 -0.00029428 0.03545860
v 0.00854263 0.00033234 0.03668347
v 0.00855000 -0.00000000 0.00226880
v 0.00854997 0.00002229 0.00226841
v 0.00854206 0.00034506 0.03670844
v 0.00851445 0.00072941 0.00226883
v 0.00846853 0.00110300 0.03773440
v 0.00848638 0.00097775 0.03760602
v 0.00851849 0.00068384 0.03725306
v 0.00830267 0.00191008 0.03413000
v 0.00833934 0.00176582 0.03445234
v 0.00824011 0.00213384 0.03380188
v 0.00837344 0.00161780 0.00226886
v 0.00812628 0.00248519 0.00226881
v 0.00812628 0.00248519 0.03346771
v 0.00822586 0.00218138 0.03374632
v 0.00836213 0.00166815 0.03485480
v 0.00836657 0.00164956 0.03526473
v 0.00836523 0.00165560 0.03534492
v 0.00834667 0.00173503 0.03575499
v 0.00830853 0.00188800 0.03613518
v 0.00823254 0.00215917 0.03653583
v 0.00833118 0.00179883 0.03827732
v 0.00812628 0.00248519 0.03684053
v 0.00824681 0.00211084 0.03844947
v 0.00812628 0.00248519 0.03860964
v -0.00594802 0.00270072 0.03514566
v -0.00592458 0.00275987 0.03484514
v -0.00620384 0.00190573 0.03524157
v -0.00591204 0.00278941 0.03429156
v -0.00593471 0.00273296 0.03381096
v -0.00625124 0.00171543 0.03681836
v -0.00614210 0.00212825 0.03634336
v -0.00603900 0.00244982 0.03582095
v -0.00596684 0.00265109 0.03532321
v -0.00599585 0.00257020 0.03324984
v -0.00605964 0.00239165 0.03270051
v -0.00610540 0.00225675 0.03199638
v -0.00607200 0.00235027 0.03027051
v -0.00603985 0.00244612 0.02991605
v -0.00610830 0.00224774 0.03191541
v -0.00611545 0.00222260 0.03128320
v -0.00609314 0.00228655 0.03059427
v -0.00582590 0.00299814 0.02872972
v -0.00581266 0.00302832 0.02868330
v -0.00580962 0.00303242 0.00679968
v -0.00594545 0.00270666 0.02925217
v -0.00621603 0.00185870 0.00679967
v -0.00580311 0.00304984 0.02865090
v -0.00560327 0.00346299 0.02811806
v -0.00534125 0.00392453 0.02766434
v -0.00483935 0.00464367 0.02714343
v -0.00555000 0.00356230 0.00679967
v -0.00491191 0.00455034 0.02720282
v -0.00526142 0.00405163 0.02755843
v -0.00555000 0.00356230 0.00558648
v -0.00507098 0.00433722 0.00513823
v -0.00484328 0.00464304 0.00495924
v -0.00459849 0.00493404 0.02694498
v -0.00411631 0.00543684 0.02654728
v -0.00353055 0.00593904 0.02607681
v -0.00451336 0.00503370 0.00473185
v -0.00350060 0.00596202 0.02605381
v -0.00389834 0.00563705 0.00439335
v -0.00350194 0.00596091 0.00422568
v -0.00281590 0.00642695 0.02556610
v -0.00223043 0.00674455 0.02523865
v -0.00330788 0.00610396 0.00415654
v -0.00187676 0.00690581 0.02510993
v -0.00268929 0.00650056 0.00398851
v -0.00200887 0.00684679 0.00388958
v -0.00006525 0.00741592 0.00399947
v -0.00065653 0.00730327 0.00394575
v -0.00132174 0.00711457 0.00387630
v -0.00187440 0.00690534 0.00388020
v -0.00180574 0.00693544 0.02509350
v -0.00139809 0.00708922 0.02506862
v -0.00105741 0.00719831 0.02513532
v 0.00181353 0.00746105 0.02694693
v 0.00181589 0.00746017 0.00356406
v 0.00176298 0.00746532 0.00359053
v 0.00057684 0.00748404 0.00395819
v -0.00004060 0.00741955 0.00399980
v 0.00079912 0.00749604 0.02623755
v 0.00117023 0.00749803 0.00382499
v 0.00166956 0.00747436 0.02684835
v -0.00062864 0.00730976 0.02531776
v -0.00006416 0.00741682 0.02564958
v -0.00002358 0.00742281 0.02567581
v 0.00284508 0.00728201 0.02760646
v 0.00296212 0.00725209 0.02767842
v 0.00224713 0.00740384 0.00330914
v 0.00364454 0.00703693 0.00236021
v 0.00207581 0.00742958 0.02712250
v 0.00404628 0.00687519 0.02860039
v 0.00531407 0.00616990 0.00226944
v 0.00401904 0.00688679 0.02856964
v 0.00487435 0.00645169 0.00226923
v 0.00351769 0.00708077 0.02808419
v 0.00364972 0.00703319 0.02819904
v 0.00377890 0.00698592 0.00226897
v 0.00459108 0.00661141 0.00226911
v 0.00443993 0.00669282 0.02912034
v 0.00477134 0.00651362 0.02973177
v 0.00477661 0.00651057 0.02974353
v 0.00501826 0.00636440 0.03040550
v 0.00516764 0.00626871 0.03107305
v 0.00517163 0.00626608 0.03109832
v 0.00523303 0.00622603 0.03168210
v 0.00522723 0.00623068 0.03239762
v 0.00530747 0.00617385 0.03691800
v 0.00522773 0.00622841 0.03677825
v 0.00512471 0.00629656 0.03535773
v 0.00476775 0.00651405 0.03548358
v 0.00481464 0.00648732 0.03572019
v 0.00498464 0.00638508 0.03626182
v 0.00512940 0.00629355 0.03658879
v 0.00521967 0.00623561 0.03249060
v 0.00512851 0.00629422 0.03310964
v 0.00493816 0.00641344 0.03379747
v 0.00484273 0.00647042 0.03409724
v 0.00474498 0.00652652 0.03461432
v 0.00473311 0.00653346 0.03517665
v 0.00633836 0.00531760 0.03815207
v 0.00671392 0.00491626 0.03844106
v 0.00671071 0.00492026 0.03633290
v 0.00666933 0.00496730 0.03624586
v 0.00590842 0.00571396 0.03772976
v 0.00630436 0.00535122 0.03812224
v 0.00554415 0.00600470 0.03727743
v 0.00564767 0.00592647 0.03741622
v 0.00652167 0.00512989 0.03584111
v 0.00644022 0.00521558 0.03543237
v 0.00642111 0.00523461 0.03498573
v 0.00644254 0.00521279 0.03473900
v 0.00671091 0.00492002 0.03388418
v 0.00671450 0.00491563 0.00226981
v 0.00667925 0.00495629 0.03394691
v 0.00663100 0.00501023 0.00226982
v 0.00601290 0.00562313 0.00226974
v 0.00653994 0.00511055 0.03429892
v 0.00533588 0.00615477 0.00226945
v 0.00689001 0.00470563 0.03359778
v 0.00712513 0.00439813 0.03333659
v 0.00717669 0.00432591 0.03329295
v 0.00735494 0.00406157 0.03317461
v 0.00759008 0.00367195 0.03309646
v 0.00685065 0.00475420 0.00226978
v 0.00717255 0.00433178 0.00226963
v 0.00763088 0.00359750 0.00226924
v 0.00775960 0.00335228 0.03310733
v 0.00800046 0.00281800 0.00226887
v 0.00780297 0.00326409 0.03312112
v 0.00797892 0.00287169 0.03324208
v 0.00763604 0.00358810 0.03719575
v 0.00754790 0.00374527 0.03879818
v 0.00769656 0.00347451 0.03880294
v 0.00773511 0.00339974 0.03719325
v 0.00741623 0.00396470 0.03877499
v 0.00754677 0.00374665 0.03717975
v 0.00709644 0.00443660 0.03866127
v 0.00732183 0.00411105 0.03707530
v 0.00692934 0.00465630 0.03857484
v 0.00673027 0.00489741 0.03845202
v 0.00707866 0.00446081 0.03686672
v 0.00686591 0.00473573 0.03659990
v 0.00806505 0.00265258 0.03695109
v 0.00801888 0.00277116 0.03701538
v 0.00801546 0.00278055 0.03870165
v 0.00790498 0.00304209 0.03712487
v 0.00791719 0.00301500 0.03875366
v 0.00775921 0.00335188 0.03879673
v -0.00406374 -0.00265356 0.03444042
v -0.00405811 -0.00259877 0.03396143
v -0.00416143 -0.00217916 0.03310726
v -0.00439417 -0.00143600 0.03255057
v -0.00470301 -0.00053955 0.03241890
v -0.00501720 0.00030484 0.03274239
v -0.00526476 0.00090372 0.03344696
v -0.00536140 0.00090384 0.03530334
v -0.00538898 0.00111989 0.03437118
v -0.00518834 0.00030506 0.03602988
v -0.00490945 -0.00053928 0.03638436
v -0.00458861 -0.00143575 0.03628558
v -0.00429933 -0.00217898 0.03575617
v -0.00410788 -0.00259871 0.03491740
v -0.00555000 -0.00339717 0.00672267
v -0.00607071 -0.00182153 0.00664968
v -0.00555000 -0.00323458 0.00664968
v -0.00630000 -0.00000000 0.00664967
v -0.00607071 0.00182153 0.00664967
v -0.00555000 0.00339717 0.00672266
v -0.00580962 0.00303242 0.00679967
v -0.00555000 0.00323458 0.00664967
v -0.00376781 0.00346862 0.03525851
v -0.00367570 0.00303713 0.03640854
v -0.00194416 -0.00205546 0.03759701
v -0.00146883 -0.00319326 0.03616251
v -0.00161131 -0.00287380 0.03673866
v -0.00233832 -0.00101398 0.03812349
v -0.00275127 0.00013829 0.03826129
v -0.00313845 0.00127702 0.03799554
v -0.00345809 0.00227935 0.03735492
v -0.00372447 0.00352725 0.03402890
v -0.00364483 0.00339813 0.03337218
v 0.00767417 0.00211239 0.03449613
v 0.00765644 0.00220302 0.03429923
v 0.00389209 0.00087739 0.03410335
v 0.00767496 0.00201030 0.03505122
v 0.00767892 0.00201273 0.03496538
v 0.00391967 0.00068786 0.03485581
v 0.00768159 0.00201992 0.03487978
v 0.00767939 0.00207800 0.03459714
v 0.00755686 0.00225791 0.03588763
v 0.00757887 0.00220327 0.03579722
v 0.00381410 0.00087749 0.03560132
v 0.00761962 0.00210701 0.03558828
v 0.00766277 0.00202189 0.03523807
v 0.00360366 0.00139547 0.03614011
v 0.00746191 0.00249288 0.03616547
v 0.00751844 0.00235371 0.03601817
v 0.00720196 0.00308396 0.03648582
v 0.00733739 0.00278883 0.03637413
v 0.00736690 0.00272074 0.03633595
v 0.00684350 0.00376665 0.03645320
v 0.00334473 0.00210300 0.03632782
v 0.00680033 0.00384125 0.03642407
v 0.00310669 0.00281051 0.03611415
v 0.00667349 0.00405195 0.03630770
v 0.00694500 0.00358543 0.03650137
v 0.00703371 0.00342052 0.03651968
v 0.00708357 0.00332441 0.03651968
v 0.00295333 0.00332842 0.03555635
v 0.00636891 0.00452355 0.03574689
v 0.00649915 0.00432444 0.03605738
v 0.00644252 0.00452935 0.03423549
v 0.00638916 0.00458961 0.03437456
v 0.00303132 0.00332832 0.03405837
v 0.00629826 0.00468072 0.03473915
v 0.00292574 0.00351795 0.03480388
v 0.00627316 0.00469676 0.03497807
v 0.00628793 0.00465329 0.03537365
v 0.00653866 0.00441381 0.03404124
v 0.00324176 0.00281034 0.03351958
v 0.00671652 0.00418190 0.03379061
v 0.00719793 0.00340520 0.03352426
v 0.00710503 0.00357693 0.03353190
v 0.00350069 0.00210280 0.03333187
v 0.00691389 0.00389377 0.03361556
v 0.00680015 0.00406346 0.03370475
v 0.00729232 0.00321653 0.03354387
v 0.00373873 0.00139529 0.03354555
v 0.00744346 0.00287180 0.03365664
v 0.00763335 0.00229947 0.03414480
v 0.00755919 0.00255267 0.03386625
v 0.00749401 0.00274067 0.03372857
v -0.00522332 0.00064821 0.03437984
v -0.00300941 0.00142785 0.03449504
v -0.00519573 0.00045868 0.03513230
v -0.00298182 0.00123832 0.03524750
v -0.00504238 -0.00005923 0.03569010
v -0.00282847 0.00072041 0.03580530
v -0.00480434 -0.00076674 0.03590377
v -0.00259043 0.00001290 0.03601898
v -0.00454541 -0.00147427 0.03571606
v -0.00233150 -0.00069463 0.03583127
v -0.00433496 -0.00199225 0.03517728
v -0.00212106 -0.00121261 0.03529248
v -0.00422939 -0.00218188 0.03443177
v -0.00201548 -0.00140224 0.03454697
v -0.00425698 -0.00199235 0.03367930
v -0.00204307 -0.00121271 0.03379450
v -0.00441034 -0.00147444 0.03312150
v -0.00219643 -0.00069480 0.03323670
v -0.00464837 -0.00076694 0.03290783
v -0.00243447 0.00001271 0.03302303
v -0.00490730 -0.00005940 0.03309554
v -0.00269340 0.00072024 0.03321074
v -0.00511775 0.00045858 0.03363433
v -0.00290384 0.00123822 0.03374953
v -0.00081652 -0.00275000 0.00125829
v -0.00007798 -0.00500000 0.00149797
v -0.00007798 -0.00275000 0.00149797
v 0.00068145 -0.00500000 0.00133627
v 0.00068145 -0.00275000 0.00133627
v 0.00091518 -0.00500000 0.00118847
v 0.00125829 -0.00275000 0.00081652
v 0.00125829 -0.00500000 0.00081652
v 0.00149797 -0.00500000 0.00007798
v 0.00149797 -0.00275000 0.00007798
v 0.00133628 -0.00500000 -0.00068145
v 0.00133628 -0.00275000 -0.00068145
v 0.00081652 -0.00500000 -0.00125829
v 0.00081652 -0.00275000 -0.00125829
v 0.00007799 -0.00500000 -0.00149797
v 0.00007799 -0.00275000 -0.00149797
v -0.00068145 -0.00500000 -0.00133627
v -0.00068145 -0.00275000 -0.00133627
v -0.00125829 -0.00500000 -0.00081652
v -0.00125829 -0.00275000 -0.00081652
v -0.00149797 -0.00500000 -0.00007798
v -0.00149797 -0.00275000 -0.00007798
v -0.00133627 -0.00500000 0.00068145
v -0.00133627 -0.00275000 0.00068145
v -0.00091518 -0.00500000 0.00118847
v -0.00081652 -0.00500000 0.00125829
v -0.00149796 0.00688000 -0.00007798
v -0.00133627 0.00275000 0.00068146
v -0.00133627 0.00688000 0.00068145
v -0.00081651 0.00275000 0.00125829
v -0.00081651 0.00688000 0.00125829
v -0.00007798 0.00275000 0.00149798
v -0.00007798 0.00688000 0.00149798
v 0.00068146 0.00275000 0.00133628
v 0.00068146 0.00688000 0.00133628
v 0.00125830 0.00275000 0.00081653
v 0.00125830 0.00688000 0.00081653
v 0.00149798 0.00275000 0.00007799
v 0.00149798 0.00688000 0.00007799
v 0.00133628 0.00275000 -0.00068145
v 0.00133628 0.00688000 -0.00068145
v 0.00081653 0.00275000 -0.00125829
v 0.00081653 0.00688000 -0.00125828
v 0.00007799 0.00275000 -0.00149797
v 0.00007799 0.00688000 -0.00149797
v -0.00068144 0.00275000 -0.00133627
v -0.00068144 0.00688000 -0.00133627
v -0.00125828 0.00275000 -0.00081652
v -0.00125828 0.00688000 -0.00081652
v -0.00149796 0.00275000 -0.00007798
v -0.00107373 0.00710000 -0.00069676
v -0.00058150 0.00710000 -0.00114028
v 0.00006655 0.00710000 -0.00127826
v 0.00069677 0.00710000 -0.00107374
v 0.00114029 0.00710000 -0.00058150
v 0.00127828 0.00710000 0.00006655
v 0.00107375 0.00710000 0.00069677
v 0.00058151 0.00710000 0.00114029
v -0.00006654 0.00710000 0.00127827
v -0.00069676 0.00710000 0.00107375
v -0.00114028 0.00710000 0.00058151
v -0.00127826 0.00710000 -0.00006654
v -0.00096544 -0.00500000 0.00144974
v -0.00081097 -0.00530000 0.00097375
v -0.00096544 -0.00530000 0.00144974
v -0.00095629 -0.00530000 0.00164180
v -0.00086123 -0.00500000 0.00193920
v -0.00081097 -0.00500000 0.00097375
v -0.00043919 -0.00500000 0.00063877
v -0.00043919 -0.00530000 0.00063877
v 0.00005026 -0.00500000 0.00053456
v 0.00005026 -0.00530000 0.00053456
v 0.00052625 -0.00500000 0.00068903
v 0.00052625 -0.00530000 0.00068903
v 0.00086123 -0.00500000 0.00106081
v 0.00086123 -0.00530000 0.00106081
v 0.00096544 -0.00530000 0.00155026
v 0.00096544 -0.00500000 0.00155026
v 0.00095630 -0.00530000 0.00164180
v 0.00081097 -0.00500000 0.00202625
v 0.00081097 -0.00530000 0.00202625
v 0.00043920 -0.00500000 0.00236123
v 0.00043920 -0.00530000 0.00236123
v -0.00005026 -0.00500000 0.00246544
v -0.00005026 -0.00530000 0.00246545
v -0.00052625 -0.00500000 0.00231097
v -0.00052625 -0.00530000 0.00231097
v -0.00086123 -0.00530000 0.00193920
v 0.00172600 -0.00530000 -0.00079432
v 0.00189743 -0.00530000 0.00009878
v 0.00115916 -0.00530000 -0.00150544
v 0.00032677 -0.00530000 -0.00187169
v -0.00058048 -0.00530000 -0.00180915
v -0.00135474 -0.00530000 -0.00133217
v -0.00181865 -0.00530000 -0.00054999
v -0.00189743 -0.00530000 -0.00009878
v -0.00186593 -0.00530000 0.00035818
v -0.00148575 -0.00530000 0.00118429
v 0.00013065 -0.00530000 0.00189551
v -0.00076520 -0.00530000 0.00173910
v 0.00099657 -0.00530000 0.00161767
v 0.00163419 -0.00530000 0.00096925
v -0.00045862 -0.00630000 -0.00073462
v 0.00000000 -0.00623438 0.00000000
v -0.00086551 -0.00630000 0.00002987
v 0.00040689 -0.00630000 -0.00076449
v 0.00086551 -0.00630000 -0.00002987
v 0.00045863 -0.00630000 0.00073462
v -0.00040688 -0.00630000 0.00076449
v -0.00045862 -0.00730000 -0.00073462
v -0.00086551 -0.00730000 0.00002987
v 0.00040689 -0.00730000 -0.00076449
v 0.00086551 -0.00730000 -0.00002987
v 0.00045863 -0.00730000 0.00073462
v -0.00040688 -0.00730000 0.00076449
v 0.00000001 0.00710000 0.00000001
v 0.00446113 -0.00109206 0.03649609
v 0.00446632 -0.00110316 0.03647135
v -0.00122338 0.00645560 0.02669781
v 0.00235848 0.00476806 0.03724518
v 0.00284656 0.00321690 0.03836291
v 0.00259253 0.00399819 0.03795732
v 0.00617698 -0.00474818 0.02826461
v 0.00354869 0.00120741 0.03846918
v 0.00319042 0.00220965 0.03857146
v 0.00222352 0.00527080 0.03643644
v 0.00216509 0.00559770 0.03534684
v 0.00221973 0.00560556 0.03424374
v 0.00421558 -0.00052599 0.03738405
v 0.00391043 0.00024250 0.03804754
v 0.00229358 0.00548213 0.03365986
v 0.00244119 0.00525714 0.03234582
v 0.00249055 0.00532190 0.03095892
v 0.00219859 0.00657981 0.02805675
v 0.00228909 0.00625589 0.02850965
v 0.00243229 0.00568494 0.02962170
v -0.00373655 0.00448964 0.02774791
v 0.00024182 -0.00683828 0.02795577
v -0.00355054 0.00379868 0.02884952
v -0.00344704 0.00327450 0.03040787
v -0.00349504 0.00316799 0.03205113
v -0.00555000 0.00275000 0.00558648
v -0.00555000 -0.00062509 -0.00123822
v -0.00555000 -0.00275000 0.00558648
v -0.00555000 0.00007390 -0.00129273
v -0.00555000 0.00062509 -0.00123822
v -0.00555000 -0.00113968 -0.00110626
v -0.00555000 -0.00179829 -0.00080627
v -0.00555000 -0.00275000 0.00000441
v -0.00555000 0.00275000 0.00000441
v -0.00555000 0.00179829 -0.00080627
v -0.00555000 0.00129163 -0.00105108
v -0.00522597 0.00275000 -0.00078073
v -0.00017927 0.00275000 -0.00459970
v -0.00095946 0.00275000 -0.00441322
v -0.00102660 0.00275000 -0.00439266
v 0.00524728 0.00275000 -0.00330526
v 0.00417873 0.00275000 -0.00396806
v -0.00430510 0.00275000 -0.00220449
v -0.00369434 0.00275000 -0.00284770
v -0.00158772 0.00275000 -0.00419106
v -0.00254171 0.00275000 -0.00371343
v -0.00306800 0.00275000 -0.00336409
v 0.00382664 0.00275000 -0.00413258
v 0.00382224 0.00275000 -0.00413448
v 0.00309755 0.00275000 -0.00440165
v 0.00258199 0.00275000 -0.00453858
v 0.00709357 0.00275000 -0.00121870
v 0.00673458 0.00275000 -0.00177756
v 0.00629950 0.00275000 -0.00232795
v 0.00559072 0.00275000 -0.00302924
v 0.00030465 0.00275000 0.00398838
v 0.00139195 0.00275000 0.00375000
v 0.00224713 0.00275000 0.00330914
v 0.00754274 0.00275000 -0.00028693
v -0.00186103 0.00275000 0.00387945
v -0.00065653 0.00275000 0.00394575
v -0.00462892 0.00275000 0.00480749
v -0.00330767 0.00275000 0.00415647
v 0.00174352 0.00275000 -0.00467428
v 0.00089477 0.00275000 -0.00470710
v 0.00004832 0.00275000 -0.00463656
v -0.00330767 -0.00275000 0.00415647
v -0.00462892 -0.00275000 0.00480749
v 0.00140365 -0.00275000 0.00374563
v 0.00031042 -0.00275000 0.00398794
v 0.00466656 -0.00275000 -0.00369843
v 0.00527421 -0.00275000 -0.00328489
v -0.00482802 -0.00275000 -0.00149103
v -0.00459919 -0.00275000 -0.00182682
v -0.00377311 -0.00275000 -0.00277352
v -0.00370319 -0.00275000 -0.00283948
v -0.00065653 -0.00275000 0.00394575
v -0.00186103 -0.00275000 0.00387945
v 0.00789953 -0.00275000 0.00245517
v 0.00709400 -0.00275000 -0.00121796
v 0.00730258 -0.00275000 -0.00082840
v 0.00764448 -0.00275000 -0.00001162
v 0.00784396 -0.00275000 0.00067833
v 0.00155030 -0.00275000 -0.00469087
v 0.00237491 -0.00275000 -0.00458189
v -0.00097650 -0.00275000 -0.00440807
v -0.00109622 -0.00275000 -0.00437056
v -0.00206567 -0.00275000 -0.00397460
v 0.00651443 -0.00275000 0.00121961
v 0.00735899 -0.00275000 0.00166698
v 0.00527809 -0.00275000 -0.00328193
v 0.00630575 -0.00275000 -0.00232081
v 0.00643201 -0.00275000 -0.00217207
v 0.00301636 -0.00275000 -0.00442603
v 0.00390157 -0.00275000 -0.00409955
v 0.00390397 -0.00275000 -0.00409848
v -0.00091898 -0.00275000 -0.00442526
v 0.00033571 -0.00275000 -0.00467218
v 0.00071858 -0.00275000 -0.00470096
v -0.00361580 -0.00275000 -0.00291943
v -0.00256773 -0.00275000 -0.00369772
v -0.00244502 -0.00275000 -0.00377042
v 0.00555870 -0.00275000 0.00121522
v 0.00490408 -0.00275000 0.00150489
v 0.00224713 -0.00275000 0.00330914
v -0.00141975 0.00692491 0.02562096
v 0.00691544 0.00416062 0.00013905
v 0.00668292 0.00454224 0.00029694
v 0.00498765 0.00633020 0.00144815
v 0.00605001 0.00537325 0.00072673
v 0.00061391 0.00100020 -0.00515140
v 0.00079991 0.00112761 -0.00514172
v 0.00143992 -0.00000050 -0.00522105
v 0.00045284 0.00084238 -0.00515977
v 0.00032158 0.00065896 -0.00516659
v 0.00022412 0.00045550 -0.00517165
v 0.00016343 0.00023818 -0.00517480
v 0.00014135 0.00001361 -0.00517593
v 0.00015854 -0.00021138 -0.00517502
v 0.00021449 -0.00042997 -0.00517209
v 0.00030749 -0.00063551 -0.00516724
v 0.00043473 -0.00082175 -0.00516060
v 0.00059233 -0.00098304 -0.00515239
v 0.00077550 -0.00111448 -0.00514284
v 0.00097869 -0.00121207 -0.00513226
v 0.00119571 -0.00127284 -0.00512096
v 0.00141997 -0.00129496 -0.00510928
v 0.00164467 -0.00127774 -0.00509758
v 0.00186296 -0.00122172 -0.00508622
v 0.00206822 -0.00112858 -0.00507554
v 0.00225421 -0.00100118 -0.00506587
v 0.00241529 -0.00084336 -0.00505750
v 0.00254655 -0.00065994 -0.00505067
v 0.00264400 -0.00045648 -0.00504561
v 0.00270470 -0.00023916 -0.00504247
v 0.00272678 -0.00001459 -0.00504133
v 0.00270959 0.00021040 -0.00504224
v 0.00265364 0.00042899 -0.00504517
v 0.00256064 0.00063453 -0.00505003
v 0.00243340 0.00082077 -0.00505666
v 0.00227580 0.00098206 -0.00506488
v 0.00209262 0.00111350 -0.00507442
v 0.00188944 0.00121109 -0.00508501
v 0.00167242 0.00127186 -0.00509631
v 0.00144815 0.00129398 -0.00510799
v 0.00122346 0.00127676 -0.00511968
v 0.00100517 0.00122074 -0.00513104
v 0.00775521 -0.00247588 -0.00000278
v 0.00729541 -0.00227967 -0.00120220
v -0.00282442 -0.00235326 -0.00370622
v -0.00543540 -0.00233196 -0.00068948
v -0.00538308 0.00247553 -0.00068708
v -0.00143844 0.00242774 -0.00437677
v 0.00426721 0.00236549 -0.00407973
v 0.00552392 0.00235249 -0.00327193
v 0.00730259 0.00344755 -0.00002673
v 0.00780754 0.00233161 -0.00000037
v 0.00591616 0.00559733 0.00115508
v 0.00681398 0.00467849 0.00120189
v 0.00848531 -0.00008044 0.00128921
v 0.00838737 0.00120132 0.00128403
v 0.00806864 0.00244658 0.00126735
v 0.00753881 0.00361749 0.00123969
v 0.00669072 0.00189727 -0.00229547
v 0.00338536 0.00161741 -0.00467238
v 0.00307489 0.00193515 -0.00468856
v 0.00271404 0.00219407 -0.00470737
v 0.00231376 0.00238632 -0.00472822
v 0.00188623 0.00250605 -0.00475048
v 0.00144444 0.00254961 -0.00477348
v 0.00100180 0.00251570 -0.00479652
v 0.00057177 0.00240533 -0.00481890
v 0.00016740 0.00222186 -0.00483994
v -0.00019900 0.00197087 -0.00485900
v -0.00404372 0.00201439 -0.00285430
v -0.00480122 0.00227917 -0.00183224
v -0.00510462 0.00119284 -0.00184797
v -0.00512908 -0.00105447 -0.00184909
v -0.00521502 0.00007025 -0.00185364
v -0.00484940 -0.00214717 -0.00183446
v -0.00408630 -0.00189792 -0.00285626
v -0.00316902 -0.00159169 -0.00372422
v -0.00185717 -0.00182981 -0.00439829
v -0.00149062 -0.00236635 -0.00437917
v -0.00055199 -0.00161834 -0.00487714
v -0.00024152 -0.00193608 -0.00486096
v 0.00011933 -0.00219501 -0.00484215
v 0.00051960 -0.00238726 -0.00482130
v 0.00094713 -0.00250698 -0.00479904
v 0.00138893 -0.00255055 -0.00477603
v 0.00547172 -0.00244377 -0.00327433
v 0.00664814 -0.00201503 -0.00229742
v 0.00801374 -0.00259776 0.00126483
v 0.00835950 -0.00135976 0.00128274
v 0.00826229 -0.00205738 0.00226432
v 0.00808474 -0.00129600 0.00001430
v 0.00820465 -0.00007675 0.00002046
v 0.00811130 0.00114483 0.00001552
v 0.00759881 -0.00119334 -0.00118648
v 0.00770921 -0.00007076 -0.00118080
v 0.00762327 0.00105397 -0.00118535
v 0.00734359 0.00214666 -0.00119998
v 0.00691630 -0.00105486 -0.00228353
v 0.00701388 -0.00006264 -0.00227851
v 0.00693792 0.00093147 -0.00228253
v -0.00431188 0.00105421 -0.00286820
v -0.00440947 0.00006200 -0.00287321
v -0.00433350 -0.00093212 -0.00286919
v 0.00583281 -0.00168991 -0.00325558
v 0.00605770 -0.00088471 -0.00324393
v 0.00613953 -0.00005264 -0.00323972
v 0.00607583 0.00078101 -0.00324309
v 0.00586852 0.00159093 -0.00325394
v -0.00277222 0.00244301 -0.00370383
v -0.00313331 0.00168914 -0.00372257
v -0.00335819 0.00088395 -0.00373423
v -0.00344003 0.00005188 -0.00373843
v -0.00337632 -0.00078178 -0.00373506
v 0.00463375 0.00182895 -0.00406062
v 0.00490169 0.00123683 -0.00404663
v 0.00506286 0.00060711 -0.00403820
v 0.00511239 -0.00004106 -0.00403557
v 0.00504877 -0.00068801 -0.00403884
v 0.00487392 -0.00131406 -0.00404791
v 0.00459316 -0.00190019 -0.00406248
v 0.00421503 -0.00242860 -0.00408213
v -0.00181658 0.00189933 -0.00439642
v -0.00209733 0.00131319 -0.00441100
v -0.00227218 0.00068714 -0.00442006
v -0.00233581 0.00004020 -0.00442333
v -0.00228628 -0.00060798 -0.00442071
v -0.00212510 -0.00123769 -0.00441227
v 0.00183157 -0.00251663 -0.00475299
v 0.00226160 -0.00240626 -0.00473061
v 0.00266596 -0.00222279 -0.00470957
v 0.00303236 -0.00197180 -0.00469052
v 0.00334967 -0.00166091 -0.00467402
v 0.00360825 -0.00129957 -0.00466058
v 0.00380024 -0.00089876 -0.00465061
v 0.00391980 -0.00047065 -0.00464442
v 0.00396331 -0.00002825 -0.00464218
v 0.00392944 0.00041499 -0.00464397
v 0.00381923 0.00084560 -0.00464974
v 0.00363601 0.00125051 -0.00465931
v -0.00051631 0.00165998 -0.00487550
v -0.00077489 0.00129863 -0.00488894
v -0.00096688 0.00089782 -0.00489890
v -0.00108644 0.00046971 -0.00490510
v -0.00112995 0.00002732 -0.00490734
v -0.00109608 -0.00041592 -0.00490554
v -0.00098586 -0.00084654 -0.00489978
v -0.00080264 -0.00125144 -0.00489021
v -0.00036867 0.00100000 0.00077708
v -0.00068074 0.00100000 0.00105826
v -0.00000000 0.00100000 0.00150000
v -0.00081040 0.00100000 0.00145781
v -0.00072292 0.00100000 0.00186866
v 0.00072292 0.00100000 0.00113134
v 0.00044174 0.00100000 0.00081927
v 0.00004219 0.00100000 0.00068960
v 0.00036866 0.00100000 0.00222293
v 0.00068073 0.00100000 0.00194174
v 0.00081040 0.00100000 0.00154219
v -0.00044174 0.00100000 0.00218074
v -0.00004219 0.00100000 0.00231040
v -0.00044174 0.00130000 0.00218074
v -0.00072292 0.00130000 0.00186867
v -0.00000000 0.00130000 0.00150000
v -0.00081040 0.00130000 0.00145781
v -0.00068074 0.00130000 0.00105826
v 0.00068073 0.00130000 0.00194174
v 0.00036866 0.00130000 0.00222292
v -0.00004219 0.00130000 0.00231040
v 0.00044174 0.00130000 0.00081927
v 0.00072292 0.00130000 0.00113134
v 0.00081040 0.00130000 0.00154219
v -0.00036867 0.00130000 0.00077708
v 0.00004219 0.00130000 0.00068960
vn 0.03124323 -0.12133713 -0.99211953
vn -0.11208752 -0.49364911 -0.86240765
vn -0.12250036 -0.11997390 -0.98519030
vn -0.27827286 -0.49257925 -0.82457862
vn -0.31705658 -0.12939787 -0.93953782
vn -0.45676194 -0.49157639 -0.74143184
vn -0.52027717 -0.12680920 -0.84453010
vn -0.62091992 -0.49158822 -0.61057307
vn -0.70704111 -0.12925000 -0.69526061
vn -0.74899917 -0.49158465 -0.44423504
vn -0.85315353 -0.12681931 -0.50600980
vn -0.83354827 -0.49158307 -0.25207811
vn -0.94915816 -0.12924862 -0.28704280
vn -0.86965105 -0.49158650 -0.04527433
vn -0.99027103 -0.12925023 -0.05155255
vn -0.85521762 -0.49158223 0.16416374
vn -0.97383332 -0.12924700 0.18693282
vn -0.79108054 -0.49158017 0.36406114
vn -0.90108532 -0.12681614 0.41468412
vn -0.68096476 -0.49158939 0.54279542
vn -0.77541424 -0.12925408 0.61808264
vn -0.53127868 -0.49158360 0.68999168
vn -0.60591476 -0.12998980 0.78483753
vn -0.35071604 -0.49158120 0.79708606
vn -0.39813398 -0.13101526 0.90792309
vn -0.17521149 -0.49350861 0.85190973
vn -0.19750526 -0.12387439 0.97244373
vn -0.04513906 -0.49573189 0.86730177
vn -0.05402418 -0.12575430 0.99058934
vn 0.08581217 -0.49350835 0.86549742
vn 0.09782029 -0.12950900 0.98674141
vn 0.26605354 -0.49158273 0.82919354
vn 0.30256762 -0.12777373 0.94452459
vn 0.45676052 -0.49158376 0.74142783
vn 0.52045429 -0.12993865 0.84394507
vn 0.62092019 -0.49158892 0.61057223
vn 0.70726511 -0.12682353 0.69547959
vn 0.74900250 -0.49157895 0.44423574
vn 0.85288542 -0.12924597 0.50584775
vn 0.83354844 -0.49158194 0.25207973
vn 0.94945879 -0.12681728 0.28713303
vn 0.86965287 -0.49158340 0.04527307
vn 0.99027125 -0.12924820 0.05155349
vn 0.85521678 -0.49158406 -0.16416265
vn 0.97414097 -0.12682030 -0.18699196
vn 0.79107699 -0.49158744 -0.36405905
vn 0.90079906 -0.12925049 -0.41455442
vn 0.68096454 -0.49158832 -0.54279666
vn 0.77565886 -0.12681992 -0.61827990
vn 0.53127908 -0.49157518 -0.68999738
vn 0.60496475 -0.12923916 -0.78569389
vn 0.35071411 -0.49158480 -0.79708469
vn 0.39948569 -0.12682707 -0.90792405
vn 0.17521627 -0.49351451 -0.85190533
vn 0.19974453 -0.12951537 -0.97125068
vn 0.03213298 -0.49464818 -0.86849908
vn -0.06586424 -0.85956426 -0.50676541
vn -0.16422596 -0.85846104 -0.48587496
vn -0.26992882 -0.85741222 -0.43815834
vn -0.36694213 -0.85741347 -0.36082630
vn -0.44263284 -0.85741189 -0.26252814
vn -0.49259841 -0.85741152 -0.14897074
vn -0.51393575 -0.85741136 -0.02675450
vn -0.50540452 -0.85741146 0.09701470
vn -0.46750189 -0.85741067 0.21514859
vn -0.40242988 -0.85740969 0.32077845
vn -0.31396739 -0.85741344 0.40775810
vn -0.20726091 -0.85741061 0.47105197
vn -0.10337970 -0.85947338 0.50061776
vn -0.02637203 -0.86171442 0.50670779
vn 0.05084159 -0.85947460 0.50864383
vn 0.15722898 -0.85741121 0.49002557
vn 0.26992795 -0.85741387 0.43815563
vn 0.36694373 -0.85741163 0.36082904
vn 0.44263401 -0.85741092 0.26252934
vn 0.49259872 -0.85741145 0.14897016
vn 0.51393471 -0.85741194 0.02675575
vn 0.50540524 -0.85741087 -0.09701625
vn 0.46750232 -0.85741047 -0.21514847
vn 0.40242583 -0.85741376 -0.32077266
vn 0.31396660 -0.85741266 -0.40776035
vn 0.20726117 -0.85740887 -0.47105503
vn 0.10338001 -0.85946738 -0.50062800
vn 0.01866442 -0.86061832 -0.50890839
vn -0.01777532 -0.99044409 -0.13676455
vn -0.04465409 -0.99027020 -0.13179888
vn -0.07362439 -0.99009955 -0.11950867
vn -0.10008651 -0.99009922 -0.09841860
vn -0.12073075 -0.99009929 -0.07160642
vn -0.13435719 -0.99009959 -0.04063197
vn -0.14018006 -0.99009913 -0.00729764
vn -0.13785153 -0.99009936 0.02646143
vn -0.12751376 -0.99009933 0.05868180
vn -0.10976703 -0.99009881 0.08749593
vn -0.08563686 -0.99009928 0.11121935
vn -0.05653116 -0.99009938 0.12848132
vn -0.02807263 -0.99043524 0.13509241
vn -0.00703974 -0.99078339 0.13527273
vn 0.01389361 -0.99043565 0.13727416
vn 0.04288474 -0.99009943 0.13365637
vn 0.07362469 -0.99009935 0.11951016
vn 0.10008721 -0.99009913 0.09841884
vn 0.12072849 -0.99009967 0.07160502
vn 0.13435849 -0.99009939 0.04063247
vn 0.14017799 -0.99009943 0.00729731
vn 0.13785074 -0.99009950 -0.02646029
vn 0.12751675 -0.99009874 -0.05868530
vn 0.10976394 -0.99009939 -0.08749323
vn 0.08563563 -0.99009955 -0.11121791
vn 0.05653128 -0.99009974 -0.12847849
vn 0.02807084 -0.99043431 -0.13509960
vn 0.00493929 -0.99061246 -0.13661098
vn 0.98682245 0.15842492 -0.03290908
vn 0.97882729 0.20155653 -0.03566653
vn 0.78224684 -0.25171924 0.56984850
vn -0.81105193 0.10902578 -0.57472441
vn -0.49952903 -0.67935125 0.53754314
vn -0.52535584 -0.61998794 0.58276598
vn -0.56187808 -0.53604444 0.63003919
vn -0.60624711 -0.44718473 0.65763991
vn -0.78977616 0.09310056 -0.60628863
vn -0.46270184 -0.74178321 0.48545307
vn -0.83336235 0.14848672 -0.53240857
vn -0.42815079 -0.79643776 0.42705244
vn -0.85530355 0.19218728 -0.48116513
vn -0.87731691 0.22628609 -0.42321347
vn -0.39808255 -0.83668137 0.37615763
vn -0.91264294 0.25938337 -0.31591633
vn -0.93659626 0.30351221 -0.17512220
vn -0.94626116 0.32120230 -0.03766838
vn -0.95477854 0.28882969 0.07053610
vn -0.93454055 0.27126194 0.23032784
vn -0.92213909 -0.38175741 -0.06261616
vn -0.90219820 0.26026585 0.34394781
vn -0.73597032 0.02148337 0.67667286
vn -0.68113114 -0.17190864 -0.71169361
vn -0.71298521 -0.09085642 0.69526772
vn -0.71806234 -0.10036781 -0.68870370
vn -0.67415686 -0.23740153 0.69939477
vn -0.73991076 -0.03659697 -0.67170882
vn -0.63766865 -0.36354876 0.67912516
vn -0.75636686 0.03967772 -0.65294322
vn -0.66835211 -0.46758513 0.57850636
vn -0.68543510 -0.54289150 0.48522938
vn -0.88242868 0.11511852 -0.45614400
vn -0.66309524 -0.60056988 0.44678913
vn -0.64563503 -0.67821198 0.35097566
vn -0.67880849 -0.70961199 0.18886464
vn -0.66601305 -0.74202418 0.07633308
vn -0.75386135 0.44235535 0.48581355
vn -0.65277485 -0.75041158 -0.10376638
vn -0.65501644 -0.71735314 -0.23739825
vn -0.63138058 -0.68318960 -0.36689308
vn -0.63569965 -0.63145719 -0.44401325
vn -0.65958089 -0.53775812 -0.52513737
vn -0.64613426 -0.46141951 -0.60794947
vn -0.75848028 0.33655487 0.55806674
vn -0.64181629 -0.40645882 -0.65027923
vn -0.75313952 0.20467616 0.62521079
vn -0.66146763 -0.33152399 -0.67272016
vn -0.74446617 0.09688777 0.66059283
vn -0.66540978 -0.28624674 -0.68941470
vn -0.66808841 -0.22927584 -0.70787744
vn -0.82498903 0.10840483 0.55465439
vn -0.79912200 0.05927623 0.59823938
vn -0.84245185 -0.31773700 -0.43510698
vn -0.87080467 0.22926868 0.43489665
vn -0.85675436 0.16938831 0.48711351
vn -0.84733985 0.14206187 0.51169680
vn -0.77742963 0.01265900 0.62884252
vn -0.76849911 -0.06274686 0.63676680
vn -0.90124022 -0.20524215 -0.38163036
vn -0.71110905 -0.19030384 0.67683703
vn -0.70195371 -0.24736665 0.66788526
vn -0.88197054 -0.10820516 -0.45871518
vn -0.69703118 -0.29880907 0.65181337
vn -0.92417362 0.02531397 -0.38113294
vn -0.70496508 -0.34555133 0.61936945
vn -0.68643053 -0.37957956 0.62026807
vn -0.73545063 -0.13117663 0.66475940
vn -0.80558108 -0.36355292 -0.46783373
vn -0.74205102 -0.41636050 -0.52536104
vn -0.25695387 -0.93241282 0.25412799
vn -0.69246775 -0.45542490 -0.55953246
vn -0.19488883 -0.94941905 0.24621497
vn -0.84209656 -0.31494962 -0.43781289
vn -0.30469619 -0.91518147 0.26382402
vn -0.33154267 -0.89819687 0.28865521
vn -0.34665276 -0.87743674 0.33156692
vn -0.86125661 -0.28211004 -0.42267124
vn -0.93150992 -0.18189230 -0.31496738
vn -0.13425194 -0.96200656 0.23773893
vn -0.65100456 -0.48813714 -0.58130474
vn -0.56727570 -0.53687729 -0.62446861
vn -0.10579656 -0.96285517 0.24842908
vn -0.40603993 -0.61051622 -0.68000112
vn -0.16105877 -0.70936378 0.68619466
vn -0.31819944 -0.64184239 -0.69770156
vn -0.18857064 -0.67408684 -0.71417648
vn -0.47492242 -0.57861179 -0.66306643
vn -0.07050576 -0.96999217 0.23268892
vn -0.10302592 -0.70676052 -0.69991087
vn -0.10414982 -0.72633614 -0.67940314
vn -0.01455028 -0.73306164 0.68000656
vn -0.14630310 -0.72997238 -0.66763442
vn -0.17774581 -0.72260376 -0.66801964
vn -0.20067686 -0.72444792 -0.65947253
vn 0.16757865 -0.70956223 0.68442592
vn -0.22736989 -0.74276970 -0.62975877
vn -0.24150186 -0.74837642 -0.61774556
vn -0.19547468 -0.75045193 -0.63135692
vn 0.33929810 -0.64049478 0.68894356
vn -0.11214886 -0.74516422 -0.65738338
vn -0.05098299 -0.73062556 -0.68087226
vn 0.47399974 -0.53836157 0.69677189
vn -0.01570269 -0.70996952 -0.70405732
vn 0.08447833 -0.66717298 -0.74009704
vn 0.24147832 -0.60688738 -0.75721591
vn 0.41486448 -0.53871868 -0.73325960
vn 0.52863763 -0.47747820 -0.70182393
vn 0.58320608 -0.44180153 -0.68167594
vn 0.61326473 -0.42705401 -0.66447818
vn 0.70904316 -0.39021803 -0.58735653
vn 0.78964456 -0.32084935 -0.52298868
vn 0.82542493 -0.29469283 -0.48148709
vn 0.64948998 -0.71871803 0.24820788
vn 0.87110978 -0.28823419 -0.39760384
vn 0.64296347 -0.72899698 0.23486462
vn 0.92622839 -0.37694928 -0.00319693
vn 0.68844139 -0.68390807 0.24149162
vn 0.89501845 -0.25716170 -0.36443084
vn 0.92790417 -0.20578887 -0.31087746
vn 0.96536556 -0.20572545 -0.16045679
vn 0.99296692 0.06305018 -0.10020661
vn 0.57858236 -0.81533333 -0.02177198
vn 0.94394840 -0.32829028 -0.03445165
vn 0.73161752 -0.63422374 0.24999210
vn 0.95531646 -0.29278761 -0.04056945
vn 0.96682021 -0.25545774 0.00015417
vn 0.77094554 -0.58159857 0.25958828
vn 0.98319436 -0.17843922 -0.03857848
vn 0.99716010 -0.06667230 -0.03502184
vn 0.80045950 -0.53529433 0.26967492
vn 0.81110015 -0.51480029 0.27766383
vn 0.99944378 -0.00892523 -0.03213199
vn 0.99905772 0.02628900 -0.03453358
vn 0.80350526 -0.50218481 0.31967125
vn 0.99528847 0.08901888 -0.03842526
vn 0.78897078 -0.34047860 0.51146792
vn 0.79597931 -0.39192114 0.46131849
vn 0.79873606 -0.45740536 0.39089774
vn 0.80091789 0.56609146 0.19511790
vn 0.80469030 0.57906693 0.13097713
vn 0.79525443 0.55238276 0.24988733
vn 0.96945558 0.24219350 -0.03870650
vn 0.94874414 0.31430841 -0.03308758
vn 0.80461556 0.50732160 0.30857512
vn 0.79611944 0.53809964 0.27684405
vn 0.80220688 0.59430614 0.05713429
vn 0.80427094 0.59419726 -0.00882442
vn 0.80630818 0.58887128 -0.05565737
vn 0.81306352 0.57138731 -0.11155381
vn 0.81746387 0.54771116 -0.17822822
vn 0.82244542 0.51813233 -0.23478165
vn 0.76744209 -0.16785357 0.61875505
vn 0.82460517 0.49307753 -0.27731007
vn 0.74815371 -0.09904550 0.65609147
vn 0.72416823 0.00048282 0.68962319
vn -0.70373168 0.70084102 0.11654864
vn -0.70132959 0.71094039 0.05196699
vn -0.97838022 0.20580313 -0.02042578
vn -0.69266130 0.72117102 -0.01151931
vn -0.69172997 0.71571508 -0.09623710
vn -0.73358530 0.54826831 0.40156502
vn -0.71362653 0.61938790 0.32725496
vn -0.70374128 0.67452721 0.22307231
vn -0.69188436 0.70642898 0.14917816
vn -0.70391385 0.69692561 -0.13711304
vn -0.73585912 0.66886736 -0.10548845
vn -0.73896979 0.67064363 -0.06450406
vn -0.72751606 0.67859754 0.10112252
vn -0.73102555 0.66825954 0.13795228
vn -0.74661776 0.66442505 -0.03318560
vn -0.75888945 0.65107278 0.01382168
vn -0.73200171 0.67864737 0.06009360
vn -0.70275911 0.67415715 0.22724825
vn -0.68453807 0.68435807 0.25112082
vn -0.92234827 0.38634761 0.00303066
vn -0.72565613 0.66439638 0.17888721
vn -0.89176016 0.24917577 -0.37772377
vn -0.68797100 0.67832131 0.25802345
vn -0.68401016 0.67237562 0.28291539
vn -0.65603221 0.68636546 0.31388564
vn -0.58526402 0.71321811 0.38572783
vn -0.90906169 0.41133930 -0.06638398
vn -0.61140078 0.69996776 0.36909919
vn -0.63246279 0.69087779 0.35025520
vn -0.91809981 0.19273533 -0.34633196
vn -0.83497821 0.32401389 -0.44477679
vn -0.79804957 0.37203705 -0.47403093
vn -0.56515128 0.74350036 0.35750699
vn -0.53304355 0.79055181 0.30148368
vn -0.49801028 0.83264270 0.24226408
vn -0.74042382 0.41394006 -0.52955282
vn -0.46877095 0.85567018 0.21927686
vn -0.67571895 0.46657681 -0.57071007
vn -0.61674415 0.51013804 -0.59948798
vn -0.43674184 0.87890177 0.19180262
vn -0.39966800 0.90748381 0.12937783
vn -0.55037955 0.53994045 -0.63682546
vn -0.36772994 0.92218015 0.11982679
vn -0.46133328 0.58352534 -0.66833358
vn -0.35227234 0.62164115 -0.69961880
vn -0.08887550 0.71620485 -0.69220789
vn -0.10327527 0.70936524 -0.69723394
vn -0.18346466 0.67301289 -0.71651544
vn -0.28616302 0.64147695 -0.71177106
vn -0.35259020 0.92839820 0.11728996
vn -0.33413076 0.93534715 0.11611345
vn -0.30840950 0.94388328 0.11818602
vn -0.10196669 0.94554152 0.30911813
vn -0.25266498 0.73444163 -0.62988562
vn -0.22798980 0.73104742 -0.64310988
vn -0.14453524 0.73016223 -0.66781186
vn -0.10913522 0.71421888 -0.69136162
vn -0.16910413 0.95726708 0.23461356
vn -0.18198309 0.73615635 -0.65188648
vn -0.12262784 0.95159077 0.28184645
vn -0.27335449 0.95305137 0.13027053
vn -0.24770017 0.95699042 0.15104294
vn -0.22056958 0.95887518 0.17862655
vn -0.01862626 0.92540563 0.37852013
vn 0.01569008 0.93231239 0.36131349
vn -0.22673886 0.75069111 -0.62052586
vn -0.17820646 0.74796739 -0.63936472
vn -0.06502588 0.93354424 0.35251493
vn 0.07079454 0.95502702 0.28794362
vn 0.55709760 0.82998904 -0.02757627
vn 0.05795631 0.94836228 0.31184939
vn 0.51418569 0.85726002 -0.02680178
vn 0.04036541 0.93750921 0.34561123
vn 0.04777000 0.94231694 0.33129566
vn -0.11888536 0.73916467 -0.66294937
vn 0.44907166 0.89231084 -0.04600013
vn 0.10326887 0.96445236 0.24324305
vn 0.10764625 0.97084698 0.21416915
vn 0.11488123 0.97583120 0.18589181
vn 0.13438602 0.98150651 0.13632816
vn 0.12970914 0.98686458 0.09630080
vn 0.12628092 0.98970666 0.06733393
vn 0.15336576 0.98790944 0.02266885
vn 0.16039187 0.98677015 -0.02364579
vn 0.18204416 0.93211375 0.31308766
vn 0.13521938 0.94923791 0.28401253
vn 0.53862599 0.84254444 -0.00095734
vn 0.09018170 0.99305443 0.07556560
vn 0.08548146 0.98726927 0.13413543
vn 0.09677986 0.97566895 0.19673272
vn 0.12282625 0.96108282 0.24745409
vn 0.13619257 0.98901206 -0.05750420
vn 0.14508858 0.98435101 -0.10001194
vn 0.12744307 0.98174704 -0.14117727
vn 0.09282292 0.98790768 -0.12418666
vn 0.07555639 0.99575316 -0.05260108
vn 0.08059180 0.99650699 0.02188088
vn 0.32903071 0.75781655 0.56342957
vn 0.37210569 0.70691869 0.60150089
vn 0.89683330 0.35618888 -0.26233474
vn 0.90117201 0.36700960 -0.23063598
vn 0.25289337 0.85026936 0.46161343
vn 0.29467042 0.80293636 0.51813372
vn 0.20685602 0.91901986 0.33557874
vn 0.22498788 0.89507011 0.38500643
vn 0.92362243 0.35037983 -0.15542064
vn 0.93993180 0.33286168 -0.07570547
vn 0.94363600 0.33085691 0.00920843
vn 0.93928279 0.32741338 0.10270503
vn 0.89764719 0.32526556 0.29737491
vn 0.75654175 0.65293477 -0.03634239
vn 0.91406218 0.31070836 0.26067344
vn 0.72642818 0.68601254 -0.04109610
vn 0.66179680 0.74880047 -0.03637112
vn 0.93386047 0.30665413 0.18403222
vn 0.59407230 0.80367574 -0.03440071
vn 0.87734879 0.35461872 0.32327181
vn 0.85155791 0.37305830 0.36834308
vn 0.83765534 0.39214476 0.38020524
vn 0.83299675 0.40980342 0.37172244
vn 0.81497317 0.43546110 0.38235110
vn 0.77931237 0.62572037 -0.03385633
vn 0.82174943 0.56856905 -0.03817220
vn 0.87737505 0.47855150 -0.03466231
vn 0.80487177 0.45008392 0.38678923
vn 0.91919747 0.39195181 -0.03807601
vn 0.80298043 0.46485312 0.37300671
vn 0.80549037 0.48453212 0.34119480
vn 0.82898209 0.43789035 -0.34790908
vn 0.57970788 0.37410411 0.72386800
vn 0.61018067 0.30518781 0.73112240
vn 0.82711089 0.44883777 -0.33827834
vn 0.53422787 0.45715126 0.71106491
vn 0.83503641 0.43244293 -0.34015777
vn 0.48068406 0.54735042 0.68509149
vn 0.84435352 0.42290192 -0.32896975
vn 0.43533592 0.62852659 0.64454400
vn 0.40659043 0.67134035 0.61966633
vn 0.86189870 0.39443420 -0.31867271
vn 0.88093852 0.36737857 -0.29829568
vn 0.81644315 0.49178944 -0.30259499
vn 0.81912868 0.47890720 -0.31571523
vn 0.69829143 0.08984115 0.71015326
vn 0.82429363 0.46494160 -0.32306242
vn 0.66786307 0.17116664 0.72433480
vn 0.63535430 0.24651629 0.73181598
vn -0.88494674 0.46322300 -0.04789278
vn -0.88062594 0.44252213 0.16932844
vn -0.83533603 0.30520468 0.45723498
vn -0.75149284 0.03372547 0.65887867
vn -0.63316711 -0.31055235 0.70898282
vn -0.51396915 -0.61961877 0.59321859
vn -0.42195317 -0.84448608 0.32984661
vn -0.39696997 -0.84155908 -0.36632383
vn -0.37901433 -0.92535572 -0.00805854
vn -0.46003667 -0.61857771 -0.63696772
vn -0.56178447 -0.30474418 -0.76910935
vn -0.67931989 0.02986602 -0.73323428
vn -0.78654666 0.30400262 -0.53751908
vn -0.85826408 0.44392010 -0.25752227
vn -0.92029288 -0.16012291 -0.35696171
vn -0.39090528 -0.08570898 -0.91643168
vn -0.93607758 -0.12124657 -0.33023936
vn -0.39994718 0.01270244 -0.91645016
vn -0.38332774 0.10621491 -0.91748473
vn -0.90935897 0.17435264 -0.37771340
vn -0.61593484 0.23155507 -0.75299835
vn -0.91328613 0.13085208 -0.38572811
vn 0.38904681 0.90296929 0.18245284
vn 0.40582003 0.81954816 0.40453791
vn 0.74853677 -0.18285169 0.63738368
vn 0.85068036 -0.36782482 0.37556335
vn 0.81199100 -0.32216030 0.48670665
vn 0.67133537 0.02256909 0.74081000
vn 0.59038662 0.24887770 0.76779133
vn 0.51465394 0.47245372 0.71548501
vn 0.45019936 0.67132431 0.58876498
vn 0.40560575 0.91322858 -0.03869803
vn 0.44490390 0.88798777 -0.11635398
vn 0.07117608 0.92993399 0.36077241
vn 0.08790078 0.88024424 0.46630840
vn -0.92354314 0.26957511 0.27275872
vn 0.07306804 0.99727650 -0.01003195
vn 0.06905111 0.99600095 0.05669264
vn -0.93530224 0.35053524 -0.04831940
vn 0.07669496 0.98611699 0.14727918
vn 0.07443068 0.96227776 0.26168987
vn 0.14854727 0.83916791 -0.52319300
vn 0.13115110 0.88737458 -0.44200198
vn -0.88987966 0.27024382 -0.36753567
vn 0.11483793 0.94352944 -0.31074820
vn 0.09492729 0.98517845 -0.14287136
vn -0.80018998 0.04484934 -0.59806733
vn 0.20893265 0.69634705 -0.68662066
vn 0.17453631 0.78393351 -0.59580645
vn 0.33450208 0.37750399 -0.86348080
vn 0.27618456 0.50577431 -0.81726032
vn 0.23686933 0.59906633 -0.76486107
vn 0.47398007 -0.02277919 -0.88024088
vn -0.69168076 -0.25243254 -0.67665024
vn 0.50123047 -0.09530903 -0.86004896
vn -0.58798293 -0.55874692 -0.58487431
vn 0.56183061 -0.21781846 -0.79806108
vn 0.43035211 0.07425647 -0.89960160
vn 0.40270260 0.16929693 -0.89953831
vn 0.38402825 0.25216910 -0.88821903
vn -0.52551489 -0.77692209 -0.34673644
vn 0.69868371 -0.52611705 -0.48481122
vn 0.63927542 -0.38245460 -0.66712474
vn 0.63236154 -0.54325228 0.55226429
vn 0.67444151 -0.60751810 0.41958361
vn -0.55457162 -0.77893104 0.29277423
vn 0.71315329 -0.66052505 0.23477443
vn -0.51170180 -0.85867117 -0.02907037
vn 0.74024714 -0.67230604 0.00622574
vn 0.73886800 -0.63311671 -0.23073209
vn 0.57835088 -0.43999834 0.68695831
vn -0.64497586 -0.55694170 0.52328013
vn 0.51877360 -0.32139894 0.79219737
vn 0.29842178 0.18542828 0.93624826
vn 0.35294996 0.05699789 0.93390447
vn -0.75598234 -0.25430614 0.60317418
vn 0.40499950 -0.08169688 0.91065967
vn 0.46373596 -0.21307288 0.85997029
vn 0.25751906 0.31984655 0.91180158
vn -0.85781331 0.04813942 0.51170198
vn 0.20765270 0.45974435 0.86343239
vn 0.11292640 0.80283964 0.58540254
vn 0.14056250 0.68136653 0.71831876
vn 0.15447675 0.57516291 0.80332096
vn -0.51436895 -0.85715260 -0.02672078
vn 0.93694036 -0.34606551 0.04879993
vn -0.52609863 -0.77657326 -0.34663266
vn 0.92521104 -0.26548598 -0.27111201
vn -0.59129848 -0.55638505 -0.58378231
vn 0.86001043 -0.04529715 -0.50826197
vn -0.69250109 -0.25558558 -0.67462452
vn 0.75880909 0.25550137 -0.59910585
vn -0.80258406 0.04522506 -0.59482226
vn 0.64872555 0.55631083 -0.51930090
vn -0.89205621 0.26544359 -0.36575321
vn 0.55925334 0.77653111 -0.29023290
vn -0.93694032 0.34606569 -0.04879925
vn 0.51436958 0.85715224 0.02672009
vn -0.92521083 0.26548638 0.27111235
vn 0.52609930 0.77657295 0.34663234
vn -0.86001010 0.04529925 0.50826234
vn 0.59129963 0.55638390 0.58378224
vn -0.75881024 -0.25550203 0.59910410
vn 0.69249979 0.25558517 0.67462601
vn -0.64872421 -0.55631127 0.51930210
vn 0.80258483 -0.04522374 0.59482132
vn -0.55925461 -0.77653031 0.29023260
vn 0.89205598 -0.26544457 0.36575306
vn -0.34633629 -0.76841523 0.53813493
vn -0.03315517 0.77026115 0.63686615
vn -0.03315499 -0.77026297 0.63686396
vn 0.24997204 0.74898310 0.61362716
vn 0.28765670 -0.76714212 0.57336427
vn 0.95300696 -0.02029451 0.30226788
vn 0.54018368 -0.76732596 0.34556108
vn 0.64690890 -0.66196678 0.37856157
vn 0.75613829 -0.65322693 0.03936334
vn 0.63686533 -0.77026186 0.03315436
vn 0.67451738 -0.65322680 -0.34397827
vn 0.56811959 -0.77026142 -0.28971964
vn 0.41215980 -0.65322657 -0.63515301
vn 0.34714538 -0.77026235 -0.53496355
vn 0.03936399 -0.65322683 -0.75613833
vn 0.03315488 -0.77026151 -0.63686573
vn -0.34397917 -0.65322658 -0.67451714
vn -0.28971979 -0.77026229 -0.56811834
vn -0.63515302 -0.65322711 -0.41215892
vn -0.53496507 -0.77026134 -0.34714527
vn -0.75613849 -0.65322663 -0.03936448
vn -0.63686543 -0.77026175 -0.03315512
vn -0.67836584 -0.65700132 0.32889064
vn -0.57089899 -0.76865846 0.28851086
vn -0.95619818 -0.08376726 0.28047833
vn -0.30024037 0.74259597 0.59867099
vn -0.93090666 0.36202795 -0.04846185
vn -0.56811866 0.77026199 0.28971996
vn -0.83041969 0.36202772 0.42348444
vn -0.34714479 0.77026200 0.53496444
vn -0.50742484 0.36202473 0.78195788
vn -0.03315487 0.77026139 0.63686588
vn -0.04846194 0.36202672 0.93090714
vn 0.28971915 0.77026192 0.56811916
vn 0.42348488 0.36202507 0.83042062
vn 0.53496387 0.77026204 0.34714558
vn 0.78195780 0.36202677 0.50742350
vn 0.63686554 0.77026167 0.03315479
vn 0.93090680 0.36202745 0.04846295
vn 0.56811860 0.77026208 -0.28971986
vn 0.83041986 0.36202788 -0.42348397
vn 0.34714479 0.77026196 -0.53496450
vn 0.50742466 0.36202579 -0.78195751
vn 0.03315506 0.77026142 -0.63686583
vn 0.04846185 0.36202789 -0.93090668
vn -0.28971912 0.77026180 -0.56811934
vn -0.42348476 0.36202561 -0.83042045
vn -0.53496390 0.77026207 -0.34714546
vn -0.78195792 0.36202696 -0.50742319
vn -0.63686548 0.77026173 -0.03315462
vn -0.36437325 0.90073615 -0.23644562
vn -0.19733359 0.90073456 -0.38695828
vn 0.02258111 0.90073661 -0.43377835
vn 0.23644844 0.90073493 -0.36437443
vn 0.38695485 0.90073626 -0.19733255
vn 0.43377946 0.90073603 0.02258273
vn 0.36437305 0.90073606 0.23644623
vn 0.19733377 0.90073425 0.38695890
vn -0.02258133 0.90073599 0.43377961
vn -0.23644909 0.90073430 0.36437555
vn -0.38695497 0.90073612 0.19733296
vn -0.43377903 0.90073626 -0.02258168
vn -0.74528062 0.66524183 -0.04483428
vn -0.53713952 0.76265921 -0.36032216
vn -0.65571622 0.74988495 -0.08779980
vn -0.83369792 0.03171974 0.55130902
vn -0.65872368 0.66205236 0.35744899
vn -0.52607870 -0.75287925 -0.39549215
vn -0.28972259 -0.77025973 -0.56812038
vn -0.28971891 0.77026461 -0.56811564
vn 0.03315626 -0.77026282 -0.63686407
vn 0.03315641 0.77025984 -0.63686767
vn 0.34714601 -0.77026000 -0.53496653
vn 0.34714205 0.77026456 -0.53496253
vn 0.56144885 -0.74644910 -0.35719594
vn 0.57148064 0.75958270 -0.31055433
vn 0.67582850 0.73668101 -0.02359946
vn 0.74083701 0.66980693 0.05019162
vn 0.77057461 0.02435895 0.63688414
vn 0.62599013 0.65769221 0.41901947
vn 0.62196620 -0.65769108 0.42497116
vn 0.34397880 0.65322851 0.67451545
vn 0.34397941 -0.65322490 0.67451864
vn -0.03936419 0.65322786 0.75613744
vn -0.03936419 -0.65322496 0.75613994
vn -0.41215898 0.65322839 0.63515167
vn -0.41215983 -0.65322572 0.63515387
vn -0.64939922 -0.66267234 0.37302281
vn 0.67717207 0.66657222 -0.31163996
vn 0.74443215 0.66657246 0.03875474
vn 0.45477991 0.66657291 -0.59064016
vn 0.12664298 0.66575769 -0.73534227
vn -0.22636686 0.66583507 -0.71093017
vn -0.53151616 0.66657227 -0.52265857
vn -0.69579764 0.67344848 -0.24966534
vn -0.73133320 0.68095682 -0.03807303
vn -0.71796118 0.67344808 0.17606656
vn -0.59155070 0.66969949 0.44896589
vn 0.04172441 -0.75519368 0.65417244
vn -0.21971263 -0.73770483 0.63837132
vn 0.44544109 0.68437447 0.57724677
vn 0.64115185 0.66657210 0.38027088
vn 0.42857886 -0.58741240 0.68648877
vn 0.00000017 -1.00000000 0.00000006
vn 0.80880642 -0.58741203 -0.02791567
vn -0.38022694 -0.58741265 0.71440455
vn -0.80880641 -0.58741202 0.02791594
vn -0.42857877 -0.58741343 -0.68648795
vn 0.38022772 -0.58741220 -0.71440450
vn 0.28846212 -0.83862776 0.46205313
vn 0.54438035 -0.83862805 -0.01878905
vn -0.25591831 -0.83862818 0.48084155
vn -0.54438087 -0.83862773 0.01878798
vn -0.28846082 -0.83862852 -0.46205255
vn 0.25591976 -0.83862725 -0.48084240
vn -0.00000006 1.00000000 -0.00000000
vn -0.46070837 -0.82307394 0.33211004
vn -0.46911324 -0.83882917 0.27622164
vn -0.31149064 0.79874092 0.51476842
vn -0.84816403 0.29223970 0.44182998
vn -0.75148668 -0.01545885 0.65956712
vn -0.80529885 0.14900708 0.57383853
vn -0.15443924 -0.30285398 0.94044032
vn -0.61182057 -0.40425953 0.67988957
vn -0.68495988 -0.20314171 0.69968808
vn -0.87609413 0.39723156 0.27325111
vn -0.88564447 0.45901442 0.07028256
vn -0.87936290 0.45858308 -0.12815006
vn -0.48142159 -0.74103749 0.46807765
vn -0.54226173 -0.58770635 0.60046105
vn -0.88942209 0.41722077 -0.18669542
vn -0.91124151 0.40151109 -0.09180283
vn -0.91684000 0.39398579 0.06464995
vn -0.40365109 0.50771724 0.76111037
vn -0.89237320 0.29753051 0.33933120
vn -0.90965983 0.35571259 0.21444708
vn -0.08579820 0.62693135 0.77433569
vn 0.22214776 -0.17023614 0.96003647
vn 0.47240157 0.81509761 0.33533960
vn 0.46357808 0.87087110 0.16333670
vn 0.46566329 0.88482629 -0.01549665
vn -0.96814993 0.14687564 -0.20276405
vn -0.95829643 -0.04605669 -0.28204029
vn -0.96917142 -0.14284871 -0.20075109
vn -0.95856955 0.00969195 -0.28469365
vn -0.95495374 0.04636103 -0.29311092
vn -0.95611669 -0.10397635 -0.27391569
vn -0.95539198 -0.14312538 -0.25834336
vn -0.70990689 -0.69981132 -0.07934945
vn -0.71104402 0.69940023 -0.07249632
vn -0.95494365 0.14821595 -0.25712772
vn -0.95589424 0.11090165 -0.27196878
vn -0.52899911 0.79481019 -0.29738309
vn -0.11874088 0.80508788 -0.58114896
vn -0.17054836 0.79034980 -0.58843900
vn -0.17317905 0.80105982 -0.57298532
vn 0.34113104 0.80088728 -0.49214751
vn 0.27843499 0.80930417 -0.51720472
vn -0.47563108 0.77672925 -0.41287618
vn -0.41307629 0.79640408 -0.44171089
vn -0.24743963 0.80078886 -0.54544554
vn -0.28959821 0.80379608 -0.51965829
vn -0.36639298 0.79901506 -0.47679254
vn 0.23695633 0.80968611 -0.53689860
vn 0.21999754 0.79997163 -0.55825305
vn 0.19295653 0.79318176 -0.57760753
vn 0.13654364 0.80396357 -0.57879048
vn 0.52156873 0.80200357 -0.29112942
vn 0.49103812 0.79866552 -0.34787204
vn 0.44774683 0.79564687 -0.40800592
vn 0.40388759 0.80273463 -0.43873902
vn -0.06155245 0.68013284 -0.73050025
vn -0.24811341 0.68103114 -0.68893855
vn -0.36865024 0.69482724 -0.61750475
vn 0.64245489 0.61053946 -0.46313420
vn -0.04421094 0.73577678 -0.67577949
vn 0.03429674 0.70617164 -0.70720955
vn -0.37286905 0.73243273 -0.56965864
vn -0.21315990 0.73690480 -0.64150929
vn 0.05865317 0.81551865 -0.57575093
vn -0.01338017 0.81468962 -0.57974286
vn -0.07847211 0.81100655 -0.57975039
vn -0.21504010 -0.73397405 -0.64423586
vn -0.37421010 -0.73035332 -0.57144627
vn -0.24963226 -0.68101698 -0.68840367
vn -0.06387558 -0.68082948 -0.72965138
vn 0.31653205 -0.80077860 -0.50848903
vn 0.33916882 -0.80954454 -0.47916818
vn -0.51261327 -0.80218054 -0.30616011
vn -0.47053733 -0.80097475 -0.37018113
vn -0.42981449 -0.80158904 -0.41558936
vn -0.40194082 -0.80633035 -0.43390662
vn 0.03787176 -0.70555808 -0.70763941
vn -0.04446991 -0.73238864 -0.67943308
vn 0.62146952 -0.73567249 -0.26937265
vn 0.50392553 -0.80486096 -0.31346116
vn 0.54936315 -0.79762901 -0.24897407
vn 0.55217315 -0.80818991 -0.20477767
vn 0.60640423 -0.78330360 -0.13678223
vn 0.04372797 -0.81575777 -0.57673835
vn 0.11073471 -0.81175483 -0.57340380
vn -0.16373251 -0.79948634 -0.57793880
vn -0.18843736 -0.80837324 -0.55769532
vn -0.26920655 -0.79876217 -0.53805839
vn 0.15592054 -0.76308379 -0.62720963
vn 0.42456526 -0.75620318 -0.49789666
vn 0.36739335 -0.81507680 -0.44796422
vn 0.43630703 -0.79892629 -0.41394801
vn 0.47133751 -0.80370164 -0.36318676
vn 0.17994208 -0.80274018 -0.56853237
vn 0.22192539 -0.80238683 -0.55400767
vn 0.24638146 -0.81393795 -0.52611899
vn -0.17316189 -0.76766993 -0.61700717
vn -0.08927756 -0.79889663 -0.59480559
vn -0.03058628 -0.80915588 -0.58679744
vn -0.38813623 -0.79753190 -0.46183669
vn -0.31616902 -0.81130578 -0.49175206
vn -0.28690971 -0.80255473 -0.52305710
vn -0.13414564 -0.75655654 -0.64002121
vn -0.33274381 -0.72774137 -0.59972832
vn -0.36896464 -0.69484500 -0.61729695
vn -0.32965187 0.89080125 0.31273435
vn 0.22607331 0.45250510 -0.86262969
vn 0.18681173 0.50371837 -0.84342705
vn 0.00924823 0.68897634 -0.72472482
vn 0.12434922 0.58333877 -0.80265382
vn -0.06114121 0.13696312 -0.98868744
vn -0.03567270 0.15440956 -0.98736272
vn 0.05198895 -0.00006629 -0.99864766
vn -0.08319758 0.11535292 -0.98983426
vn -0.10117174 0.09023557 -0.99076830
vn -0.11451655 0.06237559 -0.99146117
vn -0.12282743 0.03261761 -0.99189189
vn -0.12585194 0.00186620 -0.99204728
vn -0.12349775 -0.02894346 -0.99192267
vn -0.11583638 -0.05887589 -0.99152184
vn -0.10310080 -0.08702130 -0.99085696
vn -0.08567794 -0.11252438 -0.98994826
vn -0.06409644 -0.13461123 -0.98882327
vn -0.03901377 -0.15260919 -0.98751626
vn -0.01119126 -0.16597181 -0.98606699
vn 0.01852669 -0.17429419 -0.98451932
vn 0.04923570 -0.17732248 -0.98292044
vn 0.08000454 -0.17496485 -0.98131879
vn 0.10989636 -0.16729309 -0.97976314
vn 0.13800305 -0.15454030 -0.97830080
vn 0.16347216 -0.13709359 -0.97697605
vn 0.18552857 -0.11548358 -0.97582923
vn 0.20350229 -0.09036692 -0.97489519
vn 0.21684782 -0.06250532 -0.97420229
vn 0.22515892 -0.03274712 -0.97377158
vn 0.22818300 -0.00199661 -0.97361621
vn 0.22582876 0.02881326 -0.97374081
vn 0.21816741 0.05874549 -0.97414165
vn 0.20543188 0.08689067 -0.97480652
vn 0.18800895 0.11239408 -0.97571523
vn 0.16642804 0.13448030 -0.97684019
vn 0.14134564 0.15247803 -0.97814716
vn 0.11352262 0.16584117 -0.97959651
vn 0.08380433 0.17416373 -0.98114414
vn 0.05309451 0.17719202 -0.98274308
vn 0.02232708 0.17483450 -0.98434466
vn -0.00756474 0.16716261 -0.98590032
vn 0.90458098 -0.29383569 -0.30885892
vn 0.84033283 -0.27609014 -0.46649219
vn -0.52463723 -0.30154760 -0.79613116
vn -0.86054771 -0.32832334 -0.38943732
vn -0.85857262 0.31594501 -0.40377197
vn -0.33343972 0.30350408 -0.89258234
vn 0.43509804 0.30051456 -0.84875243
vn 0.60078235 0.29111156 -0.74452309
vn 0.73870933 0.46816167 -0.48490532
vn 0.90780445 0.30080212 -0.29224847
vn 0.63336908 0.75860796 -0.15283187
vn 0.77059262 0.62193775 -0.13921368
vn 0.98891015 -0.01194517 -0.14803388
vn 0.97562727 0.15994423 -0.15023074
vn 0.93369441 0.32509216 -0.15009939
vn 0.86636177 0.47734294 -0.14683668
vn 0.75281964 0.24312791 -0.61167917
vn 0.31441833 0.21692647 -0.92416666
vn 0.27093611 0.26012515 -0.92678397
vn 0.22223457 0.28287599 -0.93305572
vn 0.16295005 0.30090763 -0.93962859
vn 0.11442161 0.31106680 -0.94347504
vn 0.04057672 0.33777311 -0.94035252
vn 0.00516518 0.31144641 -0.95024968
vn -0.05819945 0.30268439 -0.95131224
vn -0.10962524 0.27792571 -0.95432678
vn -0.16754975 0.25552169 -0.95217422
vn -0.68411126 0.26316897 -0.68024545
vn -0.77981728 0.32104498 -0.53741523
vn -0.81074014 0.16162814 -0.56265155
vn -0.81238106 -0.14520577 -0.56475862
vn -0.82231396 0.01285208 -0.56888890
vn -0.78623716 -0.26766318 -0.55694483
vn -0.68847773 -0.24784169 -0.68159585
vn -0.56477423 -0.21159807 -0.79765677
vn -0.38959412 -0.23904730 -0.88942274
vn -0.33278114 -0.30648989 -0.89180752
vn -0.21671950 -0.21660358 -0.95190102
vn -0.17247148 -0.25860350 -0.95046190
vn -0.12509365 -0.30607610 -0.94375262
vn -0.07521966 -0.30037068 -0.95085196
vn -0.00566581 -0.31446368 -0.94925260
vn 0.03835305 -0.31798879 -0.94731841
vn 0.60146531 -0.31297570 -0.73504129
vn 0.74894957 -0.25826302 -0.61022516
vn 0.90961358 -0.39466273 -0.12978623
vn 0.97270721 -0.18245817 -0.14335166
vn 0.96323590 -0.24682201 -0.10609190
vn 0.93845348 -0.17290689 -0.29901215
vn 0.95445157 -0.01023947 -0.29819014
vn 0.94199799 0.15273828 -0.29884914
vn 0.87426260 -0.15933644 -0.45855949
vn 0.88900400 -0.00944736 -0.45780196
vn 0.87752875 0.14072781 -0.45840918
vn 0.84758633 0.26910508 -0.45736185
vn 0.78401145 -0.14101573 -0.60451684
vn 0.79705660 -0.00837361 -0.60384655
vn 0.78690171 0.12452178 -0.60438400
vn -0.71700097 0.14093043 -0.68267724
vn -0.73004619 0.00828813 -0.68334754
vn -0.71989133 -0.12460740 -0.68280998
vn 0.64022719 -0.22631643 -0.73409129
vn 0.67034388 -0.11848211 -0.73253060
vn 0.68130312 -0.00704947 -0.73196746
vn 0.67277193 0.10459580 -0.73241904
vn 0.64500957 0.21306149 -0.73387155
vn -0.50632348 0.30188220 -0.80777699
vn -0.55971615 0.22217037 -0.79834714
vn -0.59065543 0.11838057 -0.79819309
vn -0.60161467 0.00694803 -0.79875623
vn -0.59308362 -0.10469745 -0.79830462
vn 0.48086320 0.24562853 -0.84168712
vn 0.51684637 0.16610670 -0.83980854
vn 0.53849273 0.08153564 -0.83867605
vn 0.54514449 -0.00551427 -0.83832397
vn 0.53659954 -0.09239841 -0.83876306
vn 0.51311752 -0.17647702 -0.83997992
vn 0.47441060 -0.24701958 -0.84493544
vn 0.41387582 -0.30935384 -0.85615829
vn -0.38462806 0.25256566 -0.88784674
vn -0.42312146 0.17636223 -0.88874327
vn -0.44660352 0.09228368 -0.88996012
vn -0.45514835 0.00539969 -0.89039925
vn -0.44849658 -0.08165024 -0.89004722
vn -0.42685023 -0.16622160 -0.88891465
vn 0.11756730 -0.33646502 -0.93432822
vn 0.15025756 -0.30037853 -0.94191051
vn 0.20860028 -0.27947554 -0.93721894
vn 0.26697683 -0.25642192 -0.92896242
vn 0.30963223 -0.22316216 -0.92429786
vn 0.34466558 -0.17543703 -0.92218625
vn 0.37058329 -0.12132848 -0.92084061
vn 0.38672429 -0.06353489 -0.92000415
vn 0.39259779 -0.00381334 -0.91970236
vn 0.38802555 0.05602264 -0.91994437
vn 0.37314640 0.11415454 -0.92072282
vn 0.34841253 0.16881569 -0.92201408
vn -0.21187515 0.22207367 -0.95173116
vn -0.24704404 0.17531246 -0.95301353
vn -0.27296164 0.12120405 -0.95435922
vn -0.28910273 0.06341054 -0.95519564
vn -0.29497635 0.00368846 -0.95549743
vn -0.29040406 -0.05614713 -0.95525545
vn -0.27552486 -0.11427872 -0.95447704
vn -0.25079109 -0.16894012 -0.95318575
vn 0.34397811 0.65322795 0.67451635
vn 0.63515275 0.65322729 0.41215907
vn 0.00000000 1.00000000 0.00000000
vn 0.75613861 0.65322660 0.03936266
vn 0.67451689 0.65322859 -0.34397582
vn -0.67451663 0.65322738 0.34397863
vn -0.41215973 0.65322876 0.63515081
vn -0.03936225 0.65322359 0.75614122
vn -0.34397981 0.65322475 -0.67451858
vn -0.63515231 0.65322828 -0.41215817
vn -0.75613816 0.65322698 -0.03936487
vn 0.41215899 0.65322507 -0.63515507
vn 0.03936414 0.65322597 -0.75613907
vn 0.41215720 -0.65322817 -0.63515305
vn 0.67451810 -0.65322563 -0.34397908
vn -0.00000009 -1.00000000 -0.00000000
vn 0.75613827 -0.65322691 0.03936407
vn 0.63515329 -0.65322584 0.41216052
vn -0.63515325 -0.65322522 -0.41216157
vn -0.34397845 -0.65322725 -0.67451685
vn 0.03936395 -0.65322884 -0.75613660
vn -0.41215952 -0.65322606 0.63515371
vn -0.67451752 -0.65322568 0.34398012
vn -0.75613834 -0.65322685 -0.03936348
vn 0.34397746 -0.65322531 0.67451924
vn -0.03936202 -0.65322963 0.75613602
f 1//1 2//2 3//3
f 3//3 2//2 4//4
f 3//3 4//4 5//5
f 5//5 4//4 6//6
f 5//5 6//6 7//7
f 7//7 6//6 8//8
f 7//7 8//8 9//9
f 9//9 8//8 10//10
f 9//9 10//10 11//11
f 11//11 10//10 12//12
f 11//11 12//12 13//13
f 13//13 12//12 14//14
f 13//13 14//14 15//15
f 15//15 14//14 16//16
f 15//15 16//16 17//17
f 17//17 16//16 18//18
f 17//17 18//18 19//19
f 19//19 18//18 20//20
f 19//19 20//20 21//21
f 21//21 20//20 22//22
f 21//21 22//22 23//23
f 23//23 22//22 24//24
f 23//23 24//24 25//25
f 25//25 24//24 26//26
f 25//25 26//26 27//27
f 27//27 26//26 28//28
f 27//27 28//28 29//29
f 29//29 28//28 30//30
f 29//29 30//30 31//31
f 31//31 30//30 32//32
f 31//31 32//32 33//33
f 33//33 32//32 34//34
f 33//33 34//34 35//35
f 35//35 34//34 36//36
f 35//35 36//36 37//37
f 37//37 36//36 38//38
f 37//37 38//38 39//39
f 39//39 38//38 40//40
f 39//39 40//40 41//41
f 41//41 40//40 42//42
f 41//41 42//42 43//43
f 43//43 42//42 44//44
f 43//43 44//44 45//45
f 45//45 44//44 46//46
f 45//45 46//46 47//47
f 47//47 46//46 48//48
f 47//47 48//48 49//49
f 49//49 48//48 50//50
f 49//49 50//50 51//51
f 51//51 50//50 52//52
f 51//51 52//52 53//53
f 53//53 52//52 54//54
f 53//53 54//54 55//55
f 55//55 54//54 56//56
f 55//55 56//56 1//1
f 1//1 56//56 2//2
f 56//56 57//57 2//2
f 2//2 57//57 58//58
f 2//2 58//58 4//4
f 4//4 58//58 59//59
f 4//4 59//59 6//6
f 6//6 59//59 60//60
f 6//6 60//60 8//8
f 8//8 60//60 61//61
f 8//8 61//61 10//10
f 10//10 61//61 62//62
f 10//10 62//62 12//12
f 12//12 62//62 63//63
f 12//12 63//63 14//14
f 14//14 63//63 64//64
f 14//14 64//64 16//16
f 16//16 64//64 65//65
f 16//16 65//65 18//18
f 18//18 65//65 66//66
f 18//18 66//66 20//20
f 20//20 66//66 67//67
f 20//20 67//67 22//22
f 22//22 67//67 68//68
f 22//22 68//68 24//24
f 24//24 68//68 69//69
f 24//24 69//69 26//26
f 26//26 69//69 70//70
f 26//26 70//70 28//28
f 28//28 70//70 71//71
f 28//28 71//71 30//30
f 30//30 71//71 72//72
f 30//30 72//72 32//32
f 32//32 72//72 73//73
f 32//32 73//73 34//34
f 34//34 73//73 74//74
f 34//34 74//74 36//36
f 36//36 74//74 75//75
f 36//36 75//75 38//38
f 38//38 75//75 76//76
f 38//38 76//76 40//40
f 40//40 76//76 77//77
f 40//40 77//77 42//42
f 42//42 77//77 78//78
f 42//42 78//78 44//44
f 44//44 78//78 79//79
f 44//44 79//79 46//46
f 46//46 79//79 80//80
f 46//46 80//80 48//48
f 48//48 80//80 81//81
f 48//48 81//81 50//50
f 50//50 81//81 82//82
f 50//50 82//82 52//52
f 52//52 82//82 83//83
f 52//52 83//83 54//54
f 54//54 83//83 84//84
f 54//54 84//84 56//56
f 56//56 84//84 57//57
f 84//84 85//85 57//57
f 57//57 85//85 86//86
f 57//57 86//86 58//58
f 58//58 86//86 87//87
f 58//58 87//87 59//59
f 59//59 87//87 88//88
f 59//59 88//88 60//60
f 60//60 88//88 89//89
f 60//60 89//89 61//61
f 61//61 89//89 90//90
f 61//61 90//90 62//62
f 62//62 90//90 91//91
f 62//62 91//91 63//63
f 63//63 91//91 92//92
f 63//63 92//92 64//64
f 64//64 92//92 93//93
f 64//64 93//93 65//65
f 65//65 93//93 94//94
f 65//65 94//94 66//66
f 66//66 94//94 95//95
f 66//66 95//95 67//67
f 67//67 95//95 96//96
f 67//67 96//96 68//68
f 68//68 96//96 97//97
f 68//68 97//97 69//69
f 69//69 97//97 98//98
f 69//69 98//98 70//70
f 70//70 98//98 99//99
f 70//70 99//99 71//71
f 71//71 99//99 100//100
f 71//71 100//100 72//72
f 72//72 100//100 101//101
f 72//72 101//101 73//73
f 73//73 101//101 102//102
f 73//73 102//102 74//74
f 74//74 102//102 103//103
f 74//74 103//103 75//75
f 75//75 103//103 104//104
f 75//75 104//104 76//76
f 76//76 104//104 105//105
f 76//76 105//105 77//77
f 77//77 105//105 106//106
f 77//77 106//106 78//78
f 78//78 106//106 107//107
f 78//78 107//107 79//79
f 79//79 107//107 108//108
f 79//79 108//108 80//80
f 80//80 108//108 109//109
f 80//80 109//109 81//81
f 81//81 109//109 110//110
f 81//81 110//110 82//82
f 82//82 110//110 111//111
f 82//82 111//111 83//83
f 83//83 111//111 112//112
f 83//83 112//112 84//84
f 84//84 112//112 85//85
f 113//113 114//114 115//115
f 116//116 117//117 118//118
f 118//118 119//119 116//116
f 116//116 119//119 120//120
f 116//116 120//120 121//121
f 117//117 116//116 122//122
f 122//122 116//116 123//123
f 122//122 123//123 124//124
f 123//123 125//125 124//124
f 124//124 125//125 126//126
f 124//124 126//126 127//127
f 126//126 128//128 127//127
f 127//127 128//128 129//129
f 127//127 129//129 130//130
f 130//130 131//131 127//127
f 127//127 131//131 132//132
f 127//127 132//132 133//133
f 133//133 132//132 134//134
f 135//135 136//136 137//137
f 137//137 136//136 138//138
f 137//137 138//138 139//139
f 139//139 138//138 140//140
f 139//139 140//140 141//141
f 141//141 140//140 120//120
f 120//120 140//140 142//142
f 120//120 142//142 121//121
f 143//143 144//144 145//145
f 145//145 144//144 146//146
f 145//145 146//146 147//147
f 147//147 148//148 145//145
f 145//145 148//148 149//149
f 145//145 149//149 150//150
f 150//150 149//149 151//151
f 151//151 152//152 150//150
f 150//150 152//152 153//153
f 150//150 153//153 154//154
f 154//154 155//155 150//150
f 150//150 155//155 156//156
f 150//150 156//156 157//157
f 157//157 156//156 158//158
f 157//157 158//158 159//159
f 159//159 158//158 160//160
f 159//159 160//160 161//161
f 161//161 160//160 162//162
f 161//161 162//162 135//135
f 135//135 162//162 163//163
f 135//135 163//163 136//136
f 164//164 165//165 166//166
f 134//134 167//167 133//133
f 133//133 167//167 168//168
f 133//133 168//168 166//166
f 166//166 168//168 169//169
f 166//166 169//169 164//164
f 165//165 170//170 166//166
f 166//166 170//170 171//171
f 166//166 171//171 172//172
f 173//173 174//174 175//175
f 175//175 174//174 176//176
f 175//175 176//176 177//177
f 177//177 176//176 178//178
f 177//177 178//178 145//145
f 145//145 178//178 179//179
f 145//145 179//179 143//143
f 172//172 171//171 175//175
f 175//175 171//171 180//180
f 175//175 180//180 173//173
f 181//181 182//182 183//183
f 183//183 182//182 184//184
f 183//183 184//184 185//185
f 181//181 183//183 186//186
f 186//186 183//183 187//187
f 186//186 187//187 188//188
f 188//188 189//189 186//186
f 186//186 189//189 127//127
f 186//186 127//127 190//190
f 190//190 127//127 133//133
f 190//190 133//133 191//191
f 185//185 184//184 192//192
f 192//192 184//184 193//193
f 192//192 193//193 194//194
f 195//195 196//196 197//197
f 197//197 196//196 198//198
f 197//197 198//198 199//199
f 194//194 200//200 192//192
f 192//192 200//200 196//196
f 192//192 196//196 201//201
f 201//201 196//196 195//195
f 199//199 202//202 197//197
f 197//197 202//202 203//203
f 197//197 203//203 204//204
f 204//204 203//203 205//205
f 205//205 206//206 204//204
f 204//204 206//206 207//207
f 204//204 207//207 208//208
f 208//208 207//207 209//209
f 209//209 210//210 208//208
f 208//208 210//210 211//211
f 208//208 211//211 212//212
f 211//211 213//213 212//212
f 212//212 213//213 214//214
f 212//212 214//214 215//215
f 215//215 214//214 216//216
f 215//215 216//216 217//217
f 217//217 218//218 215//215
f 215//215 218//218 219//219
f 215//215 219//219 220//220
f 220//220 221//221 215//215
f 215//215 221//221 222//222
f 215//215 222//222 223//223
f 223//223 224//224 215//215
f 215//215 224//224 225//225
f 215//215 225//225 226//226
f 226//226 225//225 227//227
f 226//226 227//227 228//228
f 229//229 230//230 228//228
f 227//227 231//231 228//228
f 228//228 231//231 232//232
f 228//228 232//232 229//229
f 229//229 232//232 233//233
f 229//229 233//233 234//234
f 235//235 236//236 229//229
f 229//229 236//236 237//237
f 229//229 237//237 230//230
f 236//236 238//238 237//237
f 237//237 238//238 239//239
f 237//237 239//239 240//240
f 239//239 241//241 240//240
f 240//240 241//241 242//242
f 240//240 242//242 243//243
f 243//243 242//242 244//244
f 242//242 245//245 244//244
f 244//244 245//245 246//246
f 244//244 246//246 247//247
f 247//247 246//246 248//248
f 115//115 249//249 113//113
f 113//113 249//249 250//250
f 113//113 250//250 248//248
f 248//248 250//250 251//251
f 248//248 251//251 247//247
f 252//252 253//253 114//114
f 252//252 114//114 254//254
f 255//255 256//256 257//257
f 255//255 257//257 114//114
f 114//114 257//257 258//258
f 114//114 258//258 254//254
f 253//253 259//259 114//114
f 114//114 259//259 260//260
f 114//114 260//260 115//115
f 115//115 260//260 261//261
f 115//115 261//261 262//262
f 262//262 263//263 115//115
f 115//115 263//263 264//264
f 115//115 264//264 265//265
f 265//265 264//264 266//266
f 265//265 266//266 267//267
f 267//267 266//266 268//268
f 269//269 270//270 271//271
f 271//271 270//270 272//272
f 271//271 272//272 273//273
f 150//150 274//274 271//271
f 271//271 274//274 275//275
f 275//275 276//276 271//271
f 271//271 276//276 277//277
f 271//271 277//277 269//269
f 273//273 278//278 271//271
f 271//271 278//278 279//279
f 271//271 279//279 150//150
f 150//150 279//279 280//280
f 281//281 282//282 145//145
f 280//280 283//283 150//150
f 150//150 283//283 284//284
f 150//150 284//284 145//145
f 145//145 284//284 285//285
f 145//145 285//285 281//281
f 286//286 287//287 288//288
f 282//282 289//289 145//145
f 145//145 289//289 286//286
f 145//145 286//286 290//290
f 290//290 286//286 288//288
f 287//287 291//291 288//288
f 288//288 291//291 292//292
f 288//288 292//292 293//293
f 294//294 295//295 296//296
f 296//296 295//295 288//288
f 296//296 288//288 297//297
f 297//297 288//288 293//293
f 298//298 295//295 299//299
f 299//299 295//295 294//294
f 299//299 294//294 300//300
f 300//300 294//294 301//301
f 301//301 302//302 300//300
f 300//300 302//302 303//303
f 300//300 303//303 304//304
f 304//304 303//303 305//305
f 304//304 305//305 306//306
f 306//306 305//305 307//307
f 305//305 308//308 307//307
f 307//307 308//308 309//309
f 307//307 309//309 310//310
f 310//310 309//309 311//311
f 310//310 311//311 312//312
f 312//312 311//311 313//313
f 314//314 315//315 311//311
f 315//315 316//316 311//311
f 311//311 316//316 317//317
f 311//311 317//317 313//313
f 311//311 318//318 314//314
f 314//314 318//318 319//319
f 314//314 319//319 320//320
f 321//321 322//322 323//323
f 324//324 325//325 326//326
f 323//323 327//327 321//321
f 321//321 327//327 324//324
f 321//321 324//324 328//328
f 328//328 324//324 326//326
f 320//320 329//329 314//314
f 314//314 329//329 330//330
f 314//314 330//330 325//325
f 325//325 330//330 331//331
f 325//325 331//331 326//326
f 332//332 333//333 334//334
f 334//334 333//333 335//335
f 322//322 321//321 334//334
f 334//334 321//321 336//336
f 334//334 336//336 332//332
f 337//337 338//338 339//339
f 339//339 338//338 340//340
f 333//333 341//341 335//335
f 335//335 341//341 342//342
f 335//335 342//342 343//343
f 343//343 342//342 339//339
f 343//343 339//339 344//344
f 344//344 339//339 340//340
f 337//337 345//345 338//338
f 338//338 345//345 346//346
f 338//338 346//346 347//347
f 347//347 348//348 338//338
f 338//338 348//348 349//349
f 338//338 349//349 350//350
f 351//351 352//352 353//353
f 354//354 353//353 355//355
f 355//355 356//356 357//357
f 357//357 358//358 355//355
f 355//355 358//358 359//359
f 355//355 359//359 354//354
f 352//352 360//360 353//353
f 353//353 360//360 361//361
f 353//353 361//361 355//355
f 355//355 361//361 362//362
f 355//355 362//362 363//363
f 363//363 364//364 355//355
f 355//355 364//364 365//365
f 355//355 365//365 356//356
f 366//366 367//367 368//368
f 369//369 370//370 368//368
f 368//368 370//370 371//371
f 368//368 371//371 366//366
f 353//353 372//372 369//369
f 369//369 372//372 373//373
f 369//369 373//373 370//370
f 369//369 374//374 353//353
f 353//353 374//374 375//375
f 353//353 375//375 376//376
f 376//376 377//377 353//353
f 353//353 377//377 338//338
f 353//353 338//338 351//351
f 351//351 338//338 350//350
f 378//378 379//379 380//380
f 380//380 379//379 381//381
f 380//380 381//381 382//382
f 377//377 383//383 338//338
f 338//338 383//383 380//380
f 338//338 380//380 384//384
f 384//384 380//380 382//382
f 378//378 385//385 379//379
f 379//379 385//385 386//386
f 379//379 386//386 387//387
f 387//387 388//388 379//379
f 379//379 388//388 389//389
f 379//379 389//389 390//390
f 390//390 389//389 391//391
f 391//391 389//389 392//392
f 392//392 389//389 393//393
f 392//392 393//393 394//394
f 394//394 393//393 395//395
f 394//394 395//395 256//256
f 256//256 395//395 396//396
f 256//256 396//396 257//257
f 397//397 398//398 399//399
f 397//397 399//399 400//400
f 398//398 397//397 401//401
f 401//401 397//397 402//402
f 401//401 402//402 403//403
f 403//403 402//402 404//404
f 403//403 404//404 405//405
f 405//405 404//404 406//406
f 406//406 404//404 407//407
f 406//406 407//407 367//367
f 367//367 407//407 408//408
f 367//367 408//408 368//368
f 266//266 409//409 268//268
f 268//268 409//409 410//410
f 268//268 410//410 411//411
f 411//411 410//410 412//412
f 411//411 412//412 413//413
f 413//413 412//412 400//400
f 413//413 400//400 414//414
f 414//414 400//400 399//399
f 415//415 416//416 131//131
f 417//417 134//134 416//416
f 416//416 134//134 132//132
f 416//416 132//132 131//131
f 164//164 418//418 165//165
f 165//165 418//418 170//170
f 164//164 169//169 418//418
f 418//418 169//169 168//168
f 418//418 168//168 417//417
f 417//417 168//168 167//167
f 417//417 167//167 134//134
f 170//170 418//418 171//171
f 171//171 418//418 419//419
f 171//171 419//419 180//180
f 176//176 174//174 419//419
f 419//419 174//174 173//173
f 419//419 173//173 180//180
f 144//144 420//420 146//146
f 146//146 420//420 421//421
f 146//146 421//421 147//147
f 144//144 143//143 420//420
f 420//420 143//143 179//179
f 420//420 179//179 419//419
f 419//419 179//179 178//178
f 419//419 178//178 176//176
f 422//422 153//153 152//152
f 422//422 152//152 423//423
f 152//152 151//151 423//423
f 423//423 151//151 149//149
f 423//423 149//149 421//421
f 421//421 149//149 148//148
f 421//421 148//148 147//147
f 156//156 155//155 424//424
f 424//424 155//155 422//422
f 422//422 155//155 154//154
f 422//422 154//154 153//153
f 425//425 136//136 163//163
f 163//163 162//162 425//425
f 425//425 162//162 160//160
f 425//425 160//160 424//424
f 424//424 160//160 158//158
f 424//424 158//158 156//156
f 136//136 425//425 138//138
f 138//138 425//425 426//426
f 138//138 426//426 140//140
f 427//427 125//125 123//123
f 123//123 116//116 427//427
f 427//427 116//116 121//121
f 427//427 121//121 426//426
f 426//426 121//121 142//142
f 426//426 142//142 140//140
f 131//131 130//130 415//415
f 415//415 130//130 129//129
f 415//415 129//129 428//428
f 428//428 129//129 128//128
f 428//428 128//128 427//427
f 427//427 128//128 126//126
f 427//427 126//126 125//125
f 429//429 133//133 166//166
f 430//430 431//431 429//429
f 429//429 166//166 430//430
f 430//430 166//166 172//172
f 430//430 172//172 432//432
f 172//172 175//175 432//432
f 432//432 175//175 177//177
f 432//432 177//177 433//433
f 295//295 434//434 435//435
f 435//435 434//434 436//436
f 435//435 436//436 290//290
f 290//290 436//436 433//433
f 290//290 433//433 145//145
f 145//145 433//433 177//177
f 270//270 269//269 437//437
f 276//276 275//275 438//438
f 118//118 117//117 439//439
f 188//188 440//440 189//189
f 189//189 440//440 441//441
f 117//117 122//122 439//439
f 439//439 122//122 124//124
f 439//439 124//124 441//441
f 441//441 124//124 127//127
f 441//441 127//127 189//189
f 118//118 439//439 119//119
f 119//119 439//439 442//442
f 119//119 442//442 120//120
f 135//135 137//137 443//443
f 443//443 137//137 139//139
f 443//443 139//139 442//442
f 442//442 139//139 141//141
f 442//442 141//141 120//120
f 135//135 443//443 161//161
f 161//161 443//443 444//444
f 161//161 444//444 159//159
f 159//159 444//444 157//157
f 157//157 444//444 445//445
f 157//157 445//445 150//150
f 438//438 275//275 445//445
f 445//445 275//275 274//274
f 445//445 274//274 150//150
f 437//437 269//269 438//438
f 438//438 269//269 277//277
f 438//438 277//277 276//276
f 270//270 437//437 272//272
f 272//272 437//437 446//446
f 272//272 446//446 273//273
f 273//273 446//446 447//447
f 273//273 447//447 278//278
f 448//448 449//449 450//450
f 451//451 452//452 453//453
f 453//453 452//452 454//454
f 453//453 454//454 450//450
f 450//450 454//454 455//455
f 450//450 455//455 448//448
f 456//456 457//457 458//458
f 458//458 457//457 459//459
f 458//458 459//459 453//453
f 453//453 459//459 460//460
f 453//453 460//460 451//451
f 461//461 462//462 458//458
f 458//458 462//462 463//463
f 458//458 463//463 456//456
f 464//464 465//465 461//461
f 461//461 465//465 466//466
f 461//461 466//466 462//462
f 467//467 468//468 469//469
f 469//469 468//468 470//470
f 469//469 470//470 471//471
f 467//467 472//472 468//468
f 468//468 472//472 473//473
f 468//468 473//473 461//461
f 461//461 473//473 474//474
f 461//461 474//474 464//464
f 475//475 476//476 470//470
f 470//470 476//476 477//477
f 470//470 477//477 471//471
f 478//478 479//479 480//480
f 480//480 479//479 481//481
f 480//480 481//481 482//482
f 482//482 481//481 483//483
f 482//482 483//483 475//475
f 475//475 483//483 484//484
f 475//475 484//484 476//476
f 478//478 480//480 485//485
f 485//485 480//480 486//486
f 485//485 486//486 487//487
f 488//488 489//489 490//490
f 490//490 489//489 491//491
f 490//490 491//491 486//486
f 486//486 491//491 492//492
f 486//486 492//492 487//487
f 488//488 490//490 493//493
f 493//493 490//490 494//494
f 493//493 494//494 495//495
f 449//449 496//496 450//450
f 450//450 496//496 497//497
f 450//450 497//497 494//494
f 494//494 497//497 498//498
f 494//494 498//498 495//495
f 499//499 500//500 501//501
f 501//501 500//500 502//502
f 501//501 502//502 503//503
f 503//503 502//502 504//504
f 503//503 504//504 505//505
f 505//505 504//504 506//506
f 505//505 506//506 507//507
f 507//507 506//506 508//508
f 507//507 508//508 509//509
f 509//509 508//508 510//510
f 509//509 510//510 511//511
f 511//511 510//510 512//512
f 511//511 512//512 513//513
f 513//513 512//512 514//514
f 513//513 514//514 515//515
f 515//515 514//514 516//516
f 515//515 516//516 517//517
f 517//517 516//516 518//518
f 517//517 518//518 519//519
f 519//519 518//518 520//520
f 519//519 520//520 521//521
f 521//521 520//520 522//522
f 521//521 522//522 499//499
f 499//499 522//522 500//500
f 523//523 524//524 525//525
f 525//525 524//524 526//526
f 525//525 526//526 527//527
f 527//527 526//526 528//528
f 527//527 528//528 529//529
f 528//528 530//530 529//529
f 529//529 530//530 531//531
f 529//529 531//531 532//532
f 532//532 531//531 533//533
f 532//532 533//533 534//534
f 534//534 533//533 535//535
f 534//534 535//535 536//536
f 536//536 535//535 537//537
f 536//536 537//537 538//538
f 538//538 537//537 539//539
f 538//538 539//539 540//540
f 540//540 539//539 541//541
f 540//540 541//541 542//542
f 542//542 541//541 543//543
f 542//542 543//543 544//544
f 544//544 543//543 545//545
f 544//544 545//545 546//546
f 546//546 545//545 547//547
f 546//546 547//547 523//523
f 523//523 547//547 548//548
f 523//523 548//548 524//524
f 549//549 550//550 551//551
f 551//551 550//550 552//552
f 551//551 552//552 553//553
f 553//553 552//552 554//554
f 553//553 554//554 555//555
f 555//555 554//554 556//556
f 555//555 556//556 557//557
f 557//557 556//556 558//558
f 557//557 558//558 559//559
f 559//559 558//558 560//560
f 559//559 560//560 561//561
f 561//561 560//560 562//562
f 561//561 562//562 563//563
f 563//563 562//562 564//564
f 563//563 564//564 565//565
f 565//565 564//564 566//566
f 565//565 566//566 567//567
f 567//567 566//566 568//568
f 567//567 568//568 569//569
f 569//569 568//568 570//570
f 569//569 570//570 571//571
f 571//571 570//570 572//572
f 571//571 572//572 549//549
f 549//549 572//572 550//550
f 549//549 573//573 571//571
f 571//571 573//573 574//574
f 571//571 574//574 569//569
f 569//569 574//574 575//575
f 569//569 575//575 567//567
f 567//567 575//575 576//576
f 567//567 576//576 565//565
f 565//565 576//576 577//577
f 565//565 577//577 563//563
f 563//563 577//577 578//578
f 563//563 578//578 561//561
f 561//561 578//578 579//579
f 561//561 579//579 559//559
f 559//559 579//579 580//580
f 559//559 580//580 557//557
f 557//557 580//580 581//581
f 557//557 581//581 555//555
f 555//555 581//581 582//582
f 555//555 582//582 553//553
f 553//553 582//582 583//583
f 553//553 583//583 551//551
f 551//551 583//583 584//584
f 551//551 584//584 549//549
f 549//549 584//584 573//573
f 585//585 547//547 586//586
f 586//586 587//587 585//585
f 585//585 587//587 588//588
f 585//585 588//588 589//589
f 547//547 590//590 586//586
f 586//586 590//590 591//591
f 586//586 591//591 592//592
f 592//592 591//591 593//593
f 592//592 593//593 594//594
f 594//594 593//593 595//595
f 594//594 595//595 596//596
f 596//596 595//595 597//597
f 596//596 597//597 598//598
f 598//598 597//597 528//528
f 598//598 528//528 599//599
f 599//599 528//528 600//600
f 599//599 600//600 601//601
f 601//601 600//600 602//602
f 601//601 602//602 603//603
f 603//603 602//602 604//604
f 603//603 604//604 605//605
f 605//605 604//604 606//606
f 605//605 606//606 607//607
f 607//607 606//606 608//608
f 607//607 608//608 609//609
f 609//609 608//608 589//589
f 609//609 589//589 610//610
f 610//610 589//589 588//588
f 611//611 612//612 45//45
f 45//45 47//47 611//611
f 611//611 47//47 49//49
f 611//611 49//49 613//613
f 49//49 51//51 613//613
f 613//613 51//51 53//53
f 613//613 53//53 614//614
f 3//3 615//615 1//1
f 1//1 615//615 614//614
f 1//1 614//614 55//55
f 55//55 614//614 53//53
f 3//3 5//5 615//615
f 615//615 5//5 7//7
f 615//615 7//7 616//616
f 7//7 9//9 616//616
f 616//616 9//9 11//11
f 616//616 11//11 617//617
f 617//617 11//11 13//13
f 617//617 13//13 618//618
f 618//618 13//13 15//15
f 618//618 15//15 619//619
f 15//15 17//17 619//619
f 619//619 17//17 19//19
f 619//619 19//19 620//620
f 29//29 621//621 27//27
f 27//27 621//621 622//622
f 27//27 622//622 25//25
f 25//25 622//622 588//588
f 25//25 588//588 23//23
f 23//23 588//588 620//620
f 23//23 620//620 21//21
f 21//21 620//620 19//19
f 29//29 31//31 621//621
f 621//621 31//31 33//33
f 621//621 33//33 601//601
f 601//601 33//33 35//35
f 601//601 35//35 623//623
f 623//623 35//35 37//37
f 623//623 37//37 624//624
f 37//37 39//39 624//624
f 624//624 39//39 41//41
f 624//624 41//41 612//612
f 612//612 41//41 43//43
f 612//612 43//43 45//45
f 589//589 524//524 585//585
f 585//585 524//524 548//548
f 585//585 548//548 547//547
f 600//600 528//528 602//602
f 602//602 528//528 526//526
f 602//602 526//526 604//604
f 604//604 526//526 524//524
f 604//604 524//524 606//606
f 606//606 524//524 589//589
f 606//606 589//589 608//608
f 610//610 588//588 622//622
f 621//621 601//601 603//603
f 610//610 622//622 609//609
f 609//609 622//622 621//621
f 609//609 621//621 607//607
f 607//607 621//621 603//603
f 607//607 603//603 605//605
f 376//376 483//483 481//481
f 376//376 481//481 377//377
f 377//377 481//481 479//479
f 377//377 479//479 383//383
f 383//383 479//479 380//380
f 380//380 479//479 478//478
f 380//380 478//478 378//378
f 478//478 485//485 378//378
f 378//378 485//485 487//487
f 378//378 487//487 385//385
f 385//385 487//487 386//386
f 386//386 487//487 492//492
f 386//386 492//492 387//387
f 492//492 491//491 387//387
f 387//387 491//491 489//489
f 387//387 489//489 388//388
f 388//388 489//489 389//389
f 389//389 489//489 488//488
f 389//389 488//488 393//393
f 393//393 488//488 493//493
f 393//393 493//493 395//395
f 395//395 493//493 495//495
f 395//395 495//495 396//396
f 396//396 495//495 498//498
f 396//396 498//498 497//497
f 496//496 258//258 497//497
f 497//497 258//258 257//257
f 497//497 257//257 396//396
f 449//449 252//252 496//496
f 496//496 252//252 254//254
f 496//496 254//254 258//258
f 449//449 448//448 252//252
f 252//252 448//448 455//455
f 252//252 455//455 253//253
f 253//253 455//455 454//454
f 253//253 454//454 259//259
f 625//625 626//626 627//627
f 628//628 626//626 625//625
f 629//629 626//626 628//628
f 630//630 626//626 629//629
f 631//631 626//626 630//630
f 627//627 626//626 631//631
f 632//632 625//625 633//633
f 633//633 625//625 627//627
f 634//634 628//628 632//632
f 632//632 628//628 625//625
f 635//635 629//629 634//634
f 634//634 629//629 628//628
f 636//636 630//630 635//635
f 635//635 630//630 629//629
f 637//637 631//631 636//636
f 636//636 631//631 630//630
f 633//633 627//627 637//637
f 637//637 627//627 631//631
f 106//106 105//105 635//635
f 92//92 91//91 633//633
f 111//111 110//110 634//634
f 96//96 637//637 97//97
f 97//97 637//637 98//98
f 102//102 636//636 103//103
f 103//103 636//636 635//635
f 103//103 635//635 104//104
f 104//104 635//635 105//105
f 110//110 109//109 634//634
f 634//634 109//109 108//108
f 634//634 108//108 635//635
f 635//635 108//108 107//107
f 635//635 107//107 106//106
f 87//87 86//86 632//632
f 632//632 86//86 85//85
f 632//632 85//85 634//634
f 634//634 85//85 112//112
f 634//634 112//112 111//111
f 91//91 90//90 633//633
f 633//633 90//90 89//89
f 633//633 89//89 632//632
f 632//632 89//89 88//88
f 632//632 88//88 87//87
f 102//102 101//101 636//636
f 636//636 101//101 100//100
f 636//636 100//100 637//637
f 637//637 100//100 99//99
f 637//637 99//99 98//98
f 96//96 95//95 637//637
f 637//637 95//95 94//94
f 637//637 94//94 633//633
f 633//633 94//94 93//93
f 633//633 93//93 92//92
f 620//620 588//588 587//587
f 613//613 594//594 596//596
f 601//601 623//623 599//599
f 599//599 623//623 624//624
f 599//599 624//624 598//598
f 598//598 624//624 612//612
f 598//598 612//612 596//596
f 596//596 612//612 611//611
f 596//596 611//611 613//613
f 620//620 587//587 619//619
f 619//619 587//587 586//586
f 619//619 586//586 618//618
f 618//618 586//586 592//592
f 618//618 592//592 617//617
f 613//613 614//614 594//594
f 594//594 614//614 615//615
f 594//594 615//615 592//592
f 592//592 615//615 616//616
f 592//592 616//616 617//617
f 580//580 579//579 638//638
f 638//638 579//579 578//578
f 638//638 578//578 577//577
f 583//583 582//582 638//638
f 638//638 582//582 581//581
f 638//638 581//581 580//580
f 574//574 573//573 638//638
f 638//638 573//573 584//584
f 638//638 584//584 583//583
f 577//577 576//576 638//638
f 638//638 576//576 575//575
f 638//638 575//575 574//574
f 590//590 547//547 545//545
f 541//541 539//539 591//591
f 591//591 539//539 593//593
f 590//590 545//545 591//591
f 591//591 545//545 543//543
f 591//591 543//543 541//541
f 539//539 537//537 593//593
f 593//593 537//537 535//535
f 593//593 535//535 595//595
f 535//535 533//533 595//595
f 595//595 533//533 531//531
f 595//595 531//531 597//597
f 597//597 531//531 530//530
f 597//597 530//530 528//528
f 639//639 640//640 247//247
f 247//247 640//640 244//244
f 641//641 302//302 301//301
f 328//328 641//641 321//321
f 321//321 641//641 301//301
f 321//321 301//301 336//336
f 336//336 301//301 332//332
f 332//332 301//301 294//294
f 332//332 294//294 296//296
f 642//642 475//475 470//470
f 468//468 643//643 470//470
f 470//470 643//643 644//644
f 470//470 644//644 642//642
f 458//458 453//453 640//640
f 640//640 453//453 645//645
f 461//461 646//646 468//468
f 468//468 646//646 647//647
f 468//468 647//647 643//643
f 642//642 648//648 475//475
f 475//475 648//648 649//649
f 475//475 649//649 482//482
f 482//482 649//649 650//650
f 482//482 650//650 480//480
f 640//640 639//639 458//458
f 458//458 639//639 651//651
f 458//458 651//651 461//461
f 461//461 651//651 652//652
f 461//461 652//652 646//646
f 650//650 653//653 480//480
f 480//480 653//653 654//654
f 480//480 654//654 486//486
f 486//486 654//654 655//655
f 453//453 450//450 645//645
f 645//645 450//450 494//494
f 645//645 494//494 656//656
f 656//656 494//494 490//490
f 656//656 490//490 657//657
f 657//657 490//490 486//486
f 657//657 486//486 658//658
f 658//658 486//486 655//655
f 442//442 508//508 506//506
f 520//520 518//518 659//659
f 440//440 510//510 441//441
f 441//441 510//510 508//508
f 441//441 508//508 439//439
f 439//439 508//508 442//442
f 659//659 518//518 660//660
f 502//502 445//445 504//504
f 504//504 445//445 444//444
f 504//504 444//444 506//506
f 506//506 444//444 443//443
f 506//506 443//443 442//442
f 500//500 437//437 502//502
f 502//502 437//437 438//438
f 502//502 438//438 445//445
f 522//522 447//447 500//500
f 500//500 447//447 446//446
f 500//500 446//446 437//437
f 518//518 516//516 660//660
f 660//660 516//516 514//514
f 660//660 514//514 440//440
f 440//440 514//514 512//512
f 440//440 512//512 510//510
f 659//659 661//661 520//520
f 520//520 661//661 662//662
f 520//520 662//662 522//522
f 522//522 662//662 663//663
f 522//522 663//663 447//447
f 432//432 433//433 430//430
f 430//430 433//433 436//436
f 430//430 436//436 431//431
f 664//664 431//431 436//436
f 665//665 666//666 667//667
f 667//667 666//666 668//668
f 665//665 669//669 666//666
f 666//666 669//669 670//670
f 666//666 670//670 671//671
f 664//664 436//436 298//298
f 298//298 436//436 434//434
f 298//298 434//434 295//295
f 672//672 673//673 666//666
f 666//666 673//673 674//674
f 666//666 674//674 668//668
f 664//664 672//672 431//431
f 431//431 672//672 666//666
f 431//431 666//666 429//429
f 429//429 666//666 191//191
f 429//429 191//191 133//133
f 550//550 572//572 672//672
f 672//672 572//572 675//675
f 676//676 677//677 566//566
f 566//566 677//677 678//678
f 566//566 678//678 568//568
f 679//679 680//680 562//562
f 675//675 572//572 681//681
f 681//681 572//572 570//570
f 681//681 570//570 682//682
f 678//678 683//683 568//568
f 568//568 683//683 684//684
f 568//568 684//684 570//570
f 570//570 684//684 685//685
f 570//570 685//685 682//682
f 680//680 686//686 562//562
f 562//562 686//686 687//687
f 562//562 687//687 564//564
f 564//564 687//687 688//688
f 564//564 688//688 689//689
f 690//690 691//691 560//560
f 560//560 691//691 692//692
f 560//560 692//692 562//562
f 562//562 692//692 693//693
f 562//562 693//693 679//679
f 554//554 694//694 556//556
f 556//556 694//694 695//695
f 556//556 695//695 558//558
f 558//558 695//695 696//696
f 558//558 696//696 560//560
f 560//560 696//696 697//697
f 560//560 697//697 690//690
f 552//552 698//698 554//554
f 554//554 698//698 699//699
f 554//554 699//699 694//694
f 672//672 664//664 550//550
f 550//550 664//664 700//700
f 550//550 700//700 552//552
f 552//552 700//700 701//701
f 552//552 701//701 698//698
f 689//689 702//702 564//564
f 564//564 702//702 703//703
f 564//564 703//703 566//566
f 566//566 703//703 704//704
f 566//566 704//704 676//676
f 546//546 523//523 705//705
f 671//671 544//544 666//666
f 666//666 544//544 546//546
f 666//666 546//546 706//706
f 706//706 546//546 705//705
f 527//527 707//707 708//708
f 709//709 710//710 534//534
f 671//671 711//711 544//544
f 544//544 711//711 712//712
f 544//544 712//712 542//542
f 542//542 712//712 713//713
f 542//542 713//713 714//714
f 527//527 708//708 525//525
f 525//525 708//708 715//715
f 525//525 715//715 523//523
f 523//523 715//715 716//716
f 523//523 716//716 705//705
f 235//235 229//229 717//717
f 718//718 719//719 532//532
f 532//532 719//719 720//720
f 532//532 720//720 721//721
f 722//722 723//723 536//536
f 724//724 538//538 725//725
f 725//725 538//538 540//540
f 725//725 540//540 726//726
f 235//235 717//717 721//721
f 529//529 532//532 727//727
f 727//727 532//532 721//721
f 727//727 721//721 728//728
f 728//728 721//721 717//717
f 710//710 729//729 534//534
f 534//534 729//729 730//730
f 534//534 730//730 532//532
f 532//532 730//730 731//731
f 532//532 731//731 718//718
f 723//723 732//732 536//536
f 536//536 732//732 733//733
f 536//536 733//733 534//534
f 534//534 733//733 734//734
f 534//534 734//734 709//709
f 724//724 735//735 538//538
f 538//538 735//735 736//736
f 538//538 736//736 536//536
f 536//536 736//736 737//737
f 536//536 737//737 722//722
f 714//714 738//738 542//542
f 542//542 738//738 739//739
f 542//542 739//739 540//540
f 540//540 739//739 740//740
f 540//540 740//740 726//726
f 727//727 741//741 529//529
f 529//529 741//741 742//742
f 529//529 742//742 527//527
f 527//527 742//742 743//743
f 527//527 743//743 707//707
f 416//416 415//415 511//511
f 511//511 415//415 428//428
f 511//511 428//428 509//509
f 509//509 428//428 427//427
f 509//509 427//427 507//507
f 507//507 427//427 426//426
f 507//507 426//426 505//505
f 505//505 426//426 425//425
f 505//505 425//425 503//503
f 503//503 425//425 424//424
f 503//503 424//424 501//501
f 501//501 424//424 422//422
f 501//501 422//422 499//499
f 499//499 422//422 423//423
f 499//499 423//423 521//521
f 521//521 423//423 421//421
f 521//521 421//421 519//519
f 519//519 421//421 420//420
f 519//519 420//420 517//517
f 517//517 420//420 419//419
f 517//517 419//419 515//515
f 515//515 419//419 418//418
f 515//515 418//418 513//513
f 513//513 418//418 417//417
f 513//513 417//417 511//511
f 511//511 417//417 416//416
f 243//243 244//244 640//640
f 243//243 640//640 240//240
f 645//645 226//226 640//640
f 640//640 226//226 228//228
f 228//228 230//230 640//640
f 640//640 230//230 237//237
f 640//640 237//237 240//240
f 115//115 265//265 652//652
f 363//363 362//362 653//653
f 363//363 653//653 364//364
f 364//364 653//653 650//650
f 364//364 650//650 365//365
f 365//365 650//650 649//649
f 365//365 649//649 356//356
f 356//356 649//649 357//357
f 357//357 649//649 648//648
f 357//357 648//648 358//358
f 642//642 373//373 372//372
f 372//372 353//353 642//642
f 642//642 353//353 354//354
f 642//642 354//354 648//648
f 648//648 354//354 359//359
f 648//648 359//359 358//358
f 373//373 642//642 370//370
f 370//370 642//642 644//644
f 370//370 644//644 371//371
f 405//405 406//406 643//643
f 643//643 406//406 367//367
f 643//643 367//367 644//644
f 644//644 367//367 366//366
f 644//644 366//366 371//371
f 405//405 643//643 403//403
f 403//403 643//643 647//647
f 403//403 647//647 401//401
f 268//268 411//411 646//646
f 646//646 411//411 413//413
f 413//413 414//414 646//646
f 646//646 414//414 399//399
f 646//646 399//399 647//647
f 647//647 399//399 398//398
f 647//647 398//398 401//401
f 652//652 265//265 646//646
f 646//646 265//265 267//267
f 646//646 267//267 268//268
f 651//651 639//639 247//247
f 247//247 251//251 651//651
f 651//651 251//251 250//250
f 651//651 250//250 652//652
f 652//652 250//250 249//249
f 652//652 249//249 115//115
f 360//360 654//654 361//361
f 361//361 654//654 653//653
f 361//361 653//653 362//362
f 350//350 655//655 351//351
f 351//351 655//655 654//654
f 351//351 654//654 352//352
f 352//352 654//654 360//360
f 347//347 658//658 348//348
f 348//348 658//658 655//655
f 348//348 655//655 349//349
f 349//349 655//655 350//350
f 347//347 346//346 658//658
f 658//658 346//346 345//345
f 658//658 345//345 657//657
f 297//297 293//293 659//659
f 345//345 337//337 657//657
f 657//657 337//337 339//339
f 657//657 339//339 342//342
f 342//342 341//341 657//657
f 657//657 341//341 333//333
f 657//657 333//333 656//656
f 656//656 333//333 332//332
f 656//656 332//332 659//659
f 659//659 332//332 296//296
f 659//659 296//296 297//297
f 308//308 305//305 641//641
f 641//641 305//305 303//303
f 641//641 303//303 302//302
f 318//318 311//311 744//744
f 311//311 309//309 744//744
f 744//744 309//309 308//308
f 744//744 308//308 326//326
f 326//326 308//308 641//641
f 326//326 641//641 328//328
f 326//326 331//331 744//744
f 744//744 331//331 330//330
f 744//744 330//330 329//329
f 329//329 320//320 744//744
f 744//744 320//320 319//319
f 744//744 319//319 318//318
f 291//291 287//287 661//661
f 659//659 293//293 661//661
f 661//661 293//293 292//292
f 661//661 292//292 291//291
f 278//278 447//447 279//279
f 279//279 447//447 663//663
f 279//279 663//663 280//280
f 281//281 285//285 662//662
f 662//662 285//285 284//284
f 662//662 284//284 663//663
f 663//663 284//284 283//283
f 663//663 283//283 280//280
f 287//287 286//286 661//661
f 661//661 286//286 289//289
f 661//661 289//289 662//662
f 662//662 289//289 282//282
f 662//662 282//282 281//281
f 188//188 187//187 440//440
f 440//440 187//187 183//183
f 440//440 183//183 185//185
f 195//195 660//660 201//201
f 201//201 660//660 440//440
f 201//201 440//440 192//192
f 192//192 440//440 185//185
f 215//215 226//226 645//645
f 195//195 197//197 660//660
f 660//660 197//197 204//204
f 660//660 204//204 208//208
f 659//659 660//660 656//656
f 656//656 660//660 208//208
f 656//656 208//208 645//645
f 645//645 208//208 212//212
f 645//645 212//212 215//215
f 210//210 209//209 743//743
f 743//743 209//209 707//707
f 202//202 715//715 203//203
f 203//203 715//715 708//708
f 209//209 207//207 707//707
f 707//707 207//207 206//206
f 707//707 206//206 708//708
f 708//708 206//206 205//205
f 708//708 205//205 203//203
f 706//706 182//182 181//181
f 191//191 666//666 190//190
f 190//190 666//666 706//706
f 190//190 706//706 186//186
f 186//186 706//706 181//181
f 182//182 706//706 184//184
f 184//184 706//706 705//705
f 184//184 705//705 193//193
f 198//198 196//196 716//716
f 716//716 196//196 200//200
f 716//716 200//200 705//705
f 705//705 200//200 194//194
f 705//705 194//194 193//193
f 198//198 716//716 199//199
f 199//199 716//716 715//715
f 199//199 715//715 202//202
f 300//300 304//304 700//700
f 307//307 310//310 701//701
f 316//316 315//315 699//699
f 701//701 310//310 698//698
f 310//310 312//312 698//698
f 698//698 312//312 313//313
f 698//698 313//313 699//699
f 699//699 313//313 317//317
f 699//699 317//317 316//316
f 700//700 304//304 701//701
f 701//701 304//304 306//306
f 701//701 306//306 307//307
f 664//664 298//298 700//700
f 700//700 298//298 299//299
f 700//700 299//299 300//300
f 699//699 315//315 694//694
f 694//694 315//315 314//314
f 694//694 314//314 325//325
f 334//334 696//696 322//322
f 322//322 696//696 695//695
f 325//325 324//324 694//694
f 694//694 324//324 327//327
f 694//694 327//327 695//695
f 695//695 327//327 323//323
f 695//695 323//323 322//322
f 334//334 335//335 696//696
f 696//696 335//335 343//343
f 697//697 696//696 745//745
f 745//745 696//696 746//746
f 343//343 747//747 696//696
f 696//696 747//747 748//748
f 696//696 748//748 746//746
f 749//749 750//750 751//751
f 749//749 751//751 752//752
f 753//753 752//752 751//751
f 754//754 753//753 751//751
f 755//755 754//754 751//751
f 756//756 755//755 751//751
f 757//757 756//756 751//751
f 758//758 757//757 751//751
f 759//759 758//758 751//751
f 760//760 759//759 751//751
f 761//761 760//760 751//751
f 762//762 761//761 751//751
f 763//763 762//762 751//751
f 764//764 763//763 751//751
f 765//765 764//764 751//751
f 766//766 765//765 751//751
f 767//767 766//766 751//751
f 768//768 767//767 751//751
f 769//769 768//768 751//751
f 770//770 769//769 751//751
f 771//771 770//770 751//751
f 772//772 771//771 751//751
f 773//773 772//772 751//751
f 774//774 773//773 751//751
f 775//775 774//774 751//751
f 776//776 775//775 751//751
f 777//777 776//776 751//751
f 778//778 777//777 751//751
f 779//779 778//778 751//751
f 780//780 779//779 751//751
f 781//781 780//780 751//751
f 782//782 781//781 751//751
f 783//783 782//782 751//751
f 784//784 783//783 751//751
f 785//785 784//784 751//751
f 750//750 785//785 751//751
f 721//721 720//720 786//786
f 719//719 718//718 787//787
f 738//738 788//788 739//739
f 671//671 789//789 711//711
f 672//672 790//790 673//673
f 790//790 672//672 675//675
f 678//678 791//791 683//683
f 680//680 792//792 686//686
f 693//693 793//793 679//679
f 697//697 794//794 795//795
f 794//794 697//697 745//745
f 748//748 796//796 797//797
f 796//796 748//748 747//747
f 246//246 798//798 248//248
f 248//248 798//798 799//799
f 248//248 799//799 113//113
f 800//800 255//255 799//799
f 799//799 255//255 114//114
f 799//799 114//114 113//113
f 801//801 394//394 800//800
f 800//800 394//394 256//256
f 800//800 256//256 255//255
f 379//379 390//390 797//797
f 797//797 390//390 391//391
f 797//797 391//391 801//801
f 801//801 391//391 392//392
f 801//801 392//392 394//394
f 379//379 797//797 381//381
f 381//381 797//797 796//796
f 381//381 796//796 382//382
f 382//382 796//796 384//384
f 384//384 796//796 747//747
f 384//384 747//747 338//338
f 343//343 344//344 747//747
f 747//747 344//344 340//340
f 747//747 340//340 338//338
f 802//802 692//692 691//691
f 803//803 804//804 687//687
f 687//687 804//804 805//805
f 687//687 805//805 688//688
f 688//688 805//805 806//806
f 688//688 806//806 689//689
f 689//689 806//806 807//807
f 689//689 807//807 702//702
f 807//807 808//808 702//702
f 702//702 808//808 809//809
f 702//702 809//809 703//703
f 703//703 809//809 810//810
f 703//703 810//810 704//704
f 704//704 810//810 811//811
f 704//704 811//811 676//676
f 676//676 811//811 812//812
f 676//676 812//812 677//677
f 813//813 682//682 685//685
f 814//814 681//681 682//682
f 675//675 681//681 790//790
f 790//790 681//681 814//814
f 790//790 814//814 673//673
f 673//673 814//814 815//815
f 673//673 815//815 674//674
f 816//816 665//665 817//817
f 817//817 665//665 667//667
f 817//817 667//667 815//815
f 815//815 667//667 668//668
f 815//815 668//668 674//674
f 818//818 670//670 816//816
f 816//816 670//670 669//669
f 816//816 669//669 665//665
f 671//671 670//670 789//789
f 789//789 670//670 818//818
f 789//789 818//818 711//711
f 711//711 818//818 712//712
f 819//819 714//714 713//713
f 788//788 738//738 820//820
f 740//740 821//821 726//726
f 726//726 821//821 822//822
f 726//726 822//822 725//725
f 823//823 824//824 724//724
f 724//724 824//824 825//825
f 724//724 825//825 735//735
f 735//735 825//825 826//826
f 735//735 826//826 736//736
f 736//736 826//826 827//827
f 736//736 827//827 737//737
f 737//737 827//827 828//828
f 737//737 828//828 722//722
f 829//829 710//710 709//709
f 718//718 731//731 830//830
f 830//830 731//731 730//730
f 830//830 730//730 829//829
f 829//829 730//730 729//729
f 829//829 729//729 710//710
f 719//719 787//787 720//720
f 238//238 236//236 831//831
f 831//831 236//236 235//235
f 831//831 235//235 721//721
f 246//246 245//245 798//798
f 798//798 245//245 242//242
f 798//798 242//242 832//832
f 832//832 242//242 241//241
f 832//832 241//241 831//831
f 831//831 241//241 833//833
f 831//831 833//833 238//238
f 721//721 786//786 831//831
f 831//831 786//786 834//834
f 831//831 834//834 832//832
f 832//832 834//834 835//835
f 832//832 835//835 798//798
f 798//798 835//835 836//836
f 798//798 836//836 799//799
f 799//799 836//836 795//795
f 799//799 795//795 800//800
f 800//800 795//795 794//794
f 800//800 794//794 801//801
f 801//801 794//794 745//745
f 801//801 745//745 797//797
f 797//797 745//745 746//746
f 797//797 746//746 748//748
f 720//720 787//787 786//786
f 786//786 787//787 837//837
f 786//786 837//837 834//834
f 834//834 837//837 838//838
f 834//834 838//838 835//835
f 835//835 838//838 839//839
f 835//835 839//839 836//836
f 836//836 839//839 840//840
f 836//836 840//840 795//795
f 795//795 840//840 690//690
f 795//795 690//690 697//697
f 718//718 830//830 787//787
f 787//787 830//830 841//841
f 787//787 841//841 837//837
f 837//837 841//841 842//842
f 837//837 842//842 838//838
f 838//838 842//842 843//843
f 838//838 843//843 839//839
f 839//839 843//843 802//802
f 839//839 802//802 840//840
f 840//840 802//802 691//691
f 840//840 691//691 690//690
f 682//682 813//813 814//814
f 814//814 813//813 844//844
f 814//814 844//844 815//815
f 815//815 844//844 845//845
f 815//815 845//845 817//817
f 817//817 845//845 846//846
f 817//817 846//846 816//816
f 816//816 846//846 819//819
f 816//816 819//819 818//818
f 818//818 819//819 713//713
f 818//818 713//713 712//712
f 829//829 847//847 830//830
f 830//830 847//847 848//848
f 830//830 848//848 841//841
f 841//841 848//848 849//849
f 841//841 849//849 842//842
f 842//842 849//849 850//850
f 842//842 850//850 843//843
f 843//843 850//850 851//851
f 843//843 851//851 802//802
f 802//802 851//851 793//793
f 802//802 793//793 692//692
f 692//692 793//793 693//693
f 684//684 852//852 685//685
f 685//685 852//852 853//853
f 685//685 853//853 813//813
f 813//813 853//853 854//854
f 813//813 854//854 844//844
f 844//844 854//854 855//855
f 844//844 855//855 845//845
f 845//845 855//855 856//856
f 845//845 856//856 846//846
f 846//846 856//856 820//820
f 846//846 820//820 819//819
f 819//819 820//820 738//738
f 819//819 738//738 714//714
f 680//680 679//679 792//792
f 792//792 679//679 793//793
f 792//792 793//793 857//857
f 857//857 793//793 851//851
f 857//857 851//851 858//858
f 858//858 851//851 850//850
f 858//858 850//850 859//859
f 859//859 850//850 849//849
f 859//859 849//849 860//860
f 860//860 849//849 848//848
f 860//860 848//848 861//861
f 861//861 848//848 847//847
f 861//861 847//847 862//862
f 862//862 847//847 829//829
f 862//862 829//829 863//863
f 863//863 829//829 709//709
f 863//863 709//709 864//864
f 864//864 709//709 734//734
f 864//864 734//734 733//733
f 683//683 791//791 684//684
f 684//684 791//791 865//865
f 684//684 865//865 852//852
f 852//852 865//865 866//866
f 852//852 866//866 853//853
f 853//853 866//866 867//867
f 853//853 867//867 854//854
f 854//854 867//867 868//868
f 854//854 868//868 855//855
f 855//855 868//868 869//869
f 855//855 869//869 856//856
f 856//856 869//869 870//870
f 856//856 870//870 820//820
f 820//820 870//870 821//821
f 820//820 821//821 788//788
f 788//788 821//821 740//740
f 788//788 740//740 739//739
f 828//828 871//871 722//722
f 722//722 871//871 872//872
f 722//722 872//872 723//723
f 723//723 872//872 873//873
f 723//723 873//873 732//732
f 732//732 873//873 874//874
f 732//732 874//874 733//733
f 733//733 874//874 875//875
f 733//733 875//875 864//864
f 864//864 875//875 876//876
f 864//864 876//876 863//863
f 863//863 876//876 877//877
f 863//863 877//877 862//862
f 862//862 877//877 878//878
f 862//862 878//878 861//861
f 861//861 878//878 879//879
f 861//861 879//879 860//860
f 860//860 879//879 880//880
f 860//860 880//880 859//859
f 859//859 880//880 881//881
f 859//859 881//881 858//858
f 858//858 881//881 882//882
f 858//858 882//882 857//857
f 857//857 882//882 803//803
f 857//857 803//803 792//792
f 792//792 803//803 687//687
f 792//792 687//687 686//686
f 677//677 812//812 678//678
f 678//678 812//812 883//883
f 678//678 883//883 791//791
f 791//791 883//883 884//884
f 791//791 884//884 865//865
f 865//865 884//884 885//885
f 865//865 885//885 866//866
f 866//866 885//885 886//886
f 866//866 886//886 867//867
f 867//867 886//886 887//887
f 867//867 887//887 868//868
f 868//868 887//887 888//888
f 868//868 888//888 869//869
f 869//869 888//888 889//889
f 869//869 889//889 870//870
f 870//870 889//889 890//890
f 870//870 890//890 821//821
f 821//821 890//890 823//823
f 821//821 823//823 822//822
f 822//822 823//823 724//724
f 822//822 724//724 725//725
f 810//810 750//750 811//811
f 811//811 750//750 749//749
f 811//811 749//749 812//812
f 812//812 749//749 752//752
f 812//812 752//752 883//883
f 883//883 752//752 753//753
f 883//883 753//753 884//884
f 884//884 753//753 754//754
f 884//884 754//754 885//885
f 885//885 754//754 755//755
f 885//885 755//755 886//886
f 886//886 755//755 756//756
f 886//886 756//756 887//887
f 887//887 756//756 757//757
f 887//887 757//757 888//888
f 888//888 757//757 758//758
f 888//888 758//758 889//889
f 889//889 758//758 759//759
f 889//889 759//759 890//890
f 890//890 759//759 760//760
f 890//890 760//760 823//823
f 823//823 760//760 761//761
f 823//823 761//761 824//824
f 824//824 761//761 762//762
f 824//824 762//762 825//825
f 825//825 762//762 763//763
f 825//825 763//763 826//826
f 826//826 763//763 764//764
f 826//826 764//764 827//827
f 827//827 764//764 765//765
f 827//827 765//765 828//828
f 828//828 765//765 766//766
f 828//828 766//766 871//871
f 871//871 766//766 767//767
f 871//871 767//767 872//872
f 872//872 767//767 768//768
f 872//872 768//768 873//873
f 873//873 768//768 769//769
f 873//873 769//769 874//874
f 874//874 769//769 770//770
f 874//874 770//770 875//875
f 875//875 770//770 771//771
f 875//875 771//771 876//876
f 876//876 771//771 772//772
f 876//876 772//772 877//877
f 877//877 772//772 773//773
f 877//877 773//773 878//878
f 878//878 773//773 774//774
f 878//878 774//774 879//879
f 879//879 774//774 775//775
f 879//879 775//775 880//880
f 880//880 775//775 776//776
f 880//880 776//776 881//881
f 881//881 776//776 777//777
f 881//881 777//777 882//882
f 882//882 777//777 778//778
f 882//882 778//778 803//803
f 803//803 778//778 779//779
f 803//803 779//779 804//804
f 804//804 779//779 780//780
f 804//804 780//780 805//805
f 805//805 780//780 781//781
f 805//805 781//781 806//806
f 806//806 781//781 782//782
f 806//806 782//782 807//807
f 807//807 782//782 783//783
f 807//807 783//783 808//808
f 808//808 783//783 784//784
f 808//808 784//784 809//809
f 809//809 784//784 785//785
f 809//809 785//785 810//810
f 810//810 785//785 750//750
f 220//220 219//219 741//741
f 741//741 219//219 218//218
f 741//741 218//218 742//742
f 742//742 218//218 217//217
f 742//742 217//217 216//216
f 224//224 727//727 225//225
f 225//225 727//727 728//728
f 225//225 728//728 227//227
f 224//224 223//223 727//727
f 727//727 223//223 222//222
f 727//727 222//222 741//741
f 741//741 222//222 221//221
f 741//741 221//221 220//220
f 717//717 229//229 234//234
f 234//234 233//233 717//717
f 717//717 233//233 232//232
f 717//717 232//232 728//728
f 728//728 232//232 231//231
f 728//728 231//231 227//227
f 742//742 216//216 743//743
f 743//743 216//216 214//214
f 214//214 213//213 743//743
f 743//743 213//213 211//211
f 743//743 211//211 210//210
f 483//483 376//376 375//375
f 483//483 375//375 484//484
f 484//484 375//375 374//374
f 484//484 374//374 476//476
f 374//374 369//369 476//476
f 476//476 369//369 368//368
f 476//476 368//368 477//477
f 477//477 368//368 408//408
f 477//477 408//408 471//471
f 471//471 408//408 407//407
f 471//471 407//407 469//469
f 469//469 407//407 467//467
f 467//467 407//407 404//404
f 467//467 404//404 472//472
f 472//472 404//404 473//473
f 473//473 404//404 402//402
f 473//473 402//402 474//474
f 402//402 397//397 474//474
f 474//474 397//397 400//400
f 474//474 400//400 464//464
f 400//400 412//412 464//464
f 464//464 412//412 410//410
f 464//464 410//410 465//465
f 465//465 410//410 466//466
f 466//466 410//410 409//409
f 466//466 409//409 462//462
f 263//263 463//463 264//264
f 264//264 463//463 462//462
f 264//264 462//462 266//266
f 266//266 462//462 409//409
f 459//459 457//457 263//263
f 263//263 457//457 456//456
f 263//263 456//456 463//463
f 263//263 262//262 459//459
f 459//459 262//262 261//261
f 459//459 261//261 460//460
f 460//460 261//261 260//260
f 460//460 260//260 451//451
f 451//451 260//260 452//452
f 452//452 260//260 259//259
f 452//452 259//259 454//454
f 891//891 892//892 893//893
f 893//893 892//892 894//894
f 893//893 894//894 895//895
f 896//896 897//897 893//893
f 893//893 897//897 898//898
f 893//893 898//898 891//891
f 899//899 900//900 893//893
f 893//893 900//900 901//901
f 893//893 901//901 896//896
f 895//895 902//902 893//893
f 893//893 902//902 903//903
f 893//893 903//903 899//899
f 904//904 905//905 906//906
f 906//906 905//905 907//907
f 906//906 907//907 908//908
f 909//909 910//910 906//906
f 906//906 910//910 911//911
f 906//906 911//911 904//904
f 912//912 913//913 906//906
f 906//906 913//913 914//914
f 906//906 914//914 909//909
f 908//908 915//915 906//906
f 906//906 915//915 916//916
f 906//906 916//916 912//912
f 914//914 901//901 909//909
f 909//909 901//901 900//900
f 909//909 900//900 910//910
f 910//910 900//900 899//899
f 910//910 899//899 911//911
f 911//911 899//899 903//903
f 911//911 903//903 904//904
f 904//904 903//903 902//902
f 904//904 902//902 905//905
f 905//905 902//902 895//895
f 905//905 895//895 907//907
f 907//907 895//895 894//894
f 907//907 894//894 908//908
f 908//908 894//894 892//892
f 908//908 892//892 915//915
f 915//915 892//892 891//891
f 915//915 891//891 916//916
f 916//916 891//891 898//898
f 916//916 898//898 912//912
f 912//912 898//898 897//897
f 912//912 897//897 913//913
f 913//913 897//897 896//896
f 913//913 896//896 914//914
f 914//914 896//896 901//901

