# https://github.com/mikedh/trimesh

o left_finger1_link3.STL
v -0.00224713 -0.00740384 0.00330914
v -0.00224713 -0.00275000 0.00330914
v -0.00210583 -0.00742524 0.00340081
v -0.00139195 -0.00275000 0.00375000
v -0.00161002 -0.00747870 0.00366167
v -0.00139211 -0.00749196 0.00374994
v -0.00105000 -0.00750000 0.00385973
v -0.00030465 -0.00275000 0.00398838
v -0.00049719 -0.00747941 0.00396898
v 0.00008257 -0.00741398 0.00399915
v 0.00065653 -0.00275000 0.00394575
v 0.00065653 -0.00730327 0.00394575
v -0.00490408 -0.00643398 0.00150490
v -0.00490408 -0.00275000 0.00150490
v -0.00361515 -0.00704769 0.00238016
v 0.00150000 -0.00275000 -0.00000000
v 0.00555000 -0.00275000 0.00000441
v 0.00129904 -0.00275000 0.00075000
v 0.00555000 -0.00275000 0.00558647
v 0.00462892 -0.00275000 0.00480749
v 0.00330767 -0.00275000 0.00415647
v 0.00075000 -0.00275000 0.00129904
v 0.00129904 -0.00275000 -0.00075000
v 0.00409698 -0.00275000 -0.00244247
v 0.00435833 -0.00275000 -0.00213998
v 0.00436731 -0.00275000 -0.00212894
v -0.00219783 -0.00275000 -0.00461378
v -0.00138566 -0.00275000 -0.00470075
v -0.00075000 -0.00275000 -0.00129904
v -0.00056889 -0.00275000 -0.00469223
v -0.00000000 -0.00275000 -0.00150000
v 0.00024129 -0.00275000 -0.00458831
v 0.00082091 -0.00275000 -0.00445333
v -0.00129904 -0.00275000 -0.00075000
v -0.00376407 -0.00275000 -0.00415936
v -0.00299427 -0.00275000 -0.00443248
v 0.00186103 -0.00275000 0.00387945
v -0.00000000 -0.00275000 0.00150000
v 0.00075000 -0.00275000 -0.00129904
v 0.00319854 -0.00275000 -0.00326629
v 0.00347507 -0.00275000 -0.00304262
v -0.00150000 -0.00275000 -0.00000000
v -0.00763054 -0.00275000 -0.00005153
v -0.00727573 -0.00275000 -0.00088203
v 0.00503799 -0.00275000 -0.00114058
v 0.00524016 -0.00275000 -0.00075135
v 0.00082992 -0.00275000 -0.00445082
v 0.00154041 -0.00275000 -0.00421018
v 0.00179769 -0.00275000 -0.00410129
v -0.00645717 -0.00275000 -0.00214141
v -0.00637431 -0.00275000 -0.00224109
v -0.00518205 -0.00275000 -0.00335379
v -0.00697530 -0.00275000 0.00139823
v -0.00783706 -0.00275000 0.00064914
v -0.00758601 -0.00275000 0.00190587
v -0.00802764 -0.00275000 0.00226880
v -0.00795102 -0.00275000 0.00261116
v -0.00802764 -0.00275000 0.00315947
v -0.00075000 -0.00275000 0.00129904
v -0.00129904 -0.00275000 0.00075000
v -0.00542548 -0.00275000 0.00125227
v -0.00621517 -0.00275000 0.00116828
v 0.00005969 0.00038096 -0.00513885
v 0.00010726 0.00019311 -0.00513885
v -0.00105000 0.00000000 -0.00523119
v -0.00001815 0.00055841 -0.00513885
v -0.00012414 0.00072063 -0.00513885
v -0.00025537 0.00086319 -0.00513885
v -0.00040829 0.00098221 -0.00513885
v -0.00057871 0.00107444 -0.00513885
v -0.00076198 0.00113736 -0.00513885
v -0.00095311 0.00116925 -0.00513885
v -0.00114689 0.00116925 -0.00513885
v -0.00133802 0.00113736 -0.00513885
v -0.00152129 0.00107444 -0.00513885
v -0.00169171 0.00098221 -0.00513885
v -0.00184463 0.00086319 -0.00513885
v -0.00197586 0.00072063 -0.00513885
v -0.00208185 0.00055841 -0.00513885
v -0.00215969 0.00038096 -0.00513885
v -0.00220726 0.00019311 -0.00513885
v -0.00222326 0.00000000 -0.00513885
v -0.00220726 -0.00019311 -0.00513885
v -0.00215969 -0.00038096 -0.00513885
v -0.00208185 -0.00055841 -0.00513885
v -0.00197586 -0.00072063 -0.00513885
v -0.00184463 -0.00086319 -0.00513885
v -0.00169171 -0.00098221 -0.00513885
v -0.00152129 -0.00107444 -0.00513885
v -0.00133802 -0.00113736 -0.00513885
v -0.00114689 -0.00116925 -0.00513885
v -0.00095311 -0.00116925 -0.00513885
v -0.00076198 -0.00113736 -0.00513885
v -0.00057871 -0.00107444 -0.00513885
v -0.00040829 -0.00098221 -0.00513885
v -0.00025537 -0.00086319 -0.00513885
v -0.00012414 -0.00072063 -0.00513885
v -0.00001815 -0.00055841 -0.00513885
v 0.00005969 -0.00038096 -0.00513885
v 0.00010726 -0.00019311 -0.00513885
v 0.00012326 0.00000000 -0.00513885
v 0.00125609 -0.00250508 -0.00441374
v -0.00823492 -0.00215102 0.00226880
v -0.00805629 -0.00240526 0.00109554
v 0.00555000 0.00269888 -0.00005628
v 0.00553131 0.00275000 -0.00004934
v 0.00555000 0.00275000 0.00000441
v 0.00527047 -0.00216982 -0.00113613
v 0.00555000 -0.00269888 -0.00005628
v 0.00554140 -0.00109991 -0.00113613
v 0.00555000 -0.00197588 -0.00069529
v 0.00555000 -0.00229502 -0.00045569
v 0.00555000 -0.00103222 -0.00114066
v 0.00493487 -0.00099870 -0.00213958
v 0.00501762 0.00000000 -0.00213958
v 0.00555000 0.00103222 -0.00114066
v 0.00554140 0.00109991 -0.00113613
v 0.00555000 0.00197588 -0.00069529
v 0.00527047 0.00216982 -0.00113613
v 0.00555000 0.00229502 -0.00045569
v 0.00484412 0.00275000 -0.00146573
v 0.00468886 0.00197015 -0.00213958
v 0.00435191 0.00275000 -0.00214785
v 0.00396595 0.00172198 -0.00303450
v 0.00361411 0.00252409 -0.00303450
v 0.00381627 0.00275000 -0.00273188
v 0.00252260 0.00275000 -0.00372486
v 0.00282706 0.00209816 -0.00379882
v 0.00249295 0.00275000 -0.00374243
v 0.00242884 0.00270769 -0.00379882
v 0.00237586 0.00275000 -0.00380992
v 0.00163696 0.00209135 -0.00441374
v 0.00125609 0.00250508 -0.00441374
v 0.00156533 0.00275000 -0.00420016
v 0.00051968 0.00170513 -0.00486412
v 0.00021762 0.00194024 -0.00486412
v 0.00103377 0.00275000 -0.00439043
v -0.00011902 0.00212242 -0.00486412
v 0.00024129 0.00275000 -0.00458831
v -0.00048106 0.00224671 -0.00486412
v -0.00056889 0.00275000 -0.00469223
v -0.00085861 0.00230971 -0.00486412
v -0.00124139 0.00230971 -0.00486412
v -0.00138566 0.00275000 -0.00470075
v -0.00161894 0.00224671 -0.00486412
v -0.00198098 0.00212242 -0.00486412
v -0.00219783 0.00275000 -0.00461378
v -0.00231762 0.00194024 -0.00486412
v -0.00299427 0.00275000 -0.00443248
v -0.00304395 0.00275000 -0.00441787
v -0.00335609 0.00250508 -0.00441374
v -0.00367505 0.00275000 -0.00419622
v -0.00373696 0.00209135 -0.00441374
v -0.00449667 0.00275000 -0.00379815
v -0.00713842 0.00275000 -0.00113980
v -0.00686486 0.00275000 -0.00158799
v -0.00678886 0.00197015 -0.00213958
v -0.00645165 0.00275000 -0.00214817
v -0.00619807 0.00275000 -0.00244127
v -0.00779644 0.00231606 -0.00004883
v -0.00760128 0.00275000 -0.00013290
v -0.00805629 0.00240526 0.00109554
v -0.00797983 0.00275000 0.00145338
v -0.00678886 -0.00197015 -0.00213958
v -0.00606595 -0.00172198 -0.00303450
v -0.00571411 -0.00252409 -0.00303450
v -0.00492706 -0.00209816 -0.00379882
v -0.00452884 -0.00270769 -0.00379882
v -0.00373696 -0.00209135 -0.00441374
v -0.00335609 -0.00250508 -0.00441374
v -0.00261968 -0.00170513 -0.00486412
v -0.00231762 -0.00194024 -0.00486412
v -0.00198098 -0.00212242 -0.00486412
v -0.00161894 -0.00224671 -0.00486412
v -0.00124139 -0.00230971 -0.00486412
v -0.00085861 -0.00230971 -0.00486412
v -0.00048106 -0.00224671 -0.00486412
v -0.00011902 -0.00212242 -0.00486412
v 0.00021762 -0.00194024 -0.00486412
v 0.00242884 -0.00270769 -0.00379882
v 0.00282706 -0.00209816 -0.00379882
v 0.00468886 -0.00197015 -0.00213958
v -0.00835663 -0.00121926 0.00109554
v -0.00802764 0.00275000 0.00226880
v -0.00814363 0.00243525 0.00226880
v -0.00843606 0.00130236 0.00226880
v -0.00835663 0.00121926 0.00109554
v -0.00855000 0.00000000 0.00226880
v -0.00845766 0.00000000 0.00109554
v -0.00853731 -0.00043609 0.00226880
v -0.00844771 -0.00123446 0.00226880
v -0.00808564 0.00117404 -0.00004883
v -0.00818292 0.00000000 -0.00004883
v -0.00808564 -0.00117404 -0.00004883
v -0.00779644 -0.00231606 -0.00004883
v -0.00737047 0.00216982 -0.00113613
v -0.00764140 0.00109991 -0.00113613
v -0.00773254 0.00000000 -0.00113613
v -0.00764140 -0.00109991 -0.00113613
v -0.00737047 -0.00216982 -0.00113613
v -0.00703487 0.00099870 -0.00213958
v -0.00711762 0.00000000 -0.00213958
v -0.00703487 -0.00099870 -0.00213958
v 0.00493487 0.00099870 -0.00213958
v 0.00555000 0.00000000 -0.00129349
v -0.00452884 0.00270769 -0.00379882
v -0.00581080 0.00275000 -0.00283239
v -0.00571411 0.00252409 -0.00303450
v -0.00606595 0.00172198 -0.00303450
v -0.00628097 0.00087289 -0.00303450
v -0.00635330 0.00000000 -0.00303450
v -0.00628097 -0.00087289 -0.00303450
v 0.00361411 -0.00252409 -0.00303450
v 0.00396595 -0.00172198 -0.00303450
v 0.00418097 -0.00087289 -0.00303450
v 0.00425330 0.00000000 -0.00303450
v 0.00418097 0.00087289 -0.00303450
v -0.00492706 0.00209816 -0.00379882
v -0.00521953 0.00143140 -0.00379882
v -0.00539826 0.00072560 -0.00379882
v -0.00545839 0.00000000 -0.00379882
v -0.00539826 -0.00072560 -0.00379882
v -0.00521953 -0.00143140 -0.00379882
v 0.00311953 -0.00143140 -0.00379882
v 0.00329826 -0.00072560 -0.00379882
v 0.00335839 0.00000000 -0.00379882
v 0.00329826 0.00072560 -0.00379882
v 0.00311953 0.00143140 -0.00379882
v -0.00404454 0.00162057 -0.00441374
v -0.00427044 0.00110558 -0.00441374
v -0.00440849 0.00056043 -0.00441374
v -0.00445493 0.00000000 -0.00441374
v -0.00440849 -0.00056043 -0.00441374
v -0.00427044 -0.00110558 -0.00441374
v -0.00404454 -0.00162057 -0.00441374
v 0.00163696 -0.00209135 -0.00441374
v 0.00194454 -0.00162057 -0.00441374
v 0.00217044 -0.00110558 -0.00441374
v 0.00230849 -0.00056043 -0.00441374
v 0.00235493 0.00000000 -0.00441374
v 0.00230849 0.00056043 -0.00441374
v 0.00217044 0.00110558 -0.00441374
v 0.00194454 0.00162057 -0.00441374
v -0.00261968 0.00170513 -0.00486412
v -0.00287893 0.00142351 -0.00486412
v -0.00308829 0.00110307 -0.00486412
v -0.00324205 0.00075253 -0.00486412
v -0.00333602 0.00038147 -0.00486412
v -0.00336763 0.00000000 -0.00486412
v -0.00333602 -0.00038147 -0.00486412
v -0.00324205 -0.00075253 -0.00486412
v -0.00308829 -0.00110307 -0.00486412
v -0.00287893 -0.00142351 -0.00486412
v 0.00051968 -0.00170513 -0.00486412
v 0.00077893 -0.00142351 -0.00486412
v 0.00098829 -0.00110307 -0.00486412
v 0.00114205 -0.00075253 -0.00486412
v 0.00123602 -0.00038147 -0.00486412
v 0.00126763 0.00000000 -0.00486412
v 0.00123602 0.00038147 -0.00486412
v 0.00114205 0.00075253 -0.00486412
v 0.00098829 0.00110307 -0.00486412
v 0.00077893 0.00142351 -0.00486412
v -0.00000000 0.00275000 0.00150000
v -0.00075000 0.00275000 0.00129904
v -0.00139195 0.00275000 0.00375000
v -0.00129904 0.00275000 -0.00075000
v -0.00075000 0.00275000 -0.00129904
v -0.00000000 0.00275000 -0.00150000
v 0.00150000 0.00275000 -0.00000000
v 0.00555000 0.00275000 0.00558647
v 0.00129904 0.00275000 0.00075000
v 0.00462892 0.00275000 0.00480749
v -0.00030465 0.00275000 0.00398838
v 0.00065653 0.00275000 0.00394575
v 0.00075000 0.00275000 0.00129904
v 0.00186103 0.00275000 0.00387945
v 0.00330767 0.00275000 0.00415647
v -0.00150000 0.00275000 -0.00000000
v 0.00075000 0.00275000 -0.00129904
v -0.00129904 0.00275000 0.00075000
v -0.00490408 0.00275000 0.00150490
v -0.00224713 0.00275000 0.00330914
v -0.00802764 0.00275000 0.00315947
v -0.00795006 0.00275000 0.00260783
v -0.00758083 0.00275000 0.00189947
v -0.00696382 0.00275000 0.00139211
v -0.00619747 0.00275000 0.00116669
v 0.00129904 0.00275000 -0.00075000
v -0.00540403 0.00275000 0.00125918
v -0.00490408 0.00643398 0.00150490
v -0.00441599 0.00670224 0.00183634
v -0.00361515 0.00704769 0.00238016
v -0.00277728 0.00729839 0.00294913
v -0.00224713 0.00740384 0.00330914
v 0.00065653 0.00730327 0.00394575
v 0.00048820 0.00734047 0.00397010
v -0.00008432 0.00743666 0.00399911
v -0.00121516 0.00749720 0.00381095
v -0.00105225 0.00749909 0.00385912
v -0.00064408 0.00748797 0.00394780
v -0.00030420 0.00746176 0.00398842
v -0.00173632 0.00746780 0.00360350
v 0.00555000 0.00356230 0.00558647
v 0.00555000 0.00356230 0.00664967
v 0.00555000 -0.00356230 0.00664967
v 0.00555000 -0.00356230 0.00558647
v 0.00583662 0.00297060 0.00664967
v 0.00633606 0.00130236 0.00664967
v 0.00643731 -0.00043609 0.00664967
v 0.00613492 -0.00215102 0.00664967
v -0.00096675 0.00500000 -0.00000000
v -0.00150000 0.00500000 -0.00000000
v -0.00083723 0.00500000 0.00048337
v -0.00129904 0.00500000 0.00075000
v -0.00048338 0.00500000 0.00083723
v -0.00075000 0.00500000 0.00129904
v -0.00000000 0.00500000 0.00096675
v -0.00000000 0.00500000 0.00150000
v 0.00048337 0.00500000 0.00083723
v 0.00075000 0.00500000 0.00129904
v 0.00083723 0.00500000 0.00048337
v 0.00129904 0.00500000 0.00075000
v 0.00096675 0.00500000 -0.00000000
v 0.00150000 0.00500000 -0.00000000
v 0.00083723 0.00500000 -0.00048338
v 0.00129904 0.00500000 -0.00075000
v 0.00048337 0.00500000 -0.00083723
v 0.00075000 0.00500000 -0.00129904
v -0.00000000 0.00500000 -0.00096675
v -0.00000000 0.00500000 -0.00150000
v -0.00048338 0.00500000 -0.00083723
v -0.00075000 0.00500000 -0.00129904
v -0.00083723 0.00500000 -0.00048338
v -0.00129904 0.00500000 -0.00075000
v 0.00110851 -0.00710000 0.00064000
v 0.00064000 -0.00710000 0.00110851
v -0.00000000 -0.00710000 -0.00000000
v -0.00000000 -0.00710000 0.00128000
v -0.00064000 -0.00710000 0.00110851
v 0.00064000 -0.00710000 -0.00110851
v 0.00110851 -0.00710000 -0.00064000
v 0.00128000 -0.00710000 -0.00000000
v -0.00110851 -0.00710000 -0.00064000
v -0.00064000 -0.00710000 -0.00110851
v -0.00000000 -0.00710000 -0.00128000
v -0.00110851 -0.00710000 0.00064000
v -0.00128000 -0.00710000 -0.00000000
v -0.00096675 0.00530000 -0.00000000
v -0.00185236 0.00530000 -0.00042279
v -0.00083723 0.00530000 -0.00048338
v -0.00148548 0.00530000 -0.00118463
v -0.00048338 0.00530000 -0.00083723
v -0.00082438 0.00530000 -0.00171184
v -0.00000000 0.00530000 -0.00096675
v -0.00000000 0.00530000 -0.00190000
v 0.00048337 0.00530000 -0.00083723
v 0.00082438 0.00530000 -0.00171184
v 0.00083723 0.00530000 -0.00048338
v 0.00148548 0.00530000 -0.00118463
v 0.00096675 0.00530000 -0.00000000
v 0.00185236 0.00530000 -0.00042279
v 0.00185236 0.00530000 0.00042279
v 0.00083723 0.00530000 0.00048337
v 0.00148548 0.00530000 0.00118463
v 0.00048337 0.00530000 0.00083723
v 0.00082438 0.00530000 0.00171184
v -0.00000000 0.00530000 0.00096675
v -0.00000000 0.00530000 0.00190000
v -0.00048338 0.00530000 0.00083723
v -0.00082438 0.00530000 0.00171184
v -0.00083723 0.00530000 0.00048337
v -0.00148548 0.00530000 0.00118463
v -0.00185236 0.00530000 0.00042279
v -0.00037829 0.00730000 -0.00165738
v -0.00073760 0.00730000 -0.00153165
v -0.00043301 0.00730000 -0.00075000
v -0.00105993 0.00730000 -0.00132911
v 0.00086603 0.00730000 -0.00000000
v 0.00170000 0.00730000 -0.00000000
v 0.00165738 0.00730000 -0.00037829
v 0.00105993 0.00730000 -0.00132911
v 0.00043301 0.00730000 -0.00075000
v 0.00132911 0.00730000 -0.00105993
v 0.00153165 0.00730000 -0.00073760
v 0.00105993 0.00730000 0.00132911
v 0.00132911 0.00730000 0.00105993
v 0.00043301 0.00730000 0.00075000
v 0.00153165 0.00730000 0.00073760
v 0.00165738 0.00730000 0.00037829
v -0.00000000 0.00730000 0.00170000
v 0.00037829 0.00730000 0.00165738
v 0.00073760 0.00730000 0.00153165
v -0.00086603 0.00730000 -0.00000000
v -0.00170000 0.00730000 -0.00000000
v -0.00165738 0.00730000 0.00037829
v 0.00073760 0.00730000 -0.00153165
v 0.00037829 0.00730000 -0.00165738
v -0.00000000 0.00730000 -0.00170000
v -0.00037829 0.00730000 0.00165738
v -0.00043301 0.00730000 0.00075000
v -0.00073760 0.00730000 0.00153165
v -0.00132911 0.00730000 -0.00105993
v -0.00153165 0.00730000 -0.00073760
v -0.00165738 0.00730000 -0.00037829
v -0.00153165 0.00730000 0.00073760
v -0.00132911 0.00730000 0.00105993
v -0.00105993 0.00730000 0.00132911
v -0.00043301 0.00630000 0.00075000
v -0.00086603 0.00630000 -0.00000000
v 0.00043301 0.00630000 0.00075000
v 0.00086603 0.00630000 -0.00000000
v 0.00043301 0.00630000 -0.00075000
v -0.00043301 0.00630000 -0.00075000
v -0.00000000 0.00623438 -0.00000000
v -0.00850608 -0.00080872 0.01974206
v -0.00839508 -0.00151412 0.02025336
v -0.00843610 0.00129963 0.02009870
v -0.00837692 0.00159975 0.02031486
v -0.00823520 -0.00214972 0.02070635
v -0.00817523 0.00234117 0.02084142
v -0.00819036 -0.00229460 0.02080859
v -0.00817523 -0.00234117 0.02084142
v -0.00853733 -0.00043506 0.01946905
v -0.00850187 0.00084651 0.01976961
v -0.00855000 -0.00000000 0.01915094
v -0.00361122 -0.00704912 0.03062897
v -0.00339865 -0.00712277 0.03108482
v -0.00339865 -0.00335000 0.03108482
v -0.00517132 0.00626616 0.02728333
v -0.00339865 0.00295000 0.03108482
v -0.00441599 0.00670224 0.02890313
v -0.00339865 0.00712277 0.03108482
v -0.00726193 -0.00335000 0.02280000
v -0.00726193 0.00295000 0.02280000
v -0.00789655 -0.00306183 0.02143906
v -0.00587091 -0.00574533 0.02578305
v -0.00517132 -0.00626616 0.02728333
v -0.00441599 -0.00670224 0.02890313
v -0.00587091 0.00574533 0.02578305
v -0.00650530 0.00514681 0.02442259
v -0.00793662 0.00297060 0.02135312
v -0.00754519 0.00375000 0.02219254
v -0.00706592 0.00447869 0.02322033
v -0.00754519 -0.00375000 0.02219254
v -0.00706592 -0.00447869 0.02322033
v -0.00650530 -0.00514681 0.02442259
v 0.00343205 0.00601363 0.03101113
v 0.00319565 0.00618432 0.03146222
v 0.00319592 0.00295000 0.03146178
v -0.00221025 0.00740903 0.03252941
v -0.00223791 0.00740469 0.03250903
v -0.00223785 0.00295000 0.03250907
v -0.00332867 0.00714554 0.03122698
v -0.00309629 0.00295000 0.03161554
v -0.00264355 0.00732863 0.03215972
v -0.00278578 0.00729603 0.03201036
v -0.00299857 0.00724237 0.03175191
v -0.00168931 0.00747228 0.03284794
v -0.00113509 0.00295000 0.03307408
v -0.00120885 0.00749815 0.03304981
v -0.00064838 0.00748879 0.03319352
v -0.00105236 0.00749968 0.03309931
v -0.00113505 0.00749928 0.03307410
v 0.00068142 0.00729682 0.03318757
v 0.00009160 0.00295000 0.03324888
v 0.00095971 0.00722521 0.03312511
v 0.00130829 0.00295000 0.03301438
v 0.00038916 0.00736028 0.03322975
v 0.00009243 0.00741245 0.03324886
v -0.00016202 0.00744717 0.03324650
v 0.00201385 0.00684405 0.03266337
v 0.00150930 0.00704969 0.03293286
v 0.00130945 0.00711910 0.03301395
v 0.00238215 0.00295000 0.03239618
v 0.00316399 0.00620620 0.03151288
v 0.00284326 0.00641167 0.03194507
v 0.00244031 0.00663808 0.03234735
v 0.00238230 0.00666803 0.03239606
v 0.00231936 0.00669980 0.03244670
v 0.00374968 0.00576351 0.02945115
v 0.00372145 0.00578755 0.02996183
v 0.00366077 0.00295000 0.03031320
v 0.00366058 0.00583791 0.03031404
v 0.00362117 0.00586942 0.03047447
v 0.00372640 0.00295000 0.02907997
v 0.00368973 0.00300968 0.02883117
v 0.00370680 0.00579910 0.02893247
v 0.00358865 0.00305000 0.02841183
v 0.00358865 0.00589347 0.02841183
v 0.00347748 0.00597941 0.02535076
v 0.00338685 0.00604716 0.02585020
v 0.00338677 0.00305000 0.02585080
v 0.00446088 0.00305000 0.02316547
v 0.00496338 0.00448277 0.02255634
v 0.00485512 0.00462495 0.02267436
v 0.00520219 0.00414247 0.02231676
v 0.00474602 0.00305000 0.02280000
v 0.00520219 -0.00414247 0.02231676
v 0.00474602 -0.00335000 0.02280000
v 0.00493607 -0.00451930 0.02258551
v 0.00446088 -0.00335000 0.02316547
v 0.00460233 -0.00493178 0.02297690
v 0.00450846 0.00503757 0.02310030
v 0.00418241 0.00537555 0.02358897
v 0.00375960 0.00305000 0.02444245
v 0.00389061 0.00564394 0.02413939
v 0.00376234 0.00575308 0.02443561
v 0.00364705 0.00584709 0.02474757
v 0.00336808 0.00606086 0.02600011
v 0.00333050 0.00608779 0.02668632
v 0.00336436 0.00305000 0.02730749
v 0.00348247 0.00597573 0.02801267
v 0.00337050 0.00605918 0.02736262
v 0.00373435 -0.00577627 0.02450665
v 0.00399267 -0.00555344 0.02393072
v 0.00375960 -0.00335000 0.02444245
v 0.00428367 -0.00527525 0.02342580
v 0.00440073 -0.00515416 0.02325058
v 0.00354148 -0.00593023 0.02509357
v 0.00338677 -0.00335000 0.02585080
v 0.00340376 -0.00603470 0.02573586
v 0.00333654 -0.00608354 0.02640120
v 0.00336436 -0.00335000 0.02730749
v 0.00334508 -0.00607748 0.02708910
v 0.00343125 -0.00601437 0.02776578
v 0.00358865 -0.00335000 0.02841183
v 0.00358865 -0.00589347 0.02841183
v 0.00544656 -0.00374731 0.02206374
v 0.00583687 0.00296947 0.02154227
v 0.00580803 0.00303543 0.02158749
v 0.00560628 -0.00345544 0.02187132
v 0.00546707 0.00371150 0.02204037
v 0.00592235 -0.00276300 0.02139975
v 0.00613526 -0.00214989 0.02096937
v 0.00617564 -0.00200985 0.02086998
v 0.00635877 -0.00116436 0.02026350
v 0.00633613 0.00130010 0.02036171
v 0.00632210 -0.00137745 0.02041753
v 0.00627364 0.00161561 0.02058875
v 0.00608635 0.00230703 0.02108052
v 0.00643731 -0.00043553 0.01973248
v 0.00643895 -0.00040644 0.01971122
v 0.00640645 0.00080561 0.02000274
v 0.00645000 -0.00000000 0.01941410
v 0.00366077 -0.00335000 0.03031320
v 0.00373034 -0.00577997 0.02988353
v 0.00372593 -0.00335000 0.02907583
v 0.00374675 -0.00576612 0.02934400
v 0.00368599 -0.00581601 0.02881010
v 0.00324561 -0.00614802 0.03137844
v 0.00348216 -0.00597646 0.03089178
v 0.00319592 -0.00335000 0.03146178
v 0.00364177 -0.00585316 0.03039443
v 0.00366066 -0.00583794 0.03031368
v 0.00251668 -0.00659760 0.03228008
v 0.00290469 -0.00637276 0.03187177
v 0.00238215 -0.00335000 0.03239618
v 0.00307924 -0.00626087 0.03164028
v 0.00319559 -0.00618267 0.03146232
v 0.00130829 -0.00335000 0.03301438
v 0.00130912 -0.00711920 0.03301407
v 0.00151689 -0.00704666 0.03292951
v 0.00161667 -0.00700912 0.03288362
v 0.00209302 -0.00680830 0.03261155
v 0.00238244 -0.00666812 0.03239594
v 0.00116212 -0.00716605 0.03306539
v 0.00009160 -0.00335000 0.03324888
v 0.00059676 -0.00731635 0.03320221
v -0.00113509 -0.00335000 0.03307408
v -0.00105000 -0.00750000 0.03310000
v -0.00049990 -0.00747974 0.03321653
v -0.00017984 -0.00744936 0.03324569
v 0.00005194 -0.00741859 0.03324964
v 0.00009186 -0.00741252 0.03324888
v -0.00192328 -0.00744778 0.03271924
v -0.00144673 -0.00748871 0.03295969
v -0.00113513 -0.00749946 0.03307407
v -0.00223807 -0.00740479 0.03250891
v -0.00223785 -0.00335000 0.03250907
v -0.00238286 -0.00738044 0.03239559
v -0.00309629 -0.00335000 0.03161554
v -0.00277773 -0.00729799 0.03201927
v -0.00313494 -0.00720450 0.03155782
v 0.00150000 0.00530000 0.02950000
v 0.00194986 0.00530000 0.02905496
v 0.00129904 0.00530000 0.02875000
v 0.00156366 0.00530000 0.02825302
v 0.00075000 0.00530000 0.02820096
v 0.00086777 0.00530000 0.02769806
v -0.00000000 0.00530000 0.02800000
v -0.00000000 0.00530000 0.02750000
v -0.00075000 0.00530000 0.02820096
v -0.00086777 0.00530000 0.02769806
v -0.00129904 0.00530000 0.02875000
v -0.00156366 0.00530000 0.02825302
v -0.00150000 0.00530000 0.02950000
v -0.00194986 0.00530000 0.02905496
v -0.00194986 0.00530000 0.02994504
v -0.00129904 0.00530000 0.03025000
v -0.00156366 0.00530000 0.03074698
v -0.00075000 0.00530000 0.03079904
v -0.00086777 0.00530000 0.03130194
v -0.00000000 0.00530000 0.03100000
v -0.00000000 0.00530000 0.03150000
v 0.00075000 0.00530000 0.03079904
v 0.00086777 0.00530000 0.03130194
v 0.00129904 0.00530000 0.03025000
v 0.00156366 0.00530000 0.03074698
v 0.00194986 0.00530000 0.02994504
v 0.00461590 0.00295000 0.02280000
v 0.00468089 0.00300009 0.02280000
v -0.00000000 0.00295000 0.02800000
v 0.00437972 0.00295000 0.02310705
v 0.00075000 0.00295000 0.02820096
v -0.00075000 0.00295000 0.02820096
v -0.00129904 0.00295000 0.02875000
v -0.00150000 0.00295000 0.02950000
v -0.00129904 0.00295000 0.03025000
v -0.00075000 0.00295000 0.03079904
v -0.00000000 0.00295000 0.03100000
v 0.00075000 0.00295000 0.03079904
v 0.00129904 0.00295000 0.03025000
v 0.00150000 0.00295000 0.02950000
v 0.00366676 0.00295000 0.02440531
v 0.00328771 0.00295000 0.02583713
v 0.00129904 0.00295000 0.02875000
v 0.00326493 0.00295000 0.02731811
v 0.00359975 0.00295000 0.02876091
v 0.00129904 -0.00335000 0.03025000
v 0.00075000 -0.00335000 0.03079904
v -0.00000000 -0.00335000 0.03100000
v -0.00075000 -0.00335000 0.03079904
v -0.00129904 -0.00335000 0.03025000
v -0.00150000 -0.00335000 0.02950000
v 0.00129904 -0.00335000 0.02875000
v 0.00075000 -0.00335000 0.02820096
v -0.00129904 -0.00335000 0.02875000
v -0.00075000 -0.00335000 0.02820096
v -0.00000000 -0.00335000 0.02800000
v 0.00150000 -0.00335000 0.02950000
v 0.00142218 -0.00708088 0.02997687
v 0.00129892 -0.00712287 0.03025021
v 0.00002495 -0.00742256 0.03099979
v 0.00038414 -0.00736149 0.03094998
v 0.00074689 -0.00728152 0.03080083
v 0.00103324 -0.00720489 0.03058739
v 0.00126341 -0.00713452 0.03030857
v 0.00149559 -0.00705483 0.02961495
v 0.00150000 -0.00705319 0.02949994
v 0.00147939 -0.00706071 0.02925220
v 0.00137468 -0.00709726 0.02889978
v 0.00075004 -0.00728075 0.02820099
v 0.00094857 -0.00722887 0.02833801
v 0.00119336 -0.00715680 0.02859121
v 0.00129885 -0.00712289 0.02874968
v 0.00064158 -0.00730671 0.02814413
v 0.00029693 -0.00737791 0.02802968
v -0.00074998 -0.00749392 0.02820095
v -0.00041121 -0.00747270 0.02805746
v -0.00005065 -0.00743311 0.02800086
v 0.00000016 -0.00742611 0.02800000
v -0.00129904 -0.00749570 0.02875000
v -0.00120005 -0.00749821 0.02860006
v -0.00105000 -0.00750000 0.02842879
v -0.00076146 -0.00749437 0.02820764
v -0.00149594 -0.00748678 0.02961029
v -0.00150000 -0.00748649 0.02950000
v -0.00148447 -0.00748751 0.02928473
v -0.00138277 -0.00749261 0.02891866
v -0.00142387 -0.00749072 0.02997180
v -0.00129904 -0.00749570 0.03025000
v -0.00074999 -0.00749392 0.03079905
v -0.00099634 -0.00749979 0.03062129
v -0.00105000 -0.00750000 0.03057121
v -0.00126317 -0.00749672 0.03030895
v -0.00000000 -0.00742614 0.03100000
v -0.00036981 -0.00746903 0.03095370
v -0.00070835 -0.00749216 0.03082221
v -0.00000000 0.00742614 0.03150000
v -0.00036813 0.00746876 0.03146583
v -0.00077225 0.00749483 0.03134489
v -0.00086775 0.00749774 0.03130195
v -0.00156366 0.00748120 0.03074698
v -0.00147780 0.00748703 0.03084763
v -0.00113858 0.00749950 0.03114428
v -0.00105405 0.00749991 0.03119970
v -0.00194985 0.00744598 0.02994507
v -0.00190694 0.00745096 0.03010298
v -0.00172701 0.00746877 0.03050868
v -0.00190855 0.00745078 0.02890214
v -0.00194985 0.00744598 0.02905493
v -0.00199077 0.00744086 0.02930805
v -0.00198955 0.00744102 0.02970415
v -0.00174846 0.00746748 0.02852898
v -0.00156367 0.00748234 0.02825303
v -0.00086776 0.00749773 0.02769806
v -0.00105539 0.00749979 0.02780113
v -0.00118458 0.00749861 0.02788855
v -0.00151086 0.00748578 0.02818954
v 0.00043657 0.00735099 0.02754823
v -0.00000000 0.00742614 0.02750000
v -0.00042583 0.00747386 0.02754586
v -0.00082254 0.00749653 0.02767697
v 0.00156358 0.00703015 0.02825291
v 0.00153876 0.00703927 0.02822242
v 0.00121787 0.00714865 0.02791356
v 0.00086450 0.00725161 0.02769649
v 0.00068342 0.00729690 0.02762039
v 0.00199080 0.00685603 0.02930838
v 0.00194979 0.00687416 0.02905466
v 0.00191380 0.00688967 0.02891918
v 0.00176398 0.00695236 0.02855746
v 0.00199079 0.00685603 0.02969167
v 0.00194979 0.00687416 0.02994534
v 0.00156359 0.00702958 0.03074708
v 0.00177555 0.00694742 0.03042055
v 0.00191379 0.00688967 0.03008088
v 0.00154488 0.00703650 0.03077018
v 0.00123547 0.00714342 0.03107277
v 0.00043500 0.00735130 0.03145212
v 0.00068325 0.00729693 0.03137967
v 0.00085696 0.00725348 0.03130710
v -0.00148609 0.00748731 0.00950000
v -0.00277962 0.00729784 0.00950000
v -0.00320102 0.00718492 0.00950000
v -0.00809770 0.00256515 0.00950000
v -0.00793662 0.00297060 0.00950000
v -0.00731616 0.00412132 0.00950000
v -0.00706592 0.00447869 0.00950000
v -0.00619681 0.00545530 0.00950000
v -0.00587091 0.00574533 0.00950000
v -0.00480000 0.00649519 0.00950000
v -0.00441599 0.00670224 0.00950000
v -0.00823492 -0.00215102 0.00950000
v -0.00849929 -0.00087070 0.00950000
v -0.00853731 -0.00043609 0.00950000
v -0.00855000 0.00000000 0.00950000
v -0.00849929 0.00087070 0.00950000
v -0.00843606 0.00130236 0.00950000
v -0.00754519 -0.00375000 0.00950000
v -0.00809770 -0.00256515 0.00950000
v -0.00650530 -0.00514681 0.00950000
v -0.00731616 -0.00412132 0.00950000
v -0.00517132 -0.00626616 0.00950000
v -0.00619681 -0.00545530 0.00950000
v -0.00480000 -0.00649519 0.00950000
v -0.00361515 -0.00704769 0.00950000
v -0.00320102 -0.00718492 0.00950000
v -0.00192070 -0.00744929 0.00950000
v -0.00105000 -0.00750000 0.00950000
v -0.00148609 -0.00748731 0.00950000
v 0.00151515 -0.00704769 0.00950000
v 0.00025236 -0.00738606 0.00950000
v 0.00192060 -0.00688662 0.00950000
v 0.00307132 -0.00626616 0.00950000
v 0.00342869 -0.00601592 0.00950000
v 0.00440530 -0.00514681 0.00950000
v 0.00333781 -0.00608253 0.03002605
v 0.00565224 -0.00336599 0.00950000
v 0.00544519 -0.00375000 0.00950000
v 0.00469533 -0.00482091 0.00950000
v 0.00643731 -0.00043609 0.00950000
v 0.00624784 -0.00172962 0.00950000
v 0.00613492 -0.00215102 0.00950000
v 0.00633606 0.00130236 0.00950000
v 0.00645000 -0.00000000 0.00950000
v 0.00583662 0.00297060 0.00950000
v 0.00624784 0.00172962 0.00950000
v 0.00496592 0.00447869 0.00950000
v 0.00565224 0.00336599 0.00950000
v 0.00377091 0.00574533 0.00950000
v 0.00469533 0.00482091 0.00950000
v 0.00300413 0.00630983 0.03040394
v 0.00231599 0.00670224 0.00950000
v 0.00342869 0.00601592 0.00950000
v 0.00067962 0.00729784 0.00950000
v 0.00192060 0.00688662 0.00950000
v -0.00105000 0.00750000 0.00950000
v 0.00025236 0.00738606 0.00950000
v -0.00855000 0.00000000 0.00900000
v -0.00853731 -0.00043609 0.00900000
v -0.00849929 -0.00087070 0.00900000
v -0.00823492 -0.00215102 0.00900000
v -0.00809770 -0.00256515 0.00900000
v -0.00754519 -0.00375000 0.00900000
v -0.00731616 -0.00412132 0.00900000
v -0.00650530 -0.00514681 0.00900000
v -0.00619681 -0.00545530 0.00900000
v -0.00517132 -0.00626616 0.00900000
v -0.00480000 -0.00649519 0.00900000
v -0.00361515 -0.00704769 0.00900000
v -0.00320102 -0.00718492 0.00900000
v -0.00192070 -0.00744929 0.00900000
v -0.00148609 -0.00748731 0.00900000
v -0.00105000 -0.00750000 0.00900000
v -0.00017930 -0.00744929 0.00900000
v 0.00025236 -0.00738606 0.00900000
v 0.00151515 -0.00704769 0.00900000
v 0.00192060 -0.00688662 0.00900000
v 0.00307132 -0.00626616 0.00900000
v 0.00342869 -0.00601592 0.00900000
v 0.00440530 -0.00514681 0.00900000
v 0.00469533 -0.00482091 0.00900000
v 0.00544519 -0.00375000 0.00900000
v 0.00565224 -0.00336599 0.00900000
v 0.00613492 -0.00215102 0.00900000
v 0.00624784 -0.00172962 0.00900000
v 0.00643731 -0.00043609 0.00900000
v 0.00645000 -0.00000000 0.00900000
v 0.00633606 0.00130236 0.00900000
v 0.00624784 0.00172962 0.00900000
v 0.00583662 0.00297060 0.00900000
v 0.00565224 0.00336599 0.00900000
v 0.00496592 0.00447869 0.00900000
v 0.00469533 0.00482091 0.00900000
v 0.00377091 0.00574533 0.00900000
v 0.00342869 0.00601592 0.00900000
v 0.00231599 0.00670224 0.00900000
v 0.00192060 0.00688662 0.00900000
v 0.00067962 0.00729784 0.00900000
v 0.00025236 0.00738606 0.00900000
v -0.00105000 0.00750000 0.00900000
v -0.00148609 0.00748731 0.00900000
v -0.00277962 0.00729784 0.00900000
v -0.00320102 0.00718492 0.00900000
v -0.00441599 0.00670224 0.00900000
v -0.00480000 0.00649519 0.00900000
v -0.00587091 0.00574533 0.00900000
v -0.00619681 0.00545530 0.00900000
v -0.00706592 0.00447869 0.00900000
v -0.00731616 0.00412132 0.00900000
v -0.00793662 0.00297060 0.00900000
v -0.00809770 0.00256515 0.00900000
v -0.00843606 0.00130236 0.00900000
v -0.00849929 0.00087070 0.00900000
v -0.00042279 0.00710000 0.00185236
v -0.00082438 0.00710000 0.00171184
v -0.00118463 0.00710000 0.00148548
v -0.00148548 0.00710000 0.00118463
v -0.00171184 0.00710000 0.00082438
v -0.00185236 0.00710000 0.00042279
v -0.00190000 0.00710000 -0.00000000
v -0.00185236 0.00710000 -0.00042279
v -0.00171184 0.00710000 -0.00082438
v -0.00148548 0.00710000 -0.00118463
v -0.00118463 0.00710000 -0.00148548
v -0.00082438 0.00710000 -0.00171184
v -0.00042279 0.00710000 -0.00185236
v -0.00000000 0.00710000 -0.00190000
v 0.00042279 0.00710000 -0.00185236
v 0.00082438 0.00710000 -0.00171184
v 0.00118463 0.00710000 -0.00148548
v 0.00148548 0.00710000 -0.00118463
v 0.00171184 0.00710000 -0.00082438
v 0.00185236 0.00710000 -0.00042279
v 0.00190000 0.00710000 -0.00000000
v 0.00185236 0.00710000 0.00042279
v 0.00171184 0.00710000 0.00082438
v 0.00148548 0.00710000 0.00118463
v 0.00118463 0.00710000 0.00148548
v 0.00082438 0.00710000 0.00171184
v 0.00042279 0.00710000 0.00185236
v -0.00000000 0.00710000 0.00190000
v -0.00000000 -0.00688000 -0.00150000
v -0.00075000 -0.00688000 -0.00129904
v -0.00129904 -0.00688000 -0.00075000
v -0.00150000 -0.00688000 -0.00000000
v -0.00129904 -0.00688000 0.00075000
v -0.00075000 -0.00688000 0.00129904
v -0.00000000 -0.00688000 0.00150000
v 0.00075000 -0.00688000 0.00129904
v 0.00129904 -0.00688000 0.00075000
v 0.00150000 -0.00688000 -0.00000000
v 0.00129904 -0.00688000 -0.00075000
v 0.00075000 -0.00688000 -0.00129904
v 0.00515773 0.00421091 0.00521173
v 0.00496822 0.00447848 0.00505504
v 0.00468400 0.00483735 0.00484503
v 0.00366529 0.00583280 0.00429036
v 0.00377218 0.00574486 0.00433599
v 0.00419721 0.00536022 0.00454508
v 0.00463035 0.00490016 0.00480846
v 0.00231648 0.00670157 0.00392354
v 0.00246782 0.00662339 0.00394673
v 0.00307623 0.00626282 0.00408450
v 0.00331141 0.00610159 0.00415773
v 0.00067948 0.00729787 0.00394198
v 0.00128566 0.00712711 0.00387797
v 0.00187448 0.00690606 0.00388021
v -0.00630117 0.00535450 0.00117826
v -0.00587789 0.00573934 0.00116508
v -0.00549609 0.00603950 0.00123140
v -0.00516524 0.00626985 0.00135496
v -0.00708445 0.00445239 0.00146148
v -0.00706580 0.00447778 0.00145001
v -0.00696596 0.00461062 0.00139324
v -0.00669139 0.00494228 0.00127282
v -0.00783162 0.00320306 0.00229595
v -0.00766357 0.00353686 0.00200893
v -0.00757980 0.00368958 0.00189820
v -0.00741571 0.00396548 0.00171958
v -0.00801005 0.00279494 0.00289480
v -0.00795032 0.00293862 0.00260871
v -0.00793806 0.00296718 0.00256759
v -0.00516828 -0.00626784 0.00135350
v -0.00525959 -0.00620676 0.00131282
v -0.00802172 -0.00276523 0.00300566
v -0.00798770 -0.00284934 0.00276176
v -0.00777515 -0.00331996 0.00218673
v -0.00791115 -0.00302908 0.00248686
v -0.00721838 -0.00426604 0.00155256
v -0.00754672 -0.00374671 0.00185854
v -0.00645190 -0.00520220 0.00120498
v -0.00650561 -0.00514586 0.00121742
v -0.00686239 -0.00473974 0.00134200
v -0.00697627 -0.00459648 0.00139876
v -0.00564658 -0.00592589 0.00119610
v -0.00603580 -0.00560284 0.00115948
v -0.00621838 -0.00543457 0.00116858
v 0.00544565 -0.00374955 0.00547940
v 0.00104286 -0.00720213 0.00389546
v 0.00151493 -0.00704778 0.00387134
v 0.00290823 -0.00637013 0.00403916
v 0.00227817 -0.00672065 0.00391835
v 0.00186386 -0.00691055 0.00387961
v 0.00163936 -0.00700114 0.00387175
v 0.00402630 -0.00552265 0.00445551
v 0.00348037 -0.00597731 0.00421760
v 0.00331062 -0.00610208 0.00415746
v 0.00307255 -0.00626516 0.00408345
v 0.00510482 -0.00428881 0.00516654
v 0.00459098 -0.00494670 0.00478220
v 0.00440838 -0.00514706 0.00466665
v -0.00780572 -0.00325734 0.00250906
v -0.00041683 0.00720000 0.00182624
v -0.00081275 0.00720000 0.00168770
v -0.00116792 0.00720000 0.00146453
v -0.00146453 0.00720000 0.00116792
v -0.00168770 0.00720000 0.00081275
v -0.00182624 0.00720000 0.00041683
v -0.00187321 0.00720000 -0.00000000
v -0.00182624 0.00720000 -0.00041683
v -0.00168770 0.00720000 -0.00081275
v -0.00146453 0.00720000 -0.00116792
v -0.00116792 0.00720000 -0.00146453
v -0.00081275 0.00720000 -0.00168770
v -0.00041683 0.00720000 -0.00182624
v -0.00000000 0.00720000 -0.00187321
v 0.00041683 0.00720000 -0.00182624
v 0.00081275 0.00720000 -0.00168770
v 0.00116792 0.00720000 -0.00146453
v 0.00146453 0.00720000 -0.00116792
v 0.00168770 0.00720000 -0.00081275
v 0.00182624 0.00720000 -0.00041683
v 0.00187321 0.00720000 -0.00000000
v 0.00182624 0.00720000 0.00041683
v 0.00168770 0.00720000 0.00081275
v 0.00146453 0.00720000 0.00116792
v 0.00116792 0.00720000 0.00146453
v 0.00081275 0.00720000 0.00168770
v 0.00041683 0.00720000 0.00182624
v -0.00000000 0.00720000 0.00187320
v -0.00040054 0.00727321 0.00175487
v -0.00078099 0.00727321 0.00162174
v -0.00112228 0.00727321 0.00140730
v -0.00140730 0.00727321 0.00112228
v -0.00162174 0.00727321 0.00078099
v -0.00175487 0.00727320 0.00040054
v -0.00180000 0.00727320 -0.00000000
v -0.00175487 0.00727321 -0.00040054
v -0.00162174 0.00727321 -0.00078099
v -0.00140730 0.00727321 -0.00112228
v -0.00112228 0.00727321 -0.00140730
v -0.00078099 0.00727321 -0.00162174
v -0.00040054 0.00727321 -0.00175487
v -0.00000000 0.00727321 -0.00180000
v 0.00040054 0.00727321 -0.00175487
v 0.00078099 0.00727321 -0.00162174
v 0.00112228 0.00727320 -0.00140730
v 0.00140730 0.00727321 -0.00112228
v 0.00162174 0.00727321 -0.00078099
v 0.00175487 0.00727321 -0.00040054
v 0.00180000 0.00727321 -0.00000000
v 0.00175487 0.00727321 0.00040054
v 0.00162174 0.00727321 0.00078099
v 0.00140730 0.00727321 0.00112228
v 0.00112228 0.00727321 0.00140730
v 0.00078099 0.00727321 0.00162174
v 0.00040054 0.00727321 0.00175487
v -0.00000000 0.00727321 0.00180000
vn 0.24197967 -0.74689125 -0.61935394
vn 0.36834677 -0.69442514 -0.61813783
vn 0.25798401 -0.74049330 -0.62057547
vn 0.24907377 -0.68094792 -0.68867422
vn 0.22991079 -0.73441619 -0.63857175
vn 0.20392205 -0.72462960 -0.65827635
vn 0.17253363 -0.72726496 -0.66431756
vn 0.06243025 -0.68128174 -0.72935428
vn 0.13926727 -0.72674117 -0.67264545
vn 0.10132672 -0.72358200 -0.68276056
vn -0.03652651 -0.70661130 -0.70665854
vn 0.08814304 -0.70911914 -0.69955761
vn 0.02996759 -0.71957656 -0.69376618
vn 0.34657872 -0.72296767 -0.59766290
vn 0.13413563 -0.75212659 -0.64522339
vn 0.63772774 -0.77026186 0.00000001
vn 0.70903028 -0.70244749 -0.06199675
vn 0.55228867 -0.77026170 0.31886382
vn 0.96814984 -0.14687576 -0.20276438
vn 0.37131874 -0.73307732 -0.56984212
vn 0.21366307 -0.73716807 -0.64103925
vn 0.31886437 -0.77026177 0.55228825
vn 0.55228860 -0.77026174 -0.31886386
vn 0.44052547 -0.79895348 -0.40940280
vn 0.45256172 -0.80608625 -0.38133036
vn 0.47410429 -0.80474429 -0.35722787
vn -0.10815385 -0.80078677 -0.58910381
vn -0.02969815 -0.81078017 -0.58459690
vn -0.31886345 -0.77026215 -0.55228825
vn 0.04352695 -0.80991503 -0.58492995
vn -0.00000008 -0.77026152 -0.63772815
vn 0.11160510 -0.80372058 -0.58444635
vn 0.15478012 -0.79806647 -0.58235129
vn -0.55228872 -0.77026168 -0.31886380
vn -0.24107016 -0.80491062 -0.54222143
vn -0.15520955 -0.80182145 -0.57705490
vn 0.04519891 -0.73497333 -0.67658796
vn 0.00000000 -0.77026204 0.63772752
vn 0.31886357 -0.77026213 -0.55228822
vn 0.37046350 -0.79396179 -0.48205962
vn 0.37654941 -0.80797825 -0.45319058
vn -0.63772775 -0.77026185 0.00000000
vn -0.55497110 -0.80601511 -0.20578318
vn -0.53435365 -0.79876822 -0.27646973
vn 0.51005915 -0.80392492 -0.30585025
vn 0.54523003 -0.80099461 -0.24724855
vn 0.16150993 -0.80293056 -0.57377439
vn 0.22292841 -0.80493805 -0.54988877
vn 0.25358735 -0.80261879 -0.53990419
vn -0.47724740 -0.80244293 -0.35821817
vn -0.44473789 -0.80020664 -0.40234009
vn -0.35709745 -0.80142388 -0.47979284
vn -0.31126910 -0.74935936 -0.58444170
vn -0.58344792 -0.80085568 -0.13497669
vn -0.51586714 -0.74367973 -0.42523118
vn -0.58900436 -0.80773788 -0.02516700
vn -0.64725327 -0.73094387 -0.21629670
vn -0.93003949 -0.36745933 0.00044228
vn -0.31886439 -0.77026179 0.55228822
vn -0.55228871 -0.77026168 0.31886382
vn 0.18420094 -0.74551801 -0.64052550
vn -0.06164983 -0.75129161 -0.65708463
vn 0.15176325 0.05210039 -0.98704279
vn 0.15826884 0.02641040 -0.98704279
vn 0.00000001 -0.00000000 -1.00000000
vn 0.14111796 0.07636922 -0.98704279
vn 0.12662334 0.09855489 -0.98704279
vn 0.10867477 0.11805222 -0.98704279
vn 0.08776181 0.13432947 -0.98704278
vn 0.06445495 0.14694247 -0.98704279
vn 0.03938996 0.15554733 -0.98704278
vn 0.01325045 0.15990924 -0.98704279
vn -0.01325045 0.15990924 -0.98704279
vn -0.03938998 0.15554734 -0.98704278
vn -0.06445494 0.14694248 -0.98704279
vn -0.08776181 0.13432945 -0.98704279
vn -0.10867473 0.11805222 -0.98704279
vn -0.12662326 0.09855495 -0.98704279
vn -0.14111798 0.07636923 -0.98704278
vn -0.15176323 0.05210037 -0.98704279
vn -0.15826882 0.02641045 -0.98704279
vn -0.16045727 -0.00000001 -0.98704279
vn -0.15826883 -0.02641045 -0.98704279
vn -0.15176323 -0.05210036 -0.98704279
vn -0.14111797 -0.07636923 -0.98704278
vn -0.12662328 -0.09855498 -0.98704279
vn -0.10867471 -0.11805225 -0.98704279
vn -0.08776182 -0.13432942 -0.98704279
vn -0.06445497 -0.14694247 -0.98704279
vn -0.03938992 -0.15554731 -0.98704279
vn -0.01325045 -0.15990921 -0.98704279
vn 0.01325045 -0.15990921 -0.98704279
vn 0.03938991 -0.15554731 -0.98704279
vn 0.06445495 -0.14694248 -0.98704279
vn 0.08776181 -0.13432944 -0.98704279
vn 0.10867472 -0.11805226 -0.98704279
vn 0.12662332 -0.09855490 -0.98704279
vn 0.14111795 -0.07636922 -0.98704279
vn 0.15176325 -0.05210039 -0.98704279
vn 0.15826884 -0.02641040 -0.98704279
vn 0.16045727 -0.00000000 -0.98704279
vn 0.29874669 -0.32033482 -0.89896386
vn -0.96042647 -0.27560249 -0.04030222
vn -0.93545116 -0.32129790 -0.14730508
vn 0.95874658 0.19884057 -0.20314383
vn 0.53409288 0.81580338 -0.22183245
vn 0.70941807 0.70277540 -0.05322348
vn 0.83678145 -0.27666555 -0.47249654
vn 0.95903476 -0.20874325 -0.19151656
vn 0.89167862 -0.16525749 -0.42142519
vn 0.96090835 -0.14593273 -0.23528446
vn 0.95251578 -0.20724201 -0.22307946
vn 0.95726799 -0.06419935 -0.28198659
vn 0.79866228 -0.13399778 -0.58667125
vn 0.80810503 0.00000009 -0.58903842
vn 0.95726829 0.06419788 -0.28198592
vn 0.89168185 0.16525392 -0.42141977
vn 0.96090840 0.14593278 -0.23528423
vn 0.83654769 0.28941884 -0.46521467
vn 0.95474576 0.20085813 -0.21935483
vn 0.50931729 0.79995542 -0.31728098
vn 0.76731163 0.25188369 -0.58973509
vn 0.46259968 0.79882355 -0.38455490
vn 0.67024480 0.22712132 -0.70653225
vn 0.59907051 0.35480763 -0.71779250
vn 0.42329988 0.80018341 -0.42488082
vn 0.32061417 0.80710782 -0.49576560
vn 0.51934341 0.27722692 -0.80834872
vn 0.29879373 0.81410820 -0.49794593
vn 0.45599013 0.32587130 -0.82817926
vn 0.26736684 0.80307773 -0.53252336
vn 0.36085820 0.27214700 -0.89202991
vn 0.29495533 0.31450553 -0.90226805
vn 0.23484494 0.80667756 -0.54232755
vn 0.21181229 0.23003891 -0.94985139
vn 0.17104140 0.26592153 -0.94869941
vn 0.15963173 0.80425774 -0.57243969
vn 0.12775643 0.27762003 -0.95215829
vn 0.12447477 0.79505106 -0.59363275
vn 0.07705582 0.28516080 -0.95537727
vn 0.04306571 0.80957190 -0.58543889
vn 0.01955384 0.29605399 -0.95497104
vn -0.01981515 0.29209461 -0.95618413
vn -0.03024262 0.80985681 -0.58584753
vn -0.08113355 0.29177758 -0.95303892
vn -0.11841226 0.27476348 -0.95419262
vn -0.10219871 0.80385369 -0.58598179
vn -0.17131396 0.25522308 -0.95158431
vn -0.16185763 0.79417757 -0.58573381
vn -0.16555025 0.80398579 -0.57113918
vn -0.29720638 0.31740384 -0.90051273
vn -0.23494308 0.80642083 -0.54266675
vn -0.36084128 0.27205034 -0.89206624
vn -0.28655428 0.80850310 -0.51401301
vn -0.52437668 0.80077476 -0.28946309
vn -0.50818848 0.79540372 -0.33026866
vn -0.76931671 0.25027653 -0.58780393
vn -0.46282410 0.80326162 -0.37491948
vn -0.44129417 0.79901527 -0.40845325
vn -0.90688700 0.28987367 -0.30582548
vn -0.56071243 0.80101006 -0.20972473
vn -0.93456436 0.31283993 -0.16947163
vn -0.59424677 0.80117047 -0.07068707
vn -0.76981849 -0.25872328 -0.58347387
vn -0.67001864 -0.22779030 -0.70653139
vn -0.61987380 -0.37170921 -0.69107795
vn -0.51726081 -0.27171853 -0.81154809
vn -0.39412714 -0.59161690 -0.70331589
vn -0.36047301 -0.27119064 -0.89247680
vn -0.29855300 -0.32299171 -0.89807709
vn -0.21179443 -0.22869009 -0.95018102
vn -0.16954387 -0.26176143 -0.95012411
vn -0.12684534 -0.27477852 -0.95310389
vn -0.07521960 -0.28584240 -0.95531991
vn -0.02177167 -0.28992880 -0.95680055
vn 0.02171592 -0.29290003 -0.95589643
vn 0.07633002 -0.28459502 -0.95560421
vn 0.11959781 -0.27422258 -0.95420037
vn 0.17011388 -0.25363947 -0.95222281
vn 0.40253515 -0.58851021 -0.70115703
vn 0.51766281 -0.27366703 -0.81063652
vn 0.76953355 -0.25406364 -0.58589229
vn -0.97337341 -0.16308082 -0.16108644
vn -0.57883416 0.81526670 -0.01706528
vn -0.95495465 0.29470543 -0.03478987
vn -0.98456786 0.17047847 -0.03953758
vn -0.97439992 0.16167189 -0.15622737
vn -0.99883260 0.02783960 -0.03947646
vn -0.98717580 0.00306683 -0.15960742
vn -0.99662014 -0.07028468 -0.04252489
vn -0.98478433 -0.16923665 -0.03948147
vn -0.93847040 0.15660324 -0.30781281
vn -0.95144696 0.00000000 -0.30781273
vn -0.93847045 -0.15660325 -0.30781266
vn -0.90710222 -0.28100881 -0.31336817
vn -0.84850414 0.27440225 -0.45248661
vn -0.87968625 0.14679371 -0.45233141
vn -0.89184986 0.00000003 -0.45233155
vn -0.87968621 -0.14679366 -0.45233150
vn -0.84133953 -0.28082875 -0.46182574
vn -0.79937952 0.13339289 -0.58583164
vn -0.81043281 -0.00000003 -0.58583159
vn -0.79937953 -0.13339284 -0.58583165
vn 0.79866231 0.13399770 -0.58667122
vn 0.95371084 0.00000024 -0.30072517
vn -0.48479565 0.35589074 -0.79894616
vn -0.40253023 0.80599224 -0.43398839
vn -0.60282638 0.33889497 -0.72232303
vn -0.66973812 0.22614782 -0.70732455
vn -0.69948625 0.11672370 -0.70504933
vn -0.70915829 -0.00000001 -0.70504930
vn -0.69948628 -0.11672370 -0.70504931
vn 0.62459479 -0.31548223 -0.71438947
vn 0.66973790 -0.22614187 -0.70732666
vn 0.69948620 -0.11672368 -0.70504939
vn 0.70915830 0.00000004 -0.70504930
vn 0.69948627 0.11672365 -0.70504932
vn -0.51930576 0.28103418 -0.80705719
vn -0.55847978 0.19172629 -0.80705722
vn -0.58241988 0.09718874 -0.80705726
vn -0.59047315 0.00000002 -0.80705728
vn -0.58241990 -0.09718876 -0.80705725
vn -0.55847975 -0.19172625 -0.80705726
vn 0.55847967 -0.19172633 -0.80705729
vn 0.58241983 -0.09718866 -0.80705731
vn 0.59047307 -0.00000002 -0.80705734
vn 0.58241980 0.09718867 -0.80705733
vn 0.55847966 0.19172630 -0.80705730
vn -0.40214450 0.21762974 -0.88933520
vn -0.43248050 0.14847070 -0.88933518
vn -0.45101955 0.07526176 -0.88933517
vn -0.45725585 0.00000003 -0.88933519
vn -0.45101950 -0.07526179 -0.88933519
vn -0.43248050 -0.14847074 -0.88933518
vn -0.40214453 -0.21762968 -0.88933520
vn 0.35995642 -0.27099269 -0.89274540
vn 0.40214448 -0.21762974 -0.88933521
vn 0.43248044 -0.14847075 -0.88933520
vn 0.45101946 -0.07526184 -0.88933520
vn 0.45725585 0.00000001 -0.88933519
vn 0.45101946 0.07526182 -0.88933520
vn 0.43248045 0.14847072 -0.88933520
vn 0.40214449 0.21762972 -0.88933521
vn -0.21178987 0.22910258 -0.95008266
vn -0.24679760 0.19209029 -0.94983802
vn -0.27504863 0.14884888 -0.94983802
vn -0.29579703 0.10154727 -0.94983802
vn -0.30847690 0.05147570 -0.94983801
vn -0.31274232 -0.00000001 -0.94983801
vn -0.30847691 -0.05147570 -0.94983801
vn -0.29579704 -0.10154726 -0.94983802
vn -0.27504862 -0.14884893 -0.94983801
vn -0.24679759 -0.19209024 -0.94983803
vn 0.21181444 -0.22827283 -0.95027689
vn 0.24679762 -0.19209027 -0.94983802
vn 0.27504863 -0.14884888 -0.94983802
vn 0.29579704 -0.10154726 -0.94983802
vn 0.30847688 -0.05147570 -0.94983802
vn 0.31274229 0.00000000 -0.94983802
vn 0.30847688 0.05147570 -0.94983802
vn 0.29579704 0.10154726 -0.94983802
vn 0.27504862 0.14884889 -0.94983802
vn 0.24679760 0.19209029 -0.94983802
vn 0.00000000 0.77026205 0.63772751
vn -0.31886436 0.77026176 0.55228827
vn 0.24844596 0.68126220 -0.68859017
vn -0.55228867 0.77026172 -0.31886379
vn -0.31886354 0.77026206 -0.55228833
vn -0.00000000 0.77026146 -0.63772823
vn 0.63772774 0.77026186 -0.00000001
vn 0.96942928 0.14204283 -0.20007677
vn 0.55228868 0.77026170 0.31886383
vn 0.37369356 0.72989486 -0.57236930
vn 0.06196179 0.68093400 -0.72971887
vn -0.03770553 0.70532441 -0.70788119
vn 0.31886437 0.77026177 0.55228825
vn 0.04551885 0.73301433 -0.67868846
vn 0.21378987 0.73471158 -0.64381115
vn -0.63772779 0.77026181 -0.00000000
vn 0.31886355 0.77026207 -0.55228831
vn -0.55228866 0.77026172 0.31886379
vn 0.34601141 0.72373162 -0.59706670
vn 0.36862017 0.69476276 -0.61759524
vn -0.93131287 0.36420200 -0.00363757
vn -0.63444806 0.73956230 -0.22477382
vn -0.50846979 0.74696397 -0.42837285
vn -0.30659854 0.75295298 -0.58228786
vn -0.05346826 0.75577409 -0.65264590
vn 0.55228867 0.77026170 -0.31886382
vn 0.18666403 0.74877990 -0.63599151
vn 0.01826535 0.71292517 -0.70100220
vn 0.08014759 0.73688440 -0.67125088
vn 0.14916552 0.74743440 -0.64737274
vn 0.22640344 0.74608071 -0.62618293
vn 0.25470684 0.74542495 -0.61600818
vn 0.05298001 0.70469782 -0.70752675
vn 0.07805013 0.71614887 -0.69356973
vn 0.10029402 0.71930821 -0.68741313
vn 0.19230293 0.73025632 -0.65554960
vn 0.17377914 0.72104056 -0.67074684
vn 0.15288001 0.72132730 -0.67551065
vn 0.12816422 0.71527471 -0.68699056
vn 0.22897964 0.74577719 -0.62560747
vn 0.92482176 0.19670939 -0.32559196
vn 0.91886085 0.38764437 -0.07366529
vn 0.93547159 -0.34724357 -0.06568723
vn 0.92366856 -0.16985867 -0.34348860
vn 0.67482180 0.26183674 -0.68996888
vn 0.71935757 0.12618839 -0.68308211
vn 0.72743679 -0.03958075 -0.68503217
vn 0.69708504 -0.20531364 -0.68696344
vn -0.63772776 0.77026184 0.00000018
vn -0.75716239 0.65322669 0.00000017
vn -0.55228885 0.77026166 0.31886361
vn -0.65572188 0.65322683 0.37858093
vn -0.31886353 0.77026219 0.55228815
vn -0.37858169 0.65322679 0.65572149
vn 0.00000000 0.77026136 0.63772834
vn 0.00000001 0.65322659 0.75716248
vn 0.31886355 0.77026220 0.55228813
vn 0.37858169 0.65322679 0.65572148
vn 0.55228889 0.77026162 0.31886365
vn 0.65572187 0.65322684 0.37858093
vn 0.63772780 0.77026181 -0.00000000
vn 0.75716232 0.65322677 -0.00000001
vn 0.55228808 0.77026198 -0.31886416
vn 0.65572188 0.65322684 -0.37858092
vn 0.31886430 0.77026141 -0.55228879
vn 0.37858111 0.65322655 -0.65572206
vn 0.00000061 0.77026264 -0.63772680
vn 0.00000028 0.65322730 -0.75716186
vn -0.31886460 0.77026132 -0.55228876
vn -0.37858108 0.65322665 -0.65572198
vn -0.55228783 0.77026231 -0.31886381
vn -0.65572170 0.65322714 -0.37858071
vn 0.37617309 -0.90073580 0.21718387
vn 0.21718290 -0.90073656 0.37617183
vn -0.00000008 -1.00000000 -0.00000014
vn 0.00000000 -0.90073646 0.43436601
vn -0.21718334 -0.90073646 0.37617180
vn 0.21718299 -0.90073557 -0.37617415
vn 0.37617238 -0.90073630 -0.21718302
vn 0.43436680 -0.90073608 -0.00000011
vn -0.37617242 -0.90073610 -0.21718378
vn -0.21718397 -0.90073554 -0.37617364
vn 0.00000024 -0.90073649 -0.43436596
vn -0.37617310 -0.90073565 0.21718447
vn -0.43436667 -0.90073614 -0.00000042
vn -0.63772794 -0.77026169 -0.00000014
vn -0.72494823 -0.66863408 -0.16546456
vn -0.55228818 -0.77026175 -0.31886456
vn -0.58136324 -0.66863395 -0.46362207
vn -0.31886437 -0.77026149 -0.55228865
vn -0.32263176 -0.66863443 -0.66995279
vn -0.00000020 -0.77026208 -0.63772747
vn 0.00000000 -0.66863440 -0.74359131
vn 0.31886443 -0.77026122 -0.55228899
vn 0.32263164 -0.66863431 -0.66995298
vn 0.55228811 -0.77026192 -0.31886427
vn 0.58136306 -0.66863412 -0.46362205
vn 0.63772780 -0.77026181 0.00000000
vn 0.72494808 -0.66863429 -0.16546439
vn 0.72494810 -0.66863417 0.16546480
vn 0.55228884 -0.77026165 0.31886365
vn 0.58136326 -0.66863420 0.46362168
vn 0.31886355 -0.77026220 0.55228813
vn 0.32263227 -0.66863411 0.66995287
vn 0.00000000 -0.77026136 0.63772834
vn 0.00000000 -0.66863424 0.74359145
vn -0.31886353 -0.77026219 0.55228815
vn -0.32263226 -0.66863411 0.66995288
vn -0.55228885 -0.77026166 0.31886361
vn -0.58136326 -0.66863420 0.46362168
vn -0.72494809 -0.66863421 0.16546467
vn -0.03107917 0.99019800 -0.13616907
vn -0.06060030 0.99019822 -0.12583752
vn 0.27235249 0.83862766 0.47172849
vn -0.08708204 0.99019830 -0.10919729
vn -0.54470471 0.83862791 0.00000000
vn 0.13966609 0.99019866 -0.00000003
vn 0.13616416 0.99019869 -0.03107852
vn 0.08708259 0.99019826 -0.10919716
vn -0.27235227 0.83862775 0.47172846
vn 0.10919582 0.99019853 -0.08708122
vn 0.12583494 0.99019864 -0.06059886
vn 0.08708066 0.99019856 0.10919598
vn 0.10919490 0.99019878 0.08707951
vn -0.27235237 0.83862785 -0.47172822
vn 0.12583487 0.99019865 0.06059885
vn 0.13616468 0.99019861 0.03107888
vn -0.00000002 0.99019860 0.13966647
vn 0.03107885 0.99019863 0.13616455
vn 0.06059909 0.99019853 0.12583569
vn 0.54470479 0.83862786 0.00000019
vn -0.13966842 0.99019833 0.00000059
vn -0.13616681 0.99019831 0.03107901
vn 0.06060079 0.99019820 -0.12583749
vn 0.03107988 0.99019803 -0.13616865
vn -0.00000060 0.99019866 -0.13966608
vn -0.03107873 0.99019863 0.13616453
vn 0.27235236 0.83862784 -0.47172824
vn -0.06059915 0.99019854 0.12583557
vn -0.10919739 0.99019827 -0.08708223
vn -0.12583673 0.99019836 -0.06059972
vn -0.13616631 0.99019840 -0.03107836
vn -0.12583481 0.99019866 0.06059877
vn -0.10919477 0.99019877 0.08707979
vn -0.08708089 0.99019854 0.10919599
vn 0.40464390 0.58741214 -0.70086396
vn 0.80928802 0.58741204 -0.00000010
vn -0.40464392 0.58741214 -0.70086395
vn -0.80928802 0.58741204 -0.00000009
vn -0.40464392 0.58741236 0.70086376
vn 0.40464390 0.58741237 0.70086377
vn -0.00000000 1.00000000 -0.00000031
vn -0.99324500 -0.06683849 0.09485241
vn -0.98137728 -0.11117875 0.15664585
vn -0.98800743 0.09246880 0.12365610
vn -0.97750636 0.12425843 0.17041469
vn -0.96918581 -0.14405766 0.19981555
vn -0.96285398 0.17293134 0.20738123
vn -0.96384427 -0.15791044 0.21463576
vn -0.95934298 -0.18633751 0.21198912
vn -0.99797440 -0.02843983 0.05690582
vn -0.99319853 0.04806623 0.10604868
vn -0.99974983 0.01389524 0.01752708
vn -0.76715124 -0.58658902 0.25960025
vn -0.75158775 -0.59172343 0.29151198
vn -0.63609066 0.69804801 0.32881248
vn -0.82692567 0.50725580 0.24266332
vn -0.63598381 -0.69844624 0.32817287
vn -0.78676237 0.56347166 0.25200132
vn -0.75985448 0.59188661 0.26887062
vn -0.75243693 0.19986767 0.62760783
vn -0.75243679 -0.19986823 0.62760781
vn -0.94901240 -0.23353916 0.21174259
vn -0.85850056 -0.45573565 0.23512083
vn -0.82686633 -0.50725886 0.24285907
vn -0.79172884 -0.55662556 0.25166134
vn -0.85777681 0.45744406 0.23444374
vn -0.88674607 0.40210397 0.22802149
vn -0.94947151 0.23188726 0.21149977
vn -0.93263864 0.28897923 0.21604668
vn -0.91088996 0.34830436 0.22127709
vn -0.93230429 -0.28934334 0.21700031
vn -0.91135185 -0.34656930 0.22209800
vn -0.88666623 -0.40212980 0.22828629
vn 0.86355305 0.44528645 0.23663495
vn 0.83196035 0.45928310 0.31128927
vn 0.63040706 -0.67268834 0.38739817
vn -0.46998355 0.68025765 0.56246332
vn -0.52522580 0.67589982 0.51700802
vn -0.43995815 -0.67560666 0.59160161
vn -0.73809591 0.59611877 0.31600134
vn -0.58668684 -0.68265375 0.43564022
vn -0.58066859 0.66043405 0.47607862
vn -0.62580148 0.64382504 0.44029744
vn -0.68914981 0.61136751 0.38897598
vn -0.37354767 0.68524525 0.62522083
vn -0.22112948 -0.67414681 0.70471826
vn -0.26928900 0.69847230 0.66303837
vn -0.07977313 0.70052027 0.70915978
vn -0.17329885 0.70518789 0.68751550
vn -0.22017077 0.70478095 0.67439502
vn 0.28189176 0.66681374 0.68985250
vn 0.01569392 -0.67352026 0.73900214
vn 0.35434307 0.65251888 0.66982095
vn 0.25972564 -0.67410015 0.69147059
vn 0.20353584 0.68271711 0.70176243
vn 0.11674353 0.68863225 0.71565115
vn 0.03720953 0.69023561 0.72262733
vn 0.58932693 0.58756513 0.55449165
vn 0.50688272 0.61934025 0.59957281
vn 0.43075151 0.64002972 0.63625081
vn 0.46994967 -0.67248175 0.57176534
vn 0.81321009 0.46756317 0.34651701
vn 0.75843579 0.50755159 0.40886004
vn 0.69922825 0.54962269 0.45715944
vn 0.66871580 0.56251487 0.48620592
vn 0.65232600 0.55786626 0.51308482
vn 0.90487402 0.42565670 -0.00440364
vn 0.89819661 0.43535552 0.06089686
vn 0.71998044 -0.67438902 0.16379137
vn 0.88969519 0.43915993 0.12482394
vn 0.88823093 0.42983604 0.16213203
vn 0.72525643 -0.68655312 -0.05145805
vn 0.90293350 -0.35984328 -0.23499767
vn 0.89939516 0.42833164 -0.08729460
vn 0.94199448 -0.26451347 -0.20658902
vn 0.88445205 0.44723350 -0.13314195
vn 0.87082340 0.47706592 0.11863689
vn 0.87701013 0.47366025 0.08061766
vn 0.91208786 -0.38953777 0.12789085
vn 0.76420091 -0.39150101 0.51256602
vn 0.86123874 0.35221457 0.36635056
vn 0.86082926 0.37127689 0.34803226
vn 0.87065951 0.32056184 0.37308461
vn 0.67346803 -0.14354136 0.72514597
vn 0.86706578 -0.32241205 0.37979917
vn 0.59503467 0.15679142 0.78825769
vn 0.86375534 -0.35829330 0.35433406
vn 0.57220237 0.72452314 0.38425339
vn 0.86291650 -0.38202513 0.33080494
vn 0.86390519 0.39763139 0.30912312
vn 0.86498638 0.42688641 0.26375474
vn 0.85593133 -0.39023665 0.33925937
vn 0.86832720 0.43875739 0.23130029
vn 0.87263982 0.44989210 0.18999166
vn 0.86411010 0.47648264 0.16210500
vn 0.87319347 0.48513672 0.04664257
vn 0.86121023 0.50824882 -0.00026597
vn 0.91849244 -0.38474387 -0.09134435
vn 0.86736730 0.48536564 -0.10997346
vn 0.86493599 0.49843001 -0.05876444
vn 0.87052466 -0.45462217 0.18842901
vn 0.86391608 -0.44401863 0.23768985
vn 0.63391395 0.73056955 0.25381340
vn 0.86473145 -0.42252170 0.27150495
vn 0.86423165 -0.39724066 0.30871267
vn 0.87430697 -0.46573806 0.13665788
vn 0.67628808 0.73075239 0.09292677
vn 0.87765135 -0.47214894 0.08248320
vn 0.87535407 -0.48298404 0.02194709
vn 0.68200140 0.72850532 -0.06445228
vn 0.87602711 -0.48098782 -0.03503170
vn 0.87575902 -0.47314384 -0.09581778
vn 0.69524425 0.70465862 -0.14174506
vn 0.88517914 -0.44616790 -0.13187908
vn 0.88151555 -0.28439227 0.37689702
vn 0.93859584 0.20251548 0.27933014
vn 0.91949321 0.23267388 0.31685185
vn 0.90707355 -0.24763267 0.34043447
vn 0.88654361 0.27617924 0.37116770
vn 0.93735657 -0.20530499 0.28144718
vn 0.96134288 -0.16175161 0.22283691
vn 0.97245145 -0.13066657 0.19303996
vn 0.99135537 -0.07610468 0.10687659
vn 0.98798394 0.08920652 0.12621384
vn 0.98332640 -0.10647771 0.14741671
vn 0.97739960 0.12376993 0.17137977
vn 0.95664144 0.16706645 0.23859161
vn 0.99680718 -0.04373343 0.06680438
vn 0.99871635 -0.01572562 0.04814929
vn 0.99337075 0.04570978 0.10547590
vn 0.99977303 0.01338047 0.01657866
vn 0.71880538 0.67582470 0.16303316
vn 0.90614229 -0.41962570 0.05310775
vn 0.73071516 0.67976087 -0.06309129
vn 0.91090547 -0.41182424 -0.02553450
vn 0.90293534 -0.41789023 -0.10037692
vn 0.83911324 -0.46435214 0.28331264
vn 0.87332066 -0.43284073 0.22351718
vn 0.62912943 0.67514280 0.38519913
vn 0.88797867 -0.43008820 0.16284357
vn 0.89383913 -0.43505359 0.10853563
vn 0.71315770 -0.53312675 0.45517246
vn 0.76687738 -0.50084611 0.40131317
vn 0.46856237 0.67580223 0.56898212
vn 0.79977645 -0.48383007 0.35533940
vn 0.81948065 -0.48059819 0.31221282
vn 0.25604118 0.67491428 0.69205031
vn 0.44304449 -0.64142596 0.62632605
vn 0.48382708 -0.62625037 0.61132792
vn 0.53537779 -0.60235124 0.59206724
vn 0.60260349 -0.57607878 0.55227011
vn 0.66703704 -0.55621989 0.49566220
vn 0.37494076 -0.65038119 0.66062375
vn 0.01699530 0.67326400 0.73920684
vn 0.26271744 -0.66837984 0.69587925
vn -0.22420888 0.67300590 0.70483575
vn -0.16418083 -0.70375539 0.69121126
vn -0.05713935 -0.69927708 0.71256344
vn 0.04132853 -0.69089273 0.72177503
vn 0.08989098 -0.69282718 0.71547894
vn 0.15449162 -0.69043271 0.70670716
vn -0.42595574 -0.66979379 0.60822528
vn -0.31964292 -0.69002052 0.64938439
vn -0.23755559 -0.70186777 0.67152735
vn -0.49373319 -0.66110983 0.56494366
vn -0.44022229 0.67290329 0.59447918
vn -0.56146593 -0.64869082 0.51376671
vn -0.58710261 0.68162917 0.43668318
vn -0.63210591 -0.62462700 0.45856649
vn -0.70838810 -0.60398299 0.36522710
vn -0.63772779 0.77026181 0.00000000
vn -0.72532351 0.66762788 0.16786548
vn -0.55228866 0.77026172 0.31886379
vn -0.58221281 0.66366773 0.46965241
vn -0.31886373 0.77026196 0.55228836
vn -0.32460044 0.66203998 0.67552766
vn 0.00000015 0.77026131 0.63772840
vn -0.00471085 0.66556239 0.74632735
vn 0.31886356 0.77026207 0.55228831
vn 0.32311475 0.66781343 0.67053865
vn 0.55228867 0.77026170 0.31886382
vn 0.58219136 0.66753363 0.46416815
vn 0.63772774 0.77026186 0.00000001
vn 0.72633678 0.66718549 0.16522228
vn 0.72691224 0.66607247 -0.16717075
vn 0.55228868 0.77026169 -0.31886383
vn 0.58388958 0.66636763 -0.46371020
vn 0.31886355 0.77026207 -0.55228831
vn 0.32337948 0.66753235 -0.67069089
vn 0.00000000 0.77026145 -0.63772823
vn -0.00110517 0.66710962 -0.74495875
vn -0.31886355 0.77026206 -0.55228833
vn -0.32636309 0.66526229 -0.67150073
vn -0.55228866 0.77026172 -0.31886379
vn -0.57957396 0.66571772 -0.47001484
vn -0.72440693 0.66944584 -0.16455047
vn 0.21280733 -0.44455345 0.87010647
vn 0.32565458 -0.42400950 0.84508286
vn 0.00000014 -0.77026219 0.63772733
vn 0.30666495 -0.93033118 0.20109824
vn -0.31886436 -0.77026177 0.55228827
vn 0.31886418 -0.77026190 0.55228819
vn 0.55228868 -0.77026172 0.31886376
vn 0.63772780 -0.77026181 0.00000001
vn 0.55228868 -0.77026171 -0.31886379
vn 0.31886357 -0.77026209 -0.55228828
vn 0.00000001 -0.77026149 -0.63772818
vn -0.31886353 -0.77026211 -0.55228827
vn -0.55228864 -0.77026175 -0.31886376
vn -0.63772777 -0.77026183 0.00000003
vn 0.33130385 -0.93417157 0.13251884
vn 0.35347725 -0.93417127 0.04876335
vn -0.55228866 -0.77026172 0.31886379
vn 0.35481033 -0.93417113 -0.03786731
vn 0.35224972 -0.92821366 -0.11974784
vn -0.55278813 0.76910517 -0.32078424
vn -0.32237438 0.76806131 -0.55331418
vn 0.00007318 0.76640134 -0.64236203
vn 0.32116214 0.76645354 -0.55624082
vn 0.55621160 0.76654383 -0.32099722
vn 0.64175743 0.76690759 0.00038171
vn -0.55561243 0.76686712 0.32126259
vn -0.31990038 0.76762877 0.55534657
vn 0.55612784 0.76681185 0.32050181
vn 0.31874995 0.76776659 0.55581736
vn 0.00078067 0.76865559 0.63966239
vn -0.64126949 0.76731505 -0.00102757
vn -0.49390558 -0.83124336 -0.25513086
vn -0.43643678 -0.80898211 -0.39379039
vn 0.06789774 -0.71997963 -0.69066578
vn -0.01701603 -0.74614244 -0.66556886
vn -0.15051083 -0.76412748 -0.62726047
vn -0.28284067 -0.78705813 -0.54821589
vn -0.38275270 -0.80329824 -0.45630286
vn -0.53596172 -0.83727697 -0.10822344
vn -0.54961183 -0.83519121 0.01955707
vn -0.41857891 -0.89180793 0.17166918
vn -0.47400808 -0.82497180 0.30779517
vn -0.18784998 -0.74755975 0.63707677
vn -0.25999888 -0.77377901 0.57763884
vn -0.35084034 -0.79240343 0.49900687
vn -0.43101133 -0.80172984 0.41407547
vn -0.10009839 -0.74332996 0.66139314
vn 0.00005782 -0.73939993 0.67326647
vn 0.34061487 -0.71615983 0.60917699
vn 0.24191131 -0.73439301 0.63414969
vn 0.15499041 -0.72059264 0.67581375
vn 0.08287415 -0.71677251 0.69236482
vn 0.58294584 -0.73296564 0.35062161
vn 0.53481271 -0.73164131 0.42270126
vn 0.46333529 -0.73472615 0.49547744
vn 0.40100034 -0.71826615 0.56858813
vn 0.64990729 -0.75531054 -0.08441863
vn 0.66092310 -0.75034263 0.01290691
vn 0.64407228 -0.75506233 0.12268565
vn 0.61624048 -0.74726102 0.24869387
vn 0.61896913 -0.75655901 -0.21093997
vn 0.59036572 -0.73846481 -0.32578834
vn 0.39023792 -0.71683771 -0.57780453
vn 0.44477591 -0.72280834 -0.52888797
vn 0.49453299 -0.72996660 -0.47179008
vn 0.54468683 -0.73637817 -0.40132711
vn 0.13567126 -0.71674597 -0.68400916
vn 0.23062389 -0.73242125 -0.64060263
vn 0.32754419 -0.71869421 -0.61334609
vn 0.10552410 0.72822070 -0.67717005
vn 0.19370046 0.72990488 -0.65552955
vn 0.27010448 0.72225182 -0.63670705
vn 0.32278751 0.71527477 -0.61983081
vn 0.49661758 0.75746789 -0.42380818
vn 0.43670159 0.76108030 -0.47963370
vn 0.37874621 0.74653895 -0.54702003
vn 0.35542922 0.72239824 -0.59313645
vn 0.61634924 0.77177894 -0.15643172
vn 0.58019201 0.77664880 -0.24534441
vn 0.53588408 0.77517820 -0.33455495
vn 0.59794949 0.76397278 0.24249123
vn 0.62687567 0.76324826 0.15645762
vn 0.61343383 0.78780653 0.05531556
vn 0.61378677 0.78733660 -0.05802475
vn 0.55005600 0.76290172 0.33973425
vn 0.51429899 0.74281299 0.42863202
vn 0.32647480 0.71346969 0.61998000
vn 0.36139833 0.72166853 0.59041153
vn 0.40201786 0.73894290 0.54068940
vn 0.46362280 0.74177623 0.48458429
vn 0.01027498 0.73691942 0.67590251
vn 0.10952362 0.73076020 0.67379085
vn 0.20461506 0.73057217 0.65145758
vn 0.28047662 0.71882187 0.63610376
vn -0.32434062 0.80175883 0.50198201
vn -0.28568291 0.80470632 0.52041620
vn -0.20371803 0.77965657 0.59214407
vn -0.09578074 0.75505023 0.64863333
vn -0.05728001 0.74994771 0.65901247
vn -0.50194903 0.86231265 0.06681364
vn -0.50656804 0.84107902 0.18967050
vn -0.46013767 0.83763960 0.29433524
vn -0.40153992 0.82790210 0.39159137
vn -0.50180950 0.86240504 -0.06666915
vn -0.50249627 0.84359826 -0.18931317
vn -0.35328447 0.79954101 -0.48572035
vn -0.40077910 0.82769509 -0.39280651
vn -0.46625536 0.83745335 -0.28509266
vn -0.27942832 0.79311018 -0.54119872
vn -0.19504646 0.78973084 -0.58162022
vn 0.01080624 0.73670245 -0.67613071
vn -0.04603396 0.73683566 -0.67450284
vn -0.10903348 0.75076744 -0.65150591
vn -0.08745787 0.99616813 0.00041349
vn -0.20197991 0.97938957 0.00043788
vn -0.31450962 0.94925428 0.00005024
vn -0.94919772 0.31468024 0.00019998
vn -0.90637060 0.42248347 0.00022601
vn -0.85094853 0.52524886 0.00047649
vn -0.78461230 0.61998654 0.00047865
vn -0.70691476 0.70729863 0.00040789
vn -0.62044741 0.78424795 0.00040988
vn -0.52478287 0.85123605 0.00034457
vn -0.42282395 0.90621178 0.00034607
vn -0.96582859 -0.25918075 -0.00069078
vn -0.98949831 -0.14454297 -0.00065857
vn -0.99830940 -0.05812354 -0.00003230
vn -0.99989423 0.01454431 0.00000025
vn -0.99482026 0.10164967 0.00002165
vn -0.97934162 0.20221272 0.00003868
vn -0.88022081 -0.47456357 0.00086487
vn -0.92920611 -0.36956159 0.00048306
vn -0.74666509 -0.66520015 -0.00006744
vn -0.81948946 -0.57309426 0.00001872
vn -0.57320325 -0.81941322 -0.00005880
vn -0.66516633 -0.74669522 0.00001329
vn -0.47496676 -0.88000374 0.00000936
vn -0.36903450 -0.92941563 -0.00035442
vn -0.25896812 -0.96588582 -0.00031267
vn -0.14464041 -0.98948428 -0.00009888
vn 0.02890877 -0.99958202 -0.00027667
vn -0.05826196 -0.99830131 0.00018555
vn 0.31454445 -0.94924274 -0.00003475
vn 0.17812244 -0.98399225 0.00562624
vn 0.42263360 -0.90630064 -0.00002161
vn 0.52609325 -0.85042479 0.00189206
vn 0.61917020 -0.78525389 0.00214346
vn 0.70775796 -0.70645391 0.00123988
vn 0.58409338 -0.81168272 -0.00246763
vn 0.90631836 -0.42259559 -0.00007723
vn 0.85110062 -0.52500261 -0.00003121
vn 0.78385997 -0.62093595 0.00144740
vn 0.99619458 -0.08715708 0.00000152
vn 0.97934806 -0.20218149 -0.00010903
vn 0.94922978 -0.31458356 -0.00005877
vn 0.98938708 0.14530233 -0.00066901
vn 0.99958848 0.02867921 -0.00060851
vn 0.92921084 0.36954949 -0.00061936
vn 0.96601809 0.25847368 -0.00063770
vn 0.81900531 0.57378568 -0.00053723
vn 0.88033504 0.47435217 -0.00048786
vn 0.66504586 0.74680244 0.00033124
vn 0.74678907 0.66506083 0.00042056
vn 0.46308443 0.88562607 -0.03491811
vn 0.47397782 0.88053477 0.00188098
vn 0.57330225 0.81934385 0.00043397
vn 0.25871620 0.96595337 0.00015331
vn 0.37014576 0.92897224 0.00163901
vn 0.02885652 0.99958348 -0.00042100
vn 0.14528259 0.98939018 -0.00022119
vn -0.99989422 0.01454448 0.00000000
vn -0.99830815 -0.05814492 -0.00000004
vn -0.98952002 -0.14439351 0.00079749
vn -0.96572664 -0.25956091 0.00044812
vn -0.92957841 -0.36862435 0.00024802
vn -0.88000558 -0.47496292 0.00063117
vn -0.81931771 -0.57333962 0.00040861
vn -0.74685606 -0.66498553 0.00051629
vn -0.66490471 -0.74692810 0.00036949
vn -0.57343544 -0.81925071 0.00025825
vn -0.47438857 -0.88031547 -0.00038977
vn -0.36707796 -0.93018255 -0.00376916
vn -0.26185725 -0.96509970 -0.00365302
vn -0.14423150 -0.98954368 0.00075737
vn -0.05831051 -0.99829849 -0.00008175
vn 0.01981433 -0.99979092 0.00505068
vn 0.09199697 -0.99535674 0.02831108
vn 0.20155382 -0.97947659 0.00128817
vn 0.31520308 -0.94902338 0.00128108
vn 0.42227565 -0.90646706 0.00085829
vn 0.52528175 -0.85092796 0.00083610
vn 0.61952314 -0.78497681 0.00157778
vn 0.70775195 -0.70645917 0.00162116
vn 0.78370024 -0.62113641 0.00186895
vn 0.85165526 -0.52409822 0.00208824
vn 0.90644489 -0.42232387 -0.00046874
vn 0.94924255 -0.31454503 0.00000000
vn 0.97937857 -0.20202584 -0.00177998
vn 0.99619470 -0.08715577 -0.00000000
vn 0.99945454 0.03247074 -0.00602274
vn 0.98985991 0.14201085 -0.00320672
vn 0.96502595 0.26208519 -0.00602275
vn 0.93042801 0.36646068 -0.00320673
vn 0.88071548 0.47364337 0.00148543
vn 0.81858846 0.57437831 0.00157808
vn 0.74707215 0.66474288 0.00032130
vn 0.66473862 0.74707573 0.00065262
vn 0.57415458 0.81874578 0.00136597
vn 0.47387776 0.88058988 0.00115747
vn 0.37003803 0.92901575 0.00126303
vn 0.25805864 0.96612819 0.00143603
vn 0.14549908 0.98935774 0.00113461
vn 0.02838618 0.99959654 0.00098739
vn -0.08802968 0.99611672 -0.00150213
vn -0.20141897 0.97950490 -0.00074608
vn -0.31396439 0.94943436 0.00087233
vn -0.42316781 0.90605090 0.00087958
vn -0.52480384 0.85122314 0.00031019
vn -0.62039608 0.78428857 0.00037925
vn -0.70691396 0.70729940 0.00045856
vn -0.78458323 0.62002336 0.00042578
vn -0.85089267 0.52533913 0.00067467
vn -0.90645070 0.42231093 0.00078398
vn -0.94918943 0.31470486 0.00052409
vn -0.97939146 0.20197090 0.00035603
vn -0.99482201 0.10163244 -0.00011611
vn -0.22070764 0.12738763 0.96698528
vn -0.43023918 0.12933912 0.89340116
vn -0.61841054 0.12738549 0.77546202
vn -0.77526473 0.12933656 0.61825290
vn -0.89362943 0.12738307 0.43034868
vn -0.96673903 0.12933772 0.22065224
vn -0.99185332 0.12738519 -0.00000021
vn -0.96673912 0.12933786 -0.22065175
vn -0.89362892 0.12738672 -0.43034866
vn -0.77526442 0.12934163 -0.61825223
vn -0.61840974 0.12738508 -0.77546272
vn -0.43023854 0.12933290 -0.89340237
vn -0.22070954 0.12739406 -0.96698400
vn 0.00000234 0.12932760 -0.99160192
vn 0.22070559 0.12739455 -0.96698484
vn 0.43024076 0.12933212 -0.89340141
vn 0.61840968 0.12738589 -0.77546264
vn 0.77526392 0.12934225 -0.61825273
vn 0.89362894 0.12738694 -0.43034856
vn 0.96673913 0.12933773 -0.22065179
vn 0.99185332 0.12738523 -0.00000020
vn 0.96673908 0.12933762 0.22065204
vn 0.89362920 0.12738355 0.43034903
vn 0.77526477 0.12933720 0.61825272
vn 0.61841056 0.12738567 0.77546197
vn 0.43023928 0.12933925 0.89340110
vn 0.22070740 0.12738791 0.96698530
vn 0.00000029 0.12934253 0.99159998
vn 0.00000013 -0.36202796 -0.93216724
vn -0.46608396 -0.36202684 -0.80728081
vn -0.80728032 -0.36202761 -0.46608421
vn -0.93216743 -0.36202746 -0.00000015
vn -0.80728095 -0.36202702 0.46608359
vn -0.46608419 -0.36202809 0.80728012
vn -0.00000000 -0.36202817 0.93216715
vn 0.46608405 -0.36202789 0.80728029
vn 0.80728114 -0.36202695 0.46608330
vn 0.93216741 -0.36202750 -0.00000003
vn 0.80728045 -0.36202759 -0.46608401
vn 0.46608356 -0.36202704 -0.80728095
vn 0.84330214 0.31311189 -0.43680940
vn 0.81461306 0.35080838 -0.46188640
vn 0.78927455 0.38500387 -0.47834894
vn 0.62733139 0.50182254 -0.59550774
vn 0.66453279 0.47508480 -0.57679338
vn 0.71070708 0.43988103 -0.54899920
vn 0.76463721 0.40647592 -0.50010725
vn 0.38334841 0.61818746 -0.68621298
vn 0.44708132 0.59049699 -0.67188659
vn 0.51415482 0.55946711 -0.65010875
vn 0.58226075 0.52912150 -0.61725428
vn 0.08137776 0.69515858 -0.71423540
vn 0.17850601 0.67620310 -0.71476218
vn 0.29675398 0.64666418 -0.70268237
vn -0.51997013 0.48050008 -0.70622287
vn -0.38504474 0.54805055 -0.74255043
vn -0.22047323 0.61615810 -0.75613540
vn -0.07895066 0.67071696 -0.73749953
vn -0.79809963 0.33651748 -0.49979292
vn -0.77776916 0.35540187 -0.51842517
vn -0.72607649 0.37410715 -0.57693740
vn -0.65710610 0.41749187 -0.62762418
vn -0.94496343 0.19279722 -0.26433568
vn -0.91555676 0.24742346 -0.31707642
vn -0.87851655 0.25939868 -0.40114960
vn -0.84458646 0.29096016 -0.44946179
vn -0.99671865 0.00041585 -0.08094293
vn -0.96521398 0.17593311 -0.19341538
vn -0.96631443 0.11417355 -0.23065304
vn -0.05986403 -0.67965779 -0.73108248
vn -0.15501965 -0.64630026 -0.74717125
vn -0.98056847 0.18542795 -0.06404654
vn -0.98070911 -0.16606959 -0.10310449
vn -0.93081145 -0.22524725 -0.28784323
vn -0.95511038 -0.17022402 -0.24246226
vn -0.81085835 -0.32763451 -0.48493749
vn -0.87272058 -0.27590659 -0.40278324
vn -0.58995498 -0.46424871 -0.66062566
vn -0.63819604 -0.43262450 -0.63682169
vn -0.69587693 -0.39602086 -0.59910165
vn -0.76044964 -0.36672296 -0.53593900
vn -0.28672989 -0.59516643 -0.75070826
vn -0.42598191 -0.53580005 -0.72901147
vn -0.52633648 -0.49507013 -0.69128538
vn 0.86314907 -0.27462619 -0.42373830
vn 0.13326802 -0.68605798 -0.71523708
vn 0.21465599 -0.66531377 -0.71503873
vn 0.48518352 -0.57220935 -0.66119091
vn 0.39822340 -0.61226770 -0.68304201
vn 0.30846236 -0.63839572 -0.70519634
vn 0.26521454 -0.64948541 -0.71262189
vn 0.68143145 -0.46240916 -0.56729970
vn 0.61949116 -0.50664584 -0.59961712
vn 0.56664274 -0.52610622 -0.63413582
vn 0.53986562 -0.53810138 -0.64729592
vn 0.82671690 -0.33645238 -0.45093121
vn 0.76760263 -0.38094936 -0.51542584
vn 0.73576590 -0.41053996 -0.53861441
vn -0.89788368 -0.44022341 0.00287050
vn -0.19370393 0.49217102 0.84867336
vn -0.37769403 0.49217312 0.78429130
vn -0.54274757 0.49216933 0.68058389
vn -0.68058402 0.49216890 0.54274779
vn -0.78429268 0.49216962 0.37769572
vn -0.84867268 0.49217198 0.19370449
vn -0.87049845 0.49217116 0.00000005
vn -0.84867335 0.49217105 -0.19370388
vn -0.78429191 0.49217175 -0.37769455
vn -0.68058219 0.49217497 -0.54274458
vn -0.54274610 0.49217477 -0.68058112
vn -0.37769348 0.49216769 -0.78429497
vn -0.19370583 0.49217893 -0.84866834
vn 0.00000228 0.49216305 -0.87050303
vn 0.19370216 0.49217857 -0.84866939
vn 0.37769560 0.49216895 -0.78429316
vn 0.54274604 0.49217369 -0.68058195
vn 0.68058266 0.49217326 -0.54274555
vn 0.78429245 0.49217074 -0.37769474
vn 0.84867402 0.49216976 -0.19370425
vn 0.87049913 0.49216996 -0.00000013
vn 0.84867338 0.49217079 0.19370443
vn 0.78429260 0.49216944 0.37769612
vn 0.68058406 0.49216861 0.54274800
vn 0.54274731 0.49216942 0.68058403
vn 0.37769488 0.49217301 0.78429096
vn 0.19370354 0.49217037 0.84867383
vn 0.00000009 0.49217114 0.87049846
vn -0.11428879 0.85802478 0.50073102
vn -0.22284438 0.85802681 0.46274224
vn -0.32022881 0.85802525 0.40155470
vn -0.40155363 0.85802593 0.32022833
vn -0.46274210 0.85802694 0.22284414
vn -0.50072907 0.85802608 0.11428752
vn -0.51360649 0.85802586 0.00000044
vn -0.50072965 0.85802566 -0.11428819
vn -0.46274412 0.85802535 -0.22284609
vn -0.40155442 0.85802516 -0.32022941
vn -0.32022751 0.85802750 -0.40155093
vn -0.22284487 0.85802651 -0.46274255
vn -0.11428849 0.85802430 -0.50073191
vn -0.00000089 0.85802722 -0.51360422
vn 0.11429007 0.85802414 -0.50073182
vn 0.22284504 0.85802641 -0.46274267
vn 0.32022690 0.85802763 -0.40155114
vn 0.40155419 0.85802548 -0.32022884
vn 0.46274403 0.85802541 -0.22284602
vn 0.50072928 0.85802582 -0.11428862
vn 0.51360620 0.85802603 -0.00000005
vn 0.50072859 0.85802633 0.11428774
vn 0.46274209 0.85802697 0.22284406
vn 0.40155367 0.85802586 0.32022848
vn 0.32022860 0.85802504 0.40155533
vn 0.22284514 0.85802689 0.46274173
vn 0.11428854 0.85802506 0.50073059
vn -0.00000031 0.85802362 0.51361023
f 1//1 2//2 3//3
f 3//3 2//2 4//4
f 3//3 4//4 5//5
f 5//5 4//4 6//6
f 6//6 4//4 7//7
f 7//7 4//4 8//8
f 7//7 8//8 9//9
f 9//9 8//8 10//10
f 10//10 8//8 11//11
f 10//10 11//11 12//12
f 13//13 14//14 15//15
f 15//15 14//14 2//2
f 15//15 2//2 1//1
f 16//16 17//17 18//18
f 18//18 17//17 19//19
f 19//19 20//20 18//18
f 18//18 20//20 21//21
f 18//18 21//21 22//22
f 23//23 24//24 16//16
f 16//16 24//24 25//25
f 16//16 25//25 26//26
f 27//27 28//28 29//29
f 29//29 28//28 30//30
f 29//29 30//30 31//31
f 31//31 30//30 32//32
f 31//31 32//32 33//33
f 34//34 35//35 29//29
f 29//29 35//35 36//36
f 29//29 36//36 27//27
f 21//21 37//37 22//22
f 22//22 37//37 11//11
f 22//22 11//11 38//38
f 39//39 40//40 23//23
f 23//23 40//40 41//41
f 23//23 41//41 24//24
f 42//42 43//43 44//44
f 26//26 45//45 16//16
f 16//16 45//45 46//46
f 16//16 46//46 17//17
f 33//33 47//47 31//31
f 31//31 47//47 48//48
f 31//31 48//48 39//39
f 39//39 48//48 49//49
f 39//39 49//49 40//40
f 44//44 50//50 42//42
f 42//42 50//50 51//51
f 42//42 51//51 34//34
f 34//34 51//51 52//52
f 34//34 52//52 35//35
f 43//43 53//53 54//54
f 54//54 53//53 55//55
f 54//54 55//55 56//56
f 56//56 55//55 57//57
f 56//56 57//57 58//58
f 11//11 8//8 38//38
f 38//38 8//8 4//4
f 38//38 4//4 59//59
f 59//59 4//4 2//2
f 59//59 2//2 60//60
f 60//60 2//2 14//14
f 60//60 14//14 42//42
f 42//42 14//14 61//61
f 42//42 61//61 43//43
f 43//43 61//61 62//62
f 43//43 62//62 53//53
f 63//63 64//64 65//65
f 63//63 65//65 66//66
f 67//67 66//66 65//65
f 68//68 67//67 65//65
f 69//69 68//68 65//65
f 70//70 69//69 65//65
f 71//71 70//70 65//65
f 72//72 71//71 65//65
f 73//73 72//72 65//65
f 74//74 73//73 65//65
f 75//75 74//74 65//65
f 76//76 75//75 65//65
f 77//77 76//76 65//65
f 78//78 77//77 65//65
f 79//79 78//78 65//65
f 80//80 79//79 65//65
f 81//81 80//80 65//65
f 82//82 81//81 65//65
f 83//83 82//82 65//65
f 84//84 83//83 65//65
f 85//85 84//84 65//65
f 86//86 85//85 65//65
f 87//87 86//86 65//65
f 88//88 87//87 65//65
f 89//89 88//88 65//65
f 90//90 89//89 65//65
f 91//91 90//90 65//65
f 92//92 91//91 65//65
f 93//93 92//92 65//65
f 94//94 93//93 65//65
f 95//95 94//94 65//65
f 96//96 95//95 65//65
f 97//97 96//96 65//65
f 98//98 97//97 65//65
f 99//99 98//98 65//65
f 100//100 99//99 65//65
f 101//101 100//100 65//65
f 64//64 101//101 65//65
f 47//47 102//102 48//48
f 56//56 103//103 104//104
f 105//105 106//106 107//107
f 45//45 108//108 46//46
f 46//46 108//108 109//109
f 46//46 109//109 17//17
f 110//110 111//111 108//108
f 108//108 111//111 112//112
f 108//108 112//112 109//109
f 113//113 114//114 115//115
f 116//116 117//117 118//118
f 118//118 117//117 119//119
f 118//118 119//119 120//120
f 106//106 105//105 121//121
f 122//122 123//123 121//121
f 124//124 125//125 126//126
f 127//127 128//128 129//129
f 129//129 128//128 130//130
f 129//129 130//130 131//131
f 132//132 133//133 134//134
f 135//135 136//136 137//137
f 137//137 136//136 138//138
f 137//137 138//138 139//139
f 139//139 138//138 140//140
f 139//139 140//140 141//141
f 140//140 142//142 141//141
f 141//141 142//142 143//143
f 141//141 143//143 144//144
f 143//143 145//145 144//144
f 144//144 145//145 146//146
f 144//144 146//146 147//147
f 147//147 146//146 148//148
f 147//147 148//148 149//149
f 150//150 151//151 152//152
f 152//152 151//151 153//153
f 152//152 153//153 154//154
f 155//155 156//156 157//157
f 157//157 156//156 158//158
f 157//157 158//158 159//159
f 160//160 161//161 155//155
f 162//162 163//163 161//161
f 164//164 50//50 44//44
f 165//165 166//166 51//51
f 167//167 168//168 52//52
f 169//169 170//170 35//35
f 171//171 172//172 36//36
f 36//36 172//172 173//173
f 36//36 173//173 27//27
f 27//27 173//173 174//174
f 27//27 174//174 28//28
f 174//174 175//175 28//28
f 28//28 175//175 176//176
f 28//28 176//176 30//30
f 176//176 177//177 30//30
f 30//30 177//177 178//178
f 30//30 178//178 32//32
f 32//32 178//178 179//179
f 32//32 179//179 33//33
f 49//49 180//180 40//40
f 40//40 180//180 181//181
f 40//40 181//181 41//41
f 45//45 26//26 182//182
f 182//182 26//26 25//25
f 182//182 25//25 24//24
f 104//104 103//103 183//183
f 184//184 163//163 185//185
f 185//185 163//163 162//162
f 185//185 162//162 186//186
f 186//186 162//162 187//187
f 186//186 187//187 188//188
f 188//188 187//187 189//189
f 188//188 189//189 190//190
f 190//190 189//189 183//183
f 190//190 183//183 191//191
f 191//191 183//183 103//103
f 161//161 160//160 162//162
f 162//162 160//160 192//192
f 162//162 192//192 187//187
f 187//187 192//192 193//193
f 187//187 193//193 189//189
f 189//189 193//193 194//194
f 189//189 194//194 183//183
f 183//183 194//194 195//195
f 183//183 195//195 104//104
f 104//104 195//195 54//54
f 104//104 54//54 56//56
f 155//155 196//196 160//160
f 160//160 196//196 197//197
f 160//160 197//197 192//192
f 192//192 197//197 198//198
f 192//192 198//198 193//193
f 193//193 198//198 199//199
f 193//193 199//199 194//194
f 194//194 199//199 200//200
f 194//194 200//200 195//195
f 195//195 200//200 43//43
f 195//195 43//43 54//54
f 45//45 182//182 108//108
f 108//108 182//182 114//114
f 108//108 114//114 110//110
f 110//110 114//114 113//113
f 110//110 113//113 111//111
f 155//155 157//157 196//196
f 196//196 157//157 201//201
f 196//196 201//201 197//197
f 197//197 201//201 202//202
f 197//197 202//202 198//198
f 198//198 202//202 203//203
f 198//198 203//203 199//199
f 199//199 203//203 164//164
f 199//199 164//164 200//200
f 200//200 164//164 44//44
f 200//200 44//44 43//43
f 105//105 120//120 121//121
f 121//121 120//120 119//119
f 121//121 119//119 122//122
f 122//122 119//119 117//117
f 122//122 117//117 204//204
f 204//204 117//117 116//116
f 204//204 116//116 115//115
f 115//115 116//116 205//205
f 115//115 205//205 113//113
f 154//154 206//206 207//207
f 207//207 206//206 208//208
f 207//207 208//208 159//159
f 159//159 208//208 209//209
f 159//159 209//209 157//157
f 157//157 209//209 210//210
f 157//157 210//210 201//201
f 201//201 210//210 211//211
f 201//201 211//211 202//202
f 202//202 211//211 212//212
f 202//202 212//212 203//203
f 203//203 212//212 165//165
f 203//203 165//165 164//164
f 164//164 165//165 51//51
f 164//164 51//51 50//50
f 41//41 213//213 24//24
f 24//24 213//213 214//214
f 24//24 214//214 182//182
f 182//182 214//214 215//215
f 182//182 215//215 114//114
f 114//114 215//215 216//216
f 114//114 216//216 115//115
f 115//115 216//216 217//217
f 115//115 217//217 204//204
f 204//204 217//217 124//124
f 204//204 124//124 122//122
f 122//122 124//124 126//126
f 122//122 126//126 123//123
f 206//206 218//218 208//208
f 208//208 218//218 219//219
f 208//208 219//219 209//209
f 209//209 219//219 220//220
f 209//209 220//220 210//210
f 210//210 220//220 221//221
f 210//210 221//221 211//211
f 211//211 221//221 222//222
f 211//211 222//222 212//212
f 212//212 222//222 223//223
f 212//212 223//223 165//165
f 165//165 223//223 167//167
f 165//165 167//167 166//166
f 166//166 167//167 52//52
f 166//166 52//52 51//51
f 41//41 181//181 213//213
f 213//213 181//181 224//224
f 213//213 224//224 214//214
f 214//214 224//224 225//225
f 214//214 225//225 215//215
f 215//215 225//225 226//226
f 215//215 226//226 216//216
f 216//216 226//226 227//227
f 216//216 227//227 217//217
f 217//217 227//227 228//228
f 217//217 228//228 124//124
f 124//124 228//228 128//128
f 124//124 128//128 125//125
f 125//125 128//128 127//127
f 125//125 127//127 126//126
f 154//154 153//153 206//206
f 206//206 153//153 229//229
f 206//206 229//229 218//218
f 218//218 229//229 230//230
f 218//218 230//230 219//219
f 219//219 230//230 231//231
f 219//219 231//231 220//220
f 220//220 231//231 232//232
f 220//220 232//232 221//221
f 221//221 232//232 233//233
f 221//221 233//233 222//222
f 222//222 233//233 234//234
f 222//222 234//234 223//223
f 223//223 234//234 235//235
f 223//223 235//235 167//167
f 167//167 235//235 169//169
f 167//167 169//169 168//168
f 168//168 169//169 35//35
f 168//168 35//35 52//52
f 48//48 102//102 49//49
f 49//49 102//102 236//236
f 49//49 236//236 180//180
f 180//180 236//236 237//237
f 180//180 237//237 181//181
f 181//181 237//237 238//238
f 181//181 238//238 224//224
f 224//224 238//238 239//239
f 224//224 239//239 225//225
f 225//225 239//239 240//240
f 225//225 240//240 226//226
f 226//226 240//240 241//241
f 226//226 241//241 227//227
f 227//227 241//241 242//242
f 227//227 242//242 228//228
f 228//228 242//242 243//243
f 228//228 243//243 128//128
f 128//128 243//243 132//132
f 128//128 132//132 130//130
f 130//130 132//132 134//134
f 130//130 134//134 131//131
f 149//149 148//148 150//150
f 150//150 148//148 244//244
f 150//150 244//244 151//151
f 151//151 244//244 245//245
f 151//151 245//245 153//153
f 153//153 245//245 246//246
f 153//153 246//246 229//229
f 229//229 246//246 247//247
f 229//229 247//247 230//230
f 230//230 247//247 248//248
f 230//230 248//248 231//231
f 231//231 248//248 249//249
f 231//231 249//249 232//232
f 232//232 249//249 250//250
f 232//232 250//250 233//233
f 233//233 250//250 251//251
f 233//233 251//251 234//234
f 234//234 251//251 252//252
f 234//234 252//252 235//235
f 235//235 252//252 253//253
f 235//235 253//253 169//169
f 169//169 253//253 171//171
f 169//169 171//171 170//170
f 170//170 171//171 36//36
f 170//170 36//36 35//35
f 33//33 179//179 47//47
f 47//47 179//179 254//254
f 47//47 254//254 102//102
f 102//102 254//254 255//255
f 102//102 255//255 236//236
f 236//236 255//255 256//256
f 236//236 256//256 237//237
f 237//237 256//256 257//257
f 237//237 257//257 238//238
f 238//238 257//257 258//258
f 238//238 258//258 239//239
f 239//239 258//258 259//259
f 239//239 259//259 240//240
f 240//240 259//259 260//260
f 240//240 260//260 241//241
f 241//241 260//260 261//261
f 241//241 261//261 242//242
f 242//242 261//261 262//262
f 242//242 262//262 243//243
f 243//243 262//262 263//263
f 243//243 263//263 132//132
f 132//132 263//263 135//135
f 132//132 135//135 133//133
f 133//133 135//135 137//137
f 133//133 137//137 134//134
f 259//259 64//64 260//260
f 260//260 64//64 63//63
f 260//260 63//63 261//261
f 261//261 63//63 66//66
f 261//261 66//66 262//262
f 262//262 66//66 67//67
f 262//262 67//67 263//263
f 263//263 67//67 68//68
f 263//263 68//68 135//135
f 135//135 68//68 69//69
f 135//135 69//69 136//136
f 136//136 69//69 70//70
f 136//136 70//70 138//138
f 138//138 70//70 71//71
f 138//138 71//71 140//140
f 140//140 71//71 72//72
f 140//140 72//72 142//142
f 142//142 72//72 73//73
f 142//142 73//73 143//143
f 143//143 73//73 74//74
f 143//143 74//74 145//145
f 145//145 74//74 75//75
f 145//145 75//75 146//146
f 146//146 75//75 76//76
f 146//146 76//76 148//148
f 148//148 76//76 77//77
f 148//148 77//77 244//244
f 244//244 77//77 78//78
f 244//244 78//78 245//245
f 245//245 78//78 79//79
f 245//245 79//79 246//246
f 246//246 79//79 80//80
f 246//246 80//80 247//247
f 247//247 80//80 81//81
f 247//247 81//81 248//248
f 248//248 81//81 82//82
f 248//248 82//82 249//249
f 249//249 82//82 83//83
f 249//249 83//83 250//250
f 250//250 83//83 84//84
f 250//250 84//84 251//251
f 251//251 84//84 85//85
f 251//251 85//85 252//252
f 252//252 85//85 86//86
f 252//252 86//86 253//253
f 253//253 86//86 87//87
f 253//253 87//87 171//171
f 171//171 87//87 88//88
f 171//171 88//88 172//172
f 172//172 88//88 89//89
f 172//172 89//89 173//173
f 173//173 89//89 90//90
f 173//173 90//90 174//174
f 174//174 90//90 91//91
f 174//174 91//91 175//175
f 175//175 91//91 92//92
f 175//175 92//92 176//176
f 176//176 92//92 93//93
f 176//176 93//93 177//177
f 177//177 93//93 94//94
f 177//177 94//94 178//178
f 178//178 94//94 95//95
f 178//178 95//95 179//179
f 179//179 95//95 96//96
f 179//179 96//96 254//254
f 254//254 96//96 97//97
f 254//254 97//97 255//255
f 255//255 97//97 98//98
f 255//255 98//98 256//256
f 256//256 98//98 99//99
f 256//256 99//99 257//257
f 257//257 99//99 100//100
f 257//257 100//100 258//258
f 258//258 100//100 101//101
f 258//258 101//101 259//259
f 259//259 101//101 64//64
f 264//264 265//265 266//266
f 152//152 154//154 267//267
f 144//144 268//268 141//141
f 141//141 268//268 269//269
f 141//141 269//269 139//139
f 107//107 270//270 271//271
f 271//271 270//270 272//272
f 271//271 272//272 273//273
f 266//266 274//274 264//264
f 264//264 274//274 275//275
f 264//264 275//275 276//276
f 276//276 275//275 277//277
f 276//276 277//277 272//272
f 272//272 277//277 278//278
f 272//272 278//278 273//273
f 144//144 147//147 268//268
f 268//268 147//147 149//149
f 268//268 149//149 267//267
f 267//267 149//149 150//150
f 267//267 150//150 152//152
f 159//159 279//279 207//207
f 207//207 279//279 267//267
f 207//207 267//267 154//154
f 129//129 131//131 280//280
f 280//280 131//131 134//134
f 280//280 134//134 269//269
f 269//269 134//134 137//137
f 269//269 137//137 139//139
f 281//281 282//282 265//265
f 265//265 282//282 283//283
f 265//265 283//283 266//266
f 284//284 285//285 184//184
f 184//184 285//285 286//286
f 184//184 286//286 163//163
f 163//163 286//286 161//161
f 161//161 286//286 287//287
f 161//161 287//287 288//288
f 159//159 158//158 279//279
f 279//279 158//158 156//156
f 279//279 156//156 155//155
f 289//289 126//126 280//280
f 280//280 126//126 127//127
f 280//280 127//127 129//129
f 107//107 106//106 270//270
f 270//270 106//106 121//121
f 270//270 121//121 289//289
f 289//289 121//121 123//123
f 289//289 123//123 126//126
f 155//155 161//161 279//279
f 279//279 161//161 288//288
f 279//279 288//288 281//281
f 281//281 288//288 290//290
f 281//281 290//290 282//282
f 282//282 291//291 283//283
f 283//283 291//291 292//292
f 292//292 293//293 283//283
f 283//283 293//293 294//294
f 283//283 294//294 295//295
f 296//296 275//275 297//297
f 297//297 275//275 274//274
f 297//297 274//274 298//298
f 299//299 300//300 266//266
f 266//266 300//300 301//301
f 266//266 301//301 274//274
f 274//274 301//301 302//302
f 274//274 302//302 298//298
f 299//299 266//266 303//303
f 303//303 266//266 283//283
f 303//303 283//283 295//295
f 304//304 305//305 271//271
f 271//271 305//305 306//306
f 306//306 307//307 19//19
f 306//306 19//19 271//271
f 271//271 19//19 105//105
f 271//271 105//105 107//107
f 19//19 17//17 105//105
f 105//105 17//17 109//109
f 105//105 109//109 112//112
f 111//111 118//118 112//112
f 112//112 118//118 120//120
f 112//112 120//120 105//105
f 111//111 113//113 118//118
f 118//118 113//113 205//205
f 118//118 205//205 116//116
f 306//306 305//305 308//308
f 309//309 310//310 308//308
f 308//308 310//310 311//311
f 308//308 311//311 306//306
f 312//312 313//313 314//314
f 314//314 313//313 315//315
f 314//314 315//315 316//316
f 316//316 315//315 317//317
f 316//316 317//317 318//318
f 318//318 317//317 319//319
f 318//318 319//319 320//320
f 320//320 319//319 321//321
f 320//320 321//321 322//322
f 322//322 321//321 323//323
f 322//322 323//323 324//324
f 324//324 323//323 325//325
f 324//324 325//325 326//326
f 326//326 325//325 327//327
f 326//326 327//327 328//328
f 328//328 327//327 329//329
f 328//328 329//329 330//330
f 330//330 329//329 331//331
f 330//330 331//331 332//332
f 332//332 331//331 333//333
f 332//332 333//333 334//334
f 334//334 333//333 335//335
f 334//334 335//335 312//312
f 312//312 335//335 313//313
f 336//336 337//337 338//338
f 338//338 337//337 339//339
f 338//338 339//339 340//340
f 341//341 342//342 338//338
f 338//338 342//342 343//343
f 338//338 343//343 336//336
f 344//344 345//345 338//338
f 338//338 345//345 346//346
f 338//338 346//346 341//341
f 340//340 347//347 338//338
f 338//338 347//347 348//348
f 338//338 348//348 344//344
f 349//349 350//350 351//351
f 351//351 350//350 352//352
f 351//351 352//352 353//353
f 353//353 352//352 354//354
f 353//353 354//354 355//355
f 355//355 354//354 356//356
f 355//355 356//356 357//357
f 357//357 356//356 358//358
f 357//357 358//358 359//359
f 359//359 358//358 360//360
f 359//359 360//360 361//361
f 360//360 362//362 361//361
f 361//361 362//362 363//363
f 361//361 363//363 364//364
f 364//364 363//363 365//365
f 364//364 365//365 366//366
f 366//366 365//365 367//367
f 366//366 367//367 368//368
f 368//368 367//367 369//369
f 368//368 369//369 370//370
f 370//370 369//369 371//371
f 370//370 371//371 372//372
f 372//372 371//371 373//373
f 372//372 373//373 349//349
f 349//349 373//373 374//374
f 349//349 374//374 350//350
f 375//375 376//376 377//377
f 377//377 376//376 378//378
f 379//379 380//380 381//381
f 382//382 383//383 384//384
f 384//384 383//383 379//379
f 384//384 379//379 385//385
f 385//385 379//379 381//381
f 386//386 387//387 388//388
f 388//388 387//387 389//389
f 388//388 389//389 379//379
f 379//379 389//389 390//390
f 379//379 390//390 380//380
f 391//391 392//392 388//388
f 388//388 392//392 393//393
f 388//388 393//393 386//386
f 394//394 395//395 396//396
f 382//382 397//397 383//383
f 383//383 397//397 398//398
f 383//383 398//398 377//377
f 377//377 398//398 399//399
f 377//377 399//399 375//375
f 391//391 388//388 400//400
f 400//400 388//388 401//401
f 400//400 401//401 402//402
f 378//378 403//403 377//377
f 377//377 403//403 404//404
f 377//377 404//404 394//394
f 394//394 404//404 405//405
f 394//394 405//405 395//395
f 396//396 406//406 394//394
f 394//394 406//406 407//407
f 394//394 407//407 401//401
f 401//401 407//407 408//408
f 401//401 408//408 402//402
f 401//401 409//409 394//394
f 394//394 409//409 410//410
f 388//388 411//411 401//401
f 401//401 411//411 409//409
f 379//379 412//412 388//388
f 388//388 412//412 411//411
f 383//383 413//413 379//379
f 379//379 413//413 412//412
f 377//377 414//414 383//383
f 383//383 414//414 413//413
f 394//394 410//410 377//377
f 377//377 410//410 414//414
f 409//409 415//415 410//410
f 411//411 415//415 409//409
f 412//412 415//415 411//411
f 413//413 415//415 412//412
f 414//414 415//415 413//413
f 410//410 415//415 414//414
f 416//416 417//417 418//418
f 418//418 417//417 419//419
f 419//419 417//417 420//420
f 419//419 420//420 421//421
f 421//421 420//420 422//422
f 421//421 422//422 423//423
f 416//416 418//418 424//424
f 424//424 418//418 425//425
f 424//424 425//425 426//426
f 427//427 428//428 429//429
f 430//430 431//431 432//432
f 432//432 431//431 433//433
f 434//434 435//435 436//436
f 437//437 438//438 429//429
f 429//429 438//438 439//439
f 429//429 439//439 427//427
f 430//430 440//440 431//431
f 431//431 440//440 441//441
f 431//431 441//441 435//435
f 421//421 423//423 442//442
f 442//442 423//423 436//436
f 442//442 436//436 443//443
f 443//443 436//436 435//435
f 443//443 435//435 444//444
f 444//444 435//435 441//441
f 436//436 445//445 434//434
f 434//434 445//445 446//446
f 434//434 446//446 429//429
f 429//429 446//446 447//447
f 429//429 447//447 437//437
f 448//448 449//449 450//450
f 451//451 452//452 453//453
f 433//433 431//431 454//454
f 454//454 431//431 455//455
f 452//452 456//456 453//453
f 453//453 456//456 457//457
f 453//453 457//457 455//455
f 455//455 457//457 458//458
f 455//455 458//458 454//454
f 451//451 453//453 459//459
f 459//459 453//453 460//460
f 459//459 460//460 461//461
f 462//462 463//463 460//460
f 460//460 463//463 464//464
f 460//460 464//464 461//461
f 465//465 466//466 467//467
f 467//467 466//466 468//468
f 465//465 469//469 466//466
f 466//466 469//469 470//470
f 466//466 470//470 460//460
f 460//460 470//470 471//471
f 460//460 471//471 462//462
f 472//472 473//473 468//468
f 468//468 473//473 474//474
f 468//468 474//474 467//467
f 450//450 449//449 475//475
f 475//475 449//449 476//476
f 475//475 476//476 477//477
f 477//477 478//478 475//475
f 475//475 478//478 479//479
f 475//475 479//479 468//468
f 468//468 479//479 480//480
f 468//468 480//480 472//472
f 481//481 482//482 483//483
f 483//483 482//482 484//484
f 483//483 484//484 450//450
f 450//450 484//484 485//485
f 450//450 485//485 448//448
f 483//483 486//486 481//481
f 481//481 486//486 487//487
f 481//481 487//487 488//488
f 488//488 487//487 489//489
f 488//488 489//489 490//490
f 491//491 492//492 493//493
f 494//494 495//495 496//496
f 495//495 494//494 497//497
f 497//497 494//494 498//498
f 497//497 498//498 499//499
f 499//499 498//498 500//500
f 499//499 500//500 501//501
f 501//501 500//500 502//502
f 501//501 502//502 503//503
f 496//496 504//504 494//494
f 494//494 504//504 505//505
f 494//494 505//505 506//506
f 505//505 507//507 506//506
f 506//506 507//507 508//508
f 506//506 508//508 493//493
f 493//493 508//508 509//509
f 493//493 509//509 491//491
f 492//492 510//510 493//493
f 493//493 510//510 511//511
f 493//493 511//511 512//512
f 490//490 489//489 513//513
f 513//513 489//489 512//512
f 513//513 512//512 514//514
f 514//514 512//512 511//511
f 515//515 516//516 517//517
f 517//517 516//516 518//518
f 517//517 518//518 502//502
f 502//502 518//518 519//519
f 502//502 519//519 503//503
f 515//515 517//517 520//520
f 520//520 517//517 521//521
f 520//520 521//521 522//522
f 522//522 521//521 523//523
f 523//523 521//521 524//524
f 523//523 524//524 525//525
f 525//525 524//524 526//526
f 526//526 524//524 527//527
f 526//526 527//527 528//528
f 497//497 499//499 529//529
f 530//530 531//531 532//532
f 532//532 531//531 529//529
f 529//529 531//531 533//533
f 529//529 533//533 497//497
f 532//532 534//534 530//530
f 530//530 534//534 535//535
f 530//530 535//535 536//536
f 537//537 538//538 539//539
f 539//539 538//538 540//540
f 539//539 540//540 536//536
f 536//536 540//540 541//541
f 536//536 541//541 530//530
f 537//537 542//542 538//538
f 538//538 542//542 543//543
f 538//538 543//543 544//544
f 544//544 543//543 545//545
f 546//546 547//547 548//548
f 548//548 547//547 549//549
f 548//548 549//549 527//527
f 527//527 549//549 550//550
f 527//527 550//550 528//528
f 551//551 552//552 553//553
f 553//553 552//552 554//554
f 553//553 554//554 546//546
f 546//546 554//554 555//555
f 546//546 555//555 547//547
f 556//556 557//557 558//558
f 558//558 557//557 559//559
f 558//558 559//559 553//553
f 553//553 559//559 560//560
f 553//553 560//560 551//551
f 561//561 562//562 563//563
f 563//563 564//564 561//561
f 561//561 564//564 565//565
f 561//561 565//565 558//558
f 558//558 565//565 566//566
f 558//558 566//566 556//556
f 562//562 561//561 567//567
f 567//567 561//561 568//568
f 567//567 568//568 569//569
f 570//570 571//571 572//572
f 572//572 573//573 570//570
f 570//570 573//573 574//574
f 570//570 574//574 568//568
f 568//568 574//574 575//575
f 568//568 575//575 569//569
f 576//576 577//577 570//570
f 570//570 577//577 578//578
f 570//570 578//578 571//571
f 576//576 570//570 579//579
f 579//579 570//570 580//580
f 579//579 580//580 581//581
f 581//581 580//580 582//582
f 581//581 582//582 583//583
f 429//429 428//428 582//582
f 582//582 428//428 584//584
f 582//582 584//584 583//583
f 585//585 586//586 587//587
f 587//587 586//586 588//588
f 587//587 588//588 589//589
f 589//589 588//588 590//590
f 589//589 590//590 591//591
f 591//591 590//590 592//592
f 591//591 592//592 593//593
f 593//593 592//592 594//594
f 593//593 594//594 595//595
f 595//595 594//594 596//596
f 595//595 596//596 597//597
f 596//596 598//598 597//597
f 597//597 598//598 599//599
f 597//597 599//599 600//600
f 600//600 599//599 601//601
f 600//600 601//601 602//602
f 602//602 601//601 603//603
f 602//602 603//603 604//604
f 604//604 603//603 605//605
f 604//604 605//605 606//606
f 606//606 605//605 607//607
f 606//606 607//607 608//608
f 608//608 607//607 609//609
f 608//608 609//609 585//585
f 585//585 609//609 610//610
f 585//585 610//610 586//586
f 435//435 434//434 611//611
f 611//611 434//434 500//500
f 611//611 500//500 612//612
f 612//612 500//500 498//498
f 435//435 611//611 613//613
f 613//613 611//611 614//614
f 613//613 614//614 615//615
f 613//613 616//616 435//435
f 435//435 616//616 617//617
f 435//435 617//617 431//431
f 431//431 617//617 618//618
f 431//431 618//618 455//455
f 455//455 618//618 619//619
f 455//455 619//619 453//453
f 453//453 619//619 620//620
f 453//453 620//620 460//460
f 460//460 620//620 621//621
f 460//460 621//621 466//466
f 466//466 621//621 468//468
f 468//468 621//621 622//622
f 468//468 622//622 475//475
f 475//475 622//622 450//450
f 450//450 622//622 623//623
f 450//450 623//623 483//483
f 483//483 623//623 624//624
f 483//483 624//624 486//486
f 614//614 625//625 615//615
f 615//615 625//625 626//626
f 615//615 626//626 627//627
f 627//627 626//626 628//628
f 627//627 628//628 624//624
f 624//624 628//628 629//629
f 624//624 629//629 486//486
f 630//630 631//631 558//558
f 558//558 631//631 561//561
f 561//561 631//631 632//632
f 561//561 632//632 568//568
f 568//568 632//632 570//570
f 570//570 632//632 633//633
f 570//570 633//633 580//580
f 580//580 633//633 582//582
f 582//582 633//633 634//634
f 582//582 634//634 429//429
f 429//429 634//634 635//635
f 429//429 635//635 434//434
f 636//636 524//524 637//637
f 637//637 524//524 521//521
f 635//635 638//638 434//434
f 434//434 638//638 639//639
f 434//434 639//639 500//500
f 500//500 639//639 640//640
f 500//500 640//640 502//502
f 502//502 640//640 637//637
f 502//502 637//637 517//517
f 517//517 637//637 521//521
f 558//558 553//553 630//630
f 630//630 553//553 546//546
f 630//630 546//546 641//641
f 641//641 546//546 548//548
f 641//641 548//548 636//636
f 636//636 548//548 527//527
f 636//636 527//527 524//524
f 489//489 487//487 629//629
f 629//629 487//487 486//486
f 612//612 498//498 494//494
f 612//612 494//494 611//611
f 489//489 629//629 512//512
f 512//512 629//629 628//628
f 512//512 628//628 493//493
f 493//493 628//628 626//626
f 493//493 626//626 506//506
f 506//506 626//626 625//625
f 506//506 625//625 494//494
f 494//494 625//625 614//614
f 494//494 614//614 611//611
f 591//591 613//613 589//589
f 589//589 613//613 615//615
f 589//589 615//615 587//587
f 587//587 615//615 627//627
f 587//587 627//627 585//585
f 585//585 627//627 624//624
f 585//585 624//624 608//608
f 608//608 624//624 623//623
f 608//608 623//623 606//606
f 606//606 623//623 622//622
f 606//606 622//622 604//604
f 604//604 622//622 621//621
f 604//604 621//621 602//602
f 602//602 621//621 620//620
f 602//602 620//620 600//600
f 600//600 620//620 619//619
f 600//600 619//619 597//597
f 597//597 619//619 618//618
f 597//597 618//618 595//595
f 595//595 618//618 617//617
f 595//595 617//617 593//593
f 593//593 617//617 616//616
f 593//593 616//616 591//591
f 591//591 616//616 613//613
f 642//642 643//643 630//630
f 644//644 632//632 645//645
f 645//645 632//632 631//631
f 645//645 631//631 646//646
f 646//646 631//631 647//647
f 630//630 643//643 631//631
f 631//631 643//643 648//648
f 631//631 648//648 647//647
f 642//642 630//630 649//649
f 649//649 630//630 641//641
f 649//649 641//641 650//650
f 650//650 641//641 651//651
f 651//651 641//641 636//636
f 651//651 636//636 652//652
f 653//653 654//654 637//637
f 637//637 654//654 655//655
f 637//637 655//655 636//636
f 636//636 655//655 656//656
f 636//636 656//656 652//652
f 653//653 637//637 657//657
f 657//657 637//637 640//640
f 657//657 640//640 658//658
f 659//659 660//660 639//639
f 639//639 660//660 661//661
f 639//639 661//661 640//640
f 640//640 661//661 662//662
f 640//640 662//662 658//658
f 663//663 664//664 638//638
f 638//638 664//664 665//665
f 638//638 665//665 639//639
f 639//639 665//665 666//666
f 639//639 666//666 659//659
f 667//667 668//668 635//635
f 635//635 668//668 669//669
f 635//635 669//669 638//638
f 638//638 669//669 670//670
f 638//638 670//670 663//663
f 667//667 635//635 671//671
f 671//671 635//635 634//634
f 671//671 634//634 672//672
f 673//673 674//674 633//633
f 633//633 674//674 675//675
f 633//633 675//675 634//634
f 634//634 675//675 676//676
f 634//634 676//676 672//672
f 644//644 677//677 632//632
f 632//632 677//677 678//678
f 632//632 678//678 633//633
f 633//633 678//678 679//679
f 633//633 679//679 673//673
f 680//680 605//605 681//681
f 681//681 605//605 603//603
f 681//681 603//603 682//682
f 682//682 603//603 683//683
f 684//684 685//685 601//601
f 601//601 685//685 686//686
f 601//601 686//686 603//603
f 603//603 686//686 687//687
f 603//603 687//687 683//683
f 599//599 688//688 689//689
f 599//599 689//689 601//601
f 601//601 689//689 690//690
f 601//601 690//690 684//684
f 691//691 692//692 598//598
f 598//598 692//692 693//693
f 598//598 693//693 599//599
f 599//599 693//693 694//694
f 599//599 694//694 688//688
f 691//691 598//598 695//695
f 695//695 598//598 596//596
f 695//695 596//596 696//696
f 697//697 698//698 594//594
f 594//594 698//698 699//699
f 594//594 699//699 596//596
f 596//596 699//699 700//700
f 596//596 700//700 696//696
f 701//701 702//702 592//592
f 592//592 702//702 703//703
f 592//592 703//703 594//594
f 594//594 703//703 704//704
f 594//594 704//704 697//697
f 588//588 705//705 590//590
f 590//590 705//705 706//706
f 706//706 707//707 590//590
f 590//590 707//707 708//708
f 590//590 708//708 592//592
f 592//592 708//708 709//709
f 592//592 709//709 701//701
f 710//710 711//711 586//586
f 586//586 711//711 712//712
f 586//586 712//712 588//588
f 588//588 712//712 713//713
f 588//588 713//713 705//705
f 710//710 586//586 714//714
f 714//714 586//586 610//610
f 714//714 610//610 715//715
f 609//609 716//716 717//717
f 609//609 717//717 610//610
f 610//610 717//717 718//718
f 610//610 718//718 715//715
f 716//716 609//609 719//719
f 719//719 609//609 607//607
f 719//719 607//607 720//720
f 680//680 721//721 605//605
f 605//605 721//721 722//722
f 605//605 722//722 607//607
f 607//607 722//722 723//723
f 607//607 723//723 720//720
f 724//724 725//725 699//699
f 726//726 454//454 725//725
f 725//725 454//454 458//458
f 725//725 458//458 457//457
f 727//727 421//421 728//728
f 728//728 421//421 442//442
f 728//728 442//442 729//729
f 729//729 442//442 443//443
f 729//729 443//443 730//730
f 730//730 443//443 444//444
f 730//730 444//444 731//731
f 731//731 444//444 441//441
f 731//731 441//441 732//732
f 732//732 441//441 440//440
f 732//732 440//440 733//733
f 733//733 440//440 430//430
f 733//733 430//430 734//734
f 734//734 430//430 432//432
f 734//734 432//432 726//726
f 726//726 432//432 433//433
f 726//726 433//433 454//454
f 735//735 417//417 736//736
f 736//736 417//417 416//416
f 736//736 416//416 737//737
f 737//737 416//416 424//424
f 737//737 424//424 738//738
f 738//738 424//424 426//426
f 738//738 426//426 739//739
f 739//739 426//426 425//425
f 739//739 425//425 740//740
f 740//740 425//425 418//418
f 740//740 418//418 727//727
f 727//727 418//418 419//419
f 727//727 419//419 421//421
f 445//445 436//436 741//741
f 741//741 436//436 423//423
f 741//741 423//423 742//742
f 742//742 423//423 422//422
f 742//742 422//422 735//735
f 735//735 422//422 420//420
f 735//735 420//420 417//417
f 743//743 447//447 446//446
f 445//445 741//741 446//446
f 446//446 741//741 744//744
f 446//446 744//744 743//743
f 745//745 438//438 437//437
f 447//447 743//743 437//437
f 437//437 743//743 746//746
f 437//437 746//746 745//745
f 438//438 745//745 439//439
f 439//439 745//745 747//747
f 439//439 747//747 748//748
f 749//749 428//428 748//748
f 748//748 428//428 427//427
f 748//748 427//427 439//439
f 750//750 576//576 579//579
f 579//579 581//581 750//750
f 750//750 581//581 583//583
f 750//750 583//583 749//749
f 749//749 583//583 584//584
f 749//749 584//584 428//428
f 670//670 669//669 750//750
f 750//750 669//669 668//668
f 750//750 668//668 576//576
f 576//576 668//668 667//667
f 576//576 667//667 671//671
f 671//671 672//672 576//576
f 576//576 672//672 676//676
f 576//576 676//676 577//577
f 577//577 676//676 675//675
f 577//577 675//675 578//578
f 659//659 666//666 751//751
f 751//751 666//666 665//665
f 751//751 665//665 752//752
f 752//752 665//665 664//664
f 752//752 664//664 750//750
f 750//750 664//664 663//663
f 750//750 663//663 670//670
f 644//644 575//575 574//574
f 644//644 574//574 677//677
f 575//575 644//644 569//569
f 569//569 644//644 645//645
f 569//569 645//645 567//567
f 567//567 645//645 562//562
f 562//562 645//645 646//646
f 562//562 646//646 563//563
f 563//563 646//646 647//647
f 563//563 647//647 648//648
f 648//648 643//643 563//563
f 563//563 643//643 642//642
f 563//563 642//642 649//649
f 753//753 650//650 754//754
f 754//754 650//650 651//651
f 754//754 651//651 652//652
f 652//652 656//656 754//754
f 754//754 656//656 655//655
f 754//754 655//655 654//654
f 654//654 653//653 754//754
f 754//754 653//653 657//657
f 754//754 657//657 658//658
f 658//658 662//662 754//754
f 754//754 662//662 661//661
f 754//754 661//661 751//751
f 751//751 661//661 660//660
f 751//751 660//660 659//659
f 578//578 675//675 571//571
f 571//571 675//675 674//674
f 571//571 674//674 673//673
f 673//673 679//679 571//571
f 571//571 679//679 678//678
f 571//571 678//678 572//572
f 572//572 678//678 677//677
f 572//572 677//677 573//573
f 573//573 677//677 574//574
f 649//649 650//650 563//563
f 563//563 650//650 753//753
f 563//563 753//753 564//564
f 564//564 753//753 755//755
f 556//556 566//566 755//755
f 755//755 566//566 565//565
f 755//755 565//565 564//564
f 516//516 756//756 518//518
f 518//518 756//756 757//757
f 518//518 757//757 519//519
f 519//519 757//757 758//758
f 519//519 758//758 503//503
f 516//516 515//515 756//756
f 756//756 515//515 520//520
f 756//756 520//520 522//522
f 522//522 523//523 756//756
f 756//756 523//523 559//559
f 756//756 559//559 755//755
f 755//755 559//559 557//557
f 755//755 557//557 556//556
f 560//560 559//559 759//759
f 759//759 555//555 554//554
f 554//554 552//552 759//759
f 759//759 552//552 551//551
f 759//759 551//551 560//560
f 523//523 525//525 559//559
f 559//559 525//525 526//526
f 559//559 526//526 759//759
f 759//759 526//526 528//528
f 759//759 528//528 550//550
f 550//550 549//549 759//759
f 759//759 549//549 547//547
f 759//759 547//547 555//555
f 760//760 532//532 761//761
f 761//761 532//532 529//529
f 761//761 529//529 762//762
f 762//762 529//529 499//499
f 762//762 499//499 758//758
f 758//758 499//499 501//501
f 758//758 501//501 503//503
f 763//763 542//542 764//764
f 764//764 542//542 537//537
f 537//537 539//539 764//764
f 764//764 539//539 536//536
f 764//764 536//536 765//765
f 765//765 536//536 535//535
f 765//765 535//535 760//760
f 760//760 535//535 534//534
f 760//760 534//534 532//532
f 766//766 544//544 767//767
f 767//767 544//544 545//545
f 767//767 545//545 763//763
f 763//763 545//545 543//543
f 763//763 543//543 542//542
f 768//768 541//541 769//769
f 769//769 541//541 540//540
f 769//769 540//540 766//766
f 766//766 540//540 538//538
f 766//766 538//538 544//544
f 495//495 497//497 770//770
f 770//770 497//497 533//533
f 770//770 533//533 771//771
f 771//771 533//533 531//531
f 771//771 531//531 768//768
f 768//768 531//531 530//530
f 768//768 530//530 541//541
f 772//772 508//508 507//507
f 507//507 505//505 772//772
f 772//772 505//505 504//504
f 772//772 504//504 496//496
f 495//495 770//770 496//496
f 496//496 770//770 773//773
f 496//496 773//773 772//772
f 484//484 482//482 774//774
f 774//774 482//482 481//481
f 774//774 481//481 488//488
f 774//774 479//479 478//478
f 478//478 477//477 774//774
f 774//774 477//477 476//476
f 774//774 476//476 449//449
f 449//449 448//448 774//774
f 774//774 448//448 485//485
f 774//774 485//485 484//484
f 480//480 479//479 513//513
f 513//513 479//479 774//774
f 513//513 774//774 490//490
f 490//490 774//774 488//488
f 510//510 775//775 511//511
f 511//511 775//775 480//480
f 511//511 480//480 514//514
f 514//514 480//480 513//513
f 510//510 492//492 775//775
f 775//775 492//492 491//491
f 775//775 491//491 509//509
f 508//508 772//772 509//509
f 509//509 772//772 776//776
f 509//509 776//776 775//775
f 777//777 709//709 778//778
f 778//778 709//709 708//708
f 778//778 708//708 775//775
f 775//775 708//708 707//707
f 775//775 707//707 706//706
f 706//706 705//705 775//775
f 775//775 705//705 713//713
f 775//775 713//713 712//712
f 712//712 711//711 775//775
f 775//775 711//711 710//710
f 775//775 710//710 480//480
f 480//480 710//710 714//714
f 480//480 714//714 715//715
f 715//715 718//718 480//480
f 480//480 718//718 717//717
f 480//480 717//717 716//716
f 716//716 719//719 480//480
f 480//480 719//719 720//720
f 480//480 720//720 472//472
f 472//472 720//720 723//723
f 722//722 474//474 723//723
f 723//723 474//474 473//473
f 723//723 473//473 472//472
f 680//680 469//469 721//721
f 721//721 469//469 465//465
f 721//721 465//465 722//722
f 722//722 465//465 467//467
f 722//722 467//467 474//474
f 681//681 471//471 680//680
f 680//680 471//471 470//470
f 680//680 470//470 469//469
f 682//682 463//463 681//681
f 681//681 463//463 462//462
f 681//681 462//462 471//471
f 691//691 695//695 725//725
f 682//682 683//683 463//463
f 463//463 683//683 687//687
f 463//463 687//687 464//464
f 464//464 687//687 461//461
f 461//461 687//687 459//459
f 459//459 687//687 686//686
f 459//459 686//686 451//451
f 684//684 457//457 685//685
f 685//685 457//457 456//456
f 685//685 456//456 686//686
f 686//686 456//456 452//452
f 686//686 452//452 451//451
f 684//684 690//690 457//457
f 457//457 690//690 689//689
f 457//457 689//689 688//688
f 688//688 694//694 457//457
f 457//457 694//694 693//693
f 457//457 693//693 725//725
f 725//725 693//693 692//692
f 725//725 692//692 691//691
f 695//695 696//696 725//725
f 725//725 696//696 700//700
f 725//725 700//700 699//699
f 724//724 699//699 779//779
f 779//779 699//699 698//698
f 779//779 698//698 697//697
f 697//697 704//704 779//779
f 779//779 704//704 703//703
f 779//779 703//703 780//780
f 780//780 703//703 702//702
f 780//780 702//702 777//777
f 777//777 702//702 701//701
f 777//777 701//701 709//709
f 781//781 738//738 739//739
f 738//738 781//781 737//737
f 737//737 781//781 782//782
f 737//737 782//782 736//736
f 736//736 782//782 783//783
f 736//736 783//783 735//735
f 735//735 783//783 784//784
f 735//735 784//784 742//742
f 742//742 784//784 785//785
f 742//742 785//785 741//741
f 741//741 785//785 786//786
f 741//741 786//786 744//744
f 744//744 786//786 787//787
f 744//744 787//787 743//743
f 743//743 787//787 788//788
f 743//743 788//788 746//746
f 746//746 788//788 789//789
f 746//746 789//789 745//745
f 745//745 789//789 790//790
f 745//745 790//790 747//747
f 747//747 790//790 791//791
f 747//747 791//791 748//748
f 748//748 791//791 792//792
f 748//748 792//792 749//749
f 749//749 792//792 793//793
f 749//749 793//793 750//750
f 750//750 793//793 794//794
f 750//750 794//794 752//752
f 752//752 794//794 795//795
f 752//752 795//795 751//751
f 751//751 795//795 796//796
f 751//751 796//796 754//754
f 796//796 797//797 754//754
f 754//754 797//797 798//798
f 754//754 798//798 753//753
f 753//753 798//798 799//799
f 753//753 799//799 755//755
f 755//755 799//799 800//800
f 755//755 800//800 756//756
f 756//756 800//800 801//801
f 756//756 801//801 757//757
f 757//757 801//801 802//802
f 757//757 802//802 758//758
f 758//758 802//802 803//803
f 758//758 803//803 762//762
f 762//762 803//803 804//804
f 762//762 804//804 761//761
f 761//761 804//804 805//805
f 761//761 805//805 760//760
f 760//760 805//805 806//806
f 760//760 806//806 765//765
f 765//765 806//806 807//807
f 765//765 807//807 764//764
f 764//764 807//807 808//808
f 764//764 808//808 763//763
f 763//763 808//808 809//809
f 763//763 809//809 767//767
f 767//767 809//809 810//810
f 767//767 810//810 766//766
f 766//766 810//810 811//811
f 766//766 811//811 769//769
f 769//769 811//811 812//812
f 769//769 812//812 768//768
f 768//768 812//812 813//813
f 768//768 813//813 771//771
f 771//771 813//813 814//814
f 771//771 814//814 770//770
f 770//770 814//814 815//815
f 770//770 815//815 773//773
f 773//773 815//815 816//816
f 773//773 816//816 772//772
f 772//772 816//816 817//817
f 772//772 817//817 776//776
f 776//776 817//817 818//818
f 776//776 818//818 775//775
f 775//775 818//818 819//819
f 775//775 819//819 778//778
f 778//778 819//819 820//820
f 778//778 820//820 777//777
f 777//777 820//820 821//821
f 777//777 821//821 780//780
f 780//780 821//821 822//822
f 780//780 822//822 779//779
f 779//779 822//822 823//823
f 779//779 823//823 724//724
f 724//724 823//823 824//824
f 724//724 824//824 725//725
f 725//725 824//824 825//825
f 725//725 825//825 726//726
f 726//726 825//825 826//826
f 726//726 826//826 734//734
f 734//734 826//826 827//827
f 734//734 827//827 733//733
f 733//733 827//827 828//828
f 733//733 828//828 732//732
f 732//732 828//828 829//829
f 732//732 829//829 731//731
f 731//731 829//829 830//830
f 731//731 830//830 730//730
f 730//730 830//830 831//831
f 730//730 831//831 729//729
f 729//729 831//831 832//832
f 729//729 832//832 728//728
f 728//728 832//832 833//833
f 728//728 833//833 727//727
f 727//727 833//833 834//834
f 727//727 834//834 740//740
f 740//740 834//834 835//835
f 740//740 835//835 739//739
f 739//739 835//835 836//836
f 739//739 836//836 781//781
f 837//837 371//371 369//369
f 837//837 838//838 371//371
f 371//371 838//838 839//839
f 371//371 839//839 373//373
f 839//839 840//840 373//373
f 373//373 840//840 841//841
f 373//373 841//841 374//374
f 841//841 842//842 374//374
f 374//374 842//842 843//843
f 374//374 843//843 350//350
f 843//843 844//844 350//350
f 350//350 844//844 845//845
f 350//350 845//845 352//352
f 845//845 846//846 352//352
f 352//352 846//846 847//847
f 352//352 847//847 354//354
f 847//847 848//848 354//354
f 354//354 848//848 849//849
f 354//354 849//849 356//356
f 849//849 850//850 356//356
f 356//356 850//850 851//851
f 356//356 851//851 358//358
f 851//851 852//852 358//358
f 358//358 852//852 853//853
f 358//358 853//853 360//360
f 853//853 854//854 360//360
f 360//360 854//854 855//855
f 360//360 855//855 362//362
f 855//855 856//856 362//362
f 362//362 856//856 857//857
f 362//362 857//857 363//363
f 857//857 858//858 363//363
f 363//363 858//858 859//859
f 363//363 859//859 365//365
f 859//859 860//860 365//365
f 365//365 860//860 861//861
f 365//365 861//861 367//367
f 861//861 862//862 367//367
f 367//367 862//862 863//863
f 367//367 863//863 369//369
f 369//369 863//863 864//864
f 369//369 864//864 837//837
f 368//368 320//320 366//366
f 366//366 320//320 322//322
f 366//366 322//322 364//364
f 364//364 322//322 324//324
f 364//364 324//324 361//361
f 361//361 324//324 326//326
f 361//361 326//326 359//359
f 359//359 326//326 328//328
f 359//359 328//328 357//357
f 357//357 328//328 330//330
f 357//357 330//330 355//355
f 355//355 330//330 332//332
f 355//355 332//332 353//353
f 353//353 332//332 334//334
f 353//353 334//334 351//351
f 351//351 334//334 312//312
f 351//351 312//312 349//349
f 349//349 312//312 314//314
f 349//349 314//314 372//372
f 372//372 314//314 316//316
f 372//372 316//316 370//370
f 370//370 316//316 318//318
f 370//370 318//318 368//368
f 368//368 318//318 320//320
f 865//865 345//345 866//866
f 866//866 345//345 344//344
f 866//866 344//344 867//867
f 867//867 344//344 348//348
f 867//867 348//348 868//868
f 868//868 348//348 347//347
f 868//868 347//347 869//869
f 869//869 347//347 340//340
f 869//869 340//340 870//870
f 870//870 340//340 339//339
f 870//870 339//339 871//871
f 871//871 339//339 337//337
f 871//871 337//337 872//872
f 872//872 337//337 336//336
f 872//872 336//336 873//873
f 873//873 336//336 343//343
f 873//873 343//343 874//874
f 874//874 343//343 342//342
f 874//874 342//342 875//875
f 875//875 342//342 341//341
f 875//875 341//341 876//876
f 876//876 341//341 346//346
f 876//876 346//346 865//865
f 865//865 346//346 345//345
f 269//269 329//329 280//280
f 280//280 329//329 327//327
f 280//280 327//327 289//289
f 289//289 327//327 325//325
f 289//289 325//325 270//270
f 270//270 325//325 323//323
f 270//270 323//323 272//272
f 272//272 323//323 321//321
f 272//272 321//321 276//276
f 276//276 321//321 319//319
f 276//276 319//319 264//264
f 264//264 319//319 317//317
f 264//264 317//317 265//265
f 265//265 317//317 315//315
f 265//265 315//315 281//281
f 281//281 315//315 313//313
f 281//281 313//313 279//279
f 279//279 313//313 335//335
f 279//279 335//335 267//267
f 267//267 335//335 333//333
f 267//267 333//333 268//268
f 268//268 333//333 331//331
f 268//268 331//331 269//269
f 269//269 331//331 329//329
f 865//865 39//39 876//876
f 876//876 39//39 23//23
f 876//876 23//23 875//875
f 875//875 23//23 16//16
f 875//875 16//16 874//874
f 874//874 16//16 18//18
f 874//874 18//18 873//873
f 873//873 18//18 22//22
f 873//873 22//22 872//872
f 872//872 22//22 38//38
f 872//872 38//38 871//871
f 871//871 38//38 59//59
f 871//871 59//59 870//870
f 870//870 59//59 60//60
f 870//870 60//60 869//869
f 869//869 60//60 42//42
f 869//869 42//42 868//868
f 868//868 42//42 34//34
f 868//868 34//34 867//867
f 867//867 34//34 29//29
f 867//867 29//29 866//866
f 866//866 29//29 31//31
f 866//866 31//31 865//865
f 865//865 31//31 39//39
f 304//304 271//271 877//877
f 877//877 271//271 273//273
f 877//877 273//273 878//878
f 878//878 273//273 879//879
f 880//880 881//881 278//278
f 278//278 881//881 882//882
f 278//278 882//882 273//273
f 273//273 882//882 883//883
f 273//273 883//883 879//879
f 884//884 885//885 277//277
f 277//277 885//885 886//886
f 277//277 886//886 278//278
f 278//278 886//886 887//887
f 278//278 887//887 880//880
f 296//296 888//888 275//275
f 275//275 888//888 889//889
f 275//275 889//889 277//277
f 277//277 889//889 890//890
f 277//277 890//890 884//884
f 290//290 288//288 891//891
f 891//891 892//892 290//290
f 290//290 892//892 893//893
f 290//290 893//893 282//282
f 282//282 893//893 894//894
f 282//282 894//894 291//291
f 895//895 896//896 287//287
f 287//287 896//896 897//897
f 287//287 897//897 288//288
f 288//288 897//897 898//898
f 288//288 898//898 891//891
f 899//899 900//900 286//286
f 286//286 900//900 901//901
f 286//286 901//901 287//287
f 287//287 901//901 902//902
f 287//287 902//902 895//895
f 284//284 903//903 285//285
f 285//285 903//903 904//904
f 285//285 904//904 286//286
f 286//286 904//904 905//905
f 286//286 905//905 899//899
f 13//13 906//906 14//14
f 14//14 906//906 907//907
f 14//14 907//907 61//61
f 58//58 57//57 908//908
f 908//908 57//57 909//909
f 55//55 910//910 57//57
f 57//57 910//910 911//911
f 57//57 911//911 909//909
f 53//53 912//912 55//55
f 55//55 912//912 913//913
f 55//55 913//913 910//910
f 914//914 915//915 62//62
f 62//62 915//915 916//916
f 62//62 916//916 53//53
f 53//53 916//916 917//917
f 53//53 917//917 912//912
f 907//907 918//918 61//61
f 61//61 918//918 919//919
f 61//61 919//919 62//62
f 62//62 919//919 920//920
f 62//62 920//920 914//914
f 19//19 307//307 20//20
f 20//20 307//307 921//921
f 12//12 11//11 922//922
f 922//922 11//11 923//923
f 924//924 925//925 37//37
f 37//37 925//925 926//926
f 37//37 926//926 11//11
f 11//11 926//926 927//927
f 11//11 927//927 923//923
f 928//928 929//929 21//21
f 21//21 929//929 930//930
f 21//21 930//930 37//37
f 37//37 930//930 931//931
f 37//37 931//931 924//924
f 921//921 932//932 20//20
f 20//20 932//932 933//933
f 20//20 933//933 21//21
f 21//21 933//933 934//934
f 21//21 934//934 928//928
f 820//820 819//819 884//884
f 909//909 911//911 935//935
f 3//3 5//5 794//794
f 794//794 5//5 6//6
f 794//794 6//6 795//795
f 795//795 6//6 796//796
f 3//3 794//794 1//1
f 1//1 794//794 793//793
f 1//1 793//793 792//792
f 919//919 918//918 789//789
f 789//789 918//918 907//907
f 789//789 907//907 790//790
f 790//790 907//907 906//906
f 790//790 906//906 791//791
f 791//791 906//906 13//13
f 791//791 13//13 792//792
f 792//792 13//13 15//15
f 792//792 15//15 1//1
f 788//788 914//914 789//789
f 789//789 914//914 920//920
f 789//789 920//920 919//919
f 917//917 916//916 788//788
f 788//788 916//916 915//915
f 788//788 915//915 914//914
f 917//917 788//788 912//912
f 912//912 788//788 787//787
f 912//912 787//787 913//913
f 58//58 785//785 784//784
f 785//785 58//58 786//786
f 787//787 786//786 913//913
f 913//913 786//786 935//935
f 913//913 935//935 910//910
f 910//910 935//935 911//911
f 786//786 58//58 935//935
f 935//935 58//58 908//908
f 935//935 908//908 909//909
f 56//56 58//58 103//103
f 103//103 58//58 784//784
f 103//103 784//784 191//191
f 191//191 784//784 783//783
f 191//191 783//783 190//190
f 190//190 783//783 782//782
f 190//190 782//782 188//188
f 284//284 184//184 185//185
f 782//782 781//781 188//188
f 188//188 781//781 836//836
f 188//188 836//836 186//186
f 186//186 836//836 835//835
f 186//186 835//835 185//185
f 185//185 835//835 834//834
f 185//185 834//834 284//284
f 284//284 834//834 833//833
f 901//901 900//900 832//832
f 832//832 900//900 899//899
f 832//832 899//899 833//833
f 833//833 899//899 905//905
f 833//833 905//905 284//284
f 284//284 905//905 904//904
f 284//284 904//904 903//903
f 831//831 895//895 832//832
f 832//832 895//895 902//902
f 832//832 902//902 901//901
f 891//891 898//898 830//830
f 830//830 898//898 897//897
f 830//830 897//897 831//831
f 831//831 897//897 896//896
f 831//831 896//896 895//895
f 891//891 830//830 892//892
f 892//892 830//830 829//829
f 892//892 829//829 893//893
f 303//303 825//825 299//299
f 299//299 825//825 824//824
f 299//299 824//824 300//300
f 300//300 824//824 823//823
f 300//300 823//823 301//301
f 303//303 295//295 825//825
f 825//825 295//295 294//294
f 825//825 294//294 826//826
f 826//826 294//294 293//293
f 826//826 293//293 827//827
f 827//827 293//293 292//292
f 827//827 292//292 828//828
f 828//828 292//292 291//291
f 828//828 291//291 829//829
f 829//829 291//291 894//894
f 829//829 894//894 893//893
f 296//296 297//297 821//821
f 821//821 297//297 822//822
f 822//822 297//297 298//298
f 822//822 298//298 823//823
f 823//823 298//298 302//302
f 823//823 302//302 301//301
f 884//884 890//890 820//820
f 820//820 890//890 889//889
f 820//820 889//889 821//821
f 821//821 889//889 888//888
f 821//821 888//888 296//296
f 818//818 886//886 819//819
f 819//819 886//886 885//885
f 819//819 885//885 884//884
f 882//882 881//881 817//817
f 817//817 881//881 880//880
f 817//817 880//880 818//818
f 818//818 880//880 887//887
f 818//818 887//887 886//886
f 304//304 877//877 815//815
f 815//815 877//877 878//878
f 815//815 878//878 816//816
f 816//816 878//878 879//879
f 816//816 879//879 817//817
f 817//817 879//879 883//883
f 817//817 883//883 882//882
f 304//304 815//815 305//305
f 305//305 815//815 814//814
f 305//305 814//814 308//308
f 308//308 814//814 813//813
f 308//308 813//813 309//309
f 813//813 812//812 309//309
f 309//309 812//812 811//811
f 309//309 811//811 310//310
f 310//310 811//811 810//810
f 810//810 809//809 310//310
f 310//310 809//809 808//808
f 310//310 808//808 311//311
f 805//805 306//306 806//806
f 806//806 306//306 311//311
f 806//806 311//311 807//807
f 807//807 311//311 808//808
f 307//307 306//306 921//921
f 921//921 306//306 805//805
f 921//921 805//805 932//932
f 932//932 805//805 804//804
f 802//802 928//928 803//803
f 803//803 928//928 934//934
f 803//803 934//934 804//804
f 804//804 934//934 933//933
f 804//804 933//933 932//932
f 801//801 930//930 802//802
f 802//802 930//930 929//929
f 802//802 929//929 928//928
f 926//926 925//925 800//800
f 800//800 925//925 924//924
f 800//800 924//924 801//801
f 801//801 924//924 931//931
f 801//801 931//931 930//930
f 926//926 800//800 927//927
f 927//927 800//800 799//799
f 927//927 799//799 923//923
f 6//6 7//7 796//796
f 796//796 7//7 9//9
f 796//796 9//9 797//797
f 797//797 9//9 10//10
f 797//797 10//10 798//798
f 798//798 10//10 12//12
f 798//798 12//12 799//799
f 799//799 12//12 922//922
f 799//799 922//922 923//923
f 864//864 936//936 837//837
f 837//837 936//936 937//937
f 837//837 937//937 838//838
f 838//838 937//937 938//938
f 838//838 938//938 839//839
f 839//839 938//938 939//939
f 839//839 939//939 840//840
f 840//840 939//939 940//940
f 840//840 940//940 841//841
f 841//841 940//940 941//941
f 841//841 941//941 842//842
f 842//842 941//941 942//942
f 842//842 942//942 843//843
f 843//843 942//942 943//943
f 843//843 943//943 844//844
f 844//844 943//943 944//944
f 844//844 944//944 845//845
f 845//845 944//944 945//945
f 845//845 945//945 846//846
f 846//846 945//945 946//946
f 846//846 946//946 847//847
f 847//847 946//946 947//947
f 847//847 947//947 848//848
f 848//848 947//947 948//948
f 848//848 948//948 849//849
f 849//849 948//948 949//949
f 849//849 949//949 850//850
f 850//850 949//949 950//950
f 850//850 950//950 851//851
f 851//851 950//950 951//951
f 851//851 951//951 852//852
f 852//852 951//951 952//952
f 852//852 952//952 853//853
f 853//853 952//952 953//953
f 853//853 953//953 854//854
f 854//854 953//953 954//954
f 854//854 954//954 855//855
f 855//855 954//954 955//955
f 855//855 955//955 856//856
f 856//856 955//955 956//956
f 856//856 956//956 857//857
f 857//857 956//956 957//957
f 857//857 957//957 858//858
f 858//858 957//957 958//958
f 858//858 958//958 859//859
f 859//859 958//958 959//959
f 859//859 959//959 860//860
f 860//860 959//959 960//960
f 860//860 960//960 861//861
f 861//861 960//960 961//961
f 861//861 961//961 862//862
f 862//862 961//961 962//962
f 862//862 962//962 863//863
f 863//863 962//962 963//963
f 863//863 963//963 864//864
f 864//864 963//963 936//936
f 963//963 964//964 936//936
f 936//936 964//964 965//965
f 936//936 965//965 937//937
f 937//937 965//965 966//966
f 937//937 966//966 938//938
f 938//938 966//966 967//967
f 938//938 967//967 939//939
f 939//939 967//967 968//968
f 939//939 968//968 940//940
f 940//940 968//968 969//969
f 940//940 969//969 941//941
f 941//941 969//969 970//970
f 941//941 970//970 942//942
f 942//942 970//970 971//971
f 942//942 971//971 943//943
f 943//943 971//971 972//972
f 943//943 972//972 944//944
f 944//944 972//972 973//973
f 944//944 973//973 945//945
f 945//945 973//973 974//974
f 945//945 974//974 946//946
f 946//946 974//974 975//975
f 946//946 975//975 947//947
f 947//947 975//975 976//976
f 947//947 976//976 948//948
f 948//948 976//976 977//977
f 948//948 977//977 949//949
f 949//949 977//977 978//978
f 949//949 978//978 950//950
f 950//950 978//978 979//979
f 950//950 979//979 951//951
f 951//951 979//979 980//980
f 951//951 980//980 952//952
f 952//952 980//980 981//981
f 952//952 981//981 953//953
f 953//953 981//981 982//982
f 953//953 982//982 954//954
f 954//954 982//982 983//983
f 954//954 983//983 955//955
f 955//955 983//983 984//984
f 955//955 984//984 956//956
f 956//956 984//984 985//985
f 956//956 985//985 957//957
f 957//957 985//985 986//986
f 957//957 986//986 958//958
f 958//958 986//986 987//987
f 958//958 987//987 959//959
f 959//959 987//987 988//988
f 959//959 988//988 960//960
f 960//960 988//988 989//989
f 960//960 989//989 961//961
f 961//961 989//989 990//990
f 961//961 990//990 962//962
f 962//962 990//990 991//991
f 962//962 991//991 963//963
f 963//963 991//991 964//964
f 991//991 400//400 964//964
f 964//964 400//400 402//402
f 964//964 402//402 965//965
f 965//965 402//402 408//408
f 965//965 408//408 966//966
f 966//966 408//408 407//407
f 966//966 407//407 967//967
f 967//967 407//407 406//406
f 967//967 406//406 968//968
f 968//968 406//406 396//396
f 968//968 396//396 969//969
f 969//969 396//396 395//395
f 969//969 395//395 970//970
f 970//970 395//395 405//405
f 970//970 405//405 971//971
f 971//971 405//405 404//404
f 971//971 404//404 972//972
f 972//972 404//404 403//403
f 972//972 403//403 973//973
f 973//973 403//403 378//378
f 973//973 378//378 974//974
f 974//974 378//378 376//376
f 974//974 376//376 975//975
f 975//975 376//376 375//375
f 975//975 375//375 976//976
f 976//976 375//375 399//399
f 976//976 399//399 977//977
f 977//977 399//399 398//398
f 977//977 398//398 978//978
f 978//978 398//398 397//397
f 978//978 397//397 979//979
f 979//979 397//397 382//382
f 979//979 382//382 980//980
f 980//980 382//382 384//384
f 980//980 384//384 981//981
f 981//981 384//384 385//385
f 981//981 385//385 982//982
f 982//982 385//385 381//381
f 982//982 381//381 983//983
f 983//983 381//381 380//380
f 983//983 380//380 984//984
f 984//984 380//380 390//390
f 984//984 390//390 985//985
f 985//985 390//390 389//389
f 985//985 389//389 986//986
f 986//986 389//389 387//387
f 986//986 387//387 987//987
f 987//987 387//387 386//386
f 987//987 386//386 988//988
f 988//988 386//386 393//393
f 988//988 393//393 989//989
f 989//989 393//393 392//392
f 989//989 392//392 990//990
f 990//990 392//392 391//391
f 990//990 391//391 991//991
f 991//991 391//391 400//400

