# https://github.com/mikedh/trimesh

o left_finger2_link3.STL
v 0.00560767 0.00345276 0.00763047
v 0.00544658 0.00374729 0.00743627
v 0.00555000 0.00356230 0.02385000
v -0.00798974 0.00284476 0.02672803
v -0.00790084 0.00305226 0.02704134
v -0.00780534 0.00325813 0.02699170
v -0.00851703 0.00070277 0.02712543
v -0.00851200 0.00075401 0.02723120
v -0.00823492 0.00215102 0.02723120
v -0.00802764 -0.00275000 0.02634053
v -0.00802764 -0.00275000 0.02723120
v -0.00843606 -0.00130236 0.02723120
v 0.00210165 -0.00680543 0.00247902
v 0.00232195 -0.00669951 0.00227400
v 0.00231648 -0.00670094 0.02557646
v 0.00371999 -0.00578821 0.02518662
v 0.00331075 -0.00610191 0.02534249
v 0.00354374 -0.00592854 0.00441298
v 0.00314570 -0.00621633 0.02539506
v 0.00253735 -0.00658548 0.02554116
v 0.00340267 -0.00603520 0.00375767
v 0.00333581 -0.00608397 0.00308426
v 0.00247479 -0.00662116 0.00210663
v 0.00248959 -0.00661334 0.00208912
v 0.00334534 -0.00607709 0.00240297
v 0.00277398 -0.00645312 0.00169338
v 0.00343037 -0.00601468 0.00173609
v 0.00301117 -0.00630552 0.00122285
v 0.00358865 -0.00589347 0.00108817
v 0.00316849 -0.00620180 0.00072330
v 0.00370710 -0.00579886 0.00056561
v 0.00324273 -0.00615000 0.00021731
v 0.00374973 -0.00576347 0.00004503
v 0.00325000 -0.00614492 -0.00000000
v 0.00372075 -0.00578815 -0.00046749
v 0.00324273 -0.00615000 -0.00021731
v 0.00366305 -0.00583590 -0.00080286
v 0.00318592 -0.00618983 -0.00064221
v 0.00362100 -0.00586955 -0.00097510
v 0.00305172 -0.00627939 -0.00111782
v 0.00343092 -0.00601447 -0.00151369
v 0.00320541 -0.00617752 -0.00194625
v 0.00283444 -0.00641637 -0.00159010
v 0.00316104 -0.00620823 -0.00201750
v 0.00253525 -0.00658892 -0.00203348
v 0.00283858 -0.00641449 -0.00245051
v 0.00248953 -0.00661338 -0.00208920
v 0.00243315 -0.00664179 -0.00285347
v 0.00232342 -0.00669877 -0.00227249
v 0.00240250 -0.00665766 -0.00287932
v 0.00072527 -0.00728639 0.00316804
v 0.00121280 -0.00715046 0.00301523
v 0.00162525 -0.00700517 0.00281444
v 0.00168487 -0.00698209 0.00277916
v -0.00008412 -0.00743664 0.02550088
v -0.00056409 -0.00748390 0.00320067
v -0.00033211 -0.00746534 0.00323299
v 0.00049048 -0.00733999 0.02553019
v 0.00019750 -0.00739540 0.00324399
v 0.00065653 -0.00730327 0.02555425
v 0.00191555 -0.00688775 0.02561728
v 0.00128751 -0.00712593 0.02562212
v 0.00067997 -0.00729727 0.00317807
v 0.00056509 -0.00732357 0.00320050
v -0.00277728 -0.00729839 0.02655086
v -0.00278491 -0.00729663 0.00167534
v -0.00250160 -0.00735779 0.00207472
v -0.00218308 -0.00741378 0.00240762
v -0.00177466 -0.00746417 0.00272270
v -0.00173441 -0.00746798 0.02589558
v -0.00162513 -0.00747731 0.00281451
v -0.00134533 -0.00749411 0.00295848
v -0.00085898 -0.00749731 0.00313443
v -0.00063799 -0.00748765 0.02555121
v -0.00105345 -0.00749990 0.00307453
v -0.00105221 -0.00749911 0.02564088
v -0.00121142 -0.00749731 0.02568785
v -0.00248965 -0.00736013 0.00208905
v -0.00224713 -0.00740384 0.02619086
v -0.00292417 -0.00726214 -0.00141835
v -0.00339865 -0.00712277 -0.00158482
v -0.00332937 -0.00714532 -0.00172562
v -0.00278755 -0.00729601 -0.00167095
v -0.00305393 -0.00722740 -0.00111176
v -0.00311683 -0.00720987 -0.00092080
v -0.00441599 -0.00670224 0.00059687
v -0.00321832 -0.00718012 -0.00045270
v -0.00325000 -0.00717008 -0.00000004
v -0.00305398 -0.00722739 0.00111163
v -0.00283277 -0.00728513 0.00159309
v -0.00441599 -0.00670224 0.02766366
v -0.00324862 -0.00717054 0.00009460
v -0.00319312 -0.00718776 0.00060538
v -0.00306875 -0.00722332 0.00107017
v -0.00361515 -0.00704769 0.02711984
v -0.00108862 -0.00749964 -0.00358851
v -0.00105239 -0.00749971 -0.00359930
v -0.00105377 -0.00749990 -0.00307442
v -0.00121095 -0.00749813 -0.00354910
v -0.00135559 -0.00749369 -0.00295379
v -0.00169278 -0.00747197 -0.00334619
v -0.00162512 -0.00747731 -0.00281451
v -0.00219270 -0.00741174 -0.00304213
v -0.00177433 -0.00746420 -0.00272291
v -0.00221591 -0.00740816 -0.00302527
v -0.00220167 -0.00741095 -0.00239064
v -0.00264700 -0.00732787 -0.00265629
v -0.00300365 -0.00724101 -0.00224512
v -0.00278580 -0.00729602 -0.00251034
v -0.00267707 -0.00732136 -0.00184277
v -0.00248965 -0.00736013 -0.00208906
v -0.00236579 -0.00738343 -0.00222834
v 0.00017337 -0.00739946 -0.00324537
v -0.00033813 -0.00746591 -0.00323236
v -0.00014901 -0.00744562 -0.00374704
v -0.00064848 -0.00748881 -0.00369350
v -0.00056410 -0.00748390 -0.00320067
v -0.00084650 -0.00749697 -0.00313782
v 0.00231925 -0.00669983 -0.00294679
v 0.00213598 -0.00678953 -0.00244951
v 0.00200531 -0.00684784 -0.00316879
v 0.00172543 -0.00696609 -0.00275416
v 0.00162541 -0.00700512 -0.00281435
v 0.00149881 -0.00705351 -0.00343745
v 0.00121965 -0.00714828 -0.00301246
v 0.00013359 -0.00740596 -0.00374762
v 0.00040341 -0.00735745 -0.00372824
v 0.00056503 -0.00732358 -0.00320051
v 0.00068159 -0.00729675 -0.00368754
v 0.00070348 -0.00729166 -0.00317295
v 0.00099043 -0.00721658 -0.00361684
v 0.00134078 -0.00710865 -0.00350211
v -0.00517132 -0.00626616 0.00221667
v -0.00587091 -0.00574533 0.00371695
v -0.00490408 -0.00643398 0.02799510
v -0.00506543 -0.00633439 0.02809386
v -0.00544486 -0.00607688 0.02825374
v -0.00585921 -0.00575499 0.02833343
v -0.00587086 -0.00574525 0.02833438
v -0.00650530 -0.00514681 0.00507741
v -0.00628725 -0.00536814 0.02832361
v -0.00667938 -0.00495588 0.02823136
v -0.00696595 -0.00461063 0.02810677
v -0.00706592 -0.00447869 0.00627967
v -0.00707758 -0.00446177 0.02804278
v -0.00754519 -0.00375000 0.00730746
v -0.00740755 -0.00397853 0.02778824
v -0.00757376 -0.00370027 0.02760921
v -0.00794971 -0.00294004 0.02689339
v -0.00793662 -0.00297060 0.00814688
v -0.00782979 -0.00320692 0.02720786
v -0.00766078 -0.00354211 0.02749504
v -0.00800992 -0.00279527 0.02660620
v -0.00843610 -0.00129963 0.00940130
v -0.00837751 -0.00159702 0.00918709
v -0.00817523 -0.00234117 0.00865858
v -0.00853733 0.00043505 0.01003096
v -0.00854910 0.00011580 0.02672801
v -0.00854079 0.00037434 0.02681120
v -0.00853898 -0.00040577 0.02682844
v -0.00854447 -0.00028366 0.02677089
v -0.00851200 -0.00075401 0.02723120
v -0.00851733 -0.00069833 0.02711784
v -0.00853225 -0.00051632 0.02690515
v -0.00855000 -0.00000000 0.02671970
v -0.00855000 -0.00000000 0.01034906
v -0.00850249 -0.00084104 0.00973437
v -0.00853913 0.00040576 0.02682843
v -0.00853699 0.00044223 0.02685078
v -0.00850577 0.00081157 0.00975587
v -0.00852593 0.00060009 0.02698492
v -0.00839408 0.00151899 0.00924313
v -0.00823521 0.00214967 0.00879368
v -0.00802764 0.00275000 0.02723120
v -0.00802764 0.00275000 0.02634053
v -0.00754519 0.00375000 0.00730746
v -0.00789654 0.00306183 0.00806094
v -0.00754550 0.00374810 0.02764288
v -0.00817523 0.00234117 0.00865858
v -0.00818807 0.00230172 0.00868638
v -0.00774942 0.00337114 0.02735811
v -0.00802213 0.00276434 0.02648889
v -0.00706592 0.00447869 0.00627967
v -0.00752383 0.00378541 0.02766772
v -0.00722445 0.00425777 0.02794292
v -0.00697644 0.00459622 0.02810115
v -0.00685411 0.00474934 0.02816178
v -0.00650545 0.00514536 0.02828262
v -0.00643648 0.00521765 0.02829830
v -0.00587091 0.00574533 0.00371695
v -0.00650530 0.00514681 0.00507741
v -0.00621848 0.00543443 0.02833141
v -0.00602416 0.00561316 0.02834053
v -0.00562474 0.00594286 0.02829953
v -0.00524960 0.00621374 0.02818299
v -0.00516865 0.00626778 0.02814667
v -0.00517132 0.00626616 0.00221667
v -0.00490408 0.00643398 0.02799510
v -0.00441599 0.00670224 0.00059687
v -0.00361515 0.00704769 0.02711984
v -0.00361122 0.00704912 -0.00112897
v -0.00208443 0.00742832 -0.00311713
v -0.00219271 0.00741244 -0.00304168
v -0.00192482 0.00744857 0.02599357
v -0.00255217 0.00734803 -0.00274754
v -0.00294765 0.00725596 -0.00232033
v -0.00224713 0.00740384 0.02619086
v -0.00210963 0.00742470 0.02610155
v -0.00339865 0.00712277 -0.00158482
v -0.00327451 0.00716251 -0.00182842
v -0.00161207 0.00747855 0.02583923
v -0.00139211 0.00749196 0.02575006
v -0.00158565 0.00748085 -0.00339870
v -0.00105000 0.00750000 0.02564027
v 0.00377174 -0.00574531 0.02516420
v 0.00375270 -0.00576056 0.00504025
v 0.00401631 -0.00553014 0.00561265
v 0.00464930 -0.00487524 0.00658237
v 0.00473077 -0.00478249 0.02462232
v 0.00463156 -0.00489997 0.02469073
v 0.00432476 -0.00523087 0.00613531
v 0.00421146 -0.00534739 0.02494711
v 0.00553784 -0.00358474 0.02385000
v 0.00496472 -0.00448031 0.00694518
v 0.00583662 -0.00297060 0.02385000
v 0.00499518 -0.00443912 0.00697724
v 0.00520219 -0.00414248 0.00718324
v 0.00545861 -0.00372633 0.00744994
v 0.00580201 -0.00304899 0.00790324
v 0.00583692 -0.00296935 0.00795781
v 0.00496848 -0.00447886 0.02444475
v 0.00520146 -0.00414570 0.02425004
v 0.00553784 -0.00358474 0.02392631
v 0.00608256 -0.00231872 0.00841123
v 0.00627241 -0.00162115 0.00890728
v 0.00633606 -0.00130236 0.02385000
v 0.00645000 -0.00000000 0.01008590
v 0.00643731 0.00043609 0.02385000
v 0.00640615 -0.00080843 0.00949521
v 0.00633614 -0.00130009 0.00913830
v 0.00643959 0.00039459 0.00979744
v 0.00643731 0.00043550 0.00976753
v 0.00613492 0.00215102 0.02385000
v 0.00636002 0.00115643 0.00924224
v 0.00631719 0.00140346 0.00906372
v 0.00617716 0.00200436 0.00863392
v 0.00613527 0.00214985 0.00853065
v 0.00592452 0.00275751 0.00810406
v 0.00520219 0.00414247 0.00718324
v 0.00499256 0.00444242 0.00697442
v 0.00440605 0.00514602 0.02483374
v 0.00555000 0.00356230 0.02391353
v 0.00544533 0.00374976 0.02402066
v 0.00527096 0.00403677 0.02418645
v 0.00482954 0.00465628 0.02454978
v 0.00402617 0.00552187 0.00563359
v 0.00307214 0.00626562 0.02541602
v 0.00432272 0.00523348 0.00613415
v 0.00318163 0.00619220 0.02538364
v 0.00331021 0.00610234 0.02534240
v 0.00464653 0.00487823 0.00657899
v 0.00440118 0.00515154 0.00625006
v 0.00431881 0.00523697 0.02488546
v 0.00374733 0.00576503 0.02517469
v 0.00376386 0.00575159 0.00506816
v 0.00354466 0.00592777 0.00441806
v 0.00340530 0.00603357 0.00377383
v 0.00316975 0.00620030 -0.00200292
v 0.00307669 0.00626262 -0.00214338
v 0.00333655 0.00608343 -0.00052760
v 0.00366186 0.00583510 -0.00080292
v 0.00360938 0.00587709 -0.00101406
v 0.00342956 0.00601528 -0.00151632
v 0.00320510 0.00617609 -0.00194581
v 0.00333688 0.00608329 0.00310637
v 0.00334473 0.00607773 0.00241597
v 0.00343080 0.00601471 0.00173665
v 0.00358865 0.00589347 0.00108817
v 0.00370845 0.00579717 0.00055958
v 0.00375012 0.00576271 0.00003101
v 0.00371677 0.00579033 -0.00049206
v 0.00240249 0.00665810 -0.00287914
v 0.00151523 0.00704767 0.02562777
v 0.00242236 0.00664776 -0.00286247
v 0.00192752 0.00688363 0.02561514
v 0.00256124 0.00657335 0.02553546
v 0.00284195 0.00641114 -0.00244659
v 0.00013348 0.00740604 -0.00374833
v -0.00017926 0.00744928 -0.00374675
v 0.00008046 0.00741431 0.02550081
v 0.00065653 0.00730327 0.02555425
v 0.00151693 0.00704705 -0.00342931
v 0.00144935 0.00707130 -0.00345840
v 0.00134063 0.00710879 -0.00350191
v 0.00089230 0.00724413 -0.00364143
v 0.00031698 0.00737437 -0.00373687
v 0.00193674 0.00687964 -0.00321048
v 0.00128907 0.00712592 0.02562163
v -0.00024743 0.00745694 -0.00374286
v -0.00080420 0.00749597 -0.00366301
v -0.00050153 0.00747972 0.02553157
v -0.00105000 0.00750000 -0.00360000
v -0.00108872 0.00749990 -0.00358848
v 0.00520000 0.00103014 0.02385000
v 0.00555000 0.00103014 0.02385000
v 0.00520000 0.00174234 0.02442669
v 0.00555000 0.00174234 0.02442669
v 0.00520000 0.00216551 0.02523953
v 0.00555000 0.00216551 0.02523953
v 0.00520000 0.00225000 0.02585033
v 0.00555000 0.00222945 0.02615370
v 0.00555000 -0.00222945 0.02615370
v 0.00520000 -0.00222945 0.02615370
v 0.00555000 -0.00192357 0.02701754
v 0.00520000 -0.00192357 0.02701754
v 0.00555000 -0.00129859 0.02768776
v 0.00520000 -0.00129859 0.02768776
v 0.00555000 -0.00045820 0.02805318
v 0.00520000 -0.00045820 0.02805318
v 0.00555000 0.00045820 0.02805318
v 0.00520000 0.00045820 0.02805318
v 0.00555000 0.00129859 0.02768776
v 0.00520000 0.00129859 0.02768776
v 0.00555000 0.00192357 0.02701754
v 0.00520000 0.00192357 0.02701754
v 0.00520000 0.00222945 0.02615370
v 0.00555000 -0.00103014 0.02385000
v 0.00520000 -0.00103014 0.02385000
v 0.00555000 -0.00174234 0.02442669
v 0.00520000 -0.00174234 0.02442669
v 0.00555000 -0.00216551 0.02523953
v 0.00520000 -0.00216551 0.02523953
v 0.00520000 -0.00225000 0.02585033
v 0.00555000 -0.00000000 0.02395033
v 0.00555000 -0.00044754 0.02400379
v 0.00543933 -0.00020370 0.02385000
v 0.00555000 -0.00086990 0.02416116
v 0.00555000 -0.00147131 0.02464814
v 0.00555000 -0.00182865 0.02533454
v 0.00555000 -0.00190000 0.02585033
v 0.00555000 -0.00188265 0.02610651
v 0.00555000 -0.00162435 0.02683597
v 0.00555000 -0.00109659 0.02740194
v 0.00555000 -0.00038692 0.02771051
v 0.00555000 0.00038692 0.02771051
v 0.00555000 0.00109659 0.02740194
v 0.00555000 0.00162435 0.02683597
v 0.00555000 0.00188265 0.02610651
v 0.00555000 0.00190000 0.02585033
v 0.00555000 0.00182865 0.02533454
v 0.00555000 0.00147131 0.02464814
v 0.00555000 0.00086990 0.02416116
v 0.00555000 0.00044754 0.02400379
v 0.00537271 0.00056019 0.02385000
v 0.00358865 0.00335000 0.00108817
v 0.00336436 0.00335000 0.00219251
v 0.00338677 0.00335000 0.00364920
v 0.00375960 0.00335000 0.00505755
v 0.00406182 0.00335000 0.00570000
v 0.00406182 -0.00315000 0.00570000
v 0.00338677 -0.00315000 0.00364920
v 0.00375960 -0.00315000 0.00505755
v 0.00336436 -0.00315000 0.00219251
v 0.00358865 -0.00315000 0.00108817
v 0.00366324 -0.00315000 -0.00080200
v 0.00320577 -0.00315000 -0.00194565
v 0.00013276 -0.00315000 -0.00374765
v -0.00339865 -0.00315000 -0.00158482
v -0.00306006 -0.00315000 -0.00216761
v -0.00219265 -0.00315000 -0.00304217
v -0.00108868 -0.00315000 -0.00358849
v 0.00133987 -0.00315000 -0.00350246
v 0.00240242 -0.00315000 -0.00287939
v 0.00372547 -0.00315000 0.00042819
v -0.00000000 0.00335000 -0.00150000
v -0.00075000 -0.00315000 -0.00129904
v -0.00075000 0.00335000 -0.00129904
v -0.00129904 -0.00315000 -0.00075000
v -0.00129904 0.00335000 -0.00075000
v -0.00150000 -0.00315000 -0.00000000
v -0.00150000 0.00335000 -0.00000000
v -0.00129904 -0.00315000 0.00075000
v -0.00129904 0.00335000 0.00075000
v -0.00075000 -0.00315000 0.00129904
v -0.00075000 0.00335000 0.00129904
v -0.00000000 -0.00315000 0.00150000
v -0.00000000 0.00335000 0.00150000
v 0.00075000 -0.00315000 0.00129904
v 0.00075000 0.00335000 0.00129904
v 0.00129904 -0.00315000 0.00075000
v 0.00129904 0.00335000 0.00075000
v 0.00150000 -0.00315000 -0.00000000
v 0.00150000 0.00335000 -0.00000000
v 0.00129904 -0.00315000 -0.00075000
v 0.00129904 0.00335000 -0.00075000
v 0.00075000 -0.00315000 -0.00129904
v 0.00075000 0.00335000 -0.00129904
v -0.00000000 -0.00315000 -0.00150000
v 0.00106245 -0.00615000 0.00307143
v 0.00162500 -0.00615000 0.00281458
v -0.00005211 -0.00615000 0.00324958
v 0.00056436 -0.00615000 0.00320062
v 0.00305400 -0.00615000 -0.00111157
v 0.00320926 -0.00615000 -0.00051296
v 0.00248964 -0.00615000 -0.00208906
v 0.00284028 -0.00615000 -0.00157966
v 0.00162500 -0.00615000 -0.00281458
v 0.00212871 -0.00615000 -0.00245583
v 0.00116039 -0.00615000 -0.00303578
v 0.00056436 -0.00615000 -0.00320063
v 0.00005211 -0.00615000 -0.00324958
v -0.00056436 -0.00615000 -0.00320063
v -0.00106245 -0.00615000 -0.00307143
v -0.00162500 -0.00615000 -0.00281458
v -0.00204887 -0.00615000 -0.00252282
v -0.00248964 -0.00615000 -0.00208906
v -0.00278816 -0.00615000 -0.00166992
v -0.00305400 -0.00615000 -0.00111157
v -0.00305400 -0.00615000 0.00111157
v -0.00320926 -0.00615000 0.00051296
v -0.00325000 -0.00615000 -0.00000000
v -0.00319116 -0.00615000 -0.00061560
v -0.00284028 -0.00615000 0.00157966
v -0.00248964 -0.00615000 0.00208906
v -0.00162500 -0.00615000 0.00281458
v -0.00212871 -0.00615000 0.00245583
v -0.00116039 -0.00615000 0.00303579
v -0.00056436 -0.00615000 0.00320062
v 0.00248964 -0.00615000 0.00208906
v 0.00204887 -0.00615000 0.00252282
v 0.00278816 -0.00615000 0.00166992
v 0.00305400 -0.00615000 0.00111157
v 0.00319116 -0.00615000 0.00061560
v 0.00065653 -0.00275000 0.02555425
v -0.00030465 -0.00275000 0.02551162
v -0.00139195 -0.00275000 0.02575000
v -0.00224713 -0.00275000 0.02619086
v 0.00555000 -0.00353695 0.02385000
v 0.00555000 -0.00353695 0.02391353
v 0.00554464 -0.00356924 0.02391917
v 0.00065653 0.00275000 0.02555425
v -0.00030465 0.00275000 0.02551162
v -0.00224713 0.00275000 0.02619086
v -0.00139195 0.00275000 0.02575000
v -0.00490408 0.00275000 0.02799510
v -0.00542548 0.00275000 0.02824773
v -0.00795102 0.00275000 0.02688884
v -0.00758601 0.00275000 0.02759413
v -0.00697530 0.00275000 0.02810177
v -0.00621517 0.00275000 0.02833172
v -0.00108868 0.00335000 -0.00358849
v 0.00013276 0.00335000 -0.00374765
v -0.00219265 0.00335000 -0.00304217
v -0.00306006 0.00335000 -0.00216761
v -0.00339865 0.00335000 -0.00158482
v 0.00372547 0.00335000 0.00042819
v 0.00366324 0.00335000 -0.00080200
v 0.00320577 0.00335000 -0.00194565
v 0.00240242 0.00335000 -0.00287939
v 0.00133987 0.00335000 -0.00350246
v -0.00110684 -0.00630000 0.00289567
v -0.00004971 -0.00630000 0.00309960
v -0.00203046 -0.00630000 0.00234248
v -0.00270919 -0.00630000 0.00150675
v -0.00306114 -0.00630000 0.00048929
v -0.00304388 -0.00630000 -0.00058719
v -0.00265948 -0.00630000 -0.00159285
v -0.00195431 -0.00630000 -0.00240638
v -0.00101342 -0.00630000 -0.00292967
v 0.00004971 -0.00630000 -0.00309960
v 0.00110684 -0.00630000 -0.00289567
v 0.00203046 -0.00630000 -0.00234248
v 0.00270919 -0.00630000 -0.00150675
v 0.00306114 -0.00630000 -0.00048929
v 0.00325000 -0.00615000 -0.00000000
v 0.00304388 -0.00630000 0.00058719
v 0.00265948 -0.00630000 0.00159285
v 0.00195431 -0.00630000 0.00240638
v 0.00101342 -0.00630000 0.00292967
v -0.00169600 -0.00530000 0.00147854
v -0.00094800 -0.00530000 0.00204054
v -0.00094138 -0.00545000 0.00187718
v -0.00158293 -0.00545000 0.00137997
v -0.00166263 -0.00545000 0.00128283
v -0.00215075 -0.00530000 0.00066089
v -0.00200737 -0.00545000 0.00061683
v -0.00205458 -0.00545000 0.00043441
v -0.00223362 -0.00530000 -0.00027104
v -0.00208471 -0.00545000 -0.00025297
v -0.00203959 -0.00545000 -0.00050006
v -0.00193027 -0.00530000 -0.00115610
v -0.00180158 -0.00545000 -0.00107903
v -0.00162064 -0.00545000 -0.00133549
v -0.00129316 -0.00530000 -0.00184126
v -0.00120695 -0.00545000 -0.00171851
v -0.00088070 -0.00545000 -0.00190640
v -0.00043245 -0.00530000 -0.00220805
v -0.00040362 -0.00545000 -0.00206085
v 0.00003608 -0.00530000 -0.00224971
v 0.00003367 -0.00545000 -0.00209973
v 0.00050303 -0.00530000 -0.00219305
v 0.00046950 -0.00545000 -0.00204685
v 0.00135153 -0.00530000 -0.00179885
v 0.00094138 -0.00545000 -0.00187718
v 0.00126143 -0.00545000 -0.00167893
v 0.00196635 -0.00530000 -0.00109361
v 0.00166263 -0.00545000 -0.00128283
v 0.00183526 -0.00545000 -0.00102070
v 0.00224116 -0.00530000 -0.00019928
v 0.00205458 -0.00545000 -0.00043441
v 0.00209175 -0.00545000 -0.00018599
v 0.00212845 -0.00530000 0.00072951
v 0.00203959 -0.00545000 0.00050006
v 0.00198656 -0.00545000 0.00068088
v 0.00164772 -0.00530000 0.00153216
v 0.00162064 -0.00545000 0.00133549
v 0.00153787 -0.00545000 0.00143002
v 0.00088208 -0.00530000 0.00206989
v 0.00088070 -0.00545000 0.00190640
v 0.00082328 -0.00545000 0.00193189
v -0.00003608 -0.00530000 0.00224971
v -0.00003367 -0.00545000 0.00209973
v -0.00088480 -0.00545000 0.00190450
v 0.00043441 -0.00615000 0.00205458
v 0.00088070 -0.00615000 0.00190640
v 0.00128283 -0.00615000 0.00166263
v 0.00162064 -0.00615000 0.00133549
v 0.00187718 -0.00615000 0.00094138
v 0.00203959 -0.00615000 0.00050006
v 0.00209973 -0.00615000 0.00003367
v 0.00205458 -0.00615000 -0.00043441
v 0.00190640 -0.00615000 -0.00088070
v 0.00166263 -0.00615000 -0.00128283
v 0.00133549 -0.00615000 -0.00162064
v 0.00094138 -0.00615000 -0.00187718
v 0.00050006 -0.00615000 -0.00203959
v 0.00003367 -0.00615000 -0.00209973
v -0.00043441 -0.00615000 -0.00205458
v -0.00088070 -0.00615000 -0.00190640
v -0.00128283 -0.00615000 -0.00166263
v -0.00162064 -0.00615000 -0.00133549
v -0.00187718 -0.00615000 -0.00094138
v -0.00203959 -0.00615000 -0.00050006
v -0.00209973 -0.00615000 -0.00003367
v -0.00205458 -0.00615000 0.00043441
v -0.00190640 -0.00615000 0.00088070
v -0.00166263 -0.00615000 0.00128283
v -0.00133549 -0.00615000 0.00162064
v -0.00094138 -0.00615000 0.00187718
v -0.00050006 -0.00615000 0.00203959
v -0.00003367 -0.00615000 0.00209973
v -0.00053578 -0.00630000 0.00218528
v -0.00100862 -0.00630000 0.00201127
v -0.00143088 -0.00630000 0.00173640
v -0.00178139 -0.00630000 0.00137447
v -0.00204257 -0.00630000 0.00094361
v -0.00220133 -0.00630000 0.00046543
v -0.00224971 -0.00630000 -0.00003608
v -0.00218528 -0.00630000 -0.00053578
v -0.00201127 -0.00630000 -0.00100862
v -0.00173640 -0.00630000 -0.00143088
v -0.00137447 -0.00630000 -0.00178139
v -0.00094361 -0.00630000 -0.00204257
v -0.00046543 -0.00630000 -0.00220133
v 0.00003608 -0.00630000 -0.00224971
v 0.00053578 -0.00630000 -0.00218528
v 0.00100862 -0.00630000 -0.00201127
v 0.00143088 -0.00630000 -0.00173640
v 0.00178139 -0.00630000 -0.00137446
v 0.00204257 -0.00630000 -0.00094361
v 0.00220133 -0.00630000 -0.00046543
v 0.00224971 -0.00630000 0.00003608
v 0.00218528 -0.00630000 0.00053578
v 0.00201127 -0.00630000 0.00100862
v 0.00173640 -0.00630000 0.00143088
v 0.00137447 -0.00630000 0.00178139
v 0.00094361 -0.00630000 0.00204257
v 0.00046543 -0.00630000 0.00220133
v -0.00003608 -0.00630000 0.00224971
v -0.00082438 -0.00530000 -0.00171184
v -0.00000000 -0.00530000 -0.00190000
v -0.00042279 -0.00710000 -0.00185236
v -0.00082438 -0.00710000 -0.00171184
v -0.00118463 -0.00710000 -0.00148548
v -0.00148548 -0.00530000 -0.00118463
v -0.00148548 -0.00710000 -0.00118463
v -0.00171184 -0.00710000 -0.00082438
v -0.00185236 -0.00530000 -0.00042279
v -0.00185236 -0.00710000 -0.00042279
v -0.00190000 -0.00710000 -0.00000000
v -0.00185236 -0.00530000 0.00042279
v -0.00185236 -0.00710000 0.00042279
v -0.00171184 -0.00710000 0.00082438
v -0.00148548 -0.00530000 0.00118463
v -0.00148548 -0.00710000 0.00118463
v -0.00118463 -0.00710000 0.00148548
v -0.00082438 -0.00530000 0.00171184
v -0.00082438 -0.00710000 0.00171184
v -0.00042279 -0.00710000 0.00185236
v -0.00000000 -0.00530000 0.00190000
v -0.00000000 -0.00710000 0.00190000
v 0.00042279 -0.00710000 0.00185236
v 0.00082438 -0.00530000 0.00171184
v 0.00082438 -0.00710000 0.00171184
v 0.00118463 -0.00710000 0.00148548
v 0.00148548 -0.00530000 0.00118463
v 0.00148548 -0.00710000 0.00118463
v 0.00171184 -0.00710000 0.00082438
v 0.00185236 -0.00530000 0.00042279
v 0.00185236 -0.00710000 0.00042279
v 0.00190000 -0.00710000 -0.00000000
v 0.00185236 -0.00530000 -0.00042279
v 0.00185236 -0.00710000 -0.00042279
v 0.00171184 -0.00710000 -0.00082438
v 0.00148548 -0.00530000 -0.00118463
v 0.00148548 -0.00710000 -0.00118463
v 0.00118463 -0.00710000 -0.00148548
v 0.00082438 -0.00530000 -0.00171184
v 0.00082438 -0.00710000 -0.00171184
v 0.00042279 -0.00710000 -0.00185236
v -0.00000000 -0.00710000 -0.00190000
v -0.00041683 -0.00720000 -0.00182624
v -0.00081275 -0.00720000 -0.00168770
v -0.00116792 -0.00720000 -0.00146453
v -0.00146453 -0.00720000 -0.00116792
v -0.00168770 -0.00720000 -0.00081275
v -0.00182624 -0.00720000 -0.00041683
v -0.00187321 -0.00720000 -0.00000000
v -0.00182624 -0.00720000 0.00041683
v -0.00168770 -0.00720000 0.00081275
v -0.00146453 -0.00720000 0.00116792
v -0.00116792 -0.00720000 0.00146453
v -0.00081275 -0.00720000 0.00168770
v -0.00041683 -0.00720000 0.00182624
v -0.00000000 -0.00720000 0.00187321
v 0.00041683 -0.00720000 0.00182624
v 0.00081275 -0.00720000 0.00168770
v 0.00116792 -0.00720000 0.00146453
v 0.00146453 -0.00720000 0.00116792
v 0.00168770 -0.00720000 0.00081275
v 0.00182624 -0.00720000 0.00041683
v 0.00187321 -0.00720000 -0.00000000
v 0.00182624 -0.00720000 -0.00041683
v 0.00168770 -0.00720000 -0.00081275
v 0.00146453 -0.00720000 -0.00116792
v 0.00116792 -0.00720000 -0.00146453
v 0.00081275 -0.00720000 -0.00168770
v 0.00041683 -0.00720000 -0.00182624
v -0.00000000 -0.00720000 -0.00187320
v -0.00040054 -0.00727321 -0.00175487
v -0.00078099 -0.00727321 -0.00162174
v -0.00112228 -0.00727321 -0.00140730
v -0.00140730 -0.00727321 -0.00112228
v -0.00162174 -0.00727321 -0.00078099
v -0.00175487 -0.00727321 -0.00040054
v -0.00180000 -0.00727321 -0.00000000
v -0.00175487 -0.00727321 0.00040054
v -0.00162174 -0.00727321 0.00078099
v -0.00140730 -0.00727321 0.00112228
v -0.00112228 -0.00727321 0.00140730
v -0.00078099 -0.00727321 0.00162174
v -0.00040054 -0.00727321 0.00175487
v -0.00000000 -0.00727321 0.00180000
v 0.00040054 -0.00727321 0.00175487
v 0.00078099 -0.00727321 0.00162174
v 0.00112228 -0.00727321 0.00140730
v 0.00140730 -0.00727321 0.00112228
v 0.00162174 -0.00727321 0.00078099
v 0.00175487 -0.00727321 0.00040054
v 0.00180000 -0.00727321 -0.00000000
v 0.00175487 -0.00727321 -0.00040054
v 0.00162174 -0.00727321 -0.00078099
v 0.00140730 -0.00727321 -0.00112228
v 0.00112228 -0.00727321 -0.00140730
v 0.00078099 -0.00727321 -0.00162174
v 0.00040054 -0.00727321 -0.00175487
v -0.00000000 -0.00727321 -0.00180000
v -0.00037829 -0.00730000 -0.00165738
v -0.00073760 -0.00730000 -0.00153165
v -0.00105993 -0.00730000 -0.00132911
v -0.00132911 -0.00730000 -0.00105993
v -0.00153165 -0.00730000 -0.00073760
v -0.00165738 -0.00730000 -0.00037829
v -0.00170000 -0.00730000 -0.00000000
v -0.00165738 -0.00730000 0.00037829
v -0.00153165 -0.00730000 0.00073760
v -0.00132911 -0.00730000 0.00105993
v -0.00105993 -0.00730000 0.00132911
v -0.00073760 -0.00730000 0.00153165
v -0.00037829 -0.00730000 0.00165738
v -0.00000000 -0.00730000 0.00170000
v 0.00037829 -0.00730000 0.00165738
v 0.00073760 -0.00730000 0.00153165
v 0.00105993 -0.00730000 0.00132911
v 0.00132911 -0.00730000 0.00105993
v 0.00153165 -0.00730000 0.00073760
v 0.00165738 -0.00730000 0.00037829
v 0.00170000 -0.00730000 -0.00000000
v 0.00165738 -0.00730000 -0.00037829
v 0.00153165 -0.00730000 -0.00073760
v 0.00132911 -0.00730000 -0.00105993
v 0.00105993 -0.00730000 -0.00132911
v 0.00073760 -0.00730000 -0.00153165
v 0.00037829 -0.00730000 -0.00165738
v -0.00000000 -0.00730000 -0.00170000
v -0.00000000 0.00275000 0.02800000
v -0.00000000 -0.00275000 0.02800000
v 0.00075000 0.00275000 0.02820096
v 0.00075000 -0.00275000 0.02820096
v 0.00129904 0.00275000 0.02875000
v 0.00129904 -0.00275000 0.02875000
v 0.00150000 0.00275000 0.02950000
v 0.00150000 -0.00275000 0.02950000
v 0.00129904 0.00275000 0.03025000
v 0.00129904 -0.00275000 0.03025000
v 0.00075000 0.00275000 0.03079904
v 0.00075000 -0.00275000 0.03079904
v -0.00000000 0.00275000 0.03100000
v -0.00000000 -0.00275000 0.03100000
v -0.00075000 0.00275000 0.03079904
v -0.00075000 -0.00275000 0.03079904
v -0.00129904 0.00275000 0.03025000
v -0.00129904 -0.00275000 0.03025000
v -0.00150000 0.00275000 0.02950000
v -0.00150000 -0.00275000 0.02950000
v -0.00129904 0.00275000 0.02875000
v -0.00129904 -0.00275000 0.02875000
v -0.00075000 0.00275000 0.02820096
v -0.00075000 -0.00275000 0.02820096
v -0.00850352 -0.00080645 0.02744085
v -0.00835000 -0.00081150 0.02753120
v -0.00835000 -0.00070278 0.02712545
v -0.00835000 -0.00040575 0.02682842
v -0.00835000 0.00040575 0.02682842
v -0.00835000 -0.00000000 0.02671970
v -0.00835000 0.00070278 0.02712545
v -0.00835000 0.00081150 0.02753120
v -0.00849991 0.00081150 0.02753120
v -0.00850226 0.00080936 0.02747232
v -0.00851180 0.00075595 0.02723613
v -0.00835000 0.00070278 0.02793695
v -0.00848358 0.00070278 0.02793695
v -0.00849173 0.00078545 0.02773516
v -0.00846908 0.00026594 0.02829789
v -0.00847168 0.00040576 0.02823398
v -0.00835000 0.00040575 0.02823398
v -0.00847454 0.00051011 0.02816233
v -0.00848219 0.00068183 0.02797125
v -0.00846718 -0.00001025 0.02834264
v -0.00835000 -0.00000000 0.02834270
v -0.00846929 -0.00028027 0.02829277
v -0.00835000 -0.00040575 0.02823398
v -0.00847168 -0.00040576 0.02823398
v -0.00849991 -0.00081150 0.02753120
v -0.00849297 -0.00079286 0.02770416
v -0.00835000 -0.00070278 0.02793695
v -0.00848358 -0.00070278 0.02793695
v -0.00847480 -0.00051801 0.02815586
v -0.00835000 -0.00051962 0.02753121
v -0.00835000 -0.00025981 0.02708120
v -0.00835000 0.00025980 0.02708120
v -0.00835000 0.00051962 0.02753120
v -0.00835000 0.00025981 0.02798120
v -0.00835000 -0.00025980 0.02798120
v -0.00635000 0.00051962 0.02753120
v -0.00635000 0.00025980 0.02708120
v -0.00635000 -0.00025981 0.02708120
v -0.00635000 -0.00051962 0.02753121
v -0.00635000 0.00025981 0.02798120
v -0.00635000 -0.00025980 0.02798120
v 0.00555000 0.00072984 0.02617794
v 0.00555000 0.00008119 0.02664619
v 0.00555000 -0.00008119 0.02505446
v 0.00555000 0.00064865 0.02538208
v 0.00555000 -0.00072984 0.02552271
v 0.00555000 -0.00064865 0.02631858
v 0.00535000 0.00064865 0.02538208
v 0.00535000 0.00072984 0.02617794
v 0.00535000 -0.00008119 0.02505446
v 0.00535000 0.00008119 0.02664619
v 0.00535000 -0.00072984 0.02552271
v 0.00535000 -0.00064865 0.02631858
v 0.00086603 -0.00730000 -0.00000000
v -0.00043301 -0.00730000 0.00075000
v -0.00086603 -0.00730000 -0.00000000
v 0.00043301 -0.00730000 0.00075000
v -0.00043301 -0.00730000 -0.00075000
v 0.00043301 -0.00730000 -0.00075000
v -0.00000000 -0.00623438 -0.00000000
v -0.00086603 -0.00630000 -0.00000000
v -0.00043301 -0.00630000 -0.00075000
v -0.00043301 -0.00630000 0.00075000
v 0.00043301 -0.00630000 0.00075000
v 0.00086603 -0.00630000 -0.00000000
v 0.00043301 -0.00630000 -0.00075000
v -0.00835577 -0.00169491 0.02728585
v 0.00553784 -0.00263307 0.02966323
v 0.00553609 -0.00275000 0.02953575
v 0.00553784 -0.00275000 0.02953073
v 0.00553784 0.00012170 0.03081283
v 0.00553784 0.00055989 0.03077056
v 0.00550872 0.00056935 0.03082410
v 0.00553784 0.00275000 0.02953073
v 0.00553608 0.00275000 0.02953575
v 0.00553784 0.00249225 0.02980728
v 0.00506958 0.00275000 0.03058353
v 0.00553784 0.00216046 0.03009062
v 0.00553784 0.00098961 0.03067543
v 0.00535754 0.00169491 0.03074128
v 0.00553784 0.00140419 0.03052855
v 0.00553784 0.00179569 0.03033262
v 0.00553784 -0.00075055 0.03073474
v 0.00553784 -0.00031797 0.03080106
v 0.00550873 -0.00056934 0.03082410
v 0.00553784 -0.00231053 0.02996920
v 0.00553784 -0.00195248 0.03023303
v 0.00535754 -0.00169491 0.03074128
v 0.00553784 -0.00117175 0.03061548
v 0.00506958 -0.00275000 0.03058353
v 0.00482581 -0.00275000 0.03099449
v 0.00443774 -0.00275000 0.03154074
v 0.00469596 -0.00169491 0.03174353
v 0.00387914 -0.00169491 0.03262386
v 0.00379401 -0.00275000 0.03225344
v 0.00292913 -0.00169491 0.03335849
v 0.00275031 -0.00275000 0.03308313
v -0.00165044 -0.00169491 0.03451245
v -0.00059053 -0.00275000 0.03419369
v -0.00044953 -0.00169491 0.03451245
v 0.00065493 -0.00275000 0.03399733
v 0.00073516 -0.00169491 0.03431571
v 0.00101009 -0.00275000 0.03389779
v 0.00187161 -0.00169491 0.03392756
v 0.00174032 -0.00275000 0.03362663
v 0.00249861 -0.00275000 0.03323909
v -0.00519203 -0.00275000 0.03284644
v -0.00485029 -0.00275000 0.03308314
v -0.00502911 -0.00169491 0.03335850
v -0.00377834 -0.00275000 0.03365332
v -0.00397159 -0.00169491 0.03392757
v -0.00275491 -0.00275000 0.03399734
v -0.00283513 -0.00169491 0.03431572
v -0.00221617 -0.00275000 0.03411069
v -0.00162346 -0.00275000 0.03418523
v -0.00575760 -0.00275000 0.03238153
v -0.00597912 -0.00169491 0.03262388
v -0.00638031 -0.00275000 0.03173399
v -0.00679595 -0.00169491 0.03174355
v -0.00653772 -0.00275000 0.03154076
v -0.00745753 -0.00169491 0.03074130
v -0.00716957 -0.00275000 0.03058355
v -0.00792463 -0.00275000 0.02842572
v -0.00824812 -0.00169491 0.02848193
v -0.00783778 -0.00275000 0.02884784
v -0.00794598 -0.00169491 0.02964421
v -0.00763608 -0.00275000 0.02953577
v -0.00727852 -0.00275000 0.03037650
v -0.00841796 0.00056934 0.02851144
v -0.00841796 -0.00056935 0.02851144
v -0.00824812 0.00169491 0.02848193
v -0.00830306 0.00189653 0.02744653
v -0.00783778 0.00275000 0.02884784
v -0.00792463 0.00275000 0.02842572
v -0.00763608 0.00275000 0.02953577
v -0.00794598 0.00169491 0.02964421
v -0.00727852 0.00275000 0.03037650
v -0.00745753 0.00169491 0.03074130
v -0.00716957 0.00275000 0.03058355
v -0.00679595 0.00169491 0.03174355
v -0.00653772 0.00275000 0.03154076
v -0.00283513 0.00169491 0.03431572
v -0.00377833 0.00275000 0.03365332
v -0.00397159 0.00169491 0.03392757
v -0.00485029 0.00275000 0.03308314
v -0.00502911 0.00169491 0.03335850
v -0.00519203 0.00275000 0.03284645
v -0.00597912 0.00169491 0.03262388
v -0.00575760 0.00275000 0.03238153
v -0.00638031 0.00275000 0.03173399
v -0.00162346 0.00275000 0.03418523
v -0.00221616 0.00275000 0.03411069
v -0.00275491 0.00275000 0.03399734
v 0.00101010 0.00275000 0.03389778
v 0.00065493 0.00275000 0.03399733
v 0.00073516 0.00169491 0.03431571
v -0.00059053 0.00275000 0.03419369
v -0.00044953 0.00169491 0.03451245
v -0.00165044 0.00169491 0.03451245
v 0.00174032 0.00275000 0.03362663
v 0.00187161 0.00169491 0.03392756
v 0.00249861 0.00275000 0.03323909
v 0.00292913 0.00169491 0.03335849
v 0.00275031 0.00275000 0.03308313
v 0.00387914 0.00169491 0.03262386
v 0.00379402 0.00275000 0.03225344
v 0.00469596 0.00169491 0.03174353
v 0.00443774 0.00275000 0.03154074
v 0.00482581 0.00275000 0.03099448
v 0.00483154 -0.00056934 0.03185000
v 0.00399544 -0.00056934 0.03275110
v 0.00302302 -0.00056934 0.03350306
v 0.00194055 -0.00056934 0.03408556
v 0.00077728 -0.00056935 0.03448287
v -0.00043536 -0.00056935 0.03468425
v -0.00166461 -0.00056935 0.03468425
v -0.00287725 -0.00056935 0.03448288
v -0.00404052 -0.00056935 0.03408558
v -0.00512299 -0.00056935 0.03350307
v -0.00609542 -0.00056935 0.03275112
v -0.00693152 -0.00056935 0.03185002
v -0.00760871 -0.00056935 0.03082412
v -0.00810869 -0.00056935 0.02970115
v 0.00483154 0.00056935 0.03185000
v 0.00399544 0.00056935 0.03275110
v 0.00302302 0.00056935 0.03350306
v 0.00194055 0.00056935 0.03408556
v 0.00077728 0.00056935 0.03448287
v -0.00043536 0.00056934 0.03468425
v -0.00166461 0.00056934 0.03468425
v -0.00287725 0.00056934 0.03448288
v -0.00404052 0.00056934 0.03408558
v -0.00512299 0.00056934 0.03350307
v -0.00609542 0.00056934 0.03275112
v -0.00693152 0.00056934 0.03185002
v -0.00760871 0.00056934 0.03082412
v -0.00810869 0.00056934 0.02970115
v 0.00554704 0.00275000 0.02949360
v 0.00554304 0.00248448 0.02979925
v 0.00554304 0.00215373 0.03008171
v 0.00554304 0.00179010 0.03032296
v 0.00554304 0.00139981 0.03051828
v 0.00554304 0.00098653 0.03066470
v 0.00554304 0.00055814 0.03075954
v 0.00554304 0.00012132 0.03080167
v 0.00554304 -0.00031698 0.03078993
v 0.00554304 -0.00074821 0.03072383
v 0.00554304 -0.00116810 0.03060493
v 0.00554304 -0.00194640 0.03022368
v 0.00554304 -0.00230333 0.02996067
v 0.00554304 -0.00262486 0.02965565
v 0.00554704 -0.00275000 0.02949361
v 0.00555000 0.00275000 0.02945549
v 0.00555000 0.00245902 0.02977293
v 0.00555000 0.00213165 0.03005249
v 0.00555000 0.00177175 0.03029127
v 0.00555000 0.00138547 0.03048459
v 0.00555000 0.00097641 0.03062951
v 0.00555000 0.00055242 0.03072337
v 0.00555000 0.00012008 0.03076507
v 0.00555000 -0.00031373 0.03075346
v 0.00555000 -0.00074054 0.03068803
v 0.00555000 -0.00115613 0.03057035
v 0.00555000 -0.00192644 0.03019301
v 0.00555000 -0.00227972 0.02993269
v 0.00555000 -0.00259796 0.02963080
v 0.00555000 -0.00275000 0.02945549
v 0.00462892 -0.00275000 0.02469251
v 0.00555000 -0.00275000 0.02391353
v 0.00330767 -0.00275000 0.02534353
v 0.00186103 -0.00275000 0.02562055
v 0.00555000 0.00275000 0.02391353
v -0.00679562 0.00335000 0.00570000
v -0.00679562 -0.00315000 0.00570000
v 0.00330767 0.00275000 0.02534353
v 0.00186103 0.00275000 0.02562055
v 0.00462892 0.00275000 0.02469251
v -0.00620697 -0.00275000 0.02833248
v -0.00542218 -0.00275000 0.02824668
v -0.00490408 -0.00275000 0.02799510
v -0.00696382 -0.00275000 0.02810789
v -0.00757481 -0.00275000 0.02760793
v -0.00794471 -0.00275000 0.02691048
v -0.00384312 -0.00459265 0.00326000
v -0.00405735 -0.00480688 0.00326000
v -0.00435000 -0.00430000 0.00326000
v -0.00435000 -0.00488529 0.00326000
v -0.00464265 -0.00480688 0.00326000
v -0.00405735 -0.00379312 0.00326000
v -0.00384312 -0.00400735 0.00326000
v -0.00376471 -0.00430000 0.00326000
v -0.00485688 -0.00400735 0.00326000
v -0.00464265 -0.00379312 0.00326000
v -0.00435000 -0.00371471 0.00326000
v -0.00485688 -0.00459265 0.00326000
v -0.00493529 -0.00430000 0.00326000
v -0.00379964 -0.00398225 0.00320000
v -0.00403225 -0.00374964 0.00320000
v -0.00435000 -0.00430000 0.00320000
v -0.00435000 -0.00366450 0.00320000
v -0.00466775 -0.00374964 0.00320000
v -0.00403225 -0.00485036 0.00320000
v -0.00379964 -0.00461775 0.00320000
v -0.00371450 -0.00430000 0.00320000
v -0.00490036 -0.00461775 0.00320000
v -0.00466775 -0.00485036 0.00320000
v -0.00435000 -0.00493550 0.00320000
v -0.00490036 -0.00398225 0.00320000
v -0.00498550 -0.00430000 0.00320000
v -0.00435000 -0.00493550 0.00330673
v -0.00403225 -0.00485036 0.00330673
v -0.00379964 -0.00461775 0.00330673
v -0.00371450 -0.00430000 0.00330673
v -0.00379964 -0.00398225 0.00330673
v -0.00403225 -0.00374964 0.00330673
v -0.00435000 -0.00366450 0.00330673
v -0.00466775 -0.00374964 0.00330673
v -0.00490036 -0.00398225 0.00330673
v -0.00498550 -0.00430000 0.00330673
v -0.00490036 -0.00461775 0.00330673
v -0.00466775 -0.00485036 0.00330673
v -0.00000000 -0.00530000 -0.00325000
v -0.00000000 -0.00530000 -0.00310000
v -0.00111157 -0.00530000 -0.00305400
v -0.00106026 -0.00530000 -0.00291305
v -0.00208906 -0.00530000 -0.00248964
v -0.00199264 -0.00530000 -0.00237474
v -0.00281458 -0.00530000 -0.00162500
v -0.00268468 -0.00530000 -0.00155000
v -0.00320063 -0.00530000 -0.00056436
v -0.00305290 -0.00530000 -0.00053831
v -0.00320063 -0.00530000 0.00056436
v -0.00305290 -0.00530000 0.00053831
v -0.00281458 -0.00530000 0.00162500
v -0.00268468 -0.00530000 0.00155000
v -0.00208906 -0.00530000 0.00248964
v -0.00199264 -0.00530000 0.00237474
v -0.00111157 -0.00530000 0.00305400
v -0.00106026 -0.00530000 0.00291305
v -0.00000000 -0.00530000 0.00325000
v -0.00004971 -0.00530000 0.00309960
v -0.00000000 -0.00530000 0.00310000
v 0.00111157 -0.00530000 0.00305400
v 0.00106026 -0.00530000 0.00291305
v 0.00208906 -0.00530000 0.00248964
v 0.00199264 -0.00530000 0.00237474
v 0.00281458 -0.00530000 0.00162500
v 0.00268468 -0.00530000 0.00155000
v 0.00320063 -0.00530000 0.00056436
v 0.00305290 -0.00530000 0.00053831
v 0.00320063 -0.00530000 -0.00056436
v 0.00305290 -0.00530000 -0.00053831
v 0.00281458 -0.00530000 -0.00162500
v 0.00268468 -0.00530000 -0.00155000
v 0.00208906 -0.00530000 -0.00248964
v 0.00199264 -0.00530000 -0.00237474
v 0.00111157 -0.00530000 -0.00305400
v 0.00106026 -0.00530000 -0.00291305
v 0.00004971 -0.00530000 -0.00309960
v -0.00005211 -0.00545000 0.00324958
v -0.00111157 -0.00545000 0.00305400
v -0.00208906 -0.00545000 0.00248964
v -0.00281458 -0.00545000 0.00162500
v -0.00320063 -0.00545000 0.00056436
v -0.00320063 -0.00545000 -0.00056436
v -0.00281458 -0.00545000 -0.00162500
v -0.00208906 -0.00545000 -0.00248964
v -0.00111157 -0.00545000 -0.00305400
v -0.00000000 -0.00545000 -0.00325000
v 0.00005211 -0.00545000 -0.00324958
v 0.00111157 -0.00545000 -0.00305400
v 0.00208906 -0.00545000 -0.00248964
v 0.00281458 -0.00545000 -0.00162500
v 0.00320063 -0.00545000 -0.00056436
v 0.00320063 -0.00545000 0.00056436
v 0.00281458 -0.00545000 0.00162500
v 0.00208906 -0.00545000 0.00248964
v 0.00111157 -0.00545000 0.00305400
v -0.00000000 -0.00545000 0.00325000
v -0.00048338 -0.00530000 -0.00083723
v -0.00067126 -0.00530000 -0.00116266
v -0.00083723 -0.00530000 -0.00048338
v -0.00116266 -0.00530000 -0.00067126
v -0.00096675 -0.00530000 -0.00000000
v -0.00134252 -0.00530000 -0.00000000
v -0.00083723 -0.00530000 0.00048337
v -0.00116266 -0.00530000 0.00067126
v -0.00048338 -0.00530000 0.00083723
v -0.00067126 -0.00530000 0.00116266
v -0.00000000 -0.00530000 0.00096675
v -0.00000000 -0.00530000 0.00134252
v 0.00048338 -0.00530000 0.00083723
v 0.00067126 -0.00530000 0.00116266
v 0.00083723 -0.00530000 0.00048337
v 0.00116266 -0.00530000 0.00067126
v 0.00096675 -0.00530000 -0.00000000
v 0.00134252 -0.00530000 -0.00000000
v 0.00083723 -0.00530000 -0.00048338
v 0.00116266 -0.00530000 -0.00067126
v 0.00048338 -0.00530000 -0.00083723
v 0.00067126 -0.00530000 -0.00116266
v -0.00000000 -0.00530000 -0.00096675
v -0.00000000 -0.00530000 -0.00134252
v -0.00096675 -0.00500000 -0.00000000
v -0.00136877 -0.00500000 -0.00000000
v -0.00083723 -0.00500000 -0.00048338
v -0.00118539 -0.00500000 -0.00068438
v -0.00048338 -0.00500000 -0.00083723
v -0.00068438 -0.00500000 -0.00118539
v -0.00000000 -0.00500000 -0.00096675
v -0.00000000 -0.00500000 -0.00136877
v 0.00048338 -0.00500000 -0.00083723
v 0.00068438 -0.00500000 -0.00118539
v 0.00083723 -0.00500000 -0.00048338
v 0.00118539 -0.00500000 -0.00068438
v 0.00096675 -0.00500000 -0.00000000
v 0.00136877 -0.00500000 -0.00000000
v 0.00083723 -0.00500000 0.00048337
v 0.00118539 -0.00500000 0.00068438
v 0.00048338 -0.00500000 0.00083723
v 0.00068438 -0.00500000 0.00118539
v -0.00000000 -0.00500000 0.00096675
v -0.00000000 -0.00500000 0.00136877
v -0.00048338 -0.00500000 0.00083723
v -0.00068438 -0.00500000 0.00118539
v -0.00083723 -0.00500000 0.00048337
v -0.00118539 -0.00500000 0.00068438
v -0.00070278 -0.00130000 0.00040575
v -0.00040575 -0.00130000 0.00070278
v -0.00000000 -0.00130000 -0.00000000
v -0.00000000 -0.00130000 0.00081150
v 0.00040575 -0.00130000 0.00070278
v -0.00040575 -0.00130000 -0.00070278
v -0.00070278 -0.00130000 -0.00040575
v -0.00081150 -0.00130000 -0.00000000
v 0.00070278 -0.00130000 -0.00040575
v 0.00040575 -0.00130000 -0.00070278
v -0.00000000 -0.00130000 -0.00081150
v 0.00070278 -0.00130000 0.00040575
v 0.00081150 -0.00130000 -0.00000000
v 0.00070278 -0.00100000 0.00040575
v 0.00040575 -0.00100000 0.00070278
v -0.00000000 -0.00100000 -0.00000000
v -0.00000000 -0.00100000 0.00081150
v -0.00040575 -0.00100000 0.00070278
v 0.00040575 -0.00100000 -0.00070278
v 0.00070278 -0.00100000 -0.00040575
v 0.00081150 -0.00100000 -0.00000000
v -0.00070278 -0.00100000 -0.00040575
v -0.00040575 -0.00100000 -0.00070278
v -0.00000000 -0.00100000 -0.00081150
v -0.00070278 -0.00100000 0.00040575
v -0.00081150 -0.00100000 -0.00000000
v 0.00275688 -0.00459265 0.00326000
v 0.00254265 -0.00480688 0.00326000
v 0.00225000 -0.00430000 0.00326000
v 0.00225000 -0.00488529 0.00326000
v 0.00195735 -0.00480688 0.00326000
v 0.00254265 -0.00379312 0.00326000
v 0.00275688 -0.00400735 0.00326000
v 0.00283529 -0.00430000 0.00326000
v 0.00174312 -0.00400735 0.00326000
v 0.00195735 -0.00379312 0.00326000
v 0.00225000 -0.00371471 0.00326000
v 0.00174312 -0.00459265 0.00326000
v 0.00166471 -0.00430000 0.00326000
v 0.00280036 -0.00398225 0.00320000
v 0.00256775 -0.00374964 0.00320000
v 0.00225000 -0.00430000 0.00320000
v 0.00225000 -0.00366450 0.00320000
v 0.00193225 -0.00374964 0.00320000
v 0.00256775 -0.00485036 0.00320000
v 0.00280036 -0.00461775 0.00320000
v 0.00288550 -0.00430000 0.00320000
v 0.00169964 -0.00461775 0.00320000
v 0.00193225 -0.00485036 0.00320000
v 0.00225000 -0.00493550 0.00320000
v 0.00169964 -0.00398225 0.00320000
v 0.00161450 -0.00430000 0.00320000
v 0.00225000 -0.00493550 0.00330673
v 0.00256775 -0.00485036 0.00330673
v 0.00280036 -0.00461775 0.00330673
v 0.00288550 -0.00430000 0.00330673
v 0.00280036 -0.00398225 0.00330673
v 0.00256775 -0.00374964 0.00330673
v 0.00225000 -0.00366450 0.00330673
v 0.00193225 -0.00374964 0.00330673
v 0.00169964 -0.00398225 0.00330673
v 0.00161450 -0.00430000 0.00330673
v 0.00169964 -0.00461775 0.00330673
v 0.00193225 -0.00485036 0.00330673
v -0.00572115 -0.00480316 0.00686157
v -0.00592169 -0.00459963 0.00700000
v -0.00574175 -0.00508932 0.00700000
v -0.00532411 -0.00556930 0.00700000
v -0.00525559 -0.00521565 0.00668839
v -0.00557131 -0.00494447 0.00678275
v -0.00475244 -0.00584856 0.00700000
v -0.00496917 -0.00543416 0.00669281
v -0.00512901 -0.00531523 0.00667994
v -0.00423287 -0.00589571 0.00700000
v -0.00425937 -0.00588132 0.00698392
v -0.00440085 -0.00580188 0.00690285
v -0.00467102 -0.00563722 0.00677527
v -0.00670974 0.00372138 0.01122358
v -0.00670974 0.00358572 0.01115000
v -0.00571792 0.00480630 0.01115000
v 0.00441771 -0.00387223 0.01115000
v 0.00382169 -0.00459963 0.01115000
v 0.00454012 -0.00395892 0.01130000
v 0.00378372 -0.00475575 0.01123100
v 0.00373096 -0.00490560 0.01130000
v -0.00670974 0.00385874 0.01130000
v 0.00519726 -0.00242110 0.01115000
v 0.00533712 -0.00247531 0.01130000
v 0.00559918 -0.00082363 0.01115000
v 0.00574805 -0.00084207 0.01130000
v 0.00559918 0.00082363 0.01115000
v 0.00574805 0.00084207 0.01130000
v 0.00519726 0.00242110 0.01115000
v 0.00533712 0.00247531 0.01130000
v 0.00441771 0.00387223 0.01115000
v 0.00454012 0.00395892 0.01130000
v 0.00330765 0.00508929 0.01115000
v 0.00340521 0.00520323 0.01130000
v 0.00193419 0.00599872 0.01115000
v 0.00200100 0.00613302 0.01130000
v 0.00038034 0.00654554 0.01115000
v 0.00041236 0.00669209 0.01130000
v -0.00125997 0.00669671 0.01115000
v -0.00126467 0.00684664 0.01130000
v -0.00288759 0.00644308 0.01115000
v -0.00292873 0.00658733 0.01130000
v -0.00440413 0.00579998 0.01115000
v -0.00447922 0.00592983 0.01130000
v -0.00582243 0.00491390 0.01130000
v -0.00670974 0.00358572 0.01130000
v -0.00423287 -0.00589571 0.01115000
v -0.00447922 -0.00592983 0.01130000
v -0.00292873 -0.00658733 0.01130000
v -0.00455189 -0.00588721 0.01130000
v 0.00245189 -0.00588721 0.01130000
v 0.00213287 -0.00589571 0.01115000
v 0.00200100 -0.00613302 0.01130000
v 0.00193419 -0.00599872 0.01115000
v 0.00041236 -0.00669209 0.01130000
v 0.00038034 -0.00654554 0.01115000
v -0.00126467 -0.00684664 0.01130000
v -0.00125997 -0.00669671 0.01115000
v -0.00288759 -0.00644308 0.01115000
v 0.00334893 -0.00505365 0.00683301
v 0.00368348 -0.00474175 0.00700000
v 0.00341795 -0.00524122 0.00700000
v 0.00298633 -0.00560683 0.00700000
v 0.00245000 -0.00578661 0.00700000
v 0.00245000 -0.00571314 0.00692723
v 0.00278246 -0.00549565 0.00680890
v 0.00306607 -0.00528659 0.00678053
v 0.00330819 -0.00508883 0.00682026
v 0.00245000 -0.00578661 0.00726000
v 0.00245000 -0.00571314 0.00726000
v 0.00341795 -0.00524122 0.00726000
v 0.00368348 -0.00474175 0.00726000
v 0.00330765 -0.00508929 0.00726000
v 0.00298633 -0.00560683 0.00726000
v -0.00455000 -0.00578661 0.00700000
v -0.00455000 -0.00578661 0.00726000
v -0.00508633 -0.00560683 0.00726000
v -0.00508633 -0.00560683 0.00700000
v -0.00551795 -0.00524122 0.00726000
v -0.00551795 -0.00524122 0.00700000
v -0.00578348 -0.00474175 0.00726000
v -0.00578348 -0.00474175 0.00700000
v -0.00455000 -0.00571314 0.00726000
v -0.00571792 -0.00480630 0.00726000
v -0.00455000 -0.00571314 0.00692723
v -0.00491038 -0.00547608 0.00680286
v -0.00520966 -0.00525236 0.00678304
v -0.00571950 -0.00480476 0.00695964
v -0.00547935 -0.00502701 0.00684364
v -0.00537213 -0.00511949 0.00681040
v -0.00670974 -0.00358572 0.01115000
v -0.00670974 -0.00358572 0.01130000
v -0.00670974 -0.00372138 0.01122358
v -0.00670974 -0.00385874 0.01130000
v -0.00583096 -0.00490560 0.01130000
v -0.00588372 -0.00475575 0.01123100
v -0.00592169 -0.00459963 0.01115000
v -0.00288759 -0.00644308 0.01130000
v -0.00440413 -0.00579998 0.01130000
v -0.00571792 -0.00480630 0.01130000
v -0.00475244 -0.00584856 0.01130000
v -0.00532411 -0.00556930 0.01130000
v -0.00574175 -0.00508932 0.01130000
v 0.00441771 -0.00387223 0.01130000
v 0.00330765 -0.00508929 0.01130000
v 0.00364175 -0.00508932 0.01130000
v 0.00322411 -0.00556930 0.01130000
v 0.00265244 -0.00584856 0.01130000
v 0.00193419 -0.00599872 0.01130000
v 0.00038034 -0.00654554 0.01130000
v -0.00125997 -0.00669671 0.01130000
v -0.00571792 0.00480630 0.01130000
v -0.00440413 0.00579998 0.01130000
v -0.00288759 0.00644308 0.01130000
v -0.00125997 0.00669671 0.01130000
v 0.00038034 0.00654554 0.01130000
v 0.00193419 0.00599872 0.01130000
v 0.00330765 0.00508929 0.01130000
v 0.00441771 0.00387223 0.01130000
v 0.00519726 0.00242110 0.01130000
v 0.00559918 0.00082363 0.01130000
v 0.00559918 -0.00082363 0.01130000
v 0.00519726 -0.00242110 0.01130000
v 0.00382169 -0.00459963 0.00700000
v 0.00350835 -0.00491034 0.00680026
v 0.00330961 -0.00508761 0.00672190
v 0.00319340 -0.00518494 0.00669433
v 0.00213287 -0.00589571 0.00700000
v 0.00256005 -0.00564425 0.00677961
v 0.00289903 -0.00541250 0.00668861
v 0.00302918 -0.00531510 0.00667994
v 0.00364175 -0.00508932 0.00700000
v 0.00265244 -0.00584856 0.00700000
v 0.00322411 -0.00556930 0.00700000
v 0.00148046 0.00684023 -0.00024289
v 0.00147843 0.00681110 -0.00025530
v 0.00149274 0.00644650 0.00014641
v 0.00147464 0.00669987 -0.00027464
v 0.00147526 0.00665402 -0.00027139
v 0.00148028 0.00655968 -0.00024263
v 0.00148455 0.00651349 -0.00021491
v 0.00149274 0.00644651 -0.00014642
v 0.00149607 0.00642451 -0.00010846
v 0.00149779 0.00641343 0.00008096
v 0.00150000 0.00640000 -0.00000000
v 0.00148027 0.00655983 0.00024270
v 0.00147736 0.00660255 0.00025967
v 0.00149021 0.00693478 -0.00017059
v 0.00148868 0.00647726 0.00018364
v 0.00147464 0.00670009 0.00027464
v 0.00147588 0.00676086 0.00026908
v 0.00148047 0.00684035 0.00024283
v 0.00148456 0.00688636 0.00021504
v 0.00149275 0.00695350 0.00014642
v 0.00149275 0.00695353 -0.00014638
v 0.00149606 0.00697541 0.00010863
v 0.00149905 0.00699438 -0.00005267
v 0.00150000 0.00700000 -0.00000000
v 0.00120000 0.00670000 -0.00000000
vn 0.90729096 0.24746362 -0.33997775
vn 0.88156946 0.28218128 -0.37842967
vn 0.93594714 0.34630756 0.06382808
vn -0.98148809 0.16183702 0.10242025
vn -0.94978499 0.15310592 0.27288652
vn -0.89592376 0.44418577 -0.00443000
vn -0.79659670 -0.49940469 0.34062978
vn -0.79280062 -0.54984538 0.26293960
vn -0.96038283 0.27767233 0.02372549
vn -0.94162401 -0.33666634 -0.00000181
vn -0.60758344 -0.79400119 0.02011126
vn -0.96543304 -0.17154031 0.19624719
vn -0.14886021 -0.76225120 -0.62993154
vn -0.17955331 -0.79008544 -0.58611058
vn 0.38874918 -0.61815262 0.68319939
vn 0.63151896 -0.49923768 0.59324998
vn 0.58752800 -0.52614804 0.61480004
vn 0.87059804 -0.47273156 -0.13632291
vn 0.52299117 -0.55444034 0.64736091
vn 0.45551169 -0.58770026 0.66866845
vn 0.85946022 -0.50451999 -0.08238763
vn 0.85939829 -0.51106764 -0.01563504
vn -0.20668325 -0.79565430 -0.56939992
vn -0.23916454 -0.80404158 -0.54435050
vn 0.86568653 -0.49918247 0.03746588
vn -0.27165507 -0.82900723 -0.48882566
vn 0.86878645 -0.48582085 0.09585513
vn -0.32240259 -0.86253127 -0.38999535
vn 0.88119600 -0.45507372 0.12806843
vn -0.34776666 -0.90489148 -0.24541752
vn 0.89917178 -0.42818516 0.09026392
vn 0.61516469 -0.78826013 0.01477748
vn 0.90757023 -0.41987699 0.00442555
vn 0.89140421 -0.45320856 0.00073185
vn 0.90341491 -0.42428933 -0.06180667
vn 0.62842982 -0.77771250 -0.01546689
vn 0.89408927 -0.42900134 -0.12869436
vn -0.30642627 -0.92838404 0.21025225
vn 0.89014801 -0.42410526 -0.16664707
vn -0.34881831 -0.86292512 0.36563099
vn 0.86395225 -0.44493013 -0.23584675
vn 0.82922639 -0.46537588 -0.30953009
vn -0.29503687 -0.83263203 0.46869729
vn 0.81038002 -0.47398205 -0.34442015
vn -0.25367623 -0.80267137 0.53978426
vn 0.76144491 -0.50379758 -0.40790887
vn -0.23584227 -0.78464477 0.57333324
vn 0.70236201 -0.53916139 -0.46475004
vn -0.20844954 -0.77524569 0.59627419
vn 0.67469312 -0.54467509 -0.49811469
vn 0.01222775 -0.72012539 -0.69373619
vn -0.02624949 -0.73699685 -0.67538626
vn -0.07505954 -0.73620531 -0.67258293
vn -0.11581837 -0.74580526 -0.65601877
vn 0.11002849 -0.72469759 0.68022579
vn 0.16767186 -0.71544638 -0.67824968
vn 0.13415912 -0.71841980 -0.68254987
vn 0.07774976 -0.71652963 0.69321012
vn 0.08497682 -0.72443006 -0.68409066
vn 0.08511295 -0.69871024 0.71032372
vn 0.30268510 -0.64629018 0.70049321
vn 0.18007732 -0.67589054 0.71466365
vn 0.02105311 -0.70920731 -0.70468558
vn 0.05174979 -0.71611787 -0.69605830
vn 0.22558993 -0.74658049 0.62588079
vn 0.46493178 -0.77775857 -0.42300124
vn 0.44191816 -0.76682450 -0.46549814
vn 0.36160682 -0.75761083 -0.54338416
vn 0.32076075 -0.74067288 -0.59035262
vn 0.22835506 -0.74163416 0.63073984
vn 0.29019869 -0.72982831 -0.61897929
vn 0.25612774 -0.72790569 -0.63604394
vn 0.19821769 -0.71808903 -0.66712660
vn 0.14779950 -0.72475499 0.67296769
vn 0.22456758 -0.72074719 -0.65581468
vn 0.17408807 -0.72072544 0.67100535
vn 0.19818547 -0.72590927 0.65861844
vn 0.41501967 -0.75746228 -0.50399362
vn 0.25373456 -0.74474878 0.61722608
vn 0.49641619 -0.80030132 0.33628672
vn -0.75396050 -0.60103625 -0.26513957
vn -0.73595824 -0.60021956 -0.31321232
vn 0.46709889 -0.78551873 0.40592972
vn 0.52243972 -0.80264686 0.28777552
vn 0.52160445 -0.82289636 0.22532283
vn -0.78238957 -0.56994106 -0.25106521
vn 0.51627621 -0.84969121 0.10716210
vn 0.54448267 -0.83838423 0.02550505
vn 0.48390404 -0.81735740 -0.31267195
vn 0.49213353 -0.78998819 -0.36568188
vn 0.07766911 -0.73835478 0.66992517
vn 0.54296302 -0.83806777 -0.05323124
vn 0.51860036 -0.84269018 -0.14466140
vn 0.50427674 -0.83316614 -0.22702235
vn 0.14766852 -0.74838779 0.64661404
vn -0.21398959 -0.70504492 -0.67610658
vn -0.17132479 -0.70454313 -0.68867031
vn 0.22647268 -0.72037289 0.65557076
vn -0.26548761 -0.69739690 -0.66569805
vn 0.25494386 -0.72944418 0.63475572
vn -0.37327228 -0.68126410 -0.62971980
vn 0.28254569 -0.73359886 0.61806201
vn -0.46968865 -0.67409885 -0.57007308
vn 0.32280182 -0.74590680 0.58259938
vn -0.52189357 -0.66480948 -0.53446745
vn 0.35532084 -0.75766857 0.54743534
vn -0.59340742 -0.64398467 -0.48285751
vn -0.69057716 -0.61136352 -0.38644253
vn -0.63355143 -0.63312769 -0.44470430
vn 0.45592344 -0.77507852 0.43747812
vn 0.42879517 -0.76470730 0.48099630
vn 0.39692250 -0.76319010 0.50989548
vn 0.09078878 -0.71982639 0.68819138
vn 0.13165035 -0.71887310 0.68256109
vn 0.04387345 -0.69020392 -0.72228365
vn -0.07993589 -0.69970029 -0.70995054
vn 0.16575868 -0.71648792 0.67762019
vn 0.19922026 -0.71929031 0.66553192
vn 0.65678485 -0.54593768 -0.52017853
vn -0.15619582 -0.76233277 0.62805383
vn 0.58968556 -0.57692305 -0.56518203
vn -0.12097189 -0.74956248 0.65078560
vn -0.07419165 -0.73660971 0.67223637
vn 0.50312995 -0.61569899 -0.60644456
vn -0.02406655 -0.73244409 0.68040169
vn 0.12328326 -0.68797218 -0.71518915
vn 0.20865281 -0.68206391 -0.70089431
vn 0.04844210 -0.71444206 0.69801569
vn 0.28500553 -0.66579304 -0.68955890
vn 0.01366589 -0.72064127 0.69317343
vn 0.35856445 -0.65105485 -0.66899859
vn 0.43701324 -0.63547918 -0.63654194
vn -0.82697872 -0.50725557 -0.24248296
vn -0.85716955 -0.45886136 -0.23389447
vn 0.02988766 -0.71784841 0.69555761
vn -0.04929786 -0.68074375 0.73086091
vn -0.19372946 -0.62591066 0.75545003
vn -0.34739589 -0.57281243 0.74242981
vn -0.42852616 -0.53158884 0.73060156
vn -0.88665280 -0.40213636 -0.22832690
vn -0.51682526 -0.48332607 0.70660283
vn -0.65287079 -0.41960160 0.63063003
vn -0.72592133 -0.37260849 0.57810132
vn -0.91141578 -0.34630184 -0.22225282
vn -0.78892724 -0.34193695 0.51056139
vn -0.93250465 -0.28906126 -0.21651480
vn -0.84288751 -0.29342911 0.45104323
vn -0.87716693 -0.26058894 0.40332564
vn -0.96150548 -0.18150440 0.20630890
vn -0.94965771 -0.23005626 -0.21266017
vn -0.94551174 -0.18679129 0.26667690
vn -0.91447034 -0.24690016 0.32059992
vn -0.99648957 0.00986433 0.08313379
vn -0.98808782 -0.09188021 -0.12345236
vn -0.97751329 -0.12495688 -0.16986331
vn -0.96294733 -0.17277989 -0.20707379
vn -0.99796724 0.02855709 -0.05697262
vn -0.75821009 -0.11865843 0.64112217
vn -0.74320165 -0.22749079 0.62920525
vn -0.73751466 0.30508747 0.60248963
vn -0.78374414 0.13269760 0.60674250
vn -0.80685857 0.54971728 0.21631036
vn -0.77244177 0.49845782 0.39353972
vn -0.77729125 0.39388524 0.49058407
vn -0.74837907 0.05029751 0.66136143
vn -0.99975335 -0.01340172 -0.01770943
vn -0.99327995 -0.04904538 -0.10483078
vn -0.72214747 -0.31561939 0.61553833
vn -0.74482543 -0.36327989 0.55969885
vn -0.99320700 0.06751228 -0.09477319
vn -0.80257833 -0.37669683 0.46256624
vn -0.98137618 0.11359737 -0.15490779
vn -0.96930052 0.14448094 -0.19895166
vn -0.59219231 0.80523083 0.03019226
vn -0.93090391 0.36526317 0.00085908
vn -0.93230141 0.28936562 -0.21698301
vn -0.94890089 0.23364643 -0.21212367
vn -0.89614019 0.26694081 0.35450722
vn -0.95972854 0.18498969 -0.21142362
vn -0.96377931 0.16127828 -0.21241178
vn -0.92733505 0.23354371 0.29241587
vn -0.97889348 -0.19447541 0.06282414
vn -0.91134135 0.34659066 -0.22210776
vn -0.86065494 0.28185260 0.42406624
vn -0.81184181 0.32414772 0.48563478
vn -0.75850811 0.36680036 0.53863062
vn -0.69387802 0.39742176 0.60049083
vn -0.63654021 0.43397234 0.63756143
vn -0.58829692 0.46529677 0.66136650
vn -0.85849347 0.45574223 -0.23513396
vn -0.88665649 0.40216173 -0.22826787
vn -0.52471593 0.49608901 0.69178674
vn -0.42151204 0.53744824 0.73039510
vn -0.27964952 0.59632584 0.75245707
vn -0.14865453 0.64813805 0.74687275
vn -0.05974747 0.68030687 0.73048806
vn -0.82706032 0.50687077 -0.24300875
vn 0.03030023 0.71936376 0.69397239
vn -0.79171553 0.55662772 -0.25169843
vn 0.13468541 0.75187602 0.64540088
vn -0.76453674 0.59059982 -0.25821585
vn -0.44632166 0.67414147 -0.58849831
vn -0.51313399 0.66256301 -0.54562237
vn 0.25015089 0.73738346 0.62744734
vn -0.58587520 0.64095939 -0.49590454
vn -0.66845450 0.61619385 -0.41650177
vn 0.24269268 0.74736616 0.61850148
vn 0.26939870 0.73853029 0.61805935
vn -0.75479623 0.59437067 -0.27749984
vn -0.73175695 0.59815248 -0.32671910
vn 0.22864086 0.72922761 0.64494221
vn 0.20436272 0.72442500 0.65836487
vn -0.34256904 0.68610881 -0.64179526
vn 0.17255808 0.72725080 0.66432671
vn 0.66747785 -0.47325715 0.57489216
vn 0.87111995 -0.45180799 -0.19240470
vn 0.86775797 -0.43360357 -0.24286632
vn 0.86298961 -0.38573278 -0.32628080
vn 0.79348098 -0.37386874 0.48021880
vn 0.76357564 -0.40199880 0.50532090
vn 0.86511994 -0.41104776 -0.28741474
vn 0.70974270 -0.44084366 0.54947444
vn 0.90165357 -0.43166539 0.02618845
vn 0.86252246 -0.35386057 -0.36171494
vn 0.67486055 -0.26548819 0.68853413
vn 0.86173297 -0.34184277 -0.37491307
vn 0.86482307 -0.31900433 -0.38770774
vn 0.88596201 -0.27800860 -0.37119070
vn 0.91880375 -0.23412483 -0.31778172
vn 0.93831184 -0.20302578 -0.27991323
vn 0.81736151 -0.34716144 0.45978158
vn 0.84628947 -0.30617224 0.43595034
vn 0.87704846 -0.25309408 0.40832509
vn 0.95657596 -0.16720580 -0.23875648
vn 0.97723958 -0.12617265 -0.17053819
vn 0.71950073 -0.12706440 0.68276888
vn 0.99976756 -0.01499083 -0.01549506
vn 0.72970290 0.04317158 0.68240009
vn 0.99327033 -0.04458748 -0.10689254
vn 0.98795099 -0.08936554 -0.12635915
vn 0.99874294 0.01519860 -0.04776539
vn 0.99685575 0.04465567 -0.06545601
vn 0.70081853 0.20435795 0.68344072
vn 0.99134866 0.07721598 -0.10613917
vn 0.98316724 0.10743978 -0.14777978
vn 0.97248479 0.13064807 -0.19288448
vn 0.96144319 0.16186890 -0.22231837
vn 0.93759701 0.20530121 -0.28064792
vn 0.86420957 0.31773926 -0.39010715
vn 0.86283984 0.35110621 -0.36363696
vn 0.74856868 0.40045174 0.52847265
vn 0.92354200 0.17031850 0.34360120
vn 0.86648998 0.26620432 0.42229180
vn 0.84361374 0.31161352 0.43727894
vn 0.79743595 0.37148433 0.47549480
vn 0.86682460 0.43589418 -0.24209788
vn 0.51988400 0.55194900 0.65197617
vn 0.86477077 0.41232491 -0.28663512
vn 0.55706947 0.52965198 0.63964239
vn 0.57982873 0.51966106 0.62749584
vn 0.86368240 0.38051955 -0.33054135
vn 0.86487081 0.39450523 -0.31042569
vn 0.71487488 0.43205045 0.54980571
vn 0.64980948 0.48691137 0.58366511
vn 0.87010600 0.45331026 -0.19345633
vn 0.87399473 0.46581567 -0.13837981
vn 0.87774997 0.47180101 -0.08341938
vn 0.81537557 0.47413718 -0.33219965
vn 0.80382994 0.47466592 -0.35853827
vn 0.58483960 0.81114624 0.00210326
vn 0.89302350 0.43444331 -0.11733726
vn 0.88582416 0.42931924 -0.17606972
vn 0.86450288 0.44091264 -0.24131064
vn 0.83191692 0.47038222 -0.29437190
vn 0.87531465 0.48302768 -0.02255041
vn 0.87594088 0.48118010 0.03454394
vn 0.87572466 0.47325354 0.09558981
vn 0.88691418 0.44376415 0.12828333
vn 0.90779095 0.41089971 0.08412506
vn 0.91282987 0.40830473 0.00537334
vn 0.90445955 0.42157273 -0.06503355
vn 0.65689001 0.55994286 -0.50493516
vn 0.24343713 0.65668312 0.71379664
vn 0.70222355 0.53951056 -0.46455402
vn 0.32040007 0.63487263 0.70305088
vn 0.43465179 0.59594510 0.67522386
vn 0.75594332 0.50650421 -0.41473266
vn 0.12554903 0.69372044 -0.70921745
vn 0.05796412 0.69607961 -0.71562095
vn 0.10222466 0.72455731 0.68159139
vn 0.09903553 0.70655150 0.70069747
vn 0.50957239 0.61475706 -0.60200477
vn 0.47443672 0.62894903 -0.61590008
vn 0.42602270 0.63926636 -0.64018995
vn 0.32286540 0.65872025 -0.67959221
vn 0.21076919 0.68056004 -0.70172244
vn 0.58145942 0.58498124 -0.56542187
vn 0.16231535 0.67866097 0.71629115
vn -0.00529413 0.69660163 -0.71743860
vn -0.10676470 0.70221209 -0.70391724
vn 0.13986382 0.72690738 0.67234201
vn -0.18325496 0.70571187 -0.68438906
vn -0.23930332 0.70049959 -0.67233492
vn 0.86198971 -0.04883151 0.50456835
vn 0.11244152 -0.16329758 0.98014836
vn 0.87944241 -0.36860588 0.30118225
vn 0.75594426 -0.50693267 0.41420713
vn 0.88694931 -0.43939720 0.14230609
vn 0.74883290 -0.63361920 0.19436046
vn 0.88633953 -0.46207443 0.02982392
vn 0.74457993 -0.65829296 -0.11068472
vn 0.74666497 0.65712758 -0.10331882
vn 0.89479572 0.43650622 -0.09382402
vn 0.75594444 0.55966058 -0.33959982
vn 0.87944224 0.40694625 -0.24693339
vn 0.75594413 0.37782465 -0.53459986
vn 0.87944262 0.27472712 -0.38872316
vn 0.75594443 0.13331326 -0.64091777
vn 0.87944245 0.09693606 -0.46603044
vn 0.75594443 -0.13331326 -0.64091777
vn 0.87944241 -0.09693589 -0.46603055
vn 0.75594413 -0.37782465 -0.53459986
vn 0.87944256 -0.27472727 -0.38872318
vn 0.75594444 -0.55966058 -0.33959982
vn 0.87944225 -0.40694634 -0.24693320
vn 0.89479575 -0.43650613 -0.09382409
vn 0.11244152 0.16329758 0.98014836
vn 0.86154811 0.06810206 0.50308743
vn 0.75594426 0.50693267 0.41420713
vn 0.87944246 0.36860591 0.30118208
vn 0.75594431 0.63005330 0.17771054
vn 0.88325116 0.45580973 0.11002222
vn 0.87088763 0.48316369 0.09004211
vn 0.89747377 0.01699165 -0.44074041
vn 0.85683112 -0.16440178 -0.48868445
vn 0.89879176 -0.11807898 0.42217382
vn 0.90655299 -0.19854497 -0.37248030
vn 0.90582322 -0.32806773 -0.26805942
vn 0.90876704 -0.39720184 -0.12795768
vn 0.91486631 -0.40348587 -0.01479174
vn 0.91165461 -0.40204915 0.08510197
vn 0.90582318 -0.36219158 0.21977632
vn 0.90582323 -0.24451405 0.34597277
vn 0.90582293 -0.08627555 0.41477868
vn 0.90582289 0.08627569 0.41477873
vn 0.90582318 0.24451405 0.34597290
vn 0.90582319 0.36219149 0.21977643
vn 0.91165465 0.40204909 0.08510190
vn 0.91486632 0.40348584 -0.01479176
vn 0.90876701 0.39720187 -0.12795782
vn 0.90582319 0.32806785 -0.26805940
vn 0.90954905 0.20728124 -0.36021524
vn 0.91087926 0.09060379 -0.40260393
vn 0.86490819 0.25267875 0.43369029
vn 0.69640733 -0.70379771 0.14030544
vn 0.68198830 -0.72851892 0.06443711
vn 0.67627294 -0.73076804 -0.09291379
vn 0.64577403 -0.72526987 -0.23866194
vn 0.71508659 -0.19622320 -0.67093042
vn 0.71443274 0.19630921 -0.67160149
vn 0.67596531 0.73104294 -0.09298988
vn 0.64567215 0.72546065 -0.23835757
vn 0.68184443 0.72866002 0.06436413
vn 0.69242966 0.70676433 0.14500118
vn 0.72014798 0.67473191 -0.16162836
vn 0.63207341 0.67300108 -0.38412597
vn 0.02369092 0.67379168 -0.73854148
vn -0.63537094 0.69759513 -0.33115677
vn -0.58178048 0.68193587 -0.44327749
vn -0.43105191 0.67583601 -0.59786280
vn -0.21183745 0.67442776 -0.70729915
vn 0.26590437 0.67442494 -0.68880031
vn 0.47375791 0.67275387 -0.56829190
vn 0.72808161 0.68293655 0.05911715
vn -0.00000000 -0.77026175 -0.63772787
vn -0.31886380 0.77026181 -0.55228853
vn -0.31886380 -0.77026181 -0.55228853
vn -0.55228843 0.77026180 -0.31886400
vn -0.55228843 -0.77026180 -0.31886400
vn -0.63772780 0.77026181 -0.00000010
vn -0.63772780 -0.77026181 -0.00000010
vn -0.55228847 0.77026183 0.31886387
vn -0.55228847 -0.77026183 0.31886387
vn -0.31886382 0.77026183 0.55228850
vn -0.31886382 -0.77026183 0.55228850
vn -0.00000000 0.77026175 0.63772787
vn -0.00000000 -0.77026175 0.63772787
vn 0.31886378 0.77026181 0.55228855
vn 0.31886378 -0.77026181 0.55228855
vn 0.55228842 0.77026185 0.31886390
vn 0.55228842 -0.77026185 0.31886390
vn 0.63772780 0.77026181 -0.00000010
vn 0.63772780 -0.77026181 -0.00000010
vn 0.55228838 0.77026182 -0.31886403
vn 0.55228838 -0.77026182 -0.31886403
vn 0.31886376 0.77026179 -0.55228858
vn 0.31886376 -0.77026179 -0.55228858
vn -0.00000000 0.77026175 -0.63772787
vn -0.14392454 -0.90616299 -0.39768627
vn -0.23519494 -0.88374810 -0.40456474
vn 0.00042959 -0.90612208 -0.42301607
vn -0.07704868 -0.88476306 -0.45962793
vn -0.43442400 -0.88493865 0.16780757
vn -0.49847234 -0.86690318 -0.00204698
vn -0.35544394 -0.88688290 0.29512425
vn -0.37167166 -0.90570761 0.20384771
vn -0.23098689 -0.88545462 0.40325571
vn -0.27020191 -0.90733938 0.32206548
vn -0.14905311 -0.90629259 0.39549578
vn -0.08042666 -0.88544164 0.45773863
vn -0.00485566 -0.90659733 0.42196884
vn 0.08073369 -0.88574130 0.45710439
vn 0.13979855 -0.90696654 0.39732615
vn 0.23248307 -0.88574633 0.40175250
vn 0.26778419 -0.90660723 0.32612107
vn 0.35787807 -0.88524479 0.29709418
vn 0.36504485 -0.90578487 0.21516512
vn 0.44170750 -0.88337476 0.15666373
vn 0.43858090 -0.88425344 -0.16044519
vn 0.42066575 -0.90483783 -0.06564161
vn 0.46821800 -0.88361153 -0.00160191
vn 0.41953711 -0.90375038 0.08499330
vn 0.36962334 -0.90553375 -0.20829597
vn 0.35865943 -0.88445323 -0.29850612
vn 0.23243658 -0.88560223 -0.40209691
vn 0.27552035 -0.90633372 -0.32038684
vn 0.14842483 -0.90695307 -0.39421594
vn 0.08039678 -0.88579475 -0.45706020
vn -0.35651728 -0.88469515 -0.30034967
vn -0.26299807 -0.90569627 -0.33248501
vn -0.36174478 -0.90633622 -0.21839272
vn -0.45410746 -0.87980925 -0.14043541
vn -0.47627460 -0.87913403 -0.01690753
vn -0.03769638 -0.70532285 0.70788323
vn 0.06192035 -0.68092165 0.72973390
vn 0.24847426 -0.68128273 0.68855965
vn 0.36861886 -0.69476040 0.61759868
vn 0.67154566 -0.08409945 0.73617506
vn 0.92286093 -0.05474523 0.38122259
vn 0.91774391 -0.15859151 0.36413575
vn -0.03606370 0.70688531 0.70640822
vn 0.06242763 0.68128031 0.72935583
vn 0.36833834 0.69441234 0.61815724
vn 0.24907845 0.68096579 0.68865486
vn 0.34662122 0.72294382 0.59766710
vn 0.18427081 0.74544156 0.64059438
vn -0.64485978 0.73310606 0.21612812
vn -0.51457962 0.74496334 0.42454381
vn -0.31225751 0.75000046 0.58309053
vn -0.06163580 0.75116154 0.65723464
vn -0.21344882 -0.67571124 -0.70558765
vn 0.02553447 -0.67567368 -0.73675848
vn -0.43089164 -0.67603220 -0.59775652
vn -0.58246983 -0.68163181 -0.44283968
vn -0.63549357 -0.69712152 -0.33191792
vn 0.73260005 -0.67749380 0.06556916
vn 0.71916567 -0.67653760 -0.15842230
vn 0.62992781 -0.67475374 -0.38457553
vn 0.47405744 -0.67554844 -0.56471572
vn 0.26272662 -0.67637352 -0.68810870
vn -0.14123164 -0.91624702 0.37489334
vn -0.00449332 -0.91624688 0.40058890
vn -0.26093599 -0.91624659 0.30398124
vn -0.34916689 -0.91624683 0.19640324
vn -0.39528366 -0.91624672 0.06513655
vn -0.39372283 -0.91624687 -0.07398652
vn -0.34467421 -0.91624653 -0.20418614
vn -0.25405110 -0.91624717 -0.30975663
vn -0.13278721 -0.91624674 -0.37796754
vn 0.00449327 -0.91624702 -0.40058858
vn 0.14123201 -0.91624651 -0.37489447
vn 0.26093592 -0.91624669 -0.30398101
vn 0.34916753 -0.91624652 -0.19640355
vn 0.39214185 -0.91742381 -0.06751542
vn 0.90064950 -0.43453063 0.00368960
vn 0.39009138 -0.91755346 0.07696990
vn 0.34467391 -0.91624667 0.20418600
vn 0.25405194 -0.91624658 0.30975766
vn 0.13278724 -0.91624672 0.37796759
vn 0.69045496 -0.35700684 -0.62914074
vn 0.38075609 -0.35248806 -0.85485494
vn 0.48315595 0.38832910 -0.78470430
vn 0.64519651 0.40259607 -0.64933649
vn 0.77582716 0.37322206 -0.50872145
vn 0.88540698 -0.35923570 -0.29496473
vn 0.85862608 0.40043964 -0.32001460
vn 0.92393582 0.35818645 -0.13433194
vn 0.92822891 -0.36029641 0.09261526
vn 0.91460674 0.39845222 0.06877747
vn 0.89955864 0.34482117 0.26812797
vn 0.80800355 -0.36079253 0.46578859
vn 0.80254992 0.39663227 0.44564163
vn 0.70705838 0.33419729 0.62320190
vn 0.54400711 -0.36101624 0.75744540
vn 0.54273866 0.39496450 0.74124071
vn 0.38220599 0.32697651 0.86429448
vn 0.19616029 -0.36117527 0.91163236
vn 0.18266097 0.39341759 0.90103139
vn -0.01494340 -0.36252962 0.93185244
vn -0.01400273 0.39272265 0.91955035
vn -0.25352305 -0.35383368 0.90029317
vn -0.22902648 0.38192255 0.89536699
vn -0.58305962 -0.35481493 0.73085419
vn -0.38980922 0.23423513 0.89060804
vn -0.58088476 0.38204683 0.71875804
vn -0.82999315 -0.35572673 0.42961595
vn -0.72442555 0.26809579 0.63508445
vn -0.82734577 0.38218176 0.41162615
vn -0.93271391 -0.35632084 0.05549982
vn -0.91706710 0.29868259 0.26415270
vn -0.92357024 0.38227856 0.02968365
vn -0.87560281 -0.35630227 -0.32614170
vn -0.93337116 0.32576145 -0.15065775
vn -0.85199454 0.38230316 -0.35770043
vn -0.67138921 -0.35511378 -0.65048500
vn -0.77239746 0.34895463 -0.53069089
vn -0.62556890 0.38223786 -0.68011599
vn -0.35717163 -0.35180967 -0.86525047
vn -0.46626670 0.36762360 -0.80464169
vn -0.28541854 0.38208728 -0.87894571
vn 0.01504855 -0.34528360 -0.93837773
vn 0.02422575 0.39218631 -0.91956675
vn 0.31378907 0.40491088 -0.85882687
vn -0.18787645 -0.40179562 -0.89624925
vn -0.38735957 -0.39077558 -0.83501318
vn -0.55808632 -0.39857291 -0.72779070
vn -0.71229797 -0.38964441 -0.58378835
vn -0.81934938 -0.39583794 -0.41470340
vn -0.89536884 -0.38917773 -0.21646093
vn -0.91905637 -0.39370059 -0.01830943
vn -0.90056880 -0.38926875 0.19350886
vn -0.83638384 -0.39227836 0.38285737
vn -0.72747379 -0.38982109 0.56464272
vn -0.58690368 -0.39169868 0.70860159
vn -0.41097290 -0.39074681 0.82366146
vn -0.21991939 -0.39208457 0.89325537
vn -0.01404794 -0.39197174 0.91986999
vn 0.19114253 -0.39355487 0.89921026
vn 0.38485090 -0.39343567 0.83492405
vn 0.56348309 -0.39620592 0.72491908
vn 0.70732497 -0.39508839 0.58617110
vn 0.82186053 -0.40011425 0.40552911
vn 0.89036631 -0.39688846 0.22299637
vn 0.91415473 -0.40532302 0.00586332
vn 0.89858063 -0.39880628 -0.18304753
vn 0.82220906 -0.41184843 -0.39287802
vn 0.73093281 -0.40081751 -0.55234279
vn 0.56559838 -0.41967455 -0.70990968
vn 0.42076390 -0.40290367 -0.81278926
vn 0.19747489 -0.42876129 -0.88157100
vn 0.02911905 -0.40505029 -0.91383059
vn 0.08545919 -0.93338214 -0.34856063
vn 0.16087810 -0.93338246 -0.32080433
vn 0.22823099 -0.93338216 -0.27696274
vn 0.28413817 -0.93338236 -0.21923244
vn 0.32579799 -0.93338241 -0.15050898
vn 0.35112093 -0.93338242 -0.07423853
vn 0.35883740 -0.93338235 0.00575463
vn 0.34855966 -0.93338252 0.08545892
vn 0.32080426 -0.93338245 0.16087833
vn 0.27696198 -0.93338263 0.22823000
vn 0.21923285 -0.93338204 0.28413892
vn 0.15050894 -0.93338245 0.32579787
vn 0.07423853 -0.93338251 0.35112068
vn -0.00575458 -0.93338204 0.35883819
vn -0.08545910 -0.93338230 0.34856022
vn -0.16087837 -0.93338241 0.32080433
vn -0.22823001 -0.93338262 0.27696198
vn -0.28413839 -0.93338231 0.21923237
vn -0.32579831 -0.93338228 0.15050908
vn -0.35112123 -0.93338230 0.07423857
vn -0.35883706 -0.93338248 -0.00575436
vn -0.34856003 -0.93338238 -0.08545903
vn -0.32080494 -0.93338217 -0.16087858
vn -0.27696253 -0.93338235 -0.22823046
vn -0.21923218 -0.93338248 -0.28413801
vn -0.15050906 -0.93338228 -0.32579830
vn -0.07423865 -0.93338206 -0.35112184
vn 0.00575433 -0.93338265 -0.35883661
vn -0.28539773 -0.75321455 -0.59263477
vn -0.00000001 -0.75321444 -0.65777505
vn -0.22070819 -0.12738435 -0.96698559
vn -0.43023833 -0.12933971 -0.89340149
vn -0.61841038 -0.12738634 -0.77546201
vn -0.51426932 -0.75321441 -0.41011598
vn -0.77526489 -0.12933773 -0.61825246
vn -0.89362889 -0.12738577 -0.43034901
vn -0.64128319 -0.75321449 -0.14636874
vn -0.96673901 -0.12933833 -0.22065194
vn -0.99185318 -0.12738628 -0.00000002
vn -0.64128332 -0.75321441 0.14636858
vn -0.96673904 -0.12933842 0.22065175
vn -0.89362874 -0.12738758 0.43034880
vn -0.51426904 -0.75321460 0.41011599
vn -0.77526418 -0.12934021 0.61825283
vn -0.61841009 -0.12738625 0.77546225
vn -0.28539800 -0.75321430 0.59263496
vn -0.43023923 -0.12933633 0.89340154
vn -0.22070880 -0.12738807 0.96698496
vn -0.00000001 -0.75321464 0.65777482
vn 0.00000014 -0.12933919 0.99160041
vn 0.22070823 -0.12738789 0.96698511
vn 0.28539800 -0.75321431 0.59263495
vn 0.43023996 -0.12933627 0.89340120
vn 0.61841001 -0.12738630 0.77546230
vn 0.51426903 -0.75321461 0.41011599
vn 0.77526396 -0.12934032 0.61825308
vn 0.89362875 -0.12738705 0.43034892
vn 0.64128332 -0.75321440 0.14636860
vn 0.96673906 -0.12933838 0.22065169
vn 0.99185312 -0.12738676 0.00000007
vn 0.64128320 -0.75321448 -0.14636876
vn 0.96673900 -0.12933827 -0.22065202
vn 0.89362891 -0.12738531 -0.43034910
vn 0.51426931 -0.75321442 -0.41011599
vn 0.77526477 -0.12933778 -0.61825259
vn 0.61841032 -0.12738621 -0.77546208
vn 0.28539773 -0.75321456 -0.59263476
vn 0.43023886 -0.12933963 -0.89340125
vn 0.22070758 -0.12738435 -0.96698572
vn 0.00000027 -0.12933886 -0.99160045
vn -0.19370427 -0.49216988 -0.84867395
vn -0.37769469 -0.49217146 -0.78429202
vn -0.54274647 -0.49217190 -0.68058290
vn -0.68058307 -0.49217125 -0.54274685
vn -0.78429209 -0.49217081 -0.37769540
vn -0.84867361 -0.49217045 -0.19370429
vn -0.87049861 -0.49217087 -0.00000006
vn -0.84867362 -0.49217043 0.19370432
vn -0.78429213 -0.49217135 0.37769462
vn -0.68058306 -0.49217193 0.54274625
vn -0.54274749 -0.49216999 0.68058347
vn -0.37769536 -0.49216809 0.78429382
vn -0.19370460 -0.49217088 0.84867329
vn 0.00000009 -0.49217037 0.87049890
vn 0.19370405 -0.49217113 0.84867327
vn 0.37769582 -0.49216826 0.78429349
vn 0.54274786 -0.49216918 0.68058376
vn 0.68058295 -0.49217155 0.54274673
vn 0.78429231 -0.49217100 0.37769470
vn 0.84867362 -0.49217049 0.19370413
vn 0.87049853 -0.49217101 0.00000007
vn 0.84867354 -0.49217055 -0.19370434
vn 0.78429227 -0.49217047 -0.37769547
vn 0.68058317 -0.49217090 -0.54274705
vn 0.54274677 -0.49217113 -0.68058322
vn 0.37769482 -0.49217165 -0.78429184
vn 0.19370393 -0.49216990 -0.84867401
vn 0.00000008 -0.49217044 -0.87049885
vn -0.11428809 -0.85802554 -0.50072987
vn -0.22284631 -0.85802483 -0.46274498
vn -0.32022866 -0.85802559 -0.40155411
vn -0.40155440 -0.85802545 -0.32022865
vn -0.46274425 -0.85802530 -0.22284603
vn -0.50073097 -0.85802484 -0.11428855
vn -0.51360800 -0.85802495 -0.00000004
vn -0.50073097 -0.85802485 0.11428847
vn -0.46274534 -0.85802453 0.22284670
vn -0.40155526 -0.85802472 0.32022954
vn -0.32023000 -0.85802437 0.40155564
vn -0.22284633 -0.85802469 0.46274523
vn -0.11428861 -0.85802404 0.50073232
vn -0.00000020 -0.85802468 0.51360846
vn 0.11428902 -0.85802397 0.50073235
vn 0.22284607 -0.85802468 0.46274536
vn 0.32023024 -0.85802425 0.40155569
vn 0.40155544 -0.85802453 0.32022982
vn 0.46274544 -0.85802451 0.22284659
vn 0.50073108 -0.85802478 0.11428849
vn 0.51360827 -0.85802479 0.00000001
vn 0.50073107 -0.85802476 -0.11428866
vn 0.46274443 -0.85802522 -0.22284596
vn 0.40155455 -0.85802532 -0.32022881
vn 0.32022886 -0.85802557 -0.40155398
vn 0.22284599 -0.85802477 -0.46274525
vn 0.11428861 -0.85802552 -0.50072979
vn -0.00000032 -0.85802429 -0.51360911
vn -0.03107923 -0.99019831 -0.13616677
vn -0.06059981 -0.99019835 -0.12583677
vn -0.08708148 -0.99019840 -0.10919683
vn -0.10919766 -0.99019824 -0.08708219
vn -0.12583694 -0.99019832 -0.06059992
vn -0.13616667 -0.99019832 -0.03107920
vn -0.13966855 -0.99019831 0.00000001
vn -0.13616666 -0.99019833 0.03107911
vn -0.12583698 -0.99019832 0.06059992
vn -0.10919705 -0.99019835 0.08708170
vn -0.08708167 -0.99019839 0.10919675
vn -0.06059979 -0.99019836 0.12583672
vn -0.03107905 -0.99019830 0.13616687
vn -0.00000014 -0.99019847 0.13966744
vn 0.03107922 -0.99019831 0.13616678
vn 0.06059977 -0.99019836 0.12583674
vn 0.08708162 -0.99019839 0.10919681
vn 0.10919703 -0.99019836 0.08708168
vn 0.12583698 -0.99019832 0.06059988
vn 0.13616681 -0.99019831 0.03107913
vn 0.13966839 -0.99019833 0.00000002
vn 0.13616681 -0.99019830 -0.03107922
vn 0.12583694 -0.99019833 -0.06059984
vn 0.10919757 -0.99019824 -0.08708238
vn 0.08708164 -0.99019839 -0.10919679
vn 0.06059976 -0.99019836 -0.12583669
vn 0.03107920 -0.99019831 -0.13616674
vn -0.00000002 -0.99019828 -0.13966877
vn 0.00000000 0.77026146 0.63772823
vn 0.00000000 -0.77026146 0.63772823
vn -0.31886353 0.77026205 0.55228834
vn -0.31886353 -0.77026205 0.55228834
vn -0.55228864 0.77026171 0.31886385
vn -0.55228864 -0.77026171 0.31886385
vn -0.63772775 0.77026185 0.00000000
vn -0.63772776 -0.77026184 -0.00000002
vn -0.55228864 0.77026171 -0.31886385
vn -0.55228866 -0.77026170 -0.31886384
vn -0.31886353 0.77026205 -0.55228834
vn -0.31886353 -0.77026205 -0.55228834
vn 0.00000000 0.77026146 -0.63772823
vn 0.00000000 -0.77026146 -0.63772823
vn 0.31886357 0.77026207 -0.55228830
vn 0.31886357 -0.77026207 -0.55228830
vn 0.55228869 0.77026169 -0.31886382
vn 0.55228869 -0.77026169 -0.31886382
vn 0.63772775 0.77026185 0.00000000
vn 0.63772775 -0.77026185 -0.00000000
vn 0.55228869 0.77026169 0.31886382
vn 0.55228869 -0.77026169 0.31886382
vn 0.31886357 0.77026207 0.55228830
vn 0.31886357 -0.77026207 0.55228830
vn -0.80742807 0.57216377 0.14383508
vn -0.68196662 0.73136841 0.00466738
vn -0.67656043 0.63403791 0.37451558
vn -0.67869599 0.35681378 0.64191563
vn -0.67692777 -0.36189516 0.64093735
vn -0.66658370 0.02385013 0.74504855
vn -0.68067284 -0.63636678 0.36293500
vn -0.67758654 -0.73543616 0.00318332
vn -0.79081639 -0.61193026 0.01227970
vn -0.80842654 -0.57262595 0.13618385
vn -0.82770167 -0.53455911 0.17075272
vn -0.66698618 -0.65881980 -0.34797402
vn -0.80607018 -0.55536135 -0.20451072
vn -0.88096484 -0.45255970 -0.13816896
vn -0.87202035 -0.11362890 -0.47609765
vn -0.78356422 -0.32035641 -0.53235222
vn -0.68407848 -0.35808802 -0.63546015
vn -0.82871064 -0.39399782 -0.39749767
vn -0.80719404 -0.47882364 -0.34520387
vn -0.84410207 -0.01462893 -0.53598292
vn -0.65916992 -0.03143233 -0.75133683
vn -0.83693766 0.17082017 -0.51995751
vn -0.68405664 0.37372635 -0.62641450
vn -0.78313513 0.32491306 -0.53021776
vn -0.78553451 0.61851704 0.01929246
vn -0.83592186 0.53939716 -0.10141669
vn -0.66366334 0.63394135 -0.39707599
vn -0.82538944 0.48910061 -0.28198026
vn -0.86308462 0.37846207 -0.33444193
vn -0.83862783 0.54470484 -0.00000399
vn -0.83862791 0.27235581 0.47172613
vn -0.83862787 -0.27234901 0.47173013
vn -0.83862783 -0.54470484 0.00000399
vn -0.83862791 -0.27235581 -0.47172613
vn -0.83862787 0.27234901 -0.47173013
vn -0.60999430 -0.79240580 0.00000580
vn -0.60999428 -0.39619799 0.68624641
vn -0.60999426 0.39620794 0.68624068
vn -0.60999430 0.79240580 -0.00000580
vn -0.60999426 -0.39620794 -0.68624068
vn -0.60999428 0.39619799 -0.68624641
vn 0.83862792 -0.49693398 -0.22306911
vn 0.83862790 -0.05528331 -0.54189206
vn 0.83862790 0.05528331 0.54189206
vn 0.83862779 -0.44165071 0.31882297
vn 0.83862792 0.49693398 0.22306911
vn 0.83862779 0.44165071 -0.31882297
vn 0.60999433 -0.64248839 0.46380556
vn 0.60999425 -0.72291167 -0.32450844
vn 0.60999427 0.08042305 0.78831410
vn 0.60999427 -0.08042305 -0.78831410
vn 0.60999425 0.72291167 0.32450844
vn 0.60999433 0.64248839 -0.46380556
vn -0.54470481 -0.83862785 0.00000014
vn 0.27235243 -0.83862791 -0.47172807
vn 0.54470481 -0.83862785 0.00000014
vn -0.27235243 -0.83862791 -0.47172807
vn 0.27235236 -0.83862785 0.47172823
vn -0.27235236 -0.83862785 0.47172823
vn 0.00000000 -1.00000000 0.00000004
vn 0.80928783 -0.58741230 0.00000021
vn 0.40464385 -0.58741230 0.70086386
vn 0.40464403 -0.58741228 -0.70086376
vn -0.40464403 -0.58741228 -0.70086376
vn -0.80928782 -0.58741231 0.00000021
vn -0.40464385 -0.58741230 0.70086385
vn -0.95088853 -0.24881600 -0.18412388
vn 0.87378107 -0.35440842 0.33301848
vn 0.53600021 -0.82012381 0.20025162
vn 0.58783055 -0.79304406 0.15980100
vn 0.68914496 0.00851848 0.72457344
vn 0.89031668 0.08223077 0.44785524
vn 0.85433164 0.08927167 0.51200393
vn 0.59156831 0.78986395 0.16174635
vn 0.54265336 0.81505463 0.20301056
vn 0.87576222 0.33651570 0.34611806
vn 0.52701911 0.80015325 0.28636626
vn 0.87756889 0.28701187 0.38405341
vn 0.84874647 0.13147902 0.51219400
vn 0.83712410 0.22839941 0.49704824
vn 0.88419712 0.17811510 0.43182225
vn 0.88003848 0.24474518 0.40697920
vn 0.86568375 -0.11728360 0.48665820
vn 0.82719451 -0.03031838 0.56109717
vn 0.85748758 -0.07586770 0.50888028
vn 0.87708303 -0.30591649 0.37032480
vn 0.87082520 -0.26932259 0.41125273
vn 0.84168780 -0.22750136 0.48969867
vn 0.87387560 -0.15891581 0.45944227
vn 0.52836853 -0.79943144 0.28589521
vn 0.50914550 -0.79096003 0.33934213
vn 0.47895916 -0.79133695 0.37997888
vn 0.76648212 -0.22403832 0.60192357
vn 0.65502116 -0.22683614 0.72075838
vn 0.42284051 -0.78945169 0.44494036
vn 0.53281476 -0.22391835 0.81606924
vn 0.34943288 -0.79482404 0.49613648
vn -0.07819745 -0.21976150 0.97241454
vn 0.04325802 -0.79122438 0.60999404
vn 0.08150905 -0.22352083 0.97128508
vn 0.13027864 -0.79545639 0.59184171
vn 0.23574092 -0.22062539 0.94644105
vn 0.18754215 -0.79617264 0.57527130
vn 0.39216222 -0.22142832 0.89284842
vn 0.24810931 -0.79330455 0.55597631
vn 0.29478334 -0.79394965 0.53173935
vn -0.37281947 -0.79202626 0.48342533
vn -0.31560477 -0.79484900 0.51827474
vn -0.52977522 -0.22259636 0.81840642
vn -0.24113044 -0.79028811 0.56329461
vn -0.39052620 -0.22475720 0.89273372
vn -0.16041910 -0.79450798 0.58568148
vn -0.24115799 -0.22057284 0.94508753
vn -0.10013084 -0.79587628 0.59712207
vn -0.04030148 -0.79487496 0.60543340
vn -0.41042661 -0.79267151 0.45080137
vn -0.65648219 -0.22215231 0.72088799
vn -0.45221906 -0.79660065 0.40115498
vn -0.76829794 -0.22116605 0.60066950
vn -0.48760398 -0.79632817 0.35791591
vn -0.85477505 -0.22251830 0.46887655
vn -0.52047459 -0.79642428 0.30791974
vn -0.60005574 -0.79513329 0.08772776
vn -0.95923879 -0.22619077 0.16940685
vn -0.58725208 -0.79602024 0.14658367
vn -0.91964817 -0.22111789 0.32458300
vn -0.57187696 -0.79363246 0.20761567
vn -0.54967684 -0.79487639 0.25695701
vn -0.97412311 0.08657678 0.20877888
vn -0.97458997 -0.08866600 0.20570059
vn -0.95833152 0.22732789 0.17298185
vn -0.96886338 0.24553018 0.03191669
vn -0.59115683 0.79176819 0.15374241
vn -0.60050823 0.79485221 0.08717700
vn -0.57576806 0.79259045 0.20072746
vn -0.92083774 0.22225421 0.32040742
vn -0.54624601 0.79666553 0.25872636
vn -0.85431436 0.22126926 0.47030511
vn -0.52047431 0.79642447 0.30791973
vn -0.76712069 0.22245501 0.60169728
vn -0.48760361 0.79632746 0.35791802
vn -0.23864290 0.22143833 0.94552347
vn -0.24082298 0.79101386 0.56240676
vn -0.39055258 0.22362887 0.89300549
vn -0.31602915 0.79521261 0.51745771
vn -0.52888383 0.22053203 0.81954104
vn -0.36506166 0.79605239 0.48273241
vn -0.65985654 0.22118929 0.71809793
vn -0.41537959 0.79355213 0.44467382
vn -0.45194219 0.79465449 0.40530544
vn -0.04571763 0.79133891 0.60966600
vn -0.09377967 0.78965776 0.60633819
vn -0.15953202 0.79487015 0.58543230
vn 0.19371553 0.79280124 0.57787584
vn 0.12914650 0.79483887 0.59291851
vn 0.23643754 0.22308054 0.94569147
vn 0.04318259 0.78998519 0.61160336
vn 0.08171511 0.22544870 0.97082209
vn -0.08009592 0.22403809 0.97128347
vn 0.24117200 0.79291949 0.55956657
vn 0.38804360 0.22185101 0.89454139
vn 0.29666647 0.79641422 0.52698519
vn 0.53316607 0.22089890 0.81666249
vn 0.34687803 0.79583523 0.49630828
vn 0.65600018 0.22361850 0.72087345
vn 0.42064060 0.79151927 0.44334945
vn 0.76646917 0.21946257 0.60362339
vn 0.47323015 0.79488139 0.37975887
vn 0.50739373 0.79593930 0.33020028
vn 0.78422268 -0.07561382 0.61585497
vn 0.67273986 -0.07561418 0.73600515
vn 0.54308157 -0.07561338 0.83626851
vn 0.39874867 -0.07561382 0.91393766
vn 0.24364364 -0.07561362 0.96691280
vn 0.08195346 -0.07561465 0.99376358
vn -0.08195038 -0.07561382 0.99376390
vn -0.24363901 -0.07561351 0.96691397
vn -0.39874587 -0.07561394 0.91393887
vn -0.54307803 -0.07561338 0.83627081
vn -0.67273720 -0.07561404 0.73600759
vn -0.78422029 -0.07561408 0.61585798
vn -0.87451485 -0.07561410 0.47906814
vn -0.94118059 -0.07561420 0.32933507
vn 0.78422261 0.07561426 0.61585500
vn 0.67274007 0.07561427 0.73600494
vn 0.54308112 0.07561362 0.83626878
vn 0.39874900 0.07561407 0.91393750
vn 0.24364311 0.07561393 0.96691291
vn 0.08195419 0.07561466 0.99376352
vn -0.08195081 0.07561341 0.99376389
vn -0.24363913 0.07561356 0.96691394
vn -0.39874564 0.07561370 0.91393900
vn -0.54307848 0.07561331 0.83627052
vn -0.67273690 0.07561408 0.73600787
vn -0.78422037 0.07561373 0.61585791
vn -0.87451470 0.07561376 0.47906847
vn -0.94118061 0.07561331 0.32933520
vn 0.67523519 0.73331760 0.07938981
vn 0.95027489 0.21484639 0.22542997
vn 0.95034440 0.18740919 0.24844178
vn 0.95032792 0.15597242 0.26935006
vn 0.95030347 0.12187858 0.28647673
vn 0.95030982 0.08578217 0.29925351
vn 0.95031410 0.04867597 0.30746344
vn 0.95030999 0.01080126 0.31111775
vn 0.95029672 -0.02781290 0.31010092
vn 0.95028904 -0.06614732 0.30426186
vn 0.94954395 -0.11240092 0.29280081
vn 0.94953333 -0.16246844 0.26831039
vn 0.95027287 -0.19990089 0.23879093
vn 0.95030484 -0.22599463 0.21411946
vn 0.68060358 -0.72854921 0.07742619
vn 0.70853334 0.70555790 0.01298286
vn 0.99532129 0.06621851 0.07036083
vn 0.99525091 0.05861957 0.07771335
vn 0.99524886 0.04879079 0.08425651
vn 0.99524418 0.03813450 0.08963697
vn 0.99524612 0.02683557 0.09362169
vn 0.99524827 0.01522601 0.09617197
vn 0.99524521 0.00338120 0.09734234
vn 0.99523924 -0.00870786 0.09707230
vn 0.99524105 -0.02070795 0.09521778
vn 0.99506850 -0.03565528 0.09256014
vn 0.99506766 -0.05128655 0.08491201
vn 0.99523951 -0.06255250 0.07473619
vn 0.99531900 -0.06980826 0.06683487
vn 0.70873901 -0.70532882 0.01415196
vn 0.37521838 -0.73077059 0.57025040
vn 0.96814984 -0.14687576 0.20276440
vn 0.21332318 -0.73504621 0.64358394
vn 0.04587262 -0.73321553 0.67844726
vn 0.96814984 0.14687576 0.20276440
vn -0.75243689 -0.19986831 -0.62760767
vn -0.75243687 0.19986828 -0.62760770
vn 0.21249342 0.73657285 0.64211135
vn 0.04473542 0.73537339 0.67618393
vn 0.37376944 0.73165489 0.57006801
vn -0.05717402 -0.75481351 0.65344296
vn 0.18271361 -0.74822377 0.63779066
vn 0.34524194 -0.72378323 0.59744945
vn -0.30694872 -0.75244593 0.58275862
vn -0.50746275 -0.74693416 0.42961718
vn -0.62873075 -0.74208243 0.23240334
vn 0.36061939 -0.20820361 -0.90917815
vn 0.20820317 -0.36061838 -0.90917865
vn 0.00000000 0.00000000 -1.00000000
vn 0.00000005 -0.41640676 -0.90917842
vn -0.20820334 -0.36061831 -0.90917864
vn 0.20820373 0.36061938 -0.90917813
vn 0.36061933 0.20820353 -0.90917819
vn 0.41640670 -0.00000010 -0.90917845
vn -0.36061834 0.20820320 -0.90917866
vn -0.20820385 0.36061940 -0.90917809
vn -0.00000004 0.41640780 -0.90917795
vn -0.36061836 -0.20820331 -0.90917863
vn -0.41640676 -0.00000005 -0.90917842
vn -0.65572173 -0.37858113 0.65322686
vn -0.37858130 -0.65572179 0.65322671
vn 0.00000000 0.00000000 1.00000000
vn 0.00000000 -0.75716230 0.65322680
vn 0.37858130 -0.65572179 0.65322671
vn -0.37858132 0.65572167 0.65322682
vn -0.65572167 0.37858132 0.65322682
vn -0.75716241 0.00000000 0.65322667
vn 0.65572167 0.37858132 0.65322682
vn 0.37858132 0.65572167 0.65322682
vn 0.00000000 0.75716241 0.65322667
vn 0.65572173 -0.37858113 0.65322686
vn 0.75716241 0.00000000 0.65322667
vn 0.00000008 0.51191304 -0.85903728
vn -0.25595675 0.44332936 -0.85903738
vn -0.44332891 0.25595626 -0.85903776
vn -0.51191295 -0.00000015 -0.85903733
vn -0.44332892 -0.25595594 -0.85903785
vn -0.25595611 -0.44332917 -0.85903767
vn -0.00000006 -0.51191191 -0.85903795
vn 0.25595605 -0.44332930 -0.85903762
vn 0.44332950 -0.25595639 -0.85903742
vn 0.51191304 -0.00000008 -0.85903728
vn 0.44332949 0.25595664 -0.85903734
vn 0.25595656 0.44332951 -0.85903736
vn 0.01300444 -0.67832856 0.73464362
vn -0.07938636 -0.40392844 -0.91133947
vn 0.25389301 -0.67003104 0.69756487
vn -0.30972209 -0.42420275 -0.85095491
vn 0.47716253 -0.67003095 0.56866022
vn -0.58208730 -0.42420273 -0.69370485
vn 0.64287932 -0.67003099 0.37116661
vn -0.78424373 -0.42420338 -0.45278391
vn 0.73105545 -0.67003095 0.12890486
vn -0.89180979 -0.42420246 -0.15725002
vn 0.73105545 -0.67003095 -0.12890485
vn -0.89180974 -0.42420251 0.15725019
vn 0.64287933 -0.67003098 -0.37116660
vn -0.78424440 -0.42420257 0.45278349
vn 0.47716253 -0.67003095 -0.56866022
vn -0.58208736 -0.42420275 0.69370479
vn 0.25618660 -0.67084735 -0.69593984
vn -0.31359902 -0.42312314 0.85007203
vn -0.01300571 -0.67832955 -0.73464268
vn -0.09008030 -0.40288652 0.91080623
vn 0.07938593 -0.40392981 0.91133889
vn -0.25389275 -0.67003095 -0.69756504
vn 0.30972208 -0.42420275 0.85095491
vn -0.47716253 -0.67003095 -0.56866022
vn 0.58208733 -0.42420273 0.69370482
vn -0.64287938 -0.67003096 -0.37116655
vn 0.78424460 -0.42420222 0.45278348
vn -0.73105544 -0.67003097 -0.12890478
vn 0.89180975 -0.42420250 0.15725015
vn -0.73105544 -0.67003097 0.12890479
vn 0.89180976 -0.42420249 -0.15725011
vn -0.64287937 -0.67003097 0.37116656
vn 0.78424402 -0.42420304 -0.45278372
vn -0.47716253 -0.67003095 0.56866022
vn 0.58208723 -0.42420269 -0.69370493
vn -0.25618663 -0.67084735 0.69593983
vn 0.31359902 -0.42312314 -0.85007203
vn 0.09008159 -0.40288591 -0.91080637
vn 0.06373177 0.89832167 -0.43469119
vn 0.15985932 0.88706418 -0.43308445
vn 0.29783025 0.88617968 -0.35494045
vn 0.40126580 0.88617966 -0.23167082
vn 0.45630270 0.88617959 -0.08045852
vn 0.45630264 0.88617961 0.08045866
vn 0.40126520 0.88617997 0.23167065
vn 0.29783028 0.88617968 0.35494041
vn 0.15847245 0.88617976 0.43539856
vn 0.03833283 0.90475179 0.42421079
vn -0.06373315 0.89832449 0.43468517
vn -0.15985932 0.88706418 0.43308445
vn -0.29783033 0.88617970 0.35494032
vn -0.40126534 0.88617982 0.23167099
vn -0.45630267 0.88617961 0.08045847
vn -0.45630268 0.88617961 -0.08045843
vn -0.40126600 0.88617952 -0.23167100
vn -0.29783028 0.88617968 -0.35494041
vn -0.15847201 0.88617972 -0.43539881
vn -0.03833716 0.90475423 -0.42420519
vn -0.31886394 0.77026181 -0.55228845
vn 0.36412575 0.68530989 0.63068438
vn -0.55228850 0.77026179 -0.31886389
vn 0.63068404 0.68531018 0.36412581
vn -0.63772780 0.77026181 -0.00000000
vn 0.72825132 0.68531016 -0.00000002
vn -0.55228848 0.77026180 0.31886391
vn 0.63068419 0.68531030 -0.36412531
vn -0.31886392 0.77026180 0.55228848
vn 0.36412596 0.68530979 -0.63068438
vn -0.00000001 0.77026181 0.63772779
vn 0.00000013 0.68531015 -0.72825133
vn 0.31886391 0.77026180 0.55228848
vn -0.36412618 0.68530978 -0.63068426
vn 0.55228848 0.77026183 0.31886383
vn -0.63068401 0.68531041 -0.36412543
vn 0.63772787 0.77026175 -0.00000000
vn -0.72825133 0.68531014 0.00000006
vn 0.55228851 0.77026182 -0.31886381
vn -0.63068397 0.68531034 0.36412563
vn 0.31886392 0.77026181 -0.55228845
vn -0.36412558 0.68530988 0.63068449
vn -0.00000001 0.77026181 -0.63772779
vn -0.00000011 0.68531015 0.72825133
vn -0.63772780 -0.77026181 -0.00000000
vn 0.78432599 -0.62034889 -0.00000002
vn -0.55228850 -0.77026179 -0.31886389
vn 0.67924618 -0.62034882 0.39216319
vn -0.31886394 -0.77026181 -0.55228845
vn 0.39216293 -0.62034927 0.67924592
vn -0.00000001 -0.77026181 -0.63772779
vn -0.00000011 -0.62034889 0.78432599
vn 0.31886392 -0.77026181 -0.55228845
vn -0.39216273 -0.62034926 0.67924604
vn 0.55228851 -0.77026182 -0.31886381
vn -0.67924633 -0.62034873 0.39216307
vn 0.63772787 -0.77026175 -0.00000000
vn -0.78432600 -0.62034887 0.00000006
vn 0.55228848 -0.77026183 0.31886383
vn -0.67924638 -0.62034881 -0.39216287
vn 0.31886391 -0.77026180 0.55228848
vn -0.39216335 -0.62034916 -0.67924578
vn -0.00000001 -0.77026181 0.63772779
vn 0.00000013 -0.62034889 -0.78432599
vn -0.31886392 -0.77026180 0.55228848
vn 0.39216313 -0.62034917 -0.67924590
vn -0.55228848 -0.77026180 0.31886391
vn 0.67924635 -0.62034895 -0.39216269
vn 0.65572181 0.65322673 -0.37858123
vn 0.37858130 0.65322687 -0.65572163
vn 0.00000000 1.00000000 0.00000000
vn 0.00000002 0.65322662 -0.75716246
vn -0.37858132 0.65322686 -0.65572163
vn 0.37858129 0.65322652 0.65572198
vn 0.65572186 0.65322694 0.37858078
vn 0.75716235 0.65322674 0.00000022
vn -0.65572187 0.65322695 0.37858075
vn -0.37858132 0.65322651 0.65572198
vn 0.00000002 0.65322701 0.75716212
vn -0.65572183 0.65322674 -0.37858119
vn -0.75716235 0.65322674 0.00000022
vn -0.65572183 -0.65322674 -0.37858119
vn -0.37858132 -0.65322686 -0.65572163
vn 0.00000000 -1.00000000 0.00000000
vn 0.00000002 -0.65322662 -0.75716246
vn 0.37858130 -0.65322687 -0.65572163
vn -0.37858132 -0.65322651 0.65572198
vn -0.65572187 -0.65322695 0.37858075
vn -0.75716235 -0.65322674 0.00000022
vn 0.65572186 -0.65322694 0.37858078
vn 0.37858129 -0.65322652 0.65572198
vn 0.00000002 -0.65322701 0.75716212
vn 0.65572181 -0.65322673 -0.37858123
vn 0.75716235 -0.65322674 0.00000022
vn 0.36061844 -0.20820335 -0.90917859
vn 0.20820317 -0.36061838 -0.90917865
vn 0.00000000 0.00000000 -1.00000000
vn 0.00000003 -0.41640677 -0.90917842
vn -0.20820359 -0.36061851 -0.90917851
vn 0.20820361 0.36061939 -0.90917815
vn 0.36061852 0.20820306 -0.90917863
vn 0.41640663 0.00000004 -0.90917848
vn -0.36061943 0.20820347 -0.90917817
vn -0.20820405 0.36061958 -0.90917798
vn -0.00000004 0.41640780 -0.90917795
vn -0.36061930 -0.20820374 -0.90917816
vn -0.41640670 0.00000010 -0.90917845
vn -0.65572185 -0.37858112 0.65322675
vn -0.37858112 -0.65572185 0.65322675
vn 0.00000000 0.00000000 1.00000000
vn 0.00000003 -0.75716231 0.65322679
vn 0.37858133 -0.65572177 0.65322672
vn -0.37858113 0.65572173 0.65322686
vn -0.65572179 0.37858130 0.65322671
vn -0.75716230 0.00000000 0.65322680
vn 0.65572167 0.37858132 0.65322682
vn 0.37858134 0.65572165 0.65322683
vn 0.00000003 0.75716242 0.65322666
vn 0.65572173 -0.37858113 0.65322686
vn 0.75716241 0.00000000 0.65322667
vn 0.00000010 0.51191305 -0.85903727
vn -0.25595648 0.44332948 -0.85903740
vn -0.44332972 0.25595665 -0.85903723
vn -0.51191278 0.00000006 -0.85903743
vn -0.44332957 -0.25595664 -0.85903730
vn -0.25595593 -0.44332916 -0.85903773
vn -0.00000000 -0.51191192 -0.85903794
vn 0.25595615 -0.44332893 -0.85903778
vn 0.44332891 -0.25595608 -0.85903781
vn 0.51191295 0.00000015 -0.85903733
vn 0.44332901 0.25595605 -0.85903777
vn 0.25595664 0.44332920 -0.85903749
vn 0.01102724 -0.54352718 0.83931913
vn 0.49598442 -0.76117298 0.41786977
vn 0.80182472 0.47787311 0.35876790
vn 0.56964961 0.74148094 0.35454949
vn -0.12560246 -0.35425840 0.92667417
vn -0.07077958 -0.44034745 0.89503317
vn 0.25392229 0.89827191 0.35865170
vn -0.31347604 -0.20368995 0.92749295
vn -0.21773424 -0.28541458 0.93334362
vn -0.86823443 0.27591606 0.41235823
vn -0.55935379 -0.10339020 0.82245596
vn -0.53521801 -0.12548732 0.83534102
vn -0.42516444 -0.15058787 0.89250125
vn 0.86755700 -0.23844722 0.43644904
vn 0.28652907 0.69407945 0.66042017
vn -0.22832431 0.22521172 0.94717881
vn 0.27528040 -0.18559582 0.94327880
vn -0.04096599 -0.49763941 0.86641607
vn -0.77281702 0.51983552 -0.36403968
vn -0.82571422 0.43444436 0.35979734
vn -0.64774892 0.30728758 -0.69713390
vn 0.81431002 -0.46557570 -0.34660994
vn 0.29610246 -0.11475341 0.94823783
vn -0.87016813 0.33723080 -0.35928096
vn 0.31515181 -0.03903778 0.94823804
vn -0.92615106 0.11472174 -0.35928143
vn 0.31515180 0.03903769 0.94823805
vn -0.92615105 -0.11472182 -0.35928141
vn 0.29610240 0.11475358 0.94823783
vn -0.87016819 -0.33723065 -0.35928096
vn 0.25915346 0.18353231 0.94823804
vn -0.76158589 -0.53935496 -0.35928146
vn 0.20654003 0.24121775 0.94823795
vn -0.60696833 -0.70887694 -0.35928114
vn 0.14144164 0.28432163 0.94823809
vn -0.41566094 -0.83554937 -0.35928154
vn 0.06779376 0.31024032 0.94823781
vn -0.19922869 -0.91171551 -0.35928090
vn -0.00995203 0.31740448 0.94823803
vn 0.02924679 -0.93277087 -0.35928141
vn -0.08709653 0.30538318 0.94823800
vn 0.25595429 -0.89744323 -0.35928129
vn -0.15897601 0.27490256 0.94823795
vn 0.46718993 -0.80786792 -0.35928121
vn 0.64246513 -0.67582256 -0.36125118
vn 0.28065394 0.79042603 -0.54448146
vn -0.50633730 -0.16909775 0.84559357
vn 0.44206895 0.81545267 -0.37364686
vn 0.25019084 0.89854912 -0.36057457
vn 0.12890768 0.70773219 -0.69462073
vn -0.12577258 0.70885405 -0.69405129
vn 0.60313862 -0.11540188 0.78924408
vn -0.37477297 0.85059258 -0.36883261
vn 0.13895913 -0.31700599 0.93818845
vn -0.19922851 0.91171555 -0.35928090
vn 0.06779398 -0.31024028 0.94823781
vn 0.02924670 0.93277088 -0.35928139
vn -0.00995214 -0.31740446 0.94823803
vn -0.08631332 -0.30979640 0.94687708
vn 0.69856618 -0.61786416 -0.36090050
vn 0.77063823 -0.63397457 -0.06475302
vn 0.72760502 -0.58675661 -0.35539784
vn 0.45752572 -0.81398618 -0.35790602
vn -0.51319018 -0.80084356 -0.30868339
vn 0.32799433 -0.90590968 -0.26785700
vn 0.46699259 -0.80646395 -0.36267591
vn 0.58295702 -0.73269829 -0.35116139
vn 0.64779914 -0.66312617 -0.37499327
vn -0.48298680 -0.67128936 0.56222269
vn 0.19947308 -0.85647075 0.47609699
vn 0.58010828 -0.46749167 0.66702767
vn 0.75437371 -0.65422883 0.05389761
vn 0.43755259 -0.53608143 0.72191719
vn 0.36572817 -0.64908943 0.66702759
vn 0.51468318 -0.80125651 -0.30510526
vn 0.48298680 -0.67128936 0.56222269
vn -0.36572817 -0.64908943 0.66702759
vn -0.45768628 -0.81341491 -0.35899785
vn -0.58010828 -0.46749167 0.66702767
vn -0.72706159 -0.58993805 -0.35121866
vn -0.75956954 -0.64857168 0.04908047
vn -0.77471609 -0.62879605 -0.06656205
vn -0.21619015 -0.84869383 0.48268064
vn -0.45543782 -0.52165854 0.72142134
vn -0.33719763 -0.90375171 -0.26368656
vn -0.47230705 -0.80137767 -0.36704207
vn -0.58991349 -0.72704938 -0.35128517
vn -0.75231819 -0.58619244 -0.30065889
vn -0.69540624 -0.61763655 -0.36733534
vn -0.64582801 -0.65794094 -0.38732404
vn 0.28806703 -0.69712727 0.65652947
vn 0.28065394 -0.79042603 -0.54448146
vn 0.87193610 0.23624922 0.42885165
vn 0.81517930 0.46326226 -0.34766476
vn 0.69797600 0.36838628 -0.61410182
vn 0.81694287 0.44821320 0.36291773
vn -0.01236733 -0.50378720 0.86373926
vn -0.18176234 -0.65424547 -0.73411533
vn -0.36341885 -0.58486318 -0.72516329
vn -0.46276236 -0.50967358 -0.72531637
vn 0.23271148 0.69662481 -0.67864515
vn 0.45470643 0.59249627 -0.66497386
vn 0.62541548 0.39402227 -0.67349976
vn 0.56730595 -0.38179354 -0.72965585
vn 0.43540175 -0.53295535 -0.72552320
vn -0.61271641 0.40499310 -0.67864511
vn -0.45470643 0.59249627 -0.66497386
vn -0.23271148 0.69662481 -0.67864515
vn 0.28601008 -0.62633752 -0.72518932
vn 0.14455850 -0.66153271 -0.73585143
vn -0.02122113 -0.67681037 -0.73585147
vn -0.47091516 0.48759998 -0.73517696
vn -0.33898901 0.58618179 -0.73585145
vn -0.18571814 0.65117691 -0.73585148
vn -0.02122113 0.67681037 -0.73585147
vn 0.14455850 0.66153271 -0.73585143
vn 0.30160000 0.60626730 -0.73585148
vn 0.44041084 0.51435483 -0.73585148
vn 0.55260011 0.39135116 -0.73585147
vn 0.63138632 0.24469162 -0.73585143
vn 0.67200707 0.08324114 -0.73585148
vn 0.67200707 -0.08324114 -0.73585148
vn 0.63138632 -0.24469162 -0.73585143
vn -0.49164294 -0.75689580 0.43057632
vn 0.04342913 -0.44705360 0.89345229
vn 0.02609691 -0.40857502 0.91235158
vn 0.11984168 -0.35303807 0.92790198
vn 0.85533633 0.28327233 0.43377016
vn 0.42937473 -0.15916974 0.88898950
vn 0.30914007 -0.20576421 0.92848991
vn 0.21219224 -0.29458322 0.93176992
vn -0.79086313 0.48123908 0.37807996
vn -0.24893425 0.89774253 0.36344200
vn -0.57190919 0.73876729 0.35657086
vn -0.33497655 -0.45551752 0.82479967
vn -0.32936108 -0.25742658 0.90843428
vn -0.38030692 0.78163715 -0.49437841
vn -0.32701645 -0.03640137 0.94431731
vn -0.34053133 0.16858187 0.92499652
vn -0.35629588 0.37395077 0.85627920
vn -0.37912683 0.55962289 0.73694306
vn -0.40290734 0.71915797 0.56610731
vn -0.42219056 0.83669427 0.34885215
vn -0.42419740 0.85624746 -0.29478273
vn -0.42769868 0.90356072 0.02553178
vn -0.33763528 0.43230380 -0.83613147
vn -0.33196739 0.23572716 -0.91336212
vn -0.36837839 -0.67087644 0.64360094
vn -0.34873102 0.62559937 -0.69786252
vn -0.33145676 0.01995160 -0.94325943
vn -0.34601692 -0.18748902 -0.91930417
vn -0.36301323 -0.38047417 -0.85056499
vn -0.37933368 -0.56129633 -0.73556263
vn -0.40330115 -0.71886114 -0.56620389
vn -0.41338942 -0.77176716 0.48320249
vn -0.42197655 -0.83673781 -0.34900664
vn -0.42662226 -0.87206476 0.23978427
vn -0.43183461 -0.90045861 -0.05189568
vn 0.99999968 -0.00035956 0.00071584
f 1//1 2//2 3//3
f 4//4 5//5 6//6
f 7//7 8//8 9//9
f 10//10 11//11 12//12
f 13//13 14//14 15//15
f 16//16 17//17 18//18
f 18//18 17//17 19//19
f 19//19 20//20 18//18
f 18//18 20//20 15//15
f 18//18 15//15 21//21
f 21//21 15//15 14//14
f 21//21 14//14 22//22
f 14//14 23//23 22//22
f 22//22 23//23 24//24
f 22//22 24//24 25//25
f 25//25 24//24 26//26
f 25//25 26//26 27//27
f 27//27 26//26 28//28
f 27//27 28//28 29//29
f 29//29 28//28 30//30
f 29//29 30//30 31//31
f 31//31 30//30 32//32
f 31//31 32//32 33//33
f 33//33 32//32 34//34
f 33//33 34//34 35//35
f 35//35 34//34 36//36
f 35//35 36//36 37//37
f 37//37 36//36 38//38
f 37//37 38//38 39//39
f 39//39 38//38 40//40
f 39//39 40//40 41//41
f 41//41 40//40 42//42
f 42//42 40//40 43//43
f 42//42 43//43 44//44
f 44//44 43//43 45//45
f 44//44 45//45 46//46
f 46//46 45//45 47//47
f 46//46 47//47 48//48
f 48//48 47//47 49//49
f 48//48 49//49 50//50
f 51//51 52//52 15//15
f 52//52 53//53 15//15
f 15//15 53//53 54//54
f 15//15 54//54 13//13
f 55//55 56//56 57//57
f 55//55 57//57 58//58
f 58//58 57//57 59//59
f 58//58 59//59 60//60
f 15//15 61//61 51//51
f 51//51 61//61 62//62
f 51//51 62//62 63//63
f 63//63 62//62 60//60
f 63//63 60//60 64//64
f 64//64 60//60 59//59
f 65//65 66//66 67//67
f 68//68 69//69 70//70
f 70//70 69//69 71//71
f 70//70 71//71 72//72
f 56//56 55//55 73//73
f 73//73 55//55 74//74
f 73//73 74//74 75//75
f 75//75 74//74 76//76
f 75//75 76//76 72//72
f 72//72 76//76 77//77
f 72//72 77//77 70//70
f 67//67 78//78 65//65
f 65//65 78//78 68//68
f 65//65 68//68 79//79
f 79//79 68//68 70//70
f 80//80 81//81 82//82
f 80//80 82//82 83//83
f 80//80 84//84 81//81
f 81//81 84//84 85//85
f 81//81 85//85 86//86
f 86//86 85//85 87//87
f 86//86 87//87 88//88
f 89//89 90//90 91//91
f 88//88 92//92 86//86
f 86//86 92//92 93//93
f 86//86 93//93 94//94
f 66//66 65//65 90//90
f 90//90 65//65 95//95
f 90//90 95//95 91//91
f 96//96 97//97 98//98
f 96//96 98//98 99//99
f 99//99 98//98 100//100
f 99//99 100//100 101//101
f 101//101 100//100 102//102
f 101//101 102//102 103//103
f 103//103 102//102 104//104
f 103//103 104//104 105//105
f 105//105 104//104 106//106
f 105//105 106//106 107//107
f 82//82 108//108 83//83
f 83//83 108//108 109//109
f 83//83 109//109 110//110
f 110//110 109//109 111//111
f 107//107 106//106 109//109
f 109//109 106//106 112//112
f 109//109 112//112 111//111
f 113//113 114//114 115//115
f 115//115 114//114 116//116
f 116//116 114//114 117//117
f 116//116 117//117 97//97
f 97//97 117//117 118//118
f 97//97 118//118 98//98
f 50//50 49//49 119//119
f 119//119 49//49 120//120
f 119//119 120//120 121//121
f 120//120 122//122 121//121
f 121//121 122//122 123//123
f 121//121 123//123 124//124
f 124//124 123//123 125//125
f 115//115 126//126 113//113
f 113//113 126//126 127//127
f 113//113 127//127 128//128
f 128//128 127//127 129//129
f 128//128 129//129 130//130
f 130//130 129//129 131//131
f 130//130 131//131 125//125
f 125//125 131//131 132//132
f 125//125 132//132 124//124
f 94//94 89//89 86//86
f 86//86 89//89 91//91
f 86//86 91//91 133//133
f 133//133 91//91 134//134
f 91//91 135//135 134//134
f 134//134 135//135 136//136
f 134//134 136//136 137//137
f 137//137 138//138 134//134
f 134//134 138//138 139//139
f 134//134 139//139 140//140
f 140//140 139//139 141//141
f 141//141 142//142 140//140
f 140//140 142//142 143//143
f 140//140 143//143 144//144
f 144//144 143//143 145//145
f 144//144 145//145 146//146
f 146//146 145//145 147//147
f 146//146 147//147 148//148
f 149//149 150//150 151//151
f 151//151 150//150 146//146
f 151//151 146//146 152//152
f 152//152 146//146 148//148
f 149//149 153//153 10//10
f 12//12 154//154 10//10
f 10//10 154//154 155//155
f 10//10 155//155 149//149
f 149//149 155//155 156//156
f 149//149 156//156 150//150
f 157//157 158//158 159//159
f 160//160 161//161 154//154
f 12//12 162//162 163//163
f 12//12 163//163 154//154
f 154//154 163//163 164//164
f 154//154 164//164 160//160
f 158//158 157//157 165//165
f 165//165 157//157 166//166
f 165//165 166//166 161//161
f 161//161 166//166 167//167
f 161//161 167//167 154//154
f 159//159 168//168 157//157
f 157//157 168//168 169//169
f 157//157 169//169 170//170
f 170//170 169//169 171//171
f 170//170 171//171 172//172
f 172//172 171//171 173//173
f 7//7 9//9 171//171
f 9//9 174//174 175//175
f 176//176 177//177 178//178
f 178//178 177//177 179//179
f 171//171 9//9 173//173
f 173//173 9//9 175//175
f 173//173 175//175 180//180
f 179//179 180//180 178//178
f 178//178 180//180 6//6
f 178//178 6//6 181//181
f 181//181 6//6 5//5
f 180//180 175//175 6//6
f 6//6 175//175 182//182
f 6//6 182//182 4//4
f 176//176 178//178 183//183
f 183//183 178//178 184//184
f 183//183 184//184 185//185
f 185//185 186//186 183//183
f 183//183 186//186 187//187
f 183//183 187//187 188//188
f 189//189 190//190 188//188
f 188//188 190//190 191//191
f 188//188 191//191 183//183
f 189//189 192//192 190//190
f 190//190 192//192 193//193
f 190//190 193//193 194//194
f 194//194 195//195 190//190
f 190//190 195//195 196//196
f 190//190 196//196 197//197
f 197//197 196//196 198//198
f 197//197 198//198 199//199
f 199//199 198//198 200//200
f 199//199 200//200 201//201
f 202//202 203//203 204//204
f 204//204 203//203 205//205
f 204//204 205//205 206//206
f 200//200 207//207 201//201
f 201//201 207//207 208//208
f 201//201 208//208 209//209
f 209//209 208//208 204//204
f 209//209 204//204 210//210
f 210//210 204//204 206//206
f 204//204 211//211 202//202
f 202//202 211//211 212//212
f 202//202 212//212 213//213
f 213//213 212//212 214//214
f 16//16 18//18 215//215
f 215//215 18//18 216//216
f 215//215 216//216 217//217
f 218//218 219//219 220//220
f 217//217 221//221 215//215
f 215//215 221//221 218//218
f 215//215 218//218 222//222
f 222//222 218//218 220//220
f 223//223 224//224 225//225
f 225//225 224//224 226//226
f 225//225 226//226 227//227
f 227//227 228//228 225//225
f 225//225 228//228 229//229
f 225//225 229//229 230//230
f 219//219 218//218 231//231
f 231//231 218//218 224//224
f 231//231 224//224 232//232
f 232//232 224//224 223//223
f 232//232 223//223 233//233
f 230//230 234//234 225//225
f 225//225 234//234 235//235
f 225//225 235//235 236//236
f 237//237 238//238 239//239
f 239//239 238//238 236//236
f 239//239 236//236 240//240
f 240//240 236//236 235//235
f 237//237 241//241 238//238
f 238//238 241//241 242//242
f 238//238 242//242 243//243
f 243//243 242//242 244//244
f 243//243 244//244 245//245
f 245//245 246//246 243//243
f 243//243 246//246 247//247
f 243//243 247//247 3//3
f 3//3 247//247 248//248
f 3//3 248//248 1//1
f 249//249 250//250 251//251
f 252//252 3//3 253//253
f 253//253 3//3 2//2
f 253//253 2//2 254//254
f 254//254 2//2 249//249
f 254//254 249//249 255//255
f 255//255 249//249 251//251
f 256//256 257//257 258//258
f 258//258 257//257 259//259
f 258//258 259//259 260//260
f 250//250 261//261 251//251
f 251//251 261//261 262//262
f 251//251 262//262 263//263
f 263//263 262//262 258//258
f 263//263 258//258 264//264
f 264//264 258//258 260//260
f 256//256 265//265 257//257
f 257//257 265//265 266//266
f 257//257 266//266 267//267
f 268//268 269//269 270//270
f 270//270 271//271 272//272
f 272//272 273//273 270//270
f 270//270 273//273 274//274
f 270//270 274//274 268//268
f 275//275 276//276 269//269
f 269//269 276//276 277//277
f 269//269 277//277 270//270
f 270//270 277//277 278//278
f 270//270 278//278 279//279
f 279//279 280//280 270//270
f 270//270 280//280 281//281
f 270//270 281//281 271//271
f 282//282 283//283 284//284
f 284//284 283//283 285//285
f 284//284 285//285 286//286
f 267//267 275//275 257//257
f 257//257 275//275 269//269
f 257//257 269//269 286//286
f 286//286 269//269 287//287
f 286//286 287//287 284//284
f 288//288 289//289 290//290
f 291//291 292//292 290//290
f 290//290 292//292 293//293
f 290//290 293//293 294//294
f 294//294 295//295 290//290
f 290//290 295//295 296//296
f 290//290 296//296 288//288
f 282//282 297//297 283//283
f 283//283 297//297 292//292
f 283//283 292//292 298//298
f 298//298 292//292 291//291
f 289//289 299//299 290//290
f 290//290 299//299 300//300
f 290//290 300//300 301//301
f 301//301 300//300 302//302
f 301//301 302//302 214//214
f 214//214 302//302 303//303
f 214//214 303//303 213//213
f 304//304 305//305 306//306
f 306//306 305//305 307//307
f 306//306 307//307 308//308
f 308//308 307//307 309//309
f 308//308 309//309 310//310
f 310//310 309//309 311//311
f 312//312 313//313 314//314
f 314//314 313//313 315//315
f 314//314 315//315 316//316
f 316//316 315//315 317//317
f 316//316 317//317 318//318
f 318//318 317//317 319//319
f 318//318 319//319 320//320
f 320//320 319//319 321//321
f 320//320 321//321 322//322
f 322//322 321//321 323//323
f 322//322 323//323 324//324
f 324//324 323//323 325//325
f 324//324 325//325 311//311
f 311//311 325//325 326//326
f 311//311 326//326 310//310
f 327//327 328//328 329//329
f 329//329 328//328 330//330
f 329//329 330//330 331//331
f 331//331 330//330 332//332
f 331//331 332//332 312//312
f 312//312 332//332 333//333
f 312//312 333//333 313//313
f 334//334 335//335 336//336
f 336//336 335//335 337//337
f 336//336 337//337 328//328
f 328//328 337//337 338//338
f 328//328 338//338 330//330
f 330//330 338//338 339//339
f 330//330 339//339 332//332
f 332//332 339//339 340//340
f 332//332 340//340 333//333
f 333//333 340//340 341//341
f 333//333 341//341 313//313
f 313//313 341//341 342//342
f 313//313 342//342 315//315
f 315//315 342//342 343//343
f 315//315 343//343 317//317
f 317//317 343//343 344//344
f 317//317 344//344 319//319
f 319//319 344//344 345//345
f 319//319 345//345 321//321
f 321//321 345//345 346//346
f 321//321 346//346 323//323
f 323//323 346//346 347//347
f 323//323 347//347 325//325
f 325//325 347//347 348//348
f 325//325 348//348 326//326
f 326//326 348//348 349//349
f 326//326 349//349 310//310
f 310//310 349//349 350//350
f 310//310 350//350 308//308
f 308//308 350//350 351//351
f 308//308 351//351 306//306
f 306//306 351//351 352//352
f 306//306 352//352 304//304
f 304//304 352//352 353//353
f 304//304 353//353 354//354
f 354//354 353//353 334//334
f 354//354 334//334 336//336
f 278//278 277//277 355//355
f 355//355 277//277 356//356
f 277//277 276//276 356//356
f 356//356 276//276 275//275
f 356//356 275//275 357//357
f 275//275 267//267 357//357
f 357//357 267//267 266//266
f 357//357 266//266 358//358
f 266//266 265//265 358//358
f 358//358 265//265 256//256
f 358//358 256//256 359//359
f 359//359 256//256 258//258
f 359//359 258//258 360//360
f 18//18 361//361 362//362
f 18//18 21//21 361//361
f 361//361 21//21 22//22
f 361//361 22//22 363//363
f 29//29 364//364 27//27
f 27//27 364//364 363//363
f 27//27 363//363 25//25
f 25//25 363//363 22//22
f 249//249 227//227 250//250
f 250//250 227//227 226//226
f 250//250 226//226 261//261
f 224//224 258//258 226//226
f 226//226 258//258 262//262
f 226//226 262//262 261//261
f 224//224 218//218 258//258
f 258//258 218//218 221//221
f 258//258 221//221 360//360
f 360//360 221//221 217//217
f 360//360 217//217 362//362
f 362//362 217//217 216//216
f 362//362 216//216 18//18
f 35//35 37//37 365//365
f 41//41 42//42 366//366
f 127//127 126//126 367//367
f 81//81 368//368 82//82
f 82//82 368//368 369//369
f 370//370 103//103 105//105
f 105//105 107//107 370//370
f 370//370 107//107 109//109
f 370//370 109//109 369//369
f 369//369 109//109 108//108
f 369//369 108//108 82//82
f 103//103 370//370 101//101
f 101//101 370//370 371//371
f 101//101 371//371 99//99
f 116//116 97//97 371//371
f 371//371 97//97 96//96
f 371//371 96//96 99//99
f 367//367 126//126 371//371
f 371//371 126//126 115//115
f 371//371 115//115 116//116
f 372//372 131//131 367//367
f 367//367 131//131 129//129
f 367//367 129//129 127//127
f 121//121 124//124 372//372
f 372//372 124//124 132//132
f 372//372 132//132 131//131
f 366//366 42//42 373//373
f 373//373 42//42 44//44
f 373//373 44//44 46//46
f 46//46 48//48 373//373
f 373//373 48//48 50//50
f 373//373 50//50 372//372
f 372//372 50//50 119//119
f 372//372 119//119 121//121
f 365//365 37//37 366//366
f 366//366 37//37 39//39
f 366//366 39//39 41//41
f 35//35 365//365 33//33
f 33//33 365//365 374//374
f 33//33 374//374 31//31
f 31//31 374//374 364//364
f 31//31 364//364 29//29
f 375//375 376//376 377//377
f 377//377 376//376 378//378
f 377//377 378//378 379//379
f 379//379 378//378 380//380
f 379//379 380//380 381//381
f 381//381 380//380 382//382
f 381//381 382//382 383//383
f 383//383 382//382 384//384
f 383//383 384//384 385//385
f 385//385 384//384 386//386
f 385//385 386//386 387//387
f 387//387 386//386 388//388
f 387//387 388//388 389//389
f 389//389 388//388 390//390
f 389//389 390//390 391//391
f 391//391 390//390 392//392
f 391//391 392//392 393//393
f 393//393 392//392 394//394
f 393//393 394//394 395//395
f 395//395 394//394 396//396
f 395//395 396//396 397//397
f 397//397 396//396 398//398
f 397//397 398//398 375//375
f 375//375 398//398 376//376
f 399//399 400//400 53//53
f 401//401 402//402 64//64
f 403//403 38//38 404//404
f 404//404 38//38 36//36
f 405//405 45//45 406//406
f 406//406 45//45 43//43
f 406//406 43//43 403//403
f 403//403 43//43 40//40
f 403//403 40//40 38//38
f 407//407 123//123 122//122
f 407//407 122//122 408//408
f 122//122 120//120 408//408
f 408//408 120//120 49//49
f 408//408 49//49 405//405
f 405//405 49//49 47//47
f 405//405 47//47 45//45
f 123//123 407//407 125//125
f 125//125 407//407 409//409
f 125//125 409//409 130//130
f 130//130 409//409 410//410
f 130//130 410//410 128//128
f 128//128 410//410 113//113
f 113//113 410//410 411//411
f 113//113 411//411 114//114
f 114//114 411//411 412//412
f 114//114 412//412 117//117
f 117//117 412//412 118//118
f 118//118 412//412 413//413
f 118//118 413//413 98//98
f 98//98 413//413 100//100
f 100//100 413//413 414//414
f 100//100 414//414 102//102
f 102//102 414//414 104//104
f 104//104 414//414 415//415
f 104//104 415//415 106//106
f 106//106 415//415 112//112
f 112//112 415//415 416//416
f 112//112 416//416 111//111
f 417//417 418//418 84//84
f 84//84 80//80 417//417
f 417//417 80//80 83//83
f 417//417 83//83 416//416
f 416//416 83//83 110//110
f 416//416 110//110 111//111
f 419//419 94//94 420//420
f 420//420 94//94 93//93
f 420//420 93//93 421//421
f 93//93 92//92 421//421
f 421//421 92//92 88//88
f 421//421 88//88 422//422
f 422//422 88//88 87//87
f 422//422 87//87 418//418
f 418//418 87//87 85//85
f 418//418 85//85 84//84
f 423//423 424//424 67//67
f 67//67 66//66 423//423
f 423//423 66//66 90//90
f 423//423 90//90 419//419
f 419//419 90//90 89//89
f 419//419 89//89 94//94
f 425//425 69//69 426//426
f 426//426 69//69 68//68
f 426//426 68//68 424//424
f 424//424 68//68 78//78
f 424//424 78//78 67//67
f 427//427 72//72 425//425
f 425//425 72//72 71//71
f 425//425 71//71 69//69
f 428//428 73//73 427//427
f 427//427 73//73 75//75
f 427//427 75//75 72//72
f 64//64 59//59 401//401
f 401//401 59//59 57//57
f 401//401 57//57 428//428
f 428//428 57//57 56//56
f 428//428 56//56 73//73
f 53//53 52//52 399//399
f 399//399 52//52 51//51
f 399//399 51//51 402//402
f 402//402 51//51 63//63
f 402//402 63//63 64//64
f 429//429 24//24 23//23
f 429//429 23//23 430//430
f 23//23 14//14 430//430
f 430//430 14//14 13//13
f 430//430 13//13 400//400
f 400//400 13//13 54//54
f 400//400 54//54 53//53
f 24//24 429//429 26//26
f 26//26 429//429 431//431
f 26//26 431//431 28//28
f 28//28 431//431 432//432
f 28//28 432//432 30//30
f 30//30 432//432 433//433
f 30//30 433//433 32//32
f 60//60 434//434 58//58
f 58//58 434//434 435//435
f 58//58 435//435 55//55
f 55//55 435//435 74//74
f 74//74 435//435 76//76
f 76//76 435//435 436//436
f 76//76 436//436 77//77
f 77//77 436//436 70//70
f 70//70 436//436 437//437
f 70//70 437//437 79//79
f 438//438 439//439 223//223
f 223//223 439//439 440//440
f 223//223 440//440 233//233
f 291//291 290//290 441//441
f 441//441 290//290 442//442
f 207//207 443//443 208//208
f 208//208 443//443 444//444
f 208//208 444//444 204//204
f 204//204 444//444 211//211
f 290//290 301//301 442//442
f 442//442 301//301 214//214
f 442//442 214//214 444//444
f 444//444 214//214 212//212
f 444//444 212//212 211//211
f 198//198 196//196 445//445
f 445//445 196//196 195//195
f 445//445 195//195 446//446
f 5//5 4//4 447//447
f 447//447 4//4 182//182
f 447//447 182//182 175//175
f 5//5 447//447 181//181
f 181//181 447//447 448//448
f 181//181 448//448 178//178
f 178//178 448//448 184//184
f 184//184 448//448 449//449
f 184//184 449//449 185//185
f 189//189 188//188 450//450
f 450//450 188//188 187//187
f 450//450 187//187 449//449
f 449//449 187//187 186//186
f 449//449 186//186 185//185
f 195//195 194//194 446//446
f 446//446 194//194 193//193
f 446//446 193//193 450//450
f 450//450 193//193 192//192
f 450//450 192//192 189//189
f 279//279 278//278 355//355
f 451//451 302//302 300//300
f 288//288 452//452 289//289
f 289//289 452//452 451//451
f 289//289 451//451 299//299
f 299//299 451//451 300//300
f 203//203 202//202 453//453
f 453//453 202//202 213//213
f 453//453 213//213 451//451
f 451//451 213//213 303//303
f 451//451 303//303 302//302
f 203//203 453//453 205//205
f 205//205 453//453 454//454
f 205//205 454//454 206//206
f 455//455 209//209 454//454
f 454//454 209//209 210//210
f 454//454 210//210 206//206
f 279//279 355//355 280//280
f 280//280 355//355 456//456
f 280//280 456//456 281//281
f 281//281 456//456 457//457
f 281//281 457//457 271//271
f 271//271 457//457 272//272
f 272//272 457//457 458//458
f 272//272 458//458 273//273
f 284//284 287//287 459//459
f 287//287 269//269 459//459
f 459//459 269//269 268//268
f 459//459 268//268 458//458
f 458//458 268//268 274//274
f 458//458 274//274 273//273
f 293//293 292//292 460//460
f 460//460 292//292 297//297
f 460//460 297//297 459//459
f 459//459 297//297 282//282
f 459//459 282//282 284//284
f 288//288 296//296 452//452
f 452//452 296//296 295//295
f 452//452 295//295 460//460
f 460//460 295//295 294//294
f 460//460 294//294 293//293
f 461//461 462//462 428//428
f 428//428 427//427 461//461
f 461//461 427//427 425//425
f 461//461 425//425 463//463
f 425//425 426//426 463//463
f 463//463 426//426 424//424
f 463//463 424//424 464//464
f 424//424 423//423 464//464
f 464//464 423//423 419//419
f 464//464 419//419 465//465
f 419//419 420//420 465//465
f 465//465 420//420 421//421
f 465//465 421//421 466//466
f 421//421 422//422 466//466
f 466//466 422//422 418//418
f 466//466 418//418 467//467
f 418//418 417//417 467//467
f 467//467 417//417 416//416
f 467//467 416//416 468//468
f 416//416 415//415 468//468
f 468//468 415//415 414//414
f 468//468 414//414 469//469
f 414//414 413//413 469//469
f 469//469 413//413 412//412
f 469//469 412//412 470//470
f 412//412 411//411 470//470
f 470//470 411//411 410//410
f 470//470 410//410 471//471
f 410//410 409//409 471//471
f 471//471 409//409 407//407
f 471//471 407//407 472//472
f 407//407 408//408 472//472
f 472//472 408//408 405//405
f 472//472 405//405 473//473
f 404//404 474//474 403//403
f 403//403 474//474 473//473
f 403//403 473//473 406//406
f 406//406 473//473 405//405
f 404//404 36//36 474//474
f 474//474 36//36 475//475
f 474//474 475//475 476//476
f 476//476 475//475 32//32
f 32//32 433//433 476//476
f 476//476 433//433 432//432
f 476//476 432//432 477//477
f 432//432 431//431 477//477
f 477//477 431//431 429//429
f 477//477 429//429 478//478
f 429//429 430//430 478//478
f 478//478 430//430 400//400
f 478//478 400//400 479//479
f 400//400 399//399 479//479
f 479//479 399//399 402//402
f 479//479 402//402 462//462
f 462//462 402//402 401//401
f 462//462 401//401 428//428
f 480//480 481//481 482//482
f 482//482 483//483 480//480
f 480//480 483//483 484//484
f 480//480 484//484 485//485
f 484//484 486//486 485//485
f 485//485 486//486 487//487
f 485//485 487//487 488//488
f 487//487 489//489 488//488
f 488//488 489//489 490//490
f 488//488 490//490 491//491
f 490//490 492//492 491//491
f 491//491 492//492 493//493
f 491//491 493//493 494//494
f 493//493 495//495 494//494
f 494//494 495//495 496//496
f 494//494 496//496 497//497
f 497//497 496//496 498//498
f 497//497 498//498 499//499
f 499//499 498//498 500//500
f 499//499 500//500 501//501
f 501//501 500//500 502//502
f 501//501 502//502 503//503
f 502//502 504//504 503//503
f 503//503 504//504 505//505
f 503//503 505//505 506//506
f 505//505 507//507 506//506
f 506//506 507//507 508//508
f 506//506 508//508 509//509
f 508//508 510//510 509//509
f 509//509 510//510 511//511
f 509//509 511//511 512//512
f 511//511 513//513 512//512
f 512//512 513//513 514//514
f 512//512 514//514 515//515
f 514//514 516//516 515//515
f 515//515 516//516 517//517
f 515//515 517//517 518//518
f 517//517 519//519 518//518
f 518//518 519//519 520//520
f 518//518 520//520 521//521
f 521//521 520//520 522//522
f 521//521 522//522 481//481
f 481//481 522//522 523//523
f 481//481 523//523 482//482
f 524//524 520//520 525//525
f 525//525 520//520 519//519
f 525//525 519//519 526//526
f 526//526 519//519 517//517
f 526//526 517//517 527//527
f 527//527 517//517 516//516
f 527//527 516//516 528//528
f 528//528 516//516 514//514
f 528//528 514//514 529//529
f 529//529 514//514 513//513
f 529//529 513//513 530//530
f 530//530 513//513 511//511
f 530//530 511//511 531//531
f 531//531 511//511 510//510
f 531//531 510//510 532//532
f 532//532 510//510 508//508
f 532//532 508//508 533//533
f 533//533 508//508 507//507
f 533//533 507//507 534//534
f 534//534 507//507 505//505
f 534//534 505//505 535//535
f 535//535 505//505 504//504
f 535//535 504//504 536//536
f 536//536 504//504 502//502
f 536//536 502//502 537//537
f 537//537 502//502 500//500
f 537//537 500//500 538//538
f 538//538 500//500 498//498
f 538//538 498//498 539//539
f 539//539 498//498 496//496
f 539//539 496//496 540//540
f 540//540 496//496 495//495
f 540//540 495//495 541//541
f 541//541 495//495 493//493
f 541//541 493//493 542//542
f 542//542 493//493 492//492
f 542//542 492//492 543//543
f 543//543 492//492 490//490
f 543//543 490//490 544//544
f 544//544 490//490 489//489
f 544//544 489//489 545//545
f 545//545 489//489 487//487
f 545//545 487//487 546//546
f 546//546 487//487 486//486
f 546//546 486//486 547//547
f 547//547 486//486 484//484
f 547//547 484//484 548//548
f 548//548 484//484 483//483
f 548//548 483//483 549//549
f 549//549 483//483 482//482
f 549//549 482//482 550//550
f 550//550 482//482 523//523
f 550//550 523//523 551//551
f 551//551 523//523 522//522
f 551//551 522//522 524//524
f 524//524 522//522 520//520
f 550//550 552//552 549//549
f 549//549 552//552 553//553
f 549//549 553//553 548//548
f 548//548 553//553 554//554
f 548//548 554//554 547//547
f 547//547 554//554 555//555
f 547//547 555//555 546//546
f 546//546 555//555 556//556
f 546//546 556//556 545//545
f 545//545 556//556 557//557
f 545//545 557//557 544//544
f 544//544 557//557 558//558
f 544//544 558//558 543//543
f 543//543 558//558 559//559
f 543//543 559//559 542//542
f 542//542 559//559 560//560
f 542//542 560//560 541//541
f 541//541 560//560 561//561
f 541//541 561//561 540//540
f 540//540 561//561 562//562
f 540//540 562//562 539//539
f 539//539 562//562 563//563
f 539//539 563//563 538//538
f 538//538 563//563 564//564
f 538//538 564//564 537//537
f 537//537 564//564 565//565
f 537//537 565//565 536//536
f 536//536 565//565 566//566
f 536//536 566//566 535//535
f 535//535 566//566 567//567
f 535//535 567//567 534//534
f 534//534 567//567 568//568
f 534//534 568//568 533//533
f 533//533 568//568 569//569
f 533//533 569//569 532//532
f 532//532 569//569 570//570
f 532//532 570//570 531//531
f 531//531 570//570 571//571
f 531//531 571//571 530//530
f 530//530 571//571 572//572
f 530//530 572//572 529//529
f 529//529 572//572 573//573
f 529//529 573//573 528//528
f 528//528 573//573 574//574
f 528//528 574//574 527//527
f 527//527 574//574 575//575
f 527//527 575//575 526//526
f 526//526 575//575 576//576
f 526//526 576//576 525//525
f 525//525 576//576 577//577
f 525//525 577//577 524//524
f 524//524 577//577 578//578
f 524//524 578//578 551//551
f 551//551 578//578 579//579
f 551//551 579//579 550//550
f 550//550 579//579 552//552
f 580//580 581//581 582//582
f 582//582 583//583 580//580
f 580//580 583//583 584//584
f 580//580 584//584 585//585
f 584//584 586//586 585//585
f 585//585 586//586 587//587
f 585//585 587//587 588//588
f 587//587 589//589 588//588
f 588//588 589//589 590//590
f 588//588 590//590 591//591
f 590//590 592//592 591//591
f 591//591 592//592 593//593
f 591//591 593//593 594//594
f 593//593 595//595 594//594
f 594//594 595//595 596//596
f 594//594 596//596 597//597
f 596//596 598//598 597//597
f 597//597 598//598 599//599
f 597//597 599//599 600//600
f 599//599 601//601 600//600
f 600//600 601//601 602//602
f 600//600 602//602 603//603
f 602//602 604//604 603//603
f 603//603 604//604 605//605
f 603//603 605//605 606//606
f 605//605 607//607 606//606
f 606//606 607//607 608//608
f 606//606 608//608 609//609
f 608//608 610//610 609//609
f 609//609 610//610 611//611
f 609//609 611//611 612//612
f 611//611 613//613 612//612
f 612//612 613//613 614//614
f 612//612 614//614 615//615
f 614//614 616//616 615//615
f 615//615 616//616 617//617
f 615//615 617//617 618//618
f 617//617 619//619 618//618
f 618//618 619//619 620//620
f 618//618 620//620 581//581
f 581//581 620//620 621//621
f 581//581 621//621 582//582
f 621//621 622//622 582//582
f 582//582 622//622 623//623
f 582//582 623//623 583//583
f 583//583 623//623 624//624
f 583//583 624//624 584//584
f 584//584 624//624 625//625
f 584//584 625//625 586//586
f 586//586 625//625 626//626
f 586//586 626//626 587//587
f 587//587 626//626 627//627
f 587//587 627//627 589//589
f 589//589 627//627 628//628
f 589//589 628//628 590//590
f 590//590 628//628 629//629
f 590//590 629//629 592//592
f 592//592 629//629 630//630
f 592//592 630//630 593//593
f 593//593 630//630 631//631
f 593//593 631//631 595//595
f 595//595 631//631 632//632
f 595//595 632//632 596//596
f 596//596 632//632 633//633
f 596//596 633//633 598//598
f 598//598 633//633 634//634
f 598//598 634//634 599//599
f 599//599 634//634 635//635
f 599//599 635//635 601//601
f 601//601 635//635 636//636
f 601//601 636//636 602//602
f 602//602 636//636 637//637
f 602//602 637//637 604//604
f 604//604 637//637 638//638
f 604//604 638//638 605//605
f 605//605 638//638 639//639
f 605//605 639//639 607//607
f 607//607 639//639 640//640
f 607//607 640//640 608//608
f 608//608 640//640 641//641
f 608//608 641//641 610//610
f 610//610 641//641 642//642
f 610//610 642//642 611//611
f 611//611 642//642 643//643
f 611//611 643//643 613//613
f 613//613 643//643 644//644
f 613//613 644//644 614//614
f 614//614 644//644 645//645
f 614//614 645//645 616//616
f 616//616 645//645 646//646
f 616//616 646//646 617//617
f 617//617 646//646 647//647
f 617//617 647//647 619//619
f 619//619 647//647 648//648
f 619//619 648//648 620//620
f 620//620 648//648 649//649
f 620//620 649//649 621//621
f 621//621 649//649 622//622
f 649//649 650//650 622//622
f 622//622 650//650 651//651
f 622//622 651//651 623//623
f 623//623 651//651 652//652
f 623//623 652//652 624//624
f 624//624 652//652 653//653
f 624//624 653//653 625//625
f 625//625 653//653 654//654
f 625//625 654//654 626//626
f 626//626 654//654 655//655
f 626//626 655//655 627//627
f 627//627 655//655 656//656
f 627//627 656//656 628//628
f 628//628 656//656 657//657
f 628//628 657//657 629//629
f 629//629 657//657 658//658
f 629//629 658//658 630//630
f 630//630 658//658 659//659
f 630//630 659//659 631//631
f 631//631 659//659 660//660
f 631//631 660//660 632//632
f 632//632 660//660 661//661
f 632//632 661//661 633//633
f 633//633 661//661 662//662
f 633//633 662//662 634//634
f 634//634 662//662 663//663
f 634//634 663//663 635//635
f 635//635 663//663 664//664
f 635//635 664//664 636//636
f 636//636 664//664 665//665
f 636//636 665//665 637//637
f 637//637 665//665 666//666
f 637//637 666//666 638//638
f 638//638 666//666 667//667
f 638//638 667//667 639//639
f 639//639 667//667 668//668
f 639//639 668//668 640//640
f 640//640 668//668 669//669
f 640//640 669//669 641//641
f 641//641 669//669 670//670
f 641//641 670//670 642//642
f 642//642 670//670 671//671
f 642//642 671//671 643//643
f 643//643 671//671 672//672
f 643//643 672//672 644//644
f 644//644 672//672 673//673
f 644//644 673//673 645//645
f 645//645 673//673 674//674
f 645//645 674//674 646//646
f 646//646 674//674 675//675
f 646//646 675//675 647//647
f 647//647 675//675 676//676
f 647//647 676//676 648//648
f 648//648 676//676 677//677
f 648//648 677//677 649//649
f 649//649 677//677 650//650
f 677//677 678//678 650//650
f 650//650 678//678 679//679
f 650//650 679//679 651//651
f 651//651 679//679 680//680
f 651//651 680//680 652//652
f 652//652 680//680 681//681
f 652//652 681//681 653//653
f 653//653 681//681 682//682
f 653//653 682//682 654//654
f 654//654 682//682 683//683
f 654//654 683//683 655//655
f 655//655 683//683 684//684
f 655//655 684//684 656//656
f 656//656 684//684 685//685
f 656//656 685//685 657//657
f 657//657 685//685 686//686
f 657//657 686//686 658//658
f 658//658 686//686 687//687
f 658//658 687//687 659//659
f 659//659 687//687 688//688
f 659//659 688//688 660//660
f 660//660 688//688 689//689
f 660//660 689//689 661//661
f 661//661 689//689 690//690
f 661//661 690//690 662//662
f 662//662 690//690 691//691
f 662//662 691//691 663//663
f 663//663 691//691 692//692
f 663//663 692//692 664//664
f 664//664 692//692 693//693
f 664//664 693//693 665//665
f 665//665 693//693 694//694
f 665//665 694//694 666//666
f 666//666 694//694 695//695
f 666//666 695//695 667//667
f 667//667 695//695 696//696
f 667//667 696//696 668//668
f 668//668 696//696 697//697
f 668//668 697//697 669//669
f 669//669 697//697 698//698
f 669//669 698//698 670//670
f 670//670 698//698 699//699
f 670//670 699//699 671//671
f 671//671 699//699 700//700
f 671//671 700//700 672//672
f 672//672 700//700 701//701
f 672//672 701//701 673//673
f 673//673 701//701 702//702
f 673//673 702//702 674//674
f 674//674 702//702 703//703
f 674//674 703//703 675//675
f 675//675 703//703 704//704
f 675//675 704//704 676//676
f 676//676 704//704 705//705
f 676//676 705//705 677//677
f 677//677 705//705 678//678
f 706//706 707//707 708//708
f 708//708 707//707 709//709
f 708//708 709//709 710//710
f 710//710 709//709 711//711
f 710//710 711//711 712//712
f 712//712 711//711 713//713
f 712//712 713//713 714//714
f 714//714 713//713 715//715
f 714//714 715//715 716//716
f 716//716 715//715 717//717
f 716//716 717//717 718//718
f 718//718 717//717 719//719
f 718//718 719//719 720//720
f 720//720 719//719 721//721
f 720//720 721//721 722//722
f 722//722 721//721 723//723
f 722//722 723//723 724//724
f 724//724 723//723 725//725
f 724//724 725//725 726//726
f 726//726 725//725 727//727
f 726//726 727//727 728//728
f 728//728 727//727 729//729
f 728//728 729//729 706//706
f 706//706 729//729 707//707
f 730//730 731//731 162//162
f 162//162 731//731 732//732
f 162//162 732//732 163//163
f 163//163 732//732 164//164
f 164//164 732//732 733//733
f 164//164 733//733 160//160
f 168//168 159//159 734//734
f 734//734 159//159 158//158
f 734//734 158//158 735//735
f 735//735 158//158 165//165
f 735//735 165//165 733//733
f 733//733 165//165 161//161
f 733//733 161//161 160//160
f 8//8 7//7 736//736
f 736//736 7//7 171//171
f 736//736 171//171 734//734
f 734//734 171//171 169//169
f 734//734 169//169 168//168
f 737//737 738//738 739//739
f 737//737 739//739 736//736
f 736//736 739//739 740//740
f 736//736 740//740 8//8
f 741//741 742//742 737//737
f 737//737 742//742 743//743
f 737//737 743//743 738//738
f 744//744 745//745 746//746
f 746//746 745//745 747//747
f 746//746 747//747 741//741
f 741//741 747//747 748//748
f 741//741 748//748 742//742
f 744//744 746//746 749//749
f 749//749 746//746 750//750
f 749//749 750//750 751//751
f 751//751 750//750 752//752
f 751//751 752//752 753//753
f 730//730 754//754 731//731
f 731//731 754//754 755//755
f 731//731 755//755 756//756
f 756//756 755//755 757//757
f 756//756 757//757 752//752
f 752//752 757//757 758//758
f 752//752 758//758 753//753
f 759//759 760//760 732//732
f 761//761 735//735 760//760
f 760//760 735//735 733//733
f 760//760 733//733 732//732
f 762//762 736//736 761//761
f 761//761 736//736 734//734
f 761//761 734//734 735//735
f 763//763 741//741 762//762
f 762//762 741//741 737//737
f 762//762 737//737 736//736
f 764//764 750//750 763//763
f 763//763 750//750 746//746
f 763//763 746//746 741//741
f 732//732 731//731 759//759
f 759//759 731//731 756//756
f 759//759 756//756 764//764
f 764//764 756//756 752//752
f 764//764 752//752 750//750
f 765//765 762//762 766//766
f 766//766 762//762 761//761
f 766//766 761//761 767//767
f 767//767 761//761 760//760
f 767//767 760//760 768//768
f 768//768 760//760 759//759
f 769//769 765//765 770//770
f 770//770 765//765 766//766
f 770//770 766//766 768//768
f 768//768 766//766 767//767
f 348//348 347//347 771//771
f 771//771 347//347 346//346
f 771//771 346//346 772//772
f 335//335 334//334 773//773
f 774//774 350//350 771//771
f 771//771 350//350 349//349
f 771//771 349//349 348//348
f 340//340 775//775 341//341
f 341//341 775//775 776//776
f 341//341 776//776 342//342
f 346//346 345//345 772//772
f 772//772 345//345 344//344
f 772//772 344//344 776//776
f 776//776 344//344 343//343
f 776//776 343//343 342//342
f 334//334 353//353 773//773
f 773//773 353//353 352//352
f 773//773 352//352 774//774
f 774//774 352//352 351//351
f 774//774 351//351 350//350
f 340//340 339//339 775//775
f 775//775 339//339 338//338
f 775//775 338//338 773//773
f 773//773 338//338 337//337
f 773//773 337//337 335//335
f 777//777 778//778 779//779
f 779//779 778//778 780//780
f 779//779 780//780 781//781
f 781//781 780//780 782//782
f 778//778 777//777 771//771
f 771//771 777//777 774//774
f 780//780 778//778 772//772
f 772//772 778//778 771//771
f 782//782 780//780 776//776
f 776//776 780//780 772//772
f 781//781 782//782 775//775
f 775//775 782//782 776//776
f 779//779 781//781 773//773
f 773//773 781//781 775//775
f 777//777 779//779 774//774
f 774//774 779//779 773//773
f 699//699 698//698 783//783
f 690//690 689//689 784//784
f 784//784 689//689 688//688
f 688//688 687//687 784//784
f 784//784 687//687 686//686
f 784//784 686//686 785//785
f 785//785 686//686 685//685
f 785//785 685//685 684//684
f 694//694 693//693 786//786
f 786//786 693//693 692//692
f 786//786 692//692 784//784
f 784//784 692//692 691//691
f 784//784 691//691 690//690
f 680//680 679//679 787//787
f 787//787 679//679 678//678
f 703//703 788//788 704//704
f 704//704 788//788 787//787
f 704//704 787//787 705//705
f 705//705 787//787 678//678
f 698//698 697//697 783//783
f 783//783 697//697 696//696
f 783//783 696//696 786//786
f 786//786 696//696 695//695
f 786//786 695//695 694//694
f 703//703 702//702 788//788
f 788//788 702//702 701//701
f 788//788 701//701 783//783
f 783//783 701//701 700//700
f 783//783 700//700 699//699
f 684//684 683//683 785//785
f 785//785 683//683 682//682
f 785//785 682//682 787//787
f 787//787 682//682 681//681
f 787//787 681//681 680//680
f 789//789 790//790 791//791
f 789//789 792//792 790//790
f 789//789 793//793 792//792
f 789//789 794//794 793//793
f 789//789 795//795 794//794
f 789//789 791//791 795//795
f 794//794 795//795 783//783
f 783//783 795//795 788//788
f 793//793 794//794 786//786
f 786//786 794//794 783//783
f 792//792 793//793 784//784
f 784//784 793//793 786//786
f 790//790 792//792 785//785
f 785//785 792//792 784//784
f 791//791 790//790 787//787
f 787//787 790//790 785//785
f 795//795 791//791 788//788
f 788//788 791//791 787//787
f 471//471 566//566 470//470
f 470//470 566//566 565//565
f 470//470 565//565 469//469
f 467//467 560//560 466//466
f 466//466 560//560 559//559
f 466//466 559//559 465//465
f 559//559 558//558 465//465
f 465//465 558//558 557//557
f 465//465 557//557 464//464
f 461//461 552//552 462//462
f 462//462 552//552 579//579
f 462//462 579//579 479//479
f 565//565 564//564 469//469
f 469//469 564//564 563//563
f 469//469 563//563 468//468
f 468//468 563//563 562//562
f 468//468 562//562 467//467
f 467//467 562//562 561//561
f 467//467 561//561 560//560
f 557//557 556//556 464//464
f 464//464 556//556 555//555
f 464//464 555//555 463//463
f 463//463 555//555 554//554
f 463//463 554//554 461//461
f 461//461 554//554 553//553
f 461//461 553//553 552//552
f 579//579 578//578 479//479
f 479//479 578//578 577//577
f 479//479 577//577 478//478
f 478//478 577//577 576//576
f 478//478 576//576 477//477
f 473//473 569//569 472//472
f 472//472 569//569 568//568
f 472//472 568//568 471//471
f 471//471 568//568 567//567
f 471//471 567//567 566//566
f 576//576 575//575 477//477
f 477//477 575//575 574//574
f 477//477 574//574 476//476
f 574//574 573//573 476//476
f 476//476 573//573 572//572
f 476//476 572//572 474//474
f 474//474 572//572 571//571
f 474//474 571//571 473//473
f 473//473 571//571 570//570
f 473//473 570//570 569//569
f 497//497 499//499 581//581
f 581//581 499//499 501//501
f 581//581 501//501 618//618
f 618//618 501//501 503//503
f 618//618 503//503 615//615
f 615//615 503//503 506//506
f 615//615 506//506 612//612
f 612//612 506//506 509//509
f 612//612 509//509 609//609
f 609//609 509//509 512//512
f 609//609 512//512 606//606
f 606//606 512//512 515//515
f 606//606 515//515 603//603
f 603//603 515//515 518//518
f 603//603 518//518 600//600
f 600//600 518//518 521//521
f 600//600 521//521 597//597
f 597//597 521//521 481//481
f 597//597 481//481 594//594
f 594//594 481//481 480//480
f 594//594 480//480 591//591
f 591//591 480//480 485//485
f 591//591 485//485 588//588
f 588//588 485//485 488//488
f 588//588 488//488 585//585
f 585//585 488//488 491//491
f 585//585 491//491 580//580
f 580//580 491//491 494//494
f 580//580 494//494 581//581
f 581//581 494//494 497//497
f 227//227 249//249 2//2
f 230//230 229//229 1//1
f 1//1 229//229 2//2
f 2//2 229//229 228//228
f 2//2 228//228 227//227
f 1//1 248//248 230//230
f 230//230 248//248 247//247
f 230//230 247//247 246//246
f 244//244 240//240 245//245
f 245//245 240//240 235//235
f 245//245 235//235 246//246
f 246//246 235//235 234//234
f 246//246 234//234 230//230
f 244//244 242//242 240//240
f 240//240 242//242 241//241
f 240//240 241//241 239//239
f 239//239 241//241 237//237
f 166//166 157//157 167//167
f 167//167 157//157 154//154
f 157//157 170//170 154//154
f 154//154 170//170 172//172
f 154//154 172//172 155//155
f 155//155 172//172 173//173
f 155//155 173//173 156//156
f 156//156 173//173 180//180
f 156//156 180//180 179//179
f 730//730 162//162 796//796
f 796//796 162//162 12//12
f 797//797 798//798 799//799
f 800//800 801//801 802//802
f 803//803 804//804 805//805
f 805//805 804//804 806//806
f 805//805 806//806 807//807
f 801//801 808//808 809//809
f 809//809 808//808 810//810
f 809//809 810//810 811//811
f 812//812 813//813 814//814
f 814//814 813//813 800//800
f 815//815 816//816 817//817
f 817//817 816//816 818//818
f 817//817 818//818 812//812
f 798//798 797//797 819//819
f 797//797 815//815 819//819
f 819//819 815//815 817//817
f 819//819 817//817 820//820
f 820//820 817//817 821//821
f 817//817 822//822 821//821
f 821//821 822//822 823//823
f 821//821 823//823 824//824
f 824//824 823//823 825//825
f 824//824 825//825 826//826
f 827//827 828//828 829//829
f 829//829 828//828 830//830
f 829//829 830//830 831//831
f 831//831 830//830 832//832
f 831//831 832//832 833//833
f 833//833 832//832 834//834
f 833//833 834//834 825//825
f 825//825 834//834 835//835
f 825//825 835//835 826//826
f 836//836 837//837 838//838
f 838//838 837//837 839//839
f 838//838 839//839 840//840
f 840//840 839//839 841//841
f 840//840 841//841 842//842
f 842//842 841//841 843//843
f 842//842 843//843 827//827
f 827//827 843//843 844//844
f 827//827 844//844 828//828
f 836//836 838//838 845//845
f 845//845 838//838 846//846
f 845//845 846//846 847//847
f 847//847 846//846 848//848
f 847//847 848//848 849//849
f 849//849 848//848 850//850
f 849//849 850//850 851//851
f 12//12 11//11 796//796
f 796//796 11//11 852//852
f 796//796 852//852 853//853
f 853//853 852//852 854//854
f 853//853 854//854 855//855
f 855//855 854//854 856//856
f 855//855 856//856 850//850
f 850//850 856//856 857//857
f 850//850 857//857 851//851
f 853//853 757//757 755//755
f 853//853 755//755 796//796
f 796//796 755//755 754//754
f 796//796 754//754 730//730
f 747//747 745//745 858//858
f 858//858 745//745 744//744
f 858//858 744//744 749//749
f 758//758 859//859 753//753
f 753//753 859//859 751//751
f 742//742 748//748 860//860
f 740//740 739//739 861//861
f 861//861 739//739 738//738
f 861//861 738//738 860//860
f 860//860 738//738 743//743
f 860//860 743//743 742//742
f 862//862 863//863 860//860
f 860//860 863//863 174//174
f 860//860 174//174 861//861
f 861//861 174//174 9//9
f 861//861 9//9 740//740
f 740//740 9//9 8//8
f 862//862 860//860 864//864
f 864//864 860//860 865//865
f 864//864 865//865 866//866
f 866//866 865//865 867//867
f 866//866 867//867 868//868
f 868//868 867//867 869//869
f 868//868 869//869 870//870
f 871//871 872//872 873//873
f 873//873 872//872 874//874
f 873//873 874//874 875//875
f 875//875 874//874 876//876
f 875//875 876//876 877//877
f 877//877 876//876 878//878
f 877//877 878//878 869//869
f 869//869 878//878 879//879
f 869//869 879//879 870//870
f 880//880 881//881 871//871
f 871//871 881//881 882//882
f 871//871 882//882 872//872
f 883//883 884//884 885//885
f 885//885 884//884 886//886
f 885//885 886//886 887//887
f 887//887 886//886 880//880
f 887//887 880//880 888//888
f 888//888 880//880 871//871
f 883//883 885//885 889//889
f 889//889 885//885 890//890
f 889//889 890//890 891//891
f 891//891 890//890 892//892
f 891//891 892//892 893//893
f 893//893 892//892 894//894
f 893//893 894//894 895//895
f 895//895 894//894 896//896
f 895//895 896//896 897//897
f 897//897 896//896 898//898
f 898//898 896//896 809//809
f 898//898 809//809 806//806
f 806//806 809//809 811//811
f 806//806 811//811 807//807
f 812//812 814//814 817//817
f 817//817 814//814 899//899
f 817//817 899//899 822//822
f 822//822 899//899 900//900
f 822//822 900//900 823//823
f 823//823 900//900 901//901
f 823//823 901//901 825//825
f 825//825 901//901 902//902
f 825//825 902//902 833//833
f 833//833 902//902 903//903
f 833//833 903//903 831//831
f 831//831 903//903 904//904
f 831//831 904//904 829//829
f 829//829 904//904 905//905
f 829//829 905//905 827//827
f 827//827 905//905 906//906
f 827//827 906//906 842//842
f 842//842 906//906 907//907
f 842//842 907//907 840//840
f 840//840 907//907 908//908
f 840//840 908//908 838//838
f 838//838 908//908 909//909
f 838//838 909//909 846//846
f 846//846 909//909 910//910
f 846//846 910//910 848//848
f 848//848 910//910 911//911
f 848//848 911//911 850//850
f 850//850 911//911 912//912
f 850//850 912//912 855//855
f 855//855 912//912 859//859
f 855//855 859//859 853//853
f 853//853 859//859 758//758
f 853//853 758//758 757//757
f 800//800 802//802 814//814
f 814//814 802//802 913//913
f 814//814 913//913 899//899
f 899//899 913//913 914//914
f 899//899 914//914 900//900
f 900//900 914//914 915//915
f 900//900 915//915 901//901
f 901//901 915//915 916//916
f 901//901 916//916 902//902
f 902//902 916//916 917//917
f 902//902 917//917 903//903
f 903//903 917//917 918//918
f 903//903 918//918 904//904
f 904//904 918//918 919//919
f 904//904 919//919 905//905
f 905//905 919//919 920//920
f 905//905 920//920 906//906
f 906//906 920//920 921//921
f 906//906 921//921 907//907
f 907//907 921//921 922//922
f 907//907 922//922 908//908
f 908//908 922//922 923//923
f 908//908 923//923 909//909
f 909//909 923//923 924//924
f 909//909 924//924 910//910
f 910//910 924//924 925//925
f 910//910 925//925 911//911
f 911//911 925//925 926//926
f 911//911 926//926 912//912
f 912//912 926//926 858//858
f 912//912 858//858 859//859
f 859//859 858//858 749//749
f 859//859 749//749 751//751
f 801//801 809//809 802//802
f 802//802 809//809 896//896
f 802//802 896//896 913//913
f 913//913 896//896 894//894
f 913//913 894//894 914//914
f 914//914 894//894 892//892
f 914//914 892//892 915//915
f 915//915 892//892 890//890
f 915//915 890//890 916//916
f 916//916 890//890 885//885
f 916//916 885//885 917//917
f 917//917 885//885 887//887
f 917//917 887//887 918//918
f 918//918 887//887 888//888
f 918//918 888//888 919//919
f 919//919 888//888 871//871
f 919//919 871//871 920//920
f 920//920 871//871 873//873
f 920//920 873//873 921//921
f 921//921 873//873 875//875
f 921//921 875//875 922//922
f 922//922 875//875 877//877
f 922//922 877//877 923//923
f 923//923 877//877 869//869
f 923//923 869//869 924//924
f 924//924 869//869 867//867
f 924//924 867//867 925//925
f 925//925 867//867 865//865
f 925//925 865//865 926//926
f 926//926 865//865 860//860
f 926//926 860//860 858//858
f 858//858 860//860 748//748
f 858//858 748//748 747//747
f 927//927 803//803 928//928
f 928//928 803//803 805//805
f 928//928 805//805 929//929
f 929//929 805//805 807//807
f 929//929 807//807 930//930
f 930//930 807//807 811//811
f 930//930 811//811 931//931
f 931//931 811//811 810//810
f 931//931 810//810 932//932
f 932//932 810//810 808//808
f 932//932 808//808 933//933
f 933//933 808//808 801//801
f 933//933 801//801 934//934
f 934//934 801//801 800//800
f 934//934 800//800 935//935
f 935//935 800//800 813//813
f 935//935 813//813 936//936
f 936//936 813//813 812//812
f 936//936 812//812 937//937
f 937//937 812//812 818//818
f 937//937 818//818 938//938
f 938//938 818//818 816//816
f 938//938 816//816 939//939
f 939//939 816//816 815//815
f 939//939 815//815 940//940
f 940//940 815//815 797//797
f 940//940 797//797 941//941
f 941//941 797//797 799//799
f 942//942 927//927 943//943
f 943//943 927//927 928//928
f 943//943 928//928 944//944
f 944//944 928//928 929//929
f 944//944 929//929 945//945
f 945//945 929//929 930//930
f 945//945 930//930 946//946
f 946//946 930//930 931//931
f 946//946 931//931 947//947
f 947//947 931//931 932//932
f 947//947 932//932 948//948
f 948//948 932//932 933//933
f 948//948 933//933 949//949
f 949//949 933//933 934//934
f 949//949 934//934 950//950
f 950//950 934//934 935//935
f 950//950 935//935 951//951
f 951//951 935//935 936//936
f 951//951 936//936 952//952
f 952//952 936//936 937//937
f 952//952 937//937 953//953
f 953//953 937//937 938//938
f 953//953 938//938 954//954
f 954//954 938//938 939//939
f 954//954 939//939 955//955
f 955//955 939//939 940//940
f 955//955 940//940 956//956
f 956//956 940//940 941//941
f 198//198 445//445 200//200
f 200//200 445//445 443//443
f 200//200 443//443 207//207
f 219//219 231//231 957//957
f 957//957 231//231 232//232
f 957//957 232//232 233//233
f 233//233 440//440 957//957
f 957//957 440//440 439//439
f 957//957 439//439 958//958
f 16//16 215//215 959//959
f 959//959 215//215 222//222
f 959//959 222//222 957//957
f 957//957 222//222 220//220
f 957//957 220//220 219//219
f 960//960 61//61 15//15
f 15//15 20//20 960//960
f 960//960 20//20 19//19
f 960//960 19//19 959//959
f 959//959 19//19 17//17
f 959//959 17//17 16//16
f 61//61 960//960 62//62
f 62//62 960//960 434//434
f 62//62 434//434 60//60
f 36//36 34//34 475//475
f 475//475 34//34 32//32
f 307//307 305//305 961//961
f 961//961 305//305 3//3
f 961//961 3//3 252//252
f 439//439 438//438 958//958
f 958//958 438//438 327//327
f 958//958 327//327 329//329
f 322//322 942//942 943//943
f 322//322 943//943 320//320
f 320//320 943//943 944//944
f 320//320 944//944 945//945
f 329//329 331//331 958//958
f 958//958 331//331 312//312
f 958//958 312//312 956//956
f 956//956 312//312 314//314
f 956//956 314//314 955//955
f 955//955 314//314 316//316
f 955//955 316//316 954//954
f 954//954 316//316 318//318
f 954//954 318//318 953//953
f 953//953 318//318 952//952
f 945//945 946//946 320//320
f 320//320 946//946 947//947
f 320//320 947//947 948//948
f 322//322 324//324 942//942
f 942//942 324//324 311//311
f 942//942 311//311 961//961
f 961//961 311//311 309//309
f 961//961 309//309 307//307
f 948//948 949//949 320//320
f 320//320 949//949 950//950
f 320//320 950//950 318//318
f 318//318 950//950 951//951
f 318//318 951//951 952//952
f 359//359 962//962 385//385
f 385//385 387//387 359//359
f 359//359 387//387 389//389
f 359//359 389//389 358//358
f 391//391 393//393 456//456
f 456//456 393//393 457//457
f 457//457 393//393 395//395
f 457//457 395//395 458//458
f 456//456 355//355 391//391
f 391//391 355//355 356//356
f 391//391 356//356 389//389
f 389//389 356//356 357//357
f 389//389 357//357 358//358
f 458//458 395//395 459//459
f 459//459 395//395 397//397
f 459//459 397//397 460//460
f 460//460 397//397 452//452
f 452//452 397//397 375//375
f 452//452 375//375 451//451
f 451//451 375//375 377//377
f 451//451 377//377 453//453
f 453//453 377//377 454//454
f 454//454 377//377 379//379
f 454//454 379//379 455//455
f 455//455 379//379 381//381
f 455//455 381//381 962//962
f 962//962 381//381 383//383
f 962//962 383//383 385//385
f 197//197 199//199 455//455
f 455//455 199//199 201//201
f 455//455 201//201 209//209
f 177//177 176//176 963//963
f 963//963 176//176 962//962
f 368//368 81//81 86//86
f 86//86 133//133 368//368
f 368//368 133//133 134//134
f 368//368 134//134 963//963
f 963//963 134//134 140//140
f 176//176 183//183 962//962
f 962//962 183//183 191//191
f 962//962 191//191 455//455
f 455//455 191//191 190//190
f 455//455 190//190 197//197
f 156//156 179//179 150//150
f 150//150 179//179 177//177
f 150//150 177//177 146//146
f 146//146 177//177 963//963
f 146//146 963//963 144//144
f 144//144 963//963 140//140
f 264//264 260//260 964//964
f 298//298 291//291 441//441
f 964//964 260//260 965//965
f 965//965 260//260 259//259
f 965//965 259//259 257//257
f 257//257 286//286 965//965
f 965//965 286//286 285//285
f 965//965 285//285 441//441
f 441//441 285//285 283//283
f 441//441 283//283 298//298
f 961//961 252//252 966//966
f 966//966 252//252 253//253
f 966//966 253//253 254//254
f 254//254 255//255 966//966
f 966//966 255//255 251//251
f 966//966 251//251 964//964
f 964//964 251//251 263//263
f 964//964 263//263 264//264
f 961//961 710//710 942//942
f 942//942 710//710 712//712
f 806//806 804//804 712//712
f 716//716 893//893 895//895
f 706//706 708//708 441//441
f 961//961 966//966 710//710
f 710//710 966//966 964//964
f 710//710 964//964 708//708
f 708//708 964//964 965//965
f 708//708 965//965 441//441
f 716//716 895//895 714//714
f 714//714 895//895 897//897
f 714//714 897//897 712//712
f 712//712 897//897 898//898
f 712//712 898//898 806//806
f 804//804 803//803 712//712
f 712//712 803//803 927//927
f 712//712 927//927 942//942
f 884//884 883//883 718//718
f 718//718 883//883 889//889
f 718//718 889//889 716//716
f 716//716 889//889 891//891
f 716//716 891//891 893//893
f 882//882 881//881 720//720
f 720//720 881//881 880//880
f 720//720 880//880 718//718
f 718//718 880//880 886//886
f 718//718 886//886 884//884
f 882//882 720//720 872//872
f 872//872 720//720 722//722
f 872//872 722//722 874//874
f 864//864 866//866 724//724
f 724//724 866//866 868//868
f 724//724 868//868 870//870
f 870//870 879//879 724//724
f 724//724 879//879 878//878
f 724//724 878//878 722//722
f 722//722 878//878 876//876
f 722//722 876//876 874//874
f 441//441 442//442 706//706
f 706//706 442//442 444//444
f 706//706 444//444 728//728
f 728//728 444//444 443//443
f 728//728 443//443 726//726
f 726//726 443//443 445//445
f 726//726 445//445 724//724
f 724//724 445//445 446//446
f 724//724 446//446 864//864
f 446//446 450//450 864//864
f 864//864 450//450 449//449
f 864//864 449//449 862//862
f 862//862 449//449 863//863
f 863//863 449//449 448//448
f 863//863 448//448 174//174
f 174//174 448//448 447//447
f 174//174 447//447 175//175
f 707//707 729//729 436//436
f 837//837 723//723 839//839
f 839//839 723//723 721//721
f 839//839 721//721 841//841
f 830//830 828//828 719//719
f 719//719 828//828 844//844
f 719//719 844//844 721//721
f 721//721 844//844 843//843
f 721//721 843//843 841//841
f 826//826 717//717 824//824
f 824//824 717//717 715//715
f 967//967 968//968 727//727
f 727//727 968//968 969//969
f 727//727 969//969 729//729
f 729//729 969//969 437//437
f 729//729 437//437 436//436
f 849//849 851//851 725//725
f 725//725 851//851 857//857
f 725//725 857//857 856//856
f 826//826 835//835 717//717
f 717//717 835//835 834//834
f 717//717 834//834 719//719
f 719//719 834//834 832//832
f 719//719 832//832 830//830
f 956//956 713//713 958//958
f 958//958 713//713 711//711
f 958//958 711//711 957//957
f 436//436 435//435 707//707
f 707//707 435//435 434//434
f 707//707 434//434 709//709
f 709//709 434//434 960//960
f 709//709 960//960 711//711
f 711//711 960//960 959//959
f 711//711 959//959 957//957
f 727//727 725//725 967//967
f 967//967 725//725 856//856
f 967//967 856//856 970//970
f 970//970 856//856 854//854
f 970//970 854//854 971//971
f 971//971 854//854 852//852
f 971//971 852//852 972//972
f 972//972 852//852 11//11
f 972//972 11//11 10//10
f 837//837 836//836 723//723
f 723//723 836//836 845//845
f 723//723 845//845 725//725
f 725//725 845//845 847//847
f 725//725 847//847 849//849
f 956//956 941//941 713//713
f 713//713 941//941 799//799
f 713//713 799//799 798//798
f 798//798 819//819 713//713
f 713//713 819//819 820//820
f 713//713 820//820 715//715
f 715//715 820//820 821//821
f 715//715 821//821 824//824
f 360//360 963//963 359//359
f 359//359 963//963 962//962
f 438//438 223//223 225//225
f 336//336 328//328 327//327
f 243//243 3//3 305//305
f 438//438 225//225 327//327
f 354//354 336//336 238//238
f 238//238 336//336 327//327
f 238//238 327//327 236//236
f 236//236 327//327 225//225
f 243//243 305//305 238//238
f 238//238 305//305 304//304
f 238//238 304//304 354//354
f 969//969 135//135 437//437
f 437//437 135//135 91//91
f 91//91 95//95 437//437
f 437//437 95//95 65//65
f 437//437 65//65 79//79
f 152//152 148//148 971//971
f 145//145 143//143 970//970
f 138//138 137//137 968//968
f 968//968 137//137 969//969
f 969//969 137//137 136//136
f 969//969 136//136 135//135
f 970//970 143//143 967//967
f 143//143 142//142 967//967
f 967//967 142//142 141//141
f 967//967 141//141 968//968
f 968//968 141//141 139//139
f 968//968 139//139 138//138
f 971//971 148//148 970//970
f 970//970 148//148 147//147
f 970//970 147//147 145//145
f 10//10 153//153 972//972
f 972//972 153//153 149//149
f 972//972 149//149 971//971
f 971//971 149//149 151//151
f 971//971 151//151 152//152
f 388//388 386//386 360//360
f 360//360 386//386 963//963
f 392//392 390//390 364//364
f 360//360 362//362 388//388
f 388//388 362//362 361//361
f 388//388 361//361 390//390
f 390//390 361//361 363//363
f 390//390 363//363 364//364
f 386//386 384//384 963//963
f 963//963 384//384 382//382
f 963//963 382//382 368//368
f 382//382 380//380 368//368
f 368//368 380//380 378//378
f 368//368 378//378 369//369
f 369//369 378//378 376//376
f 364//364 374//374 392//392
f 392//392 374//374 365//365
f 392//392 365//365 394//394
f 398//398 371//371 376//376
f 376//376 371//371 370//370
f 376//376 370//370 369//369
f 365//365 366//366 394//394
f 394//394 366//366 373//373
f 394//394 373//373 396//396
f 396//396 373//373 372//372
f 396//396 372//372 398//398
f 398//398 372//372 367//367
f 398//398 367//367 371//371
f 769//769 763//763 765//765
f 765//765 763//763 762//762
f 770//770 764//764 769//769
f 769//769 764//764 763//763
f 768//768 759//759 770//770
f 770//770 759//759 764//764
f 973//973 974//974 975//975
f 975//975 974//974 976//976
f 975//975 976//976 977//977
f 978//978 979//979 975//975
f 975//975 979//979 980//980
f 975//975 980//980 973//973
f 981//981 982//982 975//975
f 975//975 982//982 983//983
f 975//975 983//983 978//978
f 977//977 984//984 975//975
f 975//975 984//984 985//985
f 975//975 985//985 981//981
f 986//986 987//987 988//988
f 988//988 987//987 989//989
f 988//988 989//989 990//990
f 991//991 992//992 988//988
f 988//988 992//992 993//993
f 988//988 993//993 986//986
f 994//994 995//995 988//988
f 988//988 995//995 996//996
f 988//988 996//996 991//991
f 990//990 997//997 988//988
f 988//988 997//997 998//998
f 988//988 998//998 994//994
f 996//996 999//999 991//991
f 991//991 999//999 1000//1000
f 991//991 1000//1000 992//992
f 992//992 1000//1000 1001//1001
f 992//992 1001//1001 993//993
f 993//993 1001//1001 1002//1002
f 993//993 1002//1002 986//986
f 986//986 1002//1002 1003//1003
f 986//986 1003//1003 987//987
f 987//987 1003//1003 1004//1004
f 987//987 1004//1004 989//989
f 989//989 1004//1004 1005//1005
f 989//989 1005//1005 990//990
f 990//990 1005//1005 1006//1006
f 990//990 1006//1006 997//997
f 997//997 1006//1006 1007//1007
f 997//997 1007//1007 998//998
f 998//998 1007//1007 1008//1008
f 998//998 1008//1008 994//994
f 994//994 1008//1008 1009//1009
f 994//994 1009//1009 995//995
f 995//995 1009//1009 1010//1010
f 995//995 1010//1010 996//996
f 996//996 1010//1010 999//999
f 1005//1005 982//982 1006//1006
f 1006//1006 982//982 981//981
f 1006//1006 981//981 1007//1007
f 1007//1007 981//981 985//985
f 1007//1007 985//985 1008//1008
f 1008//1008 985//985 984//984
f 1008//1008 984//984 1009//1009
f 1009//1009 984//984 977//977
f 1009//1009 977//977 1010//1010
f 1010//1010 977//977 976//976
f 1010//1010 976//976 999//999
f 999//999 976//976 974//974
f 999//999 974//974 1000//1000
f 1000//1000 974//974 973//973
f 1000//1000 973//973 1001//1001
f 1001//1001 973//973 980//980
f 1001//1001 980//980 1002//1002
f 1002//1002 980//980 979//979
f 1002//1002 979//979 1003//1003
f 1003//1003 979//979 978//978
f 1003//1003 978//978 1004//1004
f 1004//1004 978//978 983//983
f 1004//1004 983//983 1005//1005
f 1005//1005 983//983 982//982
f 1011//1011 1012//1012 1013//1013
f 1013//1013 1012//1012 1014//1014
f 1013//1013 1014//1014 1015//1015
f 1015//1015 1014//1014 1016//1016
f 1015//1015 1016//1016 1017//1017
f 1017//1017 1016//1016 1018//1018
f 1017//1017 1018//1018 1019//1019
f 1019//1019 1018//1018 1020//1020
f 1019//1019 1020//1020 1021//1021
f 1021//1021 1020//1020 1022//1022
f 1021//1021 1022//1022 1023//1023
f 1023//1023 1022//1022 1024//1024
f 1023//1023 1024//1024 1025//1025
f 1025//1025 1024//1024 1026//1026
f 1025//1025 1026//1026 1027//1027
f 1027//1027 1026//1026 1028//1028
f 1027//1027 1028//1028 1029//1029
f 1028//1028 1030//1030 1029//1029
f 1029//1029 1030//1030 1031//1031
f 1029//1029 1031//1031 1032//1032
f 1032//1032 1031//1031 1033//1033
f 1032//1032 1033//1033 1034//1034
f 1034//1034 1033//1033 1035//1035
f 1034//1034 1035//1035 1036//1036
f 1036//1036 1035//1035 1037//1037
f 1036//1036 1037//1037 1038//1038
f 1038//1038 1037//1037 1039//1039
f 1038//1038 1039//1039 1040//1040
f 1040//1040 1039//1039 1041//1041
f 1040//1040 1041//1041 1042//1042
f 1042//1042 1041//1041 1043//1043
f 1042//1042 1043//1043 1044//1044
f 1044//1044 1043//1043 1045//1045
f 1044//1044 1045//1045 1046//1046
f 1046//1046 1045//1045 1047//1047
f 1046//1046 1047//1047 1011//1011
f 1011//1011 1047//1047 1048//1048
f 1011//1011 1048//1048 1012//1012
f 1049//1049 1028//1028 1050//1050
f 1050//1050 1028//1028 1026//1026
f 1050//1050 1026//1026 1051//1051
f 1051//1051 1026//1026 1024//1024
f 1051//1051 1024//1024 1052//1052
f 1052//1052 1024//1024 1022//1022
f 1052//1052 1022//1022 1053//1053
f 1053//1053 1022//1022 1020//1020
f 1053//1053 1020//1020 1054//1054
f 1054//1054 1020//1020 1018//1018
f 1054//1054 1018//1018 1055//1055
f 1055//1055 1018//1018 1016//1016
f 1055//1055 1016//1016 1056//1056
f 1056//1056 1016//1016 1014//1014
f 1056//1056 1014//1014 1057//1057
f 1057//1057 1014//1014 1012//1012
f 1057//1057 1012//1012 1058//1058
f 1058//1058 1012//1012 1048//1048
f 1058//1058 1048//1048 1059//1059
f 1059//1059 1048//1048 1047//1047
f 1059//1059 1047//1047 1060//1060
f 1060//1060 1047//1047 1045//1045
f 1060//1060 1045//1045 1061//1061
f 1061//1061 1045//1045 1043//1043
f 1061//1061 1043//1043 1062//1062
f 1062//1062 1043//1043 1041//1041
f 1062//1062 1041//1041 1063//1063
f 1063//1063 1041//1041 1039//1039
f 1063//1063 1039//1039 1064//1064
f 1064//1064 1039//1039 1037//1037
f 1064//1064 1037//1037 1065//1065
f 1065//1065 1037//1037 1035//1035
f 1065//1065 1035//1035 1066//1066
f 1066//1066 1035//1035 1033//1033
f 1066//1066 1033//1033 1067//1067
f 1067//1067 1033//1033 1031//1031
f 1067//1067 1031//1031 1068//1068
f 1068//1068 1031//1031 1030//1030
f 1068//1068 1030//1030 1049//1049
f 1049//1049 1030//1030 1028//1028
f 1029//1029 1049//1049 1027//1027
f 1027//1027 1049//1049 1050//1050
f 1027//1027 1050//1050 1025//1025
f 1025//1025 1050//1050 1051//1051
f 1025//1025 1051//1051 1023//1023
f 1023//1023 1051//1051 1052//1052
f 1023//1023 1052//1052 1021//1021
f 1021//1021 1052//1052 1053//1053
f 1021//1021 1053//1053 1019//1019
f 1019//1019 1053//1053 1054//1054
f 1019//1019 1054//1054 1017//1017
f 1017//1017 1054//1054 1055//1055
f 1017//1017 1055//1055 1015//1015
f 1015//1015 1055//1055 1056//1056
f 1015//1015 1056//1056 1013//1013
f 1013//1013 1056//1056 1057//1057
f 1013//1013 1057//1057 1011//1011
f 1057//1057 1058//1058 1011//1011
f 1011//1011 1058//1058 1059//1059
f 1011//1011 1059//1059 1046//1046
f 1046//1046 1059//1059 1060//1060
f 1046//1046 1060//1060 1044//1044
f 1044//1044 1060//1060 1061//1061
f 1044//1044 1061//1061 1042//1042
f 1042//1042 1061//1061 1062//1062
f 1042//1042 1062//1062 1040//1040
f 1040//1040 1062//1062 1063//1063
f 1040//1040 1063//1063 1038//1038
f 1038//1038 1063//1063 1064//1064
f 1038//1038 1064//1064 1036//1036
f 1036//1036 1064//1064 1065//1065
f 1036//1036 1065//1065 1034//1034
f 1034//1034 1065//1065 1066//1066
f 1034//1034 1066//1066 1032//1032
f 1032//1032 1066//1066 1067//1067
f 1032//1032 1067//1067 1029//1029
f 1029//1029 1067//1067 1068//1068
f 1029//1029 1068//1068 1049//1049
f 1069//1069 1070//1070 1071//1071
f 1071//1071 1070//1070 1072//1072
f 1071//1071 1072//1072 1073//1073
f 1073//1073 1072//1072 1074//1074
f 1073//1073 1074//1074 1075//1075
f 1075//1075 1074//1074 1076//1076
f 1075//1075 1076//1076 1077//1077
f 1077//1077 1076//1076 1078//1078
f 1077//1077 1078//1078 1079//1079
f 1079//1079 1078//1078 1080//1080
f 1079//1079 1080//1080 1081//1081
f 1081//1081 1080//1080 1082//1082
f 1081//1081 1082//1082 1083//1083
f 1083//1083 1082//1082 1084//1084
f 1083//1083 1084//1084 1085//1085
f 1085//1085 1084//1084 1086//1086
f 1085//1085 1086//1086 1087//1087
f 1087//1087 1086//1086 1088//1088
f 1087//1087 1088//1088 1089//1089
f 1089//1089 1088//1088 1090//1090
f 1089//1089 1090//1090 1091//1091
f 1091//1091 1090//1090 1092//1092
f 1091//1091 1092//1092 1069//1069
f 1069//1069 1092//1092 1070//1070
f 1093//1093 1094//1094 1095//1095
f 1095//1095 1094//1094 1096//1096
f 1095//1095 1096//1096 1097//1097
f 1097//1097 1096//1096 1098//1098
f 1097//1097 1098//1098 1099//1099
f 1099//1099 1098//1098 1100//1100
f 1099//1099 1100//1100 1101//1101
f 1101//1101 1100//1100 1102//1102
f 1101//1101 1102//1102 1103//1103
f 1103//1103 1102//1102 1104//1104
f 1103//1103 1104//1104 1105//1105
f 1105//1105 1104//1104 1106//1106
f 1105//1105 1106//1106 1107//1107
f 1107//1107 1106//1106 1108//1108
f 1107//1107 1108//1108 1109//1109
f 1109//1109 1108//1108 1110//1110
f 1109//1109 1110//1110 1111//1111
f 1111//1111 1110//1110 1112//1112
f 1111//1111 1112//1112 1113//1113
f 1113//1113 1112//1112 1114//1114
f 1113//1113 1114//1114 1115//1115
f 1115//1115 1114//1114 1116//1116
f 1115//1115 1116//1116 1093//1093
f 1093//1093 1116//1116 1094//1094
f 1070//1070 1098//1098 1072//1072
f 1072//1072 1098//1098 1096//1096
f 1072//1072 1096//1096 1074//1074
f 1074//1074 1096//1096 1094//1094
f 1074//1074 1094//1094 1076//1076
f 1076//1076 1094//1094 1116//1116
f 1076//1076 1116//1116 1078//1078
f 1078//1078 1116//1116 1114//1114
f 1078//1078 1114//1114 1080//1080
f 1080//1080 1114//1114 1112//1112
f 1080//1080 1112//1112 1082//1082
f 1082//1082 1112//1112 1110//1110
f 1082//1082 1110//1110 1084//1084
f 1084//1084 1110//1110 1108//1108
f 1084//1084 1108//1108 1086//1086
f 1086//1086 1108//1108 1106//1106
f 1086//1086 1106//1106 1088//1088
f 1088//1088 1106//1106 1104//1104
f 1088//1088 1104//1104 1090//1090
f 1090//1090 1104//1104 1102//1102
f 1090//1090 1102//1102 1092//1092
f 1092//1092 1102//1102 1100//1100
f 1092//1092 1100//1100 1070//1070
f 1070//1070 1100//1100 1098//1098
f 1091//1091 1101//1101 1089//1089
f 1089//1089 1101//1101 1103//1103
f 1089//1089 1103//1103 1087//1087
f 1087//1087 1103//1103 1105//1105
f 1087//1087 1105//1105 1085//1085
f 1085//1085 1105//1105 1107//1107
f 1085//1085 1107//1107 1083//1083
f 1083//1083 1107//1107 1109//1109
f 1083//1083 1109//1109 1081//1081
f 1081//1081 1109//1109 1111//1111
f 1081//1081 1111//1111 1079//1079
f 1079//1079 1111//1111 1113//1113
f 1079//1079 1113//1113 1077//1077
f 1077//1077 1113//1113 1115//1115
f 1077//1077 1115//1115 1075//1075
f 1075//1075 1115//1115 1093//1093
f 1075//1075 1093//1093 1073//1073
f 1073//1073 1093//1093 1095//1095
f 1073//1073 1095//1095 1071//1071
f 1071//1071 1095//1095 1097//1097
f 1071//1071 1097//1097 1069//1069
f 1069//1069 1097//1097 1099//1099
f 1069//1069 1099//1099 1091//1091
f 1091//1091 1099//1099 1101//1101
f 1117//1117 1118//1118 1119//1119
f 1119//1119 1118//1118 1120//1120
f 1119//1119 1120//1120 1121//1121
f 1122//1122 1123//1123 1119//1119
f 1119//1119 1123//1123 1124//1124
f 1119//1119 1124//1124 1117//1117
f 1125//1125 1126//1126 1119//1119
f 1119//1119 1126//1126 1127//1127
f 1119//1119 1127//1127 1122//1122
f 1121//1121 1128//1128 1119//1119
f 1119//1119 1128//1128 1129//1129
f 1119//1119 1129//1129 1125//1125
f 1130//1130 1131//1131 1132//1132
f 1132//1132 1131//1131 1133//1133
f 1132//1132 1133//1133 1134//1134
f 1135//1135 1136//1136 1132//1132
f 1132//1132 1136//1136 1137//1137
f 1132//1132 1137//1137 1130//1130
f 1138//1138 1139//1139 1132//1132
f 1132//1132 1139//1139 1140//1140
f 1132//1132 1140//1140 1135//1135
f 1134//1134 1141//1141 1132//1132
f 1132//1132 1141//1141 1142//1142
f 1132//1132 1142//1142 1138//1138
f 1127//1127 1140//1140 1122//1122
f 1122//1122 1140//1140 1139//1139
f 1122//1122 1139//1139 1123//1123
f 1123//1123 1139//1139 1138//1138
f 1123//1123 1138//1138 1124//1124
f 1124//1124 1138//1138 1142//1142
f 1124//1124 1142//1142 1117//1117
f 1117//1117 1142//1142 1141//1141
f 1117//1117 1141//1141 1118//1118
f 1118//1118 1141//1141 1134//1134
f 1118//1118 1134//1134 1120//1120
f 1120//1120 1134//1134 1133//1133
f 1120//1120 1133//1133 1121//1121
f 1121//1121 1133//1133 1131//1131
f 1121//1121 1131//1131 1128//1128
f 1128//1128 1131//1131 1130//1130
f 1128//1128 1130//1130 1129//1129
f 1129//1129 1130//1130 1137//1137
f 1129//1129 1137//1137 1125//1125
f 1125//1125 1137//1137 1136//1136
f 1125//1125 1136//1136 1126//1126
f 1126//1126 1136//1136 1135//1135
f 1126//1126 1135//1135 1127//1127
f 1127//1127 1135//1135 1140//1140
f 1143//1143 1144//1144 1145//1145
f 1145//1145 1144//1144 1146//1146
f 1145//1145 1146//1146 1147//1147
f 1148//1148 1149//1149 1145//1145
f 1145//1145 1149//1149 1150//1150
f 1145//1145 1150//1150 1143//1143
f 1151//1151 1152//1152 1145//1145
f 1145//1145 1152//1152 1153//1153
f 1145//1145 1153//1153 1148//1148
f 1147//1147 1154//1154 1145//1145
f 1145//1145 1154//1154 1155//1155
f 1145//1145 1155//1155 1151//1151
f 1156//1156 1157//1157 1158//1158
f 1158//1158 1157//1157 1159//1159
f 1158//1158 1159//1159 1160//1160
f 1161//1161 1162//1162 1158//1158
f 1158//1158 1162//1162 1163//1163
f 1158//1158 1163//1163 1156//1156
f 1164//1164 1165//1165 1158//1158
f 1158//1158 1165//1165 1166//1166
f 1158//1158 1166//1166 1161//1161
f 1160//1160 1167//1167 1158//1158
f 1158//1158 1167//1167 1168//1168
f 1158//1158 1168//1168 1164//1164
f 1166//1166 1169//1169 1161//1161
f 1161//1161 1169//1169 1170//1170
f 1161//1161 1170//1170 1162//1162
f 1162//1162 1170//1170 1171//1171
f 1162//1162 1171//1171 1163//1163
f 1163//1163 1171//1171 1172//1172
f 1163//1163 1172//1172 1156//1156
f 1156//1156 1172//1172 1173//1173
f 1156//1156 1173//1173 1157//1157
f 1157//1157 1173//1173 1174//1174
f 1157//1157 1174//1174 1159//1159
f 1159//1159 1174//1174 1175//1175
f 1159//1159 1175//1175 1160//1160
f 1160//1160 1175//1175 1176//1176
f 1160//1160 1176//1176 1167//1167
f 1167//1167 1176//1176 1177//1177
f 1167//1167 1177//1177 1168//1168
f 1168//1168 1177//1177 1178//1178
f 1168//1168 1178//1178 1164//1164
f 1164//1164 1178//1178 1179//1179
f 1164//1164 1179//1179 1165//1165
f 1165//1165 1179//1179 1180//1180
f 1165//1165 1180//1180 1166//1166
f 1166//1166 1180//1180 1169//1169
f 1175//1175 1152//1152 1176//1176
f 1176//1176 1152//1152 1151//1151
f 1176//1176 1151//1151 1177//1177
f 1177//1177 1151//1151 1155//1155
f 1177//1177 1155//1155 1178//1178
f 1178//1178 1155//1155 1154//1154
f 1178//1178 1154//1154 1179//1179
f 1179//1179 1154//1154 1147//1147
f 1179//1179 1147//1147 1180//1180
f 1180//1180 1147//1147 1146//1146
f 1180//1180 1146//1146 1169//1169
f 1169//1169 1146//1146 1144//1144
f 1169//1169 1144//1144 1170//1170
f 1170//1170 1144//1144 1143//1143
f 1170//1170 1143//1143 1171//1171
f 1171//1171 1143//1143 1150//1150
f 1171//1171 1150//1150 1172//1172
f 1172//1172 1150//1150 1149//1149
f 1172//1172 1149//1149 1173//1173
f 1173//1173 1149//1149 1148//1148
f 1173//1173 1148//1148 1174//1174
f 1174//1174 1148//1148 1153//1153
f 1174//1174 1153//1153 1175//1175
f 1175//1175 1153//1153 1152//1152
f 1181//1181 1182//1182 1183//1183
f 1184//1184 1185//1185 1183//1183
f 1183//1183 1185//1185 1186//1186
f 1183//1183 1186//1186 1181//1181
f 1187//1187 1188//1188 1184//1184
f 1184//1184 1188//1188 1189//1189
f 1184//1184 1189//1189 1185//1185
f 1187//1187 1190//1190 1191//1191
f 1191//1191 1192//1192 1187//1187
f 1187//1187 1192//1192 1193//1193
f 1187//1187 1193//1193 1188//1188
f 1194//1194 1195//1195 1196//1196
f 1197//1197 1198//1198 1199//1199
f 1199//1199 1198//1198 1200//1200
f 1199//1199 1200//1200 1201//1201
f 1194//1194 1196//1196 1202//1202
f 1197//1197 1199//1199 1203//1203
f 1203//1203 1199//1199 1204//1204
f 1203//1203 1204//1204 1205//1205
f 1205//1205 1204//1204 1206//1206
f 1205//1205 1206//1206 1207//1207
f 1207//1207 1206//1206 1208//1208
f 1207//1207 1208//1208 1209//1209
f 1209//1209 1208//1208 1210//1210
f 1209//1209 1210//1210 1211//1211
f 1211//1211 1210//1210 1212//1212
f 1211//1211 1212//1212 1213//1213
f 1213//1213 1212//1212 1214//1214
f 1213//1213 1214//1214 1215//1215
f 1215//1215 1214//1214 1216//1216
f 1215//1215 1216//1216 1217//1217
f 1217//1217 1216//1216 1218//1218
f 1217//1217 1218//1218 1219//1219
f 1219//1219 1218//1218 1220//1220
f 1219//1219 1220//1220 1221//1221
f 1221//1221 1220//1220 1222//1222
f 1221//1221 1222//1222 1223//1223
f 1223//1223 1222//1222 1224//1224
f 1223//1223 1224//1224 1196//1196
f 1196//1196 1224//1224 1225//1225
f 1196//1196 1225//1225 1202//1202
f 1202//1202 1226//1226 1194//1194
f 1194//1194 1226//1226 1195//1195
f 1227//1227 1228//1228 1229//1229
f 1228//1228 1227//1227 1230//1230
f 1231//1231 1232//1232 1233//1233
f 1233//1233 1232//1232 1234//1234
f 1233//1233 1234//1234 1235//1235
f 1235//1235 1234//1234 1236//1236
f 1235//1235 1236//1236 1237//1237
f 1237//1237 1236//1236 1238//1238
f 1237//1237 1238//1238 1229//1229
f 1229//1229 1238//1238 1239//1239
f 1229//1229 1239//1239 1227//1227
f 1240//1240 1241//1241 1242//1242
f 1243//1243 1244//1244 1245//1245
f 1245//1245 1246//1246 1243//1243
f 1243//1243 1246//1246 1247//1247
f 1243//1243 1247//1247 1242//1242
f 1242//1242 1247//1247 1248//1248
f 1242//1242 1248//1248 1240//1240
f 1244//1244 1249//1249 1245//1245
f 1245//1245 1249//1249 1250//1250
f 1251//1251 1252//1252 1253//1253
f 1250//1250 1249//1249 1253//1253
f 1253//1253 1249//1249 1254//1254
f 1253//1253 1254//1254 1251//1251
f 1241//1241 1252//1252 1251//1251
f 1241//1241 1251//1251 1242//1242
f 1242//1242 1251//1251 1254//1254
f 1242//1242 1254//1254 1243//1243
f 1243//1243 1254//1254 1249//1249
f 1243//1243 1249//1249 1244//1244
f 1255//1255 1256//1256 1257//1257
f 1255//1255 1257//1257 1258//1258
f 1258//1258 1257//1257 1259//1259
f 1258//1258 1259//1259 1260//1260
f 1260//1260 1259//1259 1261//1261
f 1260//1260 1261//1261 1262//1262
f 1256//1256 1263//1263 1257//1257
f 1257//1257 1263//1263 1264//1264
f 1257//1257 1264//1264 1259//1259
f 1259//1259 1264//1264 1261//1261
f 1256//1256 1255//1255 1263//1263
f 1263//1263 1255//1255 1265//1265
f 1265//1265 1255//1255 1266//1266
f 1266//1266 1255//1255 1258//1258
f 1266//1266 1258//1258 1267//1267
f 1267//1267 1258//1258 1260//1260
f 1260//1260 1262//1262 1268//1268
f 1268//1268 1269//1269 1260//1260
f 1260//1260 1269//1269 1270//1270
f 1260//1260 1270//1270 1267//1267
f 1271//1271 1272//1272 1273//1273
f 1273//1273 1272//1272 1274//1274
f 1274//1274 1275//1275 1276//1276
f 1274//1274 1276//1276 1273//1273
f 1273//1273 1276//1276 1277//1277
f 1273//1273 1277//1277 1271//1271
f 1278//1278 1228//1228 1279//1279
f 1279//1279 1228//1228 1230//1230
f 1279//1279 1230//1230 1280//1280
f 1280//1280 1230//1230 1281//1281
f 1280//1280 1281//1281 1282//1282
f 1274//1274 1272//1272 1275//1275
f 1275//1275 1272//1272 1280//1280
f 1275//1275 1280//1280 1283//1283
f 1283//1283 1280//1280 1282//1282
f 1284//1284 1201//1201 1285//1285
f 1285//1285 1201//1201 1286//1286
f 1285//1285 1286//1286 1287//1287
f 1287//1287 1288//1288 1285//1285
f 1285//1285 1288//1288 1231//1231
f 1285//1285 1231//1231 1289//1289
f 1289//1289 1231//1231 1233//1233
f 1289//1289 1233//1233 1290//1290
f 1290//1290 1233//1233 1235//1235
f 1290//1290 1235//1235 1291//1291
f 1291//1291 1235//1235 1237//1237
f 1291//1291 1237//1237 1278//1278
f 1278//1278 1237//1237 1229//1229
f 1278//1278 1229//1229 1228//1228
f 1226//1226 1202//1202 1292//1292
f 1292//1292 1202//1202 1225//1225
f 1292//1292 1225//1225 1293//1293
f 1293//1293 1225//1225 1224//1224
f 1293//1293 1224//1224 1294//1294
f 1294//1294 1224//1224 1222//1222
f 1294//1294 1222//1222 1295//1295
f 1295//1295 1222//1222 1220//1220
f 1295//1295 1220//1220 1296//1296
f 1296//1296 1220//1220 1218//1218
f 1296//1296 1218//1218 1297//1297
f 1297//1297 1218//1218 1216//1216
f 1297//1297 1216//1216 1298//1298
f 1298//1298 1216//1216 1214//1214
f 1298//1298 1214//1214 1299//1299
f 1299//1299 1214//1214 1212//1212
f 1299//1299 1212//1212 1300//1300
f 1300//1300 1212//1212 1210//1210
f 1300//1300 1210//1210 1301//1301
f 1301//1301 1210//1210 1208//1208
f 1301//1301 1208//1208 1302//1302
f 1302//1302 1208//1208 1206//1206
f 1302//1302 1206//1206 1303//1303
f 1303//1303 1206//1206 1204//1204
f 1303//1303 1204//1204 1284//1284
f 1284//1284 1204//1204 1199//1199
f 1284//1284 1199//1199 1201//1201
f 1284//1284 1285//1285 1198//1198
f 1198//1198 1285//1285 1252//1252
f 1198//1198 1252//1252 1304//1304
f 1304//1304 1252//1252 1241//1241
f 1304//1304 1241//1241 1305//1305
f 1305//1305 1241//1241 1240//1240
f 1305//1305 1240//1240 1306//1306
f 1306//1306 1240//1240 1248//1248
f 1306//1306 1248//1248 1307//1307
f 1307//1307 1248//1248 1247//1247
f 1253//1253 1232//1232 1250//1250
f 1250//1250 1232//1232 1308//1308
f 1250//1250 1308//1308 1245//1245
f 1245//1245 1308//1308 1309//1309
f 1245//1245 1309//1309 1246//1246
f 1246//1246 1309//1309 1310//1310
f 1246//1246 1310//1310 1247//1247
f 1247//1247 1310//1310 1311//1311
f 1247//1247 1311//1311 1307//1307
f 1265//1265 1266//1266 1188//1188
f 1264//1264 1277//1277 1261//1261
f 1261//1261 1277//1277 1182//1182
f 1188//1188 1266//1266 1189//1189
f 1189//1189 1266//1266 1267//1267
f 1189//1189 1267//1267 1185//1185
f 1185//1185 1267//1267 1270//1270
f 1185//1185 1270//1270 1186//1186
f 1186//1186 1270//1270 1269//1269
f 1186//1186 1269//1269 1181//1181
f 1181//1181 1269//1269 1268//1268
f 1181//1181 1268//1268 1182//1182
f 1182//1182 1268//1268 1262//1262
f 1182//1182 1262//1262 1261//1261
f 1280//1280 1272//1272 1271//1271
f 1271//1271 1277//1277 1280//1280
f 1280//1280 1277//1277 1264//1264
f 1280//1280 1264//1264 1279//1279
f 1279//1279 1264//1264 1263//1263
f 1279//1279 1263//1263 1192//1192
f 1192//1192 1263//1263 1265//1265
f 1192//1192 1265//1265 1193//1193
f 1193//1193 1265//1265 1188//1188
f 1198//1198 1197//1197 1284//1284
f 1284//1284 1197//1197 1203//1203
f 1284//1284 1203//1203 1303//1303
f 1303//1303 1203//1203 1205//1205
f 1303//1303 1205//1205 1302//1302
f 1302//1302 1205//1205 1207//1207
f 1302//1302 1207//1207 1301//1301
f 1301//1301 1207//1207 1209//1209
f 1301//1301 1209//1209 1300//1300
f 1300//1300 1209//1209 1211//1211
f 1300//1300 1211//1211 1299//1299
f 1299//1299 1211//1211 1213//1213
f 1299//1299 1213//1213 1298//1298
f 1298//1298 1213//1213 1215//1215
f 1298//1298 1215//1215 1297//1297
f 1297//1297 1215//1215 1217//1217
f 1297//1297 1217//1217 1296//1296
f 1296//1296 1217//1217 1219//1219
f 1296//1296 1219//1219 1295//1295
f 1295//1295 1219//1219 1221//1221
f 1295//1295 1221//1221 1294//1294
f 1294//1294 1221//1221 1223//1223
f 1294//1294 1223//1223 1293//1293
f 1293//1293 1223//1223 1196//1196
f 1293//1293 1196//1196 1292//1292
f 1292//1292 1196//1196 1195//1195
f 1292//1292 1195//1195 1226//1226
f 1278//1278 1238//1238 1291//1291
f 1291//1291 1238//1238 1236//1236
f 1291//1291 1236//1236 1290//1290
f 1290//1290 1236//1236 1234//1234
f 1290//1290 1234//1234 1289//1289
f 1289//1289 1234//1234 1232//1232
f 1289//1289 1232//1232 1285//1285
f 1285//1285 1232//1232 1253//1253
f 1285//1285 1253//1253 1252//1252
f 1191//1191 1190//1190 1227//1227
f 1192//1192 1191//1191 1279//1279
f 1279//1279 1191//1191 1227//1227
f 1279//1279 1227//1227 1278//1278
f 1278//1278 1227//1227 1239//1239
f 1278//1278 1239//1239 1238//1238
f 1198//1198 1304//1304 1200//1200
f 1200//1200 1304//1304 1312//1312
f 1200//1200 1312//1312 1201//1201
f 1308//1308 1232//1232 1231//1231
f 1308//1308 1231//1231 1313//1313
f 1313//1313 1231//1231 1288//1288
f 1313//1313 1288//1288 1314//1314
f 1314//1314 1288//1288 1287//1287
f 1314//1314 1287//1287 1312//1312
f 1312//1312 1287//1287 1286//1286
f 1312//1312 1286//1286 1201//1201
f 1305//1305 1312//1312 1304//1304
f 1307//1307 1311//1311 1314//1314
f 1314//1314 1311//1311 1310//1310
f 1314//1314 1310//1310 1313//1313
f 1313//1313 1310//1310 1309//1309
f 1313//1313 1309//1309 1308//1308
f 1312//1312 1305//1305 1314//1314
f 1314//1314 1305//1305 1306//1306
f 1314//1314 1306//1306 1307//1307
f 1276//1276 1275//1275 1283//1283
f 1183//1183 1182//1182 1277//1277
f 1227//1227 1190//1190 1230//1230
f 1230//1230 1190//1190 1187//1187
f 1277//1277 1276//1276 1183//1183
f 1183//1183 1276//1276 1283//1283
f 1183//1183 1283//1283 1184//1184
f 1184//1184 1283//1283 1282//1282
f 1184//1184 1282//1282 1187//1187
f 1187//1187 1282//1282 1281//1281
f 1187//1187 1281//1281 1230//1230
f 1315//1315 1316//1316 1317//1317
f 1317//1317 1316//1316 1318//1318
f 1318//1318 1319//1319 1317//1317
f 1317//1317 1319//1319 1320//1320
f 1317//1317 1320//1320 1321//1321
f 1321//1321 1322//1322 1317//1317
f 1317//1317 1322//1322 1323//1323
f 1317//1317 1323//1323 1324//1324
f 1324//1324 1323//1323 1325//1325
f 1326//1326 1327//1327 1328//1328
f 1315//1315 1317//1317 1328//1328
f 1328//1328 1317//1317 1329//1329
f 1328//1328 1329//1329 1326//1326
f 1327//1327 1330//1330 1328//1328
f 1328//1328 1330//1330 1331//1331
f 1328//1328 1331//1331 1332//1332
f 1332//1332 1333//1333 1328//1328
f 1328//1328 1333//1333 1334//1334
f 1328//1328 1334//1334 1335//1335
f 1335//1335 1334//1334 1336//1336
f 1335//1335 1336//1336 1337//1337
f 1337//1337 1336//1336 1338//1338
f 1336//1336 1334//1334 1339//1339
f 1333//1333 1332//1332 1339//1339
f 1331//1331 1330//1330 1339//1339
f 1327//1327 1326//1326 1339//1339
f 1329//1329 1317//1317 1339//1339
f 1324//1324 1325//1325 1339//1339
f 1323//1323 1322//1322 1339//1339
f 1321//1321 1320//1320 1339//1339
f 1319//1319 1318//1318 1339//1339
f 1316//1316 1315//1315 1339//1339
f 1339//1339 1335//1335 1337//1337
f 1338//1338 1339//1339 1337//1337
f 1328//1328 1335//1335 1339//1339
f 1315//1315 1328//1328 1339//1339
f 1318//1318 1316//1316 1339//1339
f 1320//1320 1319//1319 1339//1339
f 1322//1322 1321//1321 1339//1339
f 1325//1325 1323//1323 1339//1339
f 1317//1317 1324//1324 1339//1339
f 1326//1326 1329//1329 1339//1339
f 1330//1330 1327//1327 1339//1339
f 1332//1332 1331//1331 1339//1339
f 1334//1334 1333//1333 1339//1339
f 1338//1338 1336//1336 1339//1339

